Video,Label,Prediction
/home/tianlong/Downloads//test/myvwyfdnxu.mp4,0,0.32022482
/home/tianlong/Downloads//test/uxgkqpiykp.mp4,0,0.16164364
/home/tianlong/Downloads//test/qyscponfaf.mp4,0,0.060504336
/home/tianlong/Downloads//test/tmgmbnzrrz.mp4,0,0.22976874
/home/tianlong/Downloads//test/wfmeffvvce.mp4,0,0.16232464
/home/tianlong/Downloads//test/fwrcfaglhz.mp4,0,0.23522238
/home/tianlong/Downloads//test/itfzfpuilx.mp4,0,0.061860472
/home/tianlong/Downloads//test/wupoiiknff.mp4,0,0.11096511
/home/tianlong/Downloads//test/dscprfjses.mp4,0,0.09344969
/home/tianlong/Downloads//test/ofntcunuqn.mp4,0,0.08881294
/home/tianlong/Downloads//test/imnzannmcr.mp4,0,0.16411473
/home/tianlong/Downloads//test/jidkzoagws.mp4,0,0.19007476
/home/tianlong/Downloads//test/nkpqkddsgt.mp4,0,0.3808709
/home/tianlong/Downloads//test/xqmrrciral.mp4,0,0.2124935
/home/tianlong/Downloads//test/ykfllpyawg.mp4,0,0.10531923
/home/tianlong/Downloads//test/bpieoyctzo.mp4,0,0.05137213
/home/tianlong/Downloads//test/wjrepvzlsv.mp4,0,0.15852387
/home/tianlong/Downloads//test/voucpidonq.mp4,0,0.2516187
/home/tianlong/Downloads//test/fxfxtrrkeq.mp4,0,0.12971964
/home/tianlong/Downloads//test/qggfpdkyzi.mp4,0,0.13283102
/home/tianlong/Downloads//test/xyucutnxhz.mp4,0,0.17582758
/home/tianlong/Downloads//test/rkxepdkger.mp4,0,0.08600786
/home/tianlong/Downloads//test/fxxpxoqoxp.mp4,0,0.071589075
/home/tianlong/Downloads//test/jkxxwfycsj.mp4,0,0.1555094
/home/tianlong/Downloads//test/qbearsyziz.mp4,0,0.13054383
/home/tianlong/Downloads//test/kyrbveruev.mp4,0,0.11592124
/home/tianlong/Downloads//test/pdyrvsvwyi.mp4,0,0.19227616
/home/tianlong/Downloads//test/bpxxmxuvuy.mp4,0,0.15007162
/home/tianlong/Downloads//test/ekxsduhvwh.mp4,0,0.052052066
/home/tianlong/Downloads//test/ocsqqqduxx.mp4,0,0.08212477
/home/tianlong/Downloads//test/qufzdwetss.mp4,0,0.11356624
/home/tianlong/Downloads//test/vwqrtxbwye.mp4,0,0.35372925
/home/tianlong/Downloads//test/zuduvanawx.mp4,0,0.16195808
/home/tianlong/Downloads//test/rkjhxvdnsv.mp4,0,0.5661462
/home/tianlong/Downloads//test/hpcivouyku.mp4,0,0.14713795
/home/tianlong/Downloads//test/vgndywbmgf.mp4,0,0.2586129
/home/tianlong/Downloads//test/hfgczdzbix.mp4,0,0.03508523
/home/tianlong/Downloads//test/rwehwmmutn.mp4,0,0.108118504
/home/tianlong/Downloads//test/jyfnzyvznx.mp4,0,0.06547583
/home/tianlong/Downloads//test/jxpodcendq.mp4,0,0.108145975
/home/tianlong/Downloads//test/kgynainlug.mp4,0,0.061461803
/home/tianlong/Downloads//test/hqgervpkkf.mp4,0,0.114208676
/home/tianlong/Downloads//test/defeqlyysh.mp4,0,0.15623663
/home/tianlong/Downloads//test/xzkwbswkao.mp4,0,0.090447
/home/tianlong/Downloads//test/hhdblnxhtj.mp4,0,0.13956577
/home/tianlong/Downloads//test/oaptmwroki.mp4,0,0.10685646
/home/tianlong/Downloads//test/djlkkqmjkk.mp4,0,0.12440612
/home/tianlong/Downloads//test/motfposykz.mp4,0,0.23505318
/home/tianlong/Downloads//test/shvfupmrho.mp4,0,0.3765185
/home/tianlong/Downloads//test/escwmsthiz.mp4,0,0.0485141
/home/tianlong/Downloads//test/ctpypmzfnl.mp4,0,0.21910305
/home/tianlong/Downloads//test/sjqrdyzkgl.mp4,0,0.2759864
/home/tianlong/Downloads//test/ddrjnwlugg.mp4,0,0.19219221
/home/tianlong/Downloads//test/hxfqltenqh.mp4,0,0.18766333
/home/tianlong/Downloads//test/umerhoubxw.mp4,0,0.12684466
/home/tianlong/Downloads//test/jxrpqynwlt.mp4,0,0.26279667
/home/tianlong/Downloads//test/hprzotbjtj.mp4,0,0.077681676
/home/tianlong/Downloads//test/cqewayywpg.mp4,0,0.41664407
/home/tianlong/Downloads//test/nvptcoxzah.mp4,0,0.16936426
/home/tianlong/Downloads//test/uvzlfuxalu.mp4,0,0.2470762
/home/tianlong/Downloads//test/mfcbgbcuvb.mp4,0,0.06235121
/home/tianlong/Downloads//test/tmtoypmqwt.mp4,0,0.16356675
/home/tianlong/Downloads//test/bsjucwhlrj.mp4,0,0.09731242
/home/tianlong/Downloads//test/hlsubhyoea.mp4,0,0.08114334
/home/tianlong/Downloads//test/deslnszgpy.mp4,0,0.10873073
/home/tianlong/Downloads//test/tfwdbkwvgz.mp4,0,0.078272305
/home/tianlong/Downloads//test/ufxafdxpat.mp4,0,0.14935036
/home/tianlong/Downloads//test/lmacrzidyh.mp4,0,0.06902612
/home/tianlong/Downloads//test/wyiajvmitt.mp4,0,0.1378044
/home/tianlong/Downloads//test/xbdnqfbxcv.mp4,0,0.20047684
/home/tianlong/Downloads//test/mhfnldxixw.mp4,0,0.17586277
/home/tianlong/Downloads//test/pfiigjlcct.mp4,0,0.049673844
/home/tianlong/Downloads//test/ldtibsniik.mp4,0,0.05909729
/home/tianlong/Downloads//test/gwzttezkpv.mp4,0,0.1527525
/home/tianlong/Downloads//test/pevmkpamhv.mp4,0,0.070483536
/home/tianlong/Downloads//test/zcfpsnaujx.mp4,0,0.4520541
/home/tianlong/Downloads//test/slvcfpalev.mp4,0,0.092465036
/home/tianlong/Downloads//test/ctdwtfcjei.mp4,0,0.06348316
/home/tianlong/Downloads//test/vxwsisekmb.mp4,0,0.07108997
/home/tianlong/Downloads//test/pkoadvlpga.mp4,0,0.1675049
/home/tianlong/Downloads//test/ofapaanpkl.mp4,0,0.1799144
/home/tianlong/Downloads//test/huzryvwrfa.mp4,0,0.11824582
/home/tianlong/Downloads//test/knjoasqzvt.mp4,0,0.08600932
/home/tianlong/Downloads//test/cedpyannqf.mp4,0,0.08840781
/home/tianlong/Downloads//test/mdwtpvlbrz.mp4,0,0.15995987
/home/tianlong/Downloads//test/hfcxlucrbj.mp4,0,0.11790737
/home/tianlong/Downloads//test/wbsajsyaej.mp4,0,0.069126464
/home/tianlong/Downloads//test/tbqrwehekx.mp4,0,0.30723134
/home/tianlong/Downloads//test/shslgpeisw.mp4,0,0.46366572
/home/tianlong/Downloads//test/epgfqrvwlr.mp4,0,0.20208956
/home/tianlong/Downloads//test/fduhwlydlg.mp4,0,0.18288589
/home/tianlong/Downloads//test/cpmridjxbc.mp4,0,0.048698965
/home/tianlong/Downloads//test/kphflojove.mp4,0,0.34438136
/home/tianlong/Downloads//test/hlcpwfwcyw.mp4,0,0.20202784
/home/tianlong/Downloads//test/bpeemkcxad.mp4,0,0.33185914
/home/tianlong/Downloads//test/jkadnvoqhk.mp4,0,0.116245
/home/tianlong/Downloads//test/lzzpsosige.mp4,0,0.34052217
/home/tianlong/Downloads//test/pxtwhbaxjq.mp4,0,0.14188467
/home/tianlong/Downloads//test/pxgcsltbuo.mp4,0,0.091731906
/home/tianlong/Downloads//test/gmepmwcgwg.mp4,0,0.04525234
/home/tianlong/Downloads//test/tnetytnegv.mp4,0,0.096671306
/home/tianlong/Downloads//test/sxmqvznwwq.mp4,0,0.08716562
/home/tianlong/Downloads//test/partcfzlbj.mp4,0,0.1326234
/home/tianlong/Downloads//test/tnkmovifrb.mp4,0,0.22235678
/home/tianlong/Downloads//test/dpgznlwvpx.mp4,0,0.1157988
/home/tianlong/Downloads//test/mbpbbekqks.mp4,0,0.36648273
/home/tianlong/Downloads//test/hdbejalgtx.mp4,0,0.12421652
/home/tianlong/Downloads//test/bmdiaytrcm.mp4,0,0.072483495
/home/tianlong/Downloads//test/yghxoihrle.mp4,0,0.09825703
/home/tianlong/Downloads//test/vcgelshrli.mp4,0,0.054311644
/home/tianlong/Downloads//test/yvdnbmbwyh.mp4,0,0.306256
/home/tianlong/Downloads//test/kmakhupeac.mp4,0,0.503081
/home/tianlong/Downloads//test/ccevbixrwu.mp4,0,0.09664029
/home/tianlong/Downloads//test/edavfjsjzw.mp4,0,0.071693055
/home/tianlong/Downloads//test/znmzmierff.mp4,0,0.052365582
/home/tianlong/Downloads//test/kiotoqmmfj.mp4,0,0.4918979
/home/tianlong/Downloads//test/nqctdktbtb.mp4,0,0.16536556
/home/tianlong/Downloads//test/inneixkosf.mp4,0,0.4115012
/home/tianlong/Downloads//test/occrrsyizc.mp4,0,0.055264533
/home/tianlong/Downloads//test/zfecmsiodq.mp4,0,0.087718375
/home/tianlong/Downloads//test/haknpmhigp.mp4,0,0.07435689
/home/tianlong/Downloads//test/zjbwxmmrgk.mp4,0,0.06827476
/home/tianlong/Downloads//test/qgpabkriss.mp4,0,0.18804519
/home/tianlong/Downloads//test/liureznisp.mp4,0,0.14894922
/home/tianlong/Downloads//test/bzdywpajvr.mp4,0,0.09990933
/home/tianlong/Downloads//test/jniytngcmy.mp4,0,0.13826603
/home/tianlong/Downloads//test/idklchvhxp.mp4,0,0.37517354
/home/tianlong/Downloads//test/pijzjjchqn.mp4,0,0.1425219
/home/tianlong/Downloads//test/pjnsejazpl.mp4,0,0.06576922
/home/tianlong/Downloads//test/gpaqoqegbn.mp4,0,0.065204024
/home/tianlong/Downloads//test/xsxwrwvfkg.mp4,0,0.10064858
/home/tianlong/Downloads//test/arwefyghir.mp4,0,0.36050805
/home/tianlong/Downloads//test/ptgvxdueef.mp4,0,0.19436242
/home/tianlong/Downloads//test/plljpjscih.mp4,0,0.05368988
/home/tianlong/Downloads//test/jozfaxodnx.mp4,0,0.09196842
/home/tianlong/Downloads//test/girdwtjwsr.mp4,0,0.19618557
/home/tianlong/Downloads//test/jbaahohsns.mp4,0,0.14739157
/home/tianlong/Downloads//test/uetfcmaryk.mp4,0,0.10648966
/home/tianlong/Downloads//test/oqbltrmhvt.mp4,0,0.2839447
/home/tianlong/Downloads//test/dvtzvkcrku.mp4,0,0.42621362
/home/tianlong/Downloads//test/qjilklnynm.mp4,0,0.06411851
/home/tianlong/Downloads//test/tcsdjwbihw.mp4,0,0.20929337
/home/tianlong/Downloads//test/zhftwvtutp.mp4,0,0.06827893
/home/tianlong/Downloads//test/xgktqwvknw.mp4,0,0.13868009
/home/tianlong/Downloads//test/cdeesuuuqz.mp4,0,0.18915917
/home/tianlong/Downloads//test/ymngcysczs.mp4,0,0.03156836
/home/tianlong/Downloads//test/gctyynjruz.mp4,0,0.19073395
/home/tianlong/Downloads//test/vkirqaiuoc.mp4,0,0.11540385
/home/tianlong/Downloads//test/ykywskdwlc.mp4,0,0.19242865
/home/tianlong/Downloads//test/verpxkucoi.mp4,0,0.15662229
/home/tianlong/Downloads//test/gpsqelalbp.mp4,0,0.0849359
/home/tianlong/Downloads//test/paorozwtbf.mp4,0,0.14001058
/home/tianlong/Downloads//test/iaaecuquha.mp4,0,0.14079674
/home/tianlong/Downloads//test/lmgdjtzwau.mp4,0,0.2448047
/home/tianlong/Downloads//test/tayykmblhg.mp4,0,0.19203018
/home/tianlong/Downloads//test/hpurahupjh.mp4,0,0.2085383
/home/tianlong/Downloads//test/uutxmgqajd.mp4,0,0.4036692
/home/tianlong/Downloads//test/rbkcpkwhjn.mp4,0,0.19593702
/home/tianlong/Downloads//test/wtnloygygs.mp4,0,0.22573675
/home/tianlong/Downloads//test/biborxaekt.mp4,0,0.06683413
/home/tianlong/Downloads//test/drlnvwvvuw.mp4,0,0.32271597
/home/tianlong/Downloads//test/axutpjywuu.mp4,0,0.043876294
/home/tianlong/Downloads//test/jbcnsmlysc.mp4,0,0.096125096
/home/tianlong/Downloads//test/ilzhgraxpl.mp4,0,0.13934384
/home/tianlong/Downloads//test/cwqhzuhjol.mp4,0,0.09727705
/home/tianlong/Downloads//test/tlzordotqw.mp4,0,0.3684686
/home/tianlong/Downloads//test/hdauuytvhx.mp4,0,0.07306374
/home/tianlong/Downloads//test/rtiyduycrn.mp4,0,0.16593534
/home/tianlong/Downloads//test/mdsmgzaltc.mp4,0,0.31768504
/home/tianlong/Downloads//test/mnlxxoicoo.mp4,0,0.058572073
/home/tianlong/Downloads//test/ksfuiztwuc.mp4,0,0.22885464
/home/tianlong/Downloads//test/tpjydgkvdt.mp4,0,0.07371443
/home/tianlong/Downloads//test/nmjesbwiux.mp4,0,0.099587165
/home/tianlong/Downloads//test/egzfaoiuwo.mp4,0,0.059392262
/home/tianlong/Downloads//test/ucmfbukrkj.mp4,0,0.055368144
/home/tianlong/Downloads//test/aoqzxlwvmi.mp4,0,0.28822228
/home/tianlong/Downloads//test/zzjfzeuizr.mp4,0,0.20551175
/home/tianlong/Downloads//test/aunokqsmrt.mp4,0,0.111948885
/home/tianlong/Downloads//test/kudvvlgiff.mp4,0,0.09663094
/home/tianlong/Downloads//test/qqwsabrgxh.mp4,0,0.061641365
/home/tianlong/Downloads//test/pvsslamopo.mp4,0,0.11945657
/home/tianlong/Downloads//test/kawxnfacqs.mp4,0,0.12891953
/home/tianlong/Downloads//test/lxeqbyddvt.mp4,0,0.09634613
/home/tianlong/Downloads//test/zylribcaeu.mp4,0,0.09707246
/home/tianlong/Downloads//test/sghdekqnnn.mp4,0,0.07475264
/home/tianlong/Downloads//test/msbqgoxxlh.mp4,0,0.17751561
/home/tianlong/Downloads//test/ubbzrfgzer.mp4,0,0.09704765
/home/tianlong/Downloads//test/vuofhivyfs.mp4,0,0.3483331
/home/tianlong/Downloads//test/xirrbpmlja.mp4,0,0.47093806
/home/tianlong/Downloads//test/appvffejyy.mp4,0,0.149781
/home/tianlong/Downloads//test/nzepxsbotb.mp4,0,0.13027559
/home/tianlong/Downloads//test/nkqkvwpghi.mp4,0,0.17008089
/home/tianlong/Downloads//test/vdvffooule.mp4,0,0.31052962
/home/tianlong/Downloads//test/rayhrvqorn.mp4,0,0.06368219
/home/tianlong/Downloads//test/cslfapvyjv.mp4,0,0.10743052
/home/tianlong/Downloads//test/rmygsfjyvt.mp4,0,0.23081692
/home/tianlong/Downloads//test/yhbhhibwzo.mp4,0,0.36878148
/home/tianlong/Downloads//test/vlxfyuzygn.mp4,0,0.1946996
/home/tianlong/Downloads//test/zefqhoewww.mp4,0,0.040454675
/home/tianlong/Downloads//test/vptrrrmhyb.mp4,0,0.1724912
/home/tianlong/Downloads//test/cefolmrrlx.mp4,0,0.08169984
/home/tianlong/Downloads//test/xzmplldajk.mp4,0,0.060742747
/home/tianlong/Downloads//test/hrznynemfj.mp4,0,0.15527813
/home/tianlong/Downloads//test/tkxblcleyd.mp4,0,0.124118365
/home/tianlong/Downloads//test/tlxgwzheli.mp4,0,0.08090701
/home/tianlong/Downloads//test/qvgutokvct.mp4,0,0.25467348
/home/tianlong/Downloads//test/tcwyxrvdpe.mp4,0,0.09562168
/home/tianlong/Downloads//test/jwrypvpvpx.mp4,0,0.16196586
/home/tianlong/Downloads//test/bpyjsrjcro.mp4,0,0.18506896
/home/tianlong/Downloads//test/avteqdmbob.mp4,0,0.16934729
/home/tianlong/Downloads//test/aaivbtdyjn.mp4,0,0.27968508
/home/tianlong/Downloads//test/pokctfragw.mp4,0,0.051056575
/home/tianlong/Downloads//test/vgdllmzjcw.mp4,0,0.09468006
/home/tianlong/Downloads//test/zdlhavfmit.mp4,0,0.10185897
/home/tianlong/Downloads//test/yupsrmckii.mp4,0,0.37100074
/home/tianlong/Downloads//test/pobpsxjbzg.mp4,0,0.08227593
/home/tianlong/Downloads//test/lkvouattut.mp4,0,0.15725829
/home/tianlong/Downloads//test/anjzzdyhno.mp4,0,0.06231092
/home/tianlong/Downloads//test/jvihmimqca.mp4,0,0.2776079
/home/tianlong/Downloads//test/wnoitecfmf.mp4,0,0.22324836
/home/tianlong/Downloads//test/gbvllwqbjl.mp4,0,0.12835161
/home/tianlong/Downloads//test/gzabjmglim.mp4,0,0.14359109
/home/tianlong/Downloads//test/paqcbtdulm.mp4,0,0.09336702
/home/tianlong/Downloads//test/jcbbrqaaaq.mp4,0,0.21756347
/home/tianlong/Downloads//test/nsavbywhlu.mp4,0,0.10948145
/home/tianlong/Downloads//test/zwfebeiqat.mp4,0,0.05689626
/home/tianlong/Downloads//test/pimrsfwcwm.mp4,0,0.12744655
/home/tianlong/Downloads//test/mrvdmwcblt.mp4,0,0.27127284
/home/tianlong/Downloads//test/hedetzyqpu.mp4,0,0.10616067
/home/tianlong/Downloads//test/qytaiboeep.mp4,0,0.070035495
/home/tianlong/Downloads//test/famavifufv.mp4,0,0.0848177
/home/tianlong/Downloads//test/hnselekxwv.mp4,0,0.24824895
/home/tianlong/Downloads//test/emgciwmtuj.mp4,0,0.094382554
/home/tianlong/Downloads//test/wbmvbetcdm.mp4,0,0.07281669
/home/tianlong/Downloads//test/mpvnvvihzp.mp4,0,0.23290603
/home/tianlong/Downloads//test/zelgpxflfe.mp4,0,0.33222803
/home/tianlong/Downloads//test/lhjcdavmmg.mp4,0,0.1937445
/home/tianlong/Downloads//test/rxtqqoncwj.mp4,0,0.24125606
/home/tianlong/Downloads//test/shrpamtirw.mp4,0,0.087741144
/home/tianlong/Downloads//test/qhzlgrtgto.mp4,0,0.11997166
/home/tianlong/Downloads//test/uuzyzglejw.mp4,0,0.17712396
/home/tianlong/Downloads//test/bmnpqrwnex.mp4,0,0.045638997
/home/tianlong/Downloads//test/dtssdnhgiw.mp4,0,0.16373347
/home/tianlong/Downloads//test/rlhmppiklf.mp4,0,0.23378827
/home/tianlong/Downloads//test/sswhgeqjrt.mp4,0,0.2830891
/home/tianlong/Downloads//test/emxqsgqtdz.mp4,0,0.16321464
/home/tianlong/Downloads//test/bcwtjzsutw.mp4,0,0.1225467
/home/tianlong/Downloads//test/uomfimsutw.mp4,0,0.3492372
/home/tianlong/Downloads//test/mztlucosuc.mp4,0,0.27708557
/home/tianlong/Downloads//test/ntcfyojagi.mp4,0,0.15356459
/home/tianlong/Downloads//test/wrbuiboyat.mp4,0,0.19986863
/home/tianlong/Downloads//test/xiqecarvpb.mp4,0,0.07091788
/home/tianlong/Downloads//test/fcvzlzfufb.mp4,0,0.060803667
/home/tianlong/Downloads//test/savqrjnncg.mp4,0,0.14184192
/home/tianlong/Downloads//test/icqmqztbry.mp4,0,0.052786488
/home/tianlong/Downloads//test/zzrmokkxka.mp4,0,0.2772719
/home/tianlong/Downloads//test/btgxrrldio.mp4,0,0.15255378
/home/tianlong/Downloads//test/zdnepyqjiy.mp4,0,0.14110786
/home/tianlong/Downloads//test/fybiztpnrc.mp4,0,0.22901674
/home/tianlong/Downloads//test/parqhrknkf.mp4,0,0.4486362
/home/tianlong/Downloads//test/tvffpggbrc.mp4,0,0.17291678
/home/tianlong/Downloads//test/rtpuwtrxsr.mp4,0,0.1656579
/home/tianlong/Downloads//test/tgmqfzsznf.mp4,0,0.046602294
/home/tianlong/Downloads//test/eqabuehals.mp4,0,0.114984415
/home/tianlong/Downloads//test/ikebomnsiq.mp4,0,0.3123179
/home/tianlong/Downloads//test/wfzxrfxohw.mp4,0,0.11055147
/home/tianlong/Downloads//test/dqfgwejsvm.mp4,0,0.04013103
/home/tianlong/Downloads//test/lxadgjqzbf.mp4,0,0.07846438
/home/tianlong/Downloads//test/tdahgbtenl.mp4,0,0.42189106
/home/tianlong/Downloads//test/bivzhsmrqo.mp4,0,0.11715784
/home/tianlong/Downloads//test/vzxluflrhn.mp4,0,0.12091265
/home/tianlong/Downloads//test/ikmsdmynbf.mp4,0,0.08271455
/home/tianlong/Downloads//test/kuqbgbrypa.mp4,0,0.28685626
/home/tianlong/Downloads//test/nfstajzaot.mp4,0,0.086814724
/home/tianlong/Downloads//test/dultiznosk.mp4,0,0.050661463
/home/tianlong/Downloads//test/ckqfqernbf.mp4,0,0.120987125
/home/tianlong/Downloads//test/kbdwudhhwf.mp4,0,0.14284322
/home/tianlong/Downloads//test/hqpjmwyygq.mp4,0,0.22215898
/home/tianlong/Downloads//test/tjyuudtkme.mp4,0,0.0745951
/home/tianlong/Downloads//test/tihgxlmfcj.mp4,0,0.058373574
/home/tianlong/Downloads//test/sgdnbofecu.mp4,0,0.14967938
/home/tianlong/Downloads//test/pgamqeolau.mp4,0,0.12997581
/home/tianlong/Downloads//test/ijeqomctsa.mp4,0,0.07977134
/home/tianlong/Downloads//test/ppruxbqpmc.mp4,0,0.1323335
/home/tianlong/Downloads//test/hkvfyeacje.mp4,0,0.1548898
/home/tianlong/Downloads//test/zqrzqekofe.mp4,0,0.106145315
/home/tianlong/Downloads//test/iwzbgmtsuh.mp4,0,0.080746256
/home/tianlong/Downloads//test/dbixwxtuxs.mp4,0,0.16520429
/home/tianlong/Downloads//test/cepqcoseaj.mp4,0,0.06034659
/home/tianlong/Downloads//test/gypapuqdrx.mp4,0,0.44783783
/home/tianlong/Downloads//test/djhhnixfyi.mp4,0,0.062298883
/home/tianlong/Downloads//test/fkarxowzuf.mp4,0,0.10399869
/home/tianlong/Downloads//test/gfxnuidfgl.mp4,0,0.06700829
/home/tianlong/Downloads//test/vsreebjsfs.mp4,0,0.16449645
/home/tianlong/Downloads//test/manqchicur.mp4,0,0.17805018
/home/tianlong/Downloads//test/gztffgsxpt.mp4,0,0.08884668
/home/tianlong/Downloads//test/jdzkykqgsx.mp4,0,0.08680737
/home/tianlong/Downloads//test/cvbubcwkkl.mp4,0,0.11467614
/home/tianlong/Downloads//test/bgqhldvsgc.mp4,0,0.042213265
/home/tianlong/Downloads//test/blqgpxokwq.mp4,0,0.1530354
/home/tianlong/Downloads//test/cxvayntesu.mp4,0,0.06419555
/home/tianlong/Downloads//test/dxepehnhgm.mp4,0,0.08809469
/home/tianlong/Downloads//test/bcgjlsupne.mp4,0,0.103709996
/home/tianlong/Downloads//test/uhynwthfhf.mp4,0,0.21269363
/home/tianlong/Downloads//test/gocrdvihos.mp4,0,0.10046027
/home/tianlong/Downloads//test/gtyvtbojpp.mp4,0,0.048797328
/home/tianlong/Downloads//test/eqtwkqxolz.mp4,0,0.08986246
/home/tianlong/Downloads//test/arwiyweadv.mp4,0,0.17754734
/home/tianlong/Downloads//test/mlizcisxro.mp4,0,0.049627155
/home/tianlong/Downloads//test/miiymgajty.mp4,0,0.16405761
/home/tianlong/Downloads//test/ragjclplkx.mp4,0,0.05399789
/home/tianlong/Downloads//test/wxrfuemtxj.mp4,0,0.06081359
/home/tianlong/Downloads//test/xxupwwukoh.mp4,0,0.08995843
/home/tianlong/Downloads//test/qdantvtdji.mp4,0,0.1829648
/home/tianlong/Downloads//test/oqehnuhbwa.mp4,0,0.42443895
/home/tianlong/Downloads//test/yzqbwkwxsn.mp4,0,0.19035654
/home/tianlong/Downloads//test/osjaqtkkdt.mp4,0,0.0761658
/home/tianlong/Downloads//test/nthlmvjxac.mp4,0,0.11810926
/home/tianlong/Downloads//test/dpegbdzijf.mp4,0,0.071267135
/home/tianlong/Downloads//test/ezgusylcyf.mp4,0,0.3050895
/home/tianlong/Downloads//test/isxxybhuls.mp4,0,0.34193397
/home/tianlong/Downloads//test/dbqbwrcvjk.mp4,0,0.2349612
/home/tianlong/Downloads//test/qqrvyhjznq.mp4,0,0.08304859
/home/tianlong/Downloads//test/ohdtmpzbtp.mp4,0,0.062422086
/home/tianlong/Downloads//test/oupztxzdln.mp4,0,0.15874666
/home/tianlong/Downloads//test/snidpujjti.mp4,0,0.24037568
/home/tianlong/Downloads//test/yoxdseoukl.mp4,0,0.34079027
/home/tianlong/Downloads//test/bxsdnqizii.mp4,0,0.16499843
/home/tianlong/Downloads//test/ihszkmcwvw.mp4,0,0.1052632
/home/tianlong/Downloads//test/rgrqhjtoby.mp4,0,0.06525452
/home/tianlong/Downloads//test/vqibhetnwa.mp4,0,0.22979814
/home/tianlong/Downloads//test/rkqqgwurqt.mp4,0,0.21581268
/home/tianlong/Downloads//test/axdepsfowg.mp4,0,0.07656755
/home/tianlong/Downloads//test/dcpmipuapc.mp4,0,0.18091668
/home/tianlong/Downloads//test/ncjqganhal.mp4,0,0.11882452
/home/tianlong/Downloads//test/qnbnlmpqpu.mp4,0,0.3377684
/home/tianlong/Downloads//test/ieoervpooz.mp4,0,0.3083667
/home/tianlong/Downloads//test/fscyfygpyk.mp4,0,0.08124513
/home/tianlong/Downloads//test/pitpjawwwp.mp4,0,0.16481756
/home/tianlong/Downloads//test/geturetbpy.mp4,0,0.3916972
/home/tianlong/Downloads//test/kwsraaqime.mp4,0,0.18484147
/home/tianlong/Downloads//test/lhgoghqmub.mp4,0,0.104266115
/home/tianlong/Downloads//test/kdmonvkpqd.mp4,0,0.5576913
/home/tianlong/Downloads//test/wrcelewmpa.mp4,0,0.2373165
/home/tianlong/Downloads//test/bxqgvzamnx.mp4,0,0.10830318
/home/tianlong/Downloads//test/nliofvksed.mp4,0,0.4863515
/home/tianlong/Downloads//test/mwjnvghsbe.mp4,0,0.12817219
/home/tianlong/Downloads//test/ygiscbckjl.mp4,0,0.092120476
/home/tianlong/Downloads//test/wscclwhfsr.mp4,0,0.18714972
/home/tianlong/Downloads//test/hddminxrhw.mp4,0,0.2904007
/home/tianlong/Downloads//test/ncrkggcdqp.mp4,0,0.3186706
/home/tianlong/Downloads//test/xjinzawywt.mp4,0,0.13131995
/home/tianlong/Downloads//test/korrsqtkke.mp4,0,0.14055948
/home/tianlong/Downloads//test/tskjnnvjsa.mp4,0,0.13446678
/home/tianlong/Downloads//test/tyjxmknivy.mp4,0,0.11043187
/home/tianlong/Downloads//test/qyvqrtscbk.mp4,0,0.18903573
/home/tianlong/Downloads//test/kxnybtbpkl.mp4,0,0.058971595
/home/tianlong/Downloads//test/wiqtkqwfsw.mp4,0,0.20337753
/home/tianlong/Downloads//test/bevjclbhuo.mp4,0,0.17344655
/home/tianlong/Downloads//test/shwulrbsfx.mp4,0,0.2622917
/home/tianlong/Downloads//test/mohtuktaaq.mp4,0,0.062035445
/home/tianlong/Downloads//test/fwsypadiom.mp4,0,0.16017638
/home/tianlong/Downloads//test/buywrbgfqy.mp4,0,0.17308463
/home/tianlong/Downloads//test/bljpdykszf.mp4,0,0.34409413
/home/tianlong/Downloads//test/ztxdkcoxvx.mp4,0,0.13280451
/home/tianlong/Downloads//test/oqeoibjbim.mp4,0,0.06640708
/home/tianlong/Downloads//test/szwhgmrrhm.mp4,0,0.08739847
/home/tianlong/Downloads//test/xnydmgdhum.mp4,0,0.14344281
/home/tianlong/Downloads//test/fltaysfwct.mp4,0,0.0740986
/home/tianlong/Downloads//test/akdvkdoyoh.mp4,0,0.33632907
/home/tianlong/Downloads//test/ftfemkjnot.mp4,0,0.2589618
/home/tianlong/Downloads//test/gmbckelbzp.mp4,0,0.07061402
/home/tianlong/Downloads//test/jjzveabagf.mp4,0,0.3688787
/home/tianlong/Downloads//test/dfqwasrdvq.mp4,0,0.3036588
/home/tianlong/Downloads//test/diskzkrrph.mp4,0,0.17382722
/home/tianlong/Downloads//test/jtwpwdqmxz.mp4,0,0.1273401
/home/tianlong/Downloads//test/qivnumuetu.mp4,0,0.061789665
/home/tianlong/Downloads//test/blmuzhjygg.mp4,0,0.1870311
/home/tianlong/Downloads//test/sbxlfehzjc.mp4,0,0.31127894
/home/tianlong/Downloads//test/tcwhwssdnv.mp4,0,0.34856594
/home/tianlong/Downloads//test/bkbokyebco.mp4,0,0.12357134
/home/tianlong/Downloads//test/vojsghpebv.mp4,0,0.26680145
/home/tianlong/Downloads//test/opuhoerhxb.mp4,0,0.15619977
/home/tianlong/Downloads//test/mmhdcoqsve.mp4,0,0.13695668
/home/tianlong/Downloads//test/ewxddjqzml.mp4,0,0.07765414
/home/tianlong/Downloads//test/dznchaiaqh.mp4,0,0.2544416
/home/tianlong/Downloads//test/mloeefokyq.mp4,0,0.27483487
/home/tianlong/Downloads//test/fgkpembbpv.mp4,0,0.088360995
/home/tianlong/Downloads//test/orqafstesq.mp4,0,0.085581124
/home/tianlong/Downloads//test/ckgabgjnca.mp4,0,0.06838418
/home/tianlong/Downloads//test/iuvhrgckrt.mp4,0,0.39047027
/home/tianlong/Downloads//test/vlzwcejywm.mp4,0,0.18876745
/home/tianlong/Downloads//test/cpucjmfawf.mp4,0,0.23065929
/home/tianlong/Downloads//test/ekvhyeycpr.mp4,0,0.20699532
/home/tianlong/Downloads//test/tazlckybzu.mp4,0,0.16108857
/home/tianlong/Downloads//test/clxgzkdgta.mp4,0,0.3813723
/home/tianlong/Downloads//test/zlfbumxcxs.mp4,0,0.17793977
/home/tianlong/Downloads//test/plhcceboag.mp4,0,0.08797062
/home/tianlong/Downloads//test/extihvlsxg.mp4,0,0.06335501
/home/tianlong/Downloads//test/olebnvxoyl.mp4,0,0.055492222
/home/tianlong/Downloads//test/opdqcwqxzy.mp4,0,0.053051304
/home/tianlong/Downloads//test/stwaypekwh.mp4,0,0.12537439
/home/tianlong/Downloads//test/xogwctpikv.mp4,0,0.09287297
/home/tianlong/Downloads//test/cjiwxfwcit.mp4,0,0.13952184
/home/tianlong/Downloads//test/txshgvrava.mp4,0,0.067988545
/home/tianlong/Downloads//test/ggpuxwhpri.mp4,0,0.09251657
/home/tianlong/Downloads//test/jlxnzxtopm.mp4,0,0.1912751
/home/tianlong/Downloads//test/thjugpbwcv.mp4,0,0.31218442
/home/tianlong/Downloads//test/pkititkein.mp4,0,0.08189043
/home/tianlong/Downloads//test/hjiwmybauf.mp4,0,0.36996487
/home/tianlong/Downloads//test/efazuieysm.mp4,0,0.059637424
/home/tianlong/Downloads//test/tdzsgrdneg.mp4,0,0.2928891
/home/tianlong/Downloads//test/mkxmvreoth.mp4,0,0.1716473
/home/tianlong/Downloads//test/ofbjiuemkr.mp4,0,0.20973797
/home/tianlong/Downloads//test/dogotzkdiw.mp4,0,0.23020661
/home/tianlong/Downloads//test/qdmvzknbua.mp4,0,0.062056582
/home/tianlong/Downloads//test/pnauelqbxq.mp4,0,0.23970978
/home/tianlong/Downloads//test/sytddqezij.mp4,0,0.14683065
/home/tianlong/Downloads//test/bhpddnqauc.mp4,0,0.04027276
/home/tianlong/Downloads//test/imtkdzkypf.mp4,0,0.34052816
/home/tianlong/Downloads//test/kbodjivgqu.mp4,0,0.1507219
/home/tianlong/Downloads//test/qtxraeaxeh.mp4,0,0.19873625
/home/tianlong/Downloads//test/uaxmqpmswz.mp4,0,0.14939828
/home/tianlong/Downloads//test/qlbapiibba.mp4,0,0.13133223
/home/tianlong/Downloads//test/mzurunkulx.mp4,0,0.055518415
/home/tianlong/Downloads//test/aujoxrpddn.mp4,0,0.070679516
/home/tianlong/Downloads//test/ebenvuuxld.mp4,0,0.065831035
/home/tianlong/Downloads//test/fsfjlwwsen.mp4,0,0.39206424
/home/tianlong/Downloads//test/zwgaptzuqt.mp4,0,0.08125537
/home/tianlong/Downloads//test/gldpafckwo.mp4,0,0.3533961
/home/tianlong/Downloads//test/nvkzpexyzg.mp4,0,0.28705728
/home/tianlong/Downloads//test/vnrmxwtsmf.mp4,0,0.0843802
/home/tianlong/Downloads//test/hmofiqjzxe.mp4,0,0.26707613
/home/tianlong/Downloads//test/ucryyubbqk.mp4,0,0.37748376
/home/tianlong/Downloads//test/gwqdrapybq.mp4,0,0.15333699
/home/tianlong/Downloads//test/avttogwbyz.mp4,0,0.11117679
/home/tianlong/Downloads//test/hbmvxgonmq.mp4,0,0.12073418
/home/tianlong/Downloads//test/gxxlbjuyza.mp4,0,0.11125204
/home/tianlong/Downloads//test/jhzozsurac.mp4,0,0.13801649
/home/tianlong/Downloads//test/opyqudaics.mp4,0,0.15822516
/home/tianlong/Downloads//test/vigbdgmudk.mp4,0,0.053115785
/home/tianlong/Downloads//test/viidhkoxyv.mp4,0,0.14296141
/home/tianlong/Downloads//test/dmpvbeyuqb.mp4,0,0.061001703
/home/tianlong/Downloads//test/wgycqahjww.mp4,0,0.10861828
/home/tianlong/Downloads//test/wwgmzeavbd.mp4,0,0.049025193
/home/tianlong/Downloads//test/qtqyglbdem.mp4,0,0.08693091
/home/tianlong/Downloads//test/nqynuhnklk.mp4,0,0.07250904
/home/tianlong/Downloads//test/jygbqsigcr.mp4,0,0.26480022
/home/tianlong/Downloads//test/nsozqvhalr.mp4,0,0.12951201
/home/tianlong/Downloads//test/yvmrwdyxby.mp4,0,0.17003517
/home/tianlong/Downloads//test/kvhbyuklfv.mp4,0,0.14723502
/home/tianlong/Downloads//test/iwnfvkmktq.mp4,0,0.18853612
/home/tianlong/Downloads//test/qzfmctgxcs.mp4,0,0.08505259
/home/tianlong/Downloads//test/vhipamioud.mp4,0,0.1583876
/home/tianlong/Downloads//test/lmbvoxhowe.mp4,0,0.07826037
/home/tianlong/Downloads//test/ziqjamfzlv.mp4,0,0.32020637
/home/tianlong/Downloads//test/kqnwutdvpd.mp4,0,0.13912594
/home/tianlong/Downloads//test/lucpbeexdk.mp4,0,0.17136616
/home/tianlong/Downloads//test/pnotaniiuh.mp4,0,0.5019096
/home/tianlong/Downloads//test/qohtjkzity.mp4,0,0.18749075
/home/tianlong/Downloads//test/bkjhfcvsig.mp4,0,0.15637295
/home/tianlong/Downloads//test/kpcrdurodw.mp4,0,0.2744173
/home/tianlong/Downloads//test/nmphdbflzj.mp4,0,0.20308487
/home/tianlong/Downloads//test/fmsxomanga.mp4,0,0.09172169
/home/tianlong/Downloads//test/tgwpcoljin.mp4,0,0.12160566
/home/tianlong/Downloads//test/foynwjsqeh.mp4,0,0.1711974
/home/tianlong/Downloads//test/vdqritvjfl.mp4,0,0.55832714
/home/tianlong/Downloads//test/egyemqrvna.mp4,0,0.23720956
/home/tianlong/Downloads//test/xrtmepdfyh.mp4,0,0.15380402
/home/tianlong/Downloads//test/zfgjechdto.mp4,0,0.042763636
/home/tianlong/Downloads//test/jujpqsrgll.mp4,0,0.093493395
/home/tianlong/Downloads//test/iakzgqqova.mp4,0,0.1853431
/home/tianlong/Downloads//test/fqdklzzkfj.mp4,0,0.1594613
/home/tianlong/Downloads//test/dnfnxwbsoi.mp4,0,0.06069347
/home/tianlong/Downloads//test/lynaeydofd.mp4,0,0.12084413
/home/tianlong/Downloads//test/relrfifywa.mp4,0,0.11093422
/home/tianlong/Downloads//test/imsacxixmv.mp4,0,0.24614531
/home/tianlong/Downloads//test/rfbwukxpye.mp4,0,0.075129725
/home/tianlong/Downloads//test/atixaudngu.mp4,0,0.21106277
/home/tianlong/Downloads//test/tcychsyltm.mp4,0,0.06514165
/home/tianlong/Downloads//test/kifyfzqzjj.mp4,0,0.17014313
/home/tianlong/Downloads//test/irjbukzjqt.mp4,0,0.08137896
/home/tianlong/Downloads//test/jmkkbkvbjo.mp4,0,0.2360783
/home/tianlong/Downloads//test/gflhlvhqyl.mp4,0,0.36818948
/home/tianlong/Downloads//test/myebjqbxsl.mp4,0,0.105052985
/home/tianlong/Downloads//test/mqeqiytluf.mp4,0,0.07163323
/home/tianlong/Downloads//test/zbsjlcsetv.mp4,0,0.060904298
/home/tianlong/Downloads//test/lzmxqxrruv.mp4,0,0.22056942
/home/tianlong/Downloads//test/neotrnwthu.mp4,0,0.046486244
/home/tianlong/Downloads//test/vwigtbeivy.mp4,0,0.233267
/home/tianlong/Downloads//test/ldtscpryms.mp4,0,0.07672874
/home/tianlong/Downloads//test/sjgmmecazy.mp4,0,0.10140857
/home/tianlong/Downloads//test/jkrbsekajk.mp4,0,0.49354044
/home/tianlong/Downloads//test/iahzcxmuck.mp4,0,0.3061365
/home/tianlong/Downloads//test/cteqlloxwu.mp4,0,0.09933979
/home/tianlong/Downloads//test/pgqxsteufx.mp4,0,0.1688186
/home/tianlong/Downloads//test/cmuzrrlaiy.mp4,1,0.24202563
/home/tianlong/Downloads//test/jxeqhujuvh.mp4,1,0.31519815
/home/tianlong/Downloads//test/ntaqujyzes.mp4,1,0.21017103
/home/tianlong/Downloads//test/ghxzsygiou.mp4,1,0.07300651
/home/tianlong/Downloads//test/lvxzjwiklq.mp4,1,0.42490855
/home/tianlong/Downloads//test/wlyvvvjgnv.mp4,1,0.06961375
/home/tianlong/Downloads//test/hexxuigzdl.mp4,1,0.23775387
/home/tianlong/Downloads//test/zynrdvlrwv.mp4,1,0.05721425
/home/tianlong/Downloads//test/kbvqzihgan.mp4,1,0.0704069
/home/tianlong/Downloads//test/razacdewcv.mp4,1,0.061562788
/home/tianlong/Downloads//test/tjlrvidbxw.mp4,1,0.107855625
/home/tianlong/Downloads//test/gcbyurxhbz.mp4,1,0.1684543
/home/tianlong/Downloads//test/xticvyqqjn.mp4,1,0.18335526
/home/tianlong/Downloads//test/gqpayiddqv.mp4,1,0.1053558
/home/tianlong/Downloads//test/zmrnjhfxed.mp4,1,0.12350396
/home/tianlong/Downloads//test/slpxqmwuqm.mp4,1,0.4481648
/home/tianlong/Downloads//test/upwsvjdtgo.mp4,1,0.13835436
/home/tianlong/Downloads//test/zpnjiswgdt.mp4,1,0.19891335
/home/tianlong/Downloads//test/rayxtqfosv.mp4,1,0.051968753
/home/tianlong/Downloads//test/cfhoqpdzqb.mp4,1,0.08163317
/home/tianlong/Downloads//test/okyufzgvay.mp4,1,0.04905474
/home/tianlong/Downloads//test/wgyxtquovo.mp4,1,0.13133784
/home/tianlong/Downloads//test/kicgvgukqs.mp4,1,0.26413262
/home/tianlong/Downloads//test/aolhuwcdwv.mp4,1,0.26931825
/home/tianlong/Downloads//test/clzcvdsuyp.mp4,1,0.16865516
/home/tianlong/Downloads//test/jibhugdfbs.mp4,1,0.07971256
/home/tianlong/Downloads//test/kfiszsbzob.mp4,1,0.38681576
/home/tianlong/Downloads//test/mgwtoqonaf.mp4,1,0.34268156
/home/tianlong/Downloads//test/buzqmuifod.mp4,1,0.28218266
/home/tianlong/Downloads//test/bofmetrgfm.mp4,1,0.1185551
/home/tianlong/Downloads//test/chlshvbday.mp4,1,0.2688323
/home/tianlong/Downloads//test/vxcjkgerao.mp4,1,0.28424606
/home/tianlong/Downloads//test/qxwqqhruvz.mp4,1,0.06744178
/home/tianlong/Downloads//test/hytdcdixlv.mp4,1,0.07460183
/home/tianlong/Downloads//test/buejhiahpy.mp4,1,0.119263746
/home/tianlong/Downloads//test/omotodymgb.mp4,1,0.23397052
/home/tianlong/Downloads//test/gmcvyrferj.mp4,1,0.10121
/home/tianlong/Downloads//test/ycoaclsdov.mp4,1,0.1381262
/home/tianlong/Downloads//test/scaljzcpcf.mp4,1,0.26311722
/home/tianlong/Downloads//test/uhbxhharht.mp4,1,0.12946391
/home/tianlong/Downloads//test/tmmakbzbqw.mp4,1,0.45331612
/home/tianlong/Downloads//test/mvfvefsgik.mp4,1,0.24515776
/home/tianlong/Downloads//test/inesnaprwm.mp4,1,0.116474904
/home/tianlong/Downloads//test/qqxelyjmmw.mp4,1,0.058181446
/home/tianlong/Downloads//test/dllkubdbbd.mp4,1,0.19673057
/home/tianlong/Downloads//test/ttnajmkchw.mp4,1,0.13430403
/home/tianlong/Downloads//test/kaffwaiexj.mp4,1,0.08830663
/home/tianlong/Downloads//test/dpfuqzdtrs.mp4,1,0.19831447
/home/tianlong/Downloads//test/hfvexodpht.mp4,1,0.10953289
/home/tianlong/Downloads//test/vmxjsdkuju.mp4,1,0.19155662
/home/tianlong/Downloads//test/afaxsgqksm.mp4,1,0.121995054
/home/tianlong/Downloads//test/pgkipgmpgm.mp4,1,0.27164993
/home/tianlong/Downloads//test/ltkesswcyn.mp4,1,0.07298834
/home/tianlong/Downloads//test/dffkcrccsj.mp4,1,0.13507794
/home/tianlong/Downloads//test/svtnilogao.mp4,1,0.14921634
/home/tianlong/Downloads//test/bzobkqewtt.mp4,1,0.16031252
/home/tianlong/Downloads//test/vemnbnqoqk.mp4,1,0.3582387
/home/tianlong/Downloads//test/nobrvdftmd.mp4,1,0.09201416
/home/tianlong/Downloads//test/qepgiaxgpc.mp4,1,0.07692375
/home/tianlong/Downloads//test/bogjubshbr.mp4,1,0.42298523
/home/tianlong/Downloads//test/uyoqozgdcy.mp4,1,0.08883802
/home/tianlong/Downloads//test/cvmmtklgst.mp4,1,0.4413208
/home/tianlong/Downloads//test/qharxzhzpl.mp4,1,0.47469246
/home/tianlong/Downloads//test/sprejlmapw.mp4,1,0.12843151
/home/tianlong/Downloads//test/crzrsezocr.mp4,1,0.09088752
/home/tianlong/Downloads//test/wyqhadmmcy.mp4,1,0.33389297
/home/tianlong/Downloads//test/jrjxehotww.mp4,1,0.3688086
/home/tianlong/Downloads//test/xctpdujlok.mp4,1,0.19234717
/home/tianlong/Downloads//test/hfspenqmpw.mp4,1,0.14002971
/home/tianlong/Downloads//test/jkfukzcjxd.mp4,1,0.38290358
/home/tianlong/Downloads//test/knafngkgen.mp4,1,0.19523907
/home/tianlong/Downloads//test/tswmtnhfmn.mp4,1,0.09359976
/home/tianlong/Downloads//test/qoasfzksgo.mp4,1,0.12301591
/home/tianlong/Downloads//test/hnrzuoqnkz.mp4,1,0.038301777
/home/tianlong/Downloads//test/nussrkyuzy.mp4,1,0.21082751
/home/tianlong/Downloads//test/ciwzwmlyxz.mp4,1,0.27636275
/home/tianlong/Downloads//test/dbauiiupef.mp4,1,0.20824909
/home/tianlong/Downloads//test/ywxfnlxtjg.mp4,1,0.07126344
/home/tianlong/Downloads//test/pryqgrbtnu.mp4,1,0.20809452
/home/tianlong/Downloads//test/mbjpaydogy.mp4,1,0.07817874
/home/tianlong/Downloads//test/ihdopxhysr.mp4,1,0.13073839
/home/tianlong/Downloads//test/rgasvymjrj.mp4,1,0.15302832
/home/tianlong/Downloads//test/eclpgjjies.mp4,1,0.17666145
/home/tianlong/Downloads//test/kxptuwngop.mp4,1,0.074066736
/home/tianlong/Downloads//test/uaqvffouxp.mp4,1,0.11183978
/home/tianlong/Downloads//test/xvqzzgoabm.mp4,1,0.10679215
/home/tianlong/Downloads//test/tkgbjtcxyl.mp4,1,0.26235783
/home/tianlong/Downloads//test/xlnaxrwvcx.mp4,1,0.2655745
/home/tianlong/Downloads//test/kphfzaullq.mp4,1,0.09159306
/home/tianlong/Downloads//test/rkezgzxnoo.mp4,1,0.102710746
/home/tianlong/Downloads//test/fromclsodq.mp4,1,0.14412118
/home/tianlong/Downloads//test/nrscfrjxpb.mp4,1,0.29088068
/home/tianlong/Downloads//test/ygobagrhmg.mp4,1,0.16658784
/home/tianlong/Downloads//test/hisfrixnbu.mp4,1,0.15965047
/home/tianlong/Downloads//test/duzueyonao.mp4,1,0.22903681
/home/tianlong/Downloads//test/gkknsyqbnz.mp4,1,0.2128679
/home/tianlong/Downloads//test/tmgdrjjalz.mp4,1,0.1403581
/home/tianlong/Downloads//test/iajblozgtx.mp4,1,0.18208893
/home/tianlong/Downloads//test/ahkcchuwqq.mp4,1,0.07155592
/home/tianlong/Downloads//test/zmfiveruie.mp4,1,0.3296747
/home/tianlong/Downloads//test/xptgnpgfkn.mp4,1,0.04031265
/home/tianlong/Downloads//test/aebhowazav.mp4,1,0.10654169
/home/tianlong/Downloads//test/geulcwvfuy.mp4,1,0.32824475
/home/tianlong/Downloads//test/glzyifzrql.mp4,1,0.14928882
/home/tianlong/Downloads//test/wvmrsucbsq.mp4,1,0.20877145
/home/tianlong/Downloads//test/moetggyxsc.mp4,1,0.15107343
/home/tianlong/Downloads//test/jfvnwpcjrm.mp4,1,0.2829591
/home/tianlong/Downloads//test/kaggpclkjm.mp4,1,0.2093591
/home/tianlong/Downloads//test/nacldwtuwp.mp4,1,0.19869655
/home/tianlong/Downloads//test/upwyvqbjlq.mp4,1,0.34307685
/home/tianlong/Downloads//test/tdmyjvptzv.mp4,1,0.37788
/home/tianlong/Downloads//test/fzurflflwv.mp4,1,0.09452181
/home/tianlong/Downloads//test/aakjukgjme.mp4,1,0.03940847
/home/tianlong/Downloads//test/ypepsyuwmo.mp4,1,0.104030184
/home/tianlong/Downloads//test/qxhyhhkywc.mp4,1,0.04597443
/home/tianlong/Downloads//test/iqvfopywpa.mp4,1,0.29355213
/home/tianlong/Downloads//test/xfncslssic.mp4,1,0.07460744
/home/tianlong/Downloads//test/jesstfspwv.mp4,1,0.054439735
/home/tianlong/Downloads//test/xiraodtgnt.mp4,1,0.104765855
/home/tianlong/Downloads//test/xeuzubpylq.mp4,1,0.18397069
/home/tianlong/Downloads//test/xszpbtciwo.mp4,1,0.15807901
/home/tianlong/Downloads//test/fkksbgaibl.mp4,1,0.27315548
/home/tianlong/Downloads//test/ntqzfgmhnj.mp4,1,0.3292301
/home/tianlong/Downloads//test/bizbjxafzr.mp4,1,0.04576813
/home/tianlong/Downloads//test/bxfwiuvafo.mp4,1,0.24623139
/home/tianlong/Downloads//test/jfcglbovmo.mp4,1,0.4981029
/home/tianlong/Downloads//test/odidbykbar.mp4,1,0.20811027
/home/tianlong/Downloads//test/qarbtmjwhm.mp4,1,0.2675244
/home/tianlong/Downloads//test/jeierullea.mp4,1,0.22723693
/home/tianlong/Downloads//test/lrckqkzekj.mp4,1,0.10899443
/home/tianlong/Downloads//test/riizlqngim.mp4,1,0.10020548
/home/tianlong/Downloads//test/lmcnonfhgz.mp4,1,0.3734647
/home/tianlong/Downloads//test/lkhszpabzv.mp4,1,0.17145981
/home/tianlong/Downloads//test/njqbwiajss.mp4,1,0.0386116
/home/tianlong/Downloads//test/ksqybmrwyg.mp4,1,0.20123969
/home/tianlong/Downloads//test/dxphlwcvan.mp4,1,0.19329494
/home/tianlong/Downloads//test/dgjssccxhx.mp4,1,0.15510668
/home/tianlong/Downloads//test/sbfxzmhzyv.mp4,1,0.34493867
/home/tianlong/Downloads//test/rlvgpdrgvi.mp4,1,0.3136432
/home/tianlong/Downloads//test/uzdmxmfcqe.mp4,1,0.12296618
/home/tianlong/Downloads//test/afixxjdxef.mp4,1,0.10145563
/home/tianlong/Downloads//test/fwvxtssltw.mp4,1,0.22725768
/home/tianlong/Downloads//test/jyzlvivrmr.mp4,1,0.16061272
/home/tianlong/Downloads//test/byavookkdu.mp4,1,0.05703197
/home/tianlong/Downloads//test/agyawnxlmv.mp4,1,0.16266935
/home/tianlong/Downloads//test/zjoonppreb.mp4,1,0.1867547
/home/tianlong/Downloads//test/sjzwpqupnm.mp4,1,0.09712858
/home/tianlong/Downloads//test/pobrnbspcf.mp4,1,0.2781327
/home/tianlong/Downloads//test/qdkpphviay.mp4,1,0.45159876
/home/tianlong/Downloads//test/nbyaxzmueg.mp4,1,0.16940302
/home/tianlong/Downloads//test/vfszaqentw.mp4,1,0.4012754
/home/tianlong/Downloads//test/fosovipqkg.mp4,1,0.060385656
/home/tianlong/Downloads//test/grwcxofqrx.mp4,1,0.4527054
/home/tianlong/Downloads//test/koqxhnmkjl.mp4,1,0.27786067
/home/tianlong/Downloads//test/xkukyjokbg.mp4,1,0.5746014
/home/tianlong/Downloads//test/fmnzbwtjep.mp4,1,0.09332072
/home/tianlong/Downloads//test/aruyyclubn.mp4,1,0.11915059
/home/tianlong/Downloads//test/eluhuvocwr.mp4,1,0.288
/home/tianlong/Downloads//test/iiwffwiyrg.mp4,1,0.1347412
/home/tianlong/Downloads//test/fsbabrxhqy.mp4,1,0.15226436
/home/tianlong/Downloads//test/ymqadbkafj.mp4,1,0.10734526
/home/tianlong/Downloads//test/nptmqvfuhz.mp4,1,0.12666179
/home/tianlong/Downloads//test/usjnlahlcj.mp4,1,0.33283198
/home/tianlong/Downloads//test/hbozjjcafn.mp4,1,0.114221096
/home/tianlong/Downloads//test/cizxmeztny.mp4,1,0.056222618
/home/tianlong/Downloads//test/syxlmynhsi.mp4,1,0.41816065
/home/tianlong/Downloads//test/ezadehoecy.mp4,1,0.05852072
/home/tianlong/Downloads//test/fpliemtlco.mp4,1,0.12939022
/home/tianlong/Downloads//test/arflgfcnkg.mp4,1,0.0938822
/home/tianlong/Downloads//test/occelhylxf.mp4,1,0.050085884
/home/tianlong/Downloads//test/uqntkvpntd.mp4,1,0.11053258
/home/tianlong/Downloads//test/iatevqworc.mp4,1,0.08040998
/home/tianlong/Downloads//test/xzsmgydcub.mp4,1,0.111277245
/home/tianlong/Downloads//test/qbffpkpmkf.mp4,1,0.090621404
/home/tianlong/Downloads//test/pzbpgfmroj.mp4,1,0.22714107
/home/tianlong/Downloads//test/oundixpyst.mp4,1,0.095564395
/home/tianlong/Downloads//test/hnxhwfttpy.mp4,1,0.2713971
/home/tianlong/Downloads//test/rdjwlvvwtv.mp4,1,0.26433104
/home/tianlong/Downloads//test/tcmstiljkk.mp4,1,0.22565158
/home/tianlong/Downloads//test/qbfdtumuct.mp4,1,0.32082626
/home/tianlong/Downloads//test/mxnquwuszt.mp4,1,0.15328857
/home/tianlong/Downloads//test/sjooumwlzb.mp4,1,0.25782993
/home/tianlong/Downloads//test/twhwouycfg.mp4,1,0.14053379
/home/tianlong/Downloads//test/wytpaehszj.mp4,1,0.4664568
/home/tianlong/Downloads//test/srtwhbzzlr.mp4,1,0.24730925
/home/tianlong/Downloads//test/jqjfpkuckf.mp4,1,0.1851926
/home/tianlong/Downloads//test/yxjjfaekev.mp4,1,0.07937636
/home/tianlong/Downloads//test/cyokqrzbol.mp4,1,0.05609457
/home/tianlong/Downloads//test/mtilpvablx.mp4,1,0.23931384
/home/tianlong/Downloads//test/njwsmltmvb.mp4,1,0.1586936
/home/tianlong/Downloads//test/xkksfulade.mp4,1,0.25923267
/home/tianlong/Downloads//test/dtfgsvfmjq.mp4,1,0.22380199
/home/tianlong/Downloads//test/onaewxqqkd.mp4,1,0.34105673
/home/tianlong/Downloads//test/pazpnfrbbc.mp4,1,0.06623426
/home/tianlong/Downloads//test/kgowzoxjfq.mp4,1,0.17521429
/home/tianlong/Downloads//test/ltdwtgrads.mp4,1,0.07728236
/home/tianlong/Downloads//test/znistrajpw.mp4,1,0.07581038
/home/tianlong/Downloads//test/yfhzmfhojv.mp4,1,0.17807306
/home/tianlong/Downloads//test/spkorcenyh.mp4,1,0.22378169
/home/tianlong/Downloads//test/axopbbxwzr.mp4,1,0.17450862
/home/tianlong/Downloads//test/hxrruqinnh.mp4,1,0.17757857
/home/tianlong/Downloads//test/tkaybnjwhg.mp4,1,0.23940606
/home/tianlong/Downloads//test/lhwwhjhyqx.mp4,1,0.05401884
/home/tianlong/Downloads//test/btxjufhiaz.mp4,1,0.12587848
/home/tianlong/Downloads//test/dnhaskulaj.mp4,1,0.28473067
/home/tianlong/Downloads//test/vxqofldgze.mp4,1,0.036437277
/home/tianlong/Downloads//test/ddjzmyabyu.mp4,1,0.052197006
/home/tianlong/Downloads//test/mgahaaogif.mp4,1,0.26846454
/home/tianlong/Downloads//test/ktmdpragph.mp4,1,0.107702054
/home/tianlong/Downloads//test/xazdhdnwhh.mp4,1,0.074639566
/home/tianlong/Downloads//test/qnslgeajnt.mp4,1,0.2946433
/home/tianlong/Downloads//test/sivrgbsaog.mp4,1,0.17982985
/home/tianlong/Downloads//test/uzmuovkewv.mp4,1,0.31133345
/home/tianlong/Downloads//test/tvazrcdkpq.mp4,1,0.051530227
/home/tianlong/Downloads//test/jbatiwjmzh.mp4,1,0.38031408
/home/tianlong/Downloads//test/hmiylncrva.mp4,1,0.170747
/home/tianlong/Downloads//test/uxkojffbsr.mp4,1,0.25682428
/home/tianlong/Downloads//test/crbcrxqftw.mp4,1,0.15903676
/home/tianlong/Downloads//test/yermnsnlgf.mp4,1,0.23209749
/home/tianlong/Downloads//test/gipcvghjiy.mp4,1,0.34081635
/home/tianlong/Downloads//test/iwcfxyoimw.mp4,1,0.24187113
/home/tianlong/Downloads//test/kozaofkgvk.mp4,1,0.098439224
/home/tianlong/Downloads//test/xlgevjtsog.mp4,1,0.05732208
/home/tianlong/Downloads//test/bpjkimtqtz.mp4,1,0.19597477
/home/tianlong/Downloads//test/pdnwaekrtn.mp4,1,0.16377436
/home/tianlong/Downloads//test/toxsrzsksc.mp4,1,0.111079745
/home/tianlong/Downloads//test/oejfypsbfh.mp4,1,0.23226243
/home/tianlong/Downloads//test/hwyuwbnszo.mp4,1,0.2206599
/home/tianlong/Downloads//test/acgyspwyqr.mp4,1,0.039022014
/home/tianlong/Downloads//test/oitcqmvnsa.mp4,1,0.26912448
/home/tianlong/Downloads//test/pdqqkuclvd.mp4,1,0.12499368
/home/tianlong/Downloads//test/slsyjvgfpu.mp4,1,0.08841801
/home/tianlong/Downloads//test/xmdfnldfyc.mp4,1,0.31014463
/home/tianlong/Downloads//test/ynkzlkahux.mp4,1,0.09182956
/home/tianlong/Downloads//test/szjbkskyph.mp4,1,0.10831503
/home/tianlong/Downloads//test/yyiiywtiry.mp4,1,0.18893665
/home/tianlong/Downloads//test/crvotfojeq.mp4,1,0.06838355
/home/tianlong/Downloads//test/rsqblsfgli.mp4,1,0.06914545
/home/tianlong/Downloads//test/becqadbtkb.mp4,1,0.090564966
/home/tianlong/Downloads//test/afqaubpglg.mp4,1,0.17854042
/home/tianlong/Downloads//test/pwplooonzr.mp4,1,0.17891227
/home/tianlong/Downloads//test/vjegxiyvla.mp4,1,0.092402816
/home/tianlong/Downloads//test/jbwtbfbdko.mp4,1,0.42605078
/home/tianlong/Downloads//test/toggbitvfd.mp4,1,0.32154277
/home/tianlong/Downloads//test/xpfhawmzbe.mp4,1,0.09810028
/home/tianlong/Downloads//test/kjwdinzplo.mp4,1,0.2119447
/home/tianlong/Downloads//test/jrkdzpijpb.mp4,1,0.110752665
/home/tianlong/Downloads//test/lbnuxynggy.mp4,1,0.08297689
/home/tianlong/Downloads//test/iorrylopzn.mp4,1,0.19682775
/home/tianlong/Downloads//test/yasxapunrf.mp4,1,0.26890722
/home/tianlong/Downloads//test/suohrphvbe.mp4,1,0.081849836
/home/tianlong/Downloads//test/salsuwvckq.mp4,1,0.18067403
/home/tianlong/Downloads//test/eclnowceyi.mp4,1,0.13041382
/home/tianlong/Downloads//test/wvtymfvbwq.mp4,1,0.16673404
/home/tianlong/Downloads//test/rsjhmrvdwg.mp4,1,0.10820967
/home/tianlong/Downloads//test/qtvhpmoukj.mp4,1,0.1481036
/home/tianlong/Downloads//test/svqkfjfucw.mp4,1,0.36176673
/home/tianlong/Downloads//test/jdlqmnhuix.mp4,1,0.19422978
/home/tianlong/Downloads//test/ltmkgkppwx.mp4,1,0.054266106
/home/tianlong/Downloads//test/zaoyocjkgw.mp4,1,0.21078639
/home/tianlong/Downloads//test/vgrhobnbfo.mp4,1,0.19336458
/home/tianlong/Downloads//test/eeeuzozcdc.mp4,1,0.29309127
/home/tianlong/Downloads//test/ikgxqbhmlv.mp4,1,0.2939128
/home/tianlong/Downloads//test/zyeakowujw.mp4,1,0.4522682
/home/tianlong/Downloads//test/uerapqglmr.mp4,1,0.14307415
/home/tianlong/Downloads//test/fmuncwjpej.mp4,1,0.570105
/home/tianlong/Downloads//test/xllzvdxwiv.mp4,1,0.19355457
/home/tianlong/Downloads//test/giuymhlbyo.mp4,1,0.39479065
/home/tianlong/Downloads//test/bubbmjnmge.mp4,1,0.2916491
/home/tianlong/Downloads//test/qwqefbalkv.mp4,1,0.18724842
/home/tianlong/Downloads//test/aupsxowdcp.mp4,1,0.05511721
/home/tianlong/Downloads//test/apjovfzzft.mp4,1,0.11021664
/home/tianlong/Downloads//test/yjbnaqwxyf.mp4,1,0.4876822
/home/tianlong/Downloads//test/dajlkmlvch.mp4,1,0.08983705
/home/tianlong/Downloads//test/egwzzhemvk.mp4,1,0.41790286
/home/tianlong/Downloads//test/vlhrgeyvqy.mp4,1,0.05243277
/home/tianlong/Downloads//test/vpolvvzwsw.mp4,1,0.02904326
/home/tianlong/Downloads//test/ddkcxrncmq.mp4,1,0.35422683
/home/tianlong/Downloads//test/fncnobpzzx.mp4,1,0.42607632
/home/tianlong/Downloads//test/lhayhvqjmg.mp4,1,0.07262519
/home/tianlong/Downloads//test/yboofyemks.mp4,1,0.08643716
/home/tianlong/Downloads//test/wzkovvmdkq.mp4,1,0.15890305
/home/tianlong/Downloads//test/axxldpmbat.mp4,1,0.23929556
/home/tianlong/Downloads//test/piovymzozl.mp4,1,0.075321466
/home/tianlong/Downloads//test/ymjrnwsjxt.mp4,1,0.13698943
/home/tianlong/Downloads//test/jfxroglrst.mp4,1,0.17614935
/home/tianlong/Downloads//test/qzyaijdbfe.mp4,1,0.13803811
/home/tianlong/Downloads//test/gzwzxbtkpd.mp4,1,0.29911533
/home/tianlong/Downloads//test/bgssriyozb.mp4,1,0.09006628
/home/tianlong/Downloads//test/wqtraebanl.mp4,1,0.30307934
/home/tianlong/Downloads//test/lovkthgavz.mp4,1,0.07606839
/home/tianlong/Downloads//test/vpgjaoyvir.mp4,1,0.050466646
/home/tianlong/Downloads//test/btlqqvfuck.mp4,1,0.2383573
/home/tianlong/Downloads//test/zzxidpsxmv.mp4,1,0.25595236
/home/tianlong/Downloads//test/qzuhjrhozy.mp4,1,0.06782871
/home/tianlong/Downloads//test/rtuaxyuvqs.mp4,1,0.09035966
/home/tianlong/Downloads//test/vybbullejj.mp4,1,0.5739868
/home/tianlong/Downloads//test/lblweiecpx.mp4,1,0.4098259
/home/tianlong/Downloads//test/qkchcuiljp.mp4,1,0.21125399
/home/tianlong/Downloads//test/roivdutkrz.mp4,1,0.22036123
/home/tianlong/Downloads//test/rziziscker.mp4,1,0.25354612
/home/tianlong/Downloads//test/zsdmgllhck.mp4,1,0.22018968
/home/tianlong/Downloads//test/kpkzqbpivj.mp4,1,0.084674925
/home/tianlong/Downloads//test/tgkjhdyxww.mp4,1,0.21639986
/home/tianlong/Downloads//test/zubaiztkag.mp4,1,0.47481242
/home/tianlong/Downloads//test/figxvsdmsb.mp4,1,0.08439535
/home/tianlong/Downloads//test/enzlliylet.mp4,1,0.40386128
/home/tianlong/Downloads//test/acekgkqgdg.mp4,1,0.07556507
/home/tianlong/Downloads//test/ljrikjsgis.mp4,1,0.13310128
/home/tianlong/Downloads//test/vawotznxqn.mp4,1,0.42362818
/home/tianlong/Downloads//test/jsqtbnxnpb.mp4,1,0.18731046
/home/tianlong/Downloads//test/yibeqxcadd.mp4,1,0.10615205
/home/tianlong/Downloads//test/zvgekhyszq.mp4,1,0.3024857
/home/tianlong/Downloads//test/luisdnrumh.mp4,1,0.33175915
/home/tianlong/Downloads//test/xffjesgeey.mp4,1,0.24649322
/home/tianlong/Downloads//test/haesrhzukc.mp4,1,0.41165772
/home/tianlong/Downloads//test/uwccodyhgh.mp4,1,0.3282725
/home/tianlong/Downloads//test/msdtzpmmae.mp4,1,0.15070234
/home/tianlong/Downloads//test/zgiypcmpic.mp4,1,0.21235861
/home/tianlong/Downloads//test/olkcmrmvbh.mp4,1,0.15564984
/home/tianlong/Downloads//test/kiffbbtjfe.mp4,1,0.14519374
/home/tianlong/Downloads//test/junzzlnlfw.mp4,1,0.47661066
/home/tianlong/Downloads//test/qkgicklwyn.mp4,1,0.114124894
/home/tianlong/Downloads//test/wluigkzjdl.mp4,1,0.06443615
/home/tianlong/Downloads//test/rsnrcisldc.mp4,1,0.19029766
/home/tianlong/Downloads//test/asiuftijhs.mp4,1,0.09886497
/home/tianlong/Downloads//test/yjloopcthi.mp4,1,0.22305007
/home/tianlong/Downloads//test/tzzwqaxtrk.mp4,1,0.50575346
/home/tianlong/Downloads//test/tmfvsxrxnk.mp4,1,0.2041918
/home/tianlong/Downloads//test/dlsdmdraln.mp4,1,0.106184185
/home/tianlong/Downloads//test/rkygzeyegz.mp4,1,0.13710223
/home/tianlong/Downloads//test/truremwrti.mp4,1,0.037477456
/home/tianlong/Downloads//test/depcrcqwai.mp4,1,0.09022367
/home/tianlong/Downloads//test/jovohczybs.mp4,1,0.11411592
/home/tianlong/Downloads//test/udcpjfvqro.mp4,1,0.19974478
/home/tianlong/Downloads//test/yxlkovjssa.mp4,1,0.13062954
/home/tianlong/Downloads//test/trltdpitif.mp4,1,0.50363725
/home/tianlong/Downloads//test/hwufwjdaai.mp4,1,0.11423016
/home/tianlong/Downloads//test/vgfxjwupga.mp4,1,0.2989294
/home/tianlong/Downloads//test/jejjcsijvc.mp4,1,0.42208704
/home/tianlong/Downloads//test/yjpfhrfyfn.mp4,1,0.048316047
/home/tianlong/Downloads//test/izyqqybmcq.mp4,1,0.23528539
/home/tianlong/Downloads//test/xjnflcfxhn.mp4,1,0.10987102
/home/tianlong/Downloads//test/zidsbdilrm.mp4,1,0.2447831
/home/tianlong/Downloads//test/lepqvhstws.mp4,1,0.05589776
/home/tianlong/Downloads//test/eabghyltka.mp4,1,0.11585138
/home/tianlong/Downloads//test/qxgwcsugvd.mp4,1,0.25232247
/home/tianlong/Downloads//test/oitqddnspw.mp4,1,0.032368407
/home/tianlong/Downloads//test/jiddesrgoi.mp4,1,0.25287825
/home/tianlong/Downloads//test/whsqzlklam.mp4,1,0.06772765
/home/tianlong/Downloads//test/hwspklkjol.mp4,1,0.4310535
/home/tianlong/Downloads//test/mgxdtegobh.mp4,1,0.16829
/home/tianlong/Downloads//test/dkvxzocpnx.mp4,1,0.64814496
/home/tianlong/Downloads//test/zxjiwvyzbs.mp4,1,0.11735198
/home/tianlong/Downloads//test/qysxqoredd.mp4,1,0.15943548
/home/tianlong/Downloads//test/angqjpzdts.mp4,1,0.15542293
/home/tianlong/Downloads//test/slbhiftdwk.mp4,1,0.04259534
/home/tianlong/Downloads//test/ctsjalmkpx.mp4,1,0.080304205
/home/tianlong/Downloads//test/jrwqouwlzc.mp4,1,0.13130467
/home/tianlong/Downloads//test/vcqcervdzi.mp4,1,0.07211427
/home/tianlong/Downloads//test/mxczokbutl.mp4,1,0.4971805
/home/tianlong/Downloads//test/qawqquinvi.mp4,1,0.20937191
/home/tianlong/Downloads//test/cqiyijvrcj.mp4,1,0.07984807
/home/tianlong/Downloads//test/wypdykzzma.mp4,1,0.0706858
/home/tianlong/Downloads//test/zdurkznxhi.mp4,1,0.21957456
/home/tianlong/Downloads//test/llwjpzzrur.mp4,1,0.32864308
/home/tianlong/Downloads//test/stmqpsakem.mp4,1,0.2090485
/home/tianlong/Downloads//test/hqfxruqynj.mp4,1,0.10367001
/home/tianlong/Downloads//test/cotxffvovx.mp4,1,0.0895719
/home/tianlong/Downloads//test/yiwyejujhz.mp4,1,0.4122497
/home/tianlong/Downloads//test/azkhkminwu.mp4,1,0.0935798
/home/tianlong/Downloads//test/yoicqcpxgm.mp4,1,0.14552684
/home/tianlong/Downloads//test/kcpamicxjs.mp4,1,0.21106653
/home/tianlong/Downloads//test/mbnvlpwewk.mp4,1,0.10052866
/home/tianlong/Downloads//test/wjqdwzowcg.mp4,1,0.2286758
/home/tianlong/Downloads//test/vqtspwkgwe.mp4,1,0.11943922
/home/tianlong/Downloads//test/rurhyzsnyi.mp4,1,0.18221027
/home/tianlong/Downloads//test/sipuxpudya.mp4,1,0.044094745
/home/tianlong/Downloads//test/scchmtbzar.mp4,1,0.5388654
/home/tianlong/Downloads//test/qyhlzalxzm.mp4,1,0.19592746
/home/tianlong/Downloads//test/ektrtuwidv.mp4,1,0.35373783
/home/tianlong/Downloads//test/scbfkrlytb.mp4,1,0.2392419
/home/tianlong/Downloads//test/kxnsmwhqtl.mp4,1,0.15020813
/home/tianlong/Downloads//test/fiayeurvwb.mp4,1,0.16719885
/home/tianlong/Downloads//test/xpuntxtdbs.mp4,1,0.23701014
/home/tianlong/Downloads//test/edvyxmzpoy.mp4,1,0.5323129
/home/tianlong/Downloads//test/thnywrwayf.mp4,1,0.10668332
/home/tianlong/Downloads//test/xojauzdavy.mp4,1,0.17203844
/home/tianlong/Downloads//test/kaajaxzivt.mp4,1,0.13307394
/home/tianlong/Downloads//test/fmvdkhucsz.mp4,1,0.29340982
/home/tianlong/Downloads//test/mdkqmouddq.mp4,1,0.3501793
/home/tianlong/Downloads//test/ehtvcnlsfl.mp4,1,0.05634803
/home/tianlong/Downloads//test/iizsrcugyd.mp4,1,0.11464479
/home/tianlong/Downloads//test/hurlxdpsxl.mp4,1,0.15600912
/home/tianlong/Downloads//test/rvfhfbutlx.mp4,1,0.3316646
/home/tianlong/Downloads//test/ycxkcnwrbw.mp4,1,0.0870726
/home/tianlong/Downloads//test/jrmgqzgcmj.mp4,1,0.09797126
/home/tianlong/Downloads//test/cinrseylyp.mp4,1,0.11809167
/home/tianlong/Downloads//test/uhvmrfksax.mp4,1,0.08981254
/home/tianlong/Downloads//test/djjdzsivvi.mp4,1,0.24735345
/home/tianlong/Downloads//test/pmulgdcejl.mp4,1,0.23890539
/home/tianlong/Downloads//test/ngvbaolyub.mp4,1,0.19851278
/home/tianlong/Downloads//test/kpyyjmxmoj.mp4,1,0.1887278
/home/tianlong/Downloads//test/xhizcimlzp.mp4,1,0.1517684
/home/tianlong/Downloads//test/ulygywporv.mp4,1,0.09413666
/home/tianlong/Downloads//test/psunkvudmg.mp4,1,0.229455
/home/tianlong/Downloads//test/ctarrlrgdy.mp4,1,0.089334525
/home/tianlong/Downloads//test/hdzygqltzu.mp4,1,0.25737378
/home/tianlong/Downloads//test/rvtfddfweu.mp4,1,0.105350904
/home/tianlong/Downloads//test/kaeouvuasm.mp4,1,0.06811213
/home/tianlong/Downloads//test/rzivzpozjr.mp4,1,0.22329874
/home/tianlong/Downloads//test/stfqbsbvfy.mp4,1,0.10942843
/home/tianlong/Downloads//test/qbhoufagsa.mp4,1,0.19641842
/home/tianlong/Downloads//test/xycfzkbnhy.mp4,1,0.2807529
/home/tianlong/Downloads//test/zudnvkagjk.mp4,1,0.23569255
/home/tianlong/Downloads//test/feaqnlczwc.mp4,1,0.11025115
/home/tianlong/Downloads//test/rqviqcsbzw.mp4,1,0.21937521
/home/tianlong/Downloads//test/dhfcwchsir.mp4,1,0.18862395
/home/tianlong/Downloads//test/cglpyitrzw.mp4,1,0.11369824
/home/tianlong/Downloads//test/yjypqyrhyi.mp4,1,0.27718765
/home/tianlong/Downloads//test/fokuimoqkh.mp4,1,0.18054318
/home/tianlong/Downloads//test/xzouvgiqha.mp4,1,0.24660736
/home/tianlong/Downloads//test/qyjbhkeqes.mp4,1,0.23521602
/home/tianlong/Downloads//test/phngwcpbqw.mp4,1,0.05607732
/home/tianlong/Downloads//test/rjcjcdkzkw.mp4,1,0.23542546
/home/tianlong/Downloads//test/legilvljip.mp4,1,0.5263199
/home/tianlong/Downloads//test/bukegrztbb.mp4,1,0.16499205
/home/tianlong/Downloads//test/yvaxmtbtgx.mp4,1,0.103648305
/home/tianlong/Downloads//test/saljlsmnet.mp4,1,0.39491495
/home/tianlong/Downloads//test/ezupajzwdl.mp4,1,0.4871324
/home/tianlong/Downloads//test/xeszevnech.mp4,1,0.04321149
/home/tianlong/Downloads//test/fbqwomdehr.mp4,1,0.24960656
/home/tianlong/Downloads//test/itdywxjknn.mp4,1,0.2953337
/home/tianlong/Downloads//test/zwupuzlefv.mp4,1,0.17209952
/home/tianlong/Downloads//test/qcrofjquht.mp4,1,0.12583053
/home/tianlong/Downloads//test/jblkcfejih.mp4,1,0.03614102
/home/tianlong/Downloads//test/howruupkxw.mp4,1,0.104042895
/home/tianlong/Downloads//test/xslxboadvn.mp4,1,0.11792496
/home/tianlong/Downloads//test/rzykslnkdi.mp4,1,0.07732036
/home/tianlong/Downloads//test/govjvzfbcj.mp4,1,0.13771126
/home/tianlong/Downloads//test/fwbvksfidm.mp4,1,0.25851604
/home/tianlong/Downloads//test/khokwspqph.mp4,1,0.13644944
/home/tianlong/Downloads//test/sslrtrxyaj.mp4,1,0.06671248
/home/tianlong/Downloads//test/zdmknyhzoo.mp4,1,0.047887966
/home/tianlong/Downloads//test/rzjpckpslj.mp4,1,0.08739384
/home/tianlong/Downloads//test/pscilvlcfe.mp4,1,0.2961514
/home/tianlong/Downloads//test/rlwkdhgoqw.mp4,1,0.4410305
/home/tianlong/Downloads//test/cmpkopoabr.mp4,1,0.14918835
/home/tianlong/Downloads//test/dbljnexmlf.mp4,1,0.17878513
/home/tianlong/Downloads//test/atfuphvjft.mp4,1,0.18198748
/home/tianlong/Downloads//test/zdldobedod.mp4,1,0.06043656
/home/tianlong/Downloads//test/iknfqmugud.mp4,1,0.09841272
/home/tianlong/Downloads//test/whusuiiqmt.mp4,1,0.19760008
/home/tianlong/Downloads//test/ksrnzzbcsz.mp4,1,0.14945914
/home/tianlong/Downloads//test/xxhuecshhw.mp4,1,0.048461642
/home/tianlong/Downloads//test/okmlcbefeu.mp4,1,0.15945864
/home/tianlong/Downloads//test/xryrhuskyd.mp4,1,0.22352715
/home/tianlong/Downloads//test/wevygelkrl.mp4,1,0.33059505
/home/tianlong/Downloads//test/rdpausigpg.mp4,1,0.23513532
/home/tianlong/Downloads//test/fdziwiuoer.mp4,1,0.18406038
/home/tianlong/Downloads//test/kykmrtoitd.mp4,1,0.36121538
/home/tianlong/Downloads//test/eacsjvcmlp.mp4,1,0.14729376
/home/tianlong/Downloads//test/asvuutypvz.mp4,1,0.1946879
/home/tianlong/Downloads//test/nucqorkejg.mp4,1,0.36885962
/home/tianlong/Downloads//test/ctpexqamtx.mp4,1,0.4247264
/home/tianlong/Downloads//test/vnsxdkjjtk.mp4,1,0.14218898
/home/tianlong/Downloads//test/cktsyobheu.mp4,1,0.29763913
/home/tianlong/Downloads//test/kccicuhxgk.mp4,1,0.34094405
/home/tianlong/Downloads//test/qckjihxoze.mp4,1,0.10808861
/home/tianlong/Downloads//test/gvqtnedfso.mp4,1,0.06252602
/home/tianlong/Downloads//test/ajxkvlpgov.mp4,1,0.32495782
/home/tianlong/Downloads//test/srlilcjhaf.mp4,1,0.20750637
/home/tianlong/Downloads//test/qfjxksudna.mp4,1,0.17133074
/home/tianlong/Downloads//test/hstvglyexy.mp4,1,0.22078992
/home/tianlong/Downloads//test/jyyvhnsyys.mp4,1,0.4228232
/home/tianlong/Downloads//test/whxqigkgyk.mp4,1,0.30139622
/home/tianlong/Downloads//test/mqzrlecakr.mp4,1,0.31325695
/home/tianlong/Downloads//test/aeplbqxnge.mp4,1,0.049837485
/home/tianlong/Downloads//test/inwaznexiv.mp4,1,0.16317652
/home/tianlong/Downloads//test/anfupdhmyr.mp4,1,0.2674513
/home/tianlong/Downloads//test/wbvlgevkmb.mp4,1,0.13867201
/home/tianlong/Downloads//test/uiykwgaarz.mp4,1,0.16580261
/home/tianlong/Downloads//test/nvarnevska.mp4,1,0.20797487
/home/tianlong/Downloads//test/ooczenomzk.mp4,1,0.23948126
/home/tianlong/Downloads//test/qtjuhlppot.mp4,1,0.27016208
/home/tianlong/Downloads//test/drqtyzvhdd.mp4,1,0.14104782
/home/tianlong/Downloads//test/ytljvippwv.mp4,1,0.58701605
/home/tianlong/Downloads//test/skrqoagxle.mp4,1,0.47068527
/home/tianlong/Downloads//test/shwkznunyp.mp4,1,0.09142064
/home/tianlong/Downloads//test/tlsoagxovk.mp4,1,0.26032647
/home/tianlong/Downloads//test/enpshnkugu.mp4,1,0.37764004
/home/tianlong/Downloads//test/vitjdpnfpi.mp4,1,0.33637965
/home/tianlong/Downloads//test/jovrnujurf.mp4,1,0.43087816
/home/tianlong/Downloads//test/sbwemwjlsl.mp4,1,0.24401869
/home/tianlong/Downloads//test/uclzxnftij.mp4,1,0.07200164
/home/tianlong/Downloads//test/sdqjjttckw.mp4,1,0.08442155
/home/tianlong/Downloads//test/wtmggpeiom.mp4,1,0.119244576
