Video,Label,Prediction
/home/tianlong/Downloads//test/myvwyfdnxu.mp4,0,0.00031771115
/home/tianlong/Downloads//test/uxgkqpiykp.mp4,0,7.020003e-05
/home/tianlong/Downloads//test/qyscponfaf.mp4,0,9.468859e-05
/home/tianlong/Downloads//test/tmgmbnzrrz.mp4,0,0.01223153
/home/tianlong/Downloads//test/wfmeffvvce.mp4,0,0.03325458
/home/tianlong/Downloads//test/fwrcfaglhz.mp4,0,0.0155838365
/home/tianlong/Downloads//test/itfzfpuilx.mp4,0,0.00031658274
/home/tianlong/Downloads//test/wupoiiknff.mp4,0,8.041158e-05
/home/tianlong/Downloads//test/dscprfjses.mp4,0,0.6522348
/home/tianlong/Downloads//test/ofntcunuqn.mp4,0,0.00311479
/home/tianlong/Downloads//test/imnzannmcr.mp4,0,0.00072787463
/home/tianlong/Downloads//test/jidkzoagws.mp4,0,0.0031124332
/home/tianlong/Downloads//test/nkpqkddsgt.mp4,0,0.22889067
/home/tianlong/Downloads//test/xqmrrciral.mp4,0,0.00029559384
/home/tianlong/Downloads//test/ykfllpyawg.mp4,0,0.00017752161
/home/tianlong/Downloads//test/bpieoyctzo.mp4,0,0.0004035727
/home/tianlong/Downloads//test/wjrepvzlsv.mp4,0,0.009139969
/home/tianlong/Downloads//test/voucpidonq.mp4,0,0.0003044929
/home/tianlong/Downloads//test/fxfxtrrkeq.mp4,0,0.00015196354
/home/tianlong/Downloads//test/qggfpdkyzi.mp4,0,0.023666134
/home/tianlong/Downloads//test/xyucutnxhz.mp4,0,0.00011096787
/home/tianlong/Downloads//test/rkxepdkger.mp4,0,9.0040645e-05
/home/tianlong/Downloads//test/fxxpxoqoxp.mp4,0,0.0014869943
/home/tianlong/Downloads//test/jkxxwfycsj.mp4,0,0.4139246
/home/tianlong/Downloads//test/qbearsyziz.mp4,0,0.0011629164
/home/tianlong/Downloads//test/kyrbveruev.mp4,0,0.01247067
/home/tianlong/Downloads//test/pdyrvsvwyi.mp4,0,0.00010454847
/home/tianlong/Downloads//test/bpxxmxuvuy.mp4,0,0.1380364
/home/tianlong/Downloads//test/ekxsduhvwh.mp4,0,0.00018258665
/home/tianlong/Downloads//test/ocsqqqduxx.mp4,0,0.000372069
/home/tianlong/Downloads//test/qufzdwetss.mp4,0,0.00022582307
/home/tianlong/Downloads//test/vwqrtxbwye.mp4,0,0.07102645
/home/tianlong/Downloads//test/zuduvanawx.mp4,0,0.0010617393
/home/tianlong/Downloads//test/rkjhxvdnsv.mp4,0,0.052787617
/home/tianlong/Downloads//test/hpcivouyku.mp4,0,0.0005376157
/home/tianlong/Downloads//test/vgndywbmgf.mp4,0,0.0003898081
/home/tianlong/Downloads//test/hfgczdzbix.mp4,0,0.0013166548
/home/tianlong/Downloads//test/rwehwmmutn.mp4,0,6.483279e-05
/home/tianlong/Downloads//test/jyfnzyvznx.mp4,0,0.00021125421
/home/tianlong/Downloads//test/jxpodcendq.mp4,0,0.5671965
/home/tianlong/Downloads//test/kgynainlug.mp4,0,0.0022796418
/home/tianlong/Downloads//test/hqgervpkkf.mp4,0,0.05250824
/home/tianlong/Downloads//test/defeqlyysh.mp4,0,0.41858813
/home/tianlong/Downloads//test/xzkwbswkao.mp4,0,0.0029961572
/home/tianlong/Downloads//test/hhdblnxhtj.mp4,0,7.0155635e-05
/home/tianlong/Downloads//test/oaptmwroki.mp4,0,0.0002309592
/home/tianlong/Downloads//test/djlkkqmjkk.mp4,0,0.030414006
/home/tianlong/Downloads//test/motfposykz.mp4,0,0.03099764
/home/tianlong/Downloads//test/shvfupmrho.mp4,0,0.21823661
/home/tianlong/Downloads//test/escwmsthiz.mp4,0,0.0008471601
/home/tianlong/Downloads//test/ctpypmzfnl.mp4,0,0.00019500621
/home/tianlong/Downloads//test/sjqrdyzkgl.mp4,0,0.046236917
/home/tianlong/Downloads//test/ddrjnwlugg.mp4,0,0.0657982
/home/tianlong/Downloads//test/hxfqltenqh.mp4,0,0.000119057084
/home/tianlong/Downloads//test/umerhoubxw.mp4,0,0.00021603024
/home/tianlong/Downloads//test/jxrpqynwlt.mp4,0,0.0002616989
/home/tianlong/Downloads//test/hprzotbjtj.mp4,0,0.0006161387
/home/tianlong/Downloads//test/cqewayywpg.mp4,0,0.00017055958
/home/tianlong/Downloads//test/nvptcoxzah.mp4,0,0.004438882
/home/tianlong/Downloads//test/uvzlfuxalu.mp4,0,0.66759914
/home/tianlong/Downloads//test/mfcbgbcuvb.mp4,0,0.00012648119
/home/tianlong/Downloads//test/tmtoypmqwt.mp4,0,0.0002116438
/home/tianlong/Downloads//test/bsjucwhlrj.mp4,0,0.00014635856
/home/tianlong/Downloads//test/hlsubhyoea.mp4,0,0.00019932304
/home/tianlong/Downloads//test/deslnszgpy.mp4,0,9.320425e-05
/home/tianlong/Downloads//test/tfwdbkwvgz.mp4,0,0.0005979548
/home/tianlong/Downloads//test/ufxafdxpat.mp4,0,0.00012952396
/home/tianlong/Downloads//test/lmacrzidyh.mp4,0,0.0044961325
/home/tianlong/Downloads//test/wyiajvmitt.mp4,0,0.00043297824
/home/tianlong/Downloads//test/xbdnqfbxcv.mp4,0,5.567218e-05
/home/tianlong/Downloads//test/mhfnldxixw.mp4,0,0.0014111372
/home/tianlong/Downloads//test/pfiigjlcct.mp4,0,0.0061601102
/home/tianlong/Downloads//test/ldtibsniik.mp4,0,0.00037106013
/home/tianlong/Downloads//test/gwzttezkpv.mp4,0,0.00021445216
/home/tianlong/Downloads//test/pevmkpamhv.mp4,0,0.0005056181
/home/tianlong/Downloads//test/zcfpsnaujx.mp4,0,0.1023944
/home/tianlong/Downloads//test/slvcfpalev.mp4,0,0.003639696
/home/tianlong/Downloads//test/ctdwtfcjei.mp4,0,0.0006774888
/home/tianlong/Downloads//test/vxwsisekmb.mp4,0,0.16338873
/home/tianlong/Downloads//test/pkoadvlpga.mp4,0,0.0002316415
/home/tianlong/Downloads//test/ofapaanpkl.mp4,0,0.0010529802
/home/tianlong/Downloads//test/huzryvwrfa.mp4,0,0.0071078124
/home/tianlong/Downloads//test/knjoasqzvt.mp4,0,0.007871135
/home/tianlong/Downloads//test/cedpyannqf.mp4,0,0.00041013313
/home/tianlong/Downloads//test/mdwtpvlbrz.mp4,0,0.0004639209
/home/tianlong/Downloads//test/hfcxlucrbj.mp4,0,0.05248506
/home/tianlong/Downloads//test/wbsajsyaej.mp4,0,0.00011189975
/home/tianlong/Downloads//test/tbqrwehekx.mp4,0,0.073336504
/home/tianlong/Downloads//test/shslgpeisw.mp4,0,0.040383853
/home/tianlong/Downloads//test/epgfqrvwlr.mp4,0,0.00015267596
/home/tianlong/Downloads//test/fduhwlydlg.mp4,0,0.00022900004
/home/tianlong/Downloads//test/cpmridjxbc.mp4,0,0.004154668
/home/tianlong/Downloads//test/kphflojove.mp4,0,0.24847679
/home/tianlong/Downloads//test/hlcpwfwcyw.mp4,0,0.013719953
/home/tianlong/Downloads//test/bpeemkcxad.mp4,0,0.5437005
/home/tianlong/Downloads//test/jkadnvoqhk.mp4,0,0.19891615
/home/tianlong/Downloads//test/lzzpsosige.mp4,0,0.019582994
/home/tianlong/Downloads//test/pxtwhbaxjq.mp4,0,0.33173922
/home/tianlong/Downloads//test/pxgcsltbuo.mp4,0,0.0004959351
/home/tianlong/Downloads//test/gmepmwcgwg.mp4,0,0.00014750041
/home/tianlong/Downloads//test/tnetytnegv.mp4,0,8.639714e-05
/home/tianlong/Downloads//test/sxmqvznwwq.mp4,0,0.01651016
/home/tianlong/Downloads//test/partcfzlbj.mp4,0,0.000120727724
/home/tianlong/Downloads//test/tnkmovifrb.mp4,0,0.9470131
/home/tianlong/Downloads//test/dpgznlwvpx.mp4,0,0.00026931835
/home/tianlong/Downloads//test/mbpbbekqks.mp4,0,0.6916179
/home/tianlong/Downloads//test/hdbejalgtx.mp4,0,0.00010577415
/home/tianlong/Downloads//test/bmdiaytrcm.mp4,0,0.0026104776
/home/tianlong/Downloads//test/yghxoihrle.mp4,0,0.00027092223
/home/tianlong/Downloads//test/vcgelshrli.mp4,0,0.00023317215
/home/tianlong/Downloads//test/yvdnbmbwyh.mp4,0,0.15492094
/home/tianlong/Downloads//test/kmakhupeac.mp4,0,0.82779723
/home/tianlong/Downloads//test/ccevbixrwu.mp4,0,0.00046602965
/home/tianlong/Downloads//test/edavfjsjzw.mp4,0,0.0011666706
/home/tianlong/Downloads//test/znmzmierff.mp4,0,0.00031208366
/home/tianlong/Downloads//test/kiotoqmmfj.mp4,0,0.24448441
/home/tianlong/Downloads//test/nqctdktbtb.mp4,0,0.0007004955
/home/tianlong/Downloads//test/inneixkosf.mp4,0,0.008722671
/home/tianlong/Downloads//test/occrrsyizc.mp4,0,0.0001720051
/home/tianlong/Downloads//test/zfecmsiodq.mp4,0,0.00829737
/home/tianlong/Downloads//test/haknpmhigp.mp4,0,0.028376425
/home/tianlong/Downloads//test/zjbwxmmrgk.mp4,0,0.00020969946
/home/tianlong/Downloads//test/qgpabkriss.mp4,0,0.00078275846
/home/tianlong/Downloads//test/liureznisp.mp4,0,0.013227924
/home/tianlong/Downloads//test/bzdywpajvr.mp4,0,0.029540533
/home/tianlong/Downloads//test/jniytngcmy.mp4,0,0.18212904
/home/tianlong/Downloads//test/idklchvhxp.mp4,0,0.008666365
/home/tianlong/Downloads//test/pijzjjchqn.mp4,0,0.9898383
/home/tianlong/Downloads//test/pjnsejazpl.mp4,0,0.04429118
/home/tianlong/Downloads//test/gpaqoqegbn.mp4,0,0.0033892535
/home/tianlong/Downloads//test/xsxwrwvfkg.mp4,0,0.000557534
/home/tianlong/Downloads//test/arwefyghir.mp4,0,0.00025552296
/home/tianlong/Downloads//test/ptgvxdueef.mp4,0,0.00011513307
/home/tianlong/Downloads//test/plljpjscih.mp4,0,0.00079430384
/home/tianlong/Downloads//test/jozfaxodnx.mp4,0,0.0026405964
/home/tianlong/Downloads//test/girdwtjwsr.mp4,0,0.00032208656
/home/tianlong/Downloads//test/jbaahohsns.mp4,0,0.3496339
/home/tianlong/Downloads//test/uetfcmaryk.mp4,0,0.59594166
/home/tianlong/Downloads//test/oqbltrmhvt.mp4,0,0.23178653
/home/tianlong/Downloads//test/dvtzvkcrku.mp4,0,0.0005665697
/home/tianlong/Downloads//test/qjilklnynm.mp4,0,0.0004842783
/home/tianlong/Downloads//test/tcsdjwbihw.mp4,0,0.0008893944
/home/tianlong/Downloads//test/zhftwvtutp.mp4,0,0.001401668
/home/tianlong/Downloads//test/xgktqwvknw.mp4,0,0.00011274725
/home/tianlong/Downloads//test/cdeesuuuqz.mp4,0,6.966945e-05
/home/tianlong/Downloads//test/ymngcysczs.mp4,0,0.0008322343
/home/tianlong/Downloads//test/gctyynjruz.mp4,0,0.00021464114
/home/tianlong/Downloads//test/vkirqaiuoc.mp4,0,6.888397e-05
/home/tianlong/Downloads//test/ykywskdwlc.mp4,0,0.58325523
/home/tianlong/Downloads//test/verpxkucoi.mp4,0,0.00012138674
/home/tianlong/Downloads//test/gpsqelalbp.mp4,0,0.00014754404
/home/tianlong/Downloads//test/paorozwtbf.mp4,0,0.0014601253
/home/tianlong/Downloads//test/iaaecuquha.mp4,0,0.0071309134
/home/tianlong/Downloads//test/lmgdjtzwau.mp4,0,0.50239545
/home/tianlong/Downloads//test/tayykmblhg.mp4,0,6.283731e-05
/home/tianlong/Downloads//test/hpurahupjh.mp4,0,6.101614e-05
/home/tianlong/Downloads//test/uutxmgqajd.mp4,0,0.0006672383
/home/tianlong/Downloads//test/rbkcpkwhjn.mp4,0,0.00022894307
/home/tianlong/Downloads//test/wtnloygygs.mp4,0,0.00021747702
/home/tianlong/Downloads//test/biborxaekt.mp4,0,0.00027806137
/home/tianlong/Downloads//test/drlnvwvvuw.mp4,0,0.009560935
/home/tianlong/Downloads//test/axutpjywuu.mp4,0,0.0029073386
/home/tianlong/Downloads//test/jbcnsmlysc.mp4,0,0.0005110269
/home/tianlong/Downloads//test/ilzhgraxpl.mp4,0,0.00022095181
/home/tianlong/Downloads//test/cwqhzuhjol.mp4,0,0.0004635658
/home/tianlong/Downloads//test/tlzordotqw.mp4,0,0.29339623
/home/tianlong/Downloads//test/hdauuytvhx.mp4,0,0.13386782
/home/tianlong/Downloads//test/rtiyduycrn.mp4,0,0.0010167541
/home/tianlong/Downloads//test/mdsmgzaltc.mp4,0,0.07186871
/home/tianlong/Downloads//test/mnlxxoicoo.mp4,0,0.0003476839
/home/tianlong/Downloads//test/ksfuiztwuc.mp4,0,0.0001576298
/home/tianlong/Downloads//test/tpjydgkvdt.mp4,0,0.001150538
/home/tianlong/Downloads//test/nmjesbwiux.mp4,0,0.00015451417
/home/tianlong/Downloads//test/egzfaoiuwo.mp4,0,0.0057142186
/home/tianlong/Downloads//test/ucmfbukrkj.mp4,0,0.0010051463
/home/tianlong/Downloads//test/aoqzxlwvmi.mp4,0,0.10878279
/home/tianlong/Downloads//test/zzjfzeuizr.mp4,0,0.65132624
/home/tianlong/Downloads//test/aunokqsmrt.mp4,0,0.006120685
/home/tianlong/Downloads//test/kudvvlgiff.mp4,0,0.00019128078
/home/tianlong/Downloads//test/qqwsabrgxh.mp4,0,6.4834465e-05
/home/tianlong/Downloads//test/pvsslamopo.mp4,0,6.373611e-05
/home/tianlong/Downloads//test/kawxnfacqs.mp4,0,7.213773e-05
/home/tianlong/Downloads//test/lxeqbyddvt.mp4,0,0.00024184455
/home/tianlong/Downloads//test/zylribcaeu.mp4,0,0.20458871
/home/tianlong/Downloads//test/sghdekqnnn.mp4,0,0.305363
/home/tianlong/Downloads//test/msbqgoxxlh.mp4,0,0.0010624375
/home/tianlong/Downloads//test/ubbzrfgzer.mp4,0,0.004310178
/home/tianlong/Downloads//test/vuofhivyfs.mp4,0,0.26761147
/home/tianlong/Downloads//test/xirrbpmlja.mp4,0,0.056827385
/home/tianlong/Downloads//test/appvffejyy.mp4,0,0.1340317
/home/tianlong/Downloads//test/nzepxsbotb.mp4,0,0.12604584
/home/tianlong/Downloads//test/nkqkvwpghi.mp4,0,0.00035901795
/home/tianlong/Downloads//test/vdvffooule.mp4,0,0.0064653344
/home/tianlong/Downloads//test/rayhrvqorn.mp4,0,0.00017805368
/home/tianlong/Downloads//test/cslfapvyjv.mp4,0,0.000108305925
/home/tianlong/Downloads//test/rmygsfjyvt.mp4,0,0.00014728929
/home/tianlong/Downloads//test/yhbhhibwzo.mp4,0,0.038160946
/home/tianlong/Downloads//test/vlxfyuzygn.mp4,0,0.49575338
/home/tianlong/Downloads//test/zefqhoewww.mp4,0,0.001550625
/home/tianlong/Downloads//test/vptrrrmhyb.mp4,0,0.0005546338
/home/tianlong/Downloads//test/cefolmrrlx.mp4,0,0.0028383972
/home/tianlong/Downloads//test/xzmplldajk.mp4,0,0.020877758
/home/tianlong/Downloads//test/hrznynemfj.mp4,0,0.0002944393
/home/tianlong/Downloads//test/tkxblcleyd.mp4,0,0.00015999995
/home/tianlong/Downloads//test/tlxgwzheli.mp4,0,0.00015980205
/home/tianlong/Downloads//test/qvgutokvct.mp4,0,0.008002783
/home/tianlong/Downloads//test/tcwyxrvdpe.mp4,0,0.0002401069
/home/tianlong/Downloads//test/jwrypvpvpx.mp4,0,8.5479405e-05
/home/tianlong/Downloads//test/bpyjsrjcro.mp4,0,0.06708505
/home/tianlong/Downloads//test/avteqdmbob.mp4,0,0.00025238923
/home/tianlong/Downloads//test/aaivbtdyjn.mp4,0,0.1032088
/home/tianlong/Downloads//test/pokctfragw.mp4,0,0.00013668464
/home/tianlong/Downloads//test/vgdllmzjcw.mp4,0,0.00021000415
/home/tianlong/Downloads//test/zdlhavfmit.mp4,0,0.000344628
/home/tianlong/Downloads//test/yupsrmckii.mp4,0,0.0002942227
/home/tianlong/Downloads//test/pobpsxjbzg.mp4,0,0.00054355245
/home/tianlong/Downloads//test/lkvouattut.mp4,0,0.00022924309
/home/tianlong/Downloads//test/anjzzdyhno.mp4,0,0.00029219806
/home/tianlong/Downloads//test/jvihmimqca.mp4,0,0.00011089889
/home/tianlong/Downloads//test/wnoitecfmf.mp4,0,0.00041687235
/home/tianlong/Downloads//test/gbvllwqbjl.mp4,0,0.0008340466
/home/tianlong/Downloads//test/gzabjmglim.mp4,0,9.391297e-05
/home/tianlong/Downloads//test/paqcbtdulm.mp4,0,6.516925e-05
/home/tianlong/Downloads//test/jcbbrqaaaq.mp4,0,7.321945e-05
/home/tianlong/Downloads//test/nsavbywhlu.mp4,0,0.0006946965
/home/tianlong/Downloads//test/zwfebeiqat.mp4,0,0.0005981266
/home/tianlong/Downloads//test/pimrsfwcwm.mp4,0,0.0076602716
/home/tianlong/Downloads//test/mrvdmwcblt.mp4,0,0.0001499219
/home/tianlong/Downloads//test/hedetzyqpu.mp4,0,0.1762514
/home/tianlong/Downloads//test/qytaiboeep.mp4,0,0.005784569
/home/tianlong/Downloads//test/famavifufv.mp4,0,0.02227019
/home/tianlong/Downloads//test/hnselekxwv.mp4,0,0.009956257
/home/tianlong/Downloads//test/emgciwmtuj.mp4,0,0.00014282735
/home/tianlong/Downloads//test/wbmvbetcdm.mp4,0,0.00024608645
/home/tianlong/Downloads//test/mpvnvvihzp.mp4,0,0.0011503735
/home/tianlong/Downloads//test/zelgpxflfe.mp4,0,0.1762259
/home/tianlong/Downloads//test/lhjcdavmmg.mp4,0,0.008061499
/home/tianlong/Downloads//test/rxtqqoncwj.mp4,0,5.664764e-05
/home/tianlong/Downloads//test/shrpamtirw.mp4,0,0.00015329031
/home/tianlong/Downloads//test/qhzlgrtgto.mp4,0,0.00017871104
/home/tianlong/Downloads//test/uuzyzglejw.mp4,0,0.0010416606
/home/tianlong/Downloads//test/bmnpqrwnex.mp4,0,0.0006918982
/home/tianlong/Downloads//test/dtssdnhgiw.mp4,0,0.00010840566
/home/tianlong/Downloads//test/rlhmppiklf.mp4,0,0.0044145887
/home/tianlong/Downloads//test/sswhgeqjrt.mp4,0,0.0010896343
/home/tianlong/Downloads//test/emxqsgqtdz.mp4,0,0.00017845904
/home/tianlong/Downloads//test/bcwtjzsutw.mp4,0,0.43257466
/home/tianlong/Downloads//test/uomfimsutw.mp4,0,0.07443602
/home/tianlong/Downloads//test/mztlucosuc.mp4,0,0.0064469962
/home/tianlong/Downloads//test/ntcfyojagi.mp4,0,0.00012321452
/home/tianlong/Downloads//test/wrbuiboyat.mp4,0,0.0010309172
/home/tianlong/Downloads//test/xiqecarvpb.mp4,0,0.0008409033
/home/tianlong/Downloads//test/fcvzlzfufb.mp4,0,0.009610358
/home/tianlong/Downloads//test/savqrjnncg.mp4,0,0.042267073
/home/tianlong/Downloads//test/icqmqztbry.mp4,0,7.1079194e-05
/home/tianlong/Downloads//test/zzrmokkxka.mp4,0,0.22942586
/home/tianlong/Downloads//test/btgxrrldio.mp4,0,0.00042963706
/home/tianlong/Downloads//test/zdnepyqjiy.mp4,0,0.00068599306
/home/tianlong/Downloads//test/fybiztpnrc.mp4,0,0.001036815
/home/tianlong/Downloads//test/parqhrknkf.mp4,0,0.09041714
/home/tianlong/Downloads//test/tvffpggbrc.mp4,0,0.00037362764
/home/tianlong/Downloads//test/rtpuwtrxsr.mp4,0,0.19960542
/home/tianlong/Downloads//test/tgmqfzsznf.mp4,0,0.00070520403
/home/tianlong/Downloads//test/eqabuehals.mp4,0,6.9430804e-05
/home/tianlong/Downloads//test/ikebomnsiq.mp4,0,0.000181242
/home/tianlong/Downloads//test/wfzxrfxohw.mp4,0,0.01259626
/home/tianlong/Downloads//test/dqfgwejsvm.mp4,0,0.00046986263
/home/tianlong/Downloads//test/lxadgjqzbf.mp4,0,0.0036960102
/home/tianlong/Downloads//test/tdahgbtenl.mp4,0,0.602257
/home/tianlong/Downloads//test/bivzhsmrqo.mp4,0,0.000755992
/home/tianlong/Downloads//test/vzxluflrhn.mp4,0,0.00011357798
/home/tianlong/Downloads//test/ikmsdmynbf.mp4,0,0.004989715
/home/tianlong/Downloads//test/kuqbgbrypa.mp4,0,0.5739258
/home/tianlong/Downloads//test/nfstajzaot.mp4,0,6.9193215e-05
/home/tianlong/Downloads//test/dultiznosk.mp4,0,0.000101625985
/home/tianlong/Downloads//test/ckqfqernbf.mp4,0,0.00013664833
/home/tianlong/Downloads//test/kbdwudhhwf.mp4,0,0.00025629744
/home/tianlong/Downloads//test/hqpjmwyygq.mp4,0,0.00043156356
/home/tianlong/Downloads//test/tjyuudtkme.mp4,0,0.00013740872
/home/tianlong/Downloads//test/tihgxlmfcj.mp4,0,0.00017079762
/home/tianlong/Downloads//test/sgdnbofecu.mp4,0,0.0031078563
/home/tianlong/Downloads//test/pgamqeolau.mp4,0,0.00044281446
/home/tianlong/Downloads//test/ijeqomctsa.mp4,0,0.00014879121
/home/tianlong/Downloads//test/ppruxbqpmc.mp4,0,0.00026812265
/home/tianlong/Downloads//test/hkvfyeacje.mp4,0,9.221755e-05
/home/tianlong/Downloads//test/zqrzqekofe.mp4,0,0.0003570104
/home/tianlong/Downloads//test/iwzbgmtsuh.mp4,0,0.05562583
/home/tianlong/Downloads//test/dbixwxtuxs.mp4,0,0.00027440302
/home/tianlong/Downloads//test/cepqcoseaj.mp4,0,0.011731263
/home/tianlong/Downloads//test/gypapuqdrx.mp4,0,0.77513367
/home/tianlong/Downloads//test/djhhnixfyi.mp4,0,0.00013058081
/home/tianlong/Downloads//test/fkarxowzuf.mp4,0,0.006182572
/home/tianlong/Downloads//test/gfxnuidfgl.mp4,0,0.0001657777
/home/tianlong/Downloads//test/vsreebjsfs.mp4,0,0.031334735
/home/tianlong/Downloads//test/manqchicur.mp4,0,0.11498802
/home/tianlong/Downloads//test/gztffgsxpt.mp4,0,0.00081914227
/home/tianlong/Downloads//test/jdzkykqgsx.mp4,0,7.0213064e-05
/home/tianlong/Downloads//test/cvbubcwkkl.mp4,0,7.910619e-05
/home/tianlong/Downloads//test/bgqhldvsgc.mp4,0,0.00011237484
/home/tianlong/Downloads//test/blqgpxokwq.mp4,0,0.00033022056
/home/tianlong/Downloads//test/cxvayntesu.mp4,0,0.0053349626
/home/tianlong/Downloads//test/dxepehnhgm.mp4,0,0.014360924
/home/tianlong/Downloads//test/bcgjlsupne.mp4,0,0.0154984845
/home/tianlong/Downloads//test/uhynwthfhf.mp4,0,0.68608314
/home/tianlong/Downloads//test/gocrdvihos.mp4,0,0.00015025839
/home/tianlong/Downloads//test/gtyvtbojpp.mp4,0,0.00026029788
/home/tianlong/Downloads//test/eqtwkqxolz.mp4,0,0.00017835309
/home/tianlong/Downloads//test/arwiyweadv.mp4,0,0.11603495
/home/tianlong/Downloads//test/mlizcisxro.mp4,0,0.00073595834
/home/tianlong/Downloads//test/miiymgajty.mp4,0,9.964723e-05
/home/tianlong/Downloads//test/ragjclplkx.mp4,0,0.00017443199
/home/tianlong/Downloads//test/wxrfuemtxj.mp4,0,0.001535083
/home/tianlong/Downloads//test/xxupwwukoh.mp4,0,0.00079250307
/home/tianlong/Downloads//test/qdantvtdji.mp4,0,0.11292825
/home/tianlong/Downloads//test/oqehnuhbwa.mp4,0,0.011581302
/home/tianlong/Downloads//test/yzqbwkwxsn.mp4,0,0.00042678372
/home/tianlong/Downloads//test/osjaqtkkdt.mp4,0,0.06066226
/home/tianlong/Downloads//test/nthlmvjxac.mp4,0,0.00022246217
/home/tianlong/Downloads//test/dpegbdzijf.mp4,0,0.000116508774
/home/tianlong/Downloads//test/ezgusylcyf.mp4,0,0.17078142
/home/tianlong/Downloads//test/isxxybhuls.mp4,0,0.6632257
/home/tianlong/Downloads//test/dbqbwrcvjk.mp4,0,0.14311217
/home/tianlong/Downloads//test/qqrvyhjznq.mp4,0,0.00016470342
/home/tianlong/Downloads//test/ohdtmpzbtp.mp4,0,0.0010630391
/home/tianlong/Downloads//test/oupztxzdln.mp4,0,0.00013708975
/home/tianlong/Downloads//test/snidpujjti.mp4,0,0.00013490966
/home/tianlong/Downloads//test/yoxdseoukl.mp4,0,0.0010646983
/home/tianlong/Downloads//test/bxsdnqizii.mp4,0,0.011210803
/home/tianlong/Downloads//test/ihszkmcwvw.mp4,0,0.00048678744
/home/tianlong/Downloads//test/rgrqhjtoby.mp4,0,0.0006297233
/home/tianlong/Downloads//test/vqibhetnwa.mp4,0,0.2063573
/home/tianlong/Downloads//test/rkqqgwurqt.mp4,0,0.0009300545
/home/tianlong/Downloads//test/axdepsfowg.mp4,0,7.815849e-05
/home/tianlong/Downloads//test/dcpmipuapc.mp4,0,9.5176154e-05
/home/tianlong/Downloads//test/ncjqganhal.mp4,0,0.21732374
/home/tianlong/Downloads//test/qnbnlmpqpu.mp4,0,0.017384978
/home/tianlong/Downloads//test/ieoervpooz.mp4,0,0.0010037122
/home/tianlong/Downloads//test/fscyfygpyk.mp4,0,0.17818993
/home/tianlong/Downloads//test/pitpjawwwp.mp4,0,0.0103106275
/home/tianlong/Downloads//test/geturetbpy.mp4,0,0.025588883
/home/tianlong/Downloads//test/kwsraaqime.mp4,0,0.0036054996
/home/tianlong/Downloads//test/lhgoghqmub.mp4,0,0.0077394973
/home/tianlong/Downloads//test/kdmonvkpqd.mp4,0,0.0026550407
/home/tianlong/Downloads//test/wrcelewmpa.mp4,0,0.00036216236
/home/tianlong/Downloads//test/bxqgvzamnx.mp4,0,0.00013257256
/home/tianlong/Downloads//test/nliofvksed.mp4,0,0.0018382102
/home/tianlong/Downloads//test/mwjnvghsbe.mp4,0,0.05800985
/home/tianlong/Downloads//test/ygiscbckjl.mp4,0,0.044291526
/home/tianlong/Downloads//test/wscclwhfsr.mp4,0,0.014406004
/home/tianlong/Downloads//test/hddminxrhw.mp4,0,0.001292412
/home/tianlong/Downloads//test/ncrkggcdqp.mp4,0,0.17888264
/home/tianlong/Downloads//test/xjinzawywt.mp4,0,0.02234766
/home/tianlong/Downloads//test/korrsqtkke.mp4,0,0.0019316507
/home/tianlong/Downloads//test/tskjnnvjsa.mp4,0,0.0010091058
/home/tianlong/Downloads//test/tyjxmknivy.mp4,0,0.003434468
/home/tianlong/Downloads//test/qyvqrtscbk.mp4,0,0.0001842162
/home/tianlong/Downloads//test/kxnybtbpkl.mp4,0,7.907169e-05
/home/tianlong/Downloads//test/wiqtkqwfsw.mp4,0,0.009111729
/home/tianlong/Downloads//test/bevjclbhuo.mp4,0,0.00012034574
/home/tianlong/Downloads//test/shwulrbsfx.mp4,0,0.0029091707
/home/tianlong/Downloads//test/mohtuktaaq.mp4,0,0.0008053622
/home/tianlong/Downloads//test/fwsypadiom.mp4,0,0.096428
/home/tianlong/Downloads//test/buywrbgfqy.mp4,0,0.0009610755
/home/tianlong/Downloads//test/bljpdykszf.mp4,0,0.24270137
/home/tianlong/Downloads//test/ztxdkcoxvx.mp4,0,0.0026308105
/home/tianlong/Downloads//test/oqeoibjbim.mp4,0,0.00035213924
/home/tianlong/Downloads//test/szwhgmrrhm.mp4,0,0.021843737
/home/tianlong/Downloads//test/xnydmgdhum.mp4,0,0.26077762
/home/tianlong/Downloads//test/fltaysfwct.mp4,0,0.00035235507
/home/tianlong/Downloads//test/akdvkdoyoh.mp4,0,0.12425548
/home/tianlong/Downloads//test/ftfemkjnot.mp4,0,0.00019252171
/home/tianlong/Downloads//test/gmbckelbzp.mp4,0,0.00074371445
/home/tianlong/Downloads//test/jjzveabagf.mp4,0,0.009877755
/home/tianlong/Downloads//test/dfqwasrdvq.mp4,0,0.026504314
/home/tianlong/Downloads//test/diskzkrrph.mp4,0,0.01626931
/home/tianlong/Downloads//test/jtwpwdqmxz.mp4,0,0.00046873259
/home/tianlong/Downloads//test/qivnumuetu.mp4,0,0.00011073938
/home/tianlong/Downloads//test/blmuzhjygg.mp4,0,0.0013415354
/home/tianlong/Downloads//test/sbxlfehzjc.mp4,0,0.4039813
/home/tianlong/Downloads//test/tcwhwssdnv.mp4,0,0.0050640483
/home/tianlong/Downloads//test/bkbokyebco.mp4,0,0.005609665
/home/tianlong/Downloads//test/vojsghpebv.mp4,0,0.026087455
/home/tianlong/Downloads//test/opuhoerhxb.mp4,0,0.00023600676
/home/tianlong/Downloads//test/mmhdcoqsve.mp4,0,0.26766104
/home/tianlong/Downloads//test/ewxddjqzml.mp4,0,0.000759779
/home/tianlong/Downloads//test/dznchaiaqh.mp4,0,0.0008898144
/home/tianlong/Downloads//test/mloeefokyq.mp4,0,0.0005366125
/home/tianlong/Downloads//test/fgkpembbpv.mp4,0,0.0006571749
/home/tianlong/Downloads//test/orqafstesq.mp4,0,0.00028375557
/home/tianlong/Downloads//test/ckgabgjnca.mp4,0,0.2536181
/home/tianlong/Downloads//test/iuvhrgckrt.mp4,0,0.16399752
/home/tianlong/Downloads//test/vlzwcejywm.mp4,0,0.00021289651
/home/tianlong/Downloads//test/cpucjmfawf.mp4,0,0.0024882106
/home/tianlong/Downloads//test/ekvhyeycpr.mp4,0,0.00022786793
/home/tianlong/Downloads//test/tazlckybzu.mp4,0,0.00012507338
/home/tianlong/Downloads//test/clxgzkdgta.mp4,0,0.11139958
/home/tianlong/Downloads//test/zlfbumxcxs.mp4,0,6.340155e-05
/home/tianlong/Downloads//test/plhcceboag.mp4,0,0.0001756554
/home/tianlong/Downloads//test/extihvlsxg.mp4,0,0.0005827806
/home/tianlong/Downloads//test/olebnvxoyl.mp4,0,0.014624365
/home/tianlong/Downloads//test/opdqcwqxzy.mp4,0,0.00016240613
/home/tianlong/Downloads//test/stwaypekwh.mp4,0,0.00012088766
/home/tianlong/Downloads//test/xogwctpikv.mp4,0,0.0001414808
/home/tianlong/Downloads//test/cjiwxfwcit.mp4,0,0.013853448
/home/tianlong/Downloads//test/txshgvrava.mp4,0,0.00017839076
/home/tianlong/Downloads//test/ggpuxwhpri.mp4,0,0.3090036
/home/tianlong/Downloads//test/jlxnzxtopm.mp4,0,7.891688e-05
/home/tianlong/Downloads//test/thjugpbwcv.mp4,0,0.48187074
/home/tianlong/Downloads//test/pkititkein.mp4,0,0.0012804532
/home/tianlong/Downloads//test/hjiwmybauf.mp4,0,0.1272045
/home/tianlong/Downloads//test/efazuieysm.mp4,0,0.0001526756
/home/tianlong/Downloads//test/tdzsgrdneg.mp4,0,0.46426597
/home/tianlong/Downloads//test/mkxmvreoth.mp4,0,7.640397e-05
/home/tianlong/Downloads//test/ofbjiuemkr.mp4,0,0.0005212065
/home/tianlong/Downloads//test/dogotzkdiw.mp4,0,0.00010314186
/home/tianlong/Downloads//test/qdmvzknbua.mp4,0,0.00054311904
/home/tianlong/Downloads//test/pnauelqbxq.mp4,0,0.00062694337
/home/tianlong/Downloads//test/sytddqezij.mp4,0,0.06499148
/home/tianlong/Downloads//test/bhpddnqauc.mp4,0,0.00053361605
/home/tianlong/Downloads//test/imtkdzkypf.mp4,0,0.17785543
/home/tianlong/Downloads//test/kbodjivgqu.mp4,0,0.00012897135
/home/tianlong/Downloads//test/qtxraeaxeh.mp4,0,0.00023877725
/home/tianlong/Downloads//test/uaxmqpmswz.mp4,0,0.0001569605
/home/tianlong/Downloads//test/qlbapiibba.mp4,0,0.23692763
/home/tianlong/Downloads//test/mzurunkulx.mp4,0,0.0061404537
/home/tianlong/Downloads//test/aujoxrpddn.mp4,0,0.00022986186
/home/tianlong/Downloads//test/ebenvuuxld.mp4,0,9.343415e-05
/home/tianlong/Downloads//test/fsfjlwwsen.mp4,0,0.8491152
/home/tianlong/Downloads//test/zwgaptzuqt.mp4,0,0.0004211434
/home/tianlong/Downloads//test/gldpafckwo.mp4,0,0.00055929023
/home/tianlong/Downloads//test/nvkzpexyzg.mp4,0,0.0276602
/home/tianlong/Downloads//test/vnrmxwtsmf.mp4,0,0.00021084196
/home/tianlong/Downloads//test/hmofiqjzxe.mp4,0,0.28827608
/home/tianlong/Downloads//test/ucryyubbqk.mp4,0,0.00029384182
/home/tianlong/Downloads//test/gwqdrapybq.mp4,0,0.0001151608
/home/tianlong/Downloads//test/avttogwbyz.mp4,0,0.00033109428
/home/tianlong/Downloads//test/hbmvxgonmq.mp4,0,7.30213e-05
/home/tianlong/Downloads//test/gxxlbjuyza.mp4,0,0.00037321777
/home/tianlong/Downloads//test/jhzozsurac.mp4,0,0.31893924
/home/tianlong/Downloads//test/opyqudaics.mp4,0,6.80412e-05
/home/tianlong/Downloads//test/vigbdgmudk.mp4,0,0.034492083
/home/tianlong/Downloads//test/viidhkoxyv.mp4,0,0.00015339187
/home/tianlong/Downloads//test/dmpvbeyuqb.mp4,0,0.00048228304
/home/tianlong/Downloads//test/wgycqahjww.mp4,0,0.42731038
/home/tianlong/Downloads//test/wwgmzeavbd.mp4,0,0.006601764
/home/tianlong/Downloads//test/qtqyglbdem.mp4,0,0.008262081
/home/tianlong/Downloads//test/nqynuhnklk.mp4,0,0.00033823936
/home/tianlong/Downloads//test/jygbqsigcr.mp4,0,0.00011631896
/home/tianlong/Downloads//test/nsozqvhalr.mp4,0,0.28092834
/home/tianlong/Downloads//test/yvmrwdyxby.mp4,0,0.00037540178
/home/tianlong/Downloads//test/kvhbyuklfv.mp4,0,0.0032621063
/home/tianlong/Downloads//test/iwnfvkmktq.mp4,0,0.14548145
/home/tianlong/Downloads//test/qzfmctgxcs.mp4,0,0.00022505608
/home/tianlong/Downloads//test/vhipamioud.mp4,0,0.00029235275
/home/tianlong/Downloads//test/lmbvoxhowe.mp4,0,6.4530905e-05
/home/tianlong/Downloads//test/ziqjamfzlv.mp4,0,0.0025861391
/home/tianlong/Downloads//test/kqnwutdvpd.mp4,0,6.725438e-05
/home/tianlong/Downloads//test/lucpbeexdk.mp4,0,0.00029843845
/home/tianlong/Downloads//test/pnotaniiuh.mp4,0,0.00044608422
/home/tianlong/Downloads//test/qohtjkzity.mp4,0,0.1641686
/home/tianlong/Downloads//test/bkjhfcvsig.mp4,0,8.959798e-05
/home/tianlong/Downloads//test/kpcrdurodw.mp4,0,0.00459818
/home/tianlong/Downloads//test/nmphdbflzj.mp4,0,0.047767445
/home/tianlong/Downloads//test/fmsxomanga.mp4,0,0.00016444911
/home/tianlong/Downloads//test/tgwpcoljin.mp4,0,0.013507902
/home/tianlong/Downloads//test/foynwjsqeh.mp4,0,0.120039046
/home/tianlong/Downloads//test/vdqritvjfl.mp4,0,0.040693205
/home/tianlong/Downloads//test/egyemqrvna.mp4,0,0.824344
/home/tianlong/Downloads//test/xrtmepdfyh.mp4,0,0.00016134624
/home/tianlong/Downloads//test/zfgjechdto.mp4,0,0.00021715602
/home/tianlong/Downloads//test/jujpqsrgll.mp4,0,0.00020794962
/home/tianlong/Downloads//test/iakzgqqova.mp4,0,0.0012864451
/home/tianlong/Downloads//test/fqdklzzkfj.mp4,0,0.0004882719
/home/tianlong/Downloads//test/dnfnxwbsoi.mp4,0,0.00042697007
/home/tianlong/Downloads//test/lynaeydofd.mp4,0,0.00010151457
/home/tianlong/Downloads//test/relrfifywa.mp4,0,0.00015772363
/home/tianlong/Downloads//test/imsacxixmv.mp4,0,0.00019594678
/home/tianlong/Downloads//test/rfbwukxpye.mp4,0,0.00024498
/home/tianlong/Downloads//test/atixaudngu.mp4,0,0.00010709488
/home/tianlong/Downloads//test/tcychsyltm.mp4,0,0.00033836658
/home/tianlong/Downloads//test/kifyfzqzjj.mp4,0,0.0021932148
/home/tianlong/Downloads//test/irjbukzjqt.mp4,0,0.40747496
/home/tianlong/Downloads//test/jmkkbkvbjo.mp4,0,0.013424889
/home/tianlong/Downloads//test/gflhlvhqyl.mp4,0,0.15945204
/home/tianlong/Downloads//test/myebjqbxsl.mp4,0,0.00048306014
/home/tianlong/Downloads//test/mqeqiytluf.mp4,0,5.830527e-05
/home/tianlong/Downloads//test/zbsjlcsetv.mp4,0,0.000109871755
/home/tianlong/Downloads//test/lzmxqxrruv.mp4,0,0.037788223
/home/tianlong/Downloads//test/neotrnwthu.mp4,0,7.804536e-05
/home/tianlong/Downloads//test/vwigtbeivy.mp4,0,0.00013567218
/home/tianlong/Downloads//test/ldtscpryms.mp4,0,0.000610284
/home/tianlong/Downloads//test/sjgmmecazy.mp4,0,0.1836766
/home/tianlong/Downloads//test/jkrbsekajk.mp4,0,0.023822991
/home/tianlong/Downloads//test/iahzcxmuck.mp4,0,0.083708175
/home/tianlong/Downloads//test/cteqlloxwu.mp4,0,0.025417157
/home/tianlong/Downloads//test/pgqxsteufx.mp4,0,0.04677129
/home/tianlong/Downloads//test/cmuzrrlaiy.mp4,1,0.041043065
/home/tianlong/Downloads//test/jxeqhujuvh.mp4,1,0.015064895
/home/tianlong/Downloads//test/ntaqujyzes.mp4,1,0.343534
/home/tianlong/Downloads//test/ghxzsygiou.mp4,1,0.30290422
/home/tianlong/Downloads//test/lvxzjwiklq.mp4,1,0.10164594
/home/tianlong/Downloads//test/wlyvvvjgnv.mp4,1,0.24168848
/home/tianlong/Downloads//test/hexxuigzdl.mp4,1,0.0009276846
/home/tianlong/Downloads//test/zynrdvlrwv.mp4,1,0.0079424
/home/tianlong/Downloads//test/kbvqzihgan.mp4,1,0.0072203646
/home/tianlong/Downloads//test/razacdewcv.mp4,1,0.65520626
/home/tianlong/Downloads//test/tjlrvidbxw.mp4,1,0.02036441
/home/tianlong/Downloads//test/gcbyurxhbz.mp4,1,0.000782944
/home/tianlong/Downloads//test/xticvyqqjn.mp4,1,0.00352188
/home/tianlong/Downloads//test/gqpayiddqv.mp4,1,0.30007574
/home/tianlong/Downloads//test/zmrnjhfxed.mp4,1,0.054619383
/home/tianlong/Downloads//test/slpxqmwuqm.mp4,1,0.06974014
/home/tianlong/Downloads//test/upwsvjdtgo.mp4,1,0.015317768
/home/tianlong/Downloads//test/zpnjiswgdt.mp4,1,0.0015139239
/home/tianlong/Downloads//test/rayxtqfosv.mp4,1,0.18228818
/home/tianlong/Downloads//test/cfhoqpdzqb.mp4,1,0.114317246
/home/tianlong/Downloads//test/okyufzgvay.mp4,1,0.00023933513
/home/tianlong/Downloads//test/wgyxtquovo.mp4,1,0.11527141
/home/tianlong/Downloads//test/kicgvgukqs.mp4,1,0.11550707
/home/tianlong/Downloads//test/aolhuwcdwv.mp4,1,0.13880846
/home/tianlong/Downloads//test/clzcvdsuyp.mp4,1,0.0007039632
/home/tianlong/Downloads//test/jibhugdfbs.mp4,1,0.0029656643
/home/tianlong/Downloads//test/kfiszsbzob.mp4,1,0.49576318
/home/tianlong/Downloads//test/mgwtoqonaf.mp4,1,0.042856377
/home/tianlong/Downloads//test/buzqmuifod.mp4,1,0.029426912
/home/tianlong/Downloads//test/bofmetrgfm.mp4,1,0.05294506
/home/tianlong/Downloads//test/chlshvbday.mp4,1,0.30930352
/home/tianlong/Downloads//test/vxcjkgerao.mp4,1,0.0067275264
/home/tianlong/Downloads//test/qxwqqhruvz.mp4,1,0.0023845567
/home/tianlong/Downloads//test/hytdcdixlv.mp4,1,0.00039188834
/home/tianlong/Downloads//test/buejhiahpy.mp4,1,0.0004898855
/home/tianlong/Downloads//test/omotodymgb.mp4,1,0.18337815
/home/tianlong/Downloads//test/gmcvyrferj.mp4,1,0.00032947012
/home/tianlong/Downloads//test/ycoaclsdov.mp4,1,0.20465887
/home/tianlong/Downloads//test/scaljzcpcf.mp4,1,0.057479065
/home/tianlong/Downloads//test/uhbxhharht.mp4,1,0.014835284
/home/tianlong/Downloads//test/tmmakbzbqw.mp4,1,0.50048596
/home/tianlong/Downloads//test/mvfvefsgik.mp4,1,0.022531137
/home/tianlong/Downloads//test/inesnaprwm.mp4,1,0.69382805
/home/tianlong/Downloads//test/qqxelyjmmw.mp4,1,0.014643577
/home/tianlong/Downloads//test/dllkubdbbd.mp4,1,0.14232661
/home/tianlong/Downloads//test/ttnajmkchw.mp4,1,0.09046167
/home/tianlong/Downloads//test/kaffwaiexj.mp4,1,0.00040143865
/home/tianlong/Downloads//test/dpfuqzdtrs.mp4,1,0.16740377
/home/tianlong/Downloads//test/hfvexodpht.mp4,1,0.211752
/home/tianlong/Downloads//test/vmxjsdkuju.mp4,1,0.8264081
/home/tianlong/Downloads//test/afaxsgqksm.mp4,1,0.20256831
/home/tianlong/Downloads//test/pgkipgmpgm.mp4,1,0.18586063
/home/tianlong/Downloads//test/ltkesswcyn.mp4,1,0.00068840914
/home/tianlong/Downloads//test/dffkcrccsj.mp4,1,0.0010167876
/home/tianlong/Downloads//test/svtnilogao.mp4,1,0.001686899
/home/tianlong/Downloads//test/bzobkqewtt.mp4,1,0.12985907
/home/tianlong/Downloads//test/vemnbnqoqk.mp4,1,0.1792289
/home/tianlong/Downloads//test/nobrvdftmd.mp4,1,0.023406366
/home/tianlong/Downloads//test/qepgiaxgpc.mp4,1,0.047596246
/home/tianlong/Downloads//test/bogjubshbr.mp4,1,0.78335994
/home/tianlong/Downloads//test/uyoqozgdcy.mp4,1,0.0010408191
/home/tianlong/Downloads//test/cvmmtklgst.mp4,1,0.6353385
/home/tianlong/Downloads//test/qharxzhzpl.mp4,1,0.83160084
/home/tianlong/Downloads//test/sprejlmapw.mp4,1,0.000110831694
/home/tianlong/Downloads//test/crzrsezocr.mp4,1,0.0013427011
/home/tianlong/Downloads//test/wyqhadmmcy.mp4,1,0.9183628
/home/tianlong/Downloads//test/jrjxehotww.mp4,1,0.7497606
/home/tianlong/Downloads//test/xctpdujlok.mp4,1,0.001871256
/home/tianlong/Downloads//test/hfspenqmpw.mp4,1,0.3967009
/home/tianlong/Downloads//test/jkfukzcjxd.mp4,1,0.40822932
/home/tianlong/Downloads//test/knafngkgen.mp4,1,0.005286017
/home/tianlong/Downloads//test/tswmtnhfmn.mp4,1,0.0046853703
/home/tianlong/Downloads//test/qoasfzksgo.mp4,1,0.070275456
/home/tianlong/Downloads//test/hnrzuoqnkz.mp4,1,0.0046937093
/home/tianlong/Downloads//test/nussrkyuzy.mp4,1,0.0019030076
/home/tianlong/Downloads//test/ciwzwmlyxz.mp4,1,0.015272706
/home/tianlong/Downloads//test/dbauiiupef.mp4,1,0.035035938
/home/tianlong/Downloads//test/ywxfnlxtjg.mp4,1,0.0005522838
/home/tianlong/Downloads//test/pryqgrbtnu.mp4,1,0.0293809
/home/tianlong/Downloads//test/mbjpaydogy.mp4,1,0.31571916
/home/tianlong/Downloads//test/ihdopxhysr.mp4,1,0.122888796
/home/tianlong/Downloads//test/rgasvymjrj.mp4,1,0.050882384
/home/tianlong/Downloads//test/eclpgjjies.mp4,1,0.0040781484
/home/tianlong/Downloads//test/kxptuwngop.mp4,1,0.0006704361
/home/tianlong/Downloads//test/uaqvffouxp.mp4,1,0.003481312
/home/tianlong/Downloads//test/xvqzzgoabm.mp4,1,0.00035914264
/home/tianlong/Downloads//test/tkgbjtcxyl.mp4,1,0.009289403
/home/tianlong/Downloads//test/xlnaxrwvcx.mp4,1,0.05141538
/home/tianlong/Downloads//test/kphfzaullq.mp4,1,0.3179541
/home/tianlong/Downloads//test/rkezgzxnoo.mp4,1,0.00015465933
/home/tianlong/Downloads//test/fromclsodq.mp4,1,0.00041300384
/home/tianlong/Downloads//test/nrscfrjxpb.mp4,1,0.00010570881
/home/tianlong/Downloads//test/ygobagrhmg.mp4,1,0.37184134
/home/tianlong/Downloads//test/hisfrixnbu.mp4,1,0.014006942
/home/tianlong/Downloads//test/duzueyonao.mp4,1,0.054911498
/home/tianlong/Downloads//test/gkknsyqbnz.mp4,1,0.0027548978
/home/tianlong/Downloads//test/tmgdrjjalz.mp4,1,0.41156816
/home/tianlong/Downloads//test/iajblozgtx.mp4,1,9.8374185e-05
/home/tianlong/Downloads//test/ahkcchuwqq.mp4,1,0.09414924
/home/tianlong/Downloads//test/zmfiveruie.mp4,1,0.08442935
/home/tianlong/Downloads//test/xptgnpgfkn.mp4,1,0.0009841145
/home/tianlong/Downloads//test/aebhowazav.mp4,1,0.0044597927
/home/tianlong/Downloads//test/geulcwvfuy.mp4,1,0.012458854
/home/tianlong/Downloads//test/glzyifzrql.mp4,1,0.7556943
/home/tianlong/Downloads//test/wvmrsucbsq.mp4,1,0.21664886
/home/tianlong/Downloads//test/moetggyxsc.mp4,1,0.00032214506
/home/tianlong/Downloads//test/jfvnwpcjrm.mp4,1,0.0053342935
/home/tianlong/Downloads//test/kaggpclkjm.mp4,1,0.13061208
/home/tianlong/Downloads//test/nacldwtuwp.mp4,1,0.01353271
/home/tianlong/Downloads//test/upwyvqbjlq.mp4,1,0.9954675
/home/tianlong/Downloads//test/tdmyjvptzv.mp4,1,0.01601944
/home/tianlong/Downloads//test/fzurflflwv.mp4,1,0.15284723
/home/tianlong/Downloads//test/aakjukgjme.mp4,1,0.21838486
/home/tianlong/Downloads//test/ypepsyuwmo.mp4,1,0.09924997
/home/tianlong/Downloads//test/qxhyhhkywc.mp4,1,0.00598705
/home/tianlong/Downloads//test/iqvfopywpa.mp4,1,0.22661984
/home/tianlong/Downloads//test/xfncslssic.mp4,1,0.004263962
/home/tianlong/Downloads//test/jesstfspwv.mp4,1,0.0006317034
/home/tianlong/Downloads//test/xiraodtgnt.mp4,1,0.0073187537
/home/tianlong/Downloads//test/xeuzubpylq.mp4,1,0.018274097
/home/tianlong/Downloads//test/xszpbtciwo.mp4,1,0.002114404
/home/tianlong/Downloads//test/fkksbgaibl.mp4,1,0.03931872
/home/tianlong/Downloads//test/ntqzfgmhnj.mp4,1,0.0095090205
/home/tianlong/Downloads//test/bizbjxafzr.mp4,1,0.010945681
/home/tianlong/Downloads//test/bxfwiuvafo.mp4,1,0.740125
/home/tianlong/Downloads//test/jfcglbovmo.mp4,1,0.83384913
/home/tianlong/Downloads//test/odidbykbar.mp4,1,0.351676
/home/tianlong/Downloads//test/qarbtmjwhm.mp4,1,0.029963186
/home/tianlong/Downloads//test/jeierullea.mp4,1,0.002644668
/home/tianlong/Downloads//test/lrckqkzekj.mp4,1,0.09909206
/home/tianlong/Downloads//test/riizlqngim.mp4,1,0.0008083914
/home/tianlong/Downloads//test/lmcnonfhgz.mp4,1,0.015966218
/home/tianlong/Downloads//test/lkhszpabzv.mp4,1,0.039188176
/home/tianlong/Downloads//test/njqbwiajss.mp4,1,0.00019541226
/home/tianlong/Downloads//test/ksqybmrwyg.mp4,1,0.8758953
/home/tianlong/Downloads//test/dxphlwcvan.mp4,1,0.23749346
/home/tianlong/Downloads//test/dgjssccxhx.mp4,1,0.6186044
/home/tianlong/Downloads//test/sbfxzmhzyv.mp4,1,0.70035976
/home/tianlong/Downloads//test/rlvgpdrgvi.mp4,1,0.68304664
/home/tianlong/Downloads//test/uzdmxmfcqe.mp4,1,0.23192291
/home/tianlong/Downloads//test/afixxjdxef.mp4,1,0.0011634105
/home/tianlong/Downloads//test/fwvxtssltw.mp4,1,0.0009818948
/home/tianlong/Downloads//test/jyzlvivrmr.mp4,1,0.003799043
/home/tianlong/Downloads//test/byavookkdu.mp4,1,0.00076148595
/home/tianlong/Downloads//test/agyawnxlmv.mp4,1,0.3801812
/home/tianlong/Downloads//test/zjoonppreb.mp4,1,0.0027856955
/home/tianlong/Downloads//test/sjzwpqupnm.mp4,1,0.004121156
/home/tianlong/Downloads//test/pobrnbspcf.mp4,1,8.7795495e-05
/home/tianlong/Downloads//test/qdkpphviay.mp4,1,0.014990113
/home/tianlong/Downloads//test/nbyaxzmueg.mp4,1,0.0010972996
/home/tianlong/Downloads//test/vfszaqentw.mp4,1,0.0014260683
/home/tianlong/Downloads//test/fosovipqkg.mp4,1,0.004994919
/home/tianlong/Downloads//test/grwcxofqrx.mp4,1,0.008153631
/home/tianlong/Downloads//test/koqxhnmkjl.mp4,1,0.021626167
/home/tianlong/Downloads//test/xkukyjokbg.mp4,1,0.9777673
/home/tianlong/Downloads//test/fmnzbwtjep.mp4,1,0.00039276996
/home/tianlong/Downloads//test/aruyyclubn.mp4,1,0.1610231
/home/tianlong/Downloads//test/eluhuvocwr.mp4,1,0.4985602
/home/tianlong/Downloads//test/iiwffwiyrg.mp4,1,0.0013991725
/home/tianlong/Downloads//test/fsbabrxhqy.mp4,1,0.22776072
/home/tianlong/Downloads//test/ymqadbkafj.mp4,1,0.13177113
/home/tianlong/Downloads//test/nptmqvfuhz.mp4,1,0.06277838
/home/tianlong/Downloads//test/usjnlahlcj.mp4,1,0.2588033
/home/tianlong/Downloads//test/hbozjjcafn.mp4,1,0.000121211044
/home/tianlong/Downloads//test/cizxmeztny.mp4,1,0.3405511
/home/tianlong/Downloads//test/syxlmynhsi.mp4,1,0.62256765
/home/tianlong/Downloads//test/ezadehoecy.mp4,1,0.00022536959
/home/tianlong/Downloads//test/fpliemtlco.mp4,1,0.6645284
/home/tianlong/Downloads//test/arflgfcnkg.mp4,1,0.05239166
/home/tianlong/Downloads//test/occelhylxf.mp4,1,0.073358916
/home/tianlong/Downloads//test/uqntkvpntd.mp4,1,0.0007011594
/home/tianlong/Downloads//test/iatevqworc.mp4,1,0.11831504
/home/tianlong/Downloads//test/xzsmgydcub.mp4,1,0.0014055307
/home/tianlong/Downloads//test/qbffpkpmkf.mp4,1,0.0051120366
/home/tianlong/Downloads//test/pzbpgfmroj.mp4,1,0.005525922
/home/tianlong/Downloads//test/oundixpyst.mp4,1,0.63245463
/home/tianlong/Downloads//test/hnxhwfttpy.mp4,1,0.80037904
/home/tianlong/Downloads//test/rdjwlvvwtv.mp4,1,0.032946385
/home/tianlong/Downloads//test/tcmstiljkk.mp4,1,0.0006059118
/home/tianlong/Downloads//test/qbfdtumuct.mp4,1,0.004903043
/home/tianlong/Downloads//test/mxnquwuszt.mp4,1,0.0018135303
/home/tianlong/Downloads//test/sjooumwlzb.mp4,1,0.10516497
/home/tianlong/Downloads//test/twhwouycfg.mp4,1,0.26226318
/home/tianlong/Downloads//test/wytpaehszj.mp4,1,0.10035799
/home/tianlong/Downloads//test/srtwhbzzlr.mp4,1,0.33530053
/home/tianlong/Downloads//test/jqjfpkuckf.mp4,1,0.0030049977
/home/tianlong/Downloads//test/yxjjfaekev.mp4,1,0.0011478835
/home/tianlong/Downloads//test/cyokqrzbol.mp4,1,0.011988667
/home/tianlong/Downloads//test/mtilpvablx.mp4,1,0.09984019
/home/tianlong/Downloads//test/njwsmltmvb.mp4,1,0.00011720561
/home/tianlong/Downloads//test/xkksfulade.mp4,1,0.0077562206
/home/tianlong/Downloads//test/dtfgsvfmjq.mp4,1,0.00058622233
/home/tianlong/Downloads//test/onaewxqqkd.mp4,1,0.13110717
/home/tianlong/Downloads//test/pazpnfrbbc.mp4,1,0.0005232066
/home/tianlong/Downloads//test/kgowzoxjfq.mp4,1,0.055969436
/home/tianlong/Downloads//test/ltdwtgrads.mp4,1,0.0013796276
/home/tianlong/Downloads//test/znistrajpw.mp4,1,6.735849e-05
/home/tianlong/Downloads//test/yfhzmfhojv.mp4,1,0.25490844
/home/tianlong/Downloads//test/spkorcenyh.mp4,1,0.18950206
/home/tianlong/Downloads//test/axopbbxwzr.mp4,1,0.00013763826
/home/tianlong/Downloads//test/hxrruqinnh.mp4,1,0.084014505
/home/tianlong/Downloads//test/tkaybnjwhg.mp4,1,0.41383514
/home/tianlong/Downloads//test/lhwwhjhyqx.mp4,1,0.00054375466
/home/tianlong/Downloads//test/btxjufhiaz.mp4,1,0.00036076945
/home/tianlong/Downloads//test/dnhaskulaj.mp4,1,0.9350481
/home/tianlong/Downloads//test/vxqofldgze.mp4,1,0.0019753678
/home/tianlong/Downloads//test/ddjzmyabyu.mp4,1,0.00093740626
/home/tianlong/Downloads//test/mgahaaogif.mp4,1,0.0039450796
/home/tianlong/Downloads//test/ktmdpragph.mp4,1,0.0008496679
/home/tianlong/Downloads//test/xazdhdnwhh.mp4,1,0.052937303
/home/tianlong/Downloads//test/qnslgeajnt.mp4,1,0.00026531992
/home/tianlong/Downloads//test/sivrgbsaog.mp4,1,0.0016727052
/home/tianlong/Downloads//test/uzmuovkewv.mp4,1,0.13013129
/home/tianlong/Downloads//test/tvazrcdkpq.mp4,1,0.001972549
/home/tianlong/Downloads//test/jbatiwjmzh.mp4,1,0.22933741
/home/tianlong/Downloads//test/hmiylncrva.mp4,1,0.0011293982
/home/tianlong/Downloads//test/uxkojffbsr.mp4,1,0.14095329
/home/tianlong/Downloads//test/crbcrxqftw.mp4,1,0.079059415
/home/tianlong/Downloads//test/yermnsnlgf.mp4,1,0.04190917
/home/tianlong/Downloads//test/gipcvghjiy.mp4,1,0.011765789
/home/tianlong/Downloads//test/iwcfxyoimw.mp4,1,0.15652345
/home/tianlong/Downloads//test/kozaofkgvk.mp4,1,0.05131723
/home/tianlong/Downloads//test/xlgevjtsog.mp4,1,0.0006310553
/home/tianlong/Downloads//test/bpjkimtqtz.mp4,1,0.00016135494
/home/tianlong/Downloads//test/pdnwaekrtn.mp4,1,0.25691563
/home/tianlong/Downloads//test/toxsrzsksc.mp4,1,0.0023434276
/home/tianlong/Downloads//test/oejfypsbfh.mp4,1,0.03477538
/home/tianlong/Downloads//test/hwyuwbnszo.mp4,1,0.0060040527
/home/tianlong/Downloads//test/acgyspwyqr.mp4,1,0.00022425155
/home/tianlong/Downloads//test/oitcqmvnsa.mp4,1,0.05980212
/home/tianlong/Downloads//test/pdqqkuclvd.mp4,1,0.0040649786
/home/tianlong/Downloads//test/slsyjvgfpu.mp4,1,0.011783282
/home/tianlong/Downloads//test/xmdfnldfyc.mp4,1,0.18182606
/home/tianlong/Downloads//test/ynkzlkahux.mp4,1,0.033283275
/home/tianlong/Downloads//test/szjbkskyph.mp4,1,0.009968332
/home/tianlong/Downloads//test/yyiiywtiry.mp4,1,0.00108513
/home/tianlong/Downloads//test/crvotfojeq.mp4,1,0.015390233
/home/tianlong/Downloads//test/rsqblsfgli.mp4,1,0.00023561758
/home/tianlong/Downloads//test/becqadbtkb.mp4,1,0.4288939
/home/tianlong/Downloads//test/afqaubpglg.mp4,1,0.0074257315
/home/tianlong/Downloads//test/pwplooonzr.mp4,1,0.0014972076
/home/tianlong/Downloads//test/vjegxiyvla.mp4,1,0.36479533
/home/tianlong/Downloads//test/jbwtbfbdko.mp4,1,0.00039477437
/home/tianlong/Downloads//test/toggbitvfd.mp4,1,0.9332306
/home/tianlong/Downloads//test/xpfhawmzbe.mp4,1,0.0013624015
/home/tianlong/Downloads//test/kjwdinzplo.mp4,1,0.0006090504
/home/tianlong/Downloads//test/jrkdzpijpb.mp4,1,0.009799269
/home/tianlong/Downloads//test/lbnuxynggy.mp4,1,0.0002204945
/home/tianlong/Downloads//test/iorrylopzn.mp4,1,0.018775912
/home/tianlong/Downloads//test/yasxapunrf.mp4,1,0.0816136
/home/tianlong/Downloads//test/suohrphvbe.mp4,1,0.17420113
/home/tianlong/Downloads//test/salsuwvckq.mp4,1,0.8985378
/home/tianlong/Downloads//test/eclnowceyi.mp4,1,0.00035458358
/home/tianlong/Downloads//test/wvtymfvbwq.mp4,1,0.00059441425
/home/tianlong/Downloads//test/rsjhmrvdwg.mp4,1,0.08545155
/home/tianlong/Downloads//test/qtvhpmoukj.mp4,1,0.20186102
/home/tianlong/Downloads//test/svqkfjfucw.mp4,1,0.08847171
/home/tianlong/Downloads//test/jdlqmnhuix.mp4,1,0.00045186514
/home/tianlong/Downloads//test/ltmkgkppwx.mp4,1,0.0005341316
/home/tianlong/Downloads//test/zaoyocjkgw.mp4,1,0.0005250731
/home/tianlong/Downloads//test/vgrhobnbfo.mp4,1,9.97778e-05
/home/tianlong/Downloads//test/eeeuzozcdc.mp4,1,0.0077421367
/home/tianlong/Downloads//test/ikgxqbhmlv.mp4,1,0.50782627
/home/tianlong/Downloads//test/zyeakowujw.mp4,1,0.39327157
/home/tianlong/Downloads//test/uerapqglmr.mp4,1,0.047561217
/home/tianlong/Downloads//test/fmuncwjpej.mp4,1,0.13898905
/home/tianlong/Downloads//test/xllzvdxwiv.mp4,1,0.12673561
/home/tianlong/Downloads//test/giuymhlbyo.mp4,1,0.14994456
/home/tianlong/Downloads//test/bubbmjnmge.mp4,1,0.0006088452
/home/tianlong/Downloads//test/qwqefbalkv.mp4,1,0.00015662737
/home/tianlong/Downloads//test/aupsxowdcp.mp4,1,0.004059546
/home/tianlong/Downloads//test/apjovfzzft.mp4,1,0.00010134717
/home/tianlong/Downloads//test/yjbnaqwxyf.mp4,1,0.28223196
/home/tianlong/Downloads//test/dajlkmlvch.mp4,1,0.00016055729
/home/tianlong/Downloads//test/egwzzhemvk.mp4,1,0.0054554003
/home/tianlong/Downloads//test/vlhrgeyvqy.mp4,1,0.041448187
/home/tianlong/Downloads//test/vpolvvzwsw.mp4,1,0.0001937097
/home/tianlong/Downloads//test/ddkcxrncmq.mp4,1,0.24122538
/home/tianlong/Downloads//test/fncnobpzzx.mp4,1,0.40424323
/home/tianlong/Downloads//test/lhayhvqjmg.mp4,1,0.35248014
/home/tianlong/Downloads//test/yboofyemks.mp4,1,0.00014151701
/home/tianlong/Downloads//test/wzkovvmdkq.mp4,1,0.008211011
/home/tianlong/Downloads//test/axxldpmbat.mp4,1,0.0032637797
/home/tianlong/Downloads//test/piovymzozl.mp4,1,0.02406148
/home/tianlong/Downloads//test/ymjrnwsjxt.mp4,1,0.00061455235
/home/tianlong/Downloads//test/jfxroglrst.mp4,1,0.00042512562
/home/tianlong/Downloads//test/qzyaijdbfe.mp4,1,0.12028273
/home/tianlong/Downloads//test/gzwzxbtkpd.mp4,1,0.48896673
/home/tianlong/Downloads//test/bgssriyozb.mp4,1,0.003809232
/home/tianlong/Downloads//test/wqtraebanl.mp4,1,0.9190924
/home/tianlong/Downloads//test/lovkthgavz.mp4,1,0.05695647
/home/tianlong/Downloads//test/vpgjaoyvir.mp4,1,0.011624132
/home/tianlong/Downloads//test/btlqqvfuck.mp4,1,0.01867147
/home/tianlong/Downloads//test/zzxidpsxmv.mp4,1,0.029195003
/home/tianlong/Downloads//test/qzuhjrhozy.mp4,1,0.22898509
/home/tianlong/Downloads//test/rtuaxyuvqs.mp4,1,0.0034221832
/home/tianlong/Downloads//test/vybbullejj.mp4,1,0.00260684
/home/tianlong/Downloads//test/lblweiecpx.mp4,1,0.6465972
/home/tianlong/Downloads//test/qkchcuiljp.mp4,1,0.006329443
/home/tianlong/Downloads//test/roivdutkrz.mp4,1,0.007108534
/home/tianlong/Downloads//test/rziziscker.mp4,1,0.00034423498
/home/tianlong/Downloads//test/zsdmgllhck.mp4,1,0.0014347524
/home/tianlong/Downloads//test/kpkzqbpivj.mp4,1,0.020495132
/home/tianlong/Downloads//test/tgkjhdyxww.mp4,1,0.23090176
/home/tianlong/Downloads//test/zubaiztkag.mp4,1,0.36915314
/home/tianlong/Downloads//test/figxvsdmsb.mp4,1,0.00017404398
/home/tianlong/Downloads//test/enzlliylet.mp4,1,0.16543989
/home/tianlong/Downloads//test/acekgkqgdg.mp4,1,0.0108345905
/home/tianlong/Downloads//test/ljrikjsgis.mp4,1,0.0011176154
/home/tianlong/Downloads//test/vawotznxqn.mp4,1,0.38195518
/home/tianlong/Downloads//test/jsqtbnxnpb.mp4,1,0.40601945
/home/tianlong/Downloads//test/yibeqxcadd.mp4,1,0.32360867
/home/tianlong/Downloads//test/zvgekhyszq.mp4,1,0.00013066048
/home/tianlong/Downloads//test/luisdnrumh.mp4,1,0.46217182
/home/tianlong/Downloads//test/xffjesgeey.mp4,1,0.00036714002
/home/tianlong/Downloads//test/haesrhzukc.mp4,1,0.8578024
/home/tianlong/Downloads//test/uwccodyhgh.mp4,1,0.13104112
/home/tianlong/Downloads//test/msdtzpmmae.mp4,1,0.0006133092
/home/tianlong/Downloads//test/zgiypcmpic.mp4,1,0.004545246
/home/tianlong/Downloads//test/olkcmrmvbh.mp4,1,0.5688881
/home/tianlong/Downloads//test/kiffbbtjfe.mp4,1,0.30265793
/home/tianlong/Downloads//test/junzzlnlfw.mp4,1,0.10530386
/home/tianlong/Downloads//test/qkgicklwyn.mp4,1,0.0007453353
/home/tianlong/Downloads//test/wluigkzjdl.mp4,1,0.18998872
/home/tianlong/Downloads//test/rsnrcisldc.mp4,1,0.18498383
/home/tianlong/Downloads//test/asiuftijhs.mp4,1,0.34956536
/home/tianlong/Downloads//test/yjloopcthi.mp4,1,0.009732441
/home/tianlong/Downloads//test/tzzwqaxtrk.mp4,1,0.104548335
/home/tianlong/Downloads//test/tmfvsxrxnk.mp4,1,0.09901089
/home/tianlong/Downloads//test/dlsdmdraln.mp4,1,9.468734e-05
/home/tianlong/Downloads//test/rkygzeyegz.mp4,1,0.3339633
/home/tianlong/Downloads//test/truremwrti.mp4,1,0.100264125
/home/tianlong/Downloads//test/depcrcqwai.mp4,1,0.001611955
/home/tianlong/Downloads//test/jovohczybs.mp4,1,0.7718341
/home/tianlong/Downloads//test/udcpjfvqro.mp4,1,0.024232917
/home/tianlong/Downloads//test/yxlkovjssa.mp4,1,0.0013497757
/home/tianlong/Downloads//test/trltdpitif.mp4,1,0.3753642
/home/tianlong/Downloads//test/hwufwjdaai.mp4,1,0.11938753
/home/tianlong/Downloads//test/vgfxjwupga.mp4,1,0.45645353
/home/tianlong/Downloads//test/jejjcsijvc.mp4,1,0.066446334
/home/tianlong/Downloads//test/yjpfhrfyfn.mp4,1,0.000303491
/home/tianlong/Downloads//test/izyqqybmcq.mp4,1,0.00026726516
/home/tianlong/Downloads//test/xjnflcfxhn.mp4,1,0.22894031
/home/tianlong/Downloads//test/zidsbdilrm.mp4,1,0.000795738
/home/tianlong/Downloads//test/lepqvhstws.mp4,1,0.30826607
/home/tianlong/Downloads//test/eabghyltka.mp4,1,0.47480658
/home/tianlong/Downloads//test/qxgwcsugvd.mp4,1,0.00018278412
/home/tianlong/Downloads//test/oitqddnspw.mp4,1,0.02087824
/home/tianlong/Downloads//test/jiddesrgoi.mp4,1,0.77117544
/home/tianlong/Downloads//test/whsqzlklam.mp4,1,0.0018044483
/home/tianlong/Downloads//test/hwspklkjol.mp4,1,0.077052884
/home/tianlong/Downloads//test/mgxdtegobh.mp4,1,0.00823789
/home/tianlong/Downloads//test/dkvxzocpnx.mp4,1,0.009307611
/home/tianlong/Downloads//test/zxjiwvyzbs.mp4,1,0.016891928
/home/tianlong/Downloads//test/qysxqoredd.mp4,1,0.005686198
/home/tianlong/Downloads//test/angqjpzdts.mp4,1,0.10129108
/home/tianlong/Downloads//test/slbhiftdwk.mp4,1,0.00081284577
/home/tianlong/Downloads//test/ctsjalmkpx.mp4,1,0.0005265692
/home/tianlong/Downloads//test/jrwqouwlzc.mp4,1,0.42245212
/home/tianlong/Downloads//test/vcqcervdzi.mp4,1,0.062639855
/home/tianlong/Downloads//test/mxczokbutl.mp4,1,0.34744942
/home/tianlong/Downloads//test/qawqquinvi.mp4,1,0.02628898
/home/tianlong/Downloads//test/cqiyijvrcj.mp4,1,0.0020191795
/home/tianlong/Downloads//test/wypdykzzma.mp4,1,0.67539376
/home/tianlong/Downloads//test/zdurkznxhi.mp4,1,0.00014489624
/home/tianlong/Downloads//test/llwjpzzrur.mp4,1,0.000980894
/home/tianlong/Downloads//test/stmqpsakem.mp4,1,0.006399389
/home/tianlong/Downloads//test/hqfxruqynj.mp4,1,0.11205098
/home/tianlong/Downloads//test/cotxffvovx.mp4,1,0.006146154
/home/tianlong/Downloads//test/yiwyejujhz.mp4,1,0.014849638
/home/tianlong/Downloads//test/azkhkminwu.mp4,1,0.007317307
/home/tianlong/Downloads//test/yoicqcpxgm.mp4,1,0.69069654
/home/tianlong/Downloads//test/kcpamicxjs.mp4,1,0.17143309
/home/tianlong/Downloads//test/mbnvlpwewk.mp4,1,0.03967118
/home/tianlong/Downloads//test/wjqdwzowcg.mp4,1,0.00011495792
/home/tianlong/Downloads//test/vqtspwkgwe.mp4,1,0.011773954
/home/tianlong/Downloads//test/rurhyzsnyi.mp4,1,0.20648772
/home/tianlong/Downloads//test/sipuxpudya.mp4,1,0.00010597935
/home/tianlong/Downloads//test/scchmtbzar.mp4,1,0.24971081
/home/tianlong/Downloads//test/qyhlzalxzm.mp4,1,0.0011206093
/home/tianlong/Downloads//test/ektrtuwidv.mp4,1,0.0045386706
/home/tianlong/Downloads//test/scbfkrlytb.mp4,1,0.22547863
/home/tianlong/Downloads//test/kxnsmwhqtl.mp4,1,0.062302697
/home/tianlong/Downloads//test/fiayeurvwb.mp4,1,0.063317984
/home/tianlong/Downloads//test/xpuntxtdbs.mp4,1,0.0988776
/home/tianlong/Downloads//test/edvyxmzpoy.mp4,1,0.85201883
/home/tianlong/Downloads//test/thnywrwayf.mp4,1,0.00022744104
/home/tianlong/Downloads//test/xojauzdavy.mp4,1,0.00034003562
/home/tianlong/Downloads//test/kaajaxzivt.mp4,1,0.00016044352
/home/tianlong/Downloads//test/fmvdkhucsz.mp4,1,0.53728175
/home/tianlong/Downloads//test/mdkqmouddq.mp4,1,0.337752
/home/tianlong/Downloads//test/ehtvcnlsfl.mp4,1,0.11754406
/home/tianlong/Downloads//test/iizsrcugyd.mp4,1,0.2958056
/home/tianlong/Downloads//test/hurlxdpsxl.mp4,1,0.5334076
/home/tianlong/Downloads//test/rvfhfbutlx.mp4,1,0.090243705
/home/tianlong/Downloads//test/ycxkcnwrbw.mp4,1,0.5503661
/home/tianlong/Downloads//test/jrmgqzgcmj.mp4,1,0.00088968343
/home/tianlong/Downloads//test/cinrseylyp.mp4,1,0.37319347
/home/tianlong/Downloads//test/uhvmrfksax.mp4,1,0.00051146373
/home/tianlong/Downloads//test/djjdzsivvi.mp4,1,0.35477638
/home/tianlong/Downloads//test/pmulgdcejl.mp4,1,9.821906e-05
/home/tianlong/Downloads//test/ngvbaolyub.mp4,1,0.0066025998
/home/tianlong/Downloads//test/kpyyjmxmoj.mp4,1,0.00034511543
/home/tianlong/Downloads//test/xhizcimlzp.mp4,1,9.639437e-05
/home/tianlong/Downloads//test/ulygywporv.mp4,1,0.007515764
/home/tianlong/Downloads//test/psunkvudmg.mp4,1,0.017178511
/home/tianlong/Downloads//test/ctarrlrgdy.mp4,1,0.03871053
/home/tianlong/Downloads//test/hdzygqltzu.mp4,1,0.7151334
/home/tianlong/Downloads//test/rvtfddfweu.mp4,1,0.40313885
/home/tianlong/Downloads//test/kaeouvuasm.mp4,1,0.047497842
/home/tianlong/Downloads//test/rzivzpozjr.mp4,1,0.0001504932
/home/tianlong/Downloads//test/stfqbsbvfy.mp4,1,0.0027730956
/home/tianlong/Downloads//test/qbhoufagsa.mp4,1,0.0001013957
/home/tianlong/Downloads//test/xycfzkbnhy.mp4,1,0.00026773327
/home/tianlong/Downloads//test/zudnvkagjk.mp4,1,0.045635987
/home/tianlong/Downloads//test/feaqnlczwc.mp4,1,0.00014488386
/home/tianlong/Downloads//test/rqviqcsbzw.mp4,1,0.4256499
/home/tianlong/Downloads//test/dhfcwchsir.mp4,1,0.00031424864
/home/tianlong/Downloads//test/cglpyitrzw.mp4,1,0.00017536587
/home/tianlong/Downloads//test/yjypqyrhyi.mp4,1,0.018645294
/home/tianlong/Downloads//test/fokuimoqkh.mp4,1,0.54324996
/home/tianlong/Downloads//test/xzouvgiqha.mp4,1,0.00945586
/home/tianlong/Downloads//test/qyjbhkeqes.mp4,1,0.31381702
/home/tianlong/Downloads//test/phngwcpbqw.mp4,1,0.072991565
/home/tianlong/Downloads//test/rjcjcdkzkw.mp4,1,0.29944682
/home/tianlong/Downloads//test/legilvljip.mp4,1,0.49230233
/home/tianlong/Downloads//test/bukegrztbb.mp4,1,0.0067266785
/home/tianlong/Downloads//test/yvaxmtbtgx.mp4,1,0.010677985
/home/tianlong/Downloads//test/saljlsmnet.mp4,1,0.9559882
/home/tianlong/Downloads//test/ezupajzwdl.mp4,1,0.5119088
/home/tianlong/Downloads//test/xeszevnech.mp4,1,0.00020761514
/home/tianlong/Downloads//test/fbqwomdehr.mp4,1,0.010479729
/home/tianlong/Downloads//test/itdywxjknn.mp4,1,0.55996877
/home/tianlong/Downloads//test/zwupuzlefv.mp4,1,0.14845403
/home/tianlong/Downloads//test/qcrofjquht.mp4,1,0.0006270269
/home/tianlong/Downloads//test/jblkcfejih.mp4,1,0.01179647
/home/tianlong/Downloads//test/howruupkxw.mp4,1,0.95085835
/home/tianlong/Downloads//test/xslxboadvn.mp4,1,0.014612317
/home/tianlong/Downloads//test/rzykslnkdi.mp4,1,0.0017394485
/home/tianlong/Downloads//test/govjvzfbcj.mp4,1,0.01237839
/home/tianlong/Downloads//test/fwbvksfidm.mp4,1,0.0029771675
/home/tianlong/Downloads//test/khokwspqph.mp4,1,0.0015663175
/home/tianlong/Downloads//test/sslrtrxyaj.mp4,1,0.013679005
/home/tianlong/Downloads//test/zdmknyhzoo.mp4,1,0.0011627637
/home/tianlong/Downloads//test/rzjpckpslj.mp4,1,0.00030715522
/home/tianlong/Downloads//test/pscilvlcfe.mp4,1,0.31398848
/home/tianlong/Downloads//test/rlwkdhgoqw.mp4,1,0.51279265
/home/tianlong/Downloads//test/cmpkopoabr.mp4,1,0.0011785203
/home/tianlong/Downloads//test/dbljnexmlf.mp4,1,0.25147185
/home/tianlong/Downloads//test/atfuphvjft.mp4,1,0.0023171178
/home/tianlong/Downloads//test/zdldobedod.mp4,1,0.17301244
/home/tianlong/Downloads//test/iknfqmugud.mp4,1,0.044365022
/home/tianlong/Downloads//test/whusuiiqmt.mp4,1,0.021860426
/home/tianlong/Downloads//test/ksrnzzbcsz.mp4,1,0.00020421653
/home/tianlong/Downloads//test/xxhuecshhw.mp4,1,0.00020851735
/home/tianlong/Downloads//test/okmlcbefeu.mp4,1,0.6265084
/home/tianlong/Downloads//test/xryrhuskyd.mp4,1,0.1586441
/home/tianlong/Downloads//test/wevygelkrl.mp4,1,0.15556161
/home/tianlong/Downloads//test/rdpausigpg.mp4,1,0.0014717983
/home/tianlong/Downloads//test/fdziwiuoer.mp4,1,0.3052393
/home/tianlong/Downloads//test/kykmrtoitd.mp4,1,0.19586556
/home/tianlong/Downloads//test/eacsjvcmlp.mp4,1,0.0051094727
/home/tianlong/Downloads//test/asvuutypvz.mp4,1,0.00029987862
/home/tianlong/Downloads//test/nucqorkejg.mp4,1,0.89437056
/home/tianlong/Downloads//test/ctpexqamtx.mp4,1,0.001265585
/home/tianlong/Downloads//test/vnsxdkjjtk.mp4,1,0.40708187
/home/tianlong/Downloads//test/cktsyobheu.mp4,1,0.28055066
/home/tianlong/Downloads//test/kccicuhxgk.mp4,1,0.04592314
/home/tianlong/Downloads//test/qckjihxoze.mp4,1,0.14966354
/home/tianlong/Downloads//test/gvqtnedfso.mp4,1,0.19162314
/home/tianlong/Downloads//test/ajxkvlpgov.mp4,1,0.36689076
/home/tianlong/Downloads//test/srlilcjhaf.mp4,1,0.20133786
/home/tianlong/Downloads//test/qfjxksudna.mp4,1,0.61298466
/home/tianlong/Downloads//test/hstvglyexy.mp4,1,0.17552881
/home/tianlong/Downloads//test/jyyvhnsyys.mp4,1,0.000100016885
/home/tianlong/Downloads//test/whxqigkgyk.mp4,1,0.22428983
/home/tianlong/Downloads//test/mqzrlecakr.mp4,1,0.6331207
/home/tianlong/Downloads//test/aeplbqxnge.mp4,1,0.00017333236
/home/tianlong/Downloads//test/inwaznexiv.mp4,1,0.38828585
/home/tianlong/Downloads//test/anfupdhmyr.mp4,1,0.1242668
/home/tianlong/Downloads//test/wbvlgevkmb.mp4,1,0.13810873
/home/tianlong/Downloads//test/uiykwgaarz.mp4,1,0.0040763845
/home/tianlong/Downloads//test/nvarnevska.mp4,1,0.011084732
/home/tianlong/Downloads//test/ooczenomzk.mp4,1,0.0009536057
/home/tianlong/Downloads//test/qtjuhlppot.mp4,1,0.009155501
/home/tianlong/Downloads//test/drqtyzvhdd.mp4,1,0.0003447025
/home/tianlong/Downloads//test/ytljvippwv.mp4,1,0.6030058
/home/tianlong/Downloads//test/skrqoagxle.mp4,1,0.11657206
/home/tianlong/Downloads//test/shwkznunyp.mp4,1,0.07690375
/home/tianlong/Downloads//test/tlsoagxovk.mp4,1,0.4037881
/home/tianlong/Downloads//test/enpshnkugu.mp4,1,0.027747327
/home/tianlong/Downloads//test/vitjdpnfpi.mp4,1,0.24785139
/home/tianlong/Downloads//test/jovrnujurf.mp4,1,0.35916066
/home/tianlong/Downloads//test/sbwemwjlsl.mp4,1,0.003334056
/home/tianlong/Downloads//test/uclzxnftij.mp4,1,0.075804405
/home/tianlong/Downloads//test/sdqjjttckw.mp4,1,0.7589137
/home/tianlong/Downloads//test/wtmggpeiom.mp4,1,0.17751603
