Video,Label,Prediction
/home/tianlong/Downloads//test/myvwyfdnxu.mp4,0,0.5461375
/home/tianlong/Downloads//test/uxgkqpiykp.mp4,0,0.5656806
/home/tianlong/Downloads//test/qyscponfaf.mp4,0,0.6596684
/home/tianlong/Downloads//test/tmgmbnzrrz.mp4,0,0.4589255
/home/tianlong/Downloads//test/wfmeffvvce.mp4,0,0.5657194
/home/tianlong/Downloads//test/fwrcfaglhz.mp4,0,0.389866
/home/tianlong/Downloads//test/itfzfpuilx.mp4,0,0.14242798
/home/tianlong/Downloads//test/wupoiiknff.mp4,0,0.62934536
/home/tianlong/Downloads//test/dscprfjses.mp4,0,0.6521748
/home/tianlong/Downloads//test/ofntcunuqn.mp4,0,0.62237567
/home/tianlong/Downloads//test/imnzannmcr.mp4,0,0.43577015
/home/tianlong/Downloads//test/jidkzoagws.mp4,0,0.1858052
/home/tianlong/Downloads//test/nkpqkddsgt.mp4,0,0.20656478
/home/tianlong/Downloads//test/xqmrrciral.mp4,0,0.5388812
/home/tianlong/Downloads//test/ykfllpyawg.mp4,0,0.22633715
/home/tianlong/Downloads//test/bpieoyctzo.mp4,0,0.4812256
/home/tianlong/Downloads//test/wjrepvzlsv.mp4,0,0.3493285
/home/tianlong/Downloads//test/voucpidonq.mp4,0,0.6396424
/home/tianlong/Downloads//test/fxfxtrrkeq.mp4,0,0.41002873
/home/tianlong/Downloads//test/qggfpdkyzi.mp4,0,0.4553547
/home/tianlong/Downloads//test/xyucutnxhz.mp4,0,0.5856615
/home/tianlong/Downloads//test/rkxepdkger.mp4,0,0.29917952
/home/tianlong/Downloads//test/fxxpxoqoxp.mp4,0,0.3159617
/home/tianlong/Downloads//test/jkxxwfycsj.mp4,0,0.68741894
/home/tianlong/Downloads//test/qbearsyziz.mp4,0,0.22779155
/home/tianlong/Downloads//test/kyrbveruev.mp4,0,0.44133666
/home/tianlong/Downloads//test/pdyrvsvwyi.mp4,0,0.2367813
/home/tianlong/Downloads//test/bpxxmxuvuy.mp4,0,0.40937445
/home/tianlong/Downloads//test/ekxsduhvwh.mp4,0,0.64591855
/home/tianlong/Downloads//test/ocsqqqduxx.mp4,0,0.6411274
/home/tianlong/Downloads//test/qufzdwetss.mp4,0,0.5868441
/home/tianlong/Downloads//test/vwqrtxbwye.mp4,0,0.22100262
/home/tianlong/Downloads//test/zuduvanawx.mp4,0,0.81561136
/home/tianlong/Downloads//test/rkjhxvdnsv.mp4,0,0.505766
/home/tianlong/Downloads//test/hpcivouyku.mp4,0,0.30585846
/home/tianlong/Downloads//test/vgndywbmgf.mp4,0,0.7335129
/home/tianlong/Downloads//test/hfgczdzbix.mp4,0,0.09734333
/home/tianlong/Downloads//test/rwehwmmutn.mp4,0,0.6570922
/home/tianlong/Downloads//test/jyfnzyvznx.mp4,0,0.5306705
/home/tianlong/Downloads//test/jxpodcendq.mp4,0,0.52008444
/home/tianlong/Downloads//test/kgynainlug.mp4,0,0.33752856
/home/tianlong/Downloads//test/hqgervpkkf.mp4,0,0.2112783
/home/tianlong/Downloads//test/defeqlyysh.mp4,0,0.3863251
/home/tianlong/Downloads//test/xzkwbswkao.mp4,0,0.5579887
/home/tianlong/Downloads//test/hhdblnxhtj.mp4,0,0.6458546
/home/tianlong/Downloads//test/oaptmwroki.mp4,0,0.25691238
/home/tianlong/Downloads//test/djlkkqmjkk.mp4,0,0.48392817
/home/tianlong/Downloads//test/motfposykz.mp4,0,0.45388198
/home/tianlong/Downloads//test/shvfupmrho.mp4,0,0.6901124
/home/tianlong/Downloads//test/escwmsthiz.mp4,0,0.4986728
/home/tianlong/Downloads//test/ctpypmzfnl.mp4,0,0.46681392
/home/tianlong/Downloads//test/sjqrdyzkgl.mp4,0,0.4538394
/home/tianlong/Downloads//test/ddrjnwlugg.mp4,0,0.527563
/home/tianlong/Downloads//test/hxfqltenqh.mp4,0,0.5534904
/home/tianlong/Downloads//test/umerhoubxw.mp4,0,0.6619577
/home/tianlong/Downloads//test/jxrpqynwlt.mp4,0,0.6336934
/home/tianlong/Downloads//test/hprzotbjtj.mp4,0,0.05053257
/home/tianlong/Downloads//test/cqewayywpg.mp4,0,0.22455406
/home/tianlong/Downloads//test/nvptcoxzah.mp4,0,0.6419845
/home/tianlong/Downloads//test/uvzlfuxalu.mp4,0,0.4378036
/home/tianlong/Downloads//test/mfcbgbcuvb.mp4,0,0.16796364
/home/tianlong/Downloads//test/tmtoypmqwt.mp4,0,0.5458367
/home/tianlong/Downloads//test/bsjucwhlrj.mp4,0,0.3124953
/home/tianlong/Downloads//test/hlsubhyoea.mp4,0,0.48320004
/home/tianlong/Downloads//test/deslnszgpy.mp4,0,0.5853419
/home/tianlong/Downloads//test/tfwdbkwvgz.mp4,0,0.5039963
/home/tianlong/Downloads//test/ufxafdxpat.mp4,0,0.66328305
/home/tianlong/Downloads//test/lmacrzidyh.mp4,0,0.43636584
/home/tianlong/Downloads//test/wyiajvmitt.mp4,0,0.27638373
/home/tianlong/Downloads//test/xbdnqfbxcv.mp4,0,0.58866906
/home/tianlong/Downloads//test/mhfnldxixw.mp4,0,0.15989552
/home/tianlong/Downloads//test/pfiigjlcct.mp4,0,0.5097879
/home/tianlong/Downloads//test/ldtibsniik.mp4,0,0.64801925
/home/tianlong/Downloads//test/gwzttezkpv.mp4,0,0.63115954
/home/tianlong/Downloads//test/pevmkpamhv.mp4,0,0.5946051
/home/tianlong/Downloads//test/zcfpsnaujx.mp4,0,0.40780517
/home/tianlong/Downloads//test/slvcfpalev.mp4,0,0.8281377
/home/tianlong/Downloads//test/ctdwtfcjei.mp4,0,0.35201702
/home/tianlong/Downloads//test/vxwsisekmb.mp4,0,0.31428504
/home/tianlong/Downloads//test/pkoadvlpga.mp4,0,0.6186188
/home/tianlong/Downloads//test/ofapaanpkl.mp4,0,0.4988869
/home/tianlong/Downloads//test/huzryvwrfa.mp4,0,0.43654892
/home/tianlong/Downloads//test/knjoasqzvt.mp4,0,0.4642252
/home/tianlong/Downloads//test/cedpyannqf.mp4,0,0.09095926
/home/tianlong/Downloads//test/mdwtpvlbrz.mp4,0,0.61968714
/home/tianlong/Downloads//test/hfcxlucrbj.mp4,0,0.48502398
/home/tianlong/Downloads//test/wbsajsyaej.mp4,0,0.51460546
/home/tianlong/Downloads//test/tbqrwehekx.mp4,0,0.3885385
/home/tianlong/Downloads//test/shslgpeisw.mp4,0,0.29529586
/home/tianlong/Downloads//test/epgfqrvwlr.mp4,0,0.45408392
/home/tianlong/Downloads//test/fduhwlydlg.mp4,0,0.646211
/home/tianlong/Downloads//test/cpmridjxbc.mp4,0,0.48687124
/home/tianlong/Downloads//test/kphflojove.mp4,0,0.25994402
/home/tianlong/Downloads//test/hlcpwfwcyw.mp4,0,0.30471024
/home/tianlong/Downloads//test/bpeemkcxad.mp4,0,0.3049131
/home/tianlong/Downloads//test/jkadnvoqhk.mp4,0,0.30738997
/home/tianlong/Downloads//test/lzzpsosige.mp4,0,0.5981925
/home/tianlong/Downloads//test/pxtwhbaxjq.mp4,0,0.5382169
/home/tianlong/Downloads//test/pxgcsltbuo.mp4,0,0.29370686
/home/tianlong/Downloads//test/gmepmwcgwg.mp4,0,0.6660364
/home/tianlong/Downloads//test/tnetytnegv.mp4,0,0.5670665
/home/tianlong/Downloads//test/sxmqvznwwq.mp4,0,0.47610533
/home/tianlong/Downloads//test/partcfzlbj.mp4,0,0.8412282
/home/tianlong/Downloads//test/tnkmovifrb.mp4,0,0.5383482
/home/tianlong/Downloads//test/dpgznlwvpx.mp4,0,0.657889
/home/tianlong/Downloads//test/mbpbbekqks.mp4,0,0.3570324
/home/tianlong/Downloads//test/hdbejalgtx.mp4,0,0.3875061
/home/tianlong/Downloads//test/bmdiaytrcm.mp4,0,0.6096356
/home/tianlong/Downloads//test/yghxoihrle.mp4,0,0.5339934
/home/tianlong/Downloads//test/vcgelshrli.mp4,0,0.7473356
/home/tianlong/Downloads//test/yvdnbmbwyh.mp4,0,0.30159476
/home/tianlong/Downloads//test/kmakhupeac.mp4,0,0.6811016
/home/tianlong/Downloads//test/ccevbixrwu.mp4,0,0.6122198
/home/tianlong/Downloads//test/edavfjsjzw.mp4,0,0.44997743
/home/tianlong/Downloads//test/znmzmierff.mp4,0,0.27711874
/home/tianlong/Downloads//test/kiotoqmmfj.mp4,0,0.22041823
/home/tianlong/Downloads//test/nqctdktbtb.mp4,0,0.21104175
/home/tianlong/Downloads//test/inneixkosf.mp4,0,0.81931114
/home/tianlong/Downloads//test/occrrsyizc.mp4,0,0.21817689
/home/tianlong/Downloads//test/zfecmsiodq.mp4,0,0.4651409
/home/tianlong/Downloads//test/haknpmhigp.mp4,0,0.552419
/home/tianlong/Downloads//test/zjbwxmmrgk.mp4,0,0.5795154
/home/tianlong/Downloads//test/qgpabkriss.mp4,0,0.52844447
/home/tianlong/Downloads//test/liureznisp.mp4,0,0.36119726
/home/tianlong/Downloads//test/bzdywpajvr.mp4,0,0.6650393
/home/tianlong/Downloads//test/jniytngcmy.mp4,0,0.20333166
/home/tianlong/Downloads//test/idklchvhxp.mp4,0,0.74730754
/home/tianlong/Downloads//test/pijzjjchqn.mp4,0,0.63420033
/home/tianlong/Downloads//test/pjnsejazpl.mp4,0,0.34255192
/home/tianlong/Downloads//test/gpaqoqegbn.mp4,0,0.39771366
/home/tianlong/Downloads//test/xsxwrwvfkg.mp4,0,0.37344632
/home/tianlong/Downloads//test/arwefyghir.mp4,0,0.09877164
/home/tianlong/Downloads//test/ptgvxdueef.mp4,0,0.4496981
/home/tianlong/Downloads//test/plljpjscih.mp4,0,0.278243
/home/tianlong/Downloads//test/jozfaxodnx.mp4,0,0.82325315
/home/tianlong/Downloads//test/girdwtjwsr.mp4,0,0.44781885
/home/tianlong/Downloads//test/jbaahohsns.mp4,0,0.3247148
/home/tianlong/Downloads//test/uetfcmaryk.mp4,0,0.6349451
/home/tianlong/Downloads//test/oqbltrmhvt.mp4,0,0.6407102
/home/tianlong/Downloads//test/dvtzvkcrku.mp4,0,0.14094017
/home/tianlong/Downloads//test/qjilklnynm.mp4,0,0.5084586
/home/tianlong/Downloads//test/tcsdjwbihw.mp4,0,0.65701133
/home/tianlong/Downloads//test/zhftwvtutp.mp4,0,0.44850317
/home/tianlong/Downloads//test/xgktqwvknw.mp4,0,0.6157715
/home/tianlong/Downloads//test/cdeesuuuqz.mp4,0,0.5454718
/home/tianlong/Downloads//test/ymngcysczs.mp4,0,0.41069242
/home/tianlong/Downloads//test/gctyynjruz.mp4,0,0.64807403
/home/tianlong/Downloads//test/vkirqaiuoc.mp4,0,0.60723203
/home/tianlong/Downloads//test/ykywskdwlc.mp4,0,0.5744949
/home/tianlong/Downloads//test/verpxkucoi.mp4,0,0.44878045
/home/tianlong/Downloads//test/gpsqelalbp.mp4,0,0.6604976
/home/tianlong/Downloads//test/paorozwtbf.mp4,0,0.6371264
/home/tianlong/Downloads//test/iaaecuquha.mp4,0,0.26759893
/home/tianlong/Downloads//test/lmgdjtzwau.mp4,0,0.5271569
/home/tianlong/Downloads//test/tayykmblhg.mp4,0,0.32773295
/home/tianlong/Downloads//test/hpurahupjh.mp4,0,0.6586115
/home/tianlong/Downloads//test/uutxmgqajd.mp4,0,0.3797978
/home/tianlong/Downloads//test/rbkcpkwhjn.mp4,0,0.59621334
/home/tianlong/Downloads//test/wtnloygygs.mp4,0,0.5647617
/home/tianlong/Downloads//test/biborxaekt.mp4,0,0.46716574
/home/tianlong/Downloads//test/drlnvwvvuw.mp4,0,0.47745356
/home/tianlong/Downloads//test/axutpjywuu.mp4,0,0.38117656
/home/tianlong/Downloads//test/jbcnsmlysc.mp4,0,0.60577136
/home/tianlong/Downloads//test/ilzhgraxpl.mp4,0,0.6574061
/home/tianlong/Downloads//test/cwqhzuhjol.mp4,0,0.50027597
/home/tianlong/Downloads//test/tlzordotqw.mp4,0,0.29466692
/home/tianlong/Downloads//test/hdauuytvhx.mp4,0,0.48509982
/home/tianlong/Downloads//test/rtiyduycrn.mp4,0,0.6558408
/home/tianlong/Downloads//test/mdsmgzaltc.mp4,0,0.46278337
/home/tianlong/Downloads//test/mnlxxoicoo.mp4,0,0.22251646
/home/tianlong/Downloads//test/ksfuiztwuc.mp4,0,0.12644619
/home/tianlong/Downloads//test/tpjydgkvdt.mp4,0,0.3242451
/home/tianlong/Downloads//test/nmjesbwiux.mp4,0,0.6557291
/home/tianlong/Downloads//test/egzfaoiuwo.mp4,0,0.5094237
/home/tianlong/Downloads//test/ucmfbukrkj.mp4,0,0.58184695
/home/tianlong/Downloads//test/aoqzxlwvmi.mp4,0,0.56100816
/home/tianlong/Downloads//test/zzjfzeuizr.mp4,0,0.51042944
/home/tianlong/Downloads//test/aunokqsmrt.mp4,0,0.6607757
/home/tianlong/Downloads//test/kudvvlgiff.mp4,0,0.6813213
/home/tianlong/Downloads//test/qqwsabrgxh.mp4,0,0.16657068
/home/tianlong/Downloads//test/pvsslamopo.mp4,0,0.4291087
/home/tianlong/Downloads//test/kawxnfacqs.mp4,0,0.5886543
/home/tianlong/Downloads//test/lxeqbyddvt.mp4,0,0.60200894
/home/tianlong/Downloads//test/zylribcaeu.mp4,0,0.3815916
/home/tianlong/Downloads//test/sghdekqnnn.mp4,0,0.5454634
/home/tianlong/Downloads//test/msbqgoxxlh.mp4,0,0.36499667
/home/tianlong/Downloads//test/ubbzrfgzer.mp4,0,0.6567881
/home/tianlong/Downloads//test/vuofhivyfs.mp4,0,0.7679294
/home/tianlong/Downloads//test/xirrbpmlja.mp4,0,0.3977865
/home/tianlong/Downloads//test/appvffejyy.mp4,0,0.44339886
/home/tianlong/Downloads//test/nzepxsbotb.mp4,0,0.60090166
/home/tianlong/Downloads//test/nkqkvwpghi.mp4,0,0.43677142
/home/tianlong/Downloads//test/vdvffooule.mp4,0,0.40498152
/home/tianlong/Downloads//test/rayhrvqorn.mp4,0,0.72593063
/home/tianlong/Downloads//test/cslfapvyjv.mp4,0,0.66883016
/home/tianlong/Downloads//test/rmygsfjyvt.mp4,0,0.24932145
/home/tianlong/Downloads//test/yhbhhibwzo.mp4,0,0.2552921
/home/tianlong/Downloads//test/vlxfyuzygn.mp4,0,0.40174508
/home/tianlong/Downloads//test/zefqhoewww.mp4,0,0.39217636
/home/tianlong/Downloads//test/vptrrrmhyb.mp4,0,0.63089496
/home/tianlong/Downloads//test/cefolmrrlx.mp4,0,0.47902182
/home/tianlong/Downloads//test/xzmplldajk.mp4,0,0.14867829
/home/tianlong/Downloads//test/hrznynemfj.mp4,0,0.17163377
/home/tianlong/Downloads//test/tkxblcleyd.mp4,0,0.6239632
/home/tianlong/Downloads//test/tlxgwzheli.mp4,0,0.43013695
/home/tianlong/Downloads//test/qvgutokvct.mp4,0,0.5279939
/home/tianlong/Downloads//test/tcwyxrvdpe.mp4,0,0.31892
/home/tianlong/Downloads//test/jwrypvpvpx.mp4,0,0.5819022
/home/tianlong/Downloads//test/bpyjsrjcro.mp4,0,0.4551213
/home/tianlong/Downloads//test/avteqdmbob.mp4,0,0.46770808
/home/tianlong/Downloads//test/aaivbtdyjn.mp4,0,0.32215053
/home/tianlong/Downloads//test/pokctfragw.mp4,0,0.36374676
/home/tianlong/Downloads//test/vgdllmzjcw.mp4,0,0.1628662
/home/tianlong/Downloads//test/zdlhavfmit.mp4,0,0.8031435
/home/tianlong/Downloads//test/yupsrmckii.mp4,0,0.2220247
/home/tianlong/Downloads//test/pobpsxjbzg.mp4,0,0.35318467
/home/tianlong/Downloads//test/lkvouattut.mp4,0,0.56483257
/home/tianlong/Downloads//test/anjzzdyhno.mp4,0,0.7271262
/home/tianlong/Downloads//test/jvihmimqca.mp4,0,0.3500071
/home/tianlong/Downloads//test/wnoitecfmf.mp4,0,0.4765717
/home/tianlong/Downloads//test/gbvllwqbjl.mp4,0,0.5061717
/home/tianlong/Downloads//test/gzabjmglim.mp4,0,0.62400454
/home/tianlong/Downloads//test/paqcbtdulm.mp4,0,0.643423
/home/tianlong/Downloads//test/jcbbrqaaaq.mp4,0,0.5951659
/home/tianlong/Downloads//test/nsavbywhlu.mp4,0,0.39897636
/home/tianlong/Downloads//test/zwfebeiqat.mp4,0,0.40411016
/home/tianlong/Downloads//test/pimrsfwcwm.mp4,0,0.3514782
/home/tianlong/Downloads//test/mrvdmwcblt.mp4,0,0.6042724
/home/tianlong/Downloads//test/hedetzyqpu.mp4,0,0.63800377
/home/tianlong/Downloads//test/qytaiboeep.mp4,0,0.5117461
/home/tianlong/Downloads//test/famavifufv.mp4,0,0.50547755
/home/tianlong/Downloads//test/hnselekxwv.mp4,0,0.6117
/home/tianlong/Downloads//test/emgciwmtuj.mp4,0,0.652352
/home/tianlong/Downloads//test/wbmvbetcdm.mp4,0,0.2858106
/home/tianlong/Downloads//test/mpvnvvihzp.mp4,0,0.4766225
/home/tianlong/Downloads//test/zelgpxflfe.mp4,0,0.493723
/home/tianlong/Downloads//test/lhjcdavmmg.mp4,0,0.29276
/home/tianlong/Downloads//test/rxtqqoncwj.mp4,0,0.3599259
/home/tianlong/Downloads//test/shrpamtirw.mp4,0,0.021831416
/home/tianlong/Downloads//test/qhzlgrtgto.mp4,0,0.6535265
/home/tianlong/Downloads//test/uuzyzglejw.mp4,0,0.442211
/home/tianlong/Downloads//test/bmnpqrwnex.mp4,0,0.17814161
/home/tianlong/Downloads//test/dtssdnhgiw.mp4,0,0.38815674
/home/tianlong/Downloads//test/rlhmppiklf.mp4,0,0.19670095
/home/tianlong/Downloads//test/sswhgeqjrt.mp4,0,0.4611912
/home/tianlong/Downloads//test/emxqsgqtdz.mp4,0,0.2040118
/home/tianlong/Downloads//test/bcwtjzsutw.mp4,0,0.6648269
/home/tianlong/Downloads//test/uomfimsutw.mp4,0,0.27582687
/home/tianlong/Downloads//test/mztlucosuc.mp4,0,0.47038808
/home/tianlong/Downloads//test/ntcfyojagi.mp4,0,0.51421744
/home/tianlong/Downloads//test/wrbuiboyat.mp4,0,0.38022017
/home/tianlong/Downloads//test/xiqecarvpb.mp4,0,0.2918475
/home/tianlong/Downloads//test/fcvzlzfufb.mp4,0,0.46392712
/home/tianlong/Downloads//test/savqrjnncg.mp4,0,0.60059625
/home/tianlong/Downloads//test/icqmqztbry.mp4,0,0.1783473
/home/tianlong/Downloads//test/zzrmokkxka.mp4,0,0.30294833
/home/tianlong/Downloads//test/btgxrrldio.mp4,0,0.48584223
/home/tianlong/Downloads//test/zdnepyqjiy.mp4,0,0.6054695
/home/tianlong/Downloads//test/fybiztpnrc.mp4,0,0.63354033
/home/tianlong/Downloads//test/parqhrknkf.mp4,0,0.4329079
/home/tianlong/Downloads//test/tvffpggbrc.mp4,0,0.5522386
/home/tianlong/Downloads//test/rtpuwtrxsr.mp4,0,0.39169374
/home/tianlong/Downloads//test/tgmqfzsznf.mp4,0,0.34105363
/home/tianlong/Downloads//test/eqabuehals.mp4,0,0.5425874
/home/tianlong/Downloads//test/ikebomnsiq.mp4,0,0.61152804
/home/tianlong/Downloads//test/wfzxrfxohw.mp4,0,0.5300891
/home/tianlong/Downloads//test/dqfgwejsvm.mp4,0,0.49198568
/home/tianlong/Downloads//test/lxadgjqzbf.mp4,0,0.40870115
/home/tianlong/Downloads//test/tdahgbtenl.mp4,0,0.6022162
/home/tianlong/Downloads//test/bivzhsmrqo.mp4,0,0.39224303
/home/tianlong/Downloads//test/vzxluflrhn.mp4,0,0.62110883
/home/tianlong/Downloads//test/ikmsdmynbf.mp4,0,0.4921223
/home/tianlong/Downloads//test/kuqbgbrypa.mp4,0,0.29345322
/home/tianlong/Downloads//test/nfstajzaot.mp4,0,0.636088
/home/tianlong/Downloads//test/dultiznosk.mp4,0,0.6475721
/home/tianlong/Downloads//test/ckqfqernbf.mp4,0,0.594498
/home/tianlong/Downloads//test/kbdwudhhwf.mp4,0,0.55348116
/home/tianlong/Downloads//test/hqpjmwyygq.mp4,0,0.51748526
/home/tianlong/Downloads//test/tjyuudtkme.mp4,0,0.64427483
/home/tianlong/Downloads//test/tihgxlmfcj.mp4,0,0.64798063
/home/tianlong/Downloads//test/sgdnbofecu.mp4,0,0.6304449
/home/tianlong/Downloads//test/pgamqeolau.mp4,0,0.66398364
/home/tianlong/Downloads//test/ijeqomctsa.mp4,0,0.38058075
/home/tianlong/Downloads//test/ppruxbqpmc.mp4,0,0.15294422
/home/tianlong/Downloads//test/hkvfyeacje.mp4,0,0.6084818
/home/tianlong/Downloads//test/zqrzqekofe.mp4,0,0.42120865
/home/tianlong/Downloads//test/iwzbgmtsuh.mp4,0,0.6746414
/home/tianlong/Downloads//test/dbixwxtuxs.mp4,0,0.5844731
/home/tianlong/Downloads//test/cepqcoseaj.mp4,0,0.5353485
/home/tianlong/Downloads//test/gypapuqdrx.mp4,0,0.6565061
/home/tianlong/Downloads//test/djhhnixfyi.mp4,0,0.28593978
/home/tianlong/Downloads//test/fkarxowzuf.mp4,0,0.68316984
/home/tianlong/Downloads//test/gfxnuidfgl.mp4,0,0.2824274
/home/tianlong/Downloads//test/vsreebjsfs.mp4,0,0.3498553
/home/tianlong/Downloads//test/manqchicur.mp4,0,0.5194756
/home/tianlong/Downloads//test/gztffgsxpt.mp4,0,0.65470207
/home/tianlong/Downloads//test/jdzkykqgsx.mp4,0,0.49130479
/home/tianlong/Downloads//test/cvbubcwkkl.mp4,0,0.64465475
/home/tianlong/Downloads//test/bgqhldvsgc.mp4,0,0.6650199
/home/tianlong/Downloads//test/blqgpxokwq.mp4,0,0.55180764
/home/tianlong/Downloads//test/cxvayntesu.mp4,0,0.33404902
/home/tianlong/Downloads//test/dxepehnhgm.mp4,0,0.4014591
/home/tianlong/Downloads//test/bcgjlsupne.mp4,0,0.17359267
/home/tianlong/Downloads//test/uhynwthfhf.mp4,0,0.5312067
/home/tianlong/Downloads//test/gocrdvihos.mp4,0,0.70197463
/home/tianlong/Downloads//test/gtyvtbojpp.mp4,0,0.1535276
/home/tianlong/Downloads//test/eqtwkqxolz.mp4,0,0.1919663
/home/tianlong/Downloads//test/arwiyweadv.mp4,0,0.5069415
/home/tianlong/Downloads//test/mlizcisxro.mp4,0,0.36918533
/home/tianlong/Downloads//test/miiymgajty.mp4,0,0.45902514
/home/tianlong/Downloads//test/ragjclplkx.mp4,0,0.46643618
/home/tianlong/Downloads//test/wxrfuemtxj.mp4,0,0.2979295
/home/tianlong/Downloads//test/xxupwwukoh.mp4,0,0.27150628
/home/tianlong/Downloads//test/qdantvtdji.mp4,0,0.45558652
/home/tianlong/Downloads//test/oqehnuhbwa.mp4,0,0.54036397
/home/tianlong/Downloads//test/yzqbwkwxsn.mp4,0,0.22731246
/home/tianlong/Downloads//test/osjaqtkkdt.mp4,0,0.65936995
/home/tianlong/Downloads//test/nthlmvjxac.mp4,0,0.25447163
/home/tianlong/Downloads//test/dpegbdzijf.mp4,0,0.2973757
/home/tianlong/Downloads//test/ezgusylcyf.mp4,0,0.5494022
/home/tianlong/Downloads//test/isxxybhuls.mp4,0,0.4155067
/home/tianlong/Downloads//test/dbqbwrcvjk.mp4,0,0.2733743
/home/tianlong/Downloads//test/qqrvyhjznq.mp4,0,0.5465399
/home/tianlong/Downloads//test/ohdtmpzbtp.mp4,0,0.44954288
/home/tianlong/Downloads//test/oupztxzdln.mp4,0,0.505132
/home/tianlong/Downloads//test/snidpujjti.mp4,0,0.25607523
/home/tianlong/Downloads//test/yoxdseoukl.mp4,0,0.4607248
/home/tianlong/Downloads//test/bxsdnqizii.mp4,0,0.29215285
/home/tianlong/Downloads//test/ihszkmcwvw.mp4,0,0.57006556
/home/tianlong/Downloads//test/rgrqhjtoby.mp4,0,0.25370127
/home/tianlong/Downloads//test/vqibhetnwa.mp4,0,0.31448653
/home/tianlong/Downloads//test/rkqqgwurqt.mp4,0,0.5251099
/home/tianlong/Downloads//test/axdepsfowg.mp4,0,0.13423309
/home/tianlong/Downloads//test/dcpmipuapc.mp4,0,0.65793866
/home/tianlong/Downloads//test/ncjqganhal.mp4,0,0.3575475
/home/tianlong/Downloads//test/qnbnlmpqpu.mp4,0,0.48354188
/home/tianlong/Downloads//test/ieoervpooz.mp4,0,0.66424847
/home/tianlong/Downloads//test/fscyfygpyk.mp4,0,0.13481359
/home/tianlong/Downloads//test/pitpjawwwp.mp4,0,0.58154994
/home/tianlong/Downloads//test/geturetbpy.mp4,0,0.5604746
/home/tianlong/Downloads//test/kwsraaqime.mp4,0,0.34611323
/home/tianlong/Downloads//test/lhgoghqmub.mp4,0,0.5970175
/home/tianlong/Downloads//test/kdmonvkpqd.mp4,0,0.25937563
/home/tianlong/Downloads//test/wrcelewmpa.mp4,0,0.5629943
/home/tianlong/Downloads//test/bxqgvzamnx.mp4,0,0.49944317
/home/tianlong/Downloads//test/nliofvksed.mp4,0,0.3437338
/home/tianlong/Downloads//test/mwjnvghsbe.mp4,0,0.55061394
/home/tianlong/Downloads//test/ygiscbckjl.mp4,0,0.1561415
/home/tianlong/Downloads//test/wscclwhfsr.mp4,0,0.58007747
/home/tianlong/Downloads//test/hddminxrhw.mp4,0,0.37168217
/home/tianlong/Downloads//test/ncrkggcdqp.mp4,0,0.3716836
/home/tianlong/Downloads//test/xjinzawywt.mp4,0,0.46855995
/home/tianlong/Downloads//test/korrsqtkke.mp4,0,0.36957586
/home/tianlong/Downloads//test/tskjnnvjsa.mp4,0,0.41061246
/home/tianlong/Downloads//test/tyjxmknivy.mp4,0,0.41565803
/home/tianlong/Downloads//test/qyvqrtscbk.mp4,0,0.5147905
/home/tianlong/Downloads//test/kxnybtbpkl.mp4,0,0.6582388
/home/tianlong/Downloads//test/wiqtkqwfsw.mp4,0,0.48041478
/home/tianlong/Downloads//test/bevjclbhuo.mp4,0,0.6460298
/home/tianlong/Downloads//test/shwulrbsfx.mp4,0,0.24322377
/home/tianlong/Downloads//test/mohtuktaaq.mp4,0,0.42806968
/home/tianlong/Downloads//test/fwsypadiom.mp4,0,0.44284043
/home/tianlong/Downloads//test/buywrbgfqy.mp4,0,0.60776955
/home/tianlong/Downloads//test/bljpdykszf.mp4,0,0.22648406
/home/tianlong/Downloads//test/ztxdkcoxvx.mp4,0,0.14695087
/home/tianlong/Downloads//test/oqeoibjbim.mp4,0,0.4898206
/home/tianlong/Downloads//test/szwhgmrrhm.mp4,0,0.5272334
/home/tianlong/Downloads//test/xnydmgdhum.mp4,0,0.5475112
/home/tianlong/Downloads//test/fltaysfwct.mp4,0,0.07854632
/home/tianlong/Downloads//test/akdvkdoyoh.mp4,0,0.22327806
/home/tianlong/Downloads//test/ftfemkjnot.mp4,0,0.15386964
/home/tianlong/Downloads//test/gmbckelbzp.mp4,0,0.3882608
/home/tianlong/Downloads//test/jjzveabagf.mp4,0,0.5885522
/home/tianlong/Downloads//test/dfqwasrdvq.mp4,0,0.27906892
/home/tianlong/Downloads//test/diskzkrrph.mp4,0,0.47913292
/home/tianlong/Downloads//test/jtwpwdqmxz.mp4,0,0.6300779
/home/tianlong/Downloads//test/qivnumuetu.mp4,0,0.5791817
/home/tianlong/Downloads//test/blmuzhjygg.mp4,0,0.567498
/home/tianlong/Downloads//test/sbxlfehzjc.mp4,0,0.7227126
/home/tianlong/Downloads//test/tcwhwssdnv.mp4,0,0.31253466
/home/tianlong/Downloads//test/bkbokyebco.mp4,0,0.62483
/home/tianlong/Downloads//test/vojsghpebv.mp4,0,0.6382138
/home/tianlong/Downloads//test/opuhoerhxb.mp4,0,0.55134946
/home/tianlong/Downloads//test/mmhdcoqsve.mp4,0,0.44556773
/home/tianlong/Downloads//test/ewxddjqzml.mp4,0,0.39613676
/home/tianlong/Downloads//test/dznchaiaqh.mp4,0,0.6145954
/home/tianlong/Downloads//test/mloeefokyq.mp4,0,0.41607964
/home/tianlong/Downloads//test/fgkpembbpv.mp4,0,0.43068516
/home/tianlong/Downloads//test/orqafstesq.mp4,0,0.2472788
/home/tianlong/Downloads//test/ckgabgjnca.mp4,0,0.626624
/home/tianlong/Downloads//test/iuvhrgckrt.mp4,0,0.45869145
/home/tianlong/Downloads//test/vlzwcejywm.mp4,0,0.64372855
/home/tianlong/Downloads//test/cpucjmfawf.mp4,0,0.19778632
/home/tianlong/Downloads//test/ekvhyeycpr.mp4,0,0.14527853
/home/tianlong/Downloads//test/tazlckybzu.mp4,0,0.5202719
/home/tianlong/Downloads//test/clxgzkdgta.mp4,0,0.39799896
/home/tianlong/Downloads//test/zlfbumxcxs.mp4,0,0.29753748
/home/tianlong/Downloads//test/plhcceboag.mp4,0,0.11850086
/home/tianlong/Downloads//test/extihvlsxg.mp4,0,0.5038535
/home/tianlong/Downloads//test/olebnvxoyl.mp4,0,0.5550575
/home/tianlong/Downloads//test/opdqcwqxzy.mp4,0,0.122386344
/home/tianlong/Downloads//test/stwaypekwh.mp4,0,0.60439664
/home/tianlong/Downloads//test/xogwctpikv.mp4,0,0.42112386
/home/tianlong/Downloads//test/cjiwxfwcit.mp4,0,0.5931589
/home/tianlong/Downloads//test/txshgvrava.mp4,0,0.3710536
/home/tianlong/Downloads//test/ggpuxwhpri.mp4,0,0.41638616
/home/tianlong/Downloads//test/jlxnzxtopm.mp4,0,0.31501192
/home/tianlong/Downloads//test/thjugpbwcv.mp4,0,0.45674494
/home/tianlong/Downloads//test/pkititkein.mp4,0,0.09264567
/home/tianlong/Downloads//test/hjiwmybauf.mp4,0,0.8275614
/home/tianlong/Downloads//test/efazuieysm.mp4,0,0.38445708
/home/tianlong/Downloads//test/tdzsgrdneg.mp4,0,0.29467356
/home/tianlong/Downloads//test/mkxmvreoth.mp4,0,0.5233827
/home/tianlong/Downloads//test/ofbjiuemkr.mp4,0,0.2380163
/home/tianlong/Downloads//test/dogotzkdiw.mp4,0,0.23828648
/home/tianlong/Downloads//test/qdmvzknbua.mp4,0,0.32435533
/home/tianlong/Downloads//test/pnauelqbxq.mp4,0,0.5111851
/home/tianlong/Downloads//test/sytddqezij.mp4,0,0.51351744
/home/tianlong/Downloads//test/bhpddnqauc.mp4,0,0.37379786
/home/tianlong/Downloads//test/imtkdzkypf.mp4,0,0.34569368
/home/tianlong/Downloads//test/kbodjivgqu.mp4,0,0.6142715
/home/tianlong/Downloads//test/qtxraeaxeh.mp4,0,0.49395236
/home/tianlong/Downloads//test/uaxmqpmswz.mp4,0,0.52263796
/home/tianlong/Downloads//test/qlbapiibba.mp4,0,0.6040839
/home/tianlong/Downloads//test/mzurunkulx.mp4,0,0.41827655
/home/tianlong/Downloads//test/aujoxrpddn.mp4,0,0.56617963
/home/tianlong/Downloads//test/ebenvuuxld.mp4,0,0.5334013
/home/tianlong/Downloads//test/fsfjlwwsen.mp4,0,0.6910906
/home/tianlong/Downloads//test/zwgaptzuqt.mp4,0,0.55646884
/home/tianlong/Downloads//test/gldpafckwo.mp4,0,0.43876317
/home/tianlong/Downloads//test/nvkzpexyzg.mp4,0,0.3642124
/home/tianlong/Downloads//test/vnrmxwtsmf.mp4,0,0.5143762
/home/tianlong/Downloads//test/hmofiqjzxe.mp4,0,0.38710913
/home/tianlong/Downloads//test/ucryyubbqk.mp4,0,0.057307053
/home/tianlong/Downloads//test/gwqdrapybq.mp4,0,0.29182118
/home/tianlong/Downloads//test/avttogwbyz.mp4,0,0.35882565
/home/tianlong/Downloads//test/hbmvxgonmq.mp4,0,0.5909975
/home/tianlong/Downloads//test/gxxlbjuyza.mp4,0,0.33846426
/home/tianlong/Downloads//test/jhzozsurac.mp4,0,0.58866423
/home/tianlong/Downloads//test/opyqudaics.mp4,0,0.4560986
/home/tianlong/Downloads//test/vigbdgmudk.mp4,0,0.50716823
/home/tianlong/Downloads//test/viidhkoxyv.mp4,0,0.62762326
/home/tianlong/Downloads//test/dmpvbeyuqb.mp4,0,0.6067665
/home/tianlong/Downloads//test/wgycqahjww.mp4,0,0.6389448
/home/tianlong/Downloads//test/wwgmzeavbd.mp4,0,0.51735514
/home/tianlong/Downloads//test/qtqyglbdem.mp4,0,0.6470138
/home/tianlong/Downloads//test/nqynuhnklk.mp4,0,0.3734949
/home/tianlong/Downloads//test/jygbqsigcr.mp4,0,0.58529574
/home/tianlong/Downloads//test/nsozqvhalr.mp4,0,0.21297543
/home/tianlong/Downloads//test/yvmrwdyxby.mp4,0,0.7166646
/home/tianlong/Downloads//test/kvhbyuklfv.mp4,0,0.37653533
/home/tianlong/Downloads//test/iwnfvkmktq.mp4,0,0.19691588
/home/tianlong/Downloads//test/qzfmctgxcs.mp4,0,0.4721566
/home/tianlong/Downloads//test/vhipamioud.mp4,0,0.38654658
/home/tianlong/Downloads//test/lmbvoxhowe.mp4,0,0.61634785
/home/tianlong/Downloads//test/ziqjamfzlv.mp4,0,0.61177486
/home/tianlong/Downloads//test/kqnwutdvpd.mp4,0,0.6060857
/home/tianlong/Downloads//test/lucpbeexdk.mp4,0,0.44916406
/home/tianlong/Downloads//test/pnotaniiuh.mp4,0,0.25909263
/home/tianlong/Downloads//test/qohtjkzity.mp4,0,0.3806292
/home/tianlong/Downloads//test/bkjhfcvsig.mp4,0,0.6251833
/home/tianlong/Downloads//test/kpcrdurodw.mp4,0,0.38966084
/home/tianlong/Downloads//test/nmphdbflzj.mp4,0,0.49886528
/home/tianlong/Downloads//test/fmsxomanga.mp4,0,0.5281922
/home/tianlong/Downloads//test/tgwpcoljin.mp4,0,0.45517635
/home/tianlong/Downloads//test/foynwjsqeh.mp4,0,0.3950254
/home/tianlong/Downloads//test/vdqritvjfl.mp4,0,0.2734404
/home/tianlong/Downloads//test/egyemqrvna.mp4,0,0.5498021
/home/tianlong/Downloads//test/xrtmepdfyh.mp4,0,0.5725674
/home/tianlong/Downloads//test/zfgjechdto.mp4,0,0.38472417
/home/tianlong/Downloads//test/jujpqsrgll.mp4,0,0.08837365
/home/tianlong/Downloads//test/iakzgqqova.mp4,0,0.39552054
/home/tianlong/Downloads//test/fqdklzzkfj.mp4,0,0.30004215
/home/tianlong/Downloads//test/dnfnxwbsoi.mp4,0,0.5598189
/home/tianlong/Downloads//test/lynaeydofd.mp4,0,0.64634347
/home/tianlong/Downloads//test/relrfifywa.mp4,0,0.6492349
/home/tianlong/Downloads//test/imsacxixmv.mp4,0,0.63454384
/home/tianlong/Downloads//test/rfbwukxpye.mp4,0,0.4853677
/home/tianlong/Downloads//test/atixaudngu.mp4,0,0.55701804
/home/tianlong/Downloads//test/tcychsyltm.mp4,0,0.44573984
/home/tianlong/Downloads//test/kifyfzqzjj.mp4,0,0.22890763
/home/tianlong/Downloads//test/irjbukzjqt.mp4,0,0.60668486
/home/tianlong/Downloads//test/jmkkbkvbjo.mp4,0,0.15687048
/home/tianlong/Downloads//test/gflhlvhqyl.mp4,0,0.19481762
/home/tianlong/Downloads//test/myebjqbxsl.mp4,0,0.3935989
/home/tianlong/Downloads//test/mqeqiytluf.mp4,0,0.5025238
/home/tianlong/Downloads//test/zbsjlcsetv.mp4,0,0.3717475
/home/tianlong/Downloads//test/lzmxqxrruv.mp4,0,0.35084447
/home/tianlong/Downloads//test/neotrnwthu.mp4,0,0.6605796
/home/tianlong/Downloads//test/vwigtbeivy.mp4,0,0.6358357
/home/tianlong/Downloads//test/ldtscpryms.mp4,0,0.55017287
/home/tianlong/Downloads//test/sjgmmecazy.mp4,0,0.7328334
/home/tianlong/Downloads//test/jkrbsekajk.mp4,0,0.74421674
/home/tianlong/Downloads//test/iahzcxmuck.mp4,0,0.56263584
/home/tianlong/Downloads//test/cteqlloxwu.mp4,0,0.5440586
/home/tianlong/Downloads//test/pgqxsteufx.mp4,0,0.48823082
/home/tianlong/Downloads//test/cmuzrrlaiy.mp4,1,0.19152278
/home/tianlong/Downloads//test/jxeqhujuvh.mp4,1,0.48968324
/home/tianlong/Downloads//test/ntaqujyzes.mp4,1,0.6591658
/home/tianlong/Downloads//test/ghxzsygiou.mp4,1,0.7546334
/home/tianlong/Downloads//test/lvxzjwiklq.mp4,1,0.30262783
/home/tianlong/Downloads//test/wlyvvvjgnv.mp4,1,0.53629225
/home/tianlong/Downloads//test/hexxuigzdl.mp4,1,0.82858753
/home/tianlong/Downloads//test/zynrdvlrwv.mp4,1,0.34852743
/home/tianlong/Downloads//test/kbvqzihgan.mp4,1,0.67353827
/home/tianlong/Downloads//test/razacdewcv.mp4,1,0.54895437
/home/tianlong/Downloads//test/tjlrvidbxw.mp4,1,0.6142339
/home/tianlong/Downloads//test/gcbyurxhbz.mp4,1,0.622021
/home/tianlong/Downloads//test/xticvyqqjn.mp4,1,0.6678679
/home/tianlong/Downloads//test/gqpayiddqv.mp4,1,0.6169098
/home/tianlong/Downloads//test/zmrnjhfxed.mp4,1,0.1343803
/home/tianlong/Downloads//test/slpxqmwuqm.mp4,1,0.48782954
/home/tianlong/Downloads//test/upwsvjdtgo.mp4,1,0.5319968
/home/tianlong/Downloads//test/zpnjiswgdt.mp4,1,0.015607071
/home/tianlong/Downloads//test/rayxtqfosv.mp4,1,0.6030549
/home/tianlong/Downloads//test/cfhoqpdzqb.mp4,1,0.6495779
/home/tianlong/Downloads//test/okyufzgvay.mp4,1,0.22393353
/home/tianlong/Downloads//test/wgyxtquovo.mp4,1,0.37824965
/home/tianlong/Downloads//test/kicgvgukqs.mp4,1,0.4507291
/home/tianlong/Downloads//test/aolhuwcdwv.mp4,1,0.20255834
/home/tianlong/Downloads//test/clzcvdsuyp.mp4,1,0.10337791
/home/tianlong/Downloads//test/jibhugdfbs.mp4,1,0.43285248
/home/tianlong/Downloads//test/kfiszsbzob.mp4,1,0.84654707
/home/tianlong/Downloads//test/mgwtoqonaf.mp4,1,0.22375797
/home/tianlong/Downloads//test/buzqmuifod.mp4,1,0.46797845
/home/tianlong/Downloads//test/bofmetrgfm.mp4,1,0.6221242
/home/tianlong/Downloads//test/chlshvbday.mp4,1,0.48040363
/home/tianlong/Downloads//test/vxcjkgerao.mp4,1,0.22896974
/home/tianlong/Downloads//test/qxwqqhruvz.mp4,1,0.65309125
/home/tianlong/Downloads//test/hytdcdixlv.mp4,1,0.34041086
/home/tianlong/Downloads//test/buejhiahpy.mp4,1,0.20649947
/home/tianlong/Downloads//test/omotodymgb.mp4,1,0.3457924
/home/tianlong/Downloads//test/gmcvyrferj.mp4,1,0.6183087
/home/tianlong/Downloads//test/ycoaclsdov.mp4,1,0.30718815
/home/tianlong/Downloads//test/scaljzcpcf.mp4,1,0.2930513
/home/tianlong/Downloads//test/uhbxhharht.mp4,1,0.5480705
/home/tianlong/Downloads//test/tmmakbzbqw.mp4,1,0.373237
/home/tianlong/Downloads//test/mvfvefsgik.mp4,1,0.63266575
/home/tianlong/Downloads//test/inesnaprwm.mp4,1,0.54804194
/home/tianlong/Downloads//test/qqxelyjmmw.mp4,1,0.4068606
/home/tianlong/Downloads//test/dllkubdbbd.mp4,1,0.7028766
/home/tianlong/Downloads//test/ttnajmkchw.mp4,1,0.56049985
/home/tianlong/Downloads//test/kaffwaiexj.mp4,1,0.65775776
/home/tianlong/Downloads//test/dpfuqzdtrs.mp4,1,0.55651516
/home/tianlong/Downloads//test/hfvexodpht.mp4,1,0.5199247
/home/tianlong/Downloads//test/vmxjsdkuju.mp4,1,0.62301177
/home/tianlong/Downloads//test/afaxsgqksm.mp4,1,0.6672837
/home/tianlong/Downloads//test/pgkipgmpgm.mp4,1,0.3547515
/home/tianlong/Downloads//test/ltkesswcyn.mp4,1,0.5201423
/home/tianlong/Downloads//test/dffkcrccsj.mp4,1,0.57388955
/home/tianlong/Downloads//test/svtnilogao.mp4,1,0.33561942
/home/tianlong/Downloads//test/bzobkqewtt.mp4,1,0.65801716
/home/tianlong/Downloads//test/vemnbnqoqk.mp4,1,0.40807208
/home/tianlong/Downloads//test/nobrvdftmd.mp4,1,0.33725628
/home/tianlong/Downloads//test/qepgiaxgpc.mp4,1,0.6963587
/home/tianlong/Downloads//test/bogjubshbr.mp4,1,0.37877476
/home/tianlong/Downloads//test/uyoqozgdcy.mp4,1,0.57969916
/home/tianlong/Downloads//test/cvmmtklgst.mp4,1,0.66678685
/home/tianlong/Downloads//test/qharxzhzpl.mp4,1,0.63685954
/home/tianlong/Downloads//test/sprejlmapw.mp4,1,0.6327135
/home/tianlong/Downloads//test/crzrsezocr.mp4,1,0.6006621
/home/tianlong/Downloads//test/wyqhadmmcy.mp4,1,0.2679697
/home/tianlong/Downloads//test/jrjxehotww.mp4,1,0.44122288
/home/tianlong/Downloads//test/xctpdujlok.mp4,1,0.6559084
/home/tianlong/Downloads//test/hfspenqmpw.mp4,1,0.61657006
/home/tianlong/Downloads//test/jkfukzcjxd.mp4,1,0.66237307
/home/tianlong/Downloads//test/knafngkgen.mp4,1,0.59417963
/home/tianlong/Downloads//test/tswmtnhfmn.mp4,1,0.64456743
/home/tianlong/Downloads//test/qoasfzksgo.mp4,1,0.8894916
/home/tianlong/Downloads//test/hnrzuoqnkz.mp4,1,0.47433826
/home/tianlong/Downloads//test/nussrkyuzy.mp4,1,0.6546201
/home/tianlong/Downloads//test/ciwzwmlyxz.mp4,1,0.6413953
/home/tianlong/Downloads//test/dbauiiupef.mp4,1,0.47093022
/home/tianlong/Downloads//test/ywxfnlxtjg.mp4,1,0.07177137
/home/tianlong/Downloads//test/pryqgrbtnu.mp4,1,0.41843256
/home/tianlong/Downloads//test/mbjpaydogy.mp4,1,0.6245415
/home/tianlong/Downloads//test/ihdopxhysr.mp4,1,0.26380262
/home/tianlong/Downloads//test/rgasvymjrj.mp4,1,0.3786427
/home/tianlong/Downloads//test/eclpgjjies.mp4,1,0.3963237
/home/tianlong/Downloads//test/kxptuwngop.mp4,1,0.23307209
/home/tianlong/Downloads//test/uaqvffouxp.mp4,1,0.5709915
/home/tianlong/Downloads//test/xvqzzgoabm.mp4,1,0.50516677
/home/tianlong/Downloads//test/tkgbjtcxyl.mp4,1,0.66658086
/home/tianlong/Downloads//test/xlnaxrwvcx.mp4,1,0.12875606
/home/tianlong/Downloads//test/kphfzaullq.mp4,1,0.6685042
/home/tianlong/Downloads//test/rkezgzxnoo.mp4,1,0.4942247
/home/tianlong/Downloads//test/fromclsodq.mp4,1,0.5350748
/home/tianlong/Downloads//test/nrscfrjxpb.mp4,1,0.29758215
/home/tianlong/Downloads//test/ygobagrhmg.mp4,1,0.3574284
/home/tianlong/Downloads//test/hisfrixnbu.mp4,1,0.87535954
/home/tianlong/Downloads//test/duzueyonao.mp4,1,0.6410937
/home/tianlong/Downloads//test/gkknsyqbnz.mp4,1,0.43276533
/home/tianlong/Downloads//test/tmgdrjjalz.mp4,1,0.6630147
/home/tianlong/Downloads//test/iajblozgtx.mp4,1,0.5896159
/home/tianlong/Downloads//test/ahkcchuwqq.mp4,1,0.598231
/home/tianlong/Downloads//test/zmfiveruie.mp4,1,0.6322605
/home/tianlong/Downloads//test/xptgnpgfkn.mp4,1,0.45730484
/home/tianlong/Downloads//test/aebhowazav.mp4,1,0.41955796
/home/tianlong/Downloads//test/geulcwvfuy.mp4,1,0.17715293
/home/tianlong/Downloads//test/glzyifzrql.mp4,1,0.6469986
/home/tianlong/Downloads//test/wvmrsucbsq.mp4,1,0.9646883
/home/tianlong/Downloads//test/moetggyxsc.mp4,1,0.65021694
/home/tianlong/Downloads//test/jfvnwpcjrm.mp4,1,0.60083586
/home/tianlong/Downloads//test/kaggpclkjm.mp4,1,0.7535375
/home/tianlong/Downloads//test/nacldwtuwp.mp4,1,0.5570978
/home/tianlong/Downloads//test/upwyvqbjlq.mp4,1,0.65815765
/home/tianlong/Downloads//test/tdmyjvptzv.mp4,1,0.5505513
/home/tianlong/Downloads//test/fzurflflwv.mp4,1,0.64917666
/home/tianlong/Downloads//test/aakjukgjme.mp4,1,0.45052782
/home/tianlong/Downloads//test/ypepsyuwmo.mp4,1,0.44942036
/home/tianlong/Downloads//test/qxhyhhkywc.mp4,1,0.651062
/home/tianlong/Downloads//test/iqvfopywpa.mp4,1,0.58057374
/home/tianlong/Downloads//test/xfncslssic.mp4,1,0.657356
/home/tianlong/Downloads//test/jesstfspwv.mp4,1,0.45339897
/home/tianlong/Downloads//test/xiraodtgnt.mp4,1,0.36459386
/home/tianlong/Downloads//test/xeuzubpylq.mp4,1,0.1121968
/home/tianlong/Downloads//test/xszpbtciwo.mp4,1,0.53339535
/home/tianlong/Downloads//test/fkksbgaibl.mp4,1,0.6065555
/home/tianlong/Downloads//test/ntqzfgmhnj.mp4,1,0.65447325
/home/tianlong/Downloads//test/bizbjxafzr.mp4,1,0.3119326
/home/tianlong/Downloads//test/bxfwiuvafo.mp4,1,0.5584417
/home/tianlong/Downloads//test/jfcglbovmo.mp4,1,0.6806287
/home/tianlong/Downloads//test/odidbykbar.mp4,1,0.6641552
/home/tianlong/Downloads//test/qarbtmjwhm.mp4,1,0.5988566
/home/tianlong/Downloads//test/jeierullea.mp4,1,0.36830947
/home/tianlong/Downloads//test/lrckqkzekj.mp4,1,0.39763677
/home/tianlong/Downloads//test/riizlqngim.mp4,1,0.3422886
/home/tianlong/Downloads//test/lmcnonfhgz.mp4,1,0.25179964
/home/tianlong/Downloads//test/lkhszpabzv.mp4,1,0.666477
/home/tianlong/Downloads//test/njqbwiajss.mp4,1,0.37131476
/home/tianlong/Downloads//test/ksqybmrwyg.mp4,1,0.6333521
/home/tianlong/Downloads//test/dxphlwcvan.mp4,1,0.5976413
/home/tianlong/Downloads//test/dgjssccxhx.mp4,1,0.600596
/home/tianlong/Downloads//test/sbfxzmhzyv.mp4,1,0.64083934
/home/tianlong/Downloads//test/rlvgpdrgvi.mp4,1,0.53461844
/home/tianlong/Downloads//test/uzdmxmfcqe.mp4,1,0.40052116
/home/tianlong/Downloads//test/afixxjdxef.mp4,1,0.4689004
/home/tianlong/Downloads//test/fwvxtssltw.mp4,1,0.56850356
/home/tianlong/Downloads//test/jyzlvivrmr.mp4,1,0.36984587
/home/tianlong/Downloads//test/byavookkdu.mp4,1,0.55178374
/home/tianlong/Downloads//test/agyawnxlmv.mp4,1,0.2917681
/home/tianlong/Downloads//test/zjoonppreb.mp4,1,0.5086747
/home/tianlong/Downloads//test/sjzwpqupnm.mp4,1,0.40354562
/home/tianlong/Downloads//test/pobrnbspcf.mp4,1,0.061577786
/home/tianlong/Downloads//test/qdkpphviay.mp4,1,0.5994032
/home/tianlong/Downloads//test/nbyaxzmueg.mp4,1,0.5638426
/home/tianlong/Downloads//test/vfszaqentw.mp4,1,0.24851304
/home/tianlong/Downloads//test/fosovipqkg.mp4,1,0.6673873
/home/tianlong/Downloads//test/grwcxofqrx.mp4,1,0.3234118
/home/tianlong/Downloads//test/koqxhnmkjl.mp4,1,0.69178313
/home/tianlong/Downloads//test/xkukyjokbg.mp4,1,0.6563123
/home/tianlong/Downloads//test/fmnzbwtjep.mp4,1,0.4453299
/home/tianlong/Downloads//test/aruyyclubn.mp4,1,0.6666318
/home/tianlong/Downloads//test/eluhuvocwr.mp4,1,0.5099012
/home/tianlong/Downloads//test/iiwffwiyrg.mp4,1,0.65824175
/home/tianlong/Downloads//test/fsbabrxhqy.mp4,1,0.4124398
/home/tianlong/Downloads//test/ymqadbkafj.mp4,1,0.66660213
/home/tianlong/Downloads//test/nptmqvfuhz.mp4,1,0.4740444
/home/tianlong/Downloads//test/usjnlahlcj.mp4,1,0.45994952
/home/tianlong/Downloads//test/hbozjjcafn.mp4,1,0.18797009
/home/tianlong/Downloads//test/cizxmeztny.mp4,1,0.47135338
/home/tianlong/Downloads//test/syxlmynhsi.mp4,1,0.44267106
/home/tianlong/Downloads//test/ezadehoecy.mp4,1,0.37365174
/home/tianlong/Downloads//test/fpliemtlco.mp4,1,0.62518483
/home/tianlong/Downloads//test/arflgfcnkg.mp4,1,0.25922242
/home/tianlong/Downloads//test/occelhylxf.mp4,1,0.54349047
/home/tianlong/Downloads//test/uqntkvpntd.mp4,1,0.3442587
/home/tianlong/Downloads//test/iatevqworc.mp4,1,0.6571819
/home/tianlong/Downloads//test/xzsmgydcub.mp4,1,0.38209924
/home/tianlong/Downloads//test/qbffpkpmkf.mp4,1,0.55157155
/home/tianlong/Downloads//test/pzbpgfmroj.mp4,1,0.6426553
/home/tianlong/Downloads//test/oundixpyst.mp4,1,0.5627653
/home/tianlong/Downloads//test/hnxhwfttpy.mp4,1,0.4617379
/home/tianlong/Downloads//test/rdjwlvvwtv.mp4,1,0.1537379
/home/tianlong/Downloads//test/tcmstiljkk.mp4,1,0.5697198
/home/tianlong/Downloads//test/qbfdtumuct.mp4,1,0.5776608
/home/tianlong/Downloads//test/mxnquwuszt.mp4,1,0.31283325
/home/tianlong/Downloads//test/sjooumwlzb.mp4,1,0.35014066
/home/tianlong/Downloads//test/twhwouycfg.mp4,1,0.33703724
/home/tianlong/Downloads//test/wytpaehszj.mp4,1,0.28686932
/home/tianlong/Downloads//test/srtwhbzzlr.mp4,1,0.4989475
/home/tianlong/Downloads//test/jqjfpkuckf.mp4,1,0.32694963
/home/tianlong/Downloads//test/yxjjfaekev.mp4,1,0.4648496
/home/tianlong/Downloads//test/cyokqrzbol.mp4,1,0.6478356
/home/tianlong/Downloads//test/mtilpvablx.mp4,1,0.48279092
/home/tianlong/Downloads//test/njwsmltmvb.mp4,1,0.3208318
/home/tianlong/Downloads//test/xkksfulade.mp4,1,0.18955982
/home/tianlong/Downloads//test/dtfgsvfmjq.mp4,1,0.46696737
/home/tianlong/Downloads//test/onaewxqqkd.mp4,1,0.62635875
/home/tianlong/Downloads//test/pazpnfrbbc.mp4,1,0.23501648
/home/tianlong/Downloads//test/kgowzoxjfq.mp4,1,0.56945634
/home/tianlong/Downloads//test/ltdwtgrads.mp4,1,0.8348413
/home/tianlong/Downloads//test/znistrajpw.mp4,1,0.5694403
/home/tianlong/Downloads//test/yfhzmfhojv.mp4,1,0.43060705
/home/tianlong/Downloads//test/spkorcenyh.mp4,1,0.38363114
/home/tianlong/Downloads//test/axopbbxwzr.mp4,1,0.517248
/home/tianlong/Downloads//test/hxrruqinnh.mp4,1,0.8406005
/home/tianlong/Downloads//test/tkaybnjwhg.mp4,1,0.6829109
/home/tianlong/Downloads//test/lhwwhjhyqx.mp4,1,0.15869428
/home/tianlong/Downloads//test/btxjufhiaz.mp4,1,0.40488645
/home/tianlong/Downloads//test/dnhaskulaj.mp4,1,0.43695387
/home/tianlong/Downloads//test/vxqofldgze.mp4,1,0.60446024
/home/tianlong/Downloads//test/ddjzmyabyu.mp4,1,0.63904065
/home/tianlong/Downloads//test/mgahaaogif.mp4,1,0.083465606
/home/tianlong/Downloads//test/ktmdpragph.mp4,1,0.07427526
/home/tianlong/Downloads//test/xazdhdnwhh.mp4,1,0.5111586
/home/tianlong/Downloads//test/qnslgeajnt.mp4,1,0.4887996
/home/tianlong/Downloads//test/sivrgbsaog.mp4,1,0.5280541
/home/tianlong/Downloads//test/uzmuovkewv.mp4,1,0.33689728
/home/tianlong/Downloads//test/tvazrcdkpq.mp4,1,0.6312129
/home/tianlong/Downloads//test/jbatiwjmzh.mp4,1,0.29013762
/home/tianlong/Downloads//test/hmiylncrva.mp4,1,0.6213971
/home/tianlong/Downloads//test/uxkojffbsr.mp4,1,0.2950775
/home/tianlong/Downloads//test/crbcrxqftw.mp4,1,0.55863994
/home/tianlong/Downloads//test/yermnsnlgf.mp4,1,0.5877553
/home/tianlong/Downloads//test/gipcvghjiy.mp4,1,0.3985043
/home/tianlong/Downloads//test/iwcfxyoimw.mp4,1,0.6411918
/home/tianlong/Downloads//test/kozaofkgvk.mp4,1,0.44334057
/home/tianlong/Downloads//test/xlgevjtsog.mp4,1,0.4609214
/home/tianlong/Downloads//test/bpjkimtqtz.mp4,1,0.49317285
/home/tianlong/Downloads//test/pdnwaekrtn.mp4,1,0.28711274
/home/tianlong/Downloads//test/toxsrzsksc.mp4,1,0.55241364
/home/tianlong/Downloads//test/oejfypsbfh.mp4,1,0.32549652
/home/tianlong/Downloads//test/hwyuwbnszo.mp4,1,0.6165661
/home/tianlong/Downloads//test/acgyspwyqr.mp4,1,0.4064165
/home/tianlong/Downloads//test/oitcqmvnsa.mp4,1,0.23424894
/home/tianlong/Downloads//test/pdqqkuclvd.mp4,1,0.059846308
/home/tianlong/Downloads//test/slsyjvgfpu.mp4,1,0.68832064
/home/tianlong/Downloads//test/xmdfnldfyc.mp4,1,0.28012508
/home/tianlong/Downloads//test/ynkzlkahux.mp4,1,0.5304894
/home/tianlong/Downloads//test/szjbkskyph.mp4,1,0.6713647
/home/tianlong/Downloads//test/yyiiywtiry.mp4,1,0.658734
/home/tianlong/Downloads//test/crvotfojeq.mp4,1,0.39965573
/home/tianlong/Downloads//test/rsqblsfgli.mp4,1,0.23001958
/home/tianlong/Downloads//test/becqadbtkb.mp4,1,0.65540147
/home/tianlong/Downloads//test/afqaubpglg.mp4,1,0.3098144
/home/tianlong/Downloads//test/pwplooonzr.mp4,1,0.66087884
/home/tianlong/Downloads//test/vjegxiyvla.mp4,1,0.21343029
/home/tianlong/Downloads//test/jbwtbfbdko.mp4,1,0.36814085
/home/tianlong/Downloads//test/toggbitvfd.mp4,1,0.48156583
/home/tianlong/Downloads//test/xpfhawmzbe.mp4,1,0.36425927
/home/tianlong/Downloads//test/kjwdinzplo.mp4,1,0.64949447
/home/tianlong/Downloads//test/jrkdzpijpb.mp4,1,0.58522743
/home/tianlong/Downloads//test/lbnuxynggy.mp4,1,0.44080016
/home/tianlong/Downloads//test/iorrylopzn.mp4,1,0.6716961
/home/tianlong/Downloads//test/yasxapunrf.mp4,1,0.49593744
/home/tianlong/Downloads//test/suohrphvbe.mp4,1,0.2582228
/home/tianlong/Downloads//test/salsuwvckq.mp4,1,0.48520246
/home/tianlong/Downloads//test/eclnowceyi.mp4,1,0.6575548
/home/tianlong/Downloads//test/wvtymfvbwq.mp4,1,0.6645946
/home/tianlong/Downloads//test/rsjhmrvdwg.mp4,1,0.27981412
/home/tianlong/Downloads//test/qtvhpmoukj.mp4,1,0.6524191
/home/tianlong/Downloads//test/svqkfjfucw.mp4,1,0.016993573
/home/tianlong/Downloads//test/jdlqmnhuix.mp4,1,0.31379202
/home/tianlong/Downloads//test/ltmkgkppwx.mp4,1,0.5706231
/home/tianlong/Downloads//test/zaoyocjkgw.mp4,1,0.3344537
/home/tianlong/Downloads//test/vgrhobnbfo.mp4,1,0.2931243
/home/tianlong/Downloads//test/eeeuzozcdc.mp4,1,0.61908215
/home/tianlong/Downloads//test/ikgxqbhmlv.mp4,1,0.4338909
/home/tianlong/Downloads//test/zyeakowujw.mp4,1,0.6312213
/home/tianlong/Downloads//test/uerapqglmr.mp4,1,0.7689161
/home/tianlong/Downloads//test/fmuncwjpej.mp4,1,0.59549165
/home/tianlong/Downloads//test/xllzvdxwiv.mp4,1,0.38973686
/home/tianlong/Downloads//test/giuymhlbyo.mp4,1,0.36920062
/home/tianlong/Downloads//test/bubbmjnmge.mp4,1,0.21553849
/home/tianlong/Downloads//test/qwqefbalkv.mp4,1,0.1777791
/home/tianlong/Downloads//test/aupsxowdcp.mp4,1,0.14927861
/home/tianlong/Downloads//test/apjovfzzft.mp4,1,0.6070628
/home/tianlong/Downloads//test/yjbnaqwxyf.mp4,1,0.562727
/home/tianlong/Downloads//test/dajlkmlvch.mp4,1,0.53812116
/home/tianlong/Downloads//test/egwzzhemvk.mp4,1,0.6091276
/home/tianlong/Downloads//test/vlhrgeyvqy.mp4,1,0.2294209
/home/tianlong/Downloads//test/vpolvvzwsw.mp4,1,0.54476804
/home/tianlong/Downloads//test/ddkcxrncmq.mp4,1,0.5215445
/home/tianlong/Downloads//test/fncnobpzzx.mp4,1,0.43272865
/home/tianlong/Downloads//test/lhayhvqjmg.mp4,1,0.5142694
/home/tianlong/Downloads//test/yboofyemks.mp4,1,0.36934772
/home/tianlong/Downloads//test/wzkovvmdkq.mp4,1,0.30183217
/home/tianlong/Downloads//test/axxldpmbat.mp4,1,0.47919384
/home/tianlong/Downloads//test/piovymzozl.mp4,1,0.58826274
/home/tianlong/Downloads//test/ymjrnwsjxt.mp4,1,0.55056393
/home/tianlong/Downloads//test/jfxroglrst.mp4,1,0.39420033
/home/tianlong/Downloads//test/qzyaijdbfe.mp4,1,0.90802747
/home/tianlong/Downloads//test/gzwzxbtkpd.mp4,1,0.6297728
/home/tianlong/Downloads//test/bgssriyozb.mp4,1,0.5301884
/home/tianlong/Downloads//test/wqtraebanl.mp4,1,0.3909804
/home/tianlong/Downloads//test/lovkthgavz.mp4,1,0.40502742
/home/tianlong/Downloads//test/vpgjaoyvir.mp4,1,0.63773745
/home/tianlong/Downloads//test/btlqqvfuck.mp4,1,0.1906889
/home/tianlong/Downloads//test/zzxidpsxmv.mp4,1,0.6553994
/home/tianlong/Downloads//test/qzuhjrhozy.mp4,1,0.48357737
/home/tianlong/Downloads//test/rtuaxyuvqs.mp4,1,0.6177904
/home/tianlong/Downloads//test/vybbullejj.mp4,1,0.301688
/home/tianlong/Downloads//test/lblweiecpx.mp4,1,0.2950942
/home/tianlong/Downloads//test/qkchcuiljp.mp4,1,0.50585276
/home/tianlong/Downloads//test/roivdutkrz.mp4,1,0.64113414
/home/tianlong/Downloads//test/rziziscker.mp4,1,0.16700555
/home/tianlong/Downloads//test/zsdmgllhck.mp4,1,0.3542229
/home/tianlong/Downloads//test/kpkzqbpivj.mp4,1,0.47305974
/home/tianlong/Downloads//test/tgkjhdyxww.mp4,1,0.29227182
/home/tianlong/Downloads//test/zubaiztkag.mp4,1,0.34017038
/home/tianlong/Downloads//test/figxvsdmsb.mp4,1,0.52468103
/home/tianlong/Downloads//test/enzlliylet.mp4,1,0.5628959
/home/tianlong/Downloads//test/acekgkqgdg.mp4,1,0.58079654
/home/tianlong/Downloads//test/ljrikjsgis.mp4,1,0.5275175
/home/tianlong/Downloads//test/vawotznxqn.mp4,1,0.47944593
/home/tianlong/Downloads//test/jsqtbnxnpb.mp4,1,0.48442292
/home/tianlong/Downloads//test/yibeqxcadd.mp4,1,0.7944908
/home/tianlong/Downloads//test/zvgekhyszq.mp4,1,0.31196666
/home/tianlong/Downloads//test/luisdnrumh.mp4,1,0.8529157
/home/tianlong/Downloads//test/xffjesgeey.mp4,1,0.44202134
/home/tianlong/Downloads//test/haesrhzukc.mp4,1,0.8426259
/home/tianlong/Downloads//test/uwccodyhgh.mp4,1,0.6226677
/home/tianlong/Downloads//test/msdtzpmmae.mp4,1,0.666561
/home/tianlong/Downloads//test/zgiypcmpic.mp4,1,0.6337368
/home/tianlong/Downloads//test/olkcmrmvbh.mp4,1,0.55773777
/home/tianlong/Downloads//test/kiffbbtjfe.mp4,1,0.5703382
/home/tianlong/Downloads//test/junzzlnlfw.mp4,1,0.35866216
/home/tianlong/Downloads//test/qkgicklwyn.mp4,1,0.6532842
/home/tianlong/Downloads//test/wluigkzjdl.mp4,1,0.65612
/home/tianlong/Downloads//test/rsnrcisldc.mp4,1,0.6005414
/home/tianlong/Downloads//test/asiuftijhs.mp4,1,0.5374492
/home/tianlong/Downloads//test/yjloopcthi.mp4,1,0.4314183
/home/tianlong/Downloads//test/tzzwqaxtrk.mp4,1,0.65274274
/home/tianlong/Downloads//test/tmfvsxrxnk.mp4,1,0.30800673
/home/tianlong/Downloads//test/dlsdmdraln.mp4,1,0.6331169
/home/tianlong/Downloads//test/rkygzeyegz.mp4,1,0.5401011
/home/tianlong/Downloads//test/truremwrti.mp4,1,0.495936
/home/tianlong/Downloads//test/depcrcqwai.mp4,1,0.50151247
/home/tianlong/Downloads//test/jovohczybs.mp4,1,0.6242468
/home/tianlong/Downloads//test/udcpjfvqro.mp4,1,0.25499383
/home/tianlong/Downloads//test/yxlkovjssa.mp4,1,0.8436446
/home/tianlong/Downloads//test/trltdpitif.mp4,1,0.6130339
/home/tianlong/Downloads//test/hwufwjdaai.mp4,1,0.32875067
/home/tianlong/Downloads//test/vgfxjwupga.mp4,1,0.23988724
/home/tianlong/Downloads//test/jejjcsijvc.mp4,1,0.41782424
/home/tianlong/Downloads//test/yjpfhrfyfn.mp4,1,0.6572984
/home/tianlong/Downloads//test/izyqqybmcq.mp4,1,0.26504967
/home/tianlong/Downloads//test/xjnflcfxhn.mp4,1,0.6568007
/home/tianlong/Downloads//test/zidsbdilrm.mp4,1,0.17890292
/home/tianlong/Downloads//test/lepqvhstws.mp4,1,0.7400003
/home/tianlong/Downloads//test/eabghyltka.mp4,1,0.39878806
/home/tianlong/Downloads//test/qxgwcsugvd.mp4,1,0.51538515
/home/tianlong/Downloads//test/oitqddnspw.mp4,1,0.48438278
/home/tianlong/Downloads//test/jiddesrgoi.mp4,1,0.79528123
/home/tianlong/Downloads//test/whsqzlklam.mp4,1,0.3020937
/home/tianlong/Downloads//test/hwspklkjol.mp4,1,0.2690435
/home/tianlong/Downloads//test/mgxdtegobh.mp4,1,0.5459615
/home/tianlong/Downloads//test/dkvxzocpnx.mp4,1,0.31390908
/home/tianlong/Downloads//test/zxjiwvyzbs.mp4,1,0.4310389
/home/tianlong/Downloads//test/qysxqoredd.mp4,1,0.2450517
/home/tianlong/Downloads//test/angqjpzdts.mp4,1,0.028785415
/home/tianlong/Downloads//test/slbhiftdwk.mp4,1,0.39480034
/home/tianlong/Downloads//test/ctsjalmkpx.mp4,1,0.17713712
/home/tianlong/Downloads//test/jrwqouwlzc.mp4,1,0.71119785
/home/tianlong/Downloads//test/vcqcervdzi.mp4,1,0.5841914
/home/tianlong/Downloads//test/mxczokbutl.mp4,1,0.5017637
/home/tianlong/Downloads//test/qawqquinvi.mp4,1,0.26975182
/home/tianlong/Downloads//test/cqiyijvrcj.mp4,1,0.64891714
/home/tianlong/Downloads//test/wypdykzzma.mp4,1,0.48961017
/home/tianlong/Downloads//test/zdurkznxhi.mp4,1,0.5360586
/home/tianlong/Downloads//test/llwjpzzrur.mp4,1,0.25723395
/home/tianlong/Downloads//test/stmqpsakem.mp4,1,0.5483474
/home/tianlong/Downloads//test/hqfxruqynj.mp4,1,0.8531873
/home/tianlong/Downloads//test/cotxffvovx.mp4,1,0.64059013
/home/tianlong/Downloads//test/yiwyejujhz.mp4,1,0.42787933
/home/tianlong/Downloads//test/azkhkminwu.mp4,1,0.7023735
/home/tianlong/Downloads//test/yoicqcpxgm.mp4,1,0.871057
/home/tianlong/Downloads//test/kcpamicxjs.mp4,1,0.21936493
/home/tianlong/Downloads//test/mbnvlpwewk.mp4,1,0.5380397
/home/tianlong/Downloads//test/wjqdwzowcg.mp4,1,0.5945613
/home/tianlong/Downloads//test/vqtspwkgwe.mp4,1,0.5997228
/home/tianlong/Downloads//test/rurhyzsnyi.mp4,1,0.33324686
/home/tianlong/Downloads//test/sipuxpudya.mp4,1,0.59412843
/home/tianlong/Downloads//test/scchmtbzar.mp4,1,0.6357427
/home/tianlong/Downloads//test/qyhlzalxzm.mp4,1,0.521258
/home/tianlong/Downloads//test/ektrtuwidv.mp4,1,0.46402466
/home/tianlong/Downloads//test/scbfkrlytb.mp4,1,0.4327025
/home/tianlong/Downloads//test/kxnsmwhqtl.mp4,1,0.5411833
/home/tianlong/Downloads//test/fiayeurvwb.mp4,1,0.56177115
/home/tianlong/Downloads//test/xpuntxtdbs.mp4,1,0.2545435
/home/tianlong/Downloads//test/edvyxmzpoy.mp4,1,0.6169943
/home/tianlong/Downloads//test/thnywrwayf.mp4,1,0.6623624
/home/tianlong/Downloads//test/xojauzdavy.mp4,1,0.5720644
/home/tianlong/Downloads//test/kaajaxzivt.mp4,1,0.6693852
/home/tianlong/Downloads//test/fmvdkhucsz.mp4,1,0.453894
/home/tianlong/Downloads//test/mdkqmouddq.mp4,1,0.25186467
/home/tianlong/Downloads//test/ehtvcnlsfl.mp4,1,0.3850408
/home/tianlong/Downloads//test/iizsrcugyd.mp4,1,0.71768206
/home/tianlong/Downloads//test/hurlxdpsxl.mp4,1,0.5349886
/home/tianlong/Downloads//test/rvfhfbutlx.mp4,1,0.6373572
/home/tianlong/Downloads//test/ycxkcnwrbw.mp4,1,0.55914754
/home/tianlong/Downloads//test/jrmgqzgcmj.mp4,1,0.64050907
/home/tianlong/Downloads//test/cinrseylyp.mp4,1,0.43914938
/home/tianlong/Downloads//test/uhvmrfksax.mp4,1,0.25426304
/home/tianlong/Downloads//test/djjdzsivvi.mp4,1,0.5161567
/home/tianlong/Downloads//test/pmulgdcejl.mp4,1,0.52411836
/home/tianlong/Downloads//test/ngvbaolyub.mp4,1,0.014761642
/home/tianlong/Downloads//test/kpyyjmxmoj.mp4,1,0.41380918
/home/tianlong/Downloads//test/xhizcimlzp.mp4,1,0.38221645
/home/tianlong/Downloads//test/ulygywporv.mp4,1,0.45008
/home/tianlong/Downloads//test/psunkvudmg.mp4,1,0.43317428
/home/tianlong/Downloads//test/ctarrlrgdy.mp4,1,0.35790154
/home/tianlong/Downloads//test/hdzygqltzu.mp4,1,0.5755871
/home/tianlong/Downloads//test/rvtfddfweu.mp4,1,0.59101844
/home/tianlong/Downloads//test/kaeouvuasm.mp4,1,0.48845646
/home/tianlong/Downloads//test/rzivzpozjr.mp4,1,0.56855553
/home/tianlong/Downloads//test/stfqbsbvfy.mp4,1,0.5989248
/home/tianlong/Downloads//test/qbhoufagsa.mp4,1,0.09307072
/home/tianlong/Downloads//test/xycfzkbnhy.mp4,1,0.54500407
/home/tianlong/Downloads//test/zudnvkagjk.mp4,1,0.6656044
/home/tianlong/Downloads//test/feaqnlczwc.mp4,1,0.0645779
/home/tianlong/Downloads//test/rqviqcsbzw.mp4,1,0.3600899
/home/tianlong/Downloads//test/dhfcwchsir.mp4,1,0.61679566
/home/tianlong/Downloads//test/cglpyitrzw.mp4,1,0.20999517
/home/tianlong/Downloads//test/yjypqyrhyi.mp4,1,0.17754342
/home/tianlong/Downloads//test/fokuimoqkh.mp4,1,0.6341123
/home/tianlong/Downloads//test/xzouvgiqha.mp4,1,0.21478373
/home/tianlong/Downloads//test/qyjbhkeqes.mp4,1,0.4555306
/home/tianlong/Downloads//test/phngwcpbqw.mp4,1,0.46138892
/home/tianlong/Downloads//test/rjcjcdkzkw.mp4,1,0.27781257
/home/tianlong/Downloads//test/legilvljip.mp4,1,0.6433827
/home/tianlong/Downloads//test/bukegrztbb.mp4,1,0.05575366
/home/tianlong/Downloads//test/yvaxmtbtgx.mp4,1,0.54281765
/home/tianlong/Downloads//test/saljlsmnet.mp4,1,0.524028
/home/tianlong/Downloads//test/ezupajzwdl.mp4,1,0.62322634
/home/tianlong/Downloads//test/xeszevnech.mp4,1,0.3128209
/home/tianlong/Downloads//test/fbqwomdehr.mp4,1,0.61108667
/home/tianlong/Downloads//test/itdywxjknn.mp4,1,0.3279941
/home/tianlong/Downloads//test/zwupuzlefv.mp4,1,0.67565346
/home/tianlong/Downloads//test/qcrofjquht.mp4,1,0.3067458
/home/tianlong/Downloads//test/jblkcfejih.mp4,1,0.5042228
/home/tianlong/Downloads//test/howruupkxw.mp4,1,0.4829059
/home/tianlong/Downloads//test/xslxboadvn.mp4,1,0.5492963
/home/tianlong/Downloads//test/rzykslnkdi.mp4,1,0.7734979
/home/tianlong/Downloads//test/govjvzfbcj.mp4,1,0.6415824
/home/tianlong/Downloads//test/fwbvksfidm.mp4,1,0.27377108
/home/tianlong/Downloads//test/khokwspqph.mp4,1,0.63208514
/home/tianlong/Downloads//test/sslrtrxyaj.mp4,1,0.4837452
/home/tianlong/Downloads//test/zdmknyhzoo.mp4,1,0.45844376
/home/tianlong/Downloads//test/rzjpckpslj.mp4,1,0.45640373
/home/tianlong/Downloads//test/pscilvlcfe.mp4,1,0.329043
/home/tianlong/Downloads//test/rlwkdhgoqw.mp4,1,0.56714433
/home/tianlong/Downloads//test/cmpkopoabr.mp4,1,0.64732236
/home/tianlong/Downloads//test/dbljnexmlf.mp4,1,0.63471466
/home/tianlong/Downloads//test/atfuphvjft.mp4,1,0.55921894
/home/tianlong/Downloads//test/zdldobedod.mp4,1,0.6111985
/home/tianlong/Downloads//test/iknfqmugud.mp4,1,0.6418965
/home/tianlong/Downloads//test/whusuiiqmt.mp4,1,0.21669847
/home/tianlong/Downloads//test/ksrnzzbcsz.mp4,1,0.6294873
/home/tianlong/Downloads//test/xxhuecshhw.mp4,1,0.49115893
/home/tianlong/Downloads//test/okmlcbefeu.mp4,1,0.569724
/home/tianlong/Downloads//test/xryrhuskyd.mp4,1,0.34616557
/home/tianlong/Downloads//test/wevygelkrl.mp4,1,0.31614938
/home/tianlong/Downloads//test/rdpausigpg.mp4,1,0.46447125
/home/tianlong/Downloads//test/fdziwiuoer.mp4,1,0.5424609
/home/tianlong/Downloads//test/kykmrtoitd.mp4,1,0.40964293
/home/tianlong/Downloads//test/eacsjvcmlp.mp4,1,0.84982187
/home/tianlong/Downloads//test/asvuutypvz.mp4,1,0.44915497
/home/tianlong/Downloads//test/nucqorkejg.mp4,1,0.5348851
/home/tianlong/Downloads//test/ctpexqamtx.mp4,1,0.63244414
/home/tianlong/Downloads//test/vnsxdkjjtk.mp4,1,0.33908126
/home/tianlong/Downloads//test/cktsyobheu.mp4,1,0.18666667
/home/tianlong/Downloads//test/kccicuhxgk.mp4,1,0.61571646
/home/tianlong/Downloads//test/qckjihxoze.mp4,1,0.6029129
/home/tianlong/Downloads//test/gvqtnedfso.mp4,1,0.54605126
/home/tianlong/Downloads//test/ajxkvlpgov.mp4,1,0.57502013
/home/tianlong/Downloads//test/srlilcjhaf.mp4,1,0.6090105
/home/tianlong/Downloads//test/qfjxksudna.mp4,1,0.61648005
/home/tianlong/Downloads//test/hstvglyexy.mp4,1,0.64247835
/home/tianlong/Downloads//test/jyyvhnsyys.mp4,1,0.5227898
/home/tianlong/Downloads//test/whxqigkgyk.mp4,1,0.63108015
/home/tianlong/Downloads//test/mqzrlecakr.mp4,1,0.2590998
/home/tianlong/Downloads//test/aeplbqxnge.mp4,1,0.6057028
/home/tianlong/Downloads//test/inwaznexiv.mp4,1,0.50224537
/home/tianlong/Downloads//test/anfupdhmyr.mp4,1,0.3957596
/home/tianlong/Downloads//test/wbvlgevkmb.mp4,1,0.62656814
/home/tianlong/Downloads//test/uiykwgaarz.mp4,1,0.676817
/home/tianlong/Downloads//test/nvarnevska.mp4,1,0.69650286
/home/tianlong/Downloads//test/ooczenomzk.mp4,1,0.12517726
/home/tianlong/Downloads//test/qtjuhlppot.mp4,1,0.51897043
/home/tianlong/Downloads//test/drqtyzvhdd.mp4,1,0.36498395
/home/tianlong/Downloads//test/ytljvippwv.mp4,1,0.51542073
/home/tianlong/Downloads//test/skrqoagxle.mp4,1,0.1941364
/home/tianlong/Downloads//test/shwkznunyp.mp4,1,0.6147489
/home/tianlong/Downloads//test/tlsoagxovk.mp4,1,0.43740633
/home/tianlong/Downloads//test/enpshnkugu.mp4,1,0.5942134
/home/tianlong/Downloads//test/vitjdpnfpi.mp4,1,0.5854147
/home/tianlong/Downloads//test/jovrnujurf.mp4,1,0.3662536
/home/tianlong/Downloads//test/sbwemwjlsl.mp4,1,0.6542361
/home/tianlong/Downloads//test/uclzxnftij.mp4,1,0.25566807
/home/tianlong/Downloads//test/sdqjjttckw.mp4,1,0.5871678
/home/tianlong/Downloads//test/wtmggpeiom.mp4,1,0.42229986
