Video,Label,Prediction
/home/tianlong/Downloads//test/myvwyfdnxu.mp4,0,0.037365608
/home/tianlong/Downloads//test/uxgkqpiykp.mp4,0,0.007287855
/home/tianlong/Downloads//test/qyscponfaf.mp4,0,0.032692596
/home/tianlong/Downloads//test/tmgmbnzrrz.mp4,0,0.48518503
/home/tianlong/Downloads//test/wfmeffvvce.mp4,0,0.18485427
/home/tianlong/Downloads//test/fwrcfaglhz.mp4,0,0.0708503
/home/tianlong/Downloads//test/itfzfpuilx.mp4,0,0.0022722732
/home/tianlong/Downloads//test/wupoiiknff.mp4,0,0.028365886
/home/tianlong/Downloads//test/dscprfjses.mp4,0,0.39331862
/home/tianlong/Downloads//test/ofntcunuqn.mp4,0,0.26912546
/home/tianlong/Downloads//test/imnzannmcr.mp4,0,0.19933742
/home/tianlong/Downloads//test/jidkzoagws.mp4,0,0.00097253243
/home/tianlong/Downloads//test/nkpqkddsgt.mp4,0,0.0727785
/home/tianlong/Downloads//test/xqmrrciral.mp4,0,0.11719337
/home/tianlong/Downloads//test/ykfllpyawg.mp4,0,0.14615026
/home/tianlong/Downloads//test/bpieoyctzo.mp4,0,0.04633436
/home/tianlong/Downloads//test/wjrepvzlsv.mp4,0,0.051808972
/home/tianlong/Downloads//test/voucpidonq.mp4,0,0.013514484
/home/tianlong/Downloads//test/fxfxtrrkeq.mp4,0,0.0029316156
/home/tianlong/Downloads//test/qggfpdkyzi.mp4,0,0.024406632
/home/tianlong/Downloads//test/xyucutnxhz.mp4,0,0.019533196
/home/tianlong/Downloads//test/rkxepdkger.mp4,0,0.01460982
/home/tianlong/Downloads//test/fxxpxoqoxp.mp4,0,0.00095139537
/home/tianlong/Downloads//test/jkxxwfycsj.mp4,0,0.19526036
/home/tianlong/Downloads//test/qbearsyziz.mp4,0,0.010184248
/home/tianlong/Downloads//test/kyrbveruev.mp4,0,0.029309815
/home/tianlong/Downloads//test/pdyrvsvwyi.mp4,0,0.015549603
/home/tianlong/Downloads//test/bpxxmxuvuy.mp4,0,0.43187752
/home/tianlong/Downloads//test/ekxsduhvwh.mp4,0,0.21796227
/home/tianlong/Downloads//test/ocsqqqduxx.mp4,0,0.06863024
/home/tianlong/Downloads//test/qufzdwetss.mp4,0,0.0009381021
/home/tianlong/Downloads//test/vwqrtxbwye.mp4,0,0.5622082
/home/tianlong/Downloads//test/zuduvanawx.mp4,0,0.35497853
/home/tianlong/Downloads//test/rkjhxvdnsv.mp4,0,0.041359343
/home/tianlong/Downloads//test/hpcivouyku.mp4,0,0.06205379
/home/tianlong/Downloads//test/vgndywbmgf.mp4,0,0.20580621
/home/tianlong/Downloads//test/hfgczdzbix.mp4,0,0.0045673973
/home/tianlong/Downloads//test/rwehwmmutn.mp4,0,0.01695883
/home/tianlong/Downloads//test/jyfnzyvznx.mp4,0,0.0108031
/home/tianlong/Downloads//test/jxpodcendq.mp4,0,0.20079654
/home/tianlong/Downloads//test/kgynainlug.mp4,0,0.0038096968
/home/tianlong/Downloads//test/hqgervpkkf.mp4,0,0.021435106
/home/tianlong/Downloads//test/defeqlyysh.mp4,0,0.18594678
/home/tianlong/Downloads//test/xzkwbswkao.mp4,0,0.4246615
/home/tianlong/Downloads//test/hhdblnxhtj.mp4,0,0.0022928463
/home/tianlong/Downloads//test/oaptmwroki.mp4,0,0.0052194297
/home/tianlong/Downloads//test/djlkkqmjkk.mp4,0,0.16914815
/home/tianlong/Downloads//test/motfposykz.mp4,0,0.29165503
/home/tianlong/Downloads//test/shvfupmrho.mp4,0,0.28189886
/home/tianlong/Downloads//test/escwmsthiz.mp4,0,0.22134627
/home/tianlong/Downloads//test/ctpypmzfnl.mp4,0,0.010344466
/home/tianlong/Downloads//test/sjqrdyzkgl.mp4,0,0.26813072
/home/tianlong/Downloads//test/ddrjnwlugg.mp4,0,0.011448916
/home/tianlong/Downloads//test/hxfqltenqh.mp4,0,0.002957951
/home/tianlong/Downloads//test/umerhoubxw.mp4,0,0.019045567
/home/tianlong/Downloads//test/jxrpqynwlt.mp4,0,0.052370116
/home/tianlong/Downloads//test/hprzotbjtj.mp4,0,0.0052393265
/home/tianlong/Downloads//test/cqewayywpg.mp4,0,0.054091576
/home/tianlong/Downloads//test/nvptcoxzah.mp4,0,0.67077833
/home/tianlong/Downloads//test/uvzlfuxalu.mp4,0,0.83670396
/home/tianlong/Downloads//test/mfcbgbcuvb.mp4,0,0.002045415
/home/tianlong/Downloads//test/tmtoypmqwt.mp4,0,0.06173109
/home/tianlong/Downloads//test/bsjucwhlrj.mp4,0,0.0014270159
/home/tianlong/Downloads//test/hlsubhyoea.mp4,0,0.23670739
/home/tianlong/Downloads//test/deslnszgpy.mp4,0,0.11557501
/home/tianlong/Downloads//test/tfwdbkwvgz.mp4,0,0.21200855
/home/tianlong/Downloads//test/ufxafdxpat.mp4,0,0.015229869
/home/tianlong/Downloads//test/lmacrzidyh.mp4,0,0.18454902
/home/tianlong/Downloads//test/wyiajvmitt.mp4,0,0.04330553
/home/tianlong/Downloads//test/xbdnqfbxcv.mp4,0,0.0059914966
/home/tianlong/Downloads//test/mhfnldxixw.mp4,0,0.0017918241
/home/tianlong/Downloads//test/pfiigjlcct.mp4,0,0.087358184
/home/tianlong/Downloads//test/ldtibsniik.mp4,0,0.0082477145
/home/tianlong/Downloads//test/gwzttezkpv.mp4,0,0.41166058
/home/tianlong/Downloads//test/pevmkpamhv.mp4,0,0.003154298
/home/tianlong/Downloads//test/zcfpsnaujx.mp4,0,0.25632223
/home/tianlong/Downloads//test/slvcfpalev.mp4,0,0.07088846
/home/tianlong/Downloads//test/ctdwtfcjei.mp4,0,0.057866726
/home/tianlong/Downloads//test/vxwsisekmb.mp4,0,0.011461523
/home/tianlong/Downloads//test/pkoadvlpga.mp4,0,0.23486368
/home/tianlong/Downloads//test/ofapaanpkl.mp4,0,0.01575573
/home/tianlong/Downloads//test/huzryvwrfa.mp4,0,0.16379015
/home/tianlong/Downloads//test/knjoasqzvt.mp4,0,0.12892449
/home/tianlong/Downloads//test/cedpyannqf.mp4,0,0.0062629
/home/tianlong/Downloads//test/mdwtpvlbrz.mp4,0,0.026740162
/home/tianlong/Downloads//test/hfcxlucrbj.mp4,0,0.10065726
/home/tianlong/Downloads//test/wbsajsyaej.mp4,0,0.01282433
/home/tianlong/Downloads//test/tbqrwehekx.mp4,0,0.12713754
/home/tianlong/Downloads//test/shslgpeisw.mp4,0,0.04136811
/home/tianlong/Downloads//test/epgfqrvwlr.mp4,0,0.0129343895
/home/tianlong/Downloads//test/fduhwlydlg.mp4,0,0.10580961
/home/tianlong/Downloads//test/cpmridjxbc.mp4,0,0.22391115
/home/tianlong/Downloads//test/kphflojove.mp4,0,0.115384705
/home/tianlong/Downloads//test/hlcpwfwcyw.mp4,0,0.10391513
/home/tianlong/Downloads//test/bpeemkcxad.mp4,0,0.16388915
/home/tianlong/Downloads//test/jkadnvoqhk.mp4,0,0.0809691
/home/tianlong/Downloads//test/lzzpsosige.mp4,0,0.29693875
/home/tianlong/Downloads//test/pxtwhbaxjq.mp4,0,0.03269169
/home/tianlong/Downloads//test/pxgcsltbuo.mp4,0,0.00074958423
/home/tianlong/Downloads//test/gmepmwcgwg.mp4,0,0.08958041
/home/tianlong/Downloads//test/tnetytnegv.mp4,0,0.025507724
/home/tianlong/Downloads//test/sxmqvznwwq.mp4,0,0.06861796
/home/tianlong/Downloads//test/partcfzlbj.mp4,0,0.3310804
/home/tianlong/Downloads//test/tnkmovifrb.mp4,0,0.76743823
/home/tianlong/Downloads//test/dpgznlwvpx.mp4,0,0.053668424
/home/tianlong/Downloads//test/mbpbbekqks.mp4,0,0.21948802
/home/tianlong/Downloads//test/hdbejalgtx.mp4,0,0.2180687
/home/tianlong/Downloads//test/bmdiaytrcm.mp4,0,0.28886965
/home/tianlong/Downloads//test/yghxoihrle.mp4,0,0.28419414
/home/tianlong/Downloads//test/vcgelshrli.mp4,0,0.14993343
/home/tianlong/Downloads//test/yvdnbmbwyh.mp4,0,0.18311842
/home/tianlong/Downloads//test/kmakhupeac.mp4,0,0.5552912
/home/tianlong/Downloads//test/ccevbixrwu.mp4,0,0.14746605
/home/tianlong/Downloads//test/edavfjsjzw.mp4,0,0.05903482
/home/tianlong/Downloads//test/znmzmierff.mp4,0,0.0017197452
/home/tianlong/Downloads//test/kiotoqmmfj.mp4,0,0.21068992
/home/tianlong/Downloads//test/nqctdktbtb.mp4,0,0.17181857
/home/tianlong/Downloads//test/inneixkosf.mp4,0,0.45851514
/home/tianlong/Downloads//test/occrrsyizc.mp4,0,0.0014059861
/home/tianlong/Downloads//test/zfecmsiodq.mp4,0,0.29286197
/home/tianlong/Downloads//test/haknpmhigp.mp4,0,0.02258096
/home/tianlong/Downloads//test/zjbwxmmrgk.mp4,0,0.28448108
/home/tianlong/Downloads//test/qgpabkriss.mp4,0,0.049601078
/home/tianlong/Downloads//test/liureznisp.mp4,0,0.023503758
/home/tianlong/Downloads//test/bzdywpajvr.mp4,0,0.5060429
/home/tianlong/Downloads//test/jniytngcmy.mp4,0,0.008561661
/home/tianlong/Downloads//test/idklchvhxp.mp4,0,0.43275014
/home/tianlong/Downloads//test/pijzjjchqn.mp4,0,0.8215704
/home/tianlong/Downloads//test/pjnsejazpl.mp4,0,0.0016001972
/home/tianlong/Downloads//test/gpaqoqegbn.mp4,0,0.17207259
/home/tianlong/Downloads//test/xsxwrwvfkg.mp4,0,0.014576326
/home/tianlong/Downloads//test/arwefyghir.mp4,0,0.017917888
/home/tianlong/Downloads//test/ptgvxdueef.mp4,0,0.03000302
/home/tianlong/Downloads//test/plljpjscih.mp4,0,0.0030469932
/home/tianlong/Downloads//test/jozfaxodnx.mp4,0,0.28077802
/home/tianlong/Downloads//test/girdwtjwsr.mp4,0,0.027720794
/home/tianlong/Downloads//test/jbaahohsns.mp4,0,0.098136336
/home/tianlong/Downloads//test/uetfcmaryk.mp4,0,0.47043034
/home/tianlong/Downloads//test/oqbltrmhvt.mp4,0,0.5753407
/home/tianlong/Downloads//test/dvtzvkcrku.mp4,0,0.08480402
/home/tianlong/Downloads//test/qjilklnynm.mp4,0,0.010585524
/home/tianlong/Downloads//test/tcsdjwbihw.mp4,0,0.008722987
/home/tianlong/Downloads//test/zhftwvtutp.mp4,0,0.29136983
/home/tianlong/Downloads//test/xgktqwvknw.mp4,0,0.08277379
/home/tianlong/Downloads//test/cdeesuuuqz.mp4,0,0.005479573
/home/tianlong/Downloads//test/ymngcysczs.mp4,0,0.002406498
/home/tianlong/Downloads//test/gctyynjruz.mp4,0,0.029694641
/home/tianlong/Downloads//test/vkirqaiuoc.mp4,0,0.024020575
/home/tianlong/Downloads//test/ykywskdwlc.mp4,0,0.36688662
/home/tianlong/Downloads//test/verpxkucoi.mp4,0,0.0418091
/home/tianlong/Downloads//test/gpsqelalbp.mp4,0,0.06406849
/home/tianlong/Downloads//test/paorozwtbf.mp4,0,0.2551212
/home/tianlong/Downloads//test/iaaecuquha.mp4,0,0.015048268
/home/tianlong/Downloads//test/lmgdjtzwau.mp4,0,0.2694401
/home/tianlong/Downloads//test/tayykmblhg.mp4,0,0.0018013922
/home/tianlong/Downloads//test/hpurahupjh.mp4,0,0.0057404316
/home/tianlong/Downloads//test/uutxmgqajd.mp4,0,0.0132066645
/home/tianlong/Downloads//test/rbkcpkwhjn.mp4,0,0.034841835
/home/tianlong/Downloads//test/wtnloygygs.mp4,0,0.008262237
/home/tianlong/Downloads//test/biborxaekt.mp4,0,0.22009526
/home/tianlong/Downloads//test/drlnvwvvuw.mp4,0,0.25314268
/home/tianlong/Downloads//test/axutpjywuu.mp4,0,0.18584155
/home/tianlong/Downloads//test/jbcnsmlysc.mp4,0,0.020535909
/home/tianlong/Downloads//test/ilzhgraxpl.mp4,0,0.033291627
/home/tianlong/Downloads//test/cwqhzuhjol.mp4,0,0.02015564
/home/tianlong/Downloads//test/tlzordotqw.mp4,0,0.14994095
/home/tianlong/Downloads//test/hdauuytvhx.mp4,0,0.059379876
/home/tianlong/Downloads//test/rtiyduycrn.mp4,0,0.5009885
/home/tianlong/Downloads//test/mdsmgzaltc.mp4,0,0.10505574
/home/tianlong/Downloads//test/mnlxxoicoo.mp4,0,0.003545938
/home/tianlong/Downloads//test/ksfuiztwuc.mp4,0,0.050696805
/home/tianlong/Downloads//test/tpjydgkvdt.mp4,0,0.008254905
/home/tianlong/Downloads//test/nmjesbwiux.mp4,0,0.23326434
/home/tianlong/Downloads//test/egzfaoiuwo.mp4,0,0.00386867
/home/tianlong/Downloads//test/ucmfbukrkj.mp4,0,0.08722889
/home/tianlong/Downloads//test/aoqzxlwvmi.mp4,0,0.112677336
/home/tianlong/Downloads//test/zzjfzeuizr.mp4,0,0.49323663
/home/tianlong/Downloads//test/aunokqsmrt.mp4,0,0.03012243
/home/tianlong/Downloads//test/kudvvlgiff.mp4,0,0.048327792
/home/tianlong/Downloads//test/qqwsabrgxh.mp4,0,0.0004797246
/home/tianlong/Downloads//test/pvsslamopo.mp4,0,0.0046526976
/home/tianlong/Downloads//test/kawxnfacqs.mp4,0,0.0057898574
/home/tianlong/Downloads//test/lxeqbyddvt.mp4,0,0.28682715
/home/tianlong/Downloads//test/zylribcaeu.mp4,0,0.066306315
/home/tianlong/Downloads//test/sghdekqnnn.mp4,0,0.00202407
/home/tianlong/Downloads//test/msbqgoxxlh.mp4,0,0.030099588
/home/tianlong/Downloads//test/ubbzrfgzer.mp4,0,0.14903861
/home/tianlong/Downloads//test/vuofhivyfs.mp4,0,0.5458955
/home/tianlong/Downloads//test/xirrbpmlja.mp4,0,0.06942214
/home/tianlong/Downloads//test/appvffejyy.mp4,0,0.51675224
/home/tianlong/Downloads//test/nzepxsbotb.mp4,0,0.017076546
/home/tianlong/Downloads//test/nkqkvwpghi.mp4,0,0.23733853
/home/tianlong/Downloads//test/vdvffooule.mp4,0,0.68488264
/home/tianlong/Downloads//test/rayhrvqorn.mp4,0,0.29049727
/home/tianlong/Downloads//test/cslfapvyjv.mp4,0,0.038492102
/home/tianlong/Downloads//test/rmygsfjyvt.mp4,0,0.011845514
/home/tianlong/Downloads//test/yhbhhibwzo.mp4,0,0.09148428
/home/tianlong/Downloads//test/vlxfyuzygn.mp4,0,0.055452164
/home/tianlong/Downloads//test/zefqhoewww.mp4,0,0.01178608
/home/tianlong/Downloads//test/vptrrrmhyb.mp4,0,0.0009391113
/home/tianlong/Downloads//test/cefolmrrlx.mp4,0,0.019999476
/home/tianlong/Downloads//test/xzmplldajk.mp4,0,0.01488093
/home/tianlong/Downloads//test/hrznynemfj.mp4,0,0.025416384
/home/tianlong/Downloads//test/tkxblcleyd.mp4,0,0.001312213
/home/tianlong/Downloads//test/tlxgwzheli.mp4,0,0.0033958505
/home/tianlong/Downloads//test/qvgutokvct.mp4,0,0.08613957
/home/tianlong/Downloads//test/tcwyxrvdpe.mp4,0,0.0074986536
/home/tianlong/Downloads//test/jwrypvpvpx.mp4,0,0.010340443
/home/tianlong/Downloads//test/bpyjsrjcro.mp4,0,0.30506104
/home/tianlong/Downloads//test/avteqdmbob.mp4,0,0.16456969
/home/tianlong/Downloads//test/aaivbtdyjn.mp4,0,0.04505423
/home/tianlong/Downloads//test/pokctfragw.mp4,0,0.012064129
/home/tianlong/Downloads//test/vgdllmzjcw.mp4,0,0.0007268489
/home/tianlong/Downloads//test/zdlhavfmit.mp4,0,0.24921048
/home/tianlong/Downloads//test/yupsrmckii.mp4,0,0.08259815
/home/tianlong/Downloads//test/pobpsxjbzg.mp4,0,0.001273115
/home/tianlong/Downloads//test/lkvouattut.mp4,0,0.017424135
/home/tianlong/Downloads//test/anjzzdyhno.mp4,0,0.30253622
/home/tianlong/Downloads//test/jvihmimqca.mp4,0,0.008048166
/home/tianlong/Downloads//test/wnoitecfmf.mp4,0,0.2692071
/home/tianlong/Downloads//test/gbvllwqbjl.mp4,0,0.029417263
/home/tianlong/Downloads//test/gzabjmglim.mp4,0,0.0047161933
/home/tianlong/Downloads//test/paqcbtdulm.mp4,0,0.0031132922
/home/tianlong/Downloads//test/jcbbrqaaaq.mp4,0,0.010054377
/home/tianlong/Downloads//test/nsavbywhlu.mp4,0,0.15161152
/home/tianlong/Downloads//test/zwfebeiqat.mp4,0,0.06455912
/home/tianlong/Downloads//test/pimrsfwcwm.mp4,0,0.27651432
/home/tianlong/Downloads//test/mrvdmwcblt.mp4,0,0.06533525
/home/tianlong/Downloads//test/hedetzyqpu.mp4,0,0.6023037
/home/tianlong/Downloads//test/qytaiboeep.mp4,0,0.4093852
/home/tianlong/Downloads//test/famavifufv.mp4,0,0.014800095
/home/tianlong/Downloads//test/hnselekxwv.mp4,0,0.049113546
/home/tianlong/Downloads//test/emgciwmtuj.mp4,0,0.028436089
/home/tianlong/Downloads//test/wbmvbetcdm.mp4,0,0.011957287
/home/tianlong/Downloads//test/mpvnvvihzp.mp4,0,0.40047494
/home/tianlong/Downloads//test/zelgpxflfe.mp4,0,0.23978831
/home/tianlong/Downloads//test/lhjcdavmmg.mp4,0,0.005440613
/home/tianlong/Downloads//test/rxtqqoncwj.mp4,0,0.0020705399
/home/tianlong/Downloads//test/shrpamtirw.mp4,0,0.000782962
/home/tianlong/Downloads//test/qhzlgrtgto.mp4,0,0.06721284
/home/tianlong/Downloads//test/uuzyzglejw.mp4,0,0.22344567
/home/tianlong/Downloads//test/bmnpqrwnex.mp4,0,0.0049312063
/home/tianlong/Downloads//test/dtssdnhgiw.mp4,0,0.0077909394
/home/tianlong/Downloads//test/rlhmppiklf.mp4,0,0.020829165
/home/tianlong/Downloads//test/sswhgeqjrt.mp4,0,0.054992024
/home/tianlong/Downloads//test/emxqsgqtdz.mp4,0,0.0047102994
/home/tianlong/Downloads//test/bcwtjzsutw.mp4,0,0.6677421
/home/tianlong/Downloads//test/uomfimsutw.mp4,0,0.3233762
/home/tianlong/Downloads//test/mztlucosuc.mp4,0,0.054943528
/home/tianlong/Downloads//test/ntcfyojagi.mp4,0,0.009324131
/home/tianlong/Downloads//test/wrbuiboyat.mp4,0,0.010291822
/home/tianlong/Downloads//test/xiqecarvpb.mp4,0,0.0037266363
/home/tianlong/Downloads//test/fcvzlzfufb.mp4,0,0.19927973
/home/tianlong/Downloads//test/savqrjnncg.mp4,0,0.2726068
/home/tianlong/Downloads//test/icqmqztbry.mp4,0,0.0058978186
/home/tianlong/Downloads//test/zzrmokkxka.mp4,0,0.49422702
/home/tianlong/Downloads//test/btgxrrldio.mp4,0,0.004077596
/home/tianlong/Downloads//test/zdnepyqjiy.mp4,0,0.037449434
/home/tianlong/Downloads//test/fybiztpnrc.mp4,0,0.023368591
/home/tianlong/Downloads//test/parqhrknkf.mp4,0,0.3200866
/home/tianlong/Downloads//test/tvffpggbrc.mp4,0,0.2549583
/home/tianlong/Downloads//test/rtpuwtrxsr.mp4,0,0.13556598
/home/tianlong/Downloads//test/tgmqfzsznf.mp4,0,0.21376456
/home/tianlong/Downloads//test/eqabuehals.mp4,0,0.005182708
/home/tianlong/Downloads//test/ikebomnsiq.mp4,0,0.03538578
/home/tianlong/Downloads//test/wfzxrfxohw.mp4,0,0.0062385243
/home/tianlong/Downloads//test/dqfgwejsvm.mp4,0,0.043740515
/home/tianlong/Downloads//test/lxadgjqzbf.mp4,0,0.11340281
/home/tianlong/Downloads//test/tdahgbtenl.mp4,0,0.55903846
/home/tianlong/Downloads//test/bivzhsmrqo.mp4,0,0.024036728
/home/tianlong/Downloads//test/vzxluflrhn.mp4,0,0.010847409
/home/tianlong/Downloads//test/ikmsdmynbf.mp4,0,0.0032519645
/home/tianlong/Downloads//test/kuqbgbrypa.mp4,0,0.59719056
/home/tianlong/Downloads//test/nfstajzaot.mp4,0,0.011330311
/home/tianlong/Downloads//test/dultiznosk.mp4,0,0.037210003
/home/tianlong/Downloads//test/ckqfqernbf.mp4,0,0.041675687
/home/tianlong/Downloads//test/kbdwudhhwf.mp4,0,0.010965776
/home/tianlong/Downloads//test/hqpjmwyygq.mp4,0,0.3272855
/home/tianlong/Downloads//test/tjyuudtkme.mp4,0,0.2541658
/home/tianlong/Downloads//test/tihgxlmfcj.mp4,0,0.1612173
/home/tianlong/Downloads//test/sgdnbofecu.mp4,0,0.12416667
/home/tianlong/Downloads//test/pgamqeolau.mp4,0,0.080776714
/home/tianlong/Downloads//test/ijeqomctsa.mp4,0,0.0031396367
/home/tianlong/Downloads//test/ppruxbqpmc.mp4,0,0.08450207
/home/tianlong/Downloads//test/hkvfyeacje.mp4,0,0.019906288
/home/tianlong/Downloads//test/zqrzqekofe.mp4,0,0.2715788
/home/tianlong/Downloads//test/iwzbgmtsuh.mp4,0,0.44130674
/home/tianlong/Downloads//test/dbixwxtuxs.mp4,0,0.19092144
/home/tianlong/Downloads//test/cepqcoseaj.mp4,0,0.0021918404
/home/tianlong/Downloads//test/gypapuqdrx.mp4,0,0.5465327
/home/tianlong/Downloads//test/djhhnixfyi.mp4,0,0.009469932
/home/tianlong/Downloads//test/fkarxowzuf.mp4,0,0.69008285
/home/tianlong/Downloads//test/gfxnuidfgl.mp4,0,0.14055078
/home/tianlong/Downloads//test/vsreebjsfs.mp4,0,0.006601166
/home/tianlong/Downloads//test/manqchicur.mp4,0,0.11625833
/home/tianlong/Downloads//test/gztffgsxpt.mp4,0,0.08114947
/home/tianlong/Downloads//test/jdzkykqgsx.mp4,0,0.02212885
/home/tianlong/Downloads//test/cvbubcwkkl.mp4,0,0.04728809
/home/tianlong/Downloads//test/bgqhldvsgc.mp4,0,0.06989932
/home/tianlong/Downloads//test/blqgpxokwq.mp4,0,0.458747
/home/tianlong/Downloads//test/cxvayntesu.mp4,0,0.001931517
/home/tianlong/Downloads//test/dxepehnhgm.mp4,0,0.044047426
/home/tianlong/Downloads//test/bcgjlsupne.mp4,0,0.08006474
/home/tianlong/Downloads//test/uhynwthfhf.mp4,0,0.31563175
/home/tianlong/Downloads//test/gocrdvihos.mp4,0,0.03724581
/home/tianlong/Downloads//test/gtyvtbojpp.mp4,0,0.004721088
/home/tianlong/Downloads//test/eqtwkqxolz.mp4,0,0.03218505
/home/tianlong/Downloads//test/arwiyweadv.mp4,0,0.14951749
/home/tianlong/Downloads//test/mlizcisxro.mp4,0,0.016692294
/home/tianlong/Downloads//test/miiymgajty.mp4,0,0.014648929
/home/tianlong/Downloads//test/ragjclplkx.mp4,0,0.24067207
/home/tianlong/Downloads//test/wxrfuemtxj.mp4,0,0.07383586
/home/tianlong/Downloads//test/xxupwwukoh.mp4,0,0.2440906
/home/tianlong/Downloads//test/qdantvtdji.mp4,0,0.067326166
/home/tianlong/Downloads//test/oqehnuhbwa.mp4,0,0.13179925
/home/tianlong/Downloads//test/yzqbwkwxsn.mp4,0,0.005881676
/home/tianlong/Downloads//test/osjaqtkkdt.mp4,0,0.21378696
/home/tianlong/Downloads//test/nthlmvjxac.mp4,0,0.0017451462
/home/tianlong/Downloads//test/dpegbdzijf.mp4,0,0.015921803
/home/tianlong/Downloads//test/ezgusylcyf.mp4,0,0.30415988
/home/tianlong/Downloads//test/isxxybhuls.mp4,0,0.1908874
/home/tianlong/Downloads//test/dbqbwrcvjk.mp4,0,0.05087921
/home/tianlong/Downloads//test/qqrvyhjznq.mp4,0,0.05441521
/home/tianlong/Downloads//test/ohdtmpzbtp.mp4,0,0.031673994
/home/tianlong/Downloads//test/oupztxzdln.mp4,0,0.0126263825
/home/tianlong/Downloads//test/snidpujjti.mp4,0,0.036544006
/home/tianlong/Downloads//test/yoxdseoukl.mp4,0,0.118793935
/home/tianlong/Downloads//test/bxsdnqizii.mp4,0,0.014264002
/home/tianlong/Downloads//test/ihszkmcwvw.mp4,0,0.26477024
/home/tianlong/Downloads//test/rgrqhjtoby.mp4,0,0.0018518452
/home/tianlong/Downloads//test/vqibhetnwa.mp4,0,0.47814527
/home/tianlong/Downloads//test/rkqqgwurqt.mp4,0,0.3180932
/home/tianlong/Downloads//test/axdepsfowg.mp4,0,0.0015707338
/home/tianlong/Downloads//test/dcpmipuapc.mp4,0,0.09430639
/home/tianlong/Downloads//test/ncjqganhal.mp4,0,0.040547755
/home/tianlong/Downloads//test/qnbnlmpqpu.mp4,0,0.07192146
/home/tianlong/Downloads//test/ieoervpooz.mp4,0,0.2638982
/home/tianlong/Downloads//test/fscyfygpyk.mp4,0,0.0034276843
/home/tianlong/Downloads//test/pitpjawwwp.mp4,0,0.12917246
/home/tianlong/Downloads//test/geturetbpy.mp4,0,0.12558042
/home/tianlong/Downloads//test/kwsraaqime.mp4,0,0.3634781
/home/tianlong/Downloads//test/lhgoghqmub.mp4,0,0.05055742
/home/tianlong/Downloads//test/kdmonvkpqd.mp4,0,0.06540928
/home/tianlong/Downloads//test/wrcelewmpa.mp4,0,0.02912806
/home/tianlong/Downloads//test/bxqgvzamnx.mp4,0,0.047297534
/home/tianlong/Downloads//test/nliofvksed.mp4,0,0.018525755
/home/tianlong/Downloads//test/mwjnvghsbe.mp4,0,0.0056723543
/home/tianlong/Downloads//test/ygiscbckjl.mp4,0,0.0003656736
/home/tianlong/Downloads//test/wscclwhfsr.mp4,0,0.094321914
/home/tianlong/Downloads//test/hddminxrhw.mp4,0,0.017605403
/home/tianlong/Downloads//test/ncrkggcdqp.mp4,0,0.040632244
/home/tianlong/Downloads//test/xjinzawywt.mp4,0,0.1780361
/home/tianlong/Downloads//test/korrsqtkke.mp4,0,0.02731221
/home/tianlong/Downloads//test/tskjnnvjsa.mp4,0,0.011171977
/home/tianlong/Downloads//test/tyjxmknivy.mp4,0,0.021438504
/home/tianlong/Downloads//test/qyvqrtscbk.mp4,0,0.022438345
/home/tianlong/Downloads//test/kxnybtbpkl.mp4,0,0.031299576
/home/tianlong/Downloads//test/wiqtkqwfsw.mp4,0,0.020185804
/home/tianlong/Downloads//test/bevjclbhuo.mp4,0,0.01320167
/home/tianlong/Downloads//test/shwulrbsfx.mp4,0,0.16868527
/home/tianlong/Downloads//test/mohtuktaaq.mp4,0,0.0017741062
/home/tianlong/Downloads//test/fwsypadiom.mp4,0,0.13731393
/home/tianlong/Downloads//test/buywrbgfqy.mp4,0,0.01975673
/home/tianlong/Downloads//test/bljpdykszf.mp4,0,0.07756427
/home/tianlong/Downloads//test/ztxdkcoxvx.mp4,0,0.008898303
/home/tianlong/Downloads//test/oqeoibjbim.mp4,0,0.07457351
/home/tianlong/Downloads//test/szwhgmrrhm.mp4,0,0.2470581
/home/tianlong/Downloads//test/xnydmgdhum.mp4,0,0.04910719
/home/tianlong/Downloads//test/fltaysfwct.mp4,0,0.0051623085
/home/tianlong/Downloads//test/akdvkdoyoh.mp4,0,0.09443509
/home/tianlong/Downloads//test/ftfemkjnot.mp4,0,0.065097295
/home/tianlong/Downloads//test/gmbckelbzp.mp4,0,0.0076872073
/home/tianlong/Downloads//test/jjzveabagf.mp4,0,0.22139658
/home/tianlong/Downloads//test/dfqwasrdvq.mp4,0,0.070804745
/home/tianlong/Downloads//test/diskzkrrph.mp4,0,0.008475416
/home/tianlong/Downloads//test/jtwpwdqmxz.mp4,0,0.1446164
/home/tianlong/Downloads//test/qivnumuetu.mp4,0,0.10191596
/home/tianlong/Downloads//test/blmuzhjygg.mp4,0,0.0034752004
/home/tianlong/Downloads//test/sbxlfehzjc.mp4,0,0.6685114
/home/tianlong/Downloads//test/tcwhwssdnv.mp4,0,0.5937602
/home/tianlong/Downloads//test/bkbokyebco.mp4,0,0.29440725
/home/tianlong/Downloads//test/vojsghpebv.mp4,0,0.55038095
/home/tianlong/Downloads//test/opuhoerhxb.mp4,0,0.024729675
/home/tianlong/Downloads//test/mmhdcoqsve.mp4,0,0.23055245
/home/tianlong/Downloads//test/ewxddjqzml.mp4,0,0.29846904
/home/tianlong/Downloads//test/dznchaiaqh.mp4,0,0.029700072
/home/tianlong/Downloads//test/mloeefokyq.mp4,0,0.25184938
/home/tianlong/Downloads//test/fgkpembbpv.mp4,0,0.008585193
/home/tianlong/Downloads//test/orqafstesq.mp4,0,0.0068651023
/home/tianlong/Downloads//test/ckgabgjnca.mp4,0,0.5366244
/home/tianlong/Downloads//test/iuvhrgckrt.mp4,0,0.31343105
/home/tianlong/Downloads//test/vlzwcejywm.mp4,0,0.013774656
/home/tianlong/Downloads//test/cpucjmfawf.mp4,0,0.09706553
/home/tianlong/Downloads//test/ekvhyeycpr.mp4,0,0.02962602
/home/tianlong/Downloads//test/tazlckybzu.mp4,0,0.035860218
/home/tianlong/Downloads//test/clxgzkdgta.mp4,0,0.051978633
/home/tianlong/Downloads//test/zlfbumxcxs.mp4,0,0.017241118
/home/tianlong/Downloads//test/plhcceboag.mp4,0,0.0016529212
/home/tianlong/Downloads//test/extihvlsxg.mp4,0,0.1279359
/home/tianlong/Downloads//test/olebnvxoyl.mp4,0,0.23453712
/home/tianlong/Downloads//test/opdqcwqxzy.mp4,0,0.00079144054
/home/tianlong/Downloads//test/stwaypekwh.mp4,0,0.085524596
/home/tianlong/Downloads//test/xogwctpikv.mp4,0,0.026924439
/home/tianlong/Downloads//test/cjiwxfwcit.mp4,0,0.49977204
/home/tianlong/Downloads//test/txshgvrava.mp4,0,0.123369746
/home/tianlong/Downloads//test/ggpuxwhpri.mp4,0,0.04125077
/home/tianlong/Downloads//test/jlxnzxtopm.mp4,0,0.03926607
/home/tianlong/Downloads//test/thjugpbwcv.mp4,0,0.23213567
/home/tianlong/Downloads//test/pkititkein.mp4,0,0.0761853
/home/tianlong/Downloads//test/hjiwmybauf.mp4,0,0.4648547
/home/tianlong/Downloads//test/efazuieysm.mp4,0,0.11545553
/home/tianlong/Downloads//test/tdzsgrdneg.mp4,0,0.0357342
/home/tianlong/Downloads//test/mkxmvreoth.mp4,0,0.0014174399
/home/tianlong/Downloads//test/ofbjiuemkr.mp4,0,0.010268395
/home/tianlong/Downloads//test/dogotzkdiw.mp4,0,0.020735046
/home/tianlong/Downloads//test/qdmvzknbua.mp4,0,0.12090186
/home/tianlong/Downloads//test/pnauelqbxq.mp4,0,0.32460955
/home/tianlong/Downloads//test/sytddqezij.mp4,0,0.36099878
/home/tianlong/Downloads//test/bhpddnqauc.mp4,0,0.0017465665
/home/tianlong/Downloads//test/imtkdzkypf.mp4,0,0.23548166
/home/tianlong/Downloads//test/kbodjivgqu.mp4,0,0.07234786
/home/tianlong/Downloads//test/qtxraeaxeh.mp4,0,0.10288027
/home/tianlong/Downloads//test/uaxmqpmswz.mp4,0,0.01192224
/home/tianlong/Downloads//test/qlbapiibba.mp4,0,0.39770433
/home/tianlong/Downloads//test/mzurunkulx.mp4,0,0.005341767
/home/tianlong/Downloads//test/aujoxrpddn.mp4,0,0.21891618
/home/tianlong/Downloads//test/ebenvuuxld.mp4,0,0.013323898
/home/tianlong/Downloads//test/fsfjlwwsen.mp4,0,0.58042926
/home/tianlong/Downloads//test/zwgaptzuqt.mp4,0,0.005791381
/home/tianlong/Downloads//test/gldpafckwo.mp4,0,0.1115309
/home/tianlong/Downloads//test/nvkzpexyzg.mp4,0,0.071100526
/home/tianlong/Downloads//test/vnrmxwtsmf.mp4,0,0.009326298
/home/tianlong/Downloads//test/hmofiqjzxe.mp4,0,0.33551267
/home/tianlong/Downloads//test/ucryyubbqk.mp4,0,0.06341163
/home/tianlong/Downloads//test/gwqdrapybq.mp4,0,0.0028354565
/home/tianlong/Downloads//test/avttogwbyz.mp4,0,0.40926203
/home/tianlong/Downloads//test/hbmvxgonmq.mp4,0,0.0063683055
/home/tianlong/Downloads//test/gxxlbjuyza.mp4,0,0.02302216
/home/tianlong/Downloads//test/jhzozsurac.mp4,0,0.008132237
/home/tianlong/Downloads//test/opyqudaics.mp4,0,0.0045776297
/home/tianlong/Downloads//test/vigbdgmudk.mp4,0,0.23061226
/home/tianlong/Downloads//test/viidhkoxyv.mp4,0,0.04914287
/home/tianlong/Downloads//test/dmpvbeyuqb.mp4,0,0.0036107532
/home/tianlong/Downloads//test/wgycqahjww.mp4,0,0.5439772
/home/tianlong/Downloads//test/wwgmzeavbd.mp4,0,0.045943152
/home/tianlong/Downloads//test/qtqyglbdem.mp4,0,0.04841693
/home/tianlong/Downloads//test/nqynuhnklk.mp4,0,0.26664373
/home/tianlong/Downloads//test/jygbqsigcr.mp4,0,0.12285933
/home/tianlong/Downloads//test/nsozqvhalr.mp4,0,0.0030900377
/home/tianlong/Downloads//test/yvmrwdyxby.mp4,0,0.34549895
/home/tianlong/Downloads//test/kvhbyuklfv.mp4,0,0.055813536
/home/tianlong/Downloads//test/iwnfvkmktq.mp4,0,0.060878534
/home/tianlong/Downloads//test/qzfmctgxcs.mp4,0,0.010026795
/home/tianlong/Downloads//test/vhipamioud.mp4,0,0.0036966589
/home/tianlong/Downloads//test/lmbvoxhowe.mp4,0,0.018523226
/home/tianlong/Downloads//test/ziqjamfzlv.mp4,0,0.21073985
/home/tianlong/Downloads//test/kqnwutdvpd.mp4,0,0.0038389873
/home/tianlong/Downloads//test/lucpbeexdk.mp4,0,0.085770935
/home/tianlong/Downloads//test/pnotaniiuh.mp4,0,0.015732959
/home/tianlong/Downloads//test/qohtjkzity.mp4,0,0.12534176
/home/tianlong/Downloads//test/bkjhfcvsig.mp4,0,0.010983738
/home/tianlong/Downloads//test/kpcrdurodw.mp4,0,0.1769449
/home/tianlong/Downloads//test/nmphdbflzj.mp4,0,0.023740327
/home/tianlong/Downloads//test/fmsxomanga.mp4,0,0.009782309
/home/tianlong/Downloads//test/tgwpcoljin.mp4,0,0.07993495
/home/tianlong/Downloads//test/foynwjsqeh.mp4,0,0.13060305
/home/tianlong/Downloads//test/vdqritvjfl.mp4,0,0.032604072
/home/tianlong/Downloads//test/egyemqrvna.mp4,0,0.6747125
/home/tianlong/Downloads//test/xrtmepdfyh.mp4,0,0.11556286
/home/tianlong/Downloads//test/zfgjechdto.mp4,0,0.04502244
/home/tianlong/Downloads//test/jujpqsrgll.mp4,0,0.019263228
/home/tianlong/Downloads//test/iakzgqqova.mp4,0,0.025664961
/home/tianlong/Downloads//test/fqdklzzkfj.mp4,0,0.00553732
/home/tianlong/Downloads//test/dnfnxwbsoi.mp4,0,0.020742202
/home/tianlong/Downloads//test/lynaeydofd.mp4,0,0.051356763
/home/tianlong/Downloads//test/relrfifywa.mp4,0,0.029256137
/home/tianlong/Downloads//test/imsacxixmv.mp4,0,0.15298253
/home/tianlong/Downloads//test/rfbwukxpye.mp4,0,0.052155893
/home/tianlong/Downloads//test/atixaudngu.mp4,0,0.009092174
/home/tianlong/Downloads//test/tcychsyltm.mp4,0,0.035614423
/home/tianlong/Downloads//test/kifyfzqzjj.mp4,0,0.014458578
/home/tianlong/Downloads//test/irjbukzjqt.mp4,0,0.2314288
/home/tianlong/Downloads//test/jmkkbkvbjo.mp4,0,0.03320143
/home/tianlong/Downloads//test/gflhlvhqyl.mp4,0,0.053656805
/home/tianlong/Downloads//test/myebjqbxsl.mp4,0,0.0007749002
/home/tianlong/Downloads//test/mqeqiytluf.mp4,0,0.0018016511
/home/tianlong/Downloads//test/zbsjlcsetv.mp4,0,0.23643301
/home/tianlong/Downloads//test/lzmxqxrruv.mp4,0,0.23077118
/home/tianlong/Downloads//test/neotrnwthu.mp4,0,0.0057038236
/home/tianlong/Downloads//test/vwigtbeivy.mp4,0,0.008462287
/home/tianlong/Downloads//test/ldtscpryms.mp4,0,0.23933846
/home/tianlong/Downloads//test/sjgmmecazy.mp4,0,0.6670809
/home/tianlong/Downloads//test/jkrbsekajk.mp4,0,0.125104
/home/tianlong/Downloads//test/iahzcxmuck.mp4,0,0.1087203
/home/tianlong/Downloads//test/cteqlloxwu.mp4,0,0.02340585
/home/tianlong/Downloads//test/pgqxsteufx.mp4,0,0.07450247
/home/tianlong/Downloads//test/cmuzrrlaiy.mp4,1,0.54292375
/home/tianlong/Downloads//test/jxeqhujuvh.mp4,1,0.08950665
/home/tianlong/Downloads//test/ntaqujyzes.mp4,1,0.13081495
/home/tianlong/Downloads//test/ghxzsygiou.mp4,1,0.32033142
/home/tianlong/Downloads//test/lvxzjwiklq.mp4,1,0.20544012
/home/tianlong/Downloads//test/wlyvvvjgnv.mp4,1,0.1721785
/home/tianlong/Downloads//test/hexxuigzdl.mp4,1,0.9620479
/home/tianlong/Downloads//test/zynrdvlrwv.mp4,1,0.016753597
/home/tianlong/Downloads//test/kbvqzihgan.mp4,1,0.72977734
/home/tianlong/Downloads//test/razacdewcv.mp4,1,0.1290331
/home/tianlong/Downloads//test/tjlrvidbxw.mp4,1,0.27200803
/home/tianlong/Downloads//test/gcbyurxhbz.mp4,1,0.004385503
/home/tianlong/Downloads//test/xticvyqqjn.mp4,1,0.33865574
/home/tianlong/Downloads//test/gqpayiddqv.mp4,1,0.09548918
/home/tianlong/Downloads//test/zmrnjhfxed.mp4,1,0.008284691
/home/tianlong/Downloads//test/slpxqmwuqm.mp4,1,0.5047559
/home/tianlong/Downloads//test/upwsvjdtgo.mp4,1,0.020326134
/home/tianlong/Downloads//test/zpnjiswgdt.mp4,1,0.030745668
/home/tianlong/Downloads//test/rayxtqfosv.mp4,1,0.016654307
/home/tianlong/Downloads//test/cfhoqpdzqb.mp4,1,0.006514132
/home/tianlong/Downloads//test/okyufzgvay.mp4,1,0.0011987085
/home/tianlong/Downloads//test/wgyxtquovo.mp4,1,0.11889433
/home/tianlong/Downloads//test/kicgvgukqs.mp4,1,0.20504044
/home/tianlong/Downloads//test/aolhuwcdwv.mp4,1,0.6728523
/home/tianlong/Downloads//test/clzcvdsuyp.mp4,1,0.01570073
/home/tianlong/Downloads//test/jibhugdfbs.mp4,1,0.12332968
/home/tianlong/Downloads//test/kfiszsbzob.mp4,1,0.8020375
/home/tianlong/Downloads//test/mgwtoqonaf.mp4,1,0.31458598
/home/tianlong/Downloads//test/buzqmuifod.mp4,1,0.097319566
/home/tianlong/Downloads//test/bofmetrgfm.mp4,1,0.006299501
/home/tianlong/Downloads//test/chlshvbday.mp4,1,0.24836738
/home/tianlong/Downloads//test/vxcjkgerao.mp4,1,0.13884838
/home/tianlong/Downloads//test/qxwqqhruvz.mp4,1,0.20391305
/home/tianlong/Downloads//test/hytdcdixlv.mp4,1,0.0027544366
/home/tianlong/Downloads//test/buejhiahpy.mp4,1,0.0071744886
/home/tianlong/Downloads//test/omotodymgb.mp4,1,0.22408777
/home/tianlong/Downloads//test/gmcvyrferj.mp4,1,0.0042480123
/home/tianlong/Downloads//test/ycoaclsdov.mp4,1,0.15619528
/home/tianlong/Downloads//test/scaljzcpcf.mp4,1,0.76831144
/home/tianlong/Downloads//test/uhbxhharht.mp4,1,0.47276315
/home/tianlong/Downloads//test/tmmakbzbqw.mp4,1,0.36546448
/home/tianlong/Downloads//test/mvfvefsgik.mp4,1,0.5317146
/home/tianlong/Downloads//test/inesnaprwm.mp4,1,0.12916757
/home/tianlong/Downloads//test/qqxelyjmmw.mp4,1,0.18283622
/home/tianlong/Downloads//test/dllkubdbbd.mp4,1,0.8324146
/home/tianlong/Downloads//test/ttnajmkchw.mp4,1,0.004051858
/home/tianlong/Downloads//test/kaffwaiexj.mp4,1,0.008947298
/home/tianlong/Downloads//test/dpfuqzdtrs.mp4,1,0.2520456
/home/tianlong/Downloads//test/hfvexodpht.mp4,1,0.051990345
/home/tianlong/Downloads//test/vmxjsdkuju.mp4,1,0.59158695
/home/tianlong/Downloads//test/afaxsgqksm.mp4,1,0.8196986
/home/tianlong/Downloads//test/pgkipgmpgm.mp4,1,0.3896686
/home/tianlong/Downloads//test/ltkesswcyn.mp4,1,0.0035673159
/home/tianlong/Downloads//test/dffkcrccsj.mp4,1,0.11492371
/home/tianlong/Downloads//test/svtnilogao.mp4,1,0.088802844
/home/tianlong/Downloads//test/bzobkqewtt.mp4,1,0.07156425
/home/tianlong/Downloads//test/vemnbnqoqk.mp4,1,0.8246279
/home/tianlong/Downloads//test/nobrvdftmd.mp4,1,0.0077896914
/home/tianlong/Downloads//test/qepgiaxgpc.mp4,1,0.12563838
/home/tianlong/Downloads//test/bogjubshbr.mp4,1,0.5105192
/home/tianlong/Downloads//test/uyoqozgdcy.mp4,1,0.0056327246
/home/tianlong/Downloads//test/cvmmtklgst.mp4,1,0.5699795
/home/tianlong/Downloads//test/qharxzhzpl.mp4,1,0.5962116
/home/tianlong/Downloads//test/sprejlmapw.mp4,1,0.07437394
/home/tianlong/Downloads//test/crzrsezocr.mp4,1,0.0018154192
/home/tianlong/Downloads//test/wyqhadmmcy.mp4,1,0.5614757
/home/tianlong/Downloads//test/jrjxehotww.mp4,1,0.09405384
/home/tianlong/Downloads//test/xctpdujlok.mp4,1,0.09873595
/home/tianlong/Downloads//test/hfspenqmpw.mp4,1,0.3354272
/home/tianlong/Downloads//test/jkfukzcjxd.mp4,1,0.89495724
/home/tianlong/Downloads//test/knafngkgen.mp4,1,0.17183495
/home/tianlong/Downloads//test/tswmtnhfmn.mp4,1,0.013910388
/home/tianlong/Downloads//test/qoasfzksgo.mp4,1,0.2259798
/home/tianlong/Downloads//test/hnrzuoqnkz.mp4,1,0.0017590476
/home/tianlong/Downloads//test/nussrkyuzy.mp4,1,0.0642958
/home/tianlong/Downloads//test/ciwzwmlyxz.mp4,1,0.040189132
/home/tianlong/Downloads//test/dbauiiupef.mp4,1,0.2905123
/home/tianlong/Downloads//test/ywxfnlxtjg.mp4,1,0.0011197221
/home/tianlong/Downloads//test/pryqgrbtnu.mp4,1,0.09131333
/home/tianlong/Downloads//test/mbjpaydogy.mp4,1,0.19892102
/home/tianlong/Downloads//test/ihdopxhysr.mp4,1,0.096470386
/home/tianlong/Downloads//test/rgasvymjrj.mp4,1,0.03884915
/home/tianlong/Downloads//test/eclpgjjies.mp4,1,0.02456569
/home/tianlong/Downloads//test/kxptuwngop.mp4,1,0.0019286075
/home/tianlong/Downloads//test/uaqvffouxp.mp4,1,0.2885768
/home/tianlong/Downloads//test/xvqzzgoabm.mp4,1,0.0014650155
/home/tianlong/Downloads//test/tkgbjtcxyl.mp4,1,0.77007914
/home/tianlong/Downloads//test/xlnaxrwvcx.mp4,1,0.043067697
/home/tianlong/Downloads//test/kphfzaullq.mp4,1,0.30050662
/home/tianlong/Downloads//test/rkezgzxnoo.mp4,1,0.01639193
/home/tianlong/Downloads//test/fromclsodq.mp4,1,0.003666945
/home/tianlong/Downloads//test/nrscfrjxpb.mp4,1,0.0032954898
/home/tianlong/Downloads//test/ygobagrhmg.mp4,1,0.11493009
/home/tianlong/Downloads//test/hisfrixnbu.mp4,1,0.3583611
/home/tianlong/Downloads//test/duzueyonao.mp4,1,0.088052094
/home/tianlong/Downloads//test/gkknsyqbnz.mp4,1,0.3446161
/home/tianlong/Downloads//test/tmgdrjjalz.mp4,1,0.5912768
/home/tianlong/Downloads//test/iajblozgtx.mp4,1,0.012121577
/home/tianlong/Downloads//test/ahkcchuwqq.mp4,1,0.011549331
/home/tianlong/Downloads//test/zmfiveruie.mp4,1,0.3874353
/home/tianlong/Downloads//test/xptgnpgfkn.mp4,1,0.0014297542
/home/tianlong/Downloads//test/aebhowazav.mp4,1,0.48384276
/home/tianlong/Downloads//test/geulcwvfuy.mp4,1,0.1269465
/home/tianlong/Downloads//test/glzyifzrql.mp4,1,0.23974514
/home/tianlong/Downloads//test/wvmrsucbsq.mp4,1,0.88857937
/home/tianlong/Downloads//test/moetggyxsc.mp4,1,0.061720565
/home/tianlong/Downloads//test/jfvnwpcjrm.mp4,1,0.26725376
/home/tianlong/Downloads//test/kaggpclkjm.mp4,1,0.99094313
/home/tianlong/Downloads//test/nacldwtuwp.mp4,1,0.5614778
/home/tianlong/Downloads//test/upwyvqbjlq.mp4,1,0.8197691
/home/tianlong/Downloads//test/tdmyjvptzv.mp4,1,0.5850966
/home/tianlong/Downloads//test/fzurflflwv.mp4,1,0.05519041
/home/tianlong/Downloads//test/aakjukgjme.mp4,1,0.0017208535
/home/tianlong/Downloads//test/ypepsyuwmo.mp4,1,0.015311096
/home/tianlong/Downloads//test/qxhyhhkywc.mp4,1,0.0022860335
/home/tianlong/Downloads//test/iqvfopywpa.mp4,1,0.37961495
/home/tianlong/Downloads//test/xfncslssic.mp4,1,0.01299874
/home/tianlong/Downloads//test/jesstfspwv.mp4,1,0.06299507
/home/tianlong/Downloads//test/xiraodtgnt.mp4,1,0.325866
/home/tianlong/Downloads//test/xeuzubpylq.mp4,1,0.0016624857
/home/tianlong/Downloads//test/xszpbtciwo.mp4,1,0.022876194
/home/tianlong/Downloads//test/fkksbgaibl.mp4,1,0.64405924
/home/tianlong/Downloads//test/ntqzfgmhnj.mp4,1,0.59422237
/home/tianlong/Downloads//test/bizbjxafzr.mp4,1,0.019176487
/home/tianlong/Downloads//test/bxfwiuvafo.mp4,1,0.7192518
/home/tianlong/Downloads//test/jfcglbovmo.mp4,1,0.56309277
/home/tianlong/Downloads//test/odidbykbar.mp4,1,0.9393558
/home/tianlong/Downloads//test/qarbtmjwhm.mp4,1,0.36058235
/home/tianlong/Downloads//test/jeierullea.mp4,1,0.1274793
/home/tianlong/Downloads//test/lrckqkzekj.mp4,1,0.011784226
/home/tianlong/Downloads//test/riizlqngim.mp4,1,0.029050881
/home/tianlong/Downloads//test/lmcnonfhgz.mp4,1,0.22112548
/home/tianlong/Downloads//test/lkhszpabzv.mp4,1,0.42677745
/home/tianlong/Downloads//test/njqbwiajss.mp4,1,0.0039639696
/home/tianlong/Downloads//test/ksqybmrwyg.mp4,1,0.6660532
/home/tianlong/Downloads//test/dxphlwcvan.mp4,1,0.7280602
/home/tianlong/Downloads//test/dgjssccxhx.mp4,1,0.40764365
/home/tianlong/Downloads//test/sbfxzmhzyv.mp4,1,0.5262377
/home/tianlong/Downloads//test/rlvgpdrgvi.mp4,1,0.8488982
/home/tianlong/Downloads//test/uzdmxmfcqe.mp4,1,0.032158203
/home/tianlong/Downloads//test/afixxjdxef.mp4,1,0.051140174
/home/tianlong/Downloads//test/fwvxtssltw.mp4,1,0.055577863
/home/tianlong/Downloads//test/jyzlvivrmr.mp4,1,0.097099364
/home/tianlong/Downloads//test/byavookkdu.mp4,1,0.29985338
/home/tianlong/Downloads//test/agyawnxlmv.mp4,1,0.0017894836
/home/tianlong/Downloads//test/zjoonppreb.mp4,1,0.022764578
/home/tianlong/Downloads//test/sjzwpqupnm.mp4,1,0.20355941
/home/tianlong/Downloads//test/pobrnbspcf.mp4,1,0.00071036024
/home/tianlong/Downloads//test/qdkpphviay.mp4,1,0.15944612
/home/tianlong/Downloads//test/nbyaxzmueg.mp4,1,0.01774445
/home/tianlong/Downloads//test/vfszaqentw.mp4,1,0.34526035
/home/tianlong/Downloads//test/fosovipqkg.mp4,1,0.30616263
/home/tianlong/Downloads//test/grwcxofqrx.mp4,1,0.7344289
/home/tianlong/Downloads//test/koqxhnmkjl.mp4,1,0.5088133
/home/tianlong/Downloads//test/xkukyjokbg.mp4,1,0.91375047
/home/tianlong/Downloads//test/fmnzbwtjep.mp4,1,0.31361204
/home/tianlong/Downloads//test/aruyyclubn.mp4,1,0.61002237
/home/tianlong/Downloads//test/eluhuvocwr.mp4,1,0.52746946
/home/tianlong/Downloads//test/iiwffwiyrg.mp4,1,0.038037833
/home/tianlong/Downloads//test/fsbabrxhqy.mp4,1,0.48227057
/home/tianlong/Downloads//test/ymqadbkafj.mp4,1,0.2590386
/home/tianlong/Downloads//test/nptmqvfuhz.mp4,1,0.3690742
/home/tianlong/Downloads//test/usjnlahlcj.mp4,1,0.6124799
/home/tianlong/Downloads//test/hbozjjcafn.mp4,1,0.1819464
/home/tianlong/Downloads//test/cizxmeztny.mp4,1,0.3628986
/home/tianlong/Downloads//test/syxlmynhsi.mp4,1,0.6360895
/home/tianlong/Downloads//test/ezadehoecy.mp4,1,0.003376419
/home/tianlong/Downloads//test/fpliemtlco.mp4,1,0.4819256
/home/tianlong/Downloads//test/arflgfcnkg.mp4,1,0.037184313
/home/tianlong/Downloads//test/occelhylxf.mp4,1,0.0024669792
/home/tianlong/Downloads//test/uqntkvpntd.mp4,1,0.002186618
/home/tianlong/Downloads//test/iatevqworc.mp4,1,0.36681178
/home/tianlong/Downloads//test/xzsmgydcub.mp4,1,0.15665539
/home/tianlong/Downloads//test/qbffpkpmkf.mp4,1,0.26498672
/home/tianlong/Downloads//test/pzbpgfmroj.mp4,1,0.37162566
/home/tianlong/Downloads//test/oundixpyst.mp4,1,0.16308151
/home/tianlong/Downloads//test/hnxhwfttpy.mp4,1,0.22615361
/home/tianlong/Downloads//test/rdjwlvvwtv.mp4,1,0.14652635
/home/tianlong/Downloads//test/tcmstiljkk.mp4,1,0.7076933
/home/tianlong/Downloads//test/qbfdtumuct.mp4,1,0.004136195
/home/tianlong/Downloads//test/mxnquwuszt.mp4,1,0.024057014
/home/tianlong/Downloads//test/sjooumwlzb.mp4,1,0.51621145
/home/tianlong/Downloads//test/twhwouycfg.mp4,1,0.011694181
/home/tianlong/Downloads//test/wytpaehszj.mp4,1,0.3073633
/home/tianlong/Downloads//test/srtwhbzzlr.mp4,1,0.6747425
/home/tianlong/Downloads//test/jqjfpkuckf.mp4,1,0.053363472
/home/tianlong/Downloads//test/yxjjfaekev.mp4,1,0.016161524
/home/tianlong/Downloads//test/cyokqrzbol.mp4,1,0.2813359
/home/tianlong/Downloads//test/mtilpvablx.mp4,1,0.056526694
/home/tianlong/Downloads//test/njwsmltmvb.mp4,1,0.0049462677
/home/tianlong/Downloads//test/xkksfulade.mp4,1,0.4067237
/home/tianlong/Downloads//test/dtfgsvfmjq.mp4,1,0.7132004
/home/tianlong/Downloads//test/onaewxqqkd.mp4,1,0.23074405
/home/tianlong/Downloads//test/pazpnfrbbc.mp4,1,0.027659552
/home/tianlong/Downloads//test/kgowzoxjfq.mp4,1,0.52014947
/home/tianlong/Downloads//test/ltdwtgrads.mp4,1,0.20738655
/home/tianlong/Downloads//test/znistrajpw.mp4,1,0.0035273137
/home/tianlong/Downloads//test/yfhzmfhojv.mp4,1,0.7131118
/home/tianlong/Downloads//test/spkorcenyh.mp4,1,0.49239644
/home/tianlong/Downloads//test/axopbbxwzr.mp4,1,0.0018799957
/home/tianlong/Downloads//test/hxrruqinnh.mp4,1,0.98188853
/home/tianlong/Downloads//test/tkaybnjwhg.mp4,1,0.7220623
/home/tianlong/Downloads//test/lhwwhjhyqx.mp4,1,0.0006961099
/home/tianlong/Downloads//test/btxjufhiaz.mp4,1,0.0064953244
/home/tianlong/Downloads//test/dnhaskulaj.mp4,1,0.25244454
/home/tianlong/Downloads//test/vxqofldgze.mp4,1,0.004333279
/home/tianlong/Downloads//test/ddjzmyabyu.mp4,1,0.24840365
/home/tianlong/Downloads//test/mgahaaogif.mp4,1,0.01044332
/home/tianlong/Downloads//test/ktmdpragph.mp4,1,0.004738083
/home/tianlong/Downloads//test/xazdhdnwhh.mp4,1,0.0033909986
/home/tianlong/Downloads//test/qnslgeajnt.mp4,1,0.0016240301
/home/tianlong/Downloads//test/sivrgbsaog.mp4,1,0.45271048
/home/tianlong/Downloads//test/uzmuovkewv.mp4,1,0.3485913
/home/tianlong/Downloads//test/tvazrcdkpq.mp4,1,0.014252745
/home/tianlong/Downloads//test/jbatiwjmzh.mp4,1,0.93068427
/home/tianlong/Downloads//test/hmiylncrva.mp4,1,0.12815869
/home/tianlong/Downloads//test/uxkojffbsr.mp4,1,0.16053416
/home/tianlong/Downloads//test/crbcrxqftw.mp4,1,0.08660071
/home/tianlong/Downloads//test/yermnsnlgf.mp4,1,0.755817
/home/tianlong/Downloads//test/gipcvghjiy.mp4,1,0.37230274
/home/tianlong/Downloads//test/iwcfxyoimw.mp4,1,0.33108488
/home/tianlong/Downloads//test/kozaofkgvk.mp4,1,0.0027763245
/home/tianlong/Downloads//test/xlgevjtsog.mp4,1,0.055829316
/home/tianlong/Downloads//test/bpjkimtqtz.mp4,1,0.015107758
/home/tianlong/Downloads//test/pdnwaekrtn.mp4,1,0.08431345
/home/tianlong/Downloads//test/toxsrzsksc.mp4,1,0.13641013
/home/tianlong/Downloads//test/oejfypsbfh.mp4,1,0.45457754
/home/tianlong/Downloads//test/hwyuwbnszo.mp4,1,0.030101106
/home/tianlong/Downloads//test/acgyspwyqr.mp4,1,0.0025807305
/home/tianlong/Downloads//test/oitcqmvnsa.mp4,1,0.21745314
/home/tianlong/Downloads//test/pdqqkuclvd.mp4,1,0.023316117
/home/tianlong/Downloads//test/slsyjvgfpu.mp4,1,0.05116121
/home/tianlong/Downloads//test/xmdfnldfyc.mp4,1,0.30008993
/home/tianlong/Downloads//test/ynkzlkahux.mp4,1,0.0036244027
/home/tianlong/Downloads//test/szjbkskyph.mp4,1,0.68781406
/home/tianlong/Downloads//test/yyiiywtiry.mp4,1,0.030894741
/home/tianlong/Downloads//test/crvotfojeq.mp4,1,0.014067729
/home/tianlong/Downloads//test/rsqblsfgli.mp4,1,0.003069654
/home/tianlong/Downloads//test/becqadbtkb.mp4,1,0.39776406
/home/tianlong/Downloads//test/afqaubpglg.mp4,1,0.012558054
/home/tianlong/Downloads//test/pwplooonzr.mp4,1,0.10645566
/home/tianlong/Downloads//test/vjegxiyvla.mp4,1,0.0023727498
/home/tianlong/Downloads//test/jbwtbfbdko.mp4,1,0.018612998
/home/tianlong/Downloads//test/toggbitvfd.mp4,1,0.505398
/home/tianlong/Downloads//test/xpfhawmzbe.mp4,1,0.13254802
/home/tianlong/Downloads//test/kjwdinzplo.mp4,1,0.20501661
/home/tianlong/Downloads//test/jrkdzpijpb.mp4,1,0.37983
/home/tianlong/Downloads//test/lbnuxynggy.mp4,1,0.27534002
/home/tianlong/Downloads//test/iorrylopzn.mp4,1,0.96216124
/home/tianlong/Downloads//test/yasxapunrf.mp4,1,0.13217439
/home/tianlong/Downloads//test/suohrphvbe.mp4,1,0.03220541
/home/tianlong/Downloads//test/salsuwvckq.mp4,1,0.32032233
/home/tianlong/Downloads//test/eclnowceyi.mp4,1,0.0019645717
/home/tianlong/Downloads//test/wvtymfvbwq.mp4,1,0.03577592
/home/tianlong/Downloads//test/rsjhmrvdwg.mp4,1,0.0065234113
/home/tianlong/Downloads//test/qtvhpmoukj.mp4,1,0.4975342
/home/tianlong/Downloads//test/svqkfjfucw.mp4,1,0.08281703
/home/tianlong/Downloads//test/jdlqmnhuix.mp4,1,0.49833307
/home/tianlong/Downloads//test/ltmkgkppwx.mp4,1,0.003907994
/home/tianlong/Downloads//test/zaoyocjkgw.mp4,1,0.025586061
/home/tianlong/Downloads//test/vgrhobnbfo.mp4,1,0.00060536794
/home/tianlong/Downloads//test/eeeuzozcdc.mp4,1,0.12292632
/home/tianlong/Downloads//test/ikgxqbhmlv.mp4,1,0.5405778
/home/tianlong/Downloads//test/zyeakowujw.mp4,1,0.5005411
/home/tianlong/Downloads//test/uerapqglmr.mp4,1,0.8964629
/home/tianlong/Downloads//test/fmuncwjpej.mp4,1,0.14265898
/home/tianlong/Downloads//test/xllzvdxwiv.mp4,1,0.3087503
/home/tianlong/Downloads//test/giuymhlbyo.mp4,1,0.20330532
/home/tianlong/Downloads//test/bubbmjnmge.mp4,1,0.118811436
/home/tianlong/Downloads//test/qwqefbalkv.mp4,1,0.07469594
/home/tianlong/Downloads//test/aupsxowdcp.mp4,1,0.0013721333
/home/tianlong/Downloads//test/apjovfzzft.mp4,1,0.0064110775
/home/tianlong/Downloads//test/yjbnaqwxyf.mp4,1,0.465971
/home/tianlong/Downloads//test/dajlkmlvch.mp4,1,0.022300271
/home/tianlong/Downloads//test/egwzzhemvk.mp4,1,0.80752164
/home/tianlong/Downloads//test/vlhrgeyvqy.mp4,1,0.07811976
/home/tianlong/Downloads//test/vpolvvzwsw.mp4,1,0.0031041412
/home/tianlong/Downloads//test/ddkcxrncmq.mp4,1,0.5226158
/home/tianlong/Downloads//test/fncnobpzzx.mp4,1,0.12664464
/home/tianlong/Downloads//test/lhayhvqjmg.mp4,1,0.15414332
/home/tianlong/Downloads//test/yboofyemks.mp4,1,0.003464489
/home/tianlong/Downloads//test/wzkovvmdkq.mp4,1,0.15721431
/home/tianlong/Downloads//test/axxldpmbat.mp4,1,0.30763832
/home/tianlong/Downloads//test/piovymzozl.mp4,1,0.10182268
/home/tianlong/Downloads//test/ymjrnwsjxt.mp4,1,0.0015813612
/home/tianlong/Downloads//test/jfxroglrst.mp4,1,0.0033287804
/home/tianlong/Downloads//test/qzyaijdbfe.mp4,1,0.51629925
/home/tianlong/Downloads//test/gzwzxbtkpd.mp4,1,0.674253
/home/tianlong/Downloads//test/bgssriyozb.mp4,1,0.14766812
/home/tianlong/Downloads//test/wqtraebanl.mp4,1,0.6233724
/home/tianlong/Downloads//test/lovkthgavz.mp4,1,0.003572247
/home/tianlong/Downloads//test/vpgjaoyvir.mp4,1,0.010414779
/home/tianlong/Downloads//test/btlqqvfuck.mp4,1,0.037380096
/home/tianlong/Downloads//test/zzxidpsxmv.mp4,1,0.1291994
/home/tianlong/Downloads//test/qzuhjrhozy.mp4,1,0.001027203
/home/tianlong/Downloads//test/rtuaxyuvqs.mp4,1,0.27918854
/home/tianlong/Downloads//test/vybbullejj.mp4,1,0.11286198
/home/tianlong/Downloads//test/lblweiecpx.mp4,1,0.17697449
/home/tianlong/Downloads//test/qkchcuiljp.mp4,1,0.8181262
/home/tianlong/Downloads//test/roivdutkrz.mp4,1,0.50380397
/home/tianlong/Downloads//test/rziziscker.mp4,1,0.004208326
/home/tianlong/Downloads//test/zsdmgllhck.mp4,1,0.033655606
/home/tianlong/Downloads//test/kpkzqbpivj.mp4,1,0.20294489
/home/tianlong/Downloads//test/tgkjhdyxww.mp4,1,0.11505646
/home/tianlong/Downloads//test/zubaiztkag.mp4,1,0.4217774
/home/tianlong/Downloads//test/figxvsdmsb.mp4,1,0.16989434
/home/tianlong/Downloads//test/enzlliylet.mp4,1,0.6152354
/home/tianlong/Downloads//test/acekgkqgdg.mp4,1,0.23310095
/home/tianlong/Downloads//test/ljrikjsgis.mp4,1,0.22684222
/home/tianlong/Downloads//test/vawotznxqn.mp4,1,0.7768173
/home/tianlong/Downloads//test/jsqtbnxnpb.mp4,1,0.4011937
/home/tianlong/Downloads//test/yibeqxcadd.mp4,1,0.57686204
/home/tianlong/Downloads//test/zvgekhyszq.mp4,1,0.015159421
/home/tianlong/Downloads//test/luisdnrumh.mp4,1,0.70033604
/home/tianlong/Downloads//test/xffjesgeey.mp4,1,0.036582205
/home/tianlong/Downloads//test/haesrhzukc.mp4,1,0.8749488
/home/tianlong/Downloads//test/uwccodyhgh.mp4,1,0.31625885
/home/tianlong/Downloads//test/msdtzpmmae.mp4,1,0.020783735
/home/tianlong/Downloads//test/zgiypcmpic.mp4,1,0.011038688
/home/tianlong/Downloads//test/olkcmrmvbh.mp4,1,0.14220469
/home/tianlong/Downloads//test/kiffbbtjfe.mp4,1,0.16175191
/home/tianlong/Downloads//test/junzzlnlfw.mp4,1,0.09722667
/home/tianlong/Downloads//test/qkgicklwyn.mp4,1,0.27713785
/home/tianlong/Downloads//test/wluigkzjdl.mp4,1,0.0062145535
/home/tianlong/Downloads//test/rsnrcisldc.mp4,1,0.6042157
/home/tianlong/Downloads//test/asiuftijhs.mp4,1,0.043320403
/home/tianlong/Downloads//test/yjloopcthi.mp4,1,0.03463787
/home/tianlong/Downloads//test/tzzwqaxtrk.mp4,1,0.5419917
/home/tianlong/Downloads//test/tmfvsxrxnk.mp4,1,0.21382987
/home/tianlong/Downloads//test/dlsdmdraln.mp4,1,0.0021424629
/home/tianlong/Downloads//test/rkygzeyegz.mp4,1,0.76515245
/home/tianlong/Downloads//test/truremwrti.mp4,1,0.0013790572
/home/tianlong/Downloads//test/depcrcqwai.mp4,1,0.30075976
/home/tianlong/Downloads//test/jovohczybs.mp4,1,0.38178894
/home/tianlong/Downloads//test/udcpjfvqro.mp4,1,0.020729713
/home/tianlong/Downloads//test/yxlkovjssa.mp4,1,0.31956336
/home/tianlong/Downloads//test/trltdpitif.mp4,1,0.384395
/home/tianlong/Downloads//test/hwufwjdaai.mp4,1,0.42707017
/home/tianlong/Downloads//test/vgfxjwupga.mp4,1,0.32158443
/home/tianlong/Downloads//test/jejjcsijvc.mp4,1,0.03193187
/home/tianlong/Downloads//test/yjpfhrfyfn.mp4,1,0.22674839
/home/tianlong/Downloads//test/izyqqybmcq.mp4,1,0.0040523736
/home/tianlong/Downloads//test/xjnflcfxhn.mp4,1,0.26546887
/home/tianlong/Downloads//test/zidsbdilrm.mp4,1,0.050105184
/home/tianlong/Downloads//test/lepqvhstws.mp4,1,0.667319
/home/tianlong/Downloads//test/eabghyltka.mp4,1,0.06260122
/home/tianlong/Downloads//test/qxgwcsugvd.mp4,1,0.3547798
/home/tianlong/Downloads//test/oitqddnspw.mp4,1,0.001207162
/home/tianlong/Downloads//test/jiddesrgoi.mp4,1,0.91874844
/home/tianlong/Downloads//test/whsqzlklam.mp4,1,0.0014087289
/home/tianlong/Downloads//test/hwspklkjol.mp4,1,0.35870883
/home/tianlong/Downloads//test/mgxdtegobh.mp4,1,0.24340768
/home/tianlong/Downloads//test/dkvxzocpnx.mp4,1,0.022763753
/home/tianlong/Downloads//test/zxjiwvyzbs.mp4,1,0.17410898
/home/tianlong/Downloads//test/qysxqoredd.mp4,1,0.12823005
/home/tianlong/Downloads//test/angqjpzdts.mp4,1,0.005304523
/home/tianlong/Downloads//test/slbhiftdwk.mp4,1,0.008542954
/home/tianlong/Downloads//test/ctsjalmkpx.mp4,1,0.0014343759
/home/tianlong/Downloads//test/jrwqouwlzc.mp4,1,0.31369635
/home/tianlong/Downloads//test/vcqcervdzi.mp4,1,0.0019898142
/home/tianlong/Downloads//test/mxczokbutl.mp4,1,0.38662067
/home/tianlong/Downloads//test/qawqquinvi.mp4,1,0.41941726
/home/tianlong/Downloads//test/cqiyijvrcj.mp4,1,0.3029788
/home/tianlong/Downloads//test/wypdykzzma.mp4,1,0.3370664
/home/tianlong/Downloads//test/zdurkznxhi.mp4,1,0.005554399
/home/tianlong/Downloads//test/llwjpzzrur.mp4,1,0.21054398
/home/tianlong/Downloads//test/stmqpsakem.mp4,1,0.059334308
/home/tianlong/Downloads//test/hqfxruqynj.mp4,1,0.23722453
/home/tianlong/Downloads//test/cotxffvovx.mp4,1,0.01640147
/home/tianlong/Downloads//test/yiwyejujhz.mp4,1,0.17724796
/home/tianlong/Downloads//test/azkhkminwu.mp4,1,0.06462708
/home/tianlong/Downloads//test/yoicqcpxgm.mp4,1,0.3960172
/home/tianlong/Downloads//test/kcpamicxjs.mp4,1,0.13008544
/home/tianlong/Downloads//test/mbnvlpwewk.mp4,1,0.51200604
/home/tianlong/Downloads//test/wjqdwzowcg.mp4,1,0.009990827
/home/tianlong/Downloads//test/vqtspwkgwe.mp4,1,0.32248375
/home/tianlong/Downloads//test/rurhyzsnyi.mp4,1,0.6494559
/home/tianlong/Downloads//test/sipuxpudya.mp4,1,0.0037747782
/home/tianlong/Downloads//test/scchmtbzar.mp4,1,0.34721753
/home/tianlong/Downloads//test/qyhlzalxzm.mp4,1,0.12830158
/home/tianlong/Downloads//test/ektrtuwidv.mp4,1,0.38851056
/home/tianlong/Downloads//test/scbfkrlytb.mp4,1,0.21796234
/home/tianlong/Downloads//test/kxnsmwhqtl.mp4,1,0.09352747
/home/tianlong/Downloads//test/fiayeurvwb.mp4,1,0.35158232
/home/tianlong/Downloads//test/xpuntxtdbs.mp4,1,0.55254984
/home/tianlong/Downloads//test/edvyxmzpoy.mp4,1,0.53855664
/home/tianlong/Downloads//test/thnywrwayf.mp4,1,0.24929492
/home/tianlong/Downloads//test/xojauzdavy.mp4,1,0.48568258
/home/tianlong/Downloads//test/kaajaxzivt.mp4,1,0.035852946
/home/tianlong/Downloads//test/fmvdkhucsz.mp4,1,0.49930695
/home/tianlong/Downloads//test/mdkqmouddq.mp4,1,0.32844314
/home/tianlong/Downloads//test/ehtvcnlsfl.mp4,1,0.021779828
/home/tianlong/Downloads//test/iizsrcugyd.mp4,1,0.37666735
/home/tianlong/Downloads//test/hurlxdpsxl.mp4,1,0.031238288
/home/tianlong/Downloads//test/rvfhfbutlx.mp4,1,0.64243335
/home/tianlong/Downloads//test/ycxkcnwrbw.mp4,1,0.37904736
/home/tianlong/Downloads//test/jrmgqzgcmj.mp4,1,0.042802412
/home/tianlong/Downloads//test/cinrseylyp.mp4,1,0.07761871
/home/tianlong/Downloads//test/uhvmrfksax.mp4,1,0.10446311
/home/tianlong/Downloads//test/djjdzsivvi.mp4,1,0.10096439
/home/tianlong/Downloads//test/pmulgdcejl.mp4,1,0.48124564
/home/tianlong/Downloads//test/ngvbaolyub.mp4,1,0.0034725203
/home/tianlong/Downloads//test/kpyyjmxmoj.mp4,1,0.013357689
/home/tianlong/Downloads//test/xhizcimlzp.mp4,1,0.002823107
/home/tianlong/Downloads//test/ulygywporv.mp4,1,0.044973034
/home/tianlong/Downloads//test/psunkvudmg.mp4,1,0.11233298
/home/tianlong/Downloads//test/ctarrlrgdy.mp4,1,0.031997126
/home/tianlong/Downloads//test/hdzygqltzu.mp4,1,0.7483473
/home/tianlong/Downloads//test/rvtfddfweu.mp4,1,0.23413269
/home/tianlong/Downloads//test/kaeouvuasm.mp4,1,0.006407596
/home/tianlong/Downloads//test/rzivzpozjr.mp4,1,0.010215535
/home/tianlong/Downloads//test/stfqbsbvfy.mp4,1,0.041726187
/home/tianlong/Downloads//test/qbhoufagsa.mp4,1,0.00089401496
/home/tianlong/Downloads//test/xycfzkbnhy.mp4,1,0.16245456
/home/tianlong/Downloads//test/zudnvkagjk.mp4,1,0.66365534
/home/tianlong/Downloads//test/feaqnlczwc.mp4,1,0.0018250978
/home/tianlong/Downloads//test/rqviqcsbzw.mp4,1,0.33707097
/home/tianlong/Downloads//test/dhfcwchsir.mp4,1,0.027495094
/home/tianlong/Downloads//test/cglpyitrzw.mp4,1,0.0016118196
/home/tianlong/Downloads//test/yjypqyrhyi.mp4,1,0.3236326
/home/tianlong/Downloads//test/fokuimoqkh.mp4,1,0.4700056
/home/tianlong/Downloads//test/xzouvgiqha.mp4,1,0.3471533
/home/tianlong/Downloads//test/qyjbhkeqes.mp4,1,0.02797333
/home/tianlong/Downloads//test/phngwcpbqw.mp4,1,0.114198275
/home/tianlong/Downloads//test/rjcjcdkzkw.mp4,1,0.34543762
/home/tianlong/Downloads//test/legilvljip.mp4,1,0.53101987
/home/tianlong/Downloads//test/bukegrztbb.mp4,1,0.0034762789
/home/tianlong/Downloads//test/yvaxmtbtgx.mp4,1,0.49798986
/home/tianlong/Downloads//test/saljlsmnet.mp4,1,0.88025934
/home/tianlong/Downloads//test/ezupajzwdl.mp4,1,0.41086861
/home/tianlong/Downloads//test/xeszevnech.mp4,1,0.00685717
/home/tianlong/Downloads//test/fbqwomdehr.mp4,1,0.10356789
/home/tianlong/Downloads//test/itdywxjknn.mp4,1,0.50116855
/home/tianlong/Downloads//test/zwupuzlefv.mp4,1,0.13525091
/home/tianlong/Downloads//test/qcrofjquht.mp4,1,0.22850287
/home/tianlong/Downloads//test/jblkcfejih.mp4,1,0.0017546989
/home/tianlong/Downloads//test/howruupkxw.mp4,1,0.2819686
/home/tianlong/Downloads//test/xslxboadvn.mp4,1,0.02274611
/home/tianlong/Downloads//test/rzykslnkdi.mp4,1,0.16467285
/home/tianlong/Downloads//test/govjvzfbcj.mp4,1,0.1349348
/home/tianlong/Downloads//test/fwbvksfidm.mp4,1,0.305601
/home/tianlong/Downloads//test/khokwspqph.mp4,1,0.32419637
/home/tianlong/Downloads//test/sslrtrxyaj.mp4,1,0.0050881314
/home/tianlong/Downloads//test/zdmknyhzoo.mp4,1,0.022737036
/home/tianlong/Downloads//test/rzjpckpslj.mp4,1,0.16299818
/home/tianlong/Downloads//test/pscilvlcfe.mp4,1,0.31156495
/home/tianlong/Downloads//test/rlwkdhgoqw.mp4,1,0.1803789
/home/tianlong/Downloads//test/cmpkopoabr.mp4,1,0.2263118
/home/tianlong/Downloads//test/dbljnexmlf.mp4,1,0.022337822
/home/tianlong/Downloads//test/atfuphvjft.mp4,1,0.6524477
/home/tianlong/Downloads//test/zdldobedod.mp4,1,0.009033998
/home/tianlong/Downloads//test/iknfqmugud.mp4,1,0.42271057
/home/tianlong/Downloads//test/whusuiiqmt.mp4,1,0.14622076
/home/tianlong/Downloads//test/ksrnzzbcsz.mp4,1,0.009378045
/home/tianlong/Downloads//test/xxhuecshhw.mp4,1,0.003012266
/home/tianlong/Downloads//test/okmlcbefeu.mp4,1,0.084445685
/home/tianlong/Downloads//test/xryrhuskyd.mp4,1,0.3561335
/home/tianlong/Downloads//test/wevygelkrl.mp4,1,0.14145023
/home/tianlong/Downloads//test/rdpausigpg.mp4,1,0.022268593
/home/tianlong/Downloads//test/fdziwiuoer.mp4,1,0.10870171
/home/tianlong/Downloads//test/kykmrtoitd.mp4,1,0.18760526
/home/tianlong/Downloads//test/eacsjvcmlp.mp4,1,0.3107045
/home/tianlong/Downloads//test/asvuutypvz.mp4,1,0.0020159984
/home/tianlong/Downloads//test/nucqorkejg.mp4,1,0.8323032
/home/tianlong/Downloads//test/ctpexqamtx.mp4,1,0.47252402
/home/tianlong/Downloads//test/vnsxdkjjtk.mp4,1,0.2693354
/home/tianlong/Downloads//test/cktsyobheu.mp4,1,0.3697145
/home/tianlong/Downloads//test/kccicuhxgk.mp4,1,0.88883275
/home/tianlong/Downloads//test/qckjihxoze.mp4,1,0.19570602
/home/tianlong/Downloads//test/gvqtnedfso.mp4,1,0.034560796
/home/tianlong/Downloads//test/ajxkvlpgov.mp4,1,0.39463842
/home/tianlong/Downloads//test/srlilcjhaf.mp4,1,0.7747314
/home/tianlong/Downloads//test/qfjxksudna.mp4,1,0.48490986
/home/tianlong/Downloads//test/hstvglyexy.mp4,1,0.0936208
/home/tianlong/Downloads//test/jyyvhnsyys.mp4,1,0.024640152
/home/tianlong/Downloads//test/whxqigkgyk.mp4,1,0.7900756
/home/tianlong/Downloads//test/mqzrlecakr.mp4,1,0.89534026
/home/tianlong/Downloads//test/aeplbqxnge.mp4,1,0.021534786
/home/tianlong/Downloads//test/inwaznexiv.mp4,1,0.55785847
/home/tianlong/Downloads//test/anfupdhmyr.mp4,1,0.08002619
/home/tianlong/Downloads//test/wbvlgevkmb.mp4,1,0.06237209
/home/tianlong/Downloads//test/uiykwgaarz.mp4,1,0.769015
/home/tianlong/Downloads//test/nvarnevska.mp4,1,0.097792365
/home/tianlong/Downloads//test/ooczenomzk.mp4,1,0.011376345
/home/tianlong/Downloads//test/qtjuhlppot.mp4,1,0.2903941
/home/tianlong/Downloads//test/drqtyzvhdd.mp4,1,0.03271747
/home/tianlong/Downloads//test/ytljvippwv.mp4,1,0.722483
/home/tianlong/Downloads//test/skrqoagxle.mp4,1,0.15656012
/home/tianlong/Downloads//test/shwkznunyp.mp4,1,0.08685425
/home/tianlong/Downloads//test/tlsoagxovk.mp4,1,0.3017651
/home/tianlong/Downloads//test/enpshnkugu.mp4,1,0.0053355503
/home/tianlong/Downloads//test/vitjdpnfpi.mp4,1,0.5838855
/home/tianlong/Downloads//test/jovrnujurf.mp4,1,0.22277938
/home/tianlong/Downloads//test/sbwemwjlsl.mp4,1,0.41025648
/home/tianlong/Downloads//test/uclzxnftij.mp4,1,0.0025149987
/home/tianlong/Downloads//test/sdqjjttckw.mp4,1,0.13645108
/home/tianlong/Downloads//test/wtmggpeiom.mp4,1,0.30053508
