Video,Label,Prediction
/home/tianlong/Downloads//test/myvwyfdnxu.mp4,0,0.047809
/home/tianlong/Downloads//test/uxgkqpiykp.mp4,0,0.00046992753
/home/tianlong/Downloads//test/qyscponfaf.mp4,0,0.00037290205
/home/tianlong/Downloads//test/tmgmbnzrrz.mp4,0,0.033072177
/home/tianlong/Downloads//test/wfmeffvvce.mp4,0,0.04611383
/home/tianlong/Downloads//test/fwrcfaglhz.mp4,0,0.032621082
/home/tianlong/Downloads//test/itfzfpuilx.mp4,0,0.0005638865
/home/tianlong/Downloads//test/wupoiiknff.mp4,0,0.00036532924
/home/tianlong/Downloads//test/dscprfjses.mp4,0,0.009255518
/home/tianlong/Downloads//test/ofntcunuqn.mp4,0,0.0006586259
/home/tianlong/Downloads//test/imnzannmcr.mp4,0,0.12727188
/home/tianlong/Downloads//test/jidkzoagws.mp4,0,0.0007465117
/home/tianlong/Downloads//test/nkpqkddsgt.mp4,0,0.004146945
/home/tianlong/Downloads//test/xqmrrciral.mp4,0,0.00046329372
/home/tianlong/Downloads//test/ykfllpyawg.mp4,0,0.001621174
/home/tianlong/Downloads//test/bpieoyctzo.mp4,0,0.0014474718
/home/tianlong/Downloads//test/wjrepvzlsv.mp4,0,0.0021464012
/home/tianlong/Downloads//test/voucpidonq.mp4,0,0.0005477711
/home/tianlong/Downloads//test/fxfxtrrkeq.mp4,0,0.0015240544
/home/tianlong/Downloads//test/qggfpdkyzi.mp4,0,0.0024858618
/home/tianlong/Downloads//test/xyucutnxhz.mp4,0,0.00053337176
/home/tianlong/Downloads//test/rkxepdkger.mp4,0,0.00044873418
/home/tianlong/Downloads//test/fxxpxoqoxp.mp4,0,0.0011229161
/home/tianlong/Downloads//test/jkxxwfycsj.mp4,0,0.95489407
/home/tianlong/Downloads//test/qbearsyziz.mp4,0,0.0008863479
/home/tianlong/Downloads//test/kyrbveruev.mp4,0,0.00051893684
/home/tianlong/Downloads//test/pdyrvsvwyi.mp4,0,0.0032960419
/home/tianlong/Downloads//test/bpxxmxuvuy.mp4,0,0.0069752834
/home/tianlong/Downloads//test/ekxsduhvwh.mp4,0,0.000346683
/home/tianlong/Downloads//test/ocsqqqduxx.mp4,0,0.00048057394
/home/tianlong/Downloads//test/qufzdwetss.mp4,0,0.107622005
/home/tianlong/Downloads//test/vwqrtxbwye.mp4,0,0.7267162
/home/tianlong/Downloads//test/zuduvanawx.mp4,0,0.035132956
/home/tianlong/Downloads//test/rkjhxvdnsv.mp4,0,0.004063661
/home/tianlong/Downloads//test/hpcivouyku.mp4,0,0.0062652472
/home/tianlong/Downloads//test/vgndywbmgf.mp4,0,0.0076363604
/home/tianlong/Downloads//test/hfgczdzbix.mp4,0,0.054288566
/home/tianlong/Downloads//test/rwehwmmutn.mp4,0,0.011188694
/home/tianlong/Downloads//test/jyfnzyvznx.mp4,0,0.0004601126
/home/tianlong/Downloads//test/jxpodcendq.mp4,0,0.01089542
/home/tianlong/Downloads//test/kgynainlug.mp4,0,0.002021033
/home/tianlong/Downloads//test/hqgervpkkf.mp4,0,0.0012091366
/home/tianlong/Downloads//test/defeqlyysh.mp4,0,0.9338925
/home/tianlong/Downloads//test/xzkwbswkao.mp4,0,0.0006655448
/home/tianlong/Downloads//test/hhdblnxhtj.mp4,0,0.011650212
/home/tianlong/Downloads//test/oaptmwroki.mp4,0,0.00054787943
/home/tianlong/Downloads//test/djlkkqmjkk.mp4,0,0.000766909
/home/tianlong/Downloads//test/motfposykz.mp4,0,0.009642475
/home/tianlong/Downloads//test/shvfupmrho.mp4,0,0.0011532399
/home/tianlong/Downloads//test/escwmsthiz.mp4,0,0.00062501663
/home/tianlong/Downloads//test/ctpypmzfnl.mp4,0,0.0004582509
/home/tianlong/Downloads//test/sjqrdyzkgl.mp4,0,0.0043246676
/home/tianlong/Downloads//test/ddrjnwlugg.mp4,0,0.0004272625
/home/tianlong/Downloads//test/hxfqltenqh.mp4,0,0.000616879
/home/tianlong/Downloads//test/umerhoubxw.mp4,0,0.0006217495
/home/tianlong/Downloads//test/jxrpqynwlt.mp4,0,0.38895178
/home/tianlong/Downloads//test/hprzotbjtj.mp4,0,0.00053909415
/home/tianlong/Downloads//test/cqewayywpg.mp4,0,0.23454177
/home/tianlong/Downloads//test/nvptcoxzah.mp4,0,0.15705043
/home/tianlong/Downloads//test/uvzlfuxalu.mp4,0,0.4692106
/home/tianlong/Downloads//test/mfcbgbcuvb.mp4,0,0.0006103505
/home/tianlong/Downloads//test/tmtoypmqwt.mp4,0,0.0025603906
/home/tianlong/Downloads//test/bsjucwhlrj.mp4,0,0.00047161776
/home/tianlong/Downloads//test/hlsubhyoea.mp4,0,0.00045727487
/home/tianlong/Downloads//test/deslnszgpy.mp4,0,0.00040245758
/home/tianlong/Downloads//test/tfwdbkwvgz.mp4,0,0.00053095864
/home/tianlong/Downloads//test/ufxafdxpat.mp4,0,0.012446914
/home/tianlong/Downloads//test/lmacrzidyh.mp4,0,0.00044258463
/home/tianlong/Downloads//test/wyiajvmitt.mp4,0,0.008410395
/home/tianlong/Downloads//test/xbdnqfbxcv.mp4,0,0.0008745811
/home/tianlong/Downloads//test/mhfnldxixw.mp4,0,0.0004386358
/home/tianlong/Downloads//test/pfiigjlcct.mp4,0,0.001911393
/home/tianlong/Downloads//test/ldtibsniik.mp4,0,0.00037693934
/home/tianlong/Downloads//test/gwzttezkpv.mp4,0,0.0047773165
/home/tianlong/Downloads//test/pevmkpamhv.mp4,0,0.27398515
/home/tianlong/Downloads//test/zcfpsnaujx.mp4,0,0.0006453822
/home/tianlong/Downloads//test/slvcfpalev.mp4,0,0.0005072973
/home/tianlong/Downloads//test/ctdwtfcjei.mp4,0,0.0024293829
/home/tianlong/Downloads//test/vxwsisekmb.mp4,0,0.0033651295
/home/tianlong/Downloads//test/pkoadvlpga.mp4,0,0.00038628714
/home/tianlong/Downloads//test/ofapaanpkl.mp4,0,0.04790257
/home/tianlong/Downloads//test/huzryvwrfa.mp4,0,0.0017975854
/home/tianlong/Downloads//test/knjoasqzvt.mp4,0,0.0018716365
/home/tianlong/Downloads//test/cedpyannqf.mp4,0,0.0029202227
/home/tianlong/Downloads//test/mdwtpvlbrz.mp4,0,0.0091352565
/home/tianlong/Downloads//test/hfcxlucrbj.mp4,0,0.12492163
/home/tianlong/Downloads//test/wbsajsyaej.mp4,0,0.0005390397
/home/tianlong/Downloads//test/tbqrwehekx.mp4,0,0.0037910237
/home/tianlong/Downloads//test/shslgpeisw.mp4,0,0.000970429
/home/tianlong/Downloads//test/epgfqrvwlr.mp4,0,0.0005846896
/home/tianlong/Downloads//test/fduhwlydlg.mp4,0,0.049463257
/home/tianlong/Downloads//test/cpmridjxbc.mp4,0,0.00063273567
/home/tianlong/Downloads//test/kphflojove.mp4,0,0.0017378269
/home/tianlong/Downloads//test/hlcpwfwcyw.mp4,0,0.09710276
/home/tianlong/Downloads//test/bpeemkcxad.mp4,0,0.42963657
/home/tianlong/Downloads//test/jkadnvoqhk.mp4,0,0.067849874
/home/tianlong/Downloads//test/lzzpsosige.mp4,0,0.14213905
/home/tianlong/Downloads//test/pxtwhbaxjq.mp4,0,0.0014391254
/home/tianlong/Downloads//test/pxgcsltbuo.mp4,0,0.0010862623
/home/tianlong/Downloads//test/gmepmwcgwg.mp4,0,0.0018817695
/home/tianlong/Downloads//test/tnetytnegv.mp4,0,0.000495178
/home/tianlong/Downloads//test/sxmqvznwwq.mp4,0,0.0018109843
/home/tianlong/Downloads//test/partcfzlbj.mp4,0,0.00043807868
/home/tianlong/Downloads//test/tnkmovifrb.mp4,0,0.24087548
/home/tianlong/Downloads//test/dpgznlwvpx.mp4,0,0.000444265
/home/tianlong/Downloads//test/mbpbbekqks.mp4,0,0.059586704
/home/tianlong/Downloads//test/hdbejalgtx.mp4,0,0.11409282
/home/tianlong/Downloads//test/bmdiaytrcm.mp4,0,0.0008805057
/home/tianlong/Downloads//test/yghxoihrle.mp4,0,0.039914887
/home/tianlong/Downloads//test/vcgelshrli.mp4,0,0.0004622777
/home/tianlong/Downloads//test/yvdnbmbwyh.mp4,0,0.025505772
/home/tianlong/Downloads//test/kmakhupeac.mp4,0,0.21153878
/home/tianlong/Downloads//test/ccevbixrwu.mp4,0,0.0024323396
/home/tianlong/Downloads//test/edavfjsjzw.mp4,0,0.0015639932
/home/tianlong/Downloads//test/znmzmierff.mp4,0,0.012074099
/home/tianlong/Downloads//test/kiotoqmmfj.mp4,0,0.3815066
/home/tianlong/Downloads//test/nqctdktbtb.mp4,0,0.091807745
/home/tianlong/Downloads//test/inneixkosf.mp4,0,0.00060141855
/home/tianlong/Downloads//test/occrrsyizc.mp4,0,0.00049792347
/home/tianlong/Downloads//test/zfecmsiodq.mp4,0,0.0015885812
/home/tianlong/Downloads//test/haknpmhigp.mp4,0,0.00046411753
/home/tianlong/Downloads//test/zjbwxmmrgk.mp4,0,0.00054133276
/home/tianlong/Downloads//test/qgpabkriss.mp4,0,0.022080978
/home/tianlong/Downloads//test/liureznisp.mp4,0,0.015806822
/home/tianlong/Downloads//test/bzdywpajvr.mp4,0,0.0014680793
/home/tianlong/Downloads//test/jniytngcmy.mp4,0,0.00875764
/home/tianlong/Downloads//test/idklchvhxp.mp4,0,0.00039618704
/home/tianlong/Downloads//test/pijzjjchqn.mp4,0,0.1510502
/home/tianlong/Downloads//test/pjnsejazpl.mp4,0,0.0004003614
/home/tianlong/Downloads//test/gpaqoqegbn.mp4,0,0.0003861734
/home/tianlong/Downloads//test/xsxwrwvfkg.mp4,0,0.00051138777
/home/tianlong/Downloads//test/arwefyghir.mp4,0,0.024475716
/home/tianlong/Downloads//test/ptgvxdueef.mp4,0,0.00039107513
/home/tianlong/Downloads//test/plljpjscih.mp4,0,0.00034827032
/home/tianlong/Downloads//test/jozfaxodnx.mp4,0,0.0005524466
/home/tianlong/Downloads//test/girdwtjwsr.mp4,0,0.06335712
/home/tianlong/Downloads//test/jbaahohsns.mp4,0,0.0028787572
/home/tianlong/Downloads//test/uetfcmaryk.mp4,0,0.03988408
/home/tianlong/Downloads//test/oqbltrmhvt.mp4,0,0.09207228
/home/tianlong/Downloads//test/dvtzvkcrku.mp4,0,0.3670933
/home/tianlong/Downloads//test/qjilklnynm.mp4,0,0.00041287136
/home/tianlong/Downloads//test/tcsdjwbihw.mp4,0,0.00047910798
/home/tianlong/Downloads//test/zhftwvtutp.mp4,0,0.00040643802
/home/tianlong/Downloads//test/xgktqwvknw.mp4,0,0.00037165123
/home/tianlong/Downloads//test/cdeesuuuqz.mp4,0,0.0005309443
/home/tianlong/Downloads//test/ymngcysczs.mp4,0,0.00039833074
/home/tianlong/Downloads//test/gctyynjruz.mp4,0,0.0006174678
/home/tianlong/Downloads//test/vkirqaiuoc.mp4,0,0.00036421433
/home/tianlong/Downloads//test/ykywskdwlc.mp4,0,0.28637943
/home/tianlong/Downloads//test/verpxkucoi.mp4,0,0.0033391684
/home/tianlong/Downloads//test/gpsqelalbp.mp4,0,0.00038907022
/home/tianlong/Downloads//test/paorozwtbf.mp4,0,0.0011089294
/home/tianlong/Downloads//test/iaaecuquha.mp4,0,0.22288387
/home/tianlong/Downloads//test/lmgdjtzwau.mp4,0,0.30255765
/home/tianlong/Downloads//test/tayykmblhg.mp4,0,0.00040812057
/home/tianlong/Downloads//test/hpurahupjh.mp4,0,0.0053400192
/home/tianlong/Downloads//test/uutxmgqajd.mp4,0,0.011565386
/home/tianlong/Downloads//test/rbkcpkwhjn.mp4,0,0.0021446848
/home/tianlong/Downloads//test/wtnloygygs.mp4,0,0.00043864825
/home/tianlong/Downloads//test/biborxaekt.mp4,0,0.00046103087
/home/tianlong/Downloads//test/drlnvwvvuw.mp4,0,0.20904297
/home/tianlong/Downloads//test/axutpjywuu.mp4,0,0.0008942271
/home/tianlong/Downloads//test/jbcnsmlysc.mp4,0,0.00045810823
/home/tianlong/Downloads//test/ilzhgraxpl.mp4,0,0.00061216176
/home/tianlong/Downloads//test/cwqhzuhjol.mp4,0,0.0006964046
/home/tianlong/Downloads//test/tlzordotqw.mp4,0,0.0020581791
/home/tianlong/Downloads//test/hdauuytvhx.mp4,0,0.00084069156
/home/tianlong/Downloads//test/rtiyduycrn.mp4,0,0.05075978
/home/tianlong/Downloads//test/mdsmgzaltc.mp4,0,0.008042034
/home/tianlong/Downloads//test/mnlxxoicoo.mp4,0,0.00060810783
/home/tianlong/Downloads//test/ksfuiztwuc.mp4,0,0.003813984
/home/tianlong/Downloads//test/tpjydgkvdt.mp4,0,0.0023563376
/home/tianlong/Downloads//test/nmjesbwiux.mp4,0,0.0005448345
/home/tianlong/Downloads//test/egzfaoiuwo.mp4,0,0.00046945605
/home/tianlong/Downloads//test/ucmfbukrkj.mp4,0,0.00074212096
/home/tianlong/Downloads//test/aoqzxlwvmi.mp4,0,0.12474062
/home/tianlong/Downloads//test/zzjfzeuizr.mp4,0,0.06639617
/home/tianlong/Downloads//test/aunokqsmrt.mp4,0,0.0005175277
/home/tianlong/Downloads//test/kudvvlgiff.mp4,0,0.0004543293
/home/tianlong/Downloads//test/qqwsabrgxh.mp4,0,0.0005219682
/home/tianlong/Downloads//test/pvsslamopo.mp4,0,0.0046491795
/home/tianlong/Downloads//test/kawxnfacqs.mp4,0,0.00039579312
/home/tianlong/Downloads//test/lxeqbyddvt.mp4,0,0.0006456852
/home/tianlong/Downloads//test/zylribcaeu.mp4,0,0.0010167555
/home/tianlong/Downloads//test/sghdekqnnn.mp4,0,0.00044224501
/home/tianlong/Downloads//test/msbqgoxxlh.mp4,0,0.00073568575
/home/tianlong/Downloads//test/ubbzrfgzer.mp4,0,0.0006274813
/home/tianlong/Downloads//test/vuofhivyfs.mp4,0,0.0006218
/home/tianlong/Downloads//test/xirrbpmlja.mp4,0,0.15293781
/home/tianlong/Downloads//test/appvffejyy.mp4,0,0.00046184938
/home/tianlong/Downloads//test/nzepxsbotb.mp4,0,0.00065283984
/home/tianlong/Downloads//test/nkqkvwpghi.mp4,0,0.043776706
/home/tianlong/Downloads//test/vdvffooule.mp4,0,0.040594053
/home/tianlong/Downloads//test/rayhrvqorn.mp4,0,0.00041147997
/home/tianlong/Downloads//test/cslfapvyjv.mp4,0,0.00059515325
/home/tianlong/Downloads//test/rmygsfjyvt.mp4,0,0.0011469637
/home/tianlong/Downloads//test/yhbhhibwzo.mp4,0,0.032838617
/home/tianlong/Downloads//test/vlxfyuzygn.mp4,0,0.6154797
/home/tianlong/Downloads//test/zefqhoewww.mp4,0,0.00040517535
/home/tianlong/Downloads//test/vptrrrmhyb.mp4,0,0.11134211
/home/tianlong/Downloads//test/cefolmrrlx.mp4,0,0.00044021205
/home/tianlong/Downloads//test/xzmplldajk.mp4,0,0.0004371589
/home/tianlong/Downloads//test/hrznynemfj.mp4,0,0.00042670616
/home/tianlong/Downloads//test/tkxblcleyd.mp4,0,0.0063759596
/home/tianlong/Downloads//test/tlxgwzheli.mp4,0,0.0013879858
/home/tianlong/Downloads//test/qvgutokvct.mp4,0,0.07461765
/home/tianlong/Downloads//test/tcwyxrvdpe.mp4,0,0.0005820817
/home/tianlong/Downloads//test/jwrypvpvpx.mp4,0,0.00037714597
/home/tianlong/Downloads//test/bpyjsrjcro.mp4,0,0.104430795
/home/tianlong/Downloads//test/avteqdmbob.mp4,0,0.23579328
/home/tianlong/Downloads//test/aaivbtdyjn.mp4,0,0.002434693
/home/tianlong/Downloads//test/pokctfragw.mp4,0,0.00058167067
/home/tianlong/Downloads//test/vgdllmzjcw.mp4,0,0.0005131634
/home/tianlong/Downloads//test/zdlhavfmit.mp4,0,0.07049269
/home/tianlong/Downloads//test/yupsrmckii.mp4,0,0.22911721
/home/tianlong/Downloads//test/pobpsxjbzg.mp4,0,0.0018504587
/home/tianlong/Downloads//test/lkvouattut.mp4,0,0.00036092487
/home/tianlong/Downloads//test/anjzzdyhno.mp4,0,0.0004285994
/home/tianlong/Downloads//test/jvihmimqca.mp4,0,0.0031106172
/home/tianlong/Downloads//test/wnoitecfmf.mp4,0,0.002076594
/home/tianlong/Downloads//test/gbvllwqbjl.mp4,0,0.010041221
/home/tianlong/Downloads//test/gzabjmglim.mp4,0,0.0024947906
/home/tianlong/Downloads//test/paqcbtdulm.mp4,0,0.002149729
/home/tianlong/Downloads//test/jcbbrqaaaq.mp4,0,0.00048408136
/home/tianlong/Downloads//test/nsavbywhlu.mp4,0,0.046844844
/home/tianlong/Downloads//test/zwfebeiqat.mp4,0,0.0012227342
/home/tianlong/Downloads//test/pimrsfwcwm.mp4,0,0.00051442464
/home/tianlong/Downloads//test/mrvdmwcblt.mp4,0,0.04134552
/home/tianlong/Downloads//test/hedetzyqpu.mp4,0,0.000894402
/home/tianlong/Downloads//test/qytaiboeep.mp4,0,0.0017129323
/home/tianlong/Downloads//test/famavifufv.mp4,0,0.0006442062
/home/tianlong/Downloads//test/hnselekxwv.mp4,0,0.00053940347
/home/tianlong/Downloads//test/emgciwmtuj.mp4,0,0.0005608154
/home/tianlong/Downloads//test/wbmvbetcdm.mp4,0,0.00061371835
/home/tianlong/Downloads//test/mpvnvvihzp.mp4,0,0.17211805
/home/tianlong/Downloads//test/zelgpxflfe.mp4,0,0.007482825
/home/tianlong/Downloads//test/lhjcdavmmg.mp4,0,0.016893493
/home/tianlong/Downloads//test/rxtqqoncwj.mp4,0,0.00088987296
/home/tianlong/Downloads//test/shrpamtirw.mp4,0,0.0038177252
/home/tianlong/Downloads//test/qhzlgrtgto.mp4,0,0.00069726136
/home/tianlong/Downloads//test/uuzyzglejw.mp4,0,0.083658315
/home/tianlong/Downloads//test/bmnpqrwnex.mp4,0,0.0007811352
/home/tianlong/Downloads//test/dtssdnhgiw.mp4,0,0.0163679
/home/tianlong/Downloads//test/rlhmppiklf.mp4,0,0.009244284
/home/tianlong/Downloads//test/sswhgeqjrt.mp4,0,0.084427275
/home/tianlong/Downloads//test/emxqsgqtdz.mp4,0,0.0040402818
/home/tianlong/Downloads//test/bcwtjzsutw.mp4,0,0.92684096
/home/tianlong/Downloads//test/uomfimsutw.mp4,0,0.034102913
/home/tianlong/Downloads//test/mztlucosuc.mp4,0,0.006189926
/home/tianlong/Downloads//test/ntcfyojagi.mp4,0,0.00049731747
/home/tianlong/Downloads//test/wrbuiboyat.mp4,0,0.017681459
/home/tianlong/Downloads//test/xiqecarvpb.mp4,0,0.0005243462
/home/tianlong/Downloads//test/fcvzlzfufb.mp4,0,0.012559593
/home/tianlong/Downloads//test/savqrjnncg.mp4,0,0.0069358596
/home/tianlong/Downloads//test/icqmqztbry.mp4,0,0.0003797023
/home/tianlong/Downloads//test/zzrmokkxka.mp4,0,0.18652062
/home/tianlong/Downloads//test/btgxrrldio.mp4,0,0.011247347
/home/tianlong/Downloads//test/zdnepyqjiy.mp4,0,0.016333327
/home/tianlong/Downloads//test/fybiztpnrc.mp4,0,0.0005783714
/home/tianlong/Downloads//test/parqhrknkf.mp4,0,0.0782842
/home/tianlong/Downloads//test/tvffpggbrc.mp4,0,0.014240627
/home/tianlong/Downloads//test/rtpuwtrxsr.mp4,0,0.1275476
/home/tianlong/Downloads//test/tgmqfzsznf.mp4,0,0.0006371192
/home/tianlong/Downloads//test/eqabuehals.mp4,0,0.0012185264
/home/tianlong/Downloads//test/ikebomnsiq.mp4,0,0.004701674
/home/tianlong/Downloads//test/wfzxrfxohw.mp4,0,0.043923203
/home/tianlong/Downloads//test/dqfgwejsvm.mp4,0,0.0004373665
/home/tianlong/Downloads//test/lxadgjqzbf.mp4,0,0.09759271
/home/tianlong/Downloads//test/tdahgbtenl.mp4,0,0.14148332
/home/tianlong/Downloads//test/bivzhsmrqo.mp4,0,0.00086352817
/home/tianlong/Downloads//test/vzxluflrhn.mp4,0,0.0004380159
/home/tianlong/Downloads//test/ikmsdmynbf.mp4,0,0.0007504888
/home/tianlong/Downloads//test/kuqbgbrypa.mp4,0,0.20817594
/home/tianlong/Downloads//test/nfstajzaot.mp4,0,0.00047401723
/home/tianlong/Downloads//test/dultiznosk.mp4,0,0.0004098676
/home/tianlong/Downloads//test/ckqfqernbf.mp4,0,0.0011685095
/home/tianlong/Downloads//test/kbdwudhhwf.mp4,0,0.00057041715
/home/tianlong/Downloads//test/hqpjmwyygq.mp4,0,0.0004030736
/home/tianlong/Downloads//test/tjyuudtkme.mp4,0,0.001893775
/home/tianlong/Downloads//test/tihgxlmfcj.mp4,0,0.00046857397
/home/tianlong/Downloads//test/sgdnbofecu.mp4,0,0.040235322
/home/tianlong/Downloads//test/pgamqeolau.mp4,0,0.015677454
/home/tianlong/Downloads//test/ijeqomctsa.mp4,0,0.0017085368
/home/tianlong/Downloads//test/ppruxbqpmc.mp4,0,0.0004612971
/home/tianlong/Downloads//test/hkvfyeacje.mp4,0,0.042595137
/home/tianlong/Downloads//test/zqrzqekofe.mp4,0,0.020719858
/home/tianlong/Downloads//test/iwzbgmtsuh.mp4,0,0.0007368852
/home/tianlong/Downloads//test/dbixwxtuxs.mp4,0,0.0107612265
/home/tianlong/Downloads//test/cepqcoseaj.mp4,0,0.019597707
/home/tianlong/Downloads//test/gypapuqdrx.mp4,0,0.055289615
/home/tianlong/Downloads//test/djhhnixfyi.mp4,0,0.0018514767
/home/tianlong/Downloads//test/fkarxowzuf.mp4,0,0.003728871
/home/tianlong/Downloads//test/gfxnuidfgl.mp4,0,0.0007684568
/home/tianlong/Downloads//test/vsreebjsfs.mp4,0,0.016905773
/home/tianlong/Downloads//test/manqchicur.mp4,0,0.18147552
/home/tianlong/Downloads//test/gztffgsxpt.mp4,0,0.0033074676
/home/tianlong/Downloads//test/jdzkykqgsx.mp4,0,0.0032572513
/home/tianlong/Downloads//test/cvbubcwkkl.mp4,0,0.0003997795
/home/tianlong/Downloads//test/bgqhldvsgc.mp4,0,0.00038297696
/home/tianlong/Downloads//test/blqgpxokwq.mp4,0,0.06429268
/home/tianlong/Downloads//test/cxvayntesu.mp4,0,0.0010140742
/home/tianlong/Downloads//test/dxepehnhgm.mp4,0,0.020957999
/home/tianlong/Downloads//test/bcgjlsupne.mp4,0,0.0005749762
/home/tianlong/Downloads//test/uhynwthfhf.mp4,0,0.3111187
/home/tianlong/Downloads//test/gocrdvihos.mp4,0,0.00069484435
/home/tianlong/Downloads//test/gtyvtbojpp.mp4,0,0.00053639745
/home/tianlong/Downloads//test/eqtwkqxolz.mp4,0,0.0004589354
/home/tianlong/Downloads//test/arwiyweadv.mp4,0,0.07359285
/home/tianlong/Downloads//test/mlizcisxro.mp4,0,0.0006710501
/home/tianlong/Downloads//test/miiymgajty.mp4,0,0.0030285066
/home/tianlong/Downloads//test/ragjclplkx.mp4,0,0.02458834
/home/tianlong/Downloads//test/wxrfuemtxj.mp4,0,0.00088380853
/home/tianlong/Downloads//test/xxupwwukoh.mp4,0,0.00036233058
/home/tianlong/Downloads//test/qdantvtdji.mp4,0,0.004777433
/home/tianlong/Downloads//test/oqehnuhbwa.mp4,0,0.0005423706
/home/tianlong/Downloads//test/yzqbwkwxsn.mp4,0,0.008928907
/home/tianlong/Downloads//test/osjaqtkkdt.mp4,0,0.00044387215
/home/tianlong/Downloads//test/nthlmvjxac.mp4,0,0.0006847062
/home/tianlong/Downloads//test/dpegbdzijf.mp4,0,0.0022631257
/home/tianlong/Downloads//test/ezgusylcyf.mp4,0,0.0023802782
/home/tianlong/Downloads//test/isxxybhuls.mp4,0,0.18641146
/home/tianlong/Downloads//test/dbqbwrcvjk.mp4,0,0.1396595
/home/tianlong/Downloads//test/qqrvyhjznq.mp4,0,0.0010614701
/home/tianlong/Downloads//test/ohdtmpzbtp.mp4,0,0.0032794557
/home/tianlong/Downloads//test/oupztxzdln.mp4,0,0.00040199535
/home/tianlong/Downloads//test/snidpujjti.mp4,0,0.011456825
/home/tianlong/Downloads//test/yoxdseoukl.mp4,0,0.16568942
/home/tianlong/Downloads//test/bxsdnqizii.mp4,0,0.0011849444
/home/tianlong/Downloads//test/ihszkmcwvw.mp4,0,0.00054661836
/home/tianlong/Downloads//test/rgrqhjtoby.mp4,0,0.0013463609
/home/tianlong/Downloads//test/vqibhetnwa.mp4,0,0.20841622
/home/tianlong/Downloads//test/rkqqgwurqt.mp4,0,0.00047037052
/home/tianlong/Downloads//test/axdepsfowg.mp4,0,0.00057422265
/home/tianlong/Downloads//test/dcpmipuapc.mp4,0,0.008736319
/home/tianlong/Downloads//test/ncjqganhal.mp4,0,0.0071252887
/home/tianlong/Downloads//test/qnbnlmpqpu.mp4,0,0.006826391
/home/tianlong/Downloads//test/ieoervpooz.mp4,0,0.00039851514
/home/tianlong/Downloads//test/fscyfygpyk.mp4,0,0.0011757181
/home/tianlong/Downloads//test/pitpjawwwp.mp4,0,0.0044074613
/home/tianlong/Downloads//test/geturetbpy.mp4,0,0.0009978634
/home/tianlong/Downloads//test/kwsraaqime.mp4,0,0.00082489144
/home/tianlong/Downloads//test/lhgoghqmub.mp4,0,0.001637422
/home/tianlong/Downloads//test/kdmonvkpqd.mp4,0,0.0421475
/home/tianlong/Downloads//test/wrcelewmpa.mp4,0,0.073041566
/home/tianlong/Downloads//test/bxqgvzamnx.mp4,0,0.0009855904
/home/tianlong/Downloads//test/nliofvksed.mp4,0,0.017027246
/home/tianlong/Downloads//test/mwjnvghsbe.mp4,0,0.0068295146
/home/tianlong/Downloads//test/ygiscbckjl.mp4,0,0.0008720423
/home/tianlong/Downloads//test/wscclwhfsr.mp4,0,0.085673034
/home/tianlong/Downloads//test/hddminxrhw.mp4,0,0.018201316
/home/tianlong/Downloads//test/ncrkggcdqp.mp4,0,0.0011269161
/home/tianlong/Downloads//test/xjinzawywt.mp4,0,0.0061169104
/home/tianlong/Downloads//test/korrsqtkke.mp4,0,0.002253108
/home/tianlong/Downloads//test/tskjnnvjsa.mp4,0,0.00048485186
/home/tianlong/Downloads//test/tyjxmknivy.mp4,0,0.020538213
/home/tianlong/Downloads//test/qyvqrtscbk.mp4,0,0.0006600044
/home/tianlong/Downloads//test/kxnybtbpkl.mp4,0,0.0003853965
/home/tianlong/Downloads//test/wiqtkqwfsw.mp4,0,0.06662389
/home/tianlong/Downloads//test/bevjclbhuo.mp4,0,0.00077304896
/home/tianlong/Downloads//test/shwulrbsfx.mp4,0,0.5786242
/home/tianlong/Downloads//test/mohtuktaaq.mp4,0,0.0010932701
/home/tianlong/Downloads//test/fwsypadiom.mp4,0,0.3533163
/home/tianlong/Downloads//test/buywrbgfqy.mp4,0,0.0004989826
/home/tianlong/Downloads//test/bljpdykszf.mp4,0,0.0017134513
/home/tianlong/Downloads//test/ztxdkcoxvx.mp4,0,0.0023531576
/home/tianlong/Downloads//test/oqeoibjbim.mp4,0,0.0003756118
/home/tianlong/Downloads//test/szwhgmrrhm.mp4,0,0.0025971774
/home/tianlong/Downloads//test/xnydmgdhum.mp4,0,0.23447348
/home/tianlong/Downloads//test/fltaysfwct.mp4,0,0.0014119466
/home/tianlong/Downloads//test/akdvkdoyoh.mp4,0,0.0053479746
/home/tianlong/Downloads//test/ftfemkjnot.mp4,0,0.2462302
/home/tianlong/Downloads//test/gmbckelbzp.mp4,0,0.009726602
/home/tianlong/Downloads//test/jjzveabagf.mp4,0,0.00057073997
/home/tianlong/Downloads//test/dfqwasrdvq.mp4,0,0.28896564
/home/tianlong/Downloads//test/diskzkrrph.mp4,0,0.015943987
/home/tianlong/Downloads//test/jtwpwdqmxz.mp4,0,0.0034231122
/home/tianlong/Downloads//test/qivnumuetu.mp4,0,0.00043109266
/home/tianlong/Downloads//test/blmuzhjygg.mp4,0,0.00037238435
/home/tianlong/Downloads//test/sbxlfehzjc.mp4,0,0.017146949
/home/tianlong/Downloads//test/tcwhwssdnv.mp4,0,0.0017668217
/home/tianlong/Downloads//test/bkbokyebco.mp4,0,0.00066641375
/home/tianlong/Downloads//test/vojsghpebv.mp4,0,0.00076756463
/home/tianlong/Downloads//test/opuhoerhxb.mp4,0,0.005733298
/home/tianlong/Downloads//test/mmhdcoqsve.mp4,0,0.004167937
/home/tianlong/Downloads//test/ewxddjqzml.mp4,0,0.013713181
/home/tianlong/Downloads//test/dznchaiaqh.mp4,0,0.040202472
/home/tianlong/Downloads//test/mloeefokyq.mp4,0,0.00048663156
/home/tianlong/Downloads//test/fgkpembbpv.mp4,0,0.0005908
/home/tianlong/Downloads//test/orqafstesq.mp4,0,0.00061171025
/home/tianlong/Downloads//test/ckgabgjnca.mp4,0,0.00045237577
/home/tianlong/Downloads//test/iuvhrgckrt.mp4,0,0.3548573
/home/tianlong/Downloads//test/vlzwcejywm.mp4,0,0.00050901476
/home/tianlong/Downloads//test/cpucjmfawf.mp4,0,0.11075614
/home/tianlong/Downloads//test/ekvhyeycpr.mp4,0,0.007775605
/home/tianlong/Downloads//test/tazlckybzu.mp4,0,0.00040606168
/home/tianlong/Downloads//test/clxgzkdgta.mp4,0,0.009022984
/home/tianlong/Downloads//test/zlfbumxcxs.mp4,0,0.0003871038
/home/tianlong/Downloads//test/plhcceboag.mp4,0,0.0004889085
/home/tianlong/Downloads//test/extihvlsxg.mp4,0,0.00040836647
/home/tianlong/Downloads//test/olebnvxoyl.mp4,0,0.0004881038
/home/tianlong/Downloads//test/opdqcwqxzy.mp4,0,0.0005446705
/home/tianlong/Downloads//test/stwaypekwh.mp4,0,0.0012586538
/home/tianlong/Downloads//test/xogwctpikv.mp4,0,0.0037519184
/home/tianlong/Downloads//test/cjiwxfwcit.mp4,0,0.015607174
/home/tianlong/Downloads//test/txshgvrava.mp4,0,0.00044515528
/home/tianlong/Downloads//test/ggpuxwhpri.mp4,0,0.0007096498
/home/tianlong/Downloads//test/jlxnzxtopm.mp4,0,0.01980423
/home/tianlong/Downloads//test/thjugpbwcv.mp4,0,0.40354514
/home/tianlong/Downloads//test/pkititkein.mp4,0,0.00053831725
/home/tianlong/Downloads//test/hjiwmybauf.mp4,0,0.0006798411
/home/tianlong/Downloads//test/efazuieysm.mp4,0,0.017709821
/home/tianlong/Downloads//test/tdzsgrdneg.mp4,0,0.00086957286
/home/tianlong/Downloads//test/mkxmvreoth.mp4,0,0.00059915014
/home/tianlong/Downloads//test/ofbjiuemkr.mp4,0,0.009389835
/home/tianlong/Downloads//test/dogotzkdiw.mp4,0,0.00049079483
/home/tianlong/Downloads//test/qdmvzknbua.mp4,0,0.0006137795
/home/tianlong/Downloads//test/pnauelqbxq.mp4,0,0.00040944348
/home/tianlong/Downloads//test/sytddqezij.mp4,0,0.060955685
/home/tianlong/Downloads//test/bhpddnqauc.mp4,0,0.00044045795
/home/tianlong/Downloads//test/imtkdzkypf.mp4,0,0.0068989806
/home/tianlong/Downloads//test/kbodjivgqu.mp4,0,0.017096208
/home/tianlong/Downloads//test/qtxraeaxeh.mp4,0,0.0005789032
/home/tianlong/Downloads//test/uaxmqpmswz.mp4,0,0.00061964215
/home/tianlong/Downloads//test/qlbapiibba.mp4,0,0.004936092
/home/tianlong/Downloads//test/mzurunkulx.mp4,0,0.0007382468
/home/tianlong/Downloads//test/aujoxrpddn.mp4,0,0.00037216465
/home/tianlong/Downloads//test/ebenvuuxld.mp4,0,0.0004340073
/home/tianlong/Downloads//test/fsfjlwwsen.mp4,0,0.18522377
/home/tianlong/Downloads//test/zwgaptzuqt.mp4,0,0.0017216336
/home/tianlong/Downloads//test/gldpafckwo.mp4,0,0.009384548
/home/tianlong/Downloads//test/nvkzpexyzg.mp4,0,0.39348307
/home/tianlong/Downloads//test/vnrmxwtsmf.mp4,0,0.00038884007
/home/tianlong/Downloads//test/hmofiqjzxe.mp4,0,0.0024727203
/home/tianlong/Downloads//test/ucryyubbqk.mp4,0,0.27694538
/home/tianlong/Downloads//test/gwqdrapybq.mp4,0,0.018525837
/home/tianlong/Downloads//test/avttogwbyz.mp4,0,0.0015154528
/home/tianlong/Downloads//test/hbmvxgonmq.mp4,0,0.0022475417
/home/tianlong/Downloads//test/gxxlbjuyza.mp4,0,0.00038739957
/home/tianlong/Downloads//test/jhzozsurac.mp4,0,0.07454733
/home/tianlong/Downloads//test/opyqudaics.mp4,0,0.005007552
/home/tianlong/Downloads//test/vigbdgmudk.mp4,0,0.00042399883
/home/tianlong/Downloads//test/viidhkoxyv.mp4,0,0.00092125573
/home/tianlong/Downloads//test/dmpvbeyuqb.mp4,0,0.16464613
/home/tianlong/Downloads//test/wgycqahjww.mp4,0,0.0015056044
/home/tianlong/Downloads//test/wwgmzeavbd.mp4,0,0.0016196003
/home/tianlong/Downloads//test/qtqyglbdem.mp4,0,0.00064352766
/home/tianlong/Downloads//test/nqynuhnklk.mp4,0,0.00036247846
/home/tianlong/Downloads//test/jygbqsigcr.mp4,0,0.00791492
/home/tianlong/Downloads//test/nsozqvhalr.mp4,0,0.0022053097
/home/tianlong/Downloads//test/yvmrwdyxby.mp4,0,0.0015164753
/home/tianlong/Downloads//test/kvhbyuklfv.mp4,0,0.009785527
/home/tianlong/Downloads//test/iwnfvkmktq.mp4,0,0.1669393
/home/tianlong/Downloads//test/qzfmctgxcs.mp4,0,0.003078495
/home/tianlong/Downloads//test/vhipamioud.mp4,0,0.012199058
/home/tianlong/Downloads//test/lmbvoxhowe.mp4,0,0.0034086772
/home/tianlong/Downloads//test/ziqjamfzlv.mp4,0,0.11652446
/home/tianlong/Downloads//test/kqnwutdvpd.mp4,0,0.0019118963
/home/tianlong/Downloads//test/lucpbeexdk.mp4,0,0.0173267
/home/tianlong/Downloads//test/pnotaniiuh.mp4,0,0.21119045
/home/tianlong/Downloads//test/qohtjkzity.mp4,0,0.0027763527
/home/tianlong/Downloads//test/bkjhfcvsig.mp4,0,0.0007632307
/home/tianlong/Downloads//test/kpcrdurodw.mp4,0,0.173425
/home/tianlong/Downloads//test/nmphdbflzj.mp4,0,0.0036520034
/home/tianlong/Downloads//test/fmsxomanga.mp4,0,0.0034318622
/home/tianlong/Downloads//test/tgwpcoljin.mp4,0,0.0010633714
/home/tianlong/Downloads//test/foynwjsqeh.mp4,0,0.008903391
/home/tianlong/Downloads//test/vdqritvjfl.mp4,0,0.000523508
/home/tianlong/Downloads//test/egyemqrvna.mp4,0,0.24049807
/home/tianlong/Downloads//test/xrtmepdfyh.mp4,0,0.036793347
/home/tianlong/Downloads//test/zfgjechdto.mp4,0,0.0004934141
/home/tianlong/Downloads//test/jujpqsrgll.mp4,0,0.00059513113
/home/tianlong/Downloads//test/iakzgqqova.mp4,0,0.002677234
/home/tianlong/Downloads//test/fqdklzzkfj.mp4,0,0.01096607
/home/tianlong/Downloads//test/dnfnxwbsoi.mp4,0,0.0005494388
/home/tianlong/Downloads//test/lynaeydofd.mp4,0,0.00042883158
/home/tianlong/Downloads//test/relrfifywa.mp4,0,0.00049846654
/home/tianlong/Downloads//test/imsacxixmv.mp4,0,0.012123898
/home/tianlong/Downloads//test/rfbwukxpye.mp4,0,0.0008371426
/home/tianlong/Downloads//test/atixaudngu.mp4,0,0.001486678
/home/tianlong/Downloads//test/tcychsyltm.mp4,0,0.00037231794
/home/tianlong/Downloads//test/kifyfzqzjj.mp4,0,0.2576497
/home/tianlong/Downloads//test/irjbukzjqt.mp4,0,0.0023476335
/home/tianlong/Downloads//test/jmkkbkvbjo.mp4,0,0.120123364
/home/tianlong/Downloads//test/gflhlvhqyl.mp4,0,0.0033492052
/home/tianlong/Downloads//test/myebjqbxsl.mp4,0,0.0009018227
/home/tianlong/Downloads//test/mqeqiytluf.mp4,0,0.0003582225
/home/tianlong/Downloads//test/zbsjlcsetv.mp4,0,0.000521131
/home/tianlong/Downloads//test/lzmxqxrruv.mp4,0,0.02527525
/home/tianlong/Downloads//test/neotrnwthu.mp4,0,0.00035472075
/home/tianlong/Downloads//test/vwigtbeivy.mp4,0,0.08396739
/home/tianlong/Downloads//test/ldtscpryms.mp4,0,0.013663906
/home/tianlong/Downloads//test/sjgmmecazy.mp4,0,0.0008227627
/home/tianlong/Downloads//test/jkrbsekajk.mp4,0,0.0009492524
/home/tianlong/Downloads//test/iahzcxmuck.mp4,0,0.08316856
/home/tianlong/Downloads//test/cteqlloxwu.mp4,0,0.0009922457
/home/tianlong/Downloads//test/pgqxsteufx.mp4,0,0.013205585
/home/tianlong/Downloads//test/cmuzrrlaiy.mp4,1,0.9775715
/home/tianlong/Downloads//test/jxeqhujuvh.mp4,1,0.47983536
/home/tianlong/Downloads//test/ntaqujyzes.mp4,1,0.99970835
/home/tianlong/Downloads//test/ghxzsygiou.mp4,1,0.9988796
/home/tianlong/Downloads//test/lvxzjwiklq.mp4,1,0.7888279
/home/tianlong/Downloads//test/wlyvvvjgnv.mp4,1,0.85885596
/home/tianlong/Downloads//test/hexxuigzdl.mp4,1,0.346895
/home/tianlong/Downloads//test/zynrdvlrwv.mp4,1,0.99992996
/home/tianlong/Downloads//test/kbvqzihgan.mp4,1,0.99931175
/home/tianlong/Downloads//test/razacdewcv.mp4,1,0.68895346
/home/tianlong/Downloads//test/tjlrvidbxw.mp4,1,0.6992561
/home/tianlong/Downloads//test/gcbyurxhbz.mp4,1,0.998522
/home/tianlong/Downloads//test/xticvyqqjn.mp4,1,0.9809578
/home/tianlong/Downloads//test/gqpayiddqv.mp4,1,0.92376333
/home/tianlong/Downloads//test/zmrnjhfxed.mp4,1,0.73504835
/home/tianlong/Downloads//test/slpxqmwuqm.mp4,1,0.69177794
/home/tianlong/Downloads//test/upwsvjdtgo.mp4,1,0.17502795
/home/tianlong/Downloads//test/zpnjiswgdt.mp4,1,0.1329159
/home/tianlong/Downloads//test/rayxtqfosv.mp4,1,0.9993706
/home/tianlong/Downloads//test/cfhoqpdzqb.mp4,1,0.999909
/home/tianlong/Downloads//test/okyufzgvay.mp4,1,0.9005161
/home/tianlong/Downloads//test/wgyxtquovo.mp4,1,0.5941244
/home/tianlong/Downloads//test/kicgvgukqs.mp4,1,0.8058958
/home/tianlong/Downloads//test/aolhuwcdwv.mp4,1,0.9054567
/home/tianlong/Downloads//test/clzcvdsuyp.mp4,1,0.686197
/home/tianlong/Downloads//test/jibhugdfbs.mp4,1,0.66154313
/home/tianlong/Downloads//test/kfiszsbzob.mp4,1,0.999772
/home/tianlong/Downloads//test/mgwtoqonaf.mp4,1,0.16720128
/home/tianlong/Downloads//test/buzqmuifod.mp4,1,0.60445684
/home/tianlong/Downloads//test/bofmetrgfm.mp4,1,0.99919015
/home/tianlong/Downloads//test/chlshvbday.mp4,1,0.7818443
/home/tianlong/Downloads//test/vxcjkgerao.mp4,1,0.61939734
/home/tianlong/Downloads//test/qxwqqhruvz.mp4,1,0.70556706
/home/tianlong/Downloads//test/hytdcdixlv.mp4,1,0.998251
/home/tianlong/Downloads//test/buejhiahpy.mp4,1,0.9833679
/home/tianlong/Downloads//test/omotodymgb.mp4,1,0.8664735
/home/tianlong/Downloads//test/gmcvyrferj.mp4,1,0.997902
/home/tianlong/Downloads//test/ycoaclsdov.mp4,1,0.4247241
/home/tianlong/Downloads//test/scaljzcpcf.mp4,1,0.3038123
/home/tianlong/Downloads//test/uhbxhharht.mp4,1,0.759075
/home/tianlong/Downloads//test/tmmakbzbqw.mp4,1,0.97220707
/home/tianlong/Downloads//test/mvfvefsgik.mp4,1,0.99985623
/home/tianlong/Downloads//test/inesnaprwm.mp4,1,0.9977498
/home/tianlong/Downloads//test/qqxelyjmmw.mp4,1,0.8521855
/home/tianlong/Downloads//test/dllkubdbbd.mp4,1,0.98165363
/home/tianlong/Downloads//test/ttnajmkchw.mp4,1,0.9227033
/home/tianlong/Downloads//test/kaffwaiexj.mp4,1,0.98829955
/home/tianlong/Downloads//test/dpfuqzdtrs.mp4,1,0.978612
/home/tianlong/Downloads//test/hfvexodpht.mp4,1,0.9823561
/home/tianlong/Downloads//test/vmxjsdkuju.mp4,1,0.9729274
/home/tianlong/Downloads//test/afaxsgqksm.mp4,1,0.7301843
/home/tianlong/Downloads//test/pgkipgmpgm.mp4,1,0.96266824
/home/tianlong/Downloads//test/ltkesswcyn.mp4,1,0.9587827
/home/tianlong/Downloads//test/dffkcrccsj.mp4,1,0.7494877
/home/tianlong/Downloads//test/svtnilogao.mp4,1,0.00930675
/home/tianlong/Downloads//test/bzobkqewtt.mp4,1,0.99454004
/home/tianlong/Downloads//test/vemnbnqoqk.mp4,1,0.32162952
/home/tianlong/Downloads//test/nobrvdftmd.mp4,1,0.7556367
/home/tianlong/Downloads//test/qepgiaxgpc.mp4,1,0.9755321
/home/tianlong/Downloads//test/bogjubshbr.mp4,1,0.9992617
/home/tianlong/Downloads//test/uyoqozgdcy.mp4,1,0.9638614
/home/tianlong/Downloads//test/cvmmtklgst.mp4,1,0.513714
/home/tianlong/Downloads//test/qharxzhzpl.mp4,1,0.86322075
/home/tianlong/Downloads//test/sprejlmapw.mp4,1,0.25779203
/home/tianlong/Downloads//test/crzrsezocr.mp4,1,0.99915045
/home/tianlong/Downloads//test/wyqhadmmcy.mp4,1,0.99990803
/home/tianlong/Downloads//test/jrjxehotww.mp4,1,0.97064686
/home/tianlong/Downloads//test/xctpdujlok.mp4,1,0.63167876
/home/tianlong/Downloads//test/hfspenqmpw.mp4,1,0.99964553
/home/tianlong/Downloads//test/jkfukzcjxd.mp4,1,0.9999345
/home/tianlong/Downloads//test/knafngkgen.mp4,1,0.73636454
/home/tianlong/Downloads//test/tswmtnhfmn.mp4,1,0.8544367
/home/tianlong/Downloads//test/qoasfzksgo.mp4,1,0.9999177
/home/tianlong/Downloads//test/hnrzuoqnkz.mp4,1,0.42780554
/home/tianlong/Downloads//test/nussrkyuzy.mp4,1,0.58098286
/home/tianlong/Downloads//test/ciwzwmlyxz.mp4,1,0.9930985
/home/tianlong/Downloads//test/dbauiiupef.mp4,1,0.73626333
/home/tianlong/Downloads//test/ywxfnlxtjg.mp4,1,0.99877053
/home/tianlong/Downloads//test/pryqgrbtnu.mp4,1,0.028978363
/home/tianlong/Downloads//test/mbjpaydogy.mp4,1,0.79624027
/home/tianlong/Downloads//test/ihdopxhysr.mp4,1,0.99915266
/home/tianlong/Downloads//test/rgasvymjrj.mp4,1,0.8657302
/home/tianlong/Downloads//test/eclpgjjies.mp4,1,0.7568428
/home/tianlong/Downloads//test/kxptuwngop.mp4,1,0.07598811
/home/tianlong/Downloads//test/uaqvffouxp.mp4,1,0.9992668
/home/tianlong/Downloads//test/xvqzzgoabm.mp4,1,0.99775124
/home/tianlong/Downloads//test/tkgbjtcxyl.mp4,1,0.70004493
/home/tianlong/Downloads//test/xlnaxrwvcx.mp4,1,0.99339813
/home/tianlong/Downloads//test/kphfzaullq.mp4,1,0.30114996
/home/tianlong/Downloads//test/rkezgzxnoo.mp4,1,0.01722428
/home/tianlong/Downloads//test/fromclsodq.mp4,1,0.9698456
/home/tianlong/Downloads//test/nrscfrjxpb.mp4,1,0.9999294
/home/tianlong/Downloads//test/ygobagrhmg.mp4,1,0.85759854
/home/tianlong/Downloads//test/hisfrixnbu.mp4,1,0.8672517
/home/tianlong/Downloads//test/duzueyonao.mp4,1,0.9415236
/home/tianlong/Downloads//test/gkknsyqbnz.mp4,1,0.38624027
/home/tianlong/Downloads//test/tmgdrjjalz.mp4,1,0.98685163
/home/tianlong/Downloads//test/iajblozgtx.mp4,1,0.5009236
/home/tianlong/Downloads//test/ahkcchuwqq.mp4,1,0.8346932
/home/tianlong/Downloads//test/zmfiveruie.mp4,1,0.9915641
/home/tianlong/Downloads//test/xptgnpgfkn.mp4,1,0.4640336
/home/tianlong/Downloads//test/aebhowazav.mp4,1,0.2517353
/home/tianlong/Downloads//test/geulcwvfuy.mp4,1,0.3160735
/home/tianlong/Downloads//test/glzyifzrql.mp4,1,0.8892115
/home/tianlong/Downloads//test/wvmrsucbsq.mp4,1,0.9976503
/home/tianlong/Downloads//test/moetggyxsc.mp4,1,0.9841971
/home/tianlong/Downloads//test/jfvnwpcjrm.mp4,1,0.95238894
/home/tianlong/Downloads//test/kaggpclkjm.mp4,1,0.99487096
/home/tianlong/Downloads//test/nacldwtuwp.mp4,1,0.9996218
/home/tianlong/Downloads//test/upwyvqbjlq.mp4,1,0.99977016
/home/tianlong/Downloads//test/tdmyjvptzv.mp4,1,0.8579151
/home/tianlong/Downloads//test/fzurflflwv.mp4,1,0.8788217
/home/tianlong/Downloads//test/aakjukgjme.mp4,1,0.8347788
/home/tianlong/Downloads//test/ypepsyuwmo.mp4,1,0.04039879
/home/tianlong/Downloads//test/qxhyhhkywc.mp4,1,0.96646976
/home/tianlong/Downloads//test/iqvfopywpa.mp4,1,0.24182229
/home/tianlong/Downloads//test/xfncslssic.mp4,1,0.6792882
/home/tianlong/Downloads//test/jesstfspwv.mp4,1,0.99649745
/home/tianlong/Downloads//test/xiraodtgnt.mp4,1,0.9991681
/home/tianlong/Downloads//test/xeuzubpylq.mp4,1,0.3939184
/home/tianlong/Downloads//test/xszpbtciwo.mp4,1,0.9575719
/home/tianlong/Downloads//test/fkksbgaibl.mp4,1,0.99917144
/home/tianlong/Downloads//test/ntqzfgmhnj.mp4,1,0.9998072
/home/tianlong/Downloads//test/bizbjxafzr.mp4,1,0.7941098
/home/tianlong/Downloads//test/bxfwiuvafo.mp4,1,0.8212597
/home/tianlong/Downloads//test/jfcglbovmo.mp4,1,0.66333205
/home/tianlong/Downloads//test/odidbykbar.mp4,1,0.9993393
/home/tianlong/Downloads//test/qarbtmjwhm.mp4,1,0.996624
/home/tianlong/Downloads//test/jeierullea.mp4,1,0.87522537
/home/tianlong/Downloads//test/lrckqkzekj.mp4,1,0.95719415
/home/tianlong/Downloads//test/riizlqngim.mp4,1,0.27140546
/home/tianlong/Downloads//test/lmcnonfhgz.mp4,1,0.7816603
/home/tianlong/Downloads//test/lkhszpabzv.mp4,1,0.67859226
/home/tianlong/Downloads//test/njqbwiajss.mp4,1,0.857686
/home/tianlong/Downloads//test/ksqybmrwyg.mp4,1,0.9982119
/home/tianlong/Downloads//test/dxphlwcvan.mp4,1,0.999535
/home/tianlong/Downloads//test/dgjssccxhx.mp4,1,0.9999581
/home/tianlong/Downloads//test/sbfxzmhzyv.mp4,1,0.99966115
/home/tianlong/Downloads//test/rlvgpdrgvi.mp4,1,0.9779792
/home/tianlong/Downloads//test/uzdmxmfcqe.mp4,1,0.9995504
/home/tianlong/Downloads//test/afixxjdxef.mp4,1,0.91897756
/home/tianlong/Downloads//test/fwvxtssltw.mp4,1,0.083503276
/home/tianlong/Downloads//test/jyzlvivrmr.mp4,1,0.74111015
/home/tianlong/Downloads//test/byavookkdu.mp4,1,0.86059904
/home/tianlong/Downloads//test/agyawnxlmv.mp4,1,0.13973759
/home/tianlong/Downloads//test/zjoonppreb.mp4,1,0.83876354
/home/tianlong/Downloads//test/sjzwpqupnm.mp4,1,0.5736616
/home/tianlong/Downloads//test/pobrnbspcf.mp4,1,0.8962609
/home/tianlong/Downloads//test/qdkpphviay.mp4,1,0.500135
/home/tianlong/Downloads//test/nbyaxzmueg.mp4,1,0.84923404
/home/tianlong/Downloads//test/vfszaqentw.mp4,1,0.62194204
/home/tianlong/Downloads//test/fosovipqkg.mp4,1,0.71528155
/home/tianlong/Downloads//test/grwcxofqrx.mp4,1,0.48756793
/home/tianlong/Downloads//test/koqxhnmkjl.mp4,1,0.80048126
/home/tianlong/Downloads//test/xkukyjokbg.mp4,1,0.99977636
/home/tianlong/Downloads//test/fmnzbwtjep.mp4,1,0.86662036
/home/tianlong/Downloads//test/aruyyclubn.mp4,1,0.7027388
/home/tianlong/Downloads//test/eluhuvocwr.mp4,1,0.44892088
/home/tianlong/Downloads//test/iiwffwiyrg.mp4,1,0.6649093
/home/tianlong/Downloads//test/fsbabrxhqy.mp4,1,0.09267765
/home/tianlong/Downloads//test/ymqadbkafj.mp4,1,0.9991262
/home/tianlong/Downloads//test/nptmqvfuhz.mp4,1,0.9708
/home/tianlong/Downloads//test/usjnlahlcj.mp4,1,0.53425306
/home/tianlong/Downloads//test/hbozjjcafn.mp4,1,0.38592193
/home/tianlong/Downloads//test/cizxmeztny.mp4,1,0.9750385
/home/tianlong/Downloads//test/syxlmynhsi.mp4,1,0.9778783
/home/tianlong/Downloads//test/ezadehoecy.mp4,1,0.99978137
/home/tianlong/Downloads//test/fpliemtlco.mp4,1,0.99865466
/home/tianlong/Downloads//test/arflgfcnkg.mp4,1,0.12881038
/home/tianlong/Downloads//test/occelhylxf.mp4,1,0.65445966
/home/tianlong/Downloads//test/uqntkvpntd.mp4,1,0.95847034
/home/tianlong/Downloads//test/iatevqworc.mp4,1,0.5296462
/home/tianlong/Downloads//test/xzsmgydcub.mp4,1,0.99979615
/home/tianlong/Downloads//test/qbffpkpmkf.mp4,1,0.9976905
/home/tianlong/Downloads//test/pzbpgfmroj.mp4,1,0.98751473
/home/tianlong/Downloads//test/oundixpyst.mp4,1,0.9993925
/home/tianlong/Downloads//test/hnxhwfttpy.mp4,1,0.9649348
/home/tianlong/Downloads//test/rdjwlvvwtv.mp4,1,0.9921241
/home/tianlong/Downloads//test/tcmstiljkk.mp4,1,0.74262005
/home/tianlong/Downloads//test/qbfdtumuct.mp4,1,0.9413326
/home/tianlong/Downloads//test/mxnquwuszt.mp4,1,0.6196933
/home/tianlong/Downloads//test/sjooumwlzb.mp4,1,0.87255526
/home/tianlong/Downloads//test/twhwouycfg.mp4,1,0.8659222
/home/tianlong/Downloads//test/wytpaehszj.mp4,1,0.85205334
/home/tianlong/Downloads//test/srtwhbzzlr.mp4,1,0.95036155
/home/tianlong/Downloads//test/jqjfpkuckf.mp4,1,0.108154155
/home/tianlong/Downloads//test/yxjjfaekev.mp4,1,0.42407906
/home/tianlong/Downloads//test/cyokqrzbol.mp4,1,0.99967474
/home/tianlong/Downloads//test/mtilpvablx.mp4,1,0.8056123
/home/tianlong/Downloads//test/njwsmltmvb.mp4,1,0.72863156
/home/tianlong/Downloads//test/xkksfulade.mp4,1,0.9070384
/home/tianlong/Downloads//test/dtfgsvfmjq.mp4,1,0.9921615
/home/tianlong/Downloads//test/onaewxqqkd.mp4,1,0.23147847
/home/tianlong/Downloads//test/pazpnfrbbc.mp4,1,0.76723367
/home/tianlong/Downloads//test/kgowzoxjfq.mp4,1,0.17690454
/home/tianlong/Downloads//test/ltdwtgrads.mp4,1,0.9819811
/home/tianlong/Downloads//test/znistrajpw.mp4,1,0.9927271
/home/tianlong/Downloads//test/yfhzmfhojv.mp4,1,0.9709191
/home/tianlong/Downloads//test/spkorcenyh.mp4,1,0.94884557
/home/tianlong/Downloads//test/axopbbxwzr.mp4,1,0.4172651
/home/tianlong/Downloads//test/hxrruqinnh.mp4,1,0.9861264
/home/tianlong/Downloads//test/tkaybnjwhg.mp4,1,0.9998538
/home/tianlong/Downloads//test/lhwwhjhyqx.mp4,1,0.99268836
/home/tianlong/Downloads//test/btxjufhiaz.mp4,1,0.67668504
/home/tianlong/Downloads//test/dnhaskulaj.mp4,1,0.99906874
/home/tianlong/Downloads//test/vxqofldgze.mp4,1,0.90366596
/home/tianlong/Downloads//test/ddjzmyabyu.mp4,1,0.7506371
/home/tianlong/Downloads//test/mgahaaogif.mp4,1,0.9999539
/home/tianlong/Downloads//test/ktmdpragph.mp4,1,0.9992736
/home/tianlong/Downloads//test/xazdhdnwhh.mp4,1,0.97284263
/home/tianlong/Downloads//test/qnslgeajnt.mp4,1,0.9919284
/home/tianlong/Downloads//test/sivrgbsaog.mp4,1,0.506304
/home/tianlong/Downloads//test/uzmuovkewv.mp4,1,0.9997027
/home/tianlong/Downloads//test/tvazrcdkpq.mp4,1,0.8317824
/home/tianlong/Downloads//test/jbatiwjmzh.mp4,1,0.7994671
/home/tianlong/Downloads//test/hmiylncrva.mp4,1,0.7086187
/home/tianlong/Downloads//test/uxkojffbsr.mp4,1,0.53254414
/home/tianlong/Downloads//test/crbcrxqftw.mp4,1,0.9534916
/home/tianlong/Downloads//test/yermnsnlgf.mp4,1,0.9999058
/home/tianlong/Downloads//test/gipcvghjiy.mp4,1,0.63858646
/home/tianlong/Downloads//test/iwcfxyoimw.mp4,1,0.97317725
/home/tianlong/Downloads//test/kozaofkgvk.mp4,1,0.9041763
/home/tianlong/Downloads//test/xlgevjtsog.mp4,1,0.9984551
/home/tianlong/Downloads//test/bpjkimtqtz.mp4,1,0.98665017
/home/tianlong/Downloads//test/pdnwaekrtn.mp4,1,0.99480265
/home/tianlong/Downloads//test/toxsrzsksc.mp4,1,0.94543034
/home/tianlong/Downloads//test/oejfypsbfh.mp4,1,0.1991865
/home/tianlong/Downloads//test/hwyuwbnszo.mp4,1,0.98743063
/home/tianlong/Downloads//test/acgyspwyqr.mp4,1,0.57336205
/home/tianlong/Downloads//test/oitcqmvnsa.mp4,1,0.9987883
/home/tianlong/Downloads//test/pdqqkuclvd.mp4,1,0.9969197
/home/tianlong/Downloads//test/slsyjvgfpu.mp4,1,0.6516296
/home/tianlong/Downloads//test/xmdfnldfyc.mp4,1,0.99990416
/home/tianlong/Downloads//test/ynkzlkahux.mp4,1,0.66372746
/home/tianlong/Downloads//test/szjbkskyph.mp4,1,0.9997983
/home/tianlong/Downloads//test/yyiiywtiry.mp4,1,0.87980753
/home/tianlong/Downloads//test/crvotfojeq.mp4,1,0.47395775
/home/tianlong/Downloads//test/rsqblsfgli.mp4,1,0.9990495
/home/tianlong/Downloads//test/becqadbtkb.mp4,1,0.98531485
/home/tianlong/Downloads//test/afqaubpglg.mp4,1,0.7260933
/home/tianlong/Downloads//test/pwplooonzr.mp4,1,0.9987774
/home/tianlong/Downloads//test/vjegxiyvla.mp4,1,0.4569796
/home/tianlong/Downloads//test/jbwtbfbdko.mp4,1,0.9999307
/home/tianlong/Downloads//test/toggbitvfd.mp4,1,0.5901683
/home/tianlong/Downloads//test/xpfhawmzbe.mp4,1,0.7452883
/home/tianlong/Downloads//test/kjwdinzplo.mp4,1,0.99936396
/home/tianlong/Downloads//test/jrkdzpijpb.mp4,1,0.9300032
/home/tianlong/Downloads//test/lbnuxynggy.mp4,1,0.78592366
/home/tianlong/Downloads//test/iorrylopzn.mp4,1,0.99993974
/home/tianlong/Downloads//test/yasxapunrf.mp4,1,0.5089996
/home/tianlong/Downloads//test/suohrphvbe.mp4,1,0.20234285
/home/tianlong/Downloads//test/salsuwvckq.mp4,1,0.9985795
/home/tianlong/Downloads//test/eclnowceyi.mp4,1,0.9931763
/home/tianlong/Downloads//test/wvtymfvbwq.mp4,1,0.3941765
/home/tianlong/Downloads//test/rsjhmrvdwg.mp4,1,0.9600907
/home/tianlong/Downloads//test/qtvhpmoukj.mp4,1,0.99983555
/home/tianlong/Downloads//test/svqkfjfucw.mp4,1,0.9446419
/home/tianlong/Downloads//test/jdlqmnhuix.mp4,1,0.37087187
/home/tianlong/Downloads//test/ltmkgkppwx.mp4,1,0.97947544
/home/tianlong/Downloads//test/zaoyocjkgw.mp4,1,0.9736538
/home/tianlong/Downloads//test/vgrhobnbfo.mp4,1,0.9995945
/home/tianlong/Downloads//test/eeeuzozcdc.mp4,1,0.72342443
/home/tianlong/Downloads//test/ikgxqbhmlv.mp4,1,0.999854
/home/tianlong/Downloads//test/zyeakowujw.mp4,1,0.9998501
/home/tianlong/Downloads//test/uerapqglmr.mp4,1,0.82928014
/home/tianlong/Downloads//test/fmuncwjpej.mp4,1,0.99968916
/home/tianlong/Downloads//test/xllzvdxwiv.mp4,1,0.1973819
/home/tianlong/Downloads//test/giuymhlbyo.mp4,1,0.9994374
/home/tianlong/Downloads//test/bubbmjnmge.mp4,1,0.99854326
/home/tianlong/Downloads//test/qwqefbalkv.mp4,1,0.98985296
/home/tianlong/Downloads//test/aupsxowdcp.mp4,1,0.010905576
/home/tianlong/Downloads//test/apjovfzzft.mp4,1,0.61161846
/home/tianlong/Downloads//test/yjbnaqwxyf.mp4,1,0.87852246
/home/tianlong/Downloads//test/dajlkmlvch.mp4,1,0.9849279
/home/tianlong/Downloads//test/egwzzhemvk.mp4,1,0.9995284
/home/tianlong/Downloads//test/vlhrgeyvqy.mp4,1,0.79627323
/home/tianlong/Downloads//test/vpolvvzwsw.mp4,1,0.998288
/home/tianlong/Downloads//test/ddkcxrncmq.mp4,1,0.9997511
/home/tianlong/Downloads//test/fncnobpzzx.mp4,1,0.9960084
/home/tianlong/Downloads//test/lhayhvqjmg.mp4,1,0.7308671
/home/tianlong/Downloads//test/yboofyemks.mp4,1,0.9281133
/home/tianlong/Downloads//test/wzkovvmdkq.mp4,1,0.14223792
/home/tianlong/Downloads//test/axxldpmbat.mp4,1,0.8312543
/home/tianlong/Downloads//test/piovymzozl.mp4,1,0.25176454
/home/tianlong/Downloads//test/ymjrnwsjxt.mp4,1,0.9919532
/home/tianlong/Downloads//test/jfxroglrst.mp4,1,0.7712228
/home/tianlong/Downloads//test/qzyaijdbfe.mp4,1,0.99255013
/home/tianlong/Downloads//test/gzwzxbtkpd.mp4,1,0.9999446
/home/tianlong/Downloads//test/bgssriyozb.mp4,1,0.659479
/home/tianlong/Downloads//test/wqtraebanl.mp4,1,0.70204854
/home/tianlong/Downloads//test/lovkthgavz.mp4,1,0.6591164
/home/tianlong/Downloads//test/vpgjaoyvir.mp4,1,0.9996414
/home/tianlong/Downloads//test/btlqqvfuck.mp4,1,0.057378147
/home/tianlong/Downloads//test/zzxidpsxmv.mp4,1,0.62447613
/home/tianlong/Downloads//test/qzuhjrhozy.mp4,1,0.4894875
/home/tianlong/Downloads//test/rtuaxyuvqs.mp4,1,0.99918795
/home/tianlong/Downloads//test/vybbullejj.mp4,1,0.9681003
/home/tianlong/Downloads//test/lblweiecpx.mp4,1,0.44981694
/home/tianlong/Downloads//test/qkchcuiljp.mp4,1,0.9747475
/home/tianlong/Downloads//test/roivdutkrz.mp4,1,0.99928206
/home/tianlong/Downloads//test/rziziscker.mp4,1,0.9187594
/home/tianlong/Downloads//test/zsdmgllhck.mp4,1,0.9994773
/home/tianlong/Downloads//test/kpkzqbpivj.mp4,1,0.7893801
/home/tianlong/Downloads//test/tgkjhdyxww.mp4,1,0.977438
/home/tianlong/Downloads//test/zubaiztkag.mp4,1,0.9985428
/home/tianlong/Downloads//test/figxvsdmsb.mp4,1,0.1325055
/home/tianlong/Downloads//test/enzlliylet.mp4,1,0.9985659
/home/tianlong/Downloads//test/acekgkqgdg.mp4,1,0.72166395
/home/tianlong/Downloads//test/ljrikjsgis.mp4,1,0.6963163
/home/tianlong/Downloads//test/vawotznxqn.mp4,1,0.40332118
/home/tianlong/Downloads//test/jsqtbnxnpb.mp4,1,0.96353596
/home/tianlong/Downloads//test/yibeqxcadd.mp4,1,0.9997218
/home/tianlong/Downloads//test/zvgekhyszq.mp4,1,0.8250954
/home/tianlong/Downloads//test/luisdnrumh.mp4,1,0.99977374
/home/tianlong/Downloads//test/xffjesgeey.mp4,1,0.8671427
/home/tianlong/Downloads//test/haesrhzukc.mp4,1,0.9234872
/home/tianlong/Downloads//test/uwccodyhgh.mp4,1,0.96255976
/home/tianlong/Downloads//test/msdtzpmmae.mp4,1,0.9997266
/home/tianlong/Downloads//test/zgiypcmpic.mp4,1,0.82062846
/home/tianlong/Downloads//test/olkcmrmvbh.mp4,1,0.94308656
/home/tianlong/Downloads//test/kiffbbtjfe.mp4,1,0.7152416
/home/tianlong/Downloads//test/junzzlnlfw.mp4,1,0.7446466
/home/tianlong/Downloads//test/qkgicklwyn.mp4,1,0.21795939
/home/tianlong/Downloads//test/wluigkzjdl.mp4,1,0.9778418
/home/tianlong/Downloads//test/rsnrcisldc.mp4,1,0.8641224
/home/tianlong/Downloads//test/asiuftijhs.mp4,1,0.92461586
/home/tianlong/Downloads//test/yjloopcthi.mp4,1,0.12422243
/home/tianlong/Downloads//test/tzzwqaxtrk.mp4,1,0.9998569
/home/tianlong/Downloads//test/tmfvsxrxnk.mp4,1,0.8668585
/home/tianlong/Downloads//test/dlsdmdraln.mp4,1,0.0007713575
/home/tianlong/Downloads//test/rkygzeyegz.mp4,1,0.996828
/home/tianlong/Downloads//test/truremwrti.mp4,1,0.8207634
/home/tianlong/Downloads//test/depcrcqwai.mp4,1,0.6015102
/home/tianlong/Downloads//test/jovohczybs.mp4,1,0.68600184
/home/tianlong/Downloads//test/udcpjfvqro.mp4,1,0.8762587
/home/tianlong/Downloads//test/yxlkovjssa.mp4,1,0.99992156
/home/tianlong/Downloads//test/trltdpitif.mp4,1,0.9962657
/home/tianlong/Downloads//test/hwufwjdaai.mp4,1,0.790664
/home/tianlong/Downloads//test/vgfxjwupga.mp4,1,0.99977285
/home/tianlong/Downloads//test/jejjcsijvc.mp4,1,0.6253291
/home/tianlong/Downloads//test/yjpfhrfyfn.mp4,1,0.67968655
/home/tianlong/Downloads//test/izyqqybmcq.mp4,1,0.5736629
/home/tianlong/Downloads//test/xjnflcfxhn.mp4,1,0.9993555
/home/tianlong/Downloads//test/zidsbdilrm.mp4,1,0.5063285
/home/tianlong/Downloads//test/lepqvhstws.mp4,1,0.9415326
/home/tianlong/Downloads//test/eabghyltka.mp4,1,0.8601549
/home/tianlong/Downloads//test/qxgwcsugvd.mp4,1,0.9978908
/home/tianlong/Downloads//test/oitqddnspw.mp4,1,0.99988693
/home/tianlong/Downloads//test/jiddesrgoi.mp4,1,0.9998229
/home/tianlong/Downloads//test/whsqzlklam.mp4,1,0.9994485
/home/tianlong/Downloads//test/hwspklkjol.mp4,1,0.77475435
/home/tianlong/Downloads//test/mgxdtegobh.mp4,1,0.7104947
/home/tianlong/Downloads//test/dkvxzocpnx.mp4,1,0.9998204
/home/tianlong/Downloads//test/zxjiwvyzbs.mp4,1,0.9882007
/home/tianlong/Downloads//test/qysxqoredd.mp4,1,0.81641465
/home/tianlong/Downloads//test/angqjpzdts.mp4,1,0.99987555
/home/tianlong/Downloads//test/slbhiftdwk.mp4,1,0.7122474
/home/tianlong/Downloads//test/ctsjalmkpx.mp4,1,0.9997123
/home/tianlong/Downloads//test/jrwqouwlzc.mp4,1,0.84950566
/home/tianlong/Downloads//test/vcqcervdzi.mp4,1,0.9719154
/home/tianlong/Downloads//test/mxczokbutl.mp4,1,0.9880185
/home/tianlong/Downloads//test/qawqquinvi.mp4,1,0.9868509
/home/tianlong/Downloads//test/cqiyijvrcj.mp4,1,0.98067826
/home/tianlong/Downloads//test/wypdykzzma.mp4,1,0.6517183
/home/tianlong/Downloads//test/zdurkznxhi.mp4,1,0.9486707
/home/tianlong/Downloads//test/llwjpzzrur.mp4,1,0.98937607
/home/tianlong/Downloads//test/stmqpsakem.mp4,1,0.36819443
/home/tianlong/Downloads//test/hqfxruqynj.mp4,1,0.9998636
/home/tianlong/Downloads//test/cotxffvovx.mp4,1,0.99986553
/home/tianlong/Downloads//test/yiwyejujhz.mp4,1,0.9962497
/home/tianlong/Downloads//test/azkhkminwu.mp4,1,0.9987631
/home/tianlong/Downloads//test/yoicqcpxgm.mp4,1,0.998828
/home/tianlong/Downloads//test/kcpamicxjs.mp4,1,0.35798565
/home/tianlong/Downloads//test/mbnvlpwewk.mp4,1,0.9551587
/home/tianlong/Downloads//test/wjqdwzowcg.mp4,1,0.61016345
/home/tianlong/Downloads//test/vqtspwkgwe.mp4,1,0.7013863
/home/tianlong/Downloads//test/rurhyzsnyi.mp4,1,0.7243994
/home/tianlong/Downloads//test/sipuxpudya.mp4,1,0.547657
/home/tianlong/Downloads//test/scchmtbzar.mp4,1,0.9999276
/home/tianlong/Downloads//test/qyhlzalxzm.mp4,1,0.6321648
/home/tianlong/Downloads//test/ektrtuwidv.mp4,1,0.9534537
/home/tianlong/Downloads//test/scbfkrlytb.mp4,1,0.6112552
/home/tianlong/Downloads//test/kxnsmwhqtl.mp4,1,0.19718337
/home/tianlong/Downloads//test/fiayeurvwb.mp4,1,0.9110391
/home/tianlong/Downloads//test/xpuntxtdbs.mp4,1,0.64867014
/home/tianlong/Downloads//test/edvyxmzpoy.mp4,1,0.540765
/home/tianlong/Downloads//test/thnywrwayf.mp4,1,0.9641288
/home/tianlong/Downloads//test/xojauzdavy.mp4,1,0.38438773
/home/tianlong/Downloads//test/kaajaxzivt.mp4,1,0.7929056
/home/tianlong/Downloads//test/fmvdkhucsz.mp4,1,0.7219889
/home/tianlong/Downloads//test/mdkqmouddq.mp4,1,0.22812487
/home/tianlong/Downloads//test/ehtvcnlsfl.mp4,1,0.9957426
/home/tianlong/Downloads//test/iizsrcugyd.mp4,1,0.9236062
/home/tianlong/Downloads//test/hurlxdpsxl.mp4,1,0.911537
/home/tianlong/Downloads//test/rvfhfbutlx.mp4,1,0.9962689
/home/tianlong/Downloads//test/ycxkcnwrbw.mp4,1,0.9573348
/home/tianlong/Downloads//test/jrmgqzgcmj.mp4,1,0.65275055
/home/tianlong/Downloads//test/cinrseylyp.mp4,1,0.9792147
/home/tianlong/Downloads//test/uhvmrfksax.mp4,1,0.6253399
/home/tianlong/Downloads//test/djjdzsivvi.mp4,1,0.99987626
/home/tianlong/Downloads//test/pmulgdcejl.mp4,1,0.9986147
/home/tianlong/Downloads//test/ngvbaolyub.mp4,1,0.9996925
/home/tianlong/Downloads//test/kpyyjmxmoj.mp4,1,0.9991377
/home/tianlong/Downloads//test/xhizcimlzp.mp4,1,0.654541
/home/tianlong/Downloads//test/ulygywporv.mp4,1,0.59741825
/home/tianlong/Downloads//test/psunkvudmg.mp4,1,0.9999295
/home/tianlong/Downloads//test/ctarrlrgdy.mp4,1,0.88718075
/home/tianlong/Downloads//test/hdzygqltzu.mp4,1,0.9806204
/home/tianlong/Downloads//test/rvtfddfweu.mp4,1,0.8818393
/home/tianlong/Downloads//test/kaeouvuasm.mp4,1,0.30208877
/home/tianlong/Downloads//test/rzivzpozjr.mp4,1,0.99953127
/home/tianlong/Downloads//test/stfqbsbvfy.mp4,1,0.9636379
/home/tianlong/Downloads//test/qbhoufagsa.mp4,1,0.95611167
/home/tianlong/Downloads//test/xycfzkbnhy.mp4,1,0.6266285
/home/tianlong/Downloads//test/zudnvkagjk.mp4,1,0.9997072
/home/tianlong/Downloads//test/feaqnlczwc.mp4,1,0.8664591
/home/tianlong/Downloads//test/rqviqcsbzw.mp4,1,0.9633177
/home/tianlong/Downloads//test/dhfcwchsir.mp4,1,0.9622868
/home/tianlong/Downloads//test/cglpyitrzw.mp4,1,0.20979391
/home/tianlong/Downloads//test/yjypqyrhyi.mp4,1,0.9976583
/home/tianlong/Downloads//test/fokuimoqkh.mp4,1,0.97865087
/home/tianlong/Downloads//test/xzouvgiqha.mp4,1,0.97328687
/home/tianlong/Downloads//test/qyjbhkeqes.mp4,1,0.8962727
/home/tianlong/Downloads//test/phngwcpbqw.mp4,1,0.383732
/home/tianlong/Downloads//test/rjcjcdkzkw.mp4,1,0.30548337
/home/tianlong/Downloads//test/legilvljip.mp4,1,0.999722
/home/tianlong/Downloads//test/bukegrztbb.mp4,1,0.99950165
/home/tianlong/Downloads//test/yvaxmtbtgx.mp4,1,0.9995966
/home/tianlong/Downloads//test/saljlsmnet.mp4,1,0.79055905
/home/tianlong/Downloads//test/ezupajzwdl.mp4,1,0.9981055
/home/tianlong/Downloads//test/xeszevnech.mp4,1,0.59873545
/home/tianlong/Downloads//test/fbqwomdehr.mp4,1,0.06667323
/home/tianlong/Downloads//test/itdywxjknn.mp4,1,0.6581061
/home/tianlong/Downloads//test/zwupuzlefv.mp4,1,0.9997582
/home/tianlong/Downloads//test/qcrofjquht.mp4,1,0.7447459
/home/tianlong/Downloads//test/jblkcfejih.mp4,1,0.9949947
/home/tianlong/Downloads//test/howruupkxw.mp4,1,0.99955964
/home/tianlong/Downloads//test/xslxboadvn.mp4,1,0.9471574
/home/tianlong/Downloads//test/rzykslnkdi.mp4,1,0.98884153
/home/tianlong/Downloads//test/govjvzfbcj.mp4,1,0.7723129
/home/tianlong/Downloads//test/fwbvksfidm.mp4,1,0.78307754
/home/tianlong/Downloads//test/khokwspqph.mp4,1,0.8159447
/home/tianlong/Downloads//test/sslrtrxyaj.mp4,1,0.9341588
/home/tianlong/Downloads//test/zdmknyhzoo.mp4,1,0.99992347
/home/tianlong/Downloads//test/rzjpckpslj.mp4,1,0.93950105
/home/tianlong/Downloads//test/pscilvlcfe.mp4,1,0.9911875
/home/tianlong/Downloads//test/rlwkdhgoqw.mp4,1,0.70735604
/home/tianlong/Downloads//test/cmpkopoabr.mp4,1,0.97420484
/home/tianlong/Downloads//test/dbljnexmlf.mp4,1,0.99370027
/home/tianlong/Downloads//test/atfuphvjft.mp4,1,0.8651772
/home/tianlong/Downloads//test/zdldobedod.mp4,1,0.68515825
/home/tianlong/Downloads//test/iknfqmugud.mp4,1,0.964983
/home/tianlong/Downloads//test/whusuiiqmt.mp4,1,0.35342276
/home/tianlong/Downloads//test/ksrnzzbcsz.mp4,1,0.78915435
/home/tianlong/Downloads//test/xxhuecshhw.mp4,1,0.51269144
/home/tianlong/Downloads//test/okmlcbefeu.mp4,1,0.77664596
/home/tianlong/Downloads//test/xryrhuskyd.mp4,1,0.6807459
/home/tianlong/Downloads//test/wevygelkrl.mp4,1,0.04536253
/home/tianlong/Downloads//test/rdpausigpg.mp4,1,0.9711651
/home/tianlong/Downloads//test/fdziwiuoer.mp4,1,0.9703546
/home/tianlong/Downloads//test/kykmrtoitd.mp4,1,0.8650604
/home/tianlong/Downloads//test/eacsjvcmlp.mp4,1,0.9895623
/home/tianlong/Downloads//test/asvuutypvz.mp4,1,0.7365017
/home/tianlong/Downloads//test/nucqorkejg.mp4,1,0.99938995
/home/tianlong/Downloads//test/ctpexqamtx.mp4,1,0.99915504
/home/tianlong/Downloads//test/vnsxdkjjtk.mp4,1,0.9987237
/home/tianlong/Downloads//test/cktsyobheu.mp4,1,0.15531601
/home/tianlong/Downloads//test/kccicuhxgk.mp4,1,0.9997198
/home/tianlong/Downloads//test/qckjihxoze.mp4,1,0.9978779
/home/tianlong/Downloads//test/gvqtnedfso.mp4,1,0.61938125
/home/tianlong/Downloads//test/ajxkvlpgov.mp4,1,0.7521638
/home/tianlong/Downloads//test/srlilcjhaf.mp4,1,0.48030016
/home/tianlong/Downloads//test/qfjxksudna.mp4,1,0.93805426
/home/tianlong/Downloads//test/hstvglyexy.mp4,1,0.15996508
/home/tianlong/Downloads//test/jyyvhnsyys.mp4,1,0.97215027
/home/tianlong/Downloads//test/whxqigkgyk.mp4,1,0.99988014
/home/tianlong/Downloads//test/mqzrlecakr.mp4,1,0.6102113
/home/tianlong/Downloads//test/aeplbqxnge.mp4,1,0.6414257
/home/tianlong/Downloads//test/inwaznexiv.mp4,1,0.99995375
/home/tianlong/Downloads//test/anfupdhmyr.mp4,1,0.048115116
/home/tianlong/Downloads//test/wbvlgevkmb.mp4,1,0.9941697
/home/tianlong/Downloads//test/uiykwgaarz.mp4,1,0.96787244
/home/tianlong/Downloads//test/nvarnevska.mp4,1,0.9837602
/home/tianlong/Downloads//test/ooczenomzk.mp4,1,0.4066193
/home/tianlong/Downloads//test/qtjuhlppot.mp4,1,0.47848308
/home/tianlong/Downloads//test/drqtyzvhdd.mp4,1,0.38892925
/home/tianlong/Downloads//test/ytljvippwv.mp4,1,0.9936051
/home/tianlong/Downloads//test/skrqoagxle.mp4,1,0.9965175
/home/tianlong/Downloads//test/shwkznunyp.mp4,1,0.9999399
/home/tianlong/Downloads//test/tlsoagxovk.mp4,1,0.06298614
/home/tianlong/Downloads//test/enpshnkugu.mp4,1,0.97928166
/home/tianlong/Downloads//test/vitjdpnfpi.mp4,1,0.61584264
/home/tianlong/Downloads//test/jovrnujurf.mp4,1,0.99910086
/home/tianlong/Downloads//test/sbwemwjlsl.mp4,1,0.9954303
/home/tianlong/Downloads//test/uclzxnftij.mp4,1,0.99936724
/home/tianlong/Downloads//test/sdqjjttckw.mp4,1,0.8848794
/home/tianlong/Downloads//test/wtmggpeiom.mp4,1,0.99874353
