Video,Label,Prediction
/home/tianlong/Downloads//test/myvwyfdnxu.mp4,0,0.00042131657
/home/tianlong/Downloads//test/uxgkqpiykp.mp4,0,0.00017759368
/home/tianlong/Downloads//test/qyscponfaf.mp4,0,0.0002828249
/home/tianlong/Downloads//test/tmgmbnzrrz.mp4,0,0.010187611
/home/tianlong/Downloads//test/wfmeffvvce.mp4,0,0.09066395
/home/tianlong/Downloads//test/fwrcfaglhz.mp4,0,0.0018255877
/home/tianlong/Downloads//test/itfzfpuilx.mp4,0,0.0009463627
/home/tianlong/Downloads//test/wupoiiknff.mp4,0,0.00019576111
/home/tianlong/Downloads//test/dscprfjses.mp4,0,0.43734774
/home/tianlong/Downloads//test/ofntcunuqn.mp4,0,0.001000492
/home/tianlong/Downloads//test/imnzannmcr.mp4,0,0.00094094523
/home/tianlong/Downloads//test/jidkzoagws.mp4,0,0.0093258675
/home/tianlong/Downloads//test/nkpqkddsgt.mp4,0,0.5228874
/home/tianlong/Downloads//test/xqmrrciral.mp4,0,0.00048139456
/home/tianlong/Downloads//test/ykfllpyawg.mp4,0,0.00041414396
/home/tianlong/Downloads//test/bpieoyctzo.mp4,0,0.0010658705
/home/tianlong/Downloads//test/wjrepvzlsv.mp4,0,0.027313512
/home/tianlong/Downloads//test/voucpidonq.mp4,0,0.00031917955
/home/tianlong/Downloads//test/fxfxtrrkeq.mp4,0,0.00042403184
/home/tianlong/Downloads//test/qggfpdkyzi.mp4,0,0.06778309
/home/tianlong/Downloads//test/xyucutnxhz.mp4,0,0.00031042015
/home/tianlong/Downloads//test/rkxepdkger.mp4,0,0.0002517243
/home/tianlong/Downloads//test/fxxpxoqoxp.mp4,0,0.0018596498
/home/tianlong/Downloads//test/jkxxwfycsj.mp4,0,0.84229267
/home/tianlong/Downloads//test/qbearsyziz.mp4,0,0.0002220972
/home/tianlong/Downloads//test/kyrbveruev.mp4,0,0.0372559
/home/tianlong/Downloads//test/pdyrvsvwyi.mp4,0,0.00031309336
/home/tianlong/Downloads//test/bpxxmxuvuy.mp4,0,0.12608859
/home/tianlong/Downloads//test/ekxsduhvwh.mp4,0,0.00054325187
/home/tianlong/Downloads//test/ocsqqqduxx.mp4,0,0.0011111086
/home/tianlong/Downloads//test/qufzdwetss.mp4,0,0.0005154261
/home/tianlong/Downloads//test/vwqrtxbwye.mp4,0,0.0007752015
/home/tianlong/Downloads//test/zuduvanawx.mp4,0,0.0028247703
/home/tianlong/Downloads//test/rkjhxvdnsv.mp4,0,0.15790446
/home/tianlong/Downloads//test/hpcivouyku.mp4,0,0.0007690218
/home/tianlong/Downloads//test/vgndywbmgf.mp4,0,0.000523165
/home/tianlong/Downloads//test/hfgczdzbix.mp4,0,0.003892586
/home/tianlong/Downloads//test/rwehwmmutn.mp4,0,0.0001892917
/home/tianlong/Downloads//test/jyfnzyvznx.mp4,0,0.0005699481
/home/tianlong/Downloads//test/jxpodcendq.mp4,0,0.14601581
/home/tianlong/Downloads//test/kgynainlug.mp4,0,0.006833434
/home/tianlong/Downloads//test/hqgervpkkf.mp4,0,0.1547241
/home/tianlong/Downloads//test/defeqlyysh.mp4,0,0.4748235
/home/tianlong/Downloads//test/xzkwbswkao.mp4,0,0.008042517
/home/tianlong/Downloads//test/hhdblnxhtj.mp4,0,0.0001788461
/home/tianlong/Downloads//test/oaptmwroki.mp4,0,0.00063307746
/home/tianlong/Downloads//test/djlkkqmjkk.mp4,0,0.090750374
/home/tianlong/Downloads//test/motfposykz.mp4,0,0.049036913
/home/tianlong/Downloads//test/shvfupmrho.mp4,0,0.64964646
/home/tianlong/Downloads//test/escwmsthiz.mp4,0,0.002543146
/home/tianlong/Downloads//test/ctpypmzfnl.mp4,0,0.0004187777
/home/tianlong/Downloads//test/sjqrdyzkgl.mp4,0,0.0064496635
/home/tianlong/Downloads//test/ddrjnwlugg.mp4,0,0.19697337
/home/tianlong/Downloads//test/hxfqltenqh.mp4,0,0.00019609944
/home/tianlong/Downloads//test/umerhoubxw.mp4,0,0.00044839917
/home/tianlong/Downloads//test/jxrpqynwlt.mp4,0,0.00020607165
/home/tianlong/Downloads//test/hprzotbjtj.mp4,0,0.0018485396
/home/tianlong/Downloads//test/cqewayywpg.mp4,0,0.00047297004
/home/tianlong/Downloads//test/nvptcoxzah.mp4,0,0.011326471
/home/tianlong/Downloads//test/uvzlfuxalu.mp4,0,0.98107773
/home/tianlong/Downloads//test/mfcbgbcuvb.mp4,0,0.00037916494
/home/tianlong/Downloads//test/tmtoypmqwt.mp4,0,0.00053046405
/home/tianlong/Downloads//test/bsjucwhlrj.mp4,0,0.00043363206
/home/tianlong/Downloads//test/hlsubhyoea.mp4,0,0.00059377524
/home/tianlong/Downloads//test/deslnszgpy.mp4,0,0.0002355615
/home/tianlong/Downloads//test/tfwdbkwvgz.mp4,0,0.001787603
/home/tianlong/Downloads//test/ufxafdxpat.mp4,0,0.00027309812
/home/tianlong/Downloads//test/lmacrzidyh.mp4,0,0.01347273
/home/tianlong/Downloads//test/wyiajvmitt.mp4,0,0.0006395184
/home/tianlong/Downloads//test/xbdnqfbxcv.mp4,0,0.00016410375
/home/tianlong/Downloads//test/mhfnldxixw.mp4,0,0.0042300946
/home/tianlong/Downloads//test/pfiigjlcct.mp4,0,0.01845223
/home/tianlong/Downloads//test/ldtibsniik.mp4,0,0.0011122619
/home/tianlong/Downloads//test/gwzttezkpv.mp4,0,0.00061909505
/home/tianlong/Downloads//test/pevmkpamhv.mp4,0,0.0014991309
/home/tianlong/Downloads//test/zcfpsnaujx.mp4,0,0.2960909
/home/tianlong/Downloads//test/slvcfpalev.mp4,0,0.010819275
/home/tianlong/Downloads//test/ctdwtfcjei.mp4,0,0.0012660675
/home/tianlong/Downloads//test/vxwsisekmb.mp4,0,0.49034324
/home/tianlong/Downloads//test/pkoadvlpga.mp4,0,0.00051556266
/home/tianlong/Downloads//test/ofapaanpkl.mp4,0,0.00091858336
/home/tianlong/Downloads//test/huzryvwrfa.mp4,0,0.021338062
/home/tianlong/Downloads//test/knjoasqzvt.mp4,0,0.022643337
/home/tianlong/Downloads//test/cedpyannqf.mp4,0,0.00024301077
/home/tianlong/Downloads//test/mdwtpvlbrz.mp4,0,0.000255761
/home/tianlong/Downloads//test/hfcxlucrbj.mp4,0,0.03574089
/home/tianlong/Downloads//test/wbsajsyaej.mp4,0,0.00032280345
/home/tianlong/Downloads//test/tbqrwehekx.mp4,0,0.10349296
/home/tianlong/Downloads//test/shslgpeisw.mp4,0,0.0020189725
/home/tianlong/Downloads//test/epgfqrvwlr.mp4,0,0.00030538708
/home/tianlong/Downloads//test/fduhwlydlg.mp4,0,0.0003557488
/home/tianlong/Downloads//test/cpmridjxbc.mp4,0,0.012143263
/home/tianlong/Downloads//test/kphflojove.mp4,0,0.619241
/home/tianlong/Downloads//test/hlcpwfwcyw.mp4,0,0.0039679804
/home/tianlong/Downloads//test/bpeemkcxad.mp4,0,0.09546196
/home/tianlong/Downloads//test/jkadnvoqhk.mp4,0,0.5971287
/home/tianlong/Downloads//test/lzzpsosige.mp4,0,0.016398257
/home/tianlong/Downloads//test/pxtwhbaxjq.mp4,0,0.941513
/home/tianlong/Downloads//test/pxgcsltbuo.mp4,0,0.00038037507
/home/tianlong/Downloads//test/gmepmwcgwg.mp4,0,0.0004410435
/home/tianlong/Downloads//test/tnetytnegv.mp4,0,0.00019300198
/home/tianlong/Downloads//test/sxmqvznwwq.mp4,0,0.04955083
/home/tianlong/Downloads//test/partcfzlbj.mp4,0,0.00035311462
/home/tianlong/Downloads//test/tnkmovifrb.mp4,0,0.91759074
/home/tianlong/Downloads//test/dpgznlwvpx.mp4,0,0.00057085464
/home/tianlong/Downloads//test/mbpbbekqks.mp4,0,0.61452985
/home/tianlong/Downloads//test/hdbejalgtx.mp4,0,0.0003155217
/home/tianlong/Downloads//test/bmdiaytrcm.mp4,0,0.007744375
/home/tianlong/Downloads//test/yghxoihrle.mp4,0,0.00074022374
/home/tianlong/Downloads//test/vcgelshrli.mp4,0,0.0006961935
/home/tianlong/Downloads//test/yvdnbmbwyh.mp4,0,0.42774725
/home/tianlong/Downloads//test/kmakhupeac.mp4,0,0.63026536
/home/tianlong/Downloads//test/ccevbixrwu.mp4,0,0.0013605003
/home/tianlong/Downloads//test/edavfjsjzw.mp4,0,0.0007332084
/home/tianlong/Downloads//test/znmzmierff.mp4,0,0.00086094416
/home/tianlong/Downloads//test/kiotoqmmfj.mp4,0,0.0012921293
/home/tianlong/Downloads//test/nqctdktbtb.mp4,0,0.0014544332
/home/tianlong/Downloads//test/inneixkosf.mp4,0,0.024847995
/home/tianlong/Downloads//test/occrrsyizc.mp4,0,0.00051337364
/home/tianlong/Downloads//test/zfecmsiodq.mp4,0,0.024710305
/home/tianlong/Downloads//test/haknpmhigp.mp4,0,0.08499662
/home/tianlong/Downloads//test/zjbwxmmrgk.mp4,0,0.0006244188
/home/tianlong/Downloads//test/qgpabkriss.mp4,0,0.0015547415
/home/tianlong/Downloads//test/liureznisp.mp4,0,0.037769083
/home/tianlong/Downloads//test/bzdywpajvr.mp4,0,0.08848291
/home/tianlong/Downloads//test/jniytngcmy.mp4,0,0.29768077
/home/tianlong/Downloads//test/idklchvhxp.mp4,0,0.024732677
/home/tianlong/Downloads//test/pijzjjchqn.mp4,0,0.9705607
/home/tianlong/Downloads//test/pjnsejazpl.mp4,0,0.13313796
/home/tianlong/Downloads//test/gpaqoqegbn.mp4,0,0.010038826
/home/tianlong/Downloads//test/xsxwrwvfkg.mp4,0,0.0012577035
/home/tianlong/Downloads//test/arwefyghir.mp4,0,0.00021916938
/home/tianlong/Downloads//test/ptgvxdueef.mp4,0,0.00031576908
/home/tianlong/Downloads//test/plljpjscih.mp4,0,0.0019332055
/home/tianlong/Downloads//test/jozfaxodnx.mp4,0,0.007884237
/home/tianlong/Downloads//test/girdwtjwsr.mp4,0,0.0009603287
/home/tianlong/Downloads//test/jbaahohsns.mp4,0,0.8813812
/home/tianlong/Downloads//test/uetfcmaryk.mp4,0,0.540498
/home/tianlong/Downloads//test/oqbltrmhvt.mp4,0,0.070066795
/home/tianlong/Downloads//test/dvtzvkcrku.mp4,0,0.00079960073
/home/tianlong/Downloads//test/qjilklnynm.mp4,0,0.0012894591
/home/tianlong/Downloads//test/tcsdjwbihw.mp4,0,0.0023328632
/home/tianlong/Downloads//test/zhftwvtutp.mp4,0,0.0041059535
/home/tianlong/Downloads//test/xgktqwvknw.mp4,0,0.0002829039
/home/tianlong/Downloads//test/cdeesuuuqz.mp4,0,0.00020640733
/home/tianlong/Downloads//test/ymngcysczs.mp4,0,0.0024937063
/home/tianlong/Downloads//test/gctyynjruz.mp4,0,0.00040643747
/home/tianlong/Downloads//test/vkirqaiuoc.mp4,0,0.00018049861
/home/tianlong/Downloads//test/ykywskdwlc.mp4,0,0.9160682
/home/tianlong/Downloads//test/verpxkucoi.mp4,0,0.0003592832
/home/tianlong/Downloads//test/gpsqelalbp.mp4,0,0.00043935745
/home/tianlong/Downloads//test/paorozwtbf.mp4,0,0.0043624444
/home/tianlong/Downloads//test/iaaecuquha.mp4,0,0.019160239
/home/tianlong/Downloads//test/lmgdjtzwau.mp4,0,0.9960771
/home/tianlong/Downloads//test/tayykmblhg.mp4,0,0.00018755335
/home/tianlong/Downloads//test/hpurahupjh.mp4,0,0.00017789062
/home/tianlong/Downloads//test/uutxmgqajd.mp4,0,0.0003118291
/home/tianlong/Downloads//test/rbkcpkwhjn.mp4,0,0.00046878387
/home/tianlong/Downloads//test/wtnloygygs.mp4,0,0.000434645
/home/tianlong/Downloads//test/biborxaekt.mp4,0,0.00081328175
/home/tianlong/Downloads//test/drlnvwvvuw.mp4,0,0.0050203875
/home/tianlong/Downloads//test/axutpjywuu.mp4,0,0.0006892114
/home/tianlong/Downloads//test/jbcnsmlysc.mp4,0,0.0015158064
/home/tianlong/Downloads//test/ilzhgraxpl.mp4,0,0.000369597
/home/tianlong/Downloads//test/cwqhzuhjol.mp4,0,0.000261029
/home/tianlong/Downloads//test/tlzordotqw.mp4,0,0.8076259
/home/tianlong/Downloads//test/hdauuytvhx.mp4,0,0.40162754
/home/tianlong/Downloads//test/rtiyduycrn.mp4,0,0.0027641356
/home/tianlong/Downloads//test/mdsmgzaltc.mp4,0,0.0014874884
/home/tianlong/Downloads//test/mnlxxoicoo.mp4,0,0.0010357669
/home/tianlong/Downloads//test/ksfuiztwuc.mp4,0,0.00046683496
/home/tianlong/Downloads//test/tpjydgkvdt.mp4,0,0.0018658441
/home/tianlong/Downloads//test/nmjesbwiux.mp4,0,0.00043275687
/home/tianlong/Downloads//test/egzfaoiuwo.mp4,0,0.017116321
/home/tianlong/Downloads//test/ucmfbukrkj.mp4,0,0.0030139445
/home/tianlong/Downloads//test/aoqzxlwvmi.mp4,0,0.29686552
/home/tianlong/Downloads//test/zzjfzeuizr.mp4,0,0.3079095
/home/tianlong/Downloads//test/aunokqsmrt.mp4,0,0.018328706
/home/tianlong/Downloads//test/kudvvlgiff.mp4,0,0.000517286
/home/tianlong/Downloads//test/qqwsabrgxh.mp4,0,0.00019409375
/home/tianlong/Downloads//test/pvsslamopo.mp4,0,0.00018109057
/home/tianlong/Downloads//test/kawxnfacqs.mp4,0,0.00016075232
/home/tianlong/Downloads//test/lxeqbyddvt.mp4,0,0.0007149694
/home/tianlong/Downloads//test/zylribcaeu.mp4,0,0.6060738
/home/tianlong/Downloads//test/sghdekqnnn.mp4,0,0.91538864
/home/tianlong/Downloads//test/msbqgoxxlh.mp4,0,0.0031905263
/home/tianlong/Downloads//test/ubbzrfgzer.mp4,0,0.0010828726
/home/tianlong/Downloads//test/vuofhivyfs.mp4,0,0.74288976
/home/tianlong/Downloads//test/xirrbpmlja.mp4,0,0.075221784
/home/tianlong/Downloads//test/appvffejyy.mp4,0,0.40037477
/home/tianlong/Downloads//test/nzepxsbotb.mp4,0,0.2768253
/home/tianlong/Downloads//test/nkqkvwpghi.mp4,0,0.00059389864
/home/tianlong/Downloads//test/vdvffooule.mp4,0,0.019404205
/home/tianlong/Downloads//test/rayhrvqorn.mp4,0,0.0005280471
/home/tianlong/Downloads//test/cslfapvyjv.mp4,0,0.0002447188
/home/tianlong/Downloads//test/rmygsfjyvt.mp4,0,0.00044092664
/home/tianlong/Downloads//test/yhbhhibwzo.mp4,0,0.082814775
/home/tianlong/Downloads//test/vlxfyuzygn.mp4,0,0.98938024
/home/tianlong/Downloads//test/zefqhoewww.mp4,0,0.0046471455
/home/tianlong/Downloads//test/vptrrrmhyb.mp4,0,0.00036365437
/home/tianlong/Downloads//test/cefolmrrlx.mp4,0,0.0009079938
/home/tianlong/Downloads//test/xzmplldajk.mp4,0,0.062253304
/home/tianlong/Downloads//test/hrznynemfj.mp4,0,0.00088351
/home/tianlong/Downloads//test/tkxblcleyd.mp4,0,0.00032784767
/home/tianlong/Downloads//test/tlxgwzheli.mp4,0,0.00043732548
/home/tianlong/Downloads//test/qvgutokvct.mp4,0,0.008180834
/home/tianlong/Downloads//test/tcwyxrvdpe.mp4,0,0.0006235993
/home/tianlong/Downloads//test/jwrypvpvpx.mp4,0,0.00020702917
/home/tianlong/Downloads//test/bpyjsrjcro.mp4,0,0.101847395
/home/tianlong/Downloads//test/avteqdmbob.mp4,0,0.0007247011
/home/tianlong/Downloads//test/aaivbtdyjn.mp4,0,0.2509282
/home/tianlong/Downloads//test/pokctfragw.mp4,0,0.00040943513
/home/tianlong/Downloads//test/vgdllmzjcw.mp4,0,0.00035633805
/home/tianlong/Downloads//test/zdlhavfmit.mp4,0,0.00051637413
/home/tianlong/Downloads//test/yupsrmckii.mp4,0,0.0002187214
/home/tianlong/Downloads//test/pobpsxjbzg.mp4,0,0.00044783103
/home/tianlong/Downloads//test/lkvouattut.mp4,0,0.00021046844
/home/tianlong/Downloads//test/anjzzdyhno.mp4,0,0.00086861185
/home/tianlong/Downloads//test/jvihmimqca.mp4,0,0.000330663
/home/tianlong/Downloads//test/wnoitecfmf.mp4,0,0.00028982107
/home/tianlong/Downloads//test/gbvllwqbjl.mp4,0,0.0021037173
/home/tianlong/Downloads//test/gzabjmglim.mp4,0,0.00027800418
/home/tianlong/Downloads//test/paqcbtdulm.mp4,0,0.00018482932
/home/tianlong/Downloads//test/jcbbrqaaaq.mp4,0,0.00020242685
/home/tianlong/Downloads//test/nsavbywhlu.mp4,0,0.0019961256
/home/tianlong/Downloads//test/zwfebeiqat.mp4,0,0.00042216643
/home/tianlong/Downloads//test/pimrsfwcwm.mp4,0,0.022748193
/home/tianlong/Downloads//test/mrvdmwcblt.mp4,0,0.00039534146
/home/tianlong/Downloads//test/hedetzyqpu.mp4,0,0.4323573
/home/tianlong/Downloads//test/qytaiboeep.mp4,0,0.008746041
/home/tianlong/Downloads//test/famavifufv.mp4,0,0.066828154
/home/tianlong/Downloads//test/hnselekxwv.mp4,0,0.028651854
/home/tianlong/Downloads//test/emgciwmtuj.mp4,0,0.00031229082
/home/tianlong/Downloads//test/wbmvbetcdm.mp4,0,0.0007367304
/home/tianlong/Downloads//test/mpvnvvihzp.mp4,0,0.003341571
/home/tianlong/Downloads//test/zelgpxflfe.mp4,0,0.06376873
/home/tianlong/Downloads//test/lhjcdavmmg.mp4,0,0.0077588544
/home/tianlong/Downloads//test/rxtqqoncwj.mp4,0,0.00016913215
/home/tianlong/Downloads//test/shrpamtirw.mp4,0,0.0003268082
/home/tianlong/Downloads//test/qhzlgrtgto.mp4,0,0.0002839188
/home/tianlong/Downloads//test/uuzyzglejw.mp4,0,0.002771225
/home/tianlong/Downloads//test/bmnpqrwnex.mp4,0,0.0020718644
/home/tianlong/Downloads//test/dtssdnhgiw.mp4,0,0.00028956888
/home/tianlong/Downloads//test/rlhmppiklf.mp4,0,0.0107742
/home/tianlong/Downloads//test/sswhgeqjrt.mp4,0,0.0010129962
/home/tianlong/Downloads//test/emxqsgqtdz.mp4,0,0.00045382677
/home/tianlong/Downloads//test/bcwtjzsutw.mp4,0,0.9354007
/home/tianlong/Downloads//test/uomfimsutw.mp4,0,0.15784961
/home/tianlong/Downloads//test/mztlucosuc.mp4,0,0.01213521
/home/tianlong/Downloads//test/ntcfyojagi.mp4,0,0.00035937157
/home/tianlong/Downloads//test/wrbuiboyat.mp4,0,0.00030986752
/home/tianlong/Downloads//test/xiqecarvpb.mp4,0,0.0025221573
/home/tianlong/Downloads//test/fcvzlzfufb.mp4,0,0.02795171
/home/tianlong/Downloads//test/savqrjnncg.mp4,0,0.09446308
/home/tianlong/Downloads//test/icqmqztbry.mp4,0,0.00021153412
/home/tianlong/Downloads//test/zzrmokkxka.mp4,0,0.14621837
/home/tianlong/Downloads//test/btgxrrldio.mp4,0,0.0012286514
/home/tianlong/Downloads//test/zdnepyqjiy.mp4,0,0.0020237137
/home/tianlong/Downloads//test/fybiztpnrc.mp4,0,0.0006210944
/home/tianlong/Downloads//test/parqhrknkf.mp4,0,0.2512511
/home/tianlong/Downloads//test/tvffpggbrc.mp4,0,0.0011035169
/home/tianlong/Downloads//test/rtpuwtrxsr.mp4,0,0.5977971
/home/tianlong/Downloads//test/tgmqfzsznf.mp4,0,0.002111798
/home/tianlong/Downloads//test/eqabuehals.mp4,0,0.00020288286
/home/tianlong/Downloads//test/ikebomnsiq.mp4,0,0.0005279183
/home/tianlong/Downloads//test/wfzxrfxohw.mp4,0,0.021246681
/home/tianlong/Downloads//test/dqfgwejsvm.mp4,0,0.0013475663
/home/tianlong/Downloads//test/lxadgjqzbf.mp4,0,0.00042232004
/home/tianlong/Downloads//test/tdahgbtenl.mp4,0,0.5633799
/home/tianlong/Downloads//test/bivzhsmrqo.mp4,0,0.0007120635
/home/tianlong/Downloads//test/vzxluflrhn.mp4,0,0.00028093456
/home/tianlong/Downloads//test/ikmsdmynbf.mp4,0,0.0019790067
/home/tianlong/Downloads//test/kuqbgbrypa.mp4,0,0.34025812
/home/tianlong/Downloads//test/nfstajzaot.mp4,0,0.00020404802
/home/tianlong/Downloads//test/dultiznosk.mp4,0,0.0002981551
/home/tianlong/Downloads//test/ckqfqernbf.mp4,0,0.0002844984
/home/tianlong/Downloads//test/kbdwudhhwf.mp4,0,0.0001908401
/home/tianlong/Downloads//test/hqpjmwyygq.mp4,0,0.0010110721
/home/tianlong/Downloads//test/tjyuudtkme.mp4,0,0.00034362957
/home/tianlong/Downloads//test/tihgxlmfcj.mp4,0,0.0005055004
/home/tianlong/Downloads//test/sgdnbofecu.mp4,0,0.00026011895
/home/tianlong/Downloads//test/pgamqeolau.mp4,0,0.00052667933
/home/tianlong/Downloads//test/ijeqomctsa.mp4,0,0.00043105014
/home/tianlong/Downloads//test/ppruxbqpmc.mp4,0,0.00080346287
/home/tianlong/Downloads//test/hkvfyeacje.mp4,0,0.00024706696
/home/tianlong/Downloads//test/zqrzqekofe.mp4,0,0.00079878705
/home/tianlong/Downloads//test/iwzbgmtsuh.mp4,0,0.16564153
/home/tianlong/Downloads//test/dbixwxtuxs.mp4,0,0.0006922837
/home/tianlong/Downloads//test/cepqcoseaj.mp4,0,0.0013674222
/home/tianlong/Downloads//test/gypapuqdrx.mp4,0,0.6121402
/home/tianlong/Downloads//test/djhhnixfyi.mp4,0,0.00024278961
/home/tianlong/Downloads//test/fkarxowzuf.mp4,0,0.018494803
/home/tianlong/Downloads//test/gfxnuidfgl.mp4,0,0.00047711923
/home/tianlong/Downloads//test/vsreebjsfs.mp4,0,0.0023586235
/home/tianlong/Downloads//test/manqchicur.mp4,0,0.010338994
/home/tianlong/Downloads//test/gztffgsxpt.mp4,0,0.001676366
/home/tianlong/Downloads//test/jdzkykqgsx.mp4,0,0.0002036026
/home/tianlong/Downloads//test/cvbubcwkkl.mp4,0,0.00021738246
/home/tianlong/Downloads//test/bgqhldvsgc.mp4,0,0.00032501257
/home/tianlong/Downloads//test/blqgpxokwq.mp4,0,0.0006720889
/home/tianlong/Downloads//test/cxvayntesu.mp4,0,0.015983868
/home/tianlong/Downloads//test/dxepehnhgm.mp4,0,0.008766624
/home/tianlong/Downloads//test/bcgjlsupne.mp4,0,0.04620065
/home/tianlong/Downloads//test/uhynwthfhf.mp4,0,0.99647397
/home/tianlong/Downloads//test/gocrdvihos.mp4,0,0.0003387922
/home/tianlong/Downloads//test/gtyvtbojpp.mp4,0,0.00037487922
/home/tianlong/Downloads//test/eqtwkqxolz.mp4,0,0.0005136695
/home/tianlong/Downloads//test/arwiyweadv.mp4,0,0.06484992
/home/tianlong/Downloads//test/mlizcisxro.mp4,0,0.0021577082
/home/tianlong/Downloads//test/miiymgajty.mp4,0,0.00027548365
/home/tianlong/Downloads//test/ragjclplkx.mp4,0,0.00044921436
/home/tianlong/Downloads//test/wxrfuemtxj.mp4,0,0.0045755776
/home/tianlong/Downloads//test/xxupwwukoh.mp4,0,0.00048980763
/home/tianlong/Downloads//test/qdantvtdji.mp4,0,0.28400955
/home/tianlong/Downloads//test/oqehnuhbwa.mp4,0,0.034524996
/home/tianlong/Downloads//test/yzqbwkwxsn.mp4,0,0.0012308558
/home/tianlong/Downloads//test/osjaqtkkdt.mp4,0,0.17732026
/home/tianlong/Downloads//test/nthlmvjxac.mp4,0,0.0006175152
/home/tianlong/Downloads//test/dpegbdzijf.mp4,0,0.00030469664
/home/tianlong/Downloads//test/ezgusylcyf.mp4,0,0.08698728
/home/tianlong/Downloads//test/isxxybhuls.mp4,0,0.2532371
/home/tianlong/Downloads//test/dbqbwrcvjk.mp4,0,0.02329374
/home/tianlong/Downloads//test/qqrvyhjznq.mp4,0,0.0003510082
/home/tianlong/Downloads//test/ohdtmpzbtp.mp4,0,0.0031851544
/home/tianlong/Downloads//test/oupztxzdln.mp4,0,0.00019373359
/home/tianlong/Downloads//test/snidpujjti.mp4,0,0.0003670195
/home/tianlong/Downloads//test/yoxdseoukl.mp4,0,0.0017937953
/home/tianlong/Downloads//test/bxsdnqizii.mp4,0,0.001285619
/home/tianlong/Downloads//test/ihszkmcwvw.mp4,0,0.0013197573
/home/tianlong/Downloads//test/rgrqhjtoby.mp4,0,0.0017906033
/home/tianlong/Downloads//test/vqibhetnwa.mp4,0,0.42499995
/home/tianlong/Downloads//test/rkqqgwurqt.mp4,0,0.0013433007
/home/tianlong/Downloads//test/axdepsfowg.mp4,0,0.00023310342
/home/tianlong/Downloads//test/dcpmipuapc.mp4,0,0.00024129631
/home/tianlong/Downloads//test/ncjqganhal.mp4,0,0.6494974
/home/tianlong/Downloads//test/qnbnlmpqpu.mp4,0,0.015455497
/home/tianlong/Downloads//test/ieoervpooz.mp4,0,0.0027390942
/home/tianlong/Downloads//test/fscyfygpyk.mp4,0,0.5335861
/home/tianlong/Downloads//test/pitpjawwwp.mp4,0,0.023275046
/home/tianlong/Downloads//test/geturetbpy.mp4,0,0.075032435
/home/tianlong/Downloads//test/kwsraaqime.mp4,0,0.010275607
/home/tianlong/Downloads//test/lhgoghqmub.mp4,0,0.0005184315
/home/tianlong/Downloads//test/kdmonvkpqd.mp4,0,0.007836479
/home/tianlong/Downloads//test/wrcelewmpa.mp4,0,0.0003627624
/home/tianlong/Downloads//test/bxqgvzamnx.mp4,0,0.0003973271
/home/tianlong/Downloads//test/nliofvksed.mp4,0,0.00022407748
/home/tianlong/Downloads//test/mwjnvghsbe.mp4,0,0.10443934
/home/tianlong/Downloads//test/ygiscbckjl.mp4,0,0.03657098
/home/tianlong/Downloads//test/wscclwhfsr.mp4,0,0.008940807
/home/tianlong/Downloads//test/hddminxrhw.mp4,0,0.0035897407
/home/tianlong/Downloads//test/ncrkggcdqp.mp4,0,0.5340999
/home/tianlong/Downloads//test/xjinzawywt.mp4,0,0.0663615
/home/tianlong/Downloads//test/korrsqtkke.mp4,0,0.0048544076
/home/tianlong/Downloads//test/tskjnnvjsa.mp4,0,0.0026007164
/home/tianlong/Downloads//test/tyjxmknivy.mp4,0,0.009939994
/home/tianlong/Downloads//test/qyvqrtscbk.mp4,0,0.00036173745
/home/tianlong/Downloads//test/kxnybtbpkl.mp4,0,0.00023592361
/home/tianlong/Downloads//test/wiqtkqwfsw.mp4,0,0.00040937506
/home/tianlong/Downloads//test/bevjclbhuo.mp4,0,0.0003196049
/home/tianlong/Downloads//test/shwulrbsfx.mp4,0,0.0062649962
/home/tianlong/Downloads//test/mohtuktaaq.mp4,0,0.0024073252
/home/tianlong/Downloads//test/fwsypadiom.mp4,0,0.13791983
/home/tianlong/Downloads//test/buywrbgfqy.mp4,0,0.002469157
/home/tianlong/Downloads//test/bljpdykszf.mp4,0,0.66245925
/home/tianlong/Downloads//test/ztxdkcoxvx.mp4,0,0.006837457
/home/tianlong/Downloads//test/oqeoibjbim.mp4,0,0.0010237928
/home/tianlong/Downloads//test/szwhgmrrhm.mp4,0,0.034061395
/home/tianlong/Downloads//test/xnydmgdhum.mp4,0,0.6094428
/home/tianlong/Downloads//test/fltaysfwct.mp4,0,0.0010428851
/home/tianlong/Downloads//test/akdvkdoyoh.mp4,0,0.36707044
/home/tianlong/Downloads//test/ftfemkjnot.mp4,0,0.00050463405
/home/tianlong/Downloads//test/gmbckelbzp.mp4,0,0.002168154
/home/tianlong/Downloads//test/jjzveabagf.mp4,0,0.029340899
/home/tianlong/Downloads//test/dfqwasrdvq.mp4,0,0.006426367
/home/tianlong/Downloads//test/diskzkrrph.mp4,0,0.03257654
/home/tianlong/Downloads//test/jtwpwdqmxz.mp4,0,0.0013964443
/home/tianlong/Downloads//test/qivnumuetu.mp4,0,0.00033017885
/home/tianlong/Downloads//test/blmuzhjygg.mp4,0,0.00020066024
/home/tianlong/Downloads//test/sbxlfehzjc.mp4,0,0.13202707
/home/tianlong/Downloads//test/tcwhwssdnv.mp4,0,0.011981578
/home/tianlong/Downloads//test/bkbokyebco.mp4,0,0.016693702
/home/tianlong/Downloads//test/vojsghpebv.mp4,0,0.06260198
/home/tianlong/Downloads//test/opuhoerhxb.mp4,0,0.0006945974
/home/tianlong/Downloads//test/mmhdcoqsve.mp4,0,0.8021238
/home/tianlong/Downloads//test/ewxddjqzml.mp4,0,0.0017706369
/home/tianlong/Downloads//test/dznchaiaqh.mp4,0,0.00036520493
/home/tianlong/Downloads//test/mloeefokyq.mp4,0,0.0010955125
/home/tianlong/Downloads//test/fgkpembbpv.mp4,0,0.0017928547
/home/tianlong/Downloads//test/orqafstesq.mp4,0,0.00084071024
/home/tianlong/Downloads//test/ckgabgjnca.mp4,0,0.752714
/home/tianlong/Downloads//test/iuvhrgckrt.mp4,0,0.47935143
/home/tianlong/Downloads//test/vlzwcejywm.mp4,0,0.00047122155
/home/tianlong/Downloads//test/cpucjmfawf.mp4,0,0.0049982583
/home/tianlong/Downloads//test/ekvhyeycpr.mp4,0,0.00044754296
/home/tianlong/Downloads//test/tazlckybzu.mp4,0,0.00036748408
/home/tianlong/Downloads//test/clxgzkdgta.mp4,0,0.03426583
/home/tianlong/Downloads//test/zlfbumxcxs.mp4,0,0.00018797819
/home/tianlong/Downloads//test/plhcceboag.mp4,0,0.0005175262
/home/tianlong/Downloads//test/extihvlsxg.mp4,0,0.0017256613
/home/tianlong/Downloads//test/olebnvxoyl.mp4,0,0.043784585
/home/tianlong/Downloads//test/opdqcwqxzy.mp4,0,0.00046676263
/home/tianlong/Downloads//test/stwaypekwh.mp4,0,0.00032879983
/home/tianlong/Downloads//test/xogwctpikv.mp4,0,0.00041506364
/home/tianlong/Downloads//test/cjiwxfwcit.mp4,0,0.001242802
/home/tianlong/Downloads//test/txshgvrava.mp4,0,0.0005254496
/home/tianlong/Downloads//test/ggpuxwhpri.mp4,0,0.9220176
/home/tianlong/Downloads//test/jlxnzxtopm.mp4,0,0.00021748157
/home/tianlong/Downloads//test/thjugpbwcv.mp4,0,0.8344974
/home/tianlong/Downloads//test/pkititkein.mp4,0,0.003836728
/home/tianlong/Downloads//test/hjiwmybauf.mp4,0,0.3807106
/home/tianlong/Downloads//test/efazuieysm.mp4,0,0.0002756699
/home/tianlong/Downloads//test/tdzsgrdneg.mp4,0,0.9556101
/home/tianlong/Downloads//test/mkxmvreoth.mp4,0,0.0001622355
/home/tianlong/Downloads//test/ofbjiuemkr.mp4,0,0.0014970753
/home/tianlong/Downloads//test/dogotzkdiw.mp4,0,0.0003079048
/home/tianlong/Downloads//test/qdmvzknbua.mp4,0,0.0016234538
/home/tianlong/Downloads//test/pnauelqbxq.mp4,0,0.00036798435
/home/tianlong/Downloads//test/sytddqezij.mp4,0,0.0047584954
/home/tianlong/Downloads//test/bhpddnqauc.mp4,0,0.0015840085
/home/tianlong/Downloads//test/imtkdzkypf.mp4,0,0.451617
/home/tianlong/Downloads//test/kbodjivgqu.mp4,0,0.00037197862
/home/tianlong/Downloads//test/qtxraeaxeh.mp4,0,0.000459605
/home/tianlong/Downloads//test/uaxmqpmswz.mp4,0,0.00046567162
/home/tianlong/Downloads//test/qlbapiibba.mp4,0,0.17599581
/home/tianlong/Downloads//test/mzurunkulx.mp4,0,0.018408626
/home/tianlong/Downloads//test/aujoxrpddn.mp4,0,0.0006863434
/home/tianlong/Downloads//test/ebenvuuxld.mp4,0,0.00027940425
/home/tianlong/Downloads//test/fsfjlwwsen.mp4,0,0.72958845
/home/tianlong/Downloads//test/zwgaptzuqt.mp4,0,0.0005976771
/home/tianlong/Downloads//test/gldpafckwo.mp4,0,0.000263785
/home/tianlong/Downloads//test/nvkzpexyzg.mp4,0,0.00492473
/home/tianlong/Downloads//test/vnrmxwtsmf.mp4,0,0.000607938
/home/tianlong/Downloads//test/hmofiqjzxe.mp4,0,0.5213902
/home/tianlong/Downloads//test/ucryyubbqk.mp4,0,0.0007388283
/home/tianlong/Downloads//test/gwqdrapybq.mp4,0,0.0003451441
/home/tianlong/Downloads//test/avttogwbyz.mp4,0,0.0009376313
/home/tianlong/Downloads//test/hbmvxgonmq.mp4,0,0.00021184413
/home/tianlong/Downloads//test/gxxlbjuyza.mp4,0,0.0010944881
/home/tianlong/Downloads//test/jhzozsurac.mp4,0,0.5887796
/home/tianlong/Downloads//test/opyqudaics.mp4,0,0.00019155766
/home/tianlong/Downloads//test/vigbdgmudk.mp4,0,0.103503995
/home/tianlong/Downloads//test/viidhkoxyv.mp4,0,0.00037388183
/home/tianlong/Downloads//test/dmpvbeyuqb.mp4,0,0.0014396118
/home/tianlong/Downloads//test/wgycqahjww.mp4,0,0.6114543
/home/tianlong/Downloads//test/wwgmzeavbd.mp4,0,0.019737916
/home/tianlong/Downloads//test/qtqyglbdem.mp4,0,0.02342334
/home/tianlong/Downloads//test/nqynuhnklk.mp4,0,0.00026613762
/home/tianlong/Downloads//test/jygbqsigcr.mp4,0,0.00033845517
/home/tianlong/Downloads//test/nsozqvhalr.mp4,0,0.8426971
/home/tianlong/Downloads//test/yvmrwdyxby.mp4,0,0.0011160583
/home/tianlong/Downloads//test/kvhbyuklfv.mp4,0,0.005349968
/home/tianlong/Downloads//test/iwnfvkmktq.mp4,0,0.20938797
/home/tianlong/Downloads//test/qzfmctgxcs.mp4,0,0.00064953975
/home/tianlong/Downloads//test/vhipamioud.mp4,0,0.00042874986
/home/tianlong/Downloads//test/lmbvoxhowe.mp4,0,0.00016796411
/home/tianlong/Downloads//test/ziqjamfzlv.mp4,0,0.0006416258
/home/tianlong/Downloads//test/kqnwutdvpd.mp4,0,0.00018231341
/home/tianlong/Downloads//test/lucpbeexdk.mp4,0,0.0008748197
/home/tianlong/Downloads//test/pnotaniiuh.mp4,0,0.0002631954
/home/tianlong/Downloads//test/qohtjkzity.mp4,0,0.32206693
/home/tianlong/Downloads//test/bkjhfcvsig.mp4,0,0.00022785945
/home/tianlong/Downloads//test/kpcrdurodw.mp4,0,0.011475567
/home/tianlong/Downloads//test/nmphdbflzj.mp4,0,0.14296924
/home/tianlong/Downloads//test/fmsxomanga.mp4,0,0.0004563409
/home/tianlong/Downloads//test/tgwpcoljin.mp4,0,0.039451852
/home/tianlong/Downloads//test/foynwjsqeh.mp4,0,0.36057132
/home/tianlong/Downloads//test/vdqritvjfl.mp4,0,0.0013662629
/home/tianlong/Downloads//test/egyemqrvna.mp4,0,0.5976508
/home/tianlong/Downloads//test/xrtmepdfyh.mp4,0,0.00040584354
/home/tianlong/Downloads//test/zfgjechdto.mp4,0,0.00056702807
/home/tianlong/Downloads//test/jujpqsrgll.mp4,0,0.00061135576
/home/tianlong/Downloads//test/iakzgqqova.mp4,0,0.0034477026
/home/tianlong/Downloads//test/fqdklzzkfj.mp4,0,0.00091841584
/home/tianlong/Downloads//test/dnfnxwbsoi.mp4,0,0.0012354391
/home/tianlong/Downloads//test/lynaeydofd.mp4,0,0.00027618845
/home/tianlong/Downloads//test/relrfifywa.mp4,0,0.00042090288
/home/tianlong/Downloads//test/imsacxixmv.mp4,0,0.0004377106
/home/tianlong/Downloads//test/rfbwukxpye.mp4,0,0.0006897802
/home/tianlong/Downloads//test/atixaudngu.mp4,0,0.0002826365
/home/tianlong/Downloads//test/tcychsyltm.mp4,0,0.0009987658
/home/tianlong/Downloads//test/kifyfzqzjj.mp4,0,0.0046881414
/home/tianlong/Downloads//test/irjbukzjqt.mp4,0,0.2978494
/home/tianlong/Downloads//test/jmkkbkvbjo.mp4,0,0.032706507
/home/tianlong/Downloads//test/gflhlvhqyl.mp4,0,0.46829775
/home/tianlong/Downloads//test/myebjqbxsl.mp4,0,0.0002874128
/home/tianlong/Downloads//test/mqeqiytluf.mp4,0,0.00017476849
/home/tianlong/Downloads//test/zbsjlcsetv.mp4,0,0.00030696156
/home/tianlong/Downloads//test/lzmxqxrruv.mp4,0,0.0426047
/home/tianlong/Downloads//test/neotrnwthu.mp4,0,0.00023277846
/home/tianlong/Downloads//test/vwigtbeivy.mp4,0,0.00040369586
/home/tianlong/Downloads//test/ldtscpryms.mp4,0,0.0018079344
/home/tianlong/Downloads//test/sjgmmecazy.mp4,0,0.5429749
/home/tianlong/Downloads//test/jkrbsekajk.mp4,0,0.071179524
/home/tianlong/Downloads//test/iahzcxmuck.mp4,0,0.057642292
/home/tianlong/Downloads//test/cteqlloxwu.mp4,0,0.07442827
/home/tianlong/Downloads//test/pgqxsteufx.mp4,0,0.14066863
/home/tianlong/Downloads//test/cmuzrrlaiy.mp4,1,0.001972746
/home/tianlong/Downloads//test/jxeqhujuvh.mp4,1,0.0424014
/home/tianlong/Downloads//test/ntaqujyzes.mp4,1,0.0042305286
/home/tianlong/Downloads//test/ghxzsygiou.mp4,1,0.90800583
/home/tianlong/Downloads//test/lvxzjwiklq.mp4,1,0.0016641993
/home/tianlong/Downloads//test/wlyvvvjgnv.mp4,1,0.7124179
/home/tianlong/Downloads//test/hexxuigzdl.mp4,1,0.0026778
/home/tianlong/Downloads//test/zynrdvlrwv.mp4,1,0.0052628014
/home/tianlong/Downloads//test/kbvqzihgan.mp4,1,0.012113326
/home/tianlong/Downloads//test/razacdewcv.mp4,1,0.90700704
/home/tianlong/Downloads//test/tjlrvidbxw.mp4,1,0.0020267747
/home/tianlong/Downloads//test/gcbyurxhbz.mp4,1,0.000990564
/home/tianlong/Downloads//test/xticvyqqjn.mp4,1,0.010563404
/home/tianlong/Downloads//test/gqpayiddqv.mp4,1,0.6354649
/home/tianlong/Downloads//test/zmrnjhfxed.mp4,1,0.0010120379
/home/tianlong/Downloads//test/slpxqmwuqm.mp4,1,0.001198476
/home/tianlong/Downloads//test/upwsvjdtgo.mp4,1,0.01137003
/home/tianlong/Downloads//test/zpnjiswgdt.mp4,1,0.0017592064
/home/tianlong/Downloads//test/rayxtqfosv.mp4,1,0.07904284
/home/tianlong/Downloads//test/cfhoqpdzqb.mp4,1,0.098377354
/home/tianlong/Downloads//test/okyufzgvay.mp4,1,0.00067009084
/home/tianlong/Downloads//test/wgyxtquovo.mp4,1,0.085490026
/home/tianlong/Downloads//test/kicgvgukqs.mp4,1,0.26874375
/home/tianlong/Downloads//test/aolhuwcdwv.mp4,1,0.0019338615
/home/tianlong/Downloads//test/clzcvdsuyp.mp4,1,0.0016975558
/home/tianlong/Downloads//test/jibhugdfbs.mp4,1,0.0012788391
/home/tianlong/Downloads//test/kfiszsbzob.mp4,1,0.015726551
/home/tianlong/Downloads//test/mgwtoqonaf.mp4,1,0.10449359
/home/tianlong/Downloads//test/buzqmuifod.mp4,1,0.0046065385
/home/tianlong/Downloads//test/bofmetrgfm.mp4,1,0.07024158
/home/tianlong/Downloads//test/chlshvbday.mp4,1,0.92540526
/home/tianlong/Downloads//test/vxcjkgerao.mp4,1,0.01933471
/home/tianlong/Downloads//test/qxwqqhruvz.mp4,1,0.0017973584
/home/tianlong/Downloads//test/hytdcdixlv.mp4,1,0.0010755259
/home/tianlong/Downloads//test/buejhiahpy.mp4,1,0.00029049025
/home/tianlong/Downloads//test/omotodymgb.mp4,1,0.007615118
/home/tianlong/Downloads//test/gmcvyrferj.mp4,1,0.000297371
/home/tianlong/Downloads//test/ycoaclsdov.mp4,1,0.6126531
/home/tianlong/Downloads//test/scaljzcpcf.mp4,1,0.1384732
/home/tianlong/Downloads//test/uhbxhharht.mp4,1,0.043831207
/home/tianlong/Downloads//test/tmmakbzbqw.mp4,1,0.4226618
/home/tianlong/Downloads//test/mvfvefsgik.mp4,1,0.03151144
/home/tianlong/Downloads//test/inesnaprwm.mp4,1,0.81202835
/home/tianlong/Downloads//test/qqxelyjmmw.mp4,1,0.03254806
/home/tianlong/Downloads//test/dllkubdbbd.mp4,1,0.42698783
/home/tianlong/Downloads//test/ttnajmkchw.mp4,1,0.09112322
/home/tianlong/Downloads//test/kaffwaiexj.mp4,1,0.0012032825
/home/tianlong/Downloads//test/dpfuqzdtrs.mp4,1,0.0036468827
/home/tianlong/Downloads//test/hfvexodpht.mp4,1,0.6318354
/home/tianlong/Downloads//test/vmxjsdkuju.mp4,1,0.91893375
/home/tianlong/Downloads//test/afaxsgqksm.mp4,1,0.0015537788
/home/tianlong/Downloads//test/pgkipgmpgm.mp4,1,0.3470343
/home/tianlong/Downloads//test/ltkesswcyn.mp4,1,0.0014841633
/home/tianlong/Downloads//test/dffkcrccsj.mp4,1,0.000925716
/home/tianlong/Downloads//test/svtnilogao.mp4,1,0.0048985183
/home/tianlong/Downloads//test/bzobkqewtt.mp4,1,0.0007122807
/home/tianlong/Downloads//test/vemnbnqoqk.mp4,1,0.2884945
/home/tianlong/Downloads//test/nobrvdftmd.mp4,1,0.022688054
/home/tianlong/Downloads//test/qepgiaxgpc.mp4,1,0.14239007
/home/tianlong/Downloads//test/bogjubshbr.mp4,1,0.7588046
/home/tianlong/Downloads//test/uyoqozgdcy.mp4,1,0.0024990768
/home/tianlong/Downloads//test/cvmmtklgst.mp4,1,0.3714186
/home/tianlong/Downloads//test/qharxzhzpl.mp4,1,0.57989407
/home/tianlong/Downloads//test/sprejlmapw.mp4,1,0.00020243881
/home/tianlong/Downloads//test/crzrsezocr.mp4,1,0.0019775643
/home/tianlong/Downloads//test/wyqhadmmcy.mp4,1,0.7565741
/home/tianlong/Downloads//test/jrjxehotww.mp4,1,0.8332578
/home/tianlong/Downloads//test/xctpdujlok.mp4,1,0.00046294322
/home/tianlong/Downloads//test/hfspenqmpw.mp4,1,0.0074196053
/home/tianlong/Downloads//test/jkfukzcjxd.mp4,1,0.1522692
/home/tianlong/Downloads//test/knafngkgen.mp4,1,0.00789244
/home/tianlong/Downloads//test/tswmtnhfmn.mp4,1,0.00087869936
/home/tianlong/Downloads//test/qoasfzksgo.mp4,1,0.20856816
/home/tianlong/Downloads//test/hnrzuoqnkz.mp4,1,0.014046996
/home/tianlong/Downloads//test/nussrkyuzy.mp4,1,0.00028467097
/home/tianlong/Downloads//test/ciwzwmlyxz.mp4,1,0.00023571675
/home/tianlong/Downloads//test/dbauiiupef.mp4,1,0.08169993
/home/tianlong/Downloads//test/ywxfnlxtjg.mp4,1,0.0016531943
/home/tianlong/Downloads//test/pryqgrbtnu.mp4,1,0.027865337
/home/tianlong/Downloads//test/mbjpaydogy.mp4,1,0.90524834
/home/tianlong/Downloads//test/ihdopxhysr.mp4,1,0.04164431
/home/tianlong/Downloads//test/rgasvymjrj.mp4,1,0.100892484
/home/tianlong/Downloads//test/eclpgjjies.mp4,1,0.0122470595
/home/tianlong/Downloads//test/kxptuwngop.mp4,1,0.0020035536
/home/tianlong/Downloads//test/uaqvffouxp.mp4,1,0.0011204621
/home/tianlong/Downloads//test/xvqzzgoabm.mp4,1,0.0010436459
/home/tianlong/Downloads//test/tkgbjtcxyl.mp4,1,0.021485303
/home/tianlong/Downloads//test/xlnaxrwvcx.mp4,1,0.005428951
/home/tianlong/Downloads//test/kphfzaullq.mp4,1,0.5935603
/home/tianlong/Downloads//test/rkezgzxnoo.mp4,1,0.00046101352
/home/tianlong/Downloads//test/fromclsodq.mp4,1,0.0010690474
/home/tianlong/Downloads//test/nrscfrjxpb.mp4,1,0.00029341844
/home/tianlong/Downloads//test/ygobagrhmg.mp4,1,0.17412612
/home/tianlong/Downloads//test/hisfrixnbu.mp4,1,0.0042873546
/home/tianlong/Downloads//test/duzueyonao.mp4,1,0.0003597373
/home/tianlong/Downloads//test/gkknsyqbnz.mp4,1,0.00822974
/home/tianlong/Downloads//test/tmgdrjjalz.mp4,1,0.83446383
/home/tianlong/Downloads//test/iajblozgtx.mp4,1,0.00023979064
/home/tianlong/Downloads//test/ahkcchuwqq.mp4,1,0.16759433
/home/tianlong/Downloads//test/zmfiveruie.mp4,1,0.10154383
/home/tianlong/Downloads//test/xptgnpgfkn.mp4,1,0.0027015514
/home/tianlong/Downloads//test/aebhowazav.mp4,1,0.007891215
/home/tianlong/Downloads//test/geulcwvfuy.mp4,1,0.010470879
/home/tianlong/Downloads//test/glzyifzrql.mp4,1,0.8903778
/home/tianlong/Downloads//test/wvmrsucbsq.mp4,1,0.26463607
/home/tianlong/Downloads//test/moetggyxsc.mp4,1,0.00080651965
/home/tianlong/Downloads//test/jfvnwpcjrm.mp4,1,0.014800927
/home/tianlong/Downloads//test/kaggpclkjm.mp4,1,0.1357914
/home/tianlong/Downloads//test/nacldwtuwp.mp4,1,0.002854276
/home/tianlong/Downloads//test/upwyvqbjlq.mp4,1,0.987547
/home/tianlong/Downloads//test/tdmyjvptzv.mp4,1,0.029614283
/home/tianlong/Downloads//test/fzurflflwv.mp4,1,0.35493964
/home/tianlong/Downloads//test/aakjukgjme.mp4,1,0.5988182
/home/tianlong/Downloads//test/ypepsyuwmo.mp4,1,0.05459092
/home/tianlong/Downloads//test/qxhyhhkywc.mp4,1,0.017817203
/home/tianlong/Downloads//test/iqvfopywpa.mp4,1,0.3110673
/home/tianlong/Downloads//test/xfncslssic.mp4,1,0.00044520805
/home/tianlong/Downloads//test/jesstfspwv.mp4,1,0.0014384594
/home/tianlong/Downloads//test/xiraodtgnt.mp4,1,0.0014632214
/home/tianlong/Downloads//test/xeuzubpylq.mp4,1,0.053612087
/home/tianlong/Downloads//test/xszpbtciwo.mp4,1,0.0022541336
/home/tianlong/Downloads//test/fkksbgaibl.mp4,1,0.024752107
/home/tianlong/Downloads//test/ntqzfgmhnj.mp4,1,0.0024396137
/home/tianlong/Downloads//test/bizbjxafzr.mp4,1,0.031839922
/home/tianlong/Downloads//test/bxfwiuvafo.mp4,1,0.6131697
/home/tianlong/Downloads//test/jfcglbovmo.mp4,1,0.63641
/home/tianlong/Downloads//test/odidbykbar.mp4,1,0.081591204
/home/tianlong/Downloads//test/qarbtmjwhm.mp4,1,0.072799824
/home/tianlong/Downloads//test/jeierullea.mp4,1,0.007234596
/home/tianlong/Downloads//test/lrckqkzekj.mp4,1,0.1365359
/home/tianlong/Downloads//test/riizlqngim.mp4,1,0.0008209769
/home/tianlong/Downloads//test/lmcnonfhgz.mp4,1,0.0013849614
/home/tianlong/Downloads//test/lkhszpabzv.mp4,1,0.09380956
/home/tianlong/Downloads//test/njqbwiajss.mp4,1,0.0005804344
/home/tianlong/Downloads//test/ksqybmrwyg.mp4,1,0.62845427
/home/tianlong/Downloads//test/dxphlwcvan.mp4,1,0.7119452
/home/tianlong/Downloads//test/dgjssccxhx.mp4,1,0.9899671
/home/tianlong/Downloads//test/sbfxzmhzyv.mp4,1,0.9296662
/home/tianlong/Downloads//test/rlvgpdrgvi.mp4,1,0.9788603
/home/tianlong/Downloads//test/uzdmxmfcqe.mp4,1,0.6955757
/home/tianlong/Downloads//test/afixxjdxef.mp4,1,0.0024838003
/home/tianlong/Downloads//test/fwvxtssltw.mp4,1,0.00027708968
/home/tianlong/Downloads//test/jyzlvivrmr.mp4,1,0.005081999
/home/tianlong/Downloads//test/byavookkdu.mp4,1,0.0016930269
/home/tianlong/Downloads//test/agyawnxlmv.mp4,1,0.59437084
/home/tianlong/Downloads//test/zjoonppreb.mp4,1,0.0015220491
/home/tianlong/Downloads//test/sjzwpqupnm.mp4,1,0.012317471
/home/tianlong/Downloads//test/pobrnbspcf.mp4,1,0.00023166367
/home/tianlong/Downloads//test/qdkpphviay.mp4,1,0.0026226768
/home/tianlong/Downloads//test/nbyaxzmueg.mp4,1,0.0006996575
/home/tianlong/Downloads//test/vfszaqentw.mp4,1,0.0021397085
/home/tianlong/Downloads//test/fosovipqkg.mp4,1,0.0140924575
/home/tianlong/Downloads//test/grwcxofqrx.mp4,1,0.021722805
/home/tianlong/Downloads//test/koqxhnmkjl.mp4,1,0.059452493
/home/tianlong/Downloads//test/xkukyjokbg.mp4,1,0.9959978
/home/tianlong/Downloads//test/fmnzbwtjep.mp4,1,0.0010569391
/home/tianlong/Downloads//test/aruyyclubn.mp4,1,0.0014565609
/home/tianlong/Downloads//test/eluhuvocwr.mp4,1,0.77205014
/home/tianlong/Downloads//test/iiwffwiyrg.mp4,1,0.001129903
/home/tianlong/Downloads//test/fsbabrxhqy.mp4,1,0.23322871
/home/tianlong/Downloads//test/ymqadbkafj.mp4,1,0.39402205
/home/tianlong/Downloads//test/nptmqvfuhz.mp4,1,0.18696633
/home/tianlong/Downloads//test/usjnlahlcj.mp4,1,0.21825098
/home/tianlong/Downloads//test/hbozjjcafn.mp4,1,0.00035252864
/home/tianlong/Downloads//test/cizxmeztny.mp4,1,0.8012808
/home/tianlong/Downloads//test/syxlmynhsi.mp4,1,0.9080039
/home/tianlong/Downloads//test/ezadehoecy.mp4,1,0.0004226398
/home/tianlong/Downloads//test/fpliemtlco.mp4,1,0.8824689
/home/tianlong/Downloads//test/arflgfcnkg.mp4,1,0.15747818
/home/tianlong/Downloads//test/occelhylxf.mp4,1,0.18498805
/home/tianlong/Downloads//test/uqntkvpntd.mp4,1,0.0020953424
/home/tianlong/Downloads//test/iatevqworc.mp4,1,0.000801448
/home/tianlong/Downloads//test/xzsmgydcub.mp4,1,0.004094314
/home/tianlong/Downloads//test/qbffpkpmkf.mp4,1,0.012146987
/home/tianlong/Downloads//test/pzbpgfmroj.mp4,1,0.012168806
/home/tianlong/Downloads//test/oundixpyst.mp4,1,0.7740332
/home/tianlong/Downloads//test/hnxhwfttpy.mp4,1,0.9400176
/home/tianlong/Downloads//test/rdjwlvvwtv.mp4,1,0.0077414843
/home/tianlong/Downloads//test/tcmstiljkk.mp4,1,0.0017983211
/home/tianlong/Downloads//test/qbfdtumuct.mp4,1,0.00026266195
/home/tianlong/Downloads//test/mxnquwuszt.mp4,1,0.005362131
/home/tianlong/Downloads//test/sjooumwlzb.mp4,1,0.022536239
/home/tianlong/Downloads//test/twhwouycfg.mp4,1,0.785583
/home/tianlong/Downloads//test/wytpaehszj.mp4,1,0.0014686343
/home/tianlong/Downloads//test/srtwhbzzlr.mp4,1,0.712288
/home/tianlong/Downloads//test/jqjfpkuckf.mp4,1,0.0015100403
/home/tianlong/Downloads//test/yxjjfaekev.mp4,1,0.0018013511
/home/tianlong/Downloads//test/cyokqrzbol.mp4,1,0.03451905
/home/tianlong/Downloads//test/mtilpvablx.mp4,1,0.28210214
/home/tianlong/Downloads//test/njwsmltmvb.mp4,1,0.00034724348
/home/tianlong/Downloads//test/xkksfulade.mp4,1,0.009269147
/home/tianlong/Downloads//test/dtfgsvfmjq.mp4,1,0.0012330349
/home/tianlong/Downloads//test/onaewxqqkd.mp4,1,0.3070529
/home/tianlong/Downloads//test/pazpnfrbbc.mp4,1,0.0009894398
/home/tianlong/Downloads//test/kgowzoxjfq.mp4,1,0.16351663
/home/tianlong/Downloads//test/ltdwtgrads.mp4,1,0.0017826281
/home/tianlong/Downloads//test/znistrajpw.mp4,1,0.00020084152
/home/tianlong/Downloads//test/yfhzmfhojv.mp4,1,0.35121256
/home/tianlong/Downloads//test/spkorcenyh.mp4,1,0.24836513
/home/tianlong/Downloads//test/axopbbxwzr.mp4,1,0.00035454988
/home/tianlong/Downloads//test/hxrruqinnh.mp4,1,0.028119614
/home/tianlong/Downloads//test/tkaybnjwhg.mp4,1,0.31227747
/home/tianlong/Downloads//test/lhwwhjhyqx.mp4,1,0.00022264892
/home/tianlong/Downloads//test/btxjufhiaz.mp4,1,0.0005729828
/home/tianlong/Downloads//test/dnhaskulaj.mp4,1,0.8142221
/home/tianlong/Downloads//test/vxqofldgze.mp4,1,0.0035359329
/home/tianlong/Downloads//test/ddjzmyabyu.mp4,1,0.0018656461
/home/tianlong/Downloads//test/mgahaaogif.mp4,1,0.0050076204
/home/tianlong/Downloads//test/ktmdpragph.mp4,1,0.0025486776
/home/tianlong/Downloads//test/xazdhdnwhh.mp4,1,0.010054405
/home/tianlong/Downloads//test/qnslgeajnt.mp4,1,0.0002408607
/home/tianlong/Downloads//test/sivrgbsaog.mp4,1,0.0031608322
/home/tianlong/Downloads//test/uzmuovkewv.mp4,1,0.006432478
/home/tianlong/Downloads//test/tvazrcdkpq.mp4,1,0.0057087243
/home/tianlong/Downloads//test/jbatiwjmzh.mp4,1,0.41621432
/home/tianlong/Downloads//test/hmiylncrva.mp4,1,0.0010884098
/home/tianlong/Downloads//test/uxkojffbsr.mp4,1,0.40851617
/home/tianlong/Downloads//test/crbcrxqftw.mp4,1,0.041913286
/home/tianlong/Downloads//test/yermnsnlgf.mp4,1,0.00041309395
/home/tianlong/Downloads//test/gipcvghjiy.mp4,1,0.003365339
/home/tianlong/Downloads//test/iwcfxyoimw.mp4,1,0.3207954
/home/tianlong/Downloads//test/kozaofkgvk.mp4,1,0.11657338
/home/tianlong/Downloads//test/xlgevjtsog.mp4,1,0.0014223137
/home/tianlong/Downloads//test/bpjkimtqtz.mp4,1,0.00037543342
/home/tianlong/Downloads//test/pdnwaekrtn.mp4,1,0.6777882
/home/tianlong/Downloads//test/toxsrzsksc.mp4,1,0.0018082606
/home/tianlong/Downloads//test/oejfypsbfh.mp4,1,0.10143725
/home/tianlong/Downloads//test/hwyuwbnszo.mp4,1,0.0024676777
/home/tianlong/Downloads//test/acgyspwyqr.mp4,1,0.00066180335
/home/tianlong/Downloads//test/oitcqmvnsa.mp4,1,0.17939839
/home/tianlong/Downloads//test/pdqqkuclvd.mp4,1,0.0026249902
/home/tianlong/Downloads//test/slsyjvgfpu.mp4,1,0.016602628
/home/tianlong/Downloads//test/xmdfnldfyc.mp4,1,0.0023691875
/home/tianlong/Downloads//test/ynkzlkahux.mp4,1,0.007960451
/home/tianlong/Downloads//test/szjbkskyph.mp4,1,0.005487411
/home/tianlong/Downloads//test/yyiiywtiry.mp4,1,0.0005124198
/home/tianlong/Downloads//test/crvotfojeq.mp4,1,0.00033308723
/home/tianlong/Downloads//test/rsqblsfgli.mp4,1,0.0007069356
/home/tianlong/Downloads//test/becqadbtkb.mp4,1,0.89835125
/home/tianlong/Downloads//test/afqaubpglg.mp4,1,0.013677835
/home/tianlong/Downloads//test/pwplooonzr.mp4,1,0.0030340897
/home/tianlong/Downloads//test/vjegxiyvla.mp4,1,0.9307901
/home/tianlong/Downloads//test/jbwtbfbdko.mp4,1,0.00069664087
/home/tianlong/Downloads//test/toggbitvfd.mp4,1,0.9104268
/home/tianlong/Downloads//test/xpfhawmzbe.mp4,1,0.0007523653
/home/tianlong/Downloads//test/kjwdinzplo.mp4,1,0.00023602821
/home/tianlong/Downloads//test/jrkdzpijpb.mp4,1,0.0131613
/home/tianlong/Downloads//test/lbnuxynggy.mp4,1,0.00035114004
/home/tianlong/Downloads//test/iorrylopzn.mp4,1,0.00231837
/home/tianlong/Downloads//test/yasxapunrf.mp4,1,0.0090508405
/home/tianlong/Downloads//test/suohrphvbe.mp4,1,0.18805383
/home/tianlong/Downloads//test/salsuwvckq.mp4,1,0.9934744
/home/tianlong/Downloads//test/eclnowceyi.mp4,1,0.0001805814
/home/tianlong/Downloads//test/wvtymfvbwq.mp4,1,0.0007806606
/home/tianlong/Downloads//test/rsjhmrvdwg.mp4,1,0.006883478
/home/tianlong/Downloads//test/qtvhpmoukj.mp4,1,0.35164544
/home/tianlong/Downloads//test/svqkfjfucw.mp4,1,0.26526558
/home/tianlong/Downloads//test/jdlqmnhuix.mp4,1,0.0013537632
/home/tianlong/Downloads//test/ltmkgkppwx.mp4,1,0.0015979238
/home/tianlong/Downloads//test/zaoyocjkgw.mp4,1,0.0004669346
/home/tianlong/Downloads//test/vgrhobnbfo.mp4,1,0.0002921818
/home/tianlong/Downloads//test/eeeuzozcdc.mp4,1,0.0005933034
/home/tianlong/Downloads//test/ikgxqbhmlv.mp4,1,0.99265724
/home/tianlong/Downloads//test/zyeakowujw.mp4,1,0.0011605915
/home/tianlong/Downloads//test/uerapqglmr.mp4,1,0.0003935377
/home/tianlong/Downloads//test/fmuncwjpej.mp4,1,0.005907021
/home/tianlong/Downloads//test/xllzvdxwiv.mp4,1,0.00855131
/home/tianlong/Downloads//test/giuymhlbyo.mp4,1,0.25731882
/home/tianlong/Downloads//test/bubbmjnmge.mp4,1,0.00091009855
/home/tianlong/Downloads//test/qwqefbalkv.mp4,1,0.0004265257
/home/tianlong/Downloads//test/aupsxowdcp.mp4,1,0.012155155
/home/tianlong/Downloads//test/apjovfzzft.mp4,1,0.00029219405
/home/tianlong/Downloads//test/yjbnaqwxyf.mp4,1,0.012970337
/home/tianlong/Downloads//test/dajlkmlvch.mp4,1,0.00048100375
/home/tianlong/Downloads//test/egwzzhemvk.mp4,1,0.0010633483
/home/tianlong/Downloads//test/vlhrgeyvqy.mp4,1,0.0035375198
/home/tianlong/Downloads//test/vpolvvzwsw.mp4,1,0.0005747755
/home/tianlong/Downloads//test/ddkcxrncmq.mp4,1,0.0140910335
/home/tianlong/Downloads//test/fncnobpzzx.mp4,1,0.67209154
/home/tianlong/Downloads//test/lhayhvqjmg.mp4,1,0.009905984
/home/tianlong/Downloads//test/yboofyemks.mp4,1,0.00042186893
/home/tianlong/Downloads//test/wzkovvmdkq.mp4,1,0.02454125
/home/tianlong/Downloads//test/axxldpmbat.mp4,1,0.008207682
/home/tianlong/Downloads//test/piovymzozl.mp4,1,0.001773302
/home/tianlong/Downloads//test/ymjrnwsjxt.mp4,1,0.00016783028
/home/tianlong/Downloads//test/jfxroglrst.mp4,1,0.0002541123
/home/tianlong/Downloads//test/qzyaijdbfe.mp4,1,0.015727334
/home/tianlong/Downloads//test/gzwzxbtkpd.mp4,1,0.9958872
/home/tianlong/Downloads//test/bgssriyozb.mp4,1,0.0005320817
/home/tianlong/Downloads//test/wqtraebanl.mp4,1,0.9322737
/home/tianlong/Downloads//test/lovkthgavz.mp4,1,0.14207245
/home/tianlong/Downloads//test/vpgjaoyvir.mp4,1,0.034376025
/home/tianlong/Downloads//test/btlqqvfuck.mp4,1,0.052518856
/home/tianlong/Downloads//test/zzxidpsxmv.mp4,1,0.0010460498
/home/tianlong/Downloads//test/qzuhjrhozy.mp4,1,0.6816152
/home/tianlong/Downloads//test/rtuaxyuvqs.mp4,1,0.0031278087
/home/tianlong/Downloads//test/vybbullejj.mp4,1,0.0005008863
/home/tianlong/Downloads//test/lblweiecpx.mp4,1,0.10535442
/home/tianlong/Downloads//test/qkchcuiljp.mp4,1,0.017049529
/home/tianlong/Downloads//test/roivdutkrz.mp4,1,0.006036941
/home/tianlong/Downloads//test/rziziscker.mp4,1,0.0009492881
/home/tianlong/Downloads//test/zsdmgllhck.mp4,1,0.00044882955
/home/tianlong/Downloads//test/kpkzqbpivj.mp4,1,0.0012448077
/home/tianlong/Downloads//test/tgkjhdyxww.mp4,1,0.31899548
/home/tianlong/Downloads//test/zubaiztkag.mp4,1,0.09656691
/home/tianlong/Downloads//test/figxvsdmsb.mp4,1,0.00046786538
/home/tianlong/Downloads//test/enzlliylet.mp4,1,0.10671152
/home/tianlong/Downloads//test/acekgkqgdg.mp4,1,0.0034301796
/home/tianlong/Downloads//test/ljrikjsgis.mp4,1,0.0010596531
/home/tianlong/Downloads//test/vawotznxqn.mp4,1,0.72239035
/home/tianlong/Downloads//test/jsqtbnxnpb.mp4,1,0.6820324
/home/tianlong/Downloads//test/yibeqxcadd.mp4,1,0.96768224
/home/tianlong/Downloads//test/zvgekhyszq.mp4,1,0.00031541707
/home/tianlong/Downloads//test/luisdnrumh.mp4,1,0.0103678005
/home/tianlong/Downloads//test/xffjesgeey.mp4,1,0.0010600924
/home/tianlong/Downloads//test/haesrhzukc.mp4,1,0.5732879
/home/tianlong/Downloads//test/uwccodyhgh.mp4,1,0.025598655
/home/tianlong/Downloads//test/msdtzpmmae.mp4,1,0.00025895672
/home/tianlong/Downloads//test/zgiypcmpic.mp4,1,0.0002007014
/home/tianlong/Downloads//test/olkcmrmvbh.mp4,1,0.58373034
/home/tianlong/Downloads//test/kiffbbtjfe.mp4,1,0.045457356
/home/tianlong/Downloads//test/junzzlnlfw.mp4,1,0.0036889939
/home/tianlong/Downloads//test/qkgicklwyn.mp4,1,0.00041719567
/home/tianlong/Downloads//test/wluigkzjdl.mp4,1,0.5698144
/home/tianlong/Downloads//test/rsnrcisldc.mp4,1,0.041903283
/home/tianlong/Downloads//test/asiuftijhs.mp4,1,0.99509084
/home/tianlong/Downloads//test/yjloopcthi.mp4,1,0.019530386
/home/tianlong/Downloads//test/tzzwqaxtrk.mp4,1,0.007679569
/home/tianlong/Downloads//test/tmfvsxrxnk.mp4,1,0.28795168
/home/tianlong/Downloads//test/dlsdmdraln.mp4,1,0.00028318973
/home/tianlong/Downloads//test/rkygzeyegz.mp4,1,0.53545964
/home/tianlong/Downloads//test/truremwrti.mp4,1,0.30135936
/home/tianlong/Downloads//test/depcrcqwai.mp4,1,0.0012138926
/home/tianlong/Downloads//test/jovohczybs.mp4,1,0.9968761
/home/tianlong/Downloads//test/udcpjfvqro.mp4,1,0.009948388
/home/tianlong/Downloads//test/yxlkovjssa.mp4,1,0.0029492597
/home/tianlong/Downloads//test/trltdpitif.mp4,1,0.0042531835
/home/tianlong/Downloads//test/hwufwjdaai.mp4,1,0.0026871776
/home/tianlong/Downloads//test/vgfxjwupga.mp4,1,0.052197035
/home/tianlong/Downloads//test/jejjcsijvc.mp4,1,0.11262566
/home/tianlong/Downloads//test/yjpfhrfyfn.mp4,1,0.00055978645
/home/tianlong/Downloads//test/izyqqybmcq.mp4,1,0.0005408157
/home/tianlong/Downloads//test/xjnflcfxhn.mp4,1,0.6655113
/home/tianlong/Downloads//test/zidsbdilrm.mp4,1,0.001829676
/home/tianlong/Downloads//test/lepqvhstws.mp4,1,0.0013292294
/home/tianlong/Downloads//test/eabghyltka.mp4,1,0.828945
/home/tianlong/Downloads//test/qxgwcsugvd.mp4,1,0.00039563424
/home/tianlong/Downloads//test/oitqddnspw.mp4,1,0.007036097
/home/tianlong/Downloads//test/jiddesrgoi.mp4,1,0.98467064
/home/tianlong/Downloads//test/whsqzlklam.mp4,1,0.004233362
/home/tianlong/Downloads//test/hwspklkjol.mp4,1,0.0011805518
/home/tianlong/Downloads//test/mgxdtegobh.mp4,1,0.024001798
/home/tianlong/Downloads//test/dkvxzocpnx.mp4,1,0.00043057866
/home/tianlong/Downloads//test/zxjiwvyzbs.mp4,1,0.05053492
/home/tianlong/Downloads//test/qysxqoredd.mp4,1,0.016688084
/home/tianlong/Downloads//test/angqjpzdts.mp4,1,0.30190486
/home/tianlong/Downloads//test/slbhiftdwk.mp4,1,0.0024265838
/home/tianlong/Downloads//test/ctsjalmkpx.mp4,1,0.0015780216
/home/tianlong/Downloads//test/jrwqouwlzc.mp4,1,0.9620635
/home/tianlong/Downloads//test/vcqcervdzi.mp4,1,0.00046108826
/home/tianlong/Downloads//test/mxczokbutl.mp4,1,0.020938033
/home/tianlong/Downloads//test/qawqquinvi.mp4,1,0.03462157
/home/tianlong/Downloads//test/cqiyijvrcj.mp4,1,0.0060531683
/home/tianlong/Downloads//test/wypdykzzma.mp4,1,0.6226934
/home/tianlong/Downloads//test/zdurkznxhi.mp4,1,0.00039436747
/home/tianlong/Downloads//test/llwjpzzrur.mp4,1,0.00079481484
/home/tianlong/Downloads//test/stmqpsakem.mp4,1,0.018699292
/home/tianlong/Downloads//test/hqfxruqynj.mp4,1,0.33338532
/home/tianlong/Downloads//test/cotxffvovx.mp4,1,0.01250367
/home/tianlong/Downloads//test/yiwyejujhz.mp4,1,0.029672293
/home/tianlong/Downloads//test/azkhkminwu.mp4,1,0.0031995256
/home/tianlong/Downloads//test/yoicqcpxgm.mp4,1,0.9767994
/home/tianlong/Downloads//test/kcpamicxjs.mp4,1,0.114591144
/home/tianlong/Downloads//test/mbnvlpwewk.mp4,1,0.112598315
/home/tianlong/Downloads//test/wjqdwzowcg.mp4,1,0.00020517566
/home/tianlong/Downloads//test/vqtspwkgwe.mp4,1,0.035147045
/home/tianlong/Downloads//test/rurhyzsnyi.mp4,1,0.005298518
/home/tianlong/Downloads//test/sipuxpudya.mp4,1,0.00031474148
/home/tianlong/Downloads//test/scchmtbzar.mp4,1,0.0033513408
/home/tianlong/Downloads//test/qyhlzalxzm.mp4,1,0.0032177349
/home/tianlong/Downloads//test/ektrtuwidv.mp4,1,0.0015366634
/home/tianlong/Downloads//test/scbfkrlytb.mp4,1,0.1464118
/home/tianlong/Downloads//test/kxnsmwhqtl.mp4,1,0.12695374
/home/tianlong/Downloads//test/fiayeurvwb.mp4,1,0.18842825
/home/tianlong/Downloads//test/xpuntxtdbs.mp4,1,0.100008085
/home/tianlong/Downloads//test/edvyxmzpoy.mp4,1,0.6206462
/home/tianlong/Downloads//test/thnywrwayf.mp4,1,0.00028085688
/home/tianlong/Downloads//test/xojauzdavy.mp4,1,0.00091091584
/home/tianlong/Downloads//test/kaajaxzivt.mp4,1,0.00029851118
/home/tianlong/Downloads//test/fmvdkhucsz.mp4,1,0.8960462
/home/tianlong/Downloads//test/mdkqmouddq.mp4,1,0.3733004
/home/tianlong/Downloads//test/ehtvcnlsfl.mp4,1,0.0076995115
/home/tianlong/Downloads//test/iizsrcugyd.mp4,1,0.82944536
/home/tianlong/Downloads//test/hurlxdpsxl.mp4,1,0.15538177
/home/tianlong/Downloads//test/rvfhfbutlx.mp4,1,0.0260493
/home/tianlong/Downloads//test/ycxkcnwrbw.mp4,1,0.0146432
/home/tianlong/Downloads//test/jrmgqzgcmj.mp4,1,0.0013455187
/home/tianlong/Downloads//test/cinrseylyp.mp4,1,0.7112847
/home/tianlong/Downloads//test/uhvmrfksax.mp4,1,0.00094575324
/home/tianlong/Downloads//test/djjdzsivvi.mp4,1,0.11765794
/home/tianlong/Downloads//test/pmulgdcejl.mp4,1,0.00024408406
/home/tianlong/Downloads//test/ngvbaolyub.mp4,1,0.0009768463
/home/tianlong/Downloads//test/kpyyjmxmoj.mp4,1,0.00088371546
/home/tianlong/Downloads//test/xhizcimlzp.mp4,1,0.00026611076
/home/tianlong/Downloads//test/ulygywporv.mp4,1,0.022212658
/home/tianlong/Downloads//test/psunkvudmg.mp4,1,0.043638434
/home/tianlong/Downloads//test/ctarrlrgdy.mp4,1,0.0005813906
/home/tianlong/Downloads//test/hdzygqltzu.mp4,1,0.9936907
/home/tianlong/Downloads//test/rvtfddfweu.mp4,1,0.97290707
/home/tianlong/Downloads//test/kaeouvuasm.mp4,1,0.0012918666
/home/tianlong/Downloads//test/rzivzpozjr.mp4,1,0.00030441096
/home/tianlong/Downloads//test/stfqbsbvfy.mp4,1,0.0018062004
/home/tianlong/Downloads//test/qbhoufagsa.mp4,1,0.0002766573
/home/tianlong/Downloads//test/xycfzkbnhy.mp4,1,0.00077178323
/home/tianlong/Downloads//test/zudnvkagjk.mp4,1,0.0013315947
/home/tianlong/Downloads//test/feaqnlczwc.mp4,1,0.00042571794
/home/tianlong/Downloads//test/rqviqcsbzw.mp4,1,0.6344917
/home/tianlong/Downloads//test/dhfcwchsir.mp4,1,0.0006905852
/home/tianlong/Downloads//test/cglpyitrzw.mp4,1,0.00027473766
/home/tianlong/Downloads//test/yjypqyrhyi.mp4,1,0.0016196504
/home/tianlong/Downloads//test/fokuimoqkh.mp4,1,0.99033654
/home/tianlong/Downloads//test/xzouvgiqha.mp4,1,0.00047951197
/home/tianlong/Downloads//test/qyjbhkeqes.mp4,1,0.8999425
/home/tianlong/Downloads//test/phngwcpbqw.mp4,1,0.003031459
/home/tianlong/Downloads//test/rjcjcdkzkw.mp4,1,0.39908618
/home/tianlong/Downloads//test/legilvljip.mp4,1,0.0011941765
/home/tianlong/Downloads//test/bukegrztbb.mp4,1,0.0013114692
/home/tianlong/Downloads//test/yvaxmtbtgx.mp4,1,0.0017608451
/home/tianlong/Downloads//test/saljlsmnet.mp4,1,0.966335
/home/tianlong/Downloads//test/ezupajzwdl.mp4,1,0.2602601
/home/tianlong/Downloads//test/xeszevnech.mp4,1,0.0006165354
/home/tianlong/Downloads//test/fbqwomdehr.mp4,1,0.021115018
/home/tianlong/Downloads//test/itdywxjknn.mp4,1,0.45341498
/home/tianlong/Downloads//test/zwupuzlefv.mp4,1,0.42612994
/home/tianlong/Downloads//test/qcrofjquht.mp4,1,0.0017958585
/home/tianlong/Downloads//test/jblkcfejih.mp4,1,0.035331845
/home/tianlong/Downloads//test/howruupkxw.mp4,1,0.98849165
/home/tianlong/Downloads//test/xslxboadvn.mp4,1,0.0006943908
/home/tianlong/Downloads//test/rzykslnkdi.mp4,1,0.004011838
/home/tianlong/Downloads//test/govjvzfbcj.mp4,1,0.037153643
/home/tianlong/Downloads//test/fwbvksfidm.mp4,1,0.0077709965
/home/tianlong/Downloads//test/khokwspqph.mp4,1,0.002251362
/home/tianlong/Downloads//test/sslrtrxyaj.mp4,1,0.040426888
/home/tianlong/Downloads//test/zdmknyhzoo.mp4,1,0.0014732393
/home/tianlong/Downloads//test/rzjpckpslj.mp4,1,0.0006760887
/home/tianlong/Downloads//test/pscilvlcfe.mp4,1,0.439264
/home/tianlong/Downloads//test/rlwkdhgoqw.mp4,1,0.62807006
/home/tianlong/Downloads//test/cmpkopoabr.mp4,1,0.0006149831
/home/tianlong/Downloads//test/dbljnexmlf.mp4,1,0.7484516
/home/tianlong/Downloads//test/atfuphvjft.mp4,1,0.0009811036
/home/tianlong/Downloads//test/zdldobedod.mp4,1,0.51608604
/home/tianlong/Downloads//test/iknfqmugud.mp4,1,0.106130004
/home/tianlong/Downloads//test/whusuiiqmt.mp4,1,0.035622697
/home/tianlong/Downloads//test/ksrnzzbcsz.mp4,1,0.0005160846
/home/tianlong/Downloads//test/xxhuecshhw.mp4,1,0.0006238716
/home/tianlong/Downloads//test/okmlcbefeu.mp4,1,0.95061725
/home/tianlong/Downloads//test/xryrhuskyd.mp4,1,0.037298266
/home/tianlong/Downloads//test/wevygelkrl.mp4,1,0.042075146
/home/tianlong/Downloads//test/rdpausigpg.mp4,1,0.00080933206
/home/tianlong/Downloads//test/fdziwiuoer.mp4,1,0.5940542
/home/tianlong/Downloads//test/kykmrtoitd.mp4,1,0.24706501
/home/tianlong/Downloads//test/eacsjvcmlp.mp4,1,0.013698842
/home/tianlong/Downloads//test/asvuutypvz.mp4,1,0.00021664667
/home/tianlong/Downloads//test/nucqorkejg.mp4,1,0.7969237
/home/tianlong/Downloads//test/ctpexqamtx.mp4,1,0.0031595973
/home/tianlong/Downloads//test/vnsxdkjjtk.mp4,1,0.19287375
/home/tianlong/Downloads//test/cktsyobheu.mp4,1,0.1630274
/home/tianlong/Downloads//test/kccicuhxgk.mp4,1,0.005421109
/home/tianlong/Downloads//test/qckjihxoze.mp4,1,0.013184799
/home/tianlong/Downloads//test/gvqtnedfso.mp4,1,0.5724245
/home/tianlong/Downloads//test/ajxkvlpgov.mp4,1,0.7234177
/home/tianlong/Downloads//test/srlilcjhaf.mp4,1,0.4754662
/home/tianlong/Downloads//test/qfjxksudna.mp4,1,0.67380565
/home/tianlong/Downloads//test/hstvglyexy.mp4,1,0.4775566
/home/tianlong/Downloads//test/jyyvhnsyys.mp4,1,0.0002612847
/home/tianlong/Downloads//test/whxqigkgyk.mp4,1,0.009582547
/home/tianlong/Downloads//test/mqzrlecakr.mp4,1,0.92520416
/home/tianlong/Downloads//test/aeplbqxnge.mp4,1,0.0002313123
/home/tianlong/Downloads//test/inwaznexiv.mp4,1,0.1376114
/home/tianlong/Downloads//test/anfupdhmyr.mp4,1,0.36662254
/home/tianlong/Downloads//test/wbvlgevkmb.mp4,1,0.16034573
/home/tianlong/Downloads//test/uiykwgaarz.mp4,1,0.004291968
/home/tianlong/Downloads//test/nvarnevska.mp4,1,0.017498069
/home/tianlong/Downloads//test/ooczenomzk.mp4,1,0.00032243007
/home/tianlong/Downloads//test/qtjuhlppot.mp4,1,0.024157256
/home/tianlong/Downloads//test/drqtyzvhdd.mp4,1,0.000355145
/home/tianlong/Downloads//test/ytljvippwv.mp4,1,0.95702493
/home/tianlong/Downloads//test/skrqoagxle.mp4,1,0.0225046
/home/tianlong/Downloads//test/shwkznunyp.mp4,1,0.05088724
/home/tianlong/Downloads//test/tlsoagxovk.mp4,1,0.6023717
/home/tianlong/Downloads//test/enpshnkugu.mp4,1,0.000722196
/home/tianlong/Downloads//test/vitjdpnfpi.mp4,1,0.41346207
/home/tianlong/Downloads//test/jovrnujurf.mp4,1,0.5522461
/home/tianlong/Downloads//test/sbwemwjlsl.mp4,1,0.0029260586
/home/tianlong/Downloads//test/uclzxnftij.mp4,1,0.054535955
/home/tianlong/Downloads//test/sdqjjttckw.mp4,1,0.9756841
/home/tianlong/Downloads//test/wtmggpeiom.mp4,1,0.37614307
