Video,Label,Prediction
/home/tianlong/Downloads//test/myvwyfdnxu.mp4,0,0.14665326
/home/tianlong/Downloads//test/uxgkqpiykp.mp4,0,0.087552324
/home/tianlong/Downloads//test/qyscponfaf.mp4,0,0.0034316021
/home/tianlong/Downloads//test/tmgmbnzrrz.mp4,0,0.34357348
/home/tianlong/Downloads//test/wfmeffvvce.mp4,0,0.037612833
/home/tianlong/Downloads//test/fwrcfaglhz.mp4,0,0.06782966
/home/tianlong/Downloads//test/itfzfpuilx.mp4,0,0.073097005
/home/tianlong/Downloads//test/wupoiiknff.mp4,0,0.097452186
/home/tianlong/Downloads//test/dscprfjses.mp4,0,0.0817409
/home/tianlong/Downloads//test/ofntcunuqn.mp4,0,0.0019425165
/home/tianlong/Downloads//test/imnzannmcr.mp4,0,0.12512547
/home/tianlong/Downloads//test/jidkzoagws.mp4,0,0.20324817
/home/tianlong/Downloads//test/nkpqkddsgt.mp4,0,0.35231438
/home/tianlong/Downloads//test/xqmrrciral.mp4,0,0.09960951
/home/tianlong/Downloads//test/ykfllpyawg.mp4,0,0.070795186
/home/tianlong/Downloads//test/bpieoyctzo.mp4,0,0.026317036
/home/tianlong/Downloads//test/wjrepvzlsv.mp4,0,0.16963929
/home/tianlong/Downloads//test/voucpidonq.mp4,0,0.117630005
/home/tianlong/Downloads//test/fxfxtrrkeq.mp4,0,0.16841899
/home/tianlong/Downloads//test/qggfpdkyzi.mp4,0,0.06833859
/home/tianlong/Downloads//test/xyucutnxhz.mp4,0,0.033516526
/home/tianlong/Downloads//test/rkxepdkger.mp4,0,0.01515572
/home/tianlong/Downloads//test/fxxpxoqoxp.mp4,0,0.008733712
/home/tianlong/Downloads//test/jkxxwfycsj.mp4,0,0.042957343
/home/tianlong/Downloads//test/qbearsyziz.mp4,0,0.078887776
/home/tianlong/Downloads//test/kyrbveruev.mp4,0,0.08986041
/home/tianlong/Downloads//test/pdyrvsvwyi.mp4,0,0.05270494
/home/tianlong/Downloads//test/bpxxmxuvuy.mp4,0,0.084630825
/home/tianlong/Downloads//test/ekxsduhvwh.mp4,0,0.0053475825
/home/tianlong/Downloads//test/ocsqqqduxx.mp4,0,0.0046510384
/home/tianlong/Downloads//test/qufzdwetss.mp4,0,0.14300725
/home/tianlong/Downloads//test/vwqrtxbwye.mp4,0,0.30002522
/home/tianlong/Downloads//test/zuduvanawx.mp4,0,0.07461953
/home/tianlong/Downloads//test/rkjhxvdnsv.mp4,0,0.35788685
/home/tianlong/Downloads//test/hpcivouyku.mp4,0,0.075466156
/home/tianlong/Downloads//test/vgndywbmgf.mp4,0,0.17094901
/home/tianlong/Downloads//test/hfgczdzbix.mp4,0,0.062290292
/home/tianlong/Downloads//test/rwehwmmutn.mp4,0,0.025998497
/home/tianlong/Downloads//test/jyfnzyvznx.mp4,0,0.14178213
/home/tianlong/Downloads//test/jxpodcendq.mp4,0,0.054238457
/home/tianlong/Downloads//test/kgynainlug.mp4,0,0.12076409
/home/tianlong/Downloads//test/hqgervpkkf.mp4,0,0.26621613
/home/tianlong/Downloads//test/defeqlyysh.mp4,0,0.20425233
/home/tianlong/Downloads//test/xzkwbswkao.mp4,0,0.06374581
/home/tianlong/Downloads//test/hhdblnxhtj.mp4,0,0.049697082
/home/tianlong/Downloads//test/oaptmwroki.mp4,0,0.10689554
/home/tianlong/Downloads//test/djlkkqmjkk.mp4,0,0.009444052
/home/tianlong/Downloads//test/motfposykz.mp4,0,0.16327228
/home/tianlong/Downloads//test/shvfupmrho.mp4,0,0.15471154
/home/tianlong/Downloads//test/escwmsthiz.mp4,0,0.014062503
/home/tianlong/Downloads//test/ctpypmzfnl.mp4,0,0.17098723
/home/tianlong/Downloads//test/sjqrdyzkgl.mp4,0,0.28896046
/home/tianlong/Downloads//test/ddrjnwlugg.mp4,0,0.06447982
/home/tianlong/Downloads//test/hxfqltenqh.mp4,0,0.08900043
/home/tianlong/Downloads//test/umerhoubxw.mp4,0,0.0035923948
/home/tianlong/Downloads//test/jxrpqynwlt.mp4,0,0.050864
/home/tianlong/Downloads//test/hprzotbjtj.mp4,0,0.19724807
/home/tianlong/Downloads//test/cqewayywpg.mp4,0,0.2914676
/home/tianlong/Downloads//test/nvptcoxzah.mp4,0,0.096452735
/home/tianlong/Downloads//test/uvzlfuxalu.mp4,0,0.36447158
/home/tianlong/Downloads//test/mfcbgbcuvb.mp4,0,0.0036287121
/home/tianlong/Downloads//test/tmtoypmqwt.mp4,0,0.3763751
/home/tianlong/Downloads//test/bsjucwhlrj.mp4,0,0.08699546
/home/tianlong/Downloads//test/hlsubhyoea.mp4,0,0.012132253
/home/tianlong/Downloads//test/deslnszgpy.mp4,0,0.13921708
/home/tianlong/Downloads//test/tfwdbkwvgz.mp4,0,0.009775253
/home/tianlong/Downloads//test/ufxafdxpat.mp4,0,0.004889025
/home/tianlong/Downloads//test/lmacrzidyh.mp4,0,0.020045869
/home/tianlong/Downloads//test/wyiajvmitt.mp4,0,0.29195982
/home/tianlong/Downloads//test/xbdnqfbxcv.mp4,0,0.102845415
/home/tianlong/Downloads//test/mhfnldxixw.mp4,0,0.24590829
/home/tianlong/Downloads//test/pfiigjlcct.mp4,0,0.24225083
/home/tianlong/Downloads//test/ldtibsniik.mp4,0,0.003556403
/home/tianlong/Downloads//test/gwzttezkpv.mp4,0,0.23222597
/home/tianlong/Downloads//test/pevmkpamhv.mp4,0,0.0206269
/home/tianlong/Downloads//test/zcfpsnaujx.mp4,0,0.09277545
/home/tianlong/Downloads//test/slvcfpalev.mp4,0,0.4419833
/home/tianlong/Downloads//test/ctdwtfcjei.mp4,0,0.07174511
/home/tianlong/Downloads//test/vxwsisekmb.mp4,0,0.013627501
/home/tianlong/Downloads//test/pkoadvlpga.mp4,0,0.005561757
/home/tianlong/Downloads//test/ofapaanpkl.mp4,0,0.21501331
/home/tianlong/Downloads//test/huzryvwrfa.mp4,0,0.2062808
/home/tianlong/Downloads//test/knjoasqzvt.mp4,0,0.00201572
/home/tianlong/Downloads//test/cedpyannqf.mp4,0,0.111372195
/home/tianlong/Downloads//test/mdwtpvlbrz.mp4,0,0.025257409
/home/tianlong/Downloads//test/hfcxlucrbj.mp4,0,0.016321216
/home/tianlong/Downloads//test/wbsajsyaej.mp4,0,0.001324913
/home/tianlong/Downloads//test/tbqrwehekx.mp4,0,0.37946317
/home/tianlong/Downloads//test/shslgpeisw.mp4,0,0.29590273
/home/tianlong/Downloads//test/epgfqrvwlr.mp4,0,0.20298481
/home/tianlong/Downloads//test/fduhwlydlg.mp4,0,0.049165696
/home/tianlong/Downloads//test/cpmridjxbc.mp4,0,0.032355394
/home/tianlong/Downloads//test/kphflojove.mp4,0,0.31514272
/home/tianlong/Downloads//test/hlcpwfwcyw.mp4,0,0.22394554
/home/tianlong/Downloads//test/bpeemkcxad.mp4,0,0.42221412
/home/tianlong/Downloads//test/jkadnvoqhk.mp4,0,0.22274022
/home/tianlong/Downloads//test/lzzpsosige.mp4,0,0.25182018
/home/tianlong/Downloads//test/pxtwhbaxjq.mp4,0,0.04965078
/home/tianlong/Downloads//test/pxgcsltbuo.mp4,0,0.0020774489
/home/tianlong/Downloads//test/gmepmwcgwg.mp4,0,0.042445965
/home/tianlong/Downloads//test/tnetytnegv.mp4,0,0.023294982
/home/tianlong/Downloads//test/sxmqvznwwq.mp4,0,0.028095985
/home/tianlong/Downloads//test/partcfzlbj.mp4,0,0.010645683
/home/tianlong/Downloads//test/tnkmovifrb.mp4,0,0.21294852
/home/tianlong/Downloads//test/dpgznlwvpx.mp4,0,0.017062303
/home/tianlong/Downloads//test/mbpbbekqks.mp4,0,0.4557765
/home/tianlong/Downloads//test/hdbejalgtx.mp4,0,0.004878688
/home/tianlong/Downloads//test/bmdiaytrcm.mp4,0,0.0049428204
/home/tianlong/Downloads//test/yghxoihrle.mp4,0,0.034691107
/home/tianlong/Downloads//test/vcgelshrli.mp4,0,0.025604758
/home/tianlong/Downloads//test/yvdnbmbwyh.mp4,0,0.37557134
/home/tianlong/Downloads//test/kmakhupeac.mp4,0,0.4330744
/home/tianlong/Downloads//test/ccevbixrwu.mp4,0,0.0100938715
/home/tianlong/Downloads//test/edavfjsjzw.mp4,0,0.010638411
/home/tianlong/Downloads//test/znmzmierff.mp4,0,0.05482366
/home/tianlong/Downloads//test/kiotoqmmfj.mp4,0,0.43087563
/home/tianlong/Downloads//test/nqctdktbtb.mp4,0,0.25427657
/home/tianlong/Downloads//test/inneixkosf.mp4,0,0.34752256
/home/tianlong/Downloads//test/occrrsyizc.mp4,0,0.11165117
/home/tianlong/Downloads//test/zfecmsiodq.mp4,0,0.006479226
/home/tianlong/Downloads//test/haknpmhigp.mp4,0,0.009081887
/home/tianlong/Downloads//test/zjbwxmmrgk.mp4,0,0.017991116
/home/tianlong/Downloads//test/qgpabkriss.mp4,0,0.33857226
/home/tianlong/Downloads//test/liureznisp.mp4,0,0.10294487
/home/tianlong/Downloads//test/bzdywpajvr.mp4,0,0.12011516
/home/tianlong/Downloads//test/jniytngcmy.mp4,0,0.05318746
/home/tianlong/Downloads//test/idklchvhxp.mp4,0,0.3487926
/home/tianlong/Downloads//test/pijzjjchqn.mp4,0,0.06554502
/home/tianlong/Downloads//test/pjnsejazpl.mp4,0,0.019566644
/home/tianlong/Downloads//test/gpaqoqegbn.mp4,0,0.016678855
/home/tianlong/Downloads//test/xsxwrwvfkg.mp4,0,0.04571891
/home/tianlong/Downloads//test/arwefyghir.mp4,0,0.32899916
/home/tianlong/Downloads//test/ptgvxdueef.mp4,0,0.101754054
/home/tianlong/Downloads//test/plljpjscih.mp4,0,0.011547245
/home/tianlong/Downloads//test/jozfaxodnx.mp4,0,0.027005007
/home/tianlong/Downloads//test/girdwtjwsr.mp4,0,0.23608544
/home/tianlong/Downloads//test/jbaahohsns.mp4,0,0.27394253
/home/tianlong/Downloads//test/uetfcmaryk.mp4,0,0.08313379
/home/tianlong/Downloads//test/oqbltrmhvt.mp4,0,0.40607166
/home/tianlong/Downloads//test/dvtzvkcrku.mp4,0,0.37648758
/home/tianlong/Downloads//test/qjilklnynm.mp4,0,0.031223316
/home/tianlong/Downloads//test/tcsdjwbihw.mp4,0,0.053176343
/home/tianlong/Downloads//test/zhftwvtutp.mp4,0,0.0038361032
/home/tianlong/Downloads//test/xgktqwvknw.mp4,0,0.08718941
/home/tianlong/Downloads//test/cdeesuuuqz.mp4,0,0.034755874
/home/tianlong/Downloads//test/ymngcysczs.mp4,0,0.00794474
/home/tianlong/Downloads//test/gctyynjruz.mp4,0,0.19971815
/home/tianlong/Downloads//test/vkirqaiuoc.mp4,0,0.1903221
/home/tianlong/Downloads//test/ykywskdwlc.mp4,0,0.049560677
/home/tianlong/Downloads//test/verpxkucoi.mp4,0,0.16479705
/home/tianlong/Downloads//test/gpsqelalbp.mp4,0,0.009593285
/home/tianlong/Downloads//test/paorozwtbf.mp4,0,0.03926051
/home/tianlong/Downloads//test/iaaecuquha.mp4,0,0.103168294
/home/tianlong/Downloads//test/lmgdjtzwau.mp4,0,0.22333865
/home/tianlong/Downloads//test/tayykmblhg.mp4,0,0.05660864
/home/tianlong/Downloads//test/hpurahupjh.mp4,0,0.0043387804
/home/tianlong/Downloads//test/uutxmgqajd.mp4,0,0.39488548
/home/tianlong/Downloads//test/rbkcpkwhjn.mp4,0,0.044618912
/home/tianlong/Downloads//test/wtnloygygs.mp4,0,0.20051476
/home/tianlong/Downloads//test/biborxaekt.mp4,0,0.07179418
/home/tianlong/Downloads//test/drlnvwvvuw.mp4,0,0.21204929
/home/tianlong/Downloads//test/axutpjywuu.mp4,0,0.061169893
/home/tianlong/Downloads//test/jbcnsmlysc.mp4,0,0.004736189
/home/tianlong/Downloads//test/ilzhgraxpl.mp4,0,0.0075885155
/home/tianlong/Downloads//test/cwqhzuhjol.mp4,0,0.07832439
/home/tianlong/Downloads//test/tlzordotqw.mp4,0,0.32926434
/home/tianlong/Downloads//test/hdauuytvhx.mp4,0,0.012397854
/home/tianlong/Downloads//test/rtiyduycrn.mp4,0,0.10358568
/home/tianlong/Downloads//test/mdsmgzaltc.mp4,0,0.30788022
/home/tianlong/Downloads//test/mnlxxoicoo.mp4,0,0.038037498
/home/tianlong/Downloads//test/ksfuiztwuc.mp4,0,0.2892725
/home/tianlong/Downloads//test/tpjydgkvdt.mp4,0,0.0052438215
/home/tianlong/Downloads//test/nmjesbwiux.mp4,0,0.050644517
/home/tianlong/Downloads//test/egzfaoiuwo.mp4,0,0.0078041255
/home/tianlong/Downloads//test/ucmfbukrkj.mp4,0,0.18477185
/home/tianlong/Downloads//test/aoqzxlwvmi.mp4,0,0.27930385
/home/tianlong/Downloads//test/zzjfzeuizr.mp4,0,0.21337394
/home/tianlong/Downloads//test/aunokqsmrt.mp4,0,0.025166804
/home/tianlong/Downloads//test/kudvvlgiff.mp4,0,0.0074807047
/home/tianlong/Downloads//test/qqwsabrgxh.mp4,0,0.11856218
/home/tianlong/Downloads//test/pvsslamopo.mp4,0,0.11213217
/home/tianlong/Downloads//test/kawxnfacqs.mp4,0,0.059854228
/home/tianlong/Downloads//test/lxeqbyddvt.mp4,0,0.013555872
/home/tianlong/Downloads//test/zylribcaeu.mp4,0,0.19780587
/home/tianlong/Downloads//test/sghdekqnnn.mp4,0,0.030273307
/home/tianlong/Downloads//test/msbqgoxxlh.mp4,0,0.09684687
/home/tianlong/Downloads//test/ubbzrfgzer.mp4,0,0.0041392376
/home/tianlong/Downloads//test/vuofhivyfs.mp4,0,0.36613205
/home/tianlong/Downloads//test/xirrbpmlja.mp4,0,0.22582611
/home/tianlong/Downloads//test/appvffejyy.mp4,0,0.16651371
/home/tianlong/Downloads//test/nzepxsbotb.mp4,0,0.05731804
/home/tianlong/Downloads//test/nkqkvwpghi.mp4,0,0.34446916
/home/tianlong/Downloads//test/vdvffooule.mp4,0,0.26201677
/home/tianlong/Downloads//test/rayhrvqorn.mp4,0,0.011986087
/home/tianlong/Downloads//test/cslfapvyjv.mp4,0,0.0099875685
/home/tianlong/Downloads//test/rmygsfjyvt.mp4,0,0.1733001
/home/tianlong/Downloads//test/yhbhhibwzo.mp4,0,0.17465235
/home/tianlong/Downloads//test/vlxfyuzygn.mp4,0,0.058498763
/home/tianlong/Downloads//test/zefqhoewww.mp4,0,0.02160329
/home/tianlong/Downloads//test/vptrrrmhyb.mp4,0,0.15796384
/home/tianlong/Downloads//test/cefolmrrlx.mp4,0,0.007555836
/home/tianlong/Downloads//test/xzmplldajk.mp4,0,0.23563226
/home/tianlong/Downloads//test/hrznynemfj.mp4,0,0.15477629
/home/tianlong/Downloads//test/tkxblcleyd.mp4,0,0.14921607
/home/tianlong/Downloads//test/tlxgwzheli.mp4,0,0.0045273653
/home/tianlong/Downloads//test/qvgutokvct.mp4,0,0.3551597
/home/tianlong/Downloads//test/tcwyxrvdpe.mp4,0,0.08575461
/home/tianlong/Downloads//test/jwrypvpvpx.mp4,0,0.20750591
/home/tianlong/Downloads//test/bpyjsrjcro.mp4,0,0.21711962
/home/tianlong/Downloads//test/avteqdmbob.mp4,0,0.17904446
/home/tianlong/Downloads//test/aaivbtdyjn.mp4,0,0.08157189
/home/tianlong/Downloads//test/pokctfragw.mp4,0,0.0017104173
/home/tianlong/Downloads//test/vgdllmzjcw.mp4,0,0.26406676
/home/tianlong/Downloads//test/zdlhavfmit.mp4,0,0.025436824
/home/tianlong/Downloads//test/yupsrmckii.mp4,0,0.36532828
/home/tianlong/Downloads//test/pobpsxjbzg.mp4,0,0.00092001614
/home/tianlong/Downloads//test/lkvouattut.mp4,0,0.056337606
/home/tianlong/Downloads//test/anjzzdyhno.mp4,0,0.018423986
/home/tianlong/Downloads//test/jvihmimqca.mp4,0,0.17667496
/home/tianlong/Downloads//test/wnoitecfmf.mp4,0,0.024916828
/home/tianlong/Downloads//test/gbvllwqbjl.mp4,0,0.061636
/home/tianlong/Downloads//test/gzabjmglim.mp4,0,0.0014957588
/home/tianlong/Downloads//test/paqcbtdulm.mp4,0,0.01387797
/home/tianlong/Downloads//test/jcbbrqaaaq.mp4,0,0.06885213
/home/tianlong/Downloads//test/nsavbywhlu.mp4,0,0.050137747
/home/tianlong/Downloads//test/zwfebeiqat.mp4,0,0.018574987
/home/tianlong/Downloads//test/pimrsfwcwm.mp4,0,0.015061012
/home/tianlong/Downloads//test/mrvdmwcblt.mp4,0,0.19642538
/home/tianlong/Downloads//test/hedetzyqpu.mp4,0,0.091336116
/home/tianlong/Downloads//test/qytaiboeep.mp4,0,0.13730936
/home/tianlong/Downloads//test/famavifufv.mp4,0,0.066715516
/home/tianlong/Downloads//test/hnselekxwv.mp4,0,0.1229915
/home/tianlong/Downloads//test/emgciwmtuj.mp4,0,0.00526183
/home/tianlong/Downloads//test/wbmvbetcdm.mp4,0,0.007992772
/home/tianlong/Downloads//test/mpvnvvihzp.mp4,0,0.3392657
/home/tianlong/Downloads//test/zelgpxflfe.mp4,0,0.28934932
/home/tianlong/Downloads//test/lhjcdavmmg.mp4,0,0.2666123
/home/tianlong/Downloads//test/rxtqqoncwj.mp4,0,0.08437294
/home/tianlong/Downloads//test/shrpamtirw.mp4,0,0.1559793
/home/tianlong/Downloads//test/qhzlgrtgto.mp4,0,0.10742259
/home/tianlong/Downloads//test/uuzyzglejw.mp4,0,0.17687969
/home/tianlong/Downloads//test/bmnpqrwnex.mp4,0,0.041198496
/home/tianlong/Downloads//test/dtssdnhgiw.mp4,0,0.36287567
/home/tianlong/Downloads//test/rlhmppiklf.mp4,0,0.12036868
/home/tianlong/Downloads//test/sswhgeqjrt.mp4,0,0.3006216
/home/tianlong/Downloads//test/emxqsgqtdz.mp4,0,0.14439788
/home/tianlong/Downloads//test/bcwtjzsutw.mp4,0,0.067382544
/home/tianlong/Downloads//test/uomfimsutw.mp4,0,0.27070573
/home/tianlong/Downloads//test/mztlucosuc.mp4,0,0.13407488
/home/tianlong/Downloads//test/ntcfyojagi.mp4,0,0.069211036
/home/tianlong/Downloads//test/wrbuiboyat.mp4,0,0.3928132
/home/tianlong/Downloads//test/xiqecarvpb.mp4,0,0.075256884
/home/tianlong/Downloads//test/fcvzlzfufb.mp4,0,0.0029711132
/home/tianlong/Downloads//test/savqrjnncg.mp4,0,0.04366899
/home/tianlong/Downloads//test/icqmqztbry.mp4,0,0.25963968
/home/tianlong/Downloads//test/zzrmokkxka.mp4,0,0.35464752
/home/tianlong/Downloads//test/btgxrrldio.mp4,0,0.2936488
/home/tianlong/Downloads//test/zdnepyqjiy.mp4,0,0.17482166
/home/tianlong/Downloads//test/fybiztpnrc.mp4,0,0.055869795
/home/tianlong/Downloads//test/parqhrknkf.mp4,0,0.35867786
/home/tianlong/Downloads//test/tvffpggbrc.mp4,0,0.23590095
/home/tianlong/Downloads//test/rtpuwtrxsr.mp4,0,0.06892628
/home/tianlong/Downloads//test/tgmqfzsznf.mp4,0,0.21668947
/home/tianlong/Downloads//test/eqabuehals.mp4,0,0.004880118
/home/tianlong/Downloads//test/ikebomnsiq.mp4,0,0.12779264
/home/tianlong/Downloads//test/wfzxrfxohw.mp4,0,0.062316407
/home/tianlong/Downloads//test/dqfgwejsvm.mp4,0,0.02032766
/home/tianlong/Downloads//test/lxadgjqzbf.mp4,0,0.22732162
/home/tianlong/Downloads//test/tdahgbtenl.mp4,0,0.42465267
/home/tianlong/Downloads//test/bivzhsmrqo.mp4,0,0.18161236
/home/tianlong/Downloads//test/vzxluflrhn.mp4,0,0.17385529
/home/tianlong/Downloads//test/ikmsdmynbf.mp4,0,0.0027474016
/home/tianlong/Downloads//test/kuqbgbrypa.mp4,0,0.46123537
/home/tianlong/Downloads//test/nfstajzaot.mp4,0,0.08530817
/home/tianlong/Downloads//test/dultiznosk.mp4,0,0.0027615086
/home/tianlong/Downloads//test/ckqfqernbf.mp4,0,0.023086531
/home/tianlong/Downloads//test/kbdwudhhwf.mp4,0,0.004992393
/home/tianlong/Downloads//test/hqpjmwyygq.mp4,0,0.038331553
/home/tianlong/Downloads//test/tjyuudtkme.mp4,0,0.013166489
/home/tianlong/Downloads//test/tihgxlmfcj.mp4,0,0.0020936902
/home/tianlong/Downloads//test/sgdnbofecu.mp4,0,0.09171656
/home/tianlong/Downloads//test/pgamqeolau.mp4,0,0.00043628234
/home/tianlong/Downloads//test/ijeqomctsa.mp4,0,0.008856389
/home/tianlong/Downloads//test/ppruxbqpmc.mp4,0,0.13770021
/home/tianlong/Downloads//test/hkvfyeacje.mp4,0,0.07873942
/home/tianlong/Downloads//test/zqrzqekofe.mp4,0,0.06875702
/home/tianlong/Downloads//test/iwzbgmtsuh.mp4,0,0.029345427
/home/tianlong/Downloads//test/dbixwxtuxs.mp4,0,0.25390822
/home/tianlong/Downloads//test/cepqcoseaj.mp4,0,0.010196209
/home/tianlong/Downloads//test/gypapuqdrx.mp4,0,0.4272307
/home/tianlong/Downloads//test/djhhnixfyi.mp4,0,0.17775711
/home/tianlong/Downloads//test/fkarxowzuf.mp4,0,0.017217964
/home/tianlong/Downloads//test/gfxnuidfgl.mp4,0,0.007972792
/home/tianlong/Downloads//test/vsreebjsfs.mp4,0,0.26263753
/home/tianlong/Downloads//test/manqchicur.mp4,0,0.3697523
/home/tianlong/Downloads//test/gztffgsxpt.mp4,0,0.012802261
/home/tianlong/Downloads//test/jdzkykqgsx.mp4,0,0.013165196
/home/tianlong/Downloads//test/cvbubcwkkl.mp4,0,0.07536212
/home/tianlong/Downloads//test/bgqhldvsgc.mp4,0,0.0023149876
/home/tianlong/Downloads//test/blqgpxokwq.mp4,0,0.12531441
/home/tianlong/Downloads//test/cxvayntesu.mp4,0,0.024460318
/home/tianlong/Downloads//test/dxepehnhgm.mp4,0,0.071277305
/home/tianlong/Downloads//test/bcgjlsupne.mp4,0,0.0049405573
/home/tianlong/Downloads//test/uhynwthfhf.mp4,0,0.05955414
/home/tianlong/Downloads//test/gocrdvihos.mp4,0,0.021037826
/home/tianlong/Downloads//test/gtyvtbojpp.mp4,0,0.1613927
/home/tianlong/Downloads//test/eqtwkqxolz.mp4,0,0.12954156
/home/tianlong/Downloads//test/arwiyweadv.mp4,0,0.047378
/home/tianlong/Downloads//test/mlizcisxro.mp4,0,0.2025876
/home/tianlong/Downloads//test/miiymgajty.mp4,0,0.13065602
/home/tianlong/Downloads//test/ragjclplkx.mp4,0,0.0007298013
/home/tianlong/Downloads//test/wxrfuemtxj.mp4,0,0.06578885
/home/tianlong/Downloads//test/xxupwwukoh.mp4,0,0.011203626
/home/tianlong/Downloads//test/qdantvtdji.mp4,0,0.10190698
/home/tianlong/Downloads//test/oqehnuhbwa.mp4,0,0.30742267
/home/tianlong/Downloads//test/yzqbwkwxsn.mp4,0,0.22662048
/home/tianlong/Downloads//test/osjaqtkkdt.mp4,0,0.07758678
/home/tianlong/Downloads//test/nthlmvjxac.mp4,0,0.2749682
/home/tianlong/Downloads//test/dpegbdzijf.mp4,0,0.010918569
/home/tianlong/Downloads//test/ezgusylcyf.mp4,0,0.29880613
/home/tianlong/Downloads//test/isxxybhuls.mp4,0,0.39663982
/home/tianlong/Downloads//test/dbqbwrcvjk.mp4,0,0.07042118
/home/tianlong/Downloads//test/qqrvyhjznq.mp4,0,0.00083452323
/home/tianlong/Downloads//test/ohdtmpzbtp.mp4,0,0.15540685
/home/tianlong/Downloads//test/oupztxzdln.mp4,0,0.054585278
/home/tianlong/Downloads//test/snidpujjti.mp4,0,0.21217608
/home/tianlong/Downloads//test/yoxdseoukl.mp4,0,0.25056332
/home/tianlong/Downloads//test/bxsdnqizii.mp4,0,0.07696324
/home/tianlong/Downloads//test/ihszkmcwvw.mp4,0,0.030676562
/home/tianlong/Downloads//test/rgrqhjtoby.mp4,0,0.07496185
/home/tianlong/Downloads//test/vqibhetnwa.mp4,0,0.29758352
/home/tianlong/Downloads//test/rkqqgwurqt.mp4,0,0.013390264
/home/tianlong/Downloads//test/axdepsfowg.mp4,0,0.0070139132
/home/tianlong/Downloads//test/dcpmipuapc.mp4,0,0.011894814
/home/tianlong/Downloads//test/ncjqganhal.mp4,0,0.21042553
/home/tianlong/Downloads//test/qnbnlmpqpu.mp4,0,0.30808496
/home/tianlong/Downloads//test/ieoervpooz.mp4,0,0.13563693
/home/tianlong/Downloads//test/fscyfygpyk.mp4,0,0.02109926
/home/tianlong/Downloads//test/pitpjawwwp.mp4,0,0.2947122
/home/tianlong/Downloads//test/geturetbpy.mp4,0,0.25873742
/home/tianlong/Downloads//test/kwsraaqime.mp4,0,0.16929428
/home/tianlong/Downloads//test/lhgoghqmub.mp4,0,0.17410462
/home/tianlong/Downloads//test/kdmonvkpqd.mp4,0,0.35763174
/home/tianlong/Downloads//test/wrcelewmpa.mp4,0,0.16940072
/home/tianlong/Downloads//test/bxqgvzamnx.mp4,0,0.027492797
/home/tianlong/Downloads//test/nliofvksed.mp4,0,0.40974241
/home/tianlong/Downloads//test/mwjnvghsbe.mp4,0,0.08874768
/home/tianlong/Downloads//test/ygiscbckjl.mp4,0,0.14968057
/home/tianlong/Downloads//test/wscclwhfsr.mp4,0,0.15607598
/home/tianlong/Downloads//test/hddminxrhw.mp4,0,0.08732426
/home/tianlong/Downloads//test/ncrkggcdqp.mp4,0,0.117468834
/home/tianlong/Downloads//test/xjinzawywt.mp4,0,0.23048627
/home/tianlong/Downloads//test/korrsqtkke.mp4,0,0.17659844
/home/tianlong/Downloads//test/tskjnnvjsa.mp4,0,0.33441165
/home/tianlong/Downloads//test/tyjxmknivy.mp4,0,0.099608995
/home/tianlong/Downloads//test/qyvqrtscbk.mp4,0,0.15957613
/home/tianlong/Downloads//test/kxnybtbpkl.mp4,0,0.0023780619
/home/tianlong/Downloads//test/wiqtkqwfsw.mp4,0,0.3961996
/home/tianlong/Downloads//test/bevjclbhuo.mp4,0,0.16812035
/home/tianlong/Downloads//test/shwulrbsfx.mp4,0,0.34436068
/home/tianlong/Downloads//test/mohtuktaaq.mp4,0,0.16492607
/home/tianlong/Downloads//test/fwsypadiom.mp4,0,0.020037606
/home/tianlong/Downloads//test/buywrbgfqy.mp4,0,0.11341826
/home/tianlong/Downloads//test/bljpdykszf.mp4,0,0.29809272
/home/tianlong/Downloads//test/ztxdkcoxvx.mp4,0,0.32179266
/home/tianlong/Downloads//test/oqeoibjbim.mp4,0,0.016736126
/home/tianlong/Downloads//test/szwhgmrrhm.mp4,0,0.07326392
/home/tianlong/Downloads//test/xnydmgdhum.mp4,0,0.074314274
/home/tianlong/Downloads//test/fltaysfwct.mp4,0,0.07948847
/home/tianlong/Downloads//test/akdvkdoyoh.mp4,0,0.36245504
/home/tianlong/Downloads//test/ftfemkjnot.mp4,0,0.3412147
/home/tianlong/Downloads//test/gmbckelbzp.mp4,0,0.019176107
/home/tianlong/Downloads//test/jjzveabagf.mp4,0,0.33310434
/home/tianlong/Downloads//test/dfqwasrdvq.mp4,0,0.37811098
/home/tianlong/Downloads//test/diskzkrrph.mp4,0,0.23881343
/home/tianlong/Downloads//test/jtwpwdqmxz.mp4,0,0.11010276
/home/tianlong/Downloads//test/qivnumuetu.mp4,0,0.011134977
/home/tianlong/Downloads//test/blmuzhjygg.mp4,0,0.0636778
/home/tianlong/Downloads//test/sbxlfehzjc.mp4,0,0.44599596
/home/tianlong/Downloads//test/tcwhwssdnv.mp4,0,0.42634898
/home/tianlong/Downloads//test/bkbokyebco.mp4,0,0.29008693
/home/tianlong/Downloads//test/vojsghpebv.mp4,0,0.37399268
/home/tianlong/Downloads//test/opuhoerhxb.mp4,0,0.073789075
/home/tianlong/Downloads//test/mmhdcoqsve.mp4,0,0.08785305
/home/tianlong/Downloads//test/ewxddjqzml.mp4,0,0.28759128
/home/tianlong/Downloads//test/dznchaiaqh.mp4,0,0.1641973
/home/tianlong/Downloads//test/mloeefokyq.mp4,0,0.121236466
/home/tianlong/Downloads//test/fgkpembbpv.mp4,0,0.19467725
/home/tianlong/Downloads//test/orqafstesq.mp4,0,0.08881782
/home/tianlong/Downloads//test/ckgabgjnca.mp4,0,0.13487408
/home/tianlong/Downloads//test/iuvhrgckrt.mp4,0,0.21403635
/home/tianlong/Downloads//test/vlzwcejywm.mp4,0,0.050735157
/home/tianlong/Downloads//test/cpucjmfawf.mp4,0,0.12940232
/home/tianlong/Downloads//test/ekvhyeycpr.mp4,0,0.40995136
/home/tianlong/Downloads//test/tazlckybzu.mp4,0,0.12493014
/home/tianlong/Downloads//test/clxgzkdgta.mp4,0,0.42287937
/home/tianlong/Downloads//test/zlfbumxcxs.mp4,0,0.03964413
/home/tianlong/Downloads//test/plhcceboag.mp4,0,0.0030282005
/home/tianlong/Downloads//test/extihvlsxg.mp4,0,0.018069867
/home/tianlong/Downloads//test/olebnvxoyl.mp4,0,0.28879958
/home/tianlong/Downloads//test/opdqcwqxzy.mp4,0,0.028195113
/home/tianlong/Downloads//test/stwaypekwh.mp4,0,0.10256799
/home/tianlong/Downloads//test/xogwctpikv.mp4,0,0.018535072
/home/tianlong/Downloads//test/cjiwxfwcit.mp4,0,0.07675064
/home/tianlong/Downloads//test/txshgvrava.mp4,0,0.0064562755
/home/tianlong/Downloads//test/ggpuxwhpri.mp4,0,0.07681522
/home/tianlong/Downloads//test/jlxnzxtopm.mp4,0,0.10590784
/home/tianlong/Downloads//test/thjugpbwcv.mp4,0,0.20784661
/home/tianlong/Downloads//test/pkititkein.mp4,0,0.028351286
/home/tianlong/Downloads//test/hjiwmybauf.mp4,0,0.2824487
/home/tianlong/Downloads//test/efazuieysm.mp4,0,0.23896568
/home/tianlong/Downloads//test/tdzsgrdneg.mp4,0,0.35854027
/home/tianlong/Downloads//test/mkxmvreoth.mp4,0,0.08518581
/home/tianlong/Downloads//test/ofbjiuemkr.mp4,0,0.18695481
/home/tianlong/Downloads//test/dogotzkdiw.mp4,0,0.18362987
/home/tianlong/Downloads//test/qdmvzknbua.mp4,0,0.039032493
/home/tianlong/Downloads//test/pnauelqbxq.mp4,0,0.08519459
/home/tianlong/Downloads//test/sytddqezij.mp4,0,0.01991623
/home/tianlong/Downloads//test/bhpddnqauc.mp4,0,0.059993166
/home/tianlong/Downloads//test/imtkdzkypf.mp4,0,0.33632213
/home/tianlong/Downloads//test/kbodjivgqu.mp4,0,0.031201068
/home/tianlong/Downloads//test/qtxraeaxeh.mp4,0,0.32259274
/home/tianlong/Downloads//test/uaxmqpmswz.mp4,0,0.030036505
/home/tianlong/Downloads//test/qlbapiibba.mp4,0,0.1842114
/home/tianlong/Downloads//test/mzurunkulx.mp4,0,0.0043408563
/home/tianlong/Downloads//test/aujoxrpddn.mp4,0,0.023771254
/home/tianlong/Downloads//test/ebenvuuxld.mp4,0,0.19400041
/home/tianlong/Downloads//test/fsfjlwwsen.mp4,0,0.43382663
/home/tianlong/Downloads//test/zwgaptzuqt.mp4,0,0.08365254
/home/tianlong/Downloads//test/gldpafckwo.mp4,0,0.33811063
/home/tianlong/Downloads//test/nvkzpexyzg.mp4,0,0.23122707
/home/tianlong/Downloads//test/vnrmxwtsmf.mp4,0,0.02341884
/home/tianlong/Downloads//test/hmofiqjzxe.mp4,0,0.2266719
/home/tianlong/Downloads//test/ucryyubbqk.mp4,0,0.44451848
/home/tianlong/Downloads//test/gwqdrapybq.mp4,0,0.10447346
/home/tianlong/Downloads//test/avttogwbyz.mp4,0,0.2235666
/home/tianlong/Downloads//test/hbmvxgonmq.mp4,0,0.028288698
/home/tianlong/Downloads//test/gxxlbjuyza.mp4,0,0.15949285
/home/tianlong/Downloads//test/jhzozsurac.mp4,0,0.029996514
/home/tianlong/Downloads//test/opyqudaics.mp4,0,0.07945688
/home/tianlong/Downloads//test/vigbdgmudk.mp4,0,0.0037878472
/home/tianlong/Downloads//test/viidhkoxyv.mp4,0,0.010057601
/home/tianlong/Downloads//test/dmpvbeyuqb.mp4,0,0.027454268
/home/tianlong/Downloads//test/wgycqahjww.mp4,0,0.08769731
/home/tianlong/Downloads//test/wwgmzeavbd.mp4,0,0.015309055
/home/tianlong/Downloads//test/qtqyglbdem.mp4,0,0.10715385
/home/tianlong/Downloads//test/nqynuhnklk.mp4,0,0.050090037
/home/tianlong/Downloads//test/jygbqsigcr.mp4,0,0.2130551
/home/tianlong/Downloads//test/nsozqvhalr.mp4,0,0.33296758
/home/tianlong/Downloads//test/yvmrwdyxby.mp4,0,0.17029883
/home/tianlong/Downloads//test/kvhbyuklfv.mp4,0,0.18290322
/home/tianlong/Downloads//test/iwnfvkmktq.mp4,0,0.3465832
/home/tianlong/Downloads//test/qzfmctgxcs.mp4,0,0.012097391
/home/tianlong/Downloads//test/vhipamioud.mp4,0,0.2705956
/home/tianlong/Downloads//test/lmbvoxhowe.mp4,0,0.005968597
/home/tianlong/Downloads//test/ziqjamfzlv.mp4,0,0.23243162
/home/tianlong/Downloads//test/kqnwutdvpd.mp4,0,0.030701762
/home/tianlong/Downloads//test/lucpbeexdk.mp4,0,0.24451494
/home/tianlong/Downloads//test/pnotaniiuh.mp4,0,0.27891284
/home/tianlong/Downloads//test/qohtjkzity.mp4,0,0.10313134
/home/tianlong/Downloads//test/bkjhfcvsig.mp4,0,0.021230944
/home/tianlong/Downloads//test/kpcrdurodw.mp4,0,0.22160535
/home/tianlong/Downloads//test/nmphdbflzj.mp4,0,0.33988056
/home/tianlong/Downloads//test/fmsxomanga.mp4,0,0.016411128
/home/tianlong/Downloads//test/tgwpcoljin.mp4,0,0.016040528
/home/tianlong/Downloads//test/foynwjsqeh.mp4,0,0.3462414
/home/tianlong/Downloads//test/vdqritvjfl.mp4,0,0.2603316
/home/tianlong/Downloads//test/egyemqrvna.mp4,0,0.414205
/home/tianlong/Downloads//test/xrtmepdfyh.mp4,0,0.15179163
/home/tianlong/Downloads//test/zfgjechdto.mp4,0,0.018457372
/home/tianlong/Downloads//test/jujpqsrgll.mp4,0,0.14741348
/home/tianlong/Downloads//test/iakzgqqova.mp4,0,0.1497056
/home/tianlong/Downloads//test/fqdklzzkfj.mp4,0,0.2592172
/home/tianlong/Downloads//test/dnfnxwbsoi.mp4,0,0.07425773
/home/tianlong/Downloads//test/lynaeydofd.mp4,0,0.10875438
/home/tianlong/Downloads//test/relrfifywa.mp4,0,0.14548564
/home/tianlong/Downloads//test/imsacxixmv.mp4,0,0.10898799
/home/tianlong/Downloads//test/rfbwukxpye.mp4,0,0.067227304
/home/tianlong/Downloads//test/atixaudngu.mp4,0,0.02085643
/home/tianlong/Downloads//test/tcychsyltm.mp4,0,0.012878293
/home/tianlong/Downloads//test/kifyfzqzjj.mp4,0,0.17616507
/home/tianlong/Downloads//test/irjbukzjqt.mp4,0,0.049512543
/home/tianlong/Downloads//test/jmkkbkvbjo.mp4,0,0.14362773
/home/tianlong/Downloads//test/gflhlvhqyl.mp4,0,0.3946017
/home/tianlong/Downloads//test/myebjqbxsl.mp4,0,0.0009893687
/home/tianlong/Downloads//test/mqeqiytluf.mp4,0,0.010267055
/home/tianlong/Downloads//test/zbsjlcsetv.mp4,0,0.0011639681
/home/tianlong/Downloads//test/lzmxqxrruv.mp4,0,0.14367068
/home/tianlong/Downloads//test/neotrnwthu.mp4,0,0.003082098
/home/tianlong/Downloads//test/vwigtbeivy.mp4,0,0.068633795
/home/tianlong/Downloads//test/ldtscpryms.mp4,0,0.31885582
/home/tianlong/Downloads//test/sjgmmecazy.mp4,0,0.13909543
/home/tianlong/Downloads//test/jkrbsekajk.mp4,0,0.33499917
/home/tianlong/Downloads//test/iahzcxmuck.mp4,0,0.30449337
/home/tianlong/Downloads//test/cteqlloxwu.mp4,0,0.02660225
/home/tianlong/Downloads//test/pgqxsteufx.mp4,0,0.3542107
/home/tianlong/Downloads//test/cmuzrrlaiy.mp4,1,0.117820896
/home/tianlong/Downloads//test/jxeqhujuvh.mp4,1,0.08785705
/home/tianlong/Downloads//test/ntaqujyzes.mp4,1,0.032136463
/home/tianlong/Downloads//test/ghxzsygiou.mp4,1,0.0921569
/home/tianlong/Downloads//test/lvxzjwiklq.mp4,1,0.35999483
/home/tianlong/Downloads//test/wlyvvvjgnv.mp4,1,0.04550799
/home/tianlong/Downloads//test/hexxuigzdl.mp4,1,0.30304298
/home/tianlong/Downloads//test/zynrdvlrwv.mp4,1,0.059861045
/home/tianlong/Downloads//test/kbvqzihgan.mp4,1,0.022599626
/home/tianlong/Downloads//test/razacdewcv.mp4,1,0.016645659
/home/tianlong/Downloads//test/tjlrvidbxw.mp4,1,0.09560741
/home/tianlong/Downloads//test/gcbyurxhbz.mp4,1,0.069951616
/home/tianlong/Downloads//test/xticvyqqjn.mp4,1,0.45606026
/home/tianlong/Downloads//test/gqpayiddqv.mp4,1,0.03067025
/home/tianlong/Downloads//test/zmrnjhfxed.mp4,1,0.12998427
/home/tianlong/Downloads//test/slpxqmwuqm.mp4,1,0.35211053
/home/tianlong/Downloads//test/upwsvjdtgo.mp4,1,0.060948648
/home/tianlong/Downloads//test/zpnjiswgdt.mp4,1,0.15097384
/home/tianlong/Downloads//test/rayxtqfosv.mp4,1,0.008343966
/home/tianlong/Downloads//test/cfhoqpdzqb.mp4,1,0.002180854
/home/tianlong/Downloads//test/okyufzgvay.mp4,1,0.004391515
/home/tianlong/Downloads//test/wgyxtquovo.mp4,1,0.24865563
/home/tianlong/Downloads//test/kicgvgukqs.mp4,1,0.21175487
/home/tianlong/Downloads//test/aolhuwcdwv.mp4,1,0.31204885
/home/tianlong/Downloads//test/clzcvdsuyp.mp4,1,0.17799859
/home/tianlong/Downloads//test/jibhugdfbs.mp4,1,0.018164907
/home/tianlong/Downloads//test/kfiszsbzob.mp4,1,0.40419832
/home/tianlong/Downloads//test/mgwtoqonaf.mp4,1,0.29216507
/home/tianlong/Downloads//test/buzqmuifod.mp4,1,0.2572817
/home/tianlong/Downloads//test/bofmetrgfm.mp4,1,0.2079006
/home/tianlong/Downloads//test/chlshvbday.mp4,1,0.40570983
/home/tianlong/Downloads//test/vxcjkgerao.mp4,1,0.2600755
/home/tianlong/Downloads//test/qxwqqhruvz.mp4,1,0.015363334
/home/tianlong/Downloads//test/hytdcdixlv.mp4,1,0.10366728
/home/tianlong/Downloads//test/buejhiahpy.mp4,1,0.015505128
/home/tianlong/Downloads//test/omotodymgb.mp4,1,0.060363423
/home/tianlong/Downloads//test/gmcvyrferj.mp4,1,0.0010992769
/home/tianlong/Downloads//test/ycoaclsdov.mp4,1,0.058846243
/home/tianlong/Downloads//test/scaljzcpcf.mp4,1,0.39529878
/home/tianlong/Downloads//test/uhbxhharht.mp4,1,0.049498953
/home/tianlong/Downloads//test/tmmakbzbqw.mp4,1,0.31583408
/home/tianlong/Downloads//test/mvfvefsgik.mp4,1,0.22527134
/home/tianlong/Downloads//test/inesnaprwm.mp4,1,0.015491553
/home/tianlong/Downloads//test/qqxelyjmmw.mp4,1,0.20186743
/home/tianlong/Downloads//test/dllkubdbbd.mp4,1,0.1423053
/home/tianlong/Downloads//test/ttnajmkchw.mp4,1,0.027656278
/home/tianlong/Downloads//test/kaffwaiexj.mp4,1,0.082953915
/home/tianlong/Downloads//test/dpfuqzdtrs.mp4,1,0.11231995
/home/tianlong/Downloads//test/hfvexodpht.mp4,1,0.01906999
/home/tianlong/Downloads//test/vmxjsdkuju.mp4,1,0.10338513
/home/tianlong/Downloads//test/afaxsgqksm.mp4,1,0.018070176
/home/tianlong/Downloads//test/pgkipgmpgm.mp4,1,0.38695306
/home/tianlong/Downloads//test/ltkesswcyn.mp4,1,0.10235499
/home/tianlong/Downloads//test/dffkcrccsj.mp4,1,0.13100295
/home/tianlong/Downloads//test/svtnilogao.mp4,1,0.16040678
/home/tianlong/Downloads//test/bzobkqewtt.mp4,1,0.019889606
/home/tianlong/Downloads//test/vemnbnqoqk.mp4,1,0.4128
/home/tianlong/Downloads//test/nobrvdftmd.mp4,1,0.24556613
/home/tianlong/Downloads//test/qepgiaxgpc.mp4,1,0.09620744
/home/tianlong/Downloads//test/bogjubshbr.mp4,1,0.39646575
/home/tianlong/Downloads//test/uyoqozgdcy.mp4,1,0.01831532
/home/tianlong/Downloads//test/cvmmtklgst.mp4,1,0.449414
/home/tianlong/Downloads//test/qharxzhzpl.mp4,1,0.4401428
/home/tianlong/Downloads//test/sprejlmapw.mp4,1,0.043393437
/home/tianlong/Downloads//test/crzrsezocr.mp4,1,0.06328854
/home/tianlong/Downloads//test/wyqhadmmcy.mp4,1,0.37166926
/home/tianlong/Downloads//test/jrjxehotww.mp4,1,0.1435323
/home/tianlong/Downloads//test/xctpdujlok.mp4,1,0.05160906
/home/tianlong/Downloads//test/hfspenqmpw.mp4,1,0.0145350145
/home/tianlong/Downloads//test/jkfukzcjxd.mp4,1,0.2476286
/home/tianlong/Downloads//test/knafngkgen.mp4,1,0.23725538
/home/tianlong/Downloads//test/tswmtnhfmn.mp4,1,0.004132647
/home/tianlong/Downloads//test/qoasfzksgo.mp4,1,0.019108018
/home/tianlong/Downloads//test/hnrzuoqnkz.mp4,1,0.017846573
/home/tianlong/Downloads//test/nussrkyuzy.mp4,1,0.033575602
/home/tianlong/Downloads//test/ciwzwmlyxz.mp4,1,0.03813141
/home/tianlong/Downloads//test/dbauiiupef.mp4,1,0.14835522
/home/tianlong/Downloads//test/ywxfnlxtjg.mp4,1,0.14909053
/home/tianlong/Downloads//test/pryqgrbtnu.mp4,1,0.13469552
/home/tianlong/Downloads//test/mbjpaydogy.mp4,1,0.28013045
/home/tianlong/Downloads//test/ihdopxhysr.mp4,1,0.13197164
/home/tianlong/Downloads//test/rgasvymjrj.mp4,1,0.17132637
/home/tianlong/Downloads//test/eclpgjjies.mp4,1,0.079584084
/home/tianlong/Downloads//test/kxptuwngop.mp4,1,0.17041644
/home/tianlong/Downloads//test/uaqvffouxp.mp4,1,0.15261559
/home/tianlong/Downloads//test/xvqzzgoabm.mp4,1,0.018244043
/home/tianlong/Downloads//test/tkgbjtcxyl.mp4,1,0.30244687
/home/tianlong/Downloads//test/xlnaxrwvcx.mp4,1,0.23732224
/home/tianlong/Downloads//test/kphfzaullq.mp4,1,0.33425164
/home/tianlong/Downloads//test/rkezgzxnoo.mp4,1,0.04145781
/home/tianlong/Downloads//test/fromclsodq.mp4,1,0.23748688
/home/tianlong/Downloads//test/nrscfrjxpb.mp4,1,0.023797099
/home/tianlong/Downloads//test/ygobagrhmg.mp4,1,0.22390933
/home/tianlong/Downloads//test/hisfrixnbu.mp4,1,0.15660967
/home/tianlong/Downloads//test/duzueyonao.mp4,1,0.05814858
/home/tianlong/Downloads//test/gkknsyqbnz.mp4,1,0.27385288
/home/tianlong/Downloads//test/tmgdrjjalz.mp4,1,0.017377038
/home/tianlong/Downloads//test/iajblozgtx.mp4,1,0.062287997
/home/tianlong/Downloads//test/ahkcchuwqq.mp4,1,0.00350077
/home/tianlong/Downloads//test/zmfiveruie.mp4,1,0.34959
/home/tianlong/Downloads//test/xptgnpgfkn.mp4,1,0.011632818
/home/tianlong/Downloads//test/aebhowazav.mp4,1,0.080137834
/home/tianlong/Downloads//test/geulcwvfuy.mp4,1,0.37748843
/home/tianlong/Downloads//test/glzyifzrql.mp4,1,0.12470909
/home/tianlong/Downloads//test/wvmrsucbsq.mp4,1,0.14766799
/home/tianlong/Downloads//test/moetggyxsc.mp4,1,0.13396624
/home/tianlong/Downloads//test/jfvnwpcjrm.mp4,1,0.32512826
/home/tianlong/Downloads//test/kaggpclkjm.mp4,1,0.10018011
/home/tianlong/Downloads//test/nacldwtuwp.mp4,1,0.3166845
/home/tianlong/Downloads//test/upwyvqbjlq.mp4,1,0.11988057
/home/tianlong/Downloads//test/tdmyjvptzv.mp4,1,0.40444008
/home/tianlong/Downloads//test/fzurflflwv.mp4,1,0.09914283
/home/tianlong/Downloads//test/aakjukgjme.mp4,1,0.083171114
/home/tianlong/Downloads//test/ypepsyuwmo.mp4,1,0.0092926975
/home/tianlong/Downloads//test/qxhyhhkywc.mp4,1,0.07586406
/home/tianlong/Downloads//test/iqvfopywpa.mp4,1,0.299202
/home/tianlong/Downloads//test/xfncslssic.mp4,1,0.0015856003
/home/tianlong/Downloads//test/jesstfspwv.mp4,1,0.023574427
/home/tianlong/Downloads//test/xiraodtgnt.mp4,1,0.24548447
/home/tianlong/Downloads//test/xeuzubpylq.mp4,1,0.18548493
/home/tianlong/Downloads//test/xszpbtciwo.mp4,1,0.04439777
/home/tianlong/Downloads//test/fkksbgaibl.mp4,1,0.35489592
/home/tianlong/Downloads//test/ntqzfgmhnj.mp4,1,0.35396063
/home/tianlong/Downloads//test/bizbjxafzr.mp4,1,0.05398928
/home/tianlong/Downloads//test/bxfwiuvafo.mp4,1,0.25973478
/home/tianlong/Downloads//test/jfcglbovmo.mp4,1,0.43758386
/home/tianlong/Downloads//test/odidbykbar.mp4,1,0.029742733
/home/tianlong/Downloads//test/qarbtmjwhm.mp4,1,0.39245617
/home/tianlong/Downloads//test/jeierullea.mp4,1,0.43066925
/home/tianlong/Downloads//test/lrckqkzekj.mp4,1,0.21935415
/home/tianlong/Downloads//test/riizlqngim.mp4,1,0.06130144
/home/tianlong/Downloads//test/lmcnonfhgz.mp4,1,0.24692611
/home/tianlong/Downloads//test/lkhszpabzv.mp4,1,0.005896165
/home/tianlong/Downloads//test/njqbwiajss.mp4,1,0.0021029757
/home/tianlong/Downloads//test/ksqybmrwyg.mp4,1,0.043682795
/home/tianlong/Downloads//test/dxphlwcvan.mp4,1,0.28904065
/home/tianlong/Downloads//test/dgjssccxhx.mp4,1,0.015633736
/home/tianlong/Downloads//test/sbfxzmhzyv.mp4,1,0.1425877
/home/tianlong/Downloads//test/rlvgpdrgvi.mp4,1,0.37049207
/home/tianlong/Downloads//test/uzdmxmfcqe.mp4,1,0.013751715
/home/tianlong/Downloads//test/afixxjdxef.mp4,1,0.3738363
/home/tianlong/Downloads//test/fwvxtssltw.mp4,1,0.1072474
/home/tianlong/Downloads//test/jyzlvivrmr.mp4,1,0.060724325
/home/tianlong/Downloads//test/byavookkdu.mp4,1,0.0072974353
/home/tianlong/Downloads//test/agyawnxlmv.mp4,1,0.29858822
/home/tianlong/Downloads//test/zjoonppreb.mp4,1,0.07485591
/home/tianlong/Downloads//test/sjzwpqupnm.mp4,1,0.1266933
/home/tianlong/Downloads//test/pobrnbspcf.mp4,1,0.20212944
/home/tianlong/Downloads//test/qdkpphviay.mp4,1,0.31642723
/home/tianlong/Downloads//test/nbyaxzmueg.mp4,1,0.0819249
/home/tianlong/Downloads//test/vfszaqentw.mp4,1,0.3923104
/home/tianlong/Downloads//test/fosovipqkg.mp4,1,0.006337578
/home/tianlong/Downloads//test/grwcxofqrx.mp4,1,0.40370694
/home/tianlong/Downloads//test/koqxhnmkjl.mp4,1,0.18754141
/home/tianlong/Downloads//test/xkukyjokbg.mp4,1,0.3547191
/home/tianlong/Downloads//test/fmnzbwtjep.mp4,1,0.015801897
/home/tianlong/Downloads//test/aruyyclubn.mp4,1,0.011264571
/home/tianlong/Downloads//test/eluhuvocwr.mp4,1,0.35122913
/home/tianlong/Downloads//test/iiwffwiyrg.mp4,1,0.08294874
/home/tianlong/Downloads//test/fsbabrxhqy.mp4,1,0.13215742
/home/tianlong/Downloads//test/ymqadbkafj.mp4,1,0.0004931307
/home/tianlong/Downloads//test/nptmqvfuhz.mp4,1,0.2781087
/home/tianlong/Downloads//test/usjnlahlcj.mp4,1,0.46428236
/home/tianlong/Downloads//test/hbozjjcafn.mp4,1,0.03204002
/home/tianlong/Downloads//test/cizxmeztny.mp4,1,0.010367506
/home/tianlong/Downloads//test/syxlmynhsi.mp4,1,0.55032885
/home/tianlong/Downloads//test/ezadehoecy.mp4,1,0.005674024
/home/tianlong/Downloads//test/fpliemtlco.mp4,1,0.02780785
/home/tianlong/Downloads//test/arflgfcnkg.mp4,1,0.2728455
/home/tianlong/Downloads//test/occelhylxf.mp4,1,0.053382237
/home/tianlong/Downloads//test/uqntkvpntd.mp4,1,0.18387914
/home/tianlong/Downloads//test/iatevqworc.mp4,1,0.013027174
/home/tianlong/Downloads//test/xzsmgydcub.mp4,1,0.11281359
/home/tianlong/Downloads//test/qbffpkpmkf.mp4,1,0.044674974
/home/tianlong/Downloads//test/pzbpgfmroj.mp4,1,0.17070241
/home/tianlong/Downloads//test/oundixpyst.mp4,1,0.004060445
/home/tianlong/Downloads//test/hnxhwfttpy.mp4,1,0.10706745
/home/tianlong/Downloads//test/rdjwlvvwtv.mp4,1,0.29016268
/home/tianlong/Downloads//test/tcmstiljkk.mp4,1,0.5527471
/home/tianlong/Downloads//test/qbfdtumuct.mp4,1,0.07665281
/home/tianlong/Downloads//test/mxnquwuszt.mp4,1,0.17941229
/home/tianlong/Downloads//test/sjooumwlzb.mp4,1,0.34665817
/home/tianlong/Downloads//test/twhwouycfg.mp4,1,0.17138612
/home/tianlong/Downloads//test/wytpaehszj.mp4,1,0.37861362
/home/tianlong/Downloads//test/srtwhbzzlr.mp4,1,0.23498602
/home/tianlong/Downloads//test/jqjfpkuckf.mp4,1,0.12618016
/home/tianlong/Downloads//test/yxjjfaekev.mp4,1,0.0031468272
/home/tianlong/Downloads//test/cyokqrzbol.mp4,1,0.011163639
/home/tianlong/Downloads//test/mtilpvablx.mp4,1,0.15436263
/home/tianlong/Downloads//test/njwsmltmvb.mp4,1,0.2578073
/home/tianlong/Downloads//test/xkksfulade.mp4,1,0.31008273
/home/tianlong/Downloads//test/dtfgsvfmjq.mp4,1,0.22335906
/home/tianlong/Downloads//test/onaewxqqkd.mp4,1,0.3610868
/home/tianlong/Downloads//test/pazpnfrbbc.mp4,1,0.33435458
/home/tianlong/Downloads//test/kgowzoxjfq.mp4,1,0.10597564
/home/tianlong/Downloads//test/ltdwtgrads.mp4,1,0.022032458
/home/tianlong/Downloads//test/znistrajpw.mp4,1,0.000937046
/home/tianlong/Downloads//test/yfhzmfhojv.mp4,1,0.36090684
/home/tianlong/Downloads//test/spkorcenyh.mp4,1,0.25377426
/home/tianlong/Downloads//test/axopbbxwzr.mp4,1,0.017142747
/home/tianlong/Downloads//test/hxrruqinnh.mp4,1,0.27981466
/home/tianlong/Downloads//test/tkaybnjwhg.mp4,1,0.38229504
/home/tianlong/Downloads//test/lhwwhjhyqx.mp4,1,0.007872211
/home/tianlong/Downloads//test/btxjufhiaz.mp4,1,0.2561793
/home/tianlong/Downloads//test/dnhaskulaj.mp4,1,0.17023233
/home/tianlong/Downloads//test/vxqofldgze.mp4,1,0.020218948
/home/tianlong/Downloads//test/ddjzmyabyu.mp4,1,0.014974827
/home/tianlong/Downloads//test/mgahaaogif.mp4,1,0.25074792
/home/tianlong/Downloads//test/ktmdpragph.mp4,1,0.18239263
/home/tianlong/Downloads//test/xazdhdnwhh.mp4,1,0.0034280426
/home/tianlong/Downloads//test/qnslgeajnt.mp4,1,0.12525524
/home/tianlong/Downloads//test/sivrgbsaog.mp4,1,0.3105983
/home/tianlong/Downloads//test/uzmuovkewv.mp4,1,0.33765602
/home/tianlong/Downloads//test/tvazrcdkpq.mp4,1,0.24970658
/home/tianlong/Downloads//test/jbatiwjmzh.mp4,1,0.40446076
/home/tianlong/Downloads//test/hmiylncrva.mp4,1,0.08243314
/home/tianlong/Downloads//test/uxkojffbsr.mp4,1,0.10874257
/home/tianlong/Downloads//test/crbcrxqftw.mp4,1,0.055411242
/home/tianlong/Downloads//test/yermnsnlgf.mp4,1,0.17108257
/home/tianlong/Downloads//test/gipcvghjiy.mp4,1,0.26004058
/home/tianlong/Downloads//test/iwcfxyoimw.mp4,1,0.22628324
/home/tianlong/Downloads//test/kozaofkgvk.mp4,1,0.033690933
/home/tianlong/Downloads//test/xlgevjtsog.mp4,1,0.012635891
/home/tianlong/Downloads//test/bpjkimtqtz.mp4,1,0.04337682
/home/tianlong/Downloads//test/pdnwaekrtn.mp4,1,0.2009402
/home/tianlong/Downloads//test/toxsrzsksc.mp4,1,0.006939756
/home/tianlong/Downloads//test/oejfypsbfh.mp4,1,0.51633936
/home/tianlong/Downloads//test/hwyuwbnszo.mp4,1,0.08054798
/home/tianlong/Downloads//test/acgyspwyqr.mp4,1,0.008167526
/home/tianlong/Downloads//test/oitcqmvnsa.mp4,1,0.4095897
/home/tianlong/Downloads//test/pdqqkuclvd.mp4,1,0.22293763
/home/tianlong/Downloads//test/slsyjvgfpu.mp4,1,0.11540978
/home/tianlong/Downloads//test/xmdfnldfyc.mp4,1,0.36258668
/home/tianlong/Downloads//test/ynkzlkahux.mp4,1,0.20309055
/home/tianlong/Downloads//test/szjbkskyph.mp4,1,0.0036435463
/home/tianlong/Downloads//test/yyiiywtiry.mp4,1,0.086156465
/home/tianlong/Downloads//test/crvotfojeq.mp4,1,0.011625991
/home/tianlong/Downloads//test/rsqblsfgli.mp4,1,0.03769659
/home/tianlong/Downloads//test/becqadbtkb.mp4,1,0.042002507
/home/tianlong/Downloads//test/afqaubpglg.mp4,1,0.33368123
/home/tianlong/Downloads//test/pwplooonzr.mp4,1,0.026266703
/home/tianlong/Downloads//test/vjegxiyvla.mp4,1,0.29736966
/home/tianlong/Downloads//test/jbwtbfbdko.mp4,1,0.4028468
/home/tianlong/Downloads//test/toggbitvfd.mp4,1,0.24887566
/home/tianlong/Downloads//test/xpfhawmzbe.mp4,1,0.014612382
/home/tianlong/Downloads//test/kjwdinzplo.mp4,1,0.012508082
/home/tianlong/Downloads//test/jrkdzpijpb.mp4,1,0.041625973
/home/tianlong/Downloads//test/lbnuxynggy.mp4,1,0.030974444
/home/tianlong/Downloads//test/iorrylopzn.mp4,1,0.21342961
/home/tianlong/Downloads//test/yasxapunrf.mp4,1,0.24561486
/home/tianlong/Downloads//test/suohrphvbe.mp4,1,0.004087548
/home/tianlong/Downloads//test/salsuwvckq.mp4,1,0.038544763
/home/tianlong/Downloads//test/eclnowceyi.mp4,1,0.0023152484
/home/tianlong/Downloads//test/wvtymfvbwq.mp4,1,0.014905068
/home/tianlong/Downloads//test/rsjhmrvdwg.mp4,1,0.0042464645
/home/tianlong/Downloads//test/qtvhpmoukj.mp4,1,0.044657417
/home/tianlong/Downloads//test/svqkfjfucw.mp4,1,0.4403222
/home/tianlong/Downloads//test/jdlqmnhuix.mp4,1,0.28014612
/home/tianlong/Downloads//test/ltmkgkppwx.mp4,1,0.007848655
/home/tianlong/Downloads//test/zaoyocjkgw.mp4,1,0.046758633
/home/tianlong/Downloads//test/vgrhobnbfo.mp4,1,0.07791936
/home/tianlong/Downloads//test/eeeuzozcdc.mp4,1,0.06380172
/home/tianlong/Downloads//test/ikgxqbhmlv.mp4,1,0.21626548
/home/tianlong/Downloads//test/zyeakowujw.mp4,1,0.3861302
/home/tianlong/Downloads//test/uerapqglmr.mp4,1,0.1419809
/home/tianlong/Downloads//test/fmuncwjpej.mp4,1,0.3786945
/home/tianlong/Downloads//test/xllzvdxwiv.mp4,1,0.1332904
/home/tianlong/Downloads//test/giuymhlbyo.mp4,1,0.21126643
/home/tianlong/Downloads//test/bubbmjnmge.mp4,1,0.35741755
/home/tianlong/Downloads//test/qwqefbalkv.mp4,1,0.12995446
/home/tianlong/Downloads//test/aupsxowdcp.mp4,1,0.18477876
/home/tianlong/Downloads//test/apjovfzzft.mp4,1,0.04820198
/home/tianlong/Downloads//test/yjbnaqwxyf.mp4,1,0.32815805
/home/tianlong/Downloads//test/dajlkmlvch.mp4,1,0.005615478
/home/tianlong/Downloads//test/egwzzhemvk.mp4,1,0.18698077
/home/tianlong/Downloads//test/vlhrgeyvqy.mp4,1,0.02880254
/home/tianlong/Downloads//test/vpolvvzwsw.mp4,1,0.00465648
/home/tianlong/Downloads//test/ddkcxrncmq.mp4,1,0.20616934
/home/tianlong/Downloads//test/fncnobpzzx.mp4,1,0.33100224
/home/tianlong/Downloads//test/lhayhvqjmg.mp4,1,0.33691895
/home/tianlong/Downloads//test/yboofyemks.mp4,1,0.08926307
/home/tianlong/Downloads//test/wzkovvmdkq.mp4,1,0.24691221
/home/tianlong/Downloads//test/axxldpmbat.mp4,1,0.35933837
/home/tianlong/Downloads//test/piovymzozl.mp4,1,0.019453349
/home/tianlong/Downloads//test/ymjrnwsjxt.mp4,1,0.042037286
/home/tianlong/Downloads//test/jfxroglrst.mp4,1,0.05180333
/home/tianlong/Downloads//test/qzyaijdbfe.mp4,1,0.09906669
/home/tianlong/Downloads//test/gzwzxbtkpd.mp4,1,0.04598955
/home/tianlong/Downloads//test/bgssriyozb.mp4,1,0.016110124
/home/tianlong/Downloads//test/wqtraebanl.mp4,1,0.3530027
/home/tianlong/Downloads//test/lovkthgavz.mp4,1,0.14559382
/home/tianlong/Downloads//test/vpgjaoyvir.mp4,1,0.013675533
/home/tianlong/Downloads//test/btlqqvfuck.mp4,1,0.20985702
/home/tianlong/Downloads//test/zzxidpsxmv.mp4,1,0.18494588
/home/tianlong/Downloads//test/qzuhjrhozy.mp4,1,0.020156547
/home/tianlong/Downloads//test/rtuaxyuvqs.mp4,1,0.07286093
/home/tianlong/Downloads//test/vybbullejj.mp4,1,0.47543827
/home/tianlong/Downloads//test/lblweiecpx.mp4,1,0.42139927
/home/tianlong/Downloads//test/qkchcuiljp.mp4,1,0.4191516
/home/tianlong/Downloads//test/roivdutkrz.mp4,1,0.17097875
/home/tianlong/Downloads//test/rziziscker.mp4,1,0.118917845
/home/tianlong/Downloads//test/zsdmgllhck.mp4,1,0.13217022
/home/tianlong/Downloads//test/kpkzqbpivj.mp4,1,0.13953106
/home/tianlong/Downloads//test/tgkjhdyxww.mp4,1,0.26226133
/home/tianlong/Downloads//test/zubaiztkag.mp4,1,0.396286
/home/tianlong/Downloads//test/figxvsdmsb.mp4,1,0.10665097
/home/tianlong/Downloads//test/enzlliylet.mp4,1,0.44870096
/home/tianlong/Downloads//test/acekgkqgdg.mp4,1,0.015867362
/home/tianlong/Downloads//test/ljrikjsgis.mp4,1,0.011976251
/home/tianlong/Downloads//test/vawotznxqn.mp4,1,0.4136835
/home/tianlong/Downloads//test/jsqtbnxnpb.mp4,1,0.106579736
/home/tianlong/Downloads//test/yibeqxcadd.mp4,1,0.12650436
/home/tianlong/Downloads//test/zvgekhyszq.mp4,1,0.19010553
/home/tianlong/Downloads//test/luisdnrumh.mp4,1,0.40154368
/home/tianlong/Downloads//test/xffjesgeey.mp4,1,0.14528205
/home/tianlong/Downloads//test/haesrhzukc.mp4,1,0.38094023
/home/tianlong/Downloads//test/uwccodyhgh.mp4,1,0.09609465
/home/tianlong/Downloads//test/msdtzpmmae.mp4,1,0.013339098
/home/tianlong/Downloads//test/zgiypcmpic.mp4,1,0.14878586
/home/tianlong/Downloads//test/olkcmrmvbh.mp4,1,0.012199493
/home/tianlong/Downloads//test/kiffbbtjfe.mp4,1,0.08615063
/home/tianlong/Downloads//test/junzzlnlfw.mp4,1,0.2887209
/home/tianlong/Downloads//test/qkgicklwyn.mp4,1,0.007128456
/home/tianlong/Downloads//test/wluigkzjdl.mp4,1,0.0052642366
/home/tianlong/Downloads//test/rsnrcisldc.mp4,1,0.19009118
/home/tianlong/Downloads//test/asiuftijhs.mp4,1,0.037543006
/home/tianlong/Downloads//test/yjloopcthi.mp4,1,0.121219814
/home/tianlong/Downloads//test/tzzwqaxtrk.mp4,1,0.3879846
/home/tianlong/Downloads//test/tmfvsxrxnk.mp4,1,0.05964757
/home/tianlong/Downloads//test/dlsdmdraln.mp4,1,0.11081357
/home/tianlong/Downloads//test/rkygzeyegz.mp4,1,0.24738856
/home/tianlong/Downloads//test/truremwrti.mp4,1,0.019834809
/home/tianlong/Downloads//test/depcrcqwai.mp4,1,0.18790829
/home/tianlong/Downloads//test/jovohczybs.mp4,1,0.1354492
/home/tianlong/Downloads//test/udcpjfvqro.mp4,1,0.21122019
/home/tianlong/Downloads//test/yxlkovjssa.mp4,1,0.07346505
/home/tianlong/Downloads//test/trltdpitif.mp4,1,0.3989633
/home/tianlong/Downloads//test/hwufwjdaai.mp4,1,0.17215547
/home/tianlong/Downloads//test/vgfxjwupga.mp4,1,0.29106057
/home/tianlong/Downloads//test/jejjcsijvc.mp4,1,0.21572515
/home/tianlong/Downloads//test/yjpfhrfyfn.mp4,1,0.0024778123
/home/tianlong/Downloads//test/izyqqybmcq.mp4,1,0.0726964
/home/tianlong/Downloads//test/xjnflcfxhn.mp4,1,0.019383019
/home/tianlong/Downloads//test/zidsbdilrm.mp4,1,0.25128523
/home/tianlong/Downloads//test/lepqvhstws.mp4,1,0.007458155
/home/tianlong/Downloads//test/eabghyltka.mp4,1,0.19247422
/home/tianlong/Downloads//test/qxgwcsugvd.mp4,1,0.33582824
/home/tianlong/Downloads//test/oitqddnspw.mp4,1,0.036941342
/home/tianlong/Downloads//test/jiddesrgoi.mp4,1,0.24149056
/home/tianlong/Downloads//test/whsqzlklam.mp4,1,0.161079
/home/tianlong/Downloads//test/hwspklkjol.mp4,1,0.33856195
/home/tianlong/Downloads//test/mgxdtegobh.mp4,1,0.12864967
/home/tianlong/Downloads//test/dkvxzocpnx.mp4,1,0.42494425
/home/tianlong/Downloads//test/zxjiwvyzbs.mp4,1,0.35130802
/home/tianlong/Downloads//test/qysxqoredd.mp4,1,0.20450315
/home/tianlong/Downloads//test/angqjpzdts.mp4,1,0.13408616
/home/tianlong/Downloads//test/slbhiftdwk.mp4,1,0.0038727117
/home/tianlong/Downloads//test/ctsjalmkpx.mp4,1,0.016321495
/home/tianlong/Downloads//test/jrwqouwlzc.mp4,1,0.21837482
/home/tianlong/Downloads//test/vcqcervdzi.mp4,1,0.23546703
/home/tianlong/Downloads//test/mxczokbutl.mp4,1,0.35356098
/home/tianlong/Downloads//test/qawqquinvi.mp4,1,0.2947209
/home/tianlong/Downloads//test/cqiyijvrcj.mp4,1,0.070531525
/home/tianlong/Downloads//test/wypdykzzma.mp4,1,0.19927879
/home/tianlong/Downloads//test/zdurkznxhi.mp4,1,0.33552712
/home/tianlong/Downloads//test/llwjpzzrur.mp4,1,0.31891966
/home/tianlong/Downloads//test/stmqpsakem.mp4,1,0.15709543
/home/tianlong/Downloads//test/hqfxruqynj.mp4,1,0.023859171
/home/tianlong/Downloads//test/cotxffvovx.mp4,1,0.0064924494
/home/tianlong/Downloads//test/yiwyejujhz.mp4,1,0.43427032
/home/tianlong/Downloads//test/azkhkminwu.mp4,1,0.022762772
/home/tianlong/Downloads//test/yoicqcpxgm.mp4,1,0.15494916
/home/tianlong/Downloads//test/kcpamicxjs.mp4,1,0.060790725
/home/tianlong/Downloads//test/mbnvlpwewk.mp4,1,0.16543587
/home/tianlong/Downloads//test/wjqdwzowcg.mp4,1,0.013459979
/home/tianlong/Downloads//test/vqtspwkgwe.mp4,1,0.12007878
/home/tianlong/Downloads//test/rurhyzsnyi.mp4,1,0.4630379
/home/tianlong/Downloads//test/sipuxpudya.mp4,1,0.024372026
/home/tianlong/Downloads//test/scchmtbzar.mp4,1,0.4141252
/home/tianlong/Downloads//test/qyhlzalxzm.mp4,1,0.2891054
/home/tianlong/Downloads//test/ektrtuwidv.mp4,1,0.28751287
/home/tianlong/Downloads//test/scbfkrlytb.mp4,1,0.20928352
/home/tianlong/Downloads//test/kxnsmwhqtl.mp4,1,0.32311076
/home/tianlong/Downloads//test/fiayeurvwb.mp4,1,0.17560503
/home/tianlong/Downloads//test/xpuntxtdbs.mp4,1,0.27576244
/home/tianlong/Downloads//test/edvyxmzpoy.mp4,1,0.44273058
/home/tianlong/Downloads//test/thnywrwayf.mp4,1,0.020265419
/home/tianlong/Downloads//test/xojauzdavy.mp4,1,0.15226036
/home/tianlong/Downloads//test/kaajaxzivt.mp4,1,0.03106902
/home/tianlong/Downloads//test/fmvdkhucsz.mp4,1,0.31993783
/home/tianlong/Downloads//test/mdkqmouddq.mp4,1,0.35836884
/home/tianlong/Downloads//test/ehtvcnlsfl.mp4,1,0.13540529
/home/tianlong/Downloads//test/iizsrcugyd.mp4,1,0.12898271
/home/tianlong/Downloads//test/hurlxdpsxl.mp4,1,0.008969154
/home/tianlong/Downloads//test/rvfhfbutlx.mp4,1,0.32789886
/home/tianlong/Downloads//test/ycxkcnwrbw.mp4,1,0.029832412
/home/tianlong/Downloads//test/jrmgqzgcmj.mp4,1,0.14321432
/home/tianlong/Downloads//test/cinrseylyp.mp4,1,0.25464287
/home/tianlong/Downloads//test/uhvmrfksax.mp4,1,0.20447615
/home/tianlong/Downloads//test/djjdzsivvi.mp4,1,0.13113004
/home/tianlong/Downloads//test/pmulgdcejl.mp4,1,0.28026852
/home/tianlong/Downloads//test/ngvbaolyub.mp4,1,0.30223173
/home/tianlong/Downloads//test/kpyyjmxmoj.mp4,1,0.06848819
/home/tianlong/Downloads//test/xhizcimlzp.mp4,1,0.14185241
/home/tianlong/Downloads//test/ulygywporv.mp4,1,0.07246977
/home/tianlong/Downloads//test/psunkvudmg.mp4,1,0.14791057
/home/tianlong/Downloads//test/ctarrlrgdy.mp4,1,0.007911941
/home/tianlong/Downloads//test/hdzygqltzu.mp4,1,0.20177928
/home/tianlong/Downloads//test/rvtfddfweu.mp4,1,0.058825158
/home/tianlong/Downloads//test/kaeouvuasm.mp4,1,0.0019842626
/home/tianlong/Downloads//test/rzivzpozjr.mp4,1,0.30799106
/home/tianlong/Downloads//test/stfqbsbvfy.mp4,1,0.0025695276
/home/tianlong/Downloads//test/qbhoufagsa.mp4,1,0.09600775
/home/tianlong/Downloads//test/xycfzkbnhy.mp4,1,0.17529139
/home/tianlong/Downloads//test/zudnvkagjk.mp4,1,0.33768472
/home/tianlong/Downloads//test/feaqnlczwc.mp4,1,0.08229802
/home/tianlong/Downloads//test/rqviqcsbzw.mp4,1,0.28359458
/home/tianlong/Downloads//test/dhfcwchsir.mp4,1,0.05926007
/home/tianlong/Downloads//test/cglpyitrzw.mp4,1,0.23799948
/home/tianlong/Downloads//test/yjypqyrhyi.mp4,1,0.38734347
/home/tianlong/Downloads//test/fokuimoqkh.mp4,1,0.15348892
/home/tianlong/Downloads//test/xzouvgiqha.mp4,1,0.30722648
/home/tianlong/Downloads//test/qyjbhkeqes.mp4,1,0.10525594
/home/tianlong/Downloads//test/phngwcpbqw.mp4,1,0.018602002
/home/tianlong/Downloads//test/rjcjcdkzkw.mp4,1,0.2908976
/home/tianlong/Downloads//test/legilvljip.mp4,1,0.31008822
/home/tianlong/Downloads//test/bukegrztbb.mp4,1,0.33446375
/home/tianlong/Downloads//test/yvaxmtbtgx.mp4,1,0.11470368
/home/tianlong/Downloads//test/saljlsmnet.mp4,1,0.19801018
/home/tianlong/Downloads//test/ezupajzwdl.mp4,1,0.3740017
/home/tianlong/Downloads//test/xeszevnech.mp4,1,0.016903277
/home/tianlong/Downloads//test/fbqwomdehr.mp4,1,0.18264693
/home/tianlong/Downloads//test/itdywxjknn.mp4,1,0.27610707
/home/tianlong/Downloads//test/zwupuzlefv.mp4,1,0.0195198
/home/tianlong/Downloads//test/qcrofjquht.mp4,1,0.024541795
/home/tianlong/Downloads//test/jblkcfejih.mp4,1,0.005016221
/home/tianlong/Downloads//test/howruupkxw.mp4,1,0.060491282
/home/tianlong/Downloads//test/xslxboadvn.mp4,1,0.019450923
/home/tianlong/Downloads//test/rzykslnkdi.mp4,1,0.01318978
/home/tianlong/Downloads//test/govjvzfbcj.mp4,1,0.33730233
/home/tianlong/Downloads//test/fwbvksfidm.mp4,1,0.2890153
/home/tianlong/Downloads//test/khokwspqph.mp4,1,0.116739646
/home/tianlong/Downloads//test/sslrtrxyaj.mp4,1,0.03760817
/home/tianlong/Downloads//test/zdmknyhzoo.mp4,1,0.038677506
/home/tianlong/Downloads//test/rzjpckpslj.mp4,1,0.010698924
/home/tianlong/Downloads//test/pscilvlcfe.mp4,1,0.24830571
/home/tianlong/Downloads//test/rlwkdhgoqw.mp4,1,0.3833403
/home/tianlong/Downloads//test/cmpkopoabr.mp4,1,0.13823524
/home/tianlong/Downloads//test/dbljnexmlf.mp4,1,0.09591832
/home/tianlong/Downloads//test/atfuphvjft.mp4,1,0.27889225
/home/tianlong/Downloads//test/zdldobedod.mp4,1,0.03737646
/home/tianlong/Downloads//test/iknfqmugud.mp4,1,0.011353718
/home/tianlong/Downloads//test/whusuiiqmt.mp4,1,0.17672276
/home/tianlong/Downloads//test/ksrnzzbcsz.mp4,1,0.055092942
/home/tianlong/Downloads//test/xxhuecshhw.mp4,1,0.008495112
/home/tianlong/Downloads//test/okmlcbefeu.mp4,1,0.017174823
/home/tianlong/Downloads//test/xryrhuskyd.mp4,1,0.2809473
/home/tianlong/Downloads//test/wevygelkrl.mp4,1,0.35365462
/home/tianlong/Downloads//test/rdpausigpg.mp4,1,0.11408885
/home/tianlong/Downloads//test/fdziwiuoer.mp4,1,0.15019505
/home/tianlong/Downloads//test/kykmrtoitd.mp4,1,0.3937308
/home/tianlong/Downloads//test/eacsjvcmlp.mp4,1,0.032875337
/home/tianlong/Downloads//test/asvuutypvz.mp4,1,0.17317748
/home/tianlong/Downloads//test/nucqorkejg.mp4,1,0.3234855
/home/tianlong/Downloads//test/ctpexqamtx.mp4,1,0.35807937
/home/tianlong/Downloads//test/vnsxdkjjtk.mp4,1,0.0073836804
/home/tianlong/Downloads//test/cktsyobheu.mp4,1,0.37035796
/home/tianlong/Downloads//test/kccicuhxgk.mp4,1,0.30427852
/home/tianlong/Downloads//test/qckjihxoze.mp4,1,0.03650757
/home/tianlong/Downloads//test/gvqtnedfso.mp4,1,0.28449532
/home/tianlong/Downloads//test/ajxkvlpgov.mp4,1,0.103613876
/home/tianlong/Downloads//test/srlilcjhaf.mp4,1,0.21232486
/home/tianlong/Downloads//test/qfjxksudna.mp4,1,0.06688053
/home/tianlong/Downloads//test/hstvglyexy.mp4,1,0.12198728
/home/tianlong/Downloads//test/jyyvhnsyys.mp4,1,0.11997344
/home/tianlong/Downloads//test/whxqigkgyk.mp4,1,0.31231695
/home/tianlong/Downloads//test/mqzrlecakr.mp4,1,0.37924677
/home/tianlong/Downloads//test/aeplbqxnge.mp4,1,0.0014856784
/home/tianlong/Downloads//test/inwaznexiv.mp4,1,0.17718972
/home/tianlong/Downloads//test/anfupdhmyr.mp4,1,0.15881997
/home/tianlong/Downloads//test/wbvlgevkmb.mp4,1,0.12579179
/home/tianlong/Downloads//test/uiykwgaarz.mp4,1,0.19689482
/home/tianlong/Downloads//test/nvarnevska.mp4,1,0.07479133
/home/tianlong/Downloads//test/ooczenomzk.mp4,1,0.2815699
/home/tianlong/Downloads//test/qtjuhlppot.mp4,1,0.14036947
/home/tianlong/Downloads//test/drqtyzvhdd.mp4,1,0.17622462
/home/tianlong/Downloads//test/ytljvippwv.mp4,1,0.46565542
/home/tianlong/Downloads//test/skrqoagxle.mp4,1,0.42071852
/home/tianlong/Downloads//test/shwkznunyp.mp4,1,0.006703039
/home/tianlong/Downloads//test/tlsoagxovk.mp4,1,0.23681644
/home/tianlong/Downloads//test/enpshnkugu.mp4,1,0.08124151
/home/tianlong/Downloads//test/vitjdpnfpi.mp4,1,0.33036676
/home/tianlong/Downloads//test/jovrnujurf.mp4,1,0.288956
/home/tianlong/Downloads//test/sbwemwjlsl.mp4,1,0.19569595
/home/tianlong/Downloads//test/uclzxnftij.mp4,1,0.26760164
/home/tianlong/Downloads//test/sdqjjttckw.mp4,1,0.0040349932
/home/tianlong/Downloads//test/wtmggpeiom.mp4,1,0.05898608
