Video,Label,Prediction
/home/tianlong/Downloads//test/myvwyfdnxu.mp4,0,0.008419058
/home/tianlong/Downloads//test/uxgkqpiykp.mp4,0,0.03237039
/home/tianlong/Downloads//test/qyscponfaf.mp4,0,0.7581772
/home/tianlong/Downloads//test/tmgmbnzrrz.mp4,0,0.003958321
/home/tianlong/Downloads//test/wfmeffvvce.mp4,0,0.014881599
/home/tianlong/Downloads//test/fwrcfaglhz.mp4,0,0.22315371
/home/tianlong/Downloads//test/itfzfpuilx.mp4,0,0.68392813
/home/tianlong/Downloads//test/wupoiiknff.mp4,0,0.7850448
/home/tianlong/Downloads//test/dscprfjses.mp4,0,0.9016506
/home/tianlong/Downloads//test/ofntcunuqn.mp4,0,0.9987914
/home/tianlong/Downloads//test/imnzannmcr.mp4,0,0.0066230795
/home/tianlong/Downloads//test/jidkzoagws.mp4,0,0.00010961816
/home/tianlong/Downloads//test/nkpqkddsgt.mp4,0,0.0005671781
/home/tianlong/Downloads//test/xqmrrciral.mp4,0,0.7079803
/home/tianlong/Downloads//test/ykfllpyawg.mp4,0,1.6984379e-05
/home/tianlong/Downloads//test/bpieoyctzo.mp4,0,0.20956512
/home/tianlong/Downloads//test/wjrepvzlsv.mp4,0,0.000111050045
/home/tianlong/Downloads//test/voucpidonq.mp4,0,0.959834
/home/tianlong/Downloads//test/fxfxtrrkeq.mp4,0,0.00037497288
/home/tianlong/Downloads//test/qggfpdkyzi.mp4,0,0.09869713
/home/tianlong/Downloads//test/xyucutnxhz.mp4,0,0.8010775
/home/tianlong/Downloads//test/rkxepdkger.mp4,0,0.12407757
/home/tianlong/Downloads//test/fxxpxoqoxp.mp4,0,0.6341121
/home/tianlong/Downloads//test/jkxxwfycsj.mp4,0,0.04071643
/home/tianlong/Downloads//test/qbearsyziz.mp4,0,9.6947435e-05
/home/tianlong/Downloads//test/kyrbveruev.mp4,0,0.6271019
/home/tianlong/Downloads//test/pdyrvsvwyi.mp4,0,0.00018705928
/home/tianlong/Downloads//test/bpxxmxuvuy.mp4,0,0.0002929301
/home/tianlong/Downloads//test/ekxsduhvwh.mp4,0,0.14296985
/home/tianlong/Downloads//test/ocsqqqduxx.mp4,0,0.8730954
/home/tianlong/Downloads//test/qufzdwetss.mp4,0,0.076414935
/home/tianlong/Downloads//test/vwqrtxbwye.mp4,0,1.293322e-05
/home/tianlong/Downloads//test/zuduvanawx.mp4,0,0.21739754
/home/tianlong/Downloads//test/rkjhxvdnsv.mp4,0,0.8604557
/home/tianlong/Downloads//test/hpcivouyku.mp4,0,0.23263697
/home/tianlong/Downloads//test/vgndywbmgf.mp4,0,0.099656954
/home/tianlong/Downloads//test/hfgczdzbix.mp4,0,0.188772
/home/tianlong/Downloads//test/rwehwmmutn.mp4,0,0.4269188
/home/tianlong/Downloads//test/jyfnzyvznx.mp4,0,0.5982544
/home/tianlong/Downloads//test/jxpodcendq.mp4,0,0.7962187
/home/tianlong/Downloads//test/kgynainlug.mp4,0,0.72831726
/home/tianlong/Downloads//test/hqgervpkkf.mp4,0,0.00026595555
/home/tianlong/Downloads//test/defeqlyysh.mp4,0,0.0011662175
/home/tianlong/Downloads//test/xzkwbswkao.mp4,0,0.67382956
/home/tianlong/Downloads//test/hhdblnxhtj.mp4,0,0.37910357
/home/tianlong/Downloads//test/oaptmwroki.mp4,0,0.00013292275
/home/tianlong/Downloads//test/djlkkqmjkk.mp4,0,0.00021700279
/home/tianlong/Downloads//test/motfposykz.mp4,0,0.009978865
/home/tianlong/Downloads//test/shvfupmrho.mp4,0,0.6049944
/home/tianlong/Downloads//test/escwmsthiz.mp4,0,0.0022542723
/home/tianlong/Downloads//test/ctpypmzfnl.mp4,0,0.21788378
/home/tianlong/Downloads//test/sjqrdyzkgl.mp4,0,0.0015191
/home/tianlong/Downloads//test/ddrjnwlugg.mp4,0,0.8064529
/home/tianlong/Downloads//test/hxfqltenqh.mp4,0,0.0048799245
/home/tianlong/Downloads//test/umerhoubxw.mp4,0,0.7639406
/home/tianlong/Downloads//test/jxrpqynwlt.mp4,0,0.81921035
/home/tianlong/Downloads//test/hprzotbjtj.mp4,0,0.0007799838
/home/tianlong/Downloads//test/cqewayywpg.mp4,0,0.00029981817
/home/tianlong/Downloads//test/nvptcoxzah.mp4,0,0.019529957
/home/tianlong/Downloads//test/uvzlfuxalu.mp4,0,0.000617886
/home/tianlong/Downloads//test/mfcbgbcuvb.mp4,0,0.42562595
/home/tianlong/Downloads//test/tmtoypmqwt.mp4,0,0.0012423336
/home/tianlong/Downloads//test/bsjucwhlrj.mp4,0,0.0003081395
/home/tianlong/Downloads//test/hlsubhyoea.mp4,0,0.39417282
/home/tianlong/Downloads//test/deslnszgpy.mp4,0,0.26559293
/home/tianlong/Downloads//test/tfwdbkwvgz.mp4,0,0.19351397
/home/tianlong/Downloads//test/ufxafdxpat.mp4,0,0.6663479
/home/tianlong/Downloads//test/lmacrzidyh.mp4,0,0.99736786
/home/tianlong/Downloads//test/wyiajvmitt.mp4,0,0.23062769
/home/tianlong/Downloads//test/xbdnqfbxcv.mp4,0,0.0017530291
/home/tianlong/Downloads//test/mhfnldxixw.mp4,0,0.003936357
/home/tianlong/Downloads//test/pfiigjlcct.mp4,0,0.083791584
/home/tianlong/Downloads//test/ldtibsniik.mp4,0,0.78452665
/home/tianlong/Downloads//test/gwzttezkpv.mp4,0,0.0013491483
/home/tianlong/Downloads//test/pevmkpamhv.mp4,0,0.92669785
/home/tianlong/Downloads//test/zcfpsnaujx.mp4,0,0.77948284
/home/tianlong/Downloads//test/slvcfpalev.mp4,0,0.00019104405
/home/tianlong/Downloads//test/ctdwtfcjei.mp4,0,0.007289079
/home/tianlong/Downloads//test/vxwsisekmb.mp4,0,0.5662802
/home/tianlong/Downloads//test/pkoadvlpga.mp4,0,0.9997937
/home/tianlong/Downloads//test/ofapaanpkl.mp4,0,0.8292143
/home/tianlong/Downloads//test/huzryvwrfa.mp4,0,0.0024636097
/home/tianlong/Downloads//test/knjoasqzvt.mp4,0,0.7117985
/home/tianlong/Downloads//test/cedpyannqf.mp4,0,3.1298063e-05
/home/tianlong/Downloads//test/mdwtpvlbrz.mp4,0,0.28303915
/home/tianlong/Downloads//test/hfcxlucrbj.mp4,0,0.74806756
/home/tianlong/Downloads//test/wbsajsyaej.mp4,0,0.7024659
/home/tianlong/Downloads//test/tbqrwehekx.mp4,0,0.0003736699
/home/tianlong/Downloads//test/shslgpeisw.mp4,0,0.19519882
/home/tianlong/Downloads//test/epgfqrvwlr.mp4,0,0.24410573
/home/tianlong/Downloads//test/fduhwlydlg.mp4,0,0.6652354
/home/tianlong/Downloads//test/cpmridjxbc.mp4,0,0.9902938
/home/tianlong/Downloads//test/kphflojove.mp4,0,0.0005739691
/home/tianlong/Downloads//test/hlcpwfwcyw.mp4,0,0.0002142461
/home/tianlong/Downloads//test/bpeemkcxad.mp4,0,9.47474e-05
/home/tianlong/Downloads//test/jkadnvoqhk.mp4,0,9.692581e-05
/home/tianlong/Downloads//test/lzzpsosige.mp4,0,0.8659743
/home/tianlong/Downloads//test/pxtwhbaxjq.mp4,0,0.60495013
/home/tianlong/Downloads//test/pxgcsltbuo.mp4,0,0.61563486
/home/tianlong/Downloads//test/gmepmwcgwg.mp4,0,0.37565574
/home/tianlong/Downloads//test/tnetytnegv.mp4,0,0.8715259
/home/tianlong/Downloads//test/sxmqvznwwq.mp4,0,0.5935216
/home/tianlong/Downloads//test/partcfzlbj.mp4,0,0.9991681
/home/tianlong/Downloads//test/tnkmovifrb.mp4,0,0.0017968668
/home/tianlong/Downloads//test/dpgznlwvpx.mp4,0,0.97367686
/home/tianlong/Downloads//test/mbpbbekqks.mp4,0,0.0001372916
/home/tianlong/Downloads//test/hdbejalgtx.mp4,0,0.0007579286
/home/tianlong/Downloads//test/bmdiaytrcm.mp4,0,0.98189
/home/tianlong/Downloads//test/yghxoihrle.mp4,0,0.05921396
/home/tianlong/Downloads//test/vcgelshrli.mp4,0,0.19341817
/home/tianlong/Downloads//test/yvdnbmbwyh.mp4,0,0.043529063
/home/tianlong/Downloads//test/kmakhupeac.mp4,0,2.4478719e-05
/home/tianlong/Downloads//test/ccevbixrwu.mp4,0,0.7440615
/home/tianlong/Downloads//test/edavfjsjzw.mp4,0,0.012968043
/home/tianlong/Downloads//test/znmzmierff.mp4,0,0.75193864
/home/tianlong/Downloads//test/kiotoqmmfj.mp4,0,3.970107e-05
/home/tianlong/Downloads//test/nqctdktbtb.mp4,0,7.24808e-05
/home/tianlong/Downloads//test/inneixkosf.mp4,0,0.57374334
/home/tianlong/Downloads//test/occrrsyizc.mp4,0,0.00020670926
/home/tianlong/Downloads//test/zfecmsiodq.mp4,0,0.95275134
/home/tianlong/Downloads//test/haknpmhigp.mp4,0,0.95441484
/home/tianlong/Downloads//test/zjbwxmmrgk.mp4,0,0.74766445
/home/tianlong/Downloads//test/qgpabkriss.mp4,0,0.0021022614
/home/tianlong/Downloads//test/liureznisp.mp4,0,0.0059030815
/home/tianlong/Downloads//test/bzdywpajvr.mp4,0,0.13527605
/home/tianlong/Downloads//test/jniytngcmy.mp4,0,0.0006311963
/home/tianlong/Downloads//test/idklchvhxp.mp4,0,0.02437464
/home/tianlong/Downloads//test/pijzjjchqn.mp4,0,0.0009699339
/home/tianlong/Downloads//test/pjnsejazpl.mp4,0,0.5922594
/home/tianlong/Downloads//test/gpaqoqegbn.mp4,0,0.9995658
/home/tianlong/Downloads//test/xsxwrwvfkg.mp4,0,0.8362044
/home/tianlong/Downloads//test/arwefyghir.mp4,0,7.012877e-05
/home/tianlong/Downloads//test/ptgvxdueef.mp4,0,0.7689638
/home/tianlong/Downloads//test/plljpjscih.mp4,0,0.0016858276
/home/tianlong/Downloads//test/jozfaxodnx.mp4,0,0.01875424
/home/tianlong/Downloads//test/girdwtjwsr.mp4,0,0.15318552
/home/tianlong/Downloads//test/jbaahohsns.mp4,0,0.00018054477
/home/tianlong/Downloads//test/uetfcmaryk.mp4,0,0.65697736
/home/tianlong/Downloads//test/oqbltrmhvt.mp4,0,0.00021367248
/home/tianlong/Downloads//test/dvtzvkcrku.mp4,0,0.00017083941
/home/tianlong/Downloads//test/qjilklnynm.mp4,0,0.9271558
/home/tianlong/Downloads//test/tcsdjwbihw.mp4,0,0.9933675
/home/tianlong/Downloads//test/zhftwvtutp.mp4,0,0.39494866
/home/tianlong/Downloads//test/xgktqwvknw.mp4,0,0.8162217
/home/tianlong/Downloads//test/cdeesuuuqz.mp4,0,0.0066945613
/home/tianlong/Downloads//test/ymngcysczs.mp4,0,0.4761064
/home/tianlong/Downloads//test/gctyynjruz.mp4,0,0.43272018
/home/tianlong/Downloads//test/vkirqaiuoc.mp4,0,0.16668205
/home/tianlong/Downloads//test/ykywskdwlc.mp4,0,0.3731456
/home/tianlong/Downloads//test/verpxkucoi.mp4,0,0.0007357524
/home/tianlong/Downloads//test/gpsqelalbp.mp4,0,0.95078707
/home/tianlong/Downloads//test/paorozwtbf.mp4,0,0.8641232
/home/tianlong/Downloads//test/iaaecuquha.mp4,0,0.19669795
/home/tianlong/Downloads//test/lmgdjtzwau.mp4,0,0.59492767
/home/tianlong/Downloads//test/tayykmblhg.mp4,0,0.00012528888
/home/tianlong/Downloads//test/hpurahupjh.mp4,0,0.6605162
/home/tianlong/Downloads//test/uutxmgqajd.mp4,0,0.3940032
/home/tianlong/Downloads//test/rbkcpkwhjn.mp4,0,0.8196393
/home/tianlong/Downloads//test/wtnloygygs.mp4,0,0.28932717
/home/tianlong/Downloads//test/biborxaekt.mp4,0,0.9660692
/home/tianlong/Downloads//test/drlnvwvvuw.mp4,0,0.88538915
/home/tianlong/Downloads//test/axutpjywuu.mp4,0,0.004593852
/home/tianlong/Downloads//test/jbcnsmlysc.mp4,0,0.5098064
/home/tianlong/Downloads//test/ilzhgraxpl.mp4,0,0.97538406
/home/tianlong/Downloads//test/cwqhzuhjol.mp4,0,0.37767854
/home/tianlong/Downloads//test/tlzordotqw.mp4,0,0.0007704605
/home/tianlong/Downloads//test/hdauuytvhx.mp4,0,0.7650124
/home/tianlong/Downloads//test/rtiyduycrn.mp4,0,0.0065644393
/home/tianlong/Downloads//test/mdsmgzaltc.mp4,0,0.031318147
/home/tianlong/Downloads//test/mnlxxoicoo.mp4,0,0.075732805
/home/tianlong/Downloads//test/ksfuiztwuc.mp4,0,0.00029542268
/home/tianlong/Downloads//test/tpjydgkvdt.mp4,0,0.47754544
/home/tianlong/Downloads//test/nmjesbwiux.mp4,0,0.942218
/home/tianlong/Downloads//test/egzfaoiuwo.mp4,0,0.9861722
/home/tianlong/Downloads//test/ucmfbukrkj.mp4,0,0.09139501
/home/tianlong/Downloads//test/aoqzxlwvmi.mp4,0,0.731452
/home/tianlong/Downloads//test/zzjfzeuizr.mp4,0,0.01695333
/home/tianlong/Downloads//test/aunokqsmrt.mp4,0,0.96049184
/home/tianlong/Downloads//test/kudvvlgiff.mp4,0,0.8315045
/home/tianlong/Downloads//test/qqwsabrgxh.mp4,0,0.0002568806
/home/tianlong/Downloads//test/pvsslamopo.mp4,0,0.0019504717
/home/tianlong/Downloads//test/kawxnfacqs.mp4,0,0.12189225
/home/tianlong/Downloads//test/lxeqbyddvt.mp4,0,0.7256228
/home/tianlong/Downloads//test/zylribcaeu.mp4,0,9.754052e-05
/home/tianlong/Downloads//test/sghdekqnnn.mp4,0,0.9454521
/home/tianlong/Downloads//test/msbqgoxxlh.mp4,0,0.24445061
/home/tianlong/Downloads//test/ubbzrfgzer.mp4,0,0.9994335
/home/tianlong/Downloads//test/vuofhivyfs.mp4,0,0.010659739
/home/tianlong/Downloads//test/xirrbpmlja.mp4,0,0.6235406
/home/tianlong/Downloads//test/appvffejyy.mp4,0,0.2259583
/home/tianlong/Downloads//test/nzepxsbotb.mp4,0,0.83066237
/home/tianlong/Downloads//test/nkqkvwpghi.mp4,0,0.0018538015
/home/tianlong/Downloads//test/vdvffooule.mp4,0,0.00039319848
/home/tianlong/Downloads//test/rayhrvqorn.mp4,0,0.60741246
/home/tianlong/Downloads//test/cslfapvyjv.mp4,0,0.9900961
/home/tianlong/Downloads//test/rmygsfjyvt.mp4,0,5.3228054e-05
/home/tianlong/Downloads//test/yhbhhibwzo.mp4,0,0.0004330219
/home/tianlong/Downloads//test/vlxfyuzygn.mp4,0,0.0018490741
/home/tianlong/Downloads//test/zefqhoewww.mp4,0,0.9031399
/home/tianlong/Downloads//test/vptrrrmhyb.mp4,0,0.24836984
/home/tianlong/Downloads//test/cefolmrrlx.mp4,0,0.54904765
/home/tianlong/Downloads//test/xzmplldajk.mp4,0,9.8913e-05
/home/tianlong/Downloads//test/hrznynemfj.mp4,0,0.02088369
/home/tianlong/Downloads//test/tkxblcleyd.mp4,0,0.28246337
/home/tianlong/Downloads//test/tlxgwzheli.mp4,0,0.7921813
/home/tianlong/Downloads//test/qvgutokvct.mp4,0,0.4285783
/home/tianlong/Downloads//test/tcwyxrvdpe.mp4,0,0.9560086
/home/tianlong/Downloads//test/jwrypvpvpx.mp4,0,0.13444832
/home/tianlong/Downloads//test/bpyjsrjcro.mp4,0,0.005258637
/home/tianlong/Downloads//test/avteqdmbob.mp4,0,0.0047603026
/home/tianlong/Downloads//test/aaivbtdyjn.mp4,0,0.001463042
/home/tianlong/Downloads//test/pokctfragw.mp4,0,0.73492926
/home/tianlong/Downloads//test/vgdllmzjcw.mp4,0,9.747009e-05
/home/tianlong/Downloads//test/zdlhavfmit.mp4,0,0.15001492
/home/tianlong/Downloads//test/yupsrmckii.mp4,0,0.00035047188
/home/tianlong/Downloads//test/pobpsxjbzg.mp4,0,0.6501659
/home/tianlong/Downloads//test/lkvouattut.mp4,0,0.04736505
/home/tianlong/Downloads//test/anjzzdyhno.mp4,0,0.5650493
/home/tianlong/Downloads//test/jvihmimqca.mp4,0,0.00013486267
/home/tianlong/Downloads//test/wnoitecfmf.mp4,0,0.021263901
/home/tianlong/Downloads//test/gbvllwqbjl.mp4,0,0.84167385
/home/tianlong/Downloads//test/gzabjmglim.mp4,0,0.007231227
/home/tianlong/Downloads//test/paqcbtdulm.mp4,0,0.678887
/home/tianlong/Downloads//test/jcbbrqaaaq.mp4,0,0.016339462
/home/tianlong/Downloads//test/nsavbywhlu.mp4,0,0.04591326
/home/tianlong/Downloads//test/zwfebeiqat.mp4,0,0.7985445
/home/tianlong/Downloads//test/pimrsfwcwm.mp4,0,0.7533919
/home/tianlong/Downloads//test/mrvdmwcblt.mp4,0,0.004048872
/home/tianlong/Downloads//test/hedetzyqpu.mp4,0,0.0022124453
/home/tianlong/Downloads//test/qytaiboeep.mp4,0,0.00040915742
/home/tianlong/Downloads//test/famavifufv.mp4,0,0.81327534
/home/tianlong/Downloads//test/hnselekxwv.mp4,0,0.5742763
/home/tianlong/Downloads//test/emgciwmtuj.mp4,0,0.990188
/home/tianlong/Downloads//test/wbmvbetcdm.mp4,0,0.9370972
/home/tianlong/Downloads//test/mpvnvvihzp.mp4,0,0.014910737
/home/tianlong/Downloads//test/zelgpxflfe.mp4,0,0.45603925
/home/tianlong/Downloads//test/lhjcdavmmg.mp4,0,7.197638e-05
/home/tianlong/Downloads//test/rxtqqoncwj.mp4,0,0.00062422344
/home/tianlong/Downloads//test/shrpamtirw.mp4,0,0.0001344873
/home/tianlong/Downloads//test/qhzlgrtgto.mp4,0,0.7996756
/home/tianlong/Downloads//test/uuzyzglejw.mp4,0,0.005340521
/home/tianlong/Downloads//test/bmnpqrwnex.mp4,0,0.54661894
/home/tianlong/Downloads//test/dtssdnhgiw.mp4,0,0.0036294155
/home/tianlong/Downloads//test/rlhmppiklf.mp4,0,0.00043105765
/home/tianlong/Downloads//test/sswhgeqjrt.mp4,0,0.5407728
/home/tianlong/Downloads//test/emxqsgqtdz.mp4,0,0.00056101533
/home/tianlong/Downloads//test/bcwtjzsutw.mp4,0,0.013562566
/home/tianlong/Downloads//test/uomfimsutw.mp4,0,0.00010320734
/home/tianlong/Downloads//test/mztlucosuc.mp4,0,0.0141512435
/home/tianlong/Downloads//test/ntcfyojagi.mp4,0,0.98039323
/home/tianlong/Downloads//test/wrbuiboyat.mp4,0,0.0006931819
/home/tianlong/Downloads//test/xiqecarvpb.mp4,0,0.0028866394
/home/tianlong/Downloads//test/fcvzlzfufb.mp4,0,0.921998
/home/tianlong/Downloads//test/savqrjnncg.mp4,0,0.9965132
/home/tianlong/Downloads//test/icqmqztbry.mp4,0,0.0012757641
/home/tianlong/Downloads//test/zzrmokkxka.mp4,0,7.872549e-05
/home/tianlong/Downloads//test/btgxrrldio.mp4,0,0.49971238
/home/tianlong/Downloads//test/zdnepyqjiy.mp4,0,0.0015414299
/home/tianlong/Downloads//test/fybiztpnrc.mp4,0,0.977897
/home/tianlong/Downloads//test/parqhrknkf.mp4,0,0.00018007381
/home/tianlong/Downloads//test/tvffpggbrc.mp4,0,0.0021559657
/home/tianlong/Downloads//test/rtpuwtrxsr.mp4,0,0.4566132
/home/tianlong/Downloads//test/tgmqfzsznf.mp4,0,0.06595309
/home/tianlong/Downloads//test/eqabuehals.mp4,0,0.60360205
/home/tianlong/Downloads//test/ikebomnsiq.mp4,0,0.016675256
/home/tianlong/Downloads//test/wfzxrfxohw.mp4,0,0.755377
/home/tianlong/Downloads//test/dqfgwejsvm.mp4,0,0.9448863
/home/tianlong/Downloads//test/lxadgjqzbf.mp4,0,8.287553e-05
/home/tianlong/Downloads//test/tdahgbtenl.mp4,0,0.00010454414
/home/tianlong/Downloads//test/bivzhsmrqo.mp4,0,0.00029883248
/home/tianlong/Downloads//test/vzxluflrhn.mp4,0,0.09261654
/home/tianlong/Downloads//test/ikmsdmynbf.mp4,0,0.835787
/home/tianlong/Downloads//test/kuqbgbrypa.mp4,0,0.4323433
/home/tianlong/Downloads//test/nfstajzaot.mp4,0,0.22503547
/home/tianlong/Downloads//test/dultiznosk.mp4,0,0.8675679
/home/tianlong/Downloads//test/ckqfqernbf.mp4,0,0.55750954
/home/tianlong/Downloads//test/kbdwudhhwf.mp4,0,0.4086686
/home/tianlong/Downloads//test/hqpjmwyygq.mp4,0,0.088857934
/home/tianlong/Downloads//test/tjyuudtkme.mp4,0,0.9438488
/home/tianlong/Downloads//test/tihgxlmfcj.mp4,0,0.91905725
/home/tianlong/Downloads//test/sgdnbofecu.mp4,0,0.36151674
/home/tianlong/Downloads//test/pgamqeolau.mp4,0,0.95051754
/home/tianlong/Downloads//test/ijeqomctsa.mp4,0,0.3386955
/home/tianlong/Downloads//test/ppruxbqpmc.mp4,0,0.0018393177
/home/tianlong/Downloads//test/hkvfyeacje.mp4,0,0.7581896
/home/tianlong/Downloads//test/zqrzqekofe.mp4,0,0.022422096
/home/tianlong/Downloads//test/iwzbgmtsuh.mp4,0,0.94093007
/home/tianlong/Downloads//test/dbixwxtuxs.mp4,0,0.0009854257
/home/tianlong/Downloads//test/cepqcoseaj.mp4,0,0.9892231
/home/tianlong/Downloads//test/gypapuqdrx.mp4,0,3.148744e-05
/home/tianlong/Downloads//test/djhhnixfyi.mp4,0,6.5338325e-05
/home/tianlong/Downloads//test/fkarxowzuf.mp4,0,0.74370605
/home/tianlong/Downloads//test/gfxnuidfgl.mp4,0,0.62218314
/home/tianlong/Downloads//test/vsreebjsfs.mp4,0,0.027052779
/home/tianlong/Downloads//test/manqchicur.mp4,0,0.002673803
/home/tianlong/Downloads//test/gztffgsxpt.mp4,0,0.7112583
/home/tianlong/Downloads//test/jdzkykqgsx.mp4,0,0.45248646
/home/tianlong/Downloads//test/cvbubcwkkl.mp4,0,0.74765915
/home/tianlong/Downloads//test/bgqhldvsgc.mp4,0,0.57329243
/home/tianlong/Downloads//test/blqgpxokwq.mp4,0,0.0067727566
/home/tianlong/Downloads//test/cxvayntesu.mp4,0,0.3770431
/home/tianlong/Downloads//test/dxepehnhgm.mp4,0,0.071622714
/home/tianlong/Downloads//test/bcgjlsupne.mp4,0,0.39074007
/home/tianlong/Downloads//test/uhynwthfhf.mp4,0,0.60314924
/home/tianlong/Downloads//test/gocrdvihos.mp4,0,0.9568533
/home/tianlong/Downloads//test/gtyvtbojpp.mp4,0,3.111791e-05
/home/tianlong/Downloads//test/eqtwkqxolz.mp4,0,0.35207957
/home/tianlong/Downloads//test/arwiyweadv.mp4,0,0.5515595
/home/tianlong/Downloads//test/mlizcisxro.mp4,0,0.7883867
/home/tianlong/Downloads//test/miiymgajty.mp4,0,0.0004496185
/home/tianlong/Downloads//test/ragjclplkx.mp4,0,0.6494905
/home/tianlong/Downloads//test/wxrfuemtxj.mp4,0,0.012709973
/home/tianlong/Downloads//test/xxupwwukoh.mp4,0,0.036110505
/home/tianlong/Downloads//test/qdantvtdji.mp4,0,0.6840497
/home/tianlong/Downloads//test/oqehnuhbwa.mp4,0,0.8508916
/home/tianlong/Downloads//test/yzqbwkwxsn.mp4,0,8.0435406e-05
/home/tianlong/Downloads//test/osjaqtkkdt.mp4,0,0.5002387
/home/tianlong/Downloads//test/nthlmvjxac.mp4,0,0.0016279677
/home/tianlong/Downloads//test/dpegbdzijf.mp4,0,0.014432421
/home/tianlong/Downloads//test/ezgusylcyf.mp4,0,0.59078276
/home/tianlong/Downloads//test/isxxybhuls.mp4,0,6.845059e-05
/home/tianlong/Downloads//test/dbqbwrcvjk.mp4,0,0.049415488
/home/tianlong/Downloads//test/qqrvyhjznq.mp4,0,0.6476714
/home/tianlong/Downloads//test/ohdtmpzbtp.mp4,0,0.060044847
/home/tianlong/Downloads//test/oupztxzdln.mp4,0,0.027092177
/home/tianlong/Downloads//test/snidpujjti.mp4,0,0.00037386603
/home/tianlong/Downloads//test/yoxdseoukl.mp4,0,0.0034618962
/home/tianlong/Downloads//test/bxsdnqizii.mp4,0,0.0024333321
/home/tianlong/Downloads//test/ihszkmcwvw.mp4,0,0.8238274
/home/tianlong/Downloads//test/rgrqhjtoby.mp4,0,0.9282311
/home/tianlong/Downloads//test/vqibhetnwa.mp4,0,0.00011808742
/home/tianlong/Downloads//test/rkqqgwurqt.mp4,0,0.09625788
/home/tianlong/Downloads//test/axdepsfowg.mp4,0,0.157174
/home/tianlong/Downloads//test/dcpmipuapc.mp4,0,0.94671404
/home/tianlong/Downloads//test/ncjqganhal.mp4,0,0.00026216198
/home/tianlong/Downloads//test/qnbnlmpqpu.mp4,0,0.79907143
/home/tianlong/Downloads//test/ieoervpooz.mp4,0,0.919417
/home/tianlong/Downloads//test/fscyfygpyk.mp4,0,0.4848714
/home/tianlong/Downloads//test/pitpjawwwp.mp4,0,0.7055969
/home/tianlong/Downloads//test/geturetbpy.mp4,0,0.9688684
/home/tianlong/Downloads//test/kwsraaqime.mp4,0,0.16423896
/home/tianlong/Downloads//test/lhgoghqmub.mp4,0,0.038527258
/home/tianlong/Downloads//test/kdmonvkpqd.mp4,0,0.78271306
/home/tianlong/Downloads//test/wrcelewmpa.mp4,0,0.092794895
/home/tianlong/Downloads//test/bxqgvzamnx.mp4,0,0.1459383
/home/tianlong/Downloads//test/nliofvksed.mp4,0,0.31457168
/home/tianlong/Downloads//test/mwjnvghsbe.mp4,0,0.878586
/home/tianlong/Downloads//test/ygiscbckjl.mp4,0,0.000108537635
/home/tianlong/Downloads//test/wscclwhfsr.mp4,0,0.6147023
/home/tianlong/Downloads//test/hddminxrhw.mp4,0,0.27100497
/home/tianlong/Downloads//test/ncrkggcdqp.mp4,0,0.038335487
/home/tianlong/Downloads//test/xjinzawywt.mp4,0,0.0044448636
/home/tianlong/Downloads//test/korrsqtkke.mp4,0,0.02304835
/home/tianlong/Downloads//test/tskjnnvjsa.mp4,0,0.005392875
/home/tianlong/Downloads//test/tyjxmknivy.mp4,0,0.00016459131
/home/tianlong/Downloads//test/qyvqrtscbk.mp4,0,0.18755187
/home/tianlong/Downloads//test/kxnybtbpkl.mp4,0,0.79832
/home/tianlong/Downloads//test/wiqtkqwfsw.mp4,0,0.0018241387
/home/tianlong/Downloads//test/bevjclbhuo.mp4,0,0.61645055
/home/tianlong/Downloads//test/shwulrbsfx.mp4,0,0.4089334
/home/tianlong/Downloads//test/mohtuktaaq.mp4,0,0.016260933
/home/tianlong/Downloads//test/fwsypadiom.mp4,0,0.5083808
/home/tianlong/Downloads//test/buywrbgfqy.mp4,0,0.9970415
/home/tianlong/Downloads//test/bljpdykszf.mp4,0,0.0006334733
/home/tianlong/Downloads//test/ztxdkcoxvx.mp4,0,0.0001642073
/home/tianlong/Downloads//test/oqeoibjbim.mp4,0,0.9997419
/home/tianlong/Downloads//test/szwhgmrrhm.mp4,0,0.0007186689
/home/tianlong/Downloads//test/xnydmgdhum.mp4,0,0.4584202
/home/tianlong/Downloads//test/fltaysfwct.mp4,0,0.055650223
/home/tianlong/Downloads//test/akdvkdoyoh.mp4,0,0.17839178
/home/tianlong/Downloads//test/ftfemkjnot.mp4,0,3.41408e-05
/home/tianlong/Downloads//test/gmbckelbzp.mp4,0,0.7175709
/home/tianlong/Downloads//test/jjzveabagf.mp4,0,0.8532566
/home/tianlong/Downloads//test/dfqwasrdvq.mp4,0,0.0001885149
/home/tianlong/Downloads//test/diskzkrrph.mp4,0,0.1803449
/home/tianlong/Downloads//test/jtwpwdqmxz.mp4,0,0.03239734
/home/tianlong/Downloads//test/qivnumuetu.mp4,0,0.43214312
/home/tianlong/Downloads//test/blmuzhjygg.mp4,0,0.229913
/home/tianlong/Downloads//test/sbxlfehzjc.mp4,0,0.00017799965
/home/tianlong/Downloads//test/tcwhwssdnv.mp4,0,0.0008038926
/home/tianlong/Downloads//test/bkbokyebco.mp4,0,0.0001662561
/home/tianlong/Downloads//test/vojsghpebv.mp4,0,0.0011063176
/home/tianlong/Downloads//test/opuhoerhxb.mp4,0,0.0030129259
/home/tianlong/Downloads//test/mmhdcoqsve.mp4,0,0.00044486663
/home/tianlong/Downloads//test/ewxddjqzml.mp4,0,0.09004565
/home/tianlong/Downloads//test/dznchaiaqh.mp4,0,0.47781458
/home/tianlong/Downloads//test/mloeefokyq.mp4,0,0.040307097
/home/tianlong/Downloads//test/fgkpembbpv.mp4,0,0.75639987
/home/tianlong/Downloads//test/orqafstesq.mp4,0,0.00014276768
/home/tianlong/Downloads//test/ckgabgjnca.mp4,0,0.021486422
/home/tianlong/Downloads//test/iuvhrgckrt.mp4,0,0.00026352602
/home/tianlong/Downloads//test/vlzwcejywm.mp4,0,0.9834691
/home/tianlong/Downloads//test/cpucjmfawf.mp4,0,6.599361e-05
/home/tianlong/Downloads//test/ekvhyeycpr.mp4,0,0.00072985096
/home/tianlong/Downloads//test/tazlckybzu.mp4,0,0.027084202
/home/tianlong/Downloads//test/clxgzkdgta.mp4,0,0.0005830489
/home/tianlong/Downloads//test/zlfbumxcxs.mp4,0,0.00033285416
/home/tianlong/Downloads//test/plhcceboag.mp4,0,0.17826669
/home/tianlong/Downloads//test/extihvlsxg.mp4,0,0.9998604
/home/tianlong/Downloads//test/olebnvxoyl.mp4,0,0.013026925
/home/tianlong/Downloads//test/opdqcwqxzy.mp4,0,0.31230062
/home/tianlong/Downloads//test/stwaypekwh.mp4,0,0.024259888
/home/tianlong/Downloads//test/xogwctpikv.mp4,0,0.0008115846
/home/tianlong/Downloads//test/cjiwxfwcit.mp4,0,0.00086110213
/home/tianlong/Downloads//test/txshgvrava.mp4,0,0.79669154
/home/tianlong/Downloads//test/ggpuxwhpri.mp4,0,0.68479794
/home/tianlong/Downloads//test/jlxnzxtopm.mp4,0,0.0009803063
/home/tianlong/Downloads//test/thjugpbwcv.mp4,0,0.514587
/home/tianlong/Downloads//test/pkititkein.mp4,0,0.00073684705
/home/tianlong/Downloads//test/hjiwmybauf.mp4,0,0.5025277
/home/tianlong/Downloads//test/efazuieysm.mp4,0,9.697369e-05
/home/tianlong/Downloads//test/tdzsgrdneg.mp4,0,0.6356623
/home/tianlong/Downloads//test/mkxmvreoth.mp4,0,0.12496276
/home/tianlong/Downloads//test/ofbjiuemkr.mp4,0,3.6898236e-05
/home/tianlong/Downloads//test/dogotzkdiw.mp4,0,0.00014844043
/home/tianlong/Downloads//test/qdmvzknbua.mp4,0,0.0030000228
/home/tianlong/Downloads//test/pnauelqbxq.mp4,0,0.34739906
/home/tianlong/Downloads//test/sytddqezij.mp4,0,0.51114315
/home/tianlong/Downloads//test/bhpddnqauc.mp4,0,0.636846
/home/tianlong/Downloads//test/imtkdzkypf.mp4,0,0.2431504
/home/tianlong/Downloads//test/kbodjivgqu.mp4,0,0.8501217
/home/tianlong/Downloads//test/qtxraeaxeh.mp4,0,0.0058924495
/home/tianlong/Downloads//test/uaxmqpmswz.mp4,0,0.8742275
/home/tianlong/Downloads//test/qlbapiibba.mp4,0,0.47486678
/home/tianlong/Downloads//test/mzurunkulx.mp4,0,0.043079
/home/tianlong/Downloads//test/aujoxrpddn.mp4,0,0.07181386
/home/tianlong/Downloads//test/ebenvuuxld.mp4,0,0.00023931498
/home/tianlong/Downloads//test/fsfjlwwsen.mp4,0,4.116752e-05
/home/tianlong/Downloads//test/zwgaptzuqt.mp4,0,0.3262212
/home/tianlong/Downloads//test/gldpafckwo.mp4,0,0.7432724
/home/tianlong/Downloads//test/nvkzpexyzg.mp4,0,0.1196591
/home/tianlong/Downloads//test/vnrmxwtsmf.mp4,0,0.9943552
/home/tianlong/Downloads//test/hmofiqjzxe.mp4,0,0.000289112
/home/tianlong/Downloads//test/ucryyubbqk.mp4,0,0.00024654236
/home/tianlong/Downloads//test/gwqdrapybq.mp4,0,0.00034945685
/home/tianlong/Downloads//test/avttogwbyz.mp4,0,0.12520388
/home/tianlong/Downloads//test/hbmvxgonmq.mp4,0,0.36660922
/home/tianlong/Downloads//test/gxxlbjuyza.mp4,0,0.0003341377
/home/tianlong/Downloads//test/jhzozsurac.mp4,0,0.72888047
/home/tianlong/Downloads//test/opyqudaics.mp4,0,0.010308582
/home/tianlong/Downloads//test/vigbdgmudk.mp4,0,0.88546085
/home/tianlong/Downloads//test/viidhkoxyv.mp4,0,0.96765774
/home/tianlong/Downloads//test/dmpvbeyuqb.mp4,0,0.9559674
/home/tianlong/Downloads//test/wgycqahjww.mp4,0,0.006212754
/home/tianlong/Downloads//test/wwgmzeavbd.mp4,0,0.00247949
/home/tianlong/Downloads//test/qtqyglbdem.mp4,0,0.0009492404
/home/tianlong/Downloads//test/nqynuhnklk.mp4,0,0.038380988
/home/tianlong/Downloads//test/jygbqsigcr.mp4,0,0.35583317
/home/tianlong/Downloads//test/nsozqvhalr.mp4,0,7.7017045e-05
/home/tianlong/Downloads//test/yvmrwdyxby.mp4,0,0.24569602
/home/tianlong/Downloads//test/kvhbyuklfv.mp4,0,0.0004257094
/home/tianlong/Downloads//test/iwnfvkmktq.mp4,0,0.389331
/home/tianlong/Downloads//test/qzfmctgxcs.mp4,0,0.9105587
/home/tianlong/Downloads//test/vhipamioud.mp4,0,0.110241994
/home/tianlong/Downloads//test/lmbvoxhowe.mp4,0,0.6414757
/home/tianlong/Downloads//test/ziqjamfzlv.mp4,0,0.16616361
/home/tianlong/Downloads//test/kqnwutdvpd.mp4,0,0.5049521
/home/tianlong/Downloads//test/lucpbeexdk.mp4,0,0.0013462233
/home/tianlong/Downloads//test/pnotaniiuh.mp4,0,7.1967566e-05
/home/tianlong/Downloads//test/qohtjkzity.mp4,0,0.0005228305
/home/tianlong/Downloads//test/bkjhfcvsig.mp4,0,0.97025216
/home/tianlong/Downloads//test/kpcrdurodw.mp4,0,0.016229482
/home/tianlong/Downloads//test/nmphdbflzj.mp4,0,0.0036780126
/home/tianlong/Downloads//test/fmsxomanga.mp4,0,0.6801805
/home/tianlong/Downloads//test/tgwpcoljin.mp4,0,0.51370066
/home/tianlong/Downloads//test/foynwjsqeh.mp4,0,0.0027396027
/home/tianlong/Downloads//test/vdqritvjfl.mp4,0,0.21510296
/home/tianlong/Downloads//test/egyemqrvna.mp4,0,9.0442925e-05
/home/tianlong/Downloads//test/xrtmepdfyh.mp4,0,0.0032396852
/home/tianlong/Downloads//test/zfgjechdto.mp4,0,0.9833554
/home/tianlong/Downloads//test/jujpqsrgll.mp4,0,0.17380717
/home/tianlong/Downloads//test/iakzgqqova.mp4,0,0.5489737
/home/tianlong/Downloads//test/fqdklzzkfj.mp4,0,0.2647871
/home/tianlong/Downloads//test/dnfnxwbsoi.mp4,0,0.43088454
/home/tianlong/Downloads//test/lynaeydofd.mp4,0,0.86029977
/home/tianlong/Downloads//test/relrfifywa.mp4,0,0.9555667
/home/tianlong/Downloads//test/imsacxixmv.mp4,0,0.35897812
/home/tianlong/Downloads//test/rfbwukxpye.mp4,0,9.864167e-05
/home/tianlong/Downloads//test/atixaudngu.mp4,0,0.013149938
/home/tianlong/Downloads//test/tcychsyltm.mp4,0,0.99979746
/home/tianlong/Downloads//test/kifyfzqzjj.mp4,0,0.3942604
/home/tianlong/Downloads//test/irjbukzjqt.mp4,0,0.8313837
/home/tianlong/Downloads//test/jmkkbkvbjo.mp4,0,0.00023347046
/home/tianlong/Downloads//test/gflhlvhqyl.mp4,0,0.063545495
/home/tianlong/Downloads//test/myebjqbxsl.mp4,0,0.931904
/home/tianlong/Downloads//test/mqeqiytluf.mp4,0,0.20813546
/home/tianlong/Downloads//test/zbsjlcsetv.mp4,0,0.48018068
/home/tianlong/Downloads//test/lzmxqxrruv.mp4,0,4.3054002e-05
/home/tianlong/Downloads//test/neotrnwthu.mp4,0,0.450559
/home/tianlong/Downloads//test/vwigtbeivy.mp4,0,0.19446602
/home/tianlong/Downloads//test/ldtscpryms.mp4,0,0.018455938
/home/tianlong/Downloads//test/sjgmmecazy.mp4,0,0.2891654
/home/tianlong/Downloads//test/jkrbsekajk.mp4,0,0.98966527
/home/tianlong/Downloads//test/iahzcxmuck.mp4,0,0.7984581
/home/tianlong/Downloads//test/cteqlloxwu.mp4,0,0.52958745
/home/tianlong/Downloads//test/pgqxsteufx.mp4,0,0.0055720704
/home/tianlong/Downloads//test/cmuzrrlaiy.mp4,1,2.8356877e-05
/home/tianlong/Downloads//test/jxeqhujuvh.mp4,1,0.00018785268
/home/tianlong/Downloads//test/ntaqujyzes.mp4,1,0.99815655
/home/tianlong/Downloads//test/ghxzsygiou.mp4,1,0.15468493
/home/tianlong/Downloads//test/lvxzjwiklq.mp4,1,0.00025689878
/home/tianlong/Downloads//test/wlyvvvjgnv.mp4,1,0.7802162
/home/tianlong/Downloads//test/hexxuigzdl.mp4,1,0.008031579
/home/tianlong/Downloads//test/zynrdvlrwv.mp4,1,0.33324224
/home/tianlong/Downloads//test/kbvqzihgan.mp4,1,0.9995961
/home/tianlong/Downloads//test/razacdewcv.mp4,1,0.10607215
/home/tianlong/Downloads//test/tjlrvidbxw.mp4,1,0.0001335517
/home/tianlong/Downloads//test/gcbyurxhbz.mp4,1,0.45242128
/home/tianlong/Downloads//test/xticvyqqjn.mp4,1,0.00024712947
/home/tianlong/Downloads//test/gqpayiddqv.mp4,1,0.5141787
/home/tianlong/Downloads//test/zmrnjhfxed.mp4,1,0.00014544254
/home/tianlong/Downloads//test/slpxqmwuqm.mp4,1,0.00058025855
/home/tianlong/Downloads//test/upwsvjdtgo.mp4,1,0.00038642492
/home/tianlong/Downloads//test/zpnjiswgdt.mp4,1,4.0447714e-05
/home/tianlong/Downloads//test/rayxtqfosv.mp4,1,0.75606966
/home/tianlong/Downloads//test/cfhoqpdzqb.mp4,1,0.9633023
/home/tianlong/Downloads//test/okyufzgvay.mp4,1,0.5686469
/home/tianlong/Downloads//test/wgyxtquovo.mp4,1,0.008146399
/home/tianlong/Downloads//test/kicgvgukqs.mp4,1,0.23049963
/home/tianlong/Downloads//test/aolhuwcdwv.mp4,1,0.006130148
/home/tianlong/Downloads//test/clzcvdsuyp.mp4,1,6.524587e-05
/home/tianlong/Downloads//test/jibhugdfbs.mp4,1,0.30291384
/home/tianlong/Downloads//test/kfiszsbzob.mp4,1,0.00031668978
/home/tianlong/Downloads//test/mgwtoqonaf.mp4,1,0.00012069275
/home/tianlong/Downloads//test/buzqmuifod.mp4,1,0.24149707
/home/tianlong/Downloads//test/bofmetrgfm.mp4,1,0.09365346
/home/tianlong/Downloads//test/chlshvbday.mp4,1,0.0072376477
/home/tianlong/Downloads//test/vxcjkgerao.mp4,1,8.584939e-05
/home/tianlong/Downloads//test/qxwqqhruvz.mp4,1,0.44551
/home/tianlong/Downloads//test/hytdcdixlv.mp4,1,0.19011047
/home/tianlong/Downloads//test/buejhiahpy.mp4,1,0.0013601574
/home/tianlong/Downloads//test/omotodymgb.mp4,1,0.04409591
/home/tianlong/Downloads//test/gmcvyrferj.mp4,1,0.5147317
/home/tianlong/Downloads//test/ycoaclsdov.mp4,1,0.19810204
/home/tianlong/Downloads//test/scaljzcpcf.mp4,1,0.000106550615
/home/tianlong/Downloads//test/uhbxhharht.mp4,1,0.0069853486
/home/tianlong/Downloads//test/tmmakbzbqw.mp4,1,0.000344279
/home/tianlong/Downloads//test/mvfvefsgik.mp4,1,0.9797705
/home/tianlong/Downloads//test/inesnaprwm.mp4,1,0.0290255
/home/tianlong/Downloads//test/qqxelyjmmw.mp4,1,0.0014381747
/home/tianlong/Downloads//test/dllkubdbbd.mp4,1,0.78251916
/home/tianlong/Downloads//test/ttnajmkchw.mp4,1,0.99341094
/home/tianlong/Downloads//test/kaffwaiexj.mp4,1,0.9684528
/home/tianlong/Downloads//test/dpfuqzdtrs.mp4,1,0.2516683
/home/tianlong/Downloads//test/hfvexodpht.mp4,1,0.69033307
/home/tianlong/Downloads//test/vmxjsdkuju.mp4,1,0.9205182
/home/tianlong/Downloads//test/afaxsgqksm.mp4,1,0.90256035
/home/tianlong/Downloads//test/pgkipgmpgm.mp4,1,0.14812806
/home/tianlong/Downloads//test/ltkesswcyn.mp4,1,0.104097605
/home/tianlong/Downloads//test/dffkcrccsj.mp4,1,0.027206
/home/tianlong/Downloads//test/svtnilogao.mp4,1,0.00012384674
/home/tianlong/Downloads//test/bzobkqewtt.mp4,1,0.8485715
/home/tianlong/Downloads//test/vemnbnqoqk.mp4,1,0.017257271
/home/tianlong/Downloads//test/nobrvdftmd.mp4,1,0.046966106
/home/tianlong/Downloads//test/qepgiaxgpc.mp4,1,0.3591563
/home/tianlong/Downloads//test/bogjubshbr.mp4,1,0.035942048
/home/tianlong/Downloads//test/uyoqozgdcy.mp4,1,0.44418868
/home/tianlong/Downloads//test/cvmmtklgst.mp4,1,2.5287509e-05
/home/tianlong/Downloads//test/qharxzhzpl.mp4,1,2.8512664e-05
/home/tianlong/Downloads//test/sprejlmapw.mp4,1,0.008856496
/home/tianlong/Downloads//test/crzrsezocr.mp4,1,0.052639462
/home/tianlong/Downloads//test/wyqhadmmcy.mp4,1,0.1597689
/home/tianlong/Downloads//test/jrjxehotww.mp4,1,0.14161226
/home/tianlong/Downloads//test/xctpdujlok.mp4,1,0.9799978
/home/tianlong/Downloads//test/hfspenqmpw.mp4,1,0.9922241
/home/tianlong/Downloads//test/jkfukzcjxd.mp4,1,0.99476004
/home/tianlong/Downloads//test/knafngkgen.mp4,1,0.7003671
/home/tianlong/Downloads//test/tswmtnhfmn.mp4,1,0.81851065
/home/tianlong/Downloads//test/qoasfzksgo.mp4,1,0.1305547
/home/tianlong/Downloads//test/hnrzuoqnkz.mp4,1,0.977852
/home/tianlong/Downloads//test/nussrkyuzy.mp4,1,0.9636363
/home/tianlong/Downloads//test/ciwzwmlyxz.mp4,1,0.74292696
/home/tianlong/Downloads//test/dbauiiupef.mp4,1,0.2242845
/home/tianlong/Downloads//test/ywxfnlxtjg.mp4,1,0.20796919
/home/tianlong/Downloads//test/pryqgrbtnu.mp4,1,0.00046336403
/home/tianlong/Downloads//test/mbjpaydogy.mp4,1,0.19170232
/home/tianlong/Downloads//test/ihdopxhysr.mp4,1,0.8156282
/home/tianlong/Downloads//test/rgasvymjrj.mp4,1,0.35390264
/home/tianlong/Downloads//test/eclpgjjies.mp4,1,0.2871193
/home/tianlong/Downloads//test/kxptuwngop.mp4,1,0.0024586099
/home/tianlong/Downloads//test/uaqvffouxp.mp4,1,0.04561331
/home/tianlong/Downloads//test/xvqzzgoabm.mp4,1,0.9999552
/home/tianlong/Downloads//test/tkgbjtcxyl.mp4,1,0.002441682
/home/tianlong/Downloads//test/xlnaxrwvcx.mp4,1,0.039987482
/home/tianlong/Downloads//test/kphfzaullq.mp4,1,0.045143124
/home/tianlong/Downloads//test/rkezgzxnoo.mp4,1,0.65856045
/home/tianlong/Downloads//test/fromclsodq.mp4,1,0.19618745
/home/tianlong/Downloads//test/nrscfrjxpb.mp4,1,0.19939215
/home/tianlong/Downloads//test/ygobagrhmg.mp4,1,0.007240454
/home/tianlong/Downloads//test/hisfrixnbu.mp4,1,0.44552508
/home/tianlong/Downloads//test/duzueyonao.mp4,1,0.8465185
/home/tianlong/Downloads//test/gkknsyqbnz.mp4,1,0.047358178
/home/tianlong/Downloads//test/tmgdrjjalz.mp4,1,0.99916774
/home/tianlong/Downloads//test/iajblozgtx.mp4,1,0.9069562
/home/tianlong/Downloads//test/ahkcchuwqq.mp4,1,0.97202027
/home/tianlong/Downloads//test/zmfiveruie.mp4,1,0.9973124
/home/tianlong/Downloads//test/xptgnpgfkn.mp4,1,0.97837114
/home/tianlong/Downloads//test/aebhowazav.mp4,1,0.23718086
/home/tianlong/Downloads//test/geulcwvfuy.mp4,1,3.739862e-05
/home/tianlong/Downloads//test/glzyifzrql.mp4,1,0.806296
/home/tianlong/Downloads//test/wvmrsucbsq.mp4,1,0.6657506
/home/tianlong/Downloads//test/moetggyxsc.mp4,1,0.9996457
/home/tianlong/Downloads//test/jfvnwpcjrm.mp4,1,0.23708642
/home/tianlong/Downloads//test/kaggpclkjm.mp4,1,0.9495891
/home/tianlong/Downloads//test/nacldwtuwp.mp4,1,0.00092027773
/home/tianlong/Downloads//test/upwyvqbjlq.mp4,1,0.9990775
/home/tianlong/Downloads//test/tdmyjvptzv.mp4,1,0.00021822387
/home/tianlong/Downloads//test/fzurflflwv.mp4,1,0.7067224
/home/tianlong/Downloads//test/aakjukgjme.mp4,1,0.9881048
/home/tianlong/Downloads//test/ypepsyuwmo.mp4,1,0.012778163
/home/tianlong/Downloads//test/qxhyhhkywc.mp4,1,0.89421433
/home/tianlong/Downloads//test/iqvfopywpa.mp4,1,0.5845758
/home/tianlong/Downloads//test/xfncslssic.mp4,1,0.5536309
/home/tianlong/Downloads//test/jesstfspwv.mp4,1,0.93009347
/home/tianlong/Downloads//test/xiraodtgnt.mp4,1,0.6056429
/home/tianlong/Downloads//test/xeuzubpylq.mp4,1,2.8304476e-05
/home/tianlong/Downloads//test/xszpbtciwo.mp4,1,0.21382442
/home/tianlong/Downloads//test/fkksbgaibl.mp4,1,0.43561888
/home/tianlong/Downloads//test/ntqzfgmhnj.mp4,1,0.8621017
/home/tianlong/Downloads//test/bizbjxafzr.mp4,1,0.02640744
/home/tianlong/Downloads//test/bxfwiuvafo.mp4,1,0.001113719
/home/tianlong/Downloads//test/jfcglbovmo.mp4,1,2.445943e-05
/home/tianlong/Downloads//test/odidbykbar.mp4,1,0.9017054
/home/tianlong/Downloads//test/qarbtmjwhm.mp4,1,0.975472
/home/tianlong/Downloads//test/jeierullea.mp4,1,9.658667e-05
/home/tianlong/Downloads//test/lrckqkzekj.mp4,1,0.0115810055
/home/tianlong/Downloads//test/riizlqngim.mp4,1,0.00026880234
/home/tianlong/Downloads//test/lmcnonfhgz.mp4,1,0.00017918777
/home/tianlong/Downloads//test/lkhszpabzv.mp4,1,0.9967858
/home/tianlong/Downloads//test/njqbwiajss.mp4,1,0.8276132
/home/tianlong/Downloads//test/ksqybmrwyg.mp4,1,0.7672159
/home/tianlong/Downloads//test/dxphlwcvan.mp4,1,0.04593257
/home/tianlong/Downloads//test/dgjssccxhx.mp4,1,0.98221767
/home/tianlong/Downloads//test/sbfxzmhzyv.mp4,1,0.91151774
/home/tianlong/Downloads//test/rlvgpdrgvi.mp4,1,0.015782211
/home/tianlong/Downloads//test/uzdmxmfcqe.mp4,1,0.5363995
/home/tianlong/Downloads//test/afixxjdxef.mp4,1,8.2782804e-05
/home/tianlong/Downloads//test/fwvxtssltw.mp4,1,0.5533141
/home/tianlong/Downloads//test/jyzlvivrmr.mp4,1,0.20986263
/home/tianlong/Downloads//test/byavookkdu.mp4,1,0.2550237
/home/tianlong/Downloads//test/agyawnxlmv.mp4,1,0.0002802362
/home/tianlong/Downloads//test/zjoonppreb.mp4,1,0.80817014
/home/tianlong/Downloads//test/sjzwpqupnm.mp4,1,0.6869145
/home/tianlong/Downloads//test/pobrnbspcf.mp4,1,0.015816018
/home/tianlong/Downloads//test/qdkpphviay.mp4,1,0.016644847
/home/tianlong/Downloads//test/nbyaxzmueg.mp4,1,0.003463044
/home/tianlong/Downloads//test/vfszaqentw.mp4,1,0.00072016707
/home/tianlong/Downloads//test/fosovipqkg.mp4,1,0.9809086
/home/tianlong/Downloads//test/grwcxofqrx.mp4,1,0.00062516343
/home/tianlong/Downloads//test/koqxhnmkjl.mp4,1,0.41722813
/home/tianlong/Downloads//test/xkukyjokbg.mp4,1,0.34486628
/home/tianlong/Downloads//test/fmnzbwtjep.mp4,1,0.016827255
/home/tianlong/Downloads//test/aruyyclubn.mp4,1,0.988984
/home/tianlong/Downloads//test/eluhuvocwr.mp4,1,0.001618305
/home/tianlong/Downloads//test/iiwffwiyrg.mp4,1,0.9705588
/home/tianlong/Downloads//test/fsbabrxhqy.mp4,1,0.0005303689
/home/tianlong/Downloads//test/ymqadbkafj.mp4,1,0.99862033
/home/tianlong/Downloads//test/nptmqvfuhz.mp4,1,0.00032855532
/home/tianlong/Downloads//test/usjnlahlcj.mp4,1,5.9287686e-05
/home/tianlong/Downloads//test/hbozjjcafn.mp4,1,0.0036369066
/home/tianlong/Downloads//test/cizxmeztny.mp4,1,0.2628828
/home/tianlong/Downloads//test/syxlmynhsi.mp4,1,0.00062873185
/home/tianlong/Downloads//test/ezadehoecy.mp4,1,0.650648
/home/tianlong/Downloads//test/fpliemtlco.mp4,1,0.8360987
/home/tianlong/Downloads//test/arflgfcnkg.mp4,1,0.000118224416
/home/tianlong/Downloads//test/occelhylxf.mp4,1,0.99782646
/home/tianlong/Downloads//test/uqntkvpntd.mp4,1,0.24133849
/home/tianlong/Downloads//test/iatevqworc.mp4,1,0.97369444
/home/tianlong/Downloads//test/xzsmgydcub.mp4,1,0.031092593
/home/tianlong/Downloads//test/qbffpkpmkf.mp4,1,0.85432243
/home/tianlong/Downloads//test/pzbpgfmroj.mp4,1,0.53412855
/home/tianlong/Downloads//test/oundixpyst.mp4,1,0.8911923
/home/tianlong/Downloads//test/hnxhwfttpy.mp4,1,0.09100029
/home/tianlong/Downloads//test/rdjwlvvwtv.mp4,1,0.2576398
/home/tianlong/Downloads//test/tcmstiljkk.mp4,1,0.00058407977
/home/tianlong/Downloads//test/qbfdtumuct.mp4,1,0.00044673163
/home/tianlong/Downloads//test/mxnquwuszt.mp4,1,8.480564e-05
/home/tianlong/Downloads//test/sjooumwlzb.mp4,1,0.029472932
/home/tianlong/Downloads//test/twhwouycfg.mp4,1,0.16605155
/home/tianlong/Downloads//test/wytpaehszj.mp4,1,0.00036552252
/home/tianlong/Downloads//test/srtwhbzzlr.mp4,1,0.19450143
/home/tianlong/Downloads//test/jqjfpkuckf.mp4,1,0.00052356615
/home/tianlong/Downloads//test/yxjjfaekev.mp4,1,0.3447171
/home/tianlong/Downloads//test/cyokqrzbol.mp4,1,0.71949637
/home/tianlong/Downloads//test/mtilpvablx.mp4,1,0.0075809164
/home/tianlong/Downloads//test/njwsmltmvb.mp4,1,0.00341141
/home/tianlong/Downloads//test/xkksfulade.mp4,1,0.00023469873
/home/tianlong/Downloads//test/dtfgsvfmjq.mp4,1,0.0023285071
/home/tianlong/Downloads//test/onaewxqqkd.mp4,1,0.35079128
/home/tianlong/Downloads//test/pazpnfrbbc.mp4,1,4.3296874e-05
/home/tianlong/Downloads//test/kgowzoxjfq.mp4,1,0.03125841
/home/tianlong/Downloads//test/ltdwtgrads.mp4,1,0.13735153
/home/tianlong/Downloads//test/znistrajpw.mp4,1,0.9351425
/home/tianlong/Downloads//test/yfhzmfhojv.mp4,1,0.0111157615
/home/tianlong/Downloads//test/spkorcenyh.mp4,1,0.0012597773
/home/tianlong/Downloads//test/axopbbxwzr.mp4,1,0.8774291
/home/tianlong/Downloads//test/hxrruqinnh.mp4,1,0.0060432656
/home/tianlong/Downloads//test/tkaybnjwhg.mp4,1,0.06950639
/home/tianlong/Downloads//test/lhwwhjhyqx.mp4,1,0.36778688
/home/tianlong/Downloads//test/btxjufhiaz.mp4,1,0.004074436
/home/tianlong/Downloads//test/dnhaskulaj.mp4,1,0.004062304
/home/tianlong/Downloads//test/vxqofldgze.mp4,1,0.9984416
/home/tianlong/Downloads//test/ddjzmyabyu.mp4,1,0.8775552
/home/tianlong/Downloads//test/mgahaaogif.mp4,1,0.008718021
/home/tianlong/Downloads//test/ktmdpragph.mp4,1,0.04217399
/home/tianlong/Downloads//test/xazdhdnwhh.mp4,1,0.8905851
/home/tianlong/Downloads//test/qnslgeajnt.mp4,1,0.0005984286
/home/tianlong/Downloads//test/sivrgbsaog.mp4,1,0.00020188524
/home/tianlong/Downloads//test/uzmuovkewv.mp4,1,0.42357326
/home/tianlong/Downloads//test/tvazrcdkpq.mp4,1,0.0954918
/home/tianlong/Downloads//test/jbatiwjmzh.mp4,1,0.0028558518
/home/tianlong/Downloads//test/hmiylncrva.mp4,1,0.008821659
/home/tianlong/Downloads//test/uxkojffbsr.mp4,1,0.0062949304
/home/tianlong/Downloads//test/crbcrxqftw.mp4,1,0.44838914
/home/tianlong/Downloads//test/yermnsnlgf.mp4,1,0.8852972
/home/tianlong/Downloads//test/gipcvghjiy.mp4,1,0.00261073
/home/tianlong/Downloads//test/iwcfxyoimw.mp4,1,0.9828353
/home/tianlong/Downloads//test/kozaofkgvk.mp4,1,0.97955626
/home/tianlong/Downloads//test/xlgevjtsog.mp4,1,0.76915395
/home/tianlong/Downloads//test/bpjkimtqtz.mp4,1,0.13571374
/home/tianlong/Downloads//test/pdnwaekrtn.mp4,1,4.9099046e-05
/home/tianlong/Downloads//test/toxsrzsksc.mp4,1,0.8703226
/home/tianlong/Downloads//test/oejfypsbfh.mp4,1,0.000101334685
/home/tianlong/Downloads//test/hwyuwbnszo.mp4,1,0.18991615
/home/tianlong/Downloads//test/acgyspwyqr.mp4,1,0.013044959
/home/tianlong/Downloads//test/oitcqmvnsa.mp4,1,0.009449298
/home/tianlong/Downloads//test/pdqqkuclvd.mp4,1,2.8819684e-05
/home/tianlong/Downloads//test/slsyjvgfpu.mp4,1,0.0028634234
/home/tianlong/Downloads//test/xmdfnldfyc.mp4,1,0.1120949
/home/tianlong/Downloads//test/ynkzlkahux.mp4,1,0.040935002
/home/tianlong/Downloads//test/szjbkskyph.mp4,1,0.9489676
/home/tianlong/Downloads//test/yyiiywtiry.mp4,1,0.76067924
/home/tianlong/Downloads//test/crvotfojeq.mp4,1,0.40492725
/home/tianlong/Downloads//test/rsqblsfgli.mp4,1,0.33032814
/home/tianlong/Downloads//test/becqadbtkb.mp4,1,0.2562317
/home/tianlong/Downloads//test/afqaubpglg.mp4,1,0.0028107911
/home/tianlong/Downloads//test/pwplooonzr.mp4,1,0.99691087
/home/tianlong/Downloads//test/vjegxiyvla.mp4,1,0.00077294896
/home/tianlong/Downloads//test/jbwtbfbdko.mp4,1,0.014673037
/home/tianlong/Downloads//test/toggbitvfd.mp4,1,0.00018400475
/home/tianlong/Downloads//test/xpfhawmzbe.mp4,1,0.15037315
/home/tianlong/Downloads//test/kjwdinzplo.mp4,1,0.73373187
/home/tianlong/Downloads//test/jrkdzpijpb.mp4,1,0.09741165
/home/tianlong/Downloads//test/lbnuxynggy.mp4,1,0.45062464
/home/tianlong/Downloads//test/iorrylopzn.mp4,1,0.9998003
/home/tianlong/Downloads//test/yasxapunrf.mp4,1,0.11711768
/home/tianlong/Downloads//test/suohrphvbe.mp4,1,0.2336963
/home/tianlong/Downloads//test/salsuwvckq.mp4,1,0.83836424
/home/tianlong/Downloads//test/eclnowceyi.mp4,1,0.71050036
/home/tianlong/Downloads//test/wvtymfvbwq.mp4,1,0.9974597
/home/tianlong/Downloads//test/rsjhmrvdwg.mp4,1,0.0022594961
/home/tianlong/Downloads//test/qtvhpmoukj.mp4,1,0.99761295
/home/tianlong/Downloads//test/svqkfjfucw.mp4,1,4.3615793e-05
/home/tianlong/Downloads//test/jdlqmnhuix.mp4,1,0.0001323529
/home/tianlong/Downloads//test/ltmkgkppwx.mp4,1,0.7514762
/home/tianlong/Downloads//test/zaoyocjkgw.mp4,1,2.772445e-05
/home/tianlong/Downloads//test/vgrhobnbfo.mp4,1,0.058594346
/home/tianlong/Downloads//test/eeeuzozcdc.mp4,1,0.020892944
/home/tianlong/Downloads//test/ikgxqbhmlv.mp4,1,0.36252147
/home/tianlong/Downloads//test/zyeakowujw.mp4,1,0.3972351
/home/tianlong/Downloads//test/uerapqglmr.mp4,1,0.51905763
/home/tianlong/Downloads//test/fmuncwjpej.mp4,1,0.99975204
/home/tianlong/Downloads//test/xllzvdxwiv.mp4,1,0.00027993313
/home/tianlong/Downloads//test/giuymhlbyo.mp4,1,0.075237885
/home/tianlong/Downloads//test/bubbmjnmge.mp4,1,0.0004868941
/home/tianlong/Downloads//test/qwqefbalkv.mp4,1,0.7596606
/home/tianlong/Downloads//test/aupsxowdcp.mp4,1,0.0018063296
/home/tianlong/Downloads//test/apjovfzzft.mp4,1,0.6908463
/home/tianlong/Downloads//test/yjbnaqwxyf.mp4,1,0.023542289
/home/tianlong/Downloads//test/dajlkmlvch.mp4,1,0.984763
/home/tianlong/Downloads//test/egwzzhemvk.mp4,1,0.4537511
/home/tianlong/Downloads//test/vlhrgeyvqy.mp4,1,0.09488836
/home/tianlong/Downloads//test/vpolvvzwsw.mp4,1,0.8969433
/home/tianlong/Downloads//test/ddkcxrncmq.mp4,1,0.0013433371
/home/tianlong/Downloads//test/fncnobpzzx.mp4,1,0.29634485
/home/tianlong/Downloads//test/lhayhvqjmg.mp4,1,8.1571394e-05
/home/tianlong/Downloads//test/yboofyemks.mp4,1,0.09070144
/home/tianlong/Downloads//test/wzkovvmdkq.mp4,1,0.00025752315
/home/tianlong/Downloads//test/axxldpmbat.mp4,1,0.00019255755
/home/tianlong/Downloads//test/piovymzozl.mp4,1,0.23191354
/home/tianlong/Downloads//test/ymjrnwsjxt.mp4,1,0.00043161697
/home/tianlong/Downloads//test/jfxroglrst.mp4,1,9.1404625e-05
/home/tianlong/Downloads//test/qzyaijdbfe.mp4,1,0.1972703
/home/tianlong/Downloads//test/gzwzxbtkpd.mp4,1,0.9993006
/home/tianlong/Downloads//test/bgssriyozb.mp4,1,0.009233708
/home/tianlong/Downloads//test/wqtraebanl.mp4,1,0.0010657774
/home/tianlong/Downloads//test/lovkthgavz.mp4,1,0.33477074
/home/tianlong/Downloads//test/vpgjaoyvir.mp4,1,0.7601721
/home/tianlong/Downloads//test/btlqqvfuck.mp4,1,0.00018536481
/home/tianlong/Downloads//test/zzxidpsxmv.mp4,1,0.86482275
/home/tianlong/Downloads//test/qzuhjrhozy.mp4,1,0.2597974
/home/tianlong/Downloads//test/rtuaxyuvqs.mp4,1,0.19299221
/home/tianlong/Downloads//test/vybbullejj.mp4,1,0.00010702342
/home/tianlong/Downloads//test/lblweiecpx.mp4,1,0.00012692827
/home/tianlong/Downloads//test/qkchcuiljp.mp4,1,0.008156096
/home/tianlong/Downloads//test/roivdutkrz.mp4,1,0.7942079
/home/tianlong/Downloads//test/rziziscker.mp4,1,0.21639279
/home/tianlong/Downloads//test/zsdmgllhck.mp4,1,0.016868442
/home/tianlong/Downloads//test/kpkzqbpivj.mp4,1,0.00043828815
/home/tianlong/Downloads//test/tgkjhdyxww.mp4,1,0.21453509
/home/tianlong/Downloads//test/zubaiztkag.mp4,1,0.02557232
/home/tianlong/Downloads//test/figxvsdmsb.mp4,1,0.00092184806
/home/tianlong/Downloads//test/enzlliylet.mp4,1,0.00021902678
/home/tianlong/Downloads//test/acekgkqgdg.mp4,1,0.013355697
/home/tianlong/Downloads//test/ljrikjsgis.mp4,1,0.0017196068
/home/tianlong/Downloads//test/vawotznxqn.mp4,1,0.010193536
/home/tianlong/Downloads//test/jsqtbnxnpb.mp4,1,0.682963
/home/tianlong/Downloads//test/yibeqxcadd.mp4,1,0.021492079
/home/tianlong/Downloads//test/zvgekhyszq.mp4,1,0.00030144292
/home/tianlong/Downloads//test/luisdnrumh.mp4,1,0.094393805
/home/tianlong/Downloads//test/xffjesgeey.mp4,1,0.40133554
/home/tianlong/Downloads//test/haesrhzukc.mp4,1,0.42050007
/home/tianlong/Downloads//test/uwccodyhgh.mp4,1,0.5230322
/home/tianlong/Downloads//test/msdtzpmmae.mp4,1,0.9921934
/home/tianlong/Downloads//test/zgiypcmpic.mp4,1,0.65372074
/home/tianlong/Downloads//test/olkcmrmvbh.mp4,1,0.18481201
/home/tianlong/Downloads//test/kiffbbtjfe.mp4,1,0.18755713
/home/tianlong/Downloads//test/junzzlnlfw.mp4,1,0.00056135526
/home/tianlong/Downloads//test/qkgicklwyn.mp4,1,0.98717153
/home/tianlong/Downloads//test/wluigkzjdl.mp4,1,0.95294034
/home/tianlong/Downloads//test/rsnrcisldc.mp4,1,0.11852689
/home/tianlong/Downloads//test/asiuftijhs.mp4,1,0.6696036
/home/tianlong/Downloads//test/yjloopcthi.mp4,1,7.502425e-05
/home/tianlong/Downloads//test/tzzwqaxtrk.mp4,1,0.1835279
/home/tianlong/Downloads//test/tmfvsxrxnk.mp4,1,0.00033772312
/home/tianlong/Downloads//test/dlsdmdraln.mp4,1,0.23480126
/home/tianlong/Downloads//test/rkygzeyegz.mp4,1,0.01206008
/home/tianlong/Downloads//test/truremwrti.mp4,1,0.7743691
/home/tianlong/Downloads//test/depcrcqwai.mp4,1,0.0057877772
/home/tianlong/Downloads//test/jovohczybs.mp4,1,0.40618935
/home/tianlong/Downloads//test/udcpjfvqro.mp4,1,0.056898046
/home/tianlong/Downloads//test/yxlkovjssa.mp4,1,0.0028781602
/home/tianlong/Downloads//test/trltdpitif.mp4,1,0.02562181
/home/tianlong/Downloads//test/hwufwjdaai.mp4,1,0.0069380044
/home/tianlong/Downloads//test/vgfxjwupga.mp4,1,0.09528544
/home/tianlong/Downloads//test/jejjcsijvc.mp4,1,0.003445208
/home/tianlong/Downloads//test/yjpfhrfyfn.mp4,1,0.6618942
/home/tianlong/Downloads//test/izyqqybmcq.mp4,1,0.077915065
/home/tianlong/Downloads//test/xjnflcfxhn.mp4,1,0.99995184
/home/tianlong/Downloads//test/zidsbdilrm.mp4,1,5.1480718e-05
/home/tianlong/Downloads//test/lepqvhstws.mp4,1,0.9958766
/home/tianlong/Downloads//test/eabghyltka.mp4,1,0.22800338
/home/tianlong/Downloads//test/qxgwcsugvd.mp4,1,0.016351849
/home/tianlong/Downloads//test/oitqddnspw.mp4,1,0.99494076
/home/tianlong/Downloads//test/jiddesrgoi.mp4,1,0.30169493
/home/tianlong/Downloads//test/whsqzlklam.mp4,1,0.27503222
/home/tianlong/Downloads//test/hwspklkjol.mp4,1,3.5330297e-05
/home/tianlong/Downloads//test/mgxdtegobh.mp4,1,0.01412304
/home/tianlong/Downloads//test/dkvxzocpnx.mp4,1,0.00039625462
/home/tianlong/Downloads//test/zxjiwvyzbs.mp4,1,0.010356305
/home/tianlong/Downloads//test/qysxqoredd.mp4,1,8.420153e-05
/home/tianlong/Downloads//test/angqjpzdts.mp4,1,0.1622791
/home/tianlong/Downloads//test/slbhiftdwk.mp4,1,0.60171235
/home/tianlong/Downloads//test/ctsjalmkpx.mp4,1,0.59139687
/home/tianlong/Downloads//test/jrwqouwlzc.mp4,1,0.0004650041
/home/tianlong/Downloads//test/vcqcervdzi.mp4,1,0.16724324
/home/tianlong/Downloads//test/mxczokbutl.mp4,1,0.0018458233
/home/tianlong/Downloads//test/qawqquinvi.mp4,1,0.07180877
/home/tianlong/Downloads//test/cqiyijvrcj.mp4,1,0.052307952
/home/tianlong/Downloads//test/wypdykzzma.mp4,1,0.00048417333
/home/tianlong/Downloads//test/zdurkznxhi.mp4,1,0.021259833
/home/tianlong/Downloads//test/llwjpzzrur.mp4,1,0.0005763787
/home/tianlong/Downloads//test/stmqpsakem.mp4,1,0.12785852
/home/tianlong/Downloads//test/hqfxruqynj.mp4,1,0.09678603
/home/tianlong/Downloads//test/cotxffvovx.mp4,1,0.9534651
/home/tianlong/Downloads//test/yiwyejujhz.mp4,1,0.94992554
/home/tianlong/Downloads//test/azkhkminwu.mp4,1,0.20034346
/home/tianlong/Downloads//test/yoicqcpxgm.mp4,1,0.24225159
/home/tianlong/Downloads//test/kcpamicxjs.mp4,1,0.06567198
/home/tianlong/Downloads//test/mbnvlpwewk.mp4,1,0.62136334
/home/tianlong/Downloads//test/wjqdwzowcg.mp4,1,0.1183628
/home/tianlong/Downloads//test/vqtspwkgwe.mp4,1,0.16921124
/home/tianlong/Downloads//test/rurhyzsnyi.mp4,1,0.00010506925
/home/tianlong/Downloads//test/sipuxpudya.mp4,1,0.45604545
/home/tianlong/Downloads//test/scchmtbzar.mp4,1,0.031334523
/home/tianlong/Downloads//test/qyhlzalxzm.mp4,1,0.03136427
/home/tianlong/Downloads//test/ektrtuwidv.mp4,1,0.0027594878
/home/tianlong/Downloads//test/scbfkrlytb.mp4,1,0.06571145
/home/tianlong/Downloads//test/kxnsmwhqtl.mp4,1,0.0021095139
/home/tianlong/Downloads//test/fiayeurvwb.mp4,1,0.025015205
/home/tianlong/Downloads//test/xpuntxtdbs.mp4,1,0.00045184675
/home/tianlong/Downloads//test/edvyxmzpoy.mp4,1,2.4451141e-05
/home/tianlong/Downloads//test/thnywrwayf.mp4,1,0.89979017
/home/tianlong/Downloads//test/xojauzdavy.mp4,1,8.503257e-05
/home/tianlong/Downloads//test/kaajaxzivt.mp4,1,0.93574876
/home/tianlong/Downloads//test/fmvdkhucsz.mp4,1,0.15490153
/home/tianlong/Downloads//test/mdkqmouddq.mp4,1,5.619895e-05
/home/tianlong/Downloads//test/ehtvcnlsfl.mp4,1,0.0029497887
/home/tianlong/Downloads//test/iizsrcugyd.mp4,1,0.09486599
/home/tianlong/Downloads//test/hurlxdpsxl.mp4,1,0.79831916
/home/tianlong/Downloads//test/rvfhfbutlx.mp4,1,0.0015788354
/home/tianlong/Downloads//test/ycxkcnwrbw.mp4,1,0.28765208
/home/tianlong/Downloads//test/jrmgqzgcmj.mp4,1,0.016725602
/home/tianlong/Downloads//test/cinrseylyp.mp4,1,0.009163683
/home/tianlong/Downloads//test/uhvmrfksax.mp4,1,8.2045786e-05
/home/tianlong/Downloads//test/djjdzsivvi.mp4,1,0.06606635
/home/tianlong/Downloads//test/pmulgdcejl.mp4,1,0.0005155951
/home/tianlong/Downloads//test/ngvbaolyub.mp4,1,9.221241e-06
/home/tianlong/Downloads//test/kpyyjmxmoj.mp4,1,0.7965217
/home/tianlong/Downloads//test/xhizcimlzp.mp4,1,0.4784358
/home/tianlong/Downloads//test/ulygywporv.mp4,1,0.4162135
/home/tianlong/Downloads//test/psunkvudmg.mp4,1,0.21212885
/home/tianlong/Downloads//test/ctarrlrgdy.mp4,1,0.034716927
/home/tianlong/Downloads//test/hdzygqltzu.mp4,1,0.6942387
/home/tianlong/Downloads//test/rvtfddfweu.mp4,1,0.6827892
/home/tianlong/Downloads//test/kaeouvuasm.mp4,1,0.7196032
/home/tianlong/Downloads//test/rzivzpozjr.mp4,1,0.6597687
/home/tianlong/Downloads//test/stfqbsbvfy.mp4,1,0.8975806
/home/tianlong/Downloads//test/qbhoufagsa.mp4,1,0.00061870593
/home/tianlong/Downloads//test/xycfzkbnhy.mp4,1,0.0015636779
/home/tianlong/Downloads//test/zudnvkagjk.mp4,1,0.9927639
/home/tianlong/Downloads//test/feaqnlczwc.mp4,1,0.06519507
/home/tianlong/Downloads//test/rqviqcsbzw.mp4,1,3.5351193e-05
/home/tianlong/Downloads//test/dhfcwchsir.mp4,1,0.79521734
/home/tianlong/Downloads//test/cglpyitrzw.mp4,1,8.042711e-05
/home/tianlong/Downloads//test/yjypqyrhyi.mp4,1,0.0017738579
/home/tianlong/Downloads//test/fokuimoqkh.mp4,1,0.62524706
/home/tianlong/Downloads//test/xzouvgiqha.mp4,1,0.048199557
/home/tianlong/Downloads//test/qyjbhkeqes.mp4,1,0.95832384
/home/tianlong/Downloads//test/phngwcpbqw.mp4,1,0.15665032
/home/tianlong/Downloads//test/rjcjcdkzkw.mp4,1,5.5114855e-05
/home/tianlong/Downloads//test/legilvljip.mp4,1,0.10827546
/home/tianlong/Downloads//test/bukegrztbb.mp4,1,1.8843488e-05
/home/tianlong/Downloads//test/yvaxmtbtgx.mp4,1,0.81719303
/home/tianlong/Downloads//test/saljlsmnet.mp4,1,0.02919561
/home/tianlong/Downloads//test/ezupajzwdl.mp4,1,0.13900945
/home/tianlong/Downloads//test/xeszevnech.mp4,1,0.06313818
/home/tianlong/Downloads//test/fbqwomdehr.mp4,1,0.95236
/home/tianlong/Downloads//test/itdywxjknn.mp4,1,0.004200266
/home/tianlong/Downloads//test/zwupuzlefv.mp4,1,0.21674784
/home/tianlong/Downloads//test/qcrofjquht.mp4,1,0.0004871452
/home/tianlong/Downloads//test/jblkcfejih.mp4,1,0.98661345
/home/tianlong/Downloads//test/howruupkxw.mp4,1,0.5941048
/home/tianlong/Downloads//test/xslxboadvn.mp4,1,0.05650564
/home/tianlong/Downloads//test/rzykslnkdi.mp4,1,0.028238658
/home/tianlong/Downloads//test/govjvzfbcj.mp4,1,0.34839377
/home/tianlong/Downloads//test/fwbvksfidm.mp4,1,0.0004926011
/home/tianlong/Downloads//test/khokwspqph.mp4,1,0.000914043
/home/tianlong/Downloads//test/sslrtrxyaj.mp4,1,0.984743
/home/tianlong/Downloads//test/zdmknyhzoo.mp4,1,0.87676084
/home/tianlong/Downloads//test/rzjpckpslj.mp4,1,0.09450871
/home/tianlong/Downloads//test/pscilvlcfe.mp4,1,0.04296631
/home/tianlong/Downloads//test/rlwkdhgoqw.mp4,1,0.0006018049
/home/tianlong/Downloads//test/cmpkopoabr.mp4,1,0.10618508
/home/tianlong/Downloads//test/dbljnexmlf.mp4,1,0.0019379314
/home/tianlong/Downloads//test/atfuphvjft.mp4,1,0.003141102
/home/tianlong/Downloads//test/zdldobedod.mp4,1,0.98111165
/home/tianlong/Downloads//test/iknfqmugud.mp4,1,0.9604352
/home/tianlong/Downloads//test/whusuiiqmt.mp4,1,0.0020408977
/home/tianlong/Downloads//test/ksrnzzbcsz.mp4,1,0.9488913
/home/tianlong/Downloads//test/xxhuecshhw.mp4,1,0.22974634
/home/tianlong/Downloads//test/okmlcbefeu.mp4,1,0.4229745
/home/tianlong/Downloads//test/xryrhuskyd.mp4,1,0.02170465
/home/tianlong/Downloads//test/wevygelkrl.mp4,1,0.000290844
/home/tianlong/Downloads//test/rdpausigpg.mp4,1,0.04355157
/home/tianlong/Downloads//test/fdziwiuoer.mp4,1,0.12784125
/home/tianlong/Downloads//test/kykmrtoitd.mp4,1,0.018867161
/home/tianlong/Downloads//test/eacsjvcmlp.mp4,1,0.38089624
/home/tianlong/Downloads//test/asvuutypvz.mp4,1,0.0010382951
/home/tianlong/Downloads//test/nucqorkejg.mp4,1,0.83569247
/home/tianlong/Downloads//test/ctpexqamtx.mp4,1,0.55371726
/home/tianlong/Downloads//test/vnsxdkjjtk.mp4,1,0.2366068
/home/tianlong/Downloads//test/cktsyobheu.mp4,1,0.00021926823
/home/tianlong/Downloads//test/kccicuhxgk.mp4,1,0.8984089
/home/tianlong/Downloads//test/qckjihxoze.mp4,1,0.6488883
/home/tianlong/Downloads//test/gvqtnedfso.mp4,1,0.032612555
/home/tianlong/Downloads//test/ajxkvlpgov.mp4,1,0.11852467
/home/tianlong/Downloads//test/srlilcjhaf.mp4,1,0.0039107385
/home/tianlong/Downloads//test/qfjxksudna.mp4,1,0.97347003
/home/tianlong/Downloads//test/hstvglyexy.mp4,1,0.56548744
/home/tianlong/Downloads//test/jyyvhnsyys.mp4,1,0.24740776
/home/tianlong/Downloads//test/whxqigkgyk.mp4,1,0.39867407
/home/tianlong/Downloads//test/mqzrlecakr.mp4,1,0.0002944775
/home/tianlong/Downloads//test/aeplbqxnge.mp4,1,0.19864154
/home/tianlong/Downloads//test/inwaznexiv.mp4,1,0.06111309
/home/tianlong/Downloads//test/anfupdhmyr.mp4,1,0.0005523106
/home/tianlong/Downloads//test/wbvlgevkmb.mp4,1,0.010515641
/home/tianlong/Downloads//test/uiykwgaarz.mp4,1,0.14365816
/home/tianlong/Downloads//test/nvarnevska.mp4,1,0.73659897
/home/tianlong/Downloads//test/ooczenomzk.mp4,1,4.2304688e-05
/home/tianlong/Downloads//test/qtjuhlppot.mp4,1,0.0023641582
/home/tianlong/Downloads//test/drqtyzvhdd.mp4,1,0.00059892115
/home/tianlong/Downloads//test/ytljvippwv.mp4,1,0.05159647
/home/tianlong/Downloads//test/skrqoagxle.mp4,1,0.00015627945
/home/tianlong/Downloads//test/shwkznunyp.mp4,1,0.31674784
/home/tianlong/Downloads//test/tlsoagxovk.mp4,1,0.015178966
/home/tianlong/Downloads//test/enpshnkugu.mp4,1,0.03590582
/home/tianlong/Downloads//test/vitjdpnfpi.mp4,1,8.203669e-05
/home/tianlong/Downloads//test/jovrnujurf.mp4,1,0.00419707
/home/tianlong/Downloads//test/sbwemwjlsl.mp4,1,0.5208783
/home/tianlong/Downloads//test/uclzxnftij.mp4,1,2.4019108e-05
/home/tianlong/Downloads//test/sdqjjttckw.mp4,1,0.6507697
/home/tianlong/Downloads//test/wtmggpeiom.mp4,1,0.16154513
