Video,Label,Prediction
/home/tianlong/Downloads//test/myvwyfdnxu.mp4,0,0.010197093
/home/tianlong/Downloads//test/uxgkqpiykp.mp4,0,0.01811759
/home/tianlong/Downloads//test/qyscponfaf.mp4,0,0.0848922
/home/tianlong/Downloads//test/tmgmbnzrrz.mp4,0,0.6816864
/home/tianlong/Downloads//test/wfmeffvvce.mp4,0,0.0050096614
/home/tianlong/Downloads//test/fwrcfaglhz.mp4,0,0.0009788385
/home/tianlong/Downloads//test/itfzfpuilx.mp4,0,0.0040301685
/home/tianlong/Downloads//test/wupoiiknff.mp4,0,0.0005029658
/home/tianlong/Downloads//test/dscprfjses.mp4,0,0.010123796
/home/tianlong/Downloads//test/ofntcunuqn.mp4,0,0.58925563
/home/tianlong/Downloads//test/imnzannmcr.mp4,0,0.0027647964
/home/tianlong/Downloads//test/jidkzoagws.mp4,0,0.002375521
/home/tianlong/Downloads//test/nkpqkddsgt.mp4,0,0.03491944
/home/tianlong/Downloads//test/xqmrrciral.mp4,0,0.23978673
/home/tianlong/Downloads//test/ykfllpyawg.mp4,0,0.30929264
/home/tianlong/Downloads//test/bpieoyctzo.mp4,0,0.1347128
/home/tianlong/Downloads//test/wjrepvzlsv.mp4,0,0.14172873
/home/tianlong/Downloads//test/voucpidonq.mp4,0,0.016691025
/home/tianlong/Downloads//test/fxfxtrrkeq.mp4,0,0.007147981
/home/tianlong/Downloads//test/qggfpdkyzi.mp4,0,0.017400399
/home/tianlong/Downloads//test/xyucutnxhz.mp4,0,0.0017341964
/home/tianlong/Downloads//test/rkxepdkger.mp4,0,0.03252535
/home/tianlong/Downloads//test/fxxpxoqoxp.mp4,0,0.00028842682
/home/tianlong/Downloads//test/jkxxwfycsj.mp4,0,0.2571091
/home/tianlong/Downloads//test/qbearsyziz.mp4,0,0.010040607
/home/tianlong/Downloads//test/kyrbveruev.mp4,0,0.06827035
/home/tianlong/Downloads//test/pdyrvsvwyi.mp4,0,0.0096648205
/home/tianlong/Downloads//test/bpxxmxuvuy.mp4,0,0.7243015
/home/tianlong/Downloads//test/ekxsduhvwh.mp4,0,0.6480608
/home/tianlong/Downloads//test/ocsqqqduxx.mp4,0,0.18056756
/home/tianlong/Downloads//test/qufzdwetss.mp4,0,0.001227943
/home/tianlong/Downloads//test/vwqrtxbwye.mp4,0,0.889063
/home/tianlong/Downloads//test/zuduvanawx.mp4,0,0.7046491
/home/tianlong/Downloads//test/rkjhxvdnsv.mp4,0,0.09116946
/home/tianlong/Downloads//test/hpcivouyku.mp4,0,0.0031086078
/home/tianlong/Downloads//test/vgndywbmgf.mp4,0,0.14311303
/home/tianlong/Downloads//test/hfgczdzbix.mp4,0,0.00029127896
/home/tianlong/Downloads//test/rwehwmmutn.mp4,0,0.039768856
/home/tianlong/Downloads//test/jyfnzyvznx.mp4,0,0.0011033593
/home/tianlong/Downloads//test/jxpodcendq.mp4,0,0.000395375
/home/tianlong/Downloads//test/kgynainlug.mp4,0,0.001041904
/home/tianlong/Downloads//test/hqgervpkkf.mp4,0,0.06280292
/home/tianlong/Downloads//test/defeqlyysh.mp4,0,0.16361159
/home/tianlong/Downloads//test/xzkwbswkao.mp4,0,0.95865655
/home/tianlong/Downloads//test/hhdblnxhtj.mp4,0,0.00088150497
/home/tianlong/Downloads//test/oaptmwroki.mp4,0,0.0070177973
/home/tianlong/Downloads//test/djlkkqmjkk.mp4,0,0.0034740847
/home/tianlong/Downloads//test/motfposykz.mp4,0,0.01573174
/home/tianlong/Downloads//test/shvfupmrho.mp4,0,0.81762767
/home/tianlong/Downloads//test/escwmsthiz.mp4,0,0.64838225
/home/tianlong/Downloads//test/ctpypmzfnl.mp4,0,0.015620594
/home/tianlong/Downloads//test/sjqrdyzkgl.mp4,0,0.08393916
/home/tianlong/Downloads//test/ddrjnwlugg.mp4,0,0.0061065326
/home/tianlong/Downloads//test/hxfqltenqh.mp4,0,0.000547419
/home/tianlong/Downloads//test/umerhoubxw.mp4,0,0.0033496101
/home/tianlong/Downloads//test/jxrpqynwlt.mp4,0,0.0015842809
/home/tianlong/Downloads//test/hprzotbjtj.mp4,0,0.014968597
/home/tianlong/Downloads//test/cqewayywpg.mp4,0,0.019486506
/home/tianlong/Downloads//test/nvptcoxzah.mp4,0,0.79241556
/home/tianlong/Downloads//test/uvzlfuxalu.mp4,0,0.94846416
/home/tianlong/Downloads//test/mfcbgbcuvb.mp4,0,0.0039867116
/home/tianlong/Downloads//test/tmtoypmqwt.mp4,0,0.1504425
/home/tianlong/Downloads//test/bsjucwhlrj.mp4,0,0.0015322735
/home/tianlong/Downloads//test/hlsubhyoea.mp4,0,0.7055072
/home/tianlong/Downloads//test/deslnszgpy.mp4,0,0.3319039
/home/tianlong/Downloads//test/tfwdbkwvgz.mp4,0,0.6294645
/home/tianlong/Downloads//test/ufxafdxpat.mp4,0,0.0068458617
/home/tianlong/Downloads//test/lmacrzidyh.mp4,0,0.4610175
/home/tianlong/Downloads//test/wyiajvmitt.mp4,0,0.12143165
/home/tianlong/Downloads//test/xbdnqfbxcv.mp4,0,0.0016088877
/home/tianlong/Downloads//test/mhfnldxixw.mp4,0,0.003955682
/home/tianlong/Downloads//test/pfiigjlcct.mp4,0,0.25768274
/home/tianlong/Downloads//test/ldtibsniik.mp4,0,0.008070473
/home/tianlong/Downloads//test/gwzttezkpv.mp4,0,0.10269948
/home/tianlong/Downloads//test/pevmkpamhv.mp4,0,0.0002847209
/home/tianlong/Downloads//test/zcfpsnaujx.mp4,0,0.7364249
/home/tianlong/Downloads//test/slvcfpalev.mp4,0,0.1658626
/home/tianlong/Downloads//test/ctdwtfcjei.mp4,0,0.16913868
/home/tianlong/Downloads//test/vxwsisekmb.mp4,0,0.016167937
/home/tianlong/Downloads//test/pkoadvlpga.mp4,0,0.6706289
/home/tianlong/Downloads//test/ofapaanpkl.mp4,0,0.00030257998
/home/tianlong/Downloads//test/huzryvwrfa.mp4,0,0.4469774
/home/tianlong/Downloads//test/knjoasqzvt.mp4,0,0.055957653
/home/tianlong/Downloads//test/cedpyannqf.mp4,0,0.004157495
/home/tianlong/Downloads//test/mdwtpvlbrz.mp4,0,0.022350527
/home/tianlong/Downloads//test/hfcxlucrbj.mp4,0,0.007170877
/home/tianlong/Downloads//test/wbsajsyaej.mp4,0,0.035808276
/home/tianlong/Downloads//test/tbqrwehekx.mp4,0,0.0025521514
/home/tianlong/Downloads//test/shslgpeisw.mp4,0,0.0009754815
/home/tianlong/Downloads//test/epgfqrvwlr.mp4,0,0.013144812
/home/tianlong/Downloads//test/fduhwlydlg.mp4,0,0.002457397
/home/tianlong/Downloads//test/cpmridjxbc.mp4,0,0.6229152
/home/tianlong/Downloads//test/kphflojove.mp4,0,0.15655941
/home/tianlong/Downloads//test/hlcpwfwcyw.mp4,0,0.18455099
/home/tianlong/Downloads//test/bpeemkcxad.mp4,0,0.05195491
/home/tianlong/Downloads//test/jkadnvoqhk.mp4,0,0.2404218
/home/tianlong/Downloads//test/lzzpsosige.mp4,0,0.6248442
/home/tianlong/Downloads//test/pxtwhbaxjq.mp4,0,0.00059182174
/home/tianlong/Downloads//test/pxgcsltbuo.mp4,0,0.0012284495
/home/tianlong/Downloads//test/gmepmwcgwg.mp4,0,0.2611301
/home/tianlong/Downloads//test/tnetytnegv.mp4,0,0.0017203997
/home/tianlong/Downloads//test/sxmqvznwwq.mp4,0,0.10421239
/home/tianlong/Downloads//test/partcfzlbj.mp4,0,0.96261597
/home/tianlong/Downloads//test/tnkmovifrb.mp4,0,0.79534185
/home/tianlong/Downloads//test/dpgznlwvpx.mp4,0,0.02979794
/home/tianlong/Downloads//test/mbpbbekqks.mp4,0,0.08666604
/home/tianlong/Downloads//test/hdbejalgtx.mp4,0,0.64877874
/home/tianlong/Downloads//test/bmdiaytrcm.mp4,0,0.8521145
/home/tianlong/Downloads//test/yghxoihrle.mp4,0,0.8050519
/home/tianlong/Downloads//test/vcgelshrli.mp4,0,0.4457473
/home/tianlong/Downloads//test/yvdnbmbwyh.mp4,0,0.00083793985
/home/tianlong/Downloads//test/kmakhupeac.mp4,0,0.9345173
/home/tianlong/Downloads//test/ccevbixrwu.mp4,0,0.4296162
/home/tianlong/Downloads//test/edavfjsjzw.mp4,0,0.16977687
/home/tianlong/Downloads//test/znmzmierff.mp4,0,0.0031279458
/home/tianlong/Downloads//test/kiotoqmmfj.mp4,0,0.2704564
/home/tianlong/Downloads//test/nqctdktbtb.mp4,0,0.00059748034
/home/tianlong/Downloads//test/inneixkosf.mp4,0,0.8746796
/home/tianlong/Downloads//test/occrrsyizc.mp4,0,0.0036026207
/home/tianlong/Downloads//test/zfecmsiodq.mp4,0,0.115596846
/home/tianlong/Downloads//test/haknpmhigp.mp4,0,0.06299981
/home/tianlong/Downloads//test/zjbwxmmrgk.mp4,0,0.84861565
/home/tianlong/Downloads//test/qgpabkriss.mp4,0,0.11500639
/home/tianlong/Downloads//test/liureznisp.mp4,0,0.0019592647
/home/tianlong/Downloads//test/bzdywpajvr.mp4,0,0.94470245
/home/tianlong/Downloads//test/jniytngcmy.mp4,0,0.00040315517
/home/tianlong/Downloads//test/idklchvhxp.mp4,0,0.3338349
/home/tianlong/Downloads//test/pijzjjchqn.mp4,0,0.72013724
/home/tianlong/Downloads//test/pjnsejazpl.mp4,0,0.0018393899
/home/tianlong/Downloads//test/gpaqoqegbn.mp4,0,0.43067703
/home/tianlong/Downloads//test/xsxwrwvfkg.mp4,0,0.00032453766
/home/tianlong/Downloads//test/arwefyghir.mp4,0,0.004385309
/home/tianlong/Downloads//test/ptgvxdueef.mp4,0,0.021753326
/home/tianlong/Downloads//test/plljpjscih.mp4,0,0.0023633274
/home/tianlong/Downloads//test/jozfaxodnx.mp4,0,0.83103883
/home/tianlong/Downloads//test/girdwtjwsr.mp4,0,0.0020552247
/home/tianlong/Downloads//test/jbaahohsns.mp4,0,0.29045752
/home/tianlong/Downloads//test/uetfcmaryk.mp4,0,0.09393651
/home/tianlong/Downloads//test/oqbltrmhvt.mp4,0,0.88058466
/home/tianlong/Downloads//test/dvtzvkcrku.mp4,0,0.015875565
/home/tianlong/Downloads//test/qjilklnynm.mp4,0,0.0009402498
/home/tianlong/Downloads//test/tcsdjwbihw.mp4,0,0.0005948815
/home/tianlong/Downloads//test/zhftwvtutp.mp4,0,0.864928
/home/tianlong/Downloads//test/xgktqwvknw.mp4,0,0.19438343
/home/tianlong/Downloads//test/cdeesuuuqz.mp4,0,0.00035725388
/home/tianlong/Downloads//test/ymngcysczs.mp4,0,0.0035297074
/home/tianlong/Downloads//test/gctyynjruz.mp4,0,0.020926775
/home/tianlong/Downloads//test/vkirqaiuoc.mp4,0,0.06328467
/home/tianlong/Downloads//test/ykywskdwlc.mp4,0,0.006990248
/home/tianlong/Downloads//test/verpxkucoi.mp4,0,0.12296248
/home/tianlong/Downloads//test/gpsqelalbp.mp4,0,0.054876138
/home/tianlong/Downloads//test/paorozwtbf.mp4,0,0.7104215
/home/tianlong/Downloads//test/iaaecuquha.mp4,0,0.000982365
/home/tianlong/Downloads//test/lmgdjtzwau.mp4,0,0.00047818513
/home/tianlong/Downloads//test/tayykmblhg.mp4,0,0.001352868
/home/tianlong/Downloads//test/hpurahupjh.mp4,0,0.007237394
/home/tianlong/Downloads//test/uutxmgqajd.mp4,0,0.0049458924
/home/tianlong/Downloads//test/rbkcpkwhjn.mp4,0,0.018897405
/home/tianlong/Downloads//test/wtnloygygs.mp4,0,0.0026261816
/home/tianlong/Downloads//test/biborxaekt.mp4,0,0.65340346
/home/tianlong/Downloads//test/drlnvwvvuw.mp4,0,0.57381725
/home/tianlong/Downloads//test/axutpjywuu.mp4,0,0.19827862
/home/tianlong/Downloads//test/jbcnsmlysc.mp4,0,0.052690987
/home/tianlong/Downloads//test/ilzhgraxpl.mp4,0,0.0018696738
/home/tianlong/Downloads//test/cwqhzuhjol.mp4,0,0.035963695
/home/tianlong/Downloads//test/tlzordotqw.mp4,0,0.24017045
/home/tianlong/Downloads//test/hdauuytvhx.mp4,0,0.00082397676
/home/tianlong/Downloads//test/rtiyduycrn.mp4,0,0.7411232
/home/tianlong/Downloads//test/mdsmgzaltc.mp4,0,0.0006965592
/home/tianlong/Downloads//test/mnlxxoicoo.mp4,0,0.009917958
/home/tianlong/Downloads//test/ksfuiztwuc.mp4,0,0.12217312
/home/tianlong/Downloads//test/tpjydgkvdt.mp4,0,0.020250207
/home/tianlong/Downloads//test/nmjesbwiux.mp4,0,0.6667935
/home/tianlong/Downloads//test/egzfaoiuwo.mp4,0,0.005438496
/home/tianlong/Downloads//test/ucmfbukrkj.mp4,0,0.26058123
/home/tianlong/Downloads//test/aoqzxlwvmi.mp4,0,0.00094641314
/home/tianlong/Downloads//test/zzjfzeuizr.mp4,0,0.35493577
/home/tianlong/Downloads//test/aunokqsmrt.mp4,0,0.00016509488
/home/tianlong/Downloads//test/kudvvlgiff.mp4,0,0.02039467
/home/tianlong/Downloads//test/qqwsabrgxh.mp4,0,0.00064926466
/home/tianlong/Downloads//test/pvsslamopo.mp4,0,0.0018495859
/home/tianlong/Downloads//test/kawxnfacqs.mp4,0,0.00020874252
/home/tianlong/Downloads//test/lxeqbyddvt.mp4,0,0.8478142
/home/tianlong/Downloads//test/zylribcaeu.mp4,0,0.19702137
/home/tianlong/Downloads//test/sghdekqnnn.mp4,0,0.0006159311
/home/tianlong/Downloads//test/msbqgoxxlh.mp4,0,0.005544966
/home/tianlong/Downloads//test/ubbzrfgzer.mp4,0,0.012558904
/home/tianlong/Downloads//test/vuofhivyfs.mp4,0,0.9315878
/home/tianlong/Downloads//test/xirrbpmlja.mp4,0,0.04262325
/home/tianlong/Downloads//test/appvffejyy.mp4,0,0.9237495
/home/tianlong/Downloads//test/nzepxsbotb.mp4,0,0.01833352
/home/tianlong/Downloads//test/nkqkvwpghi.mp4,0,0.6066223
/home/tianlong/Downloads//test/vdvffooule.mp4,0,0.9159183
/home/tianlong/Downloads//test/rayhrvqorn.mp4,0,0.8670329
/home/tianlong/Downloads//test/cslfapvyjv.mp4,0,0.01272042
/home/tianlong/Downloads//test/rmygsfjyvt.mp4,0,0.00078225974
/home/tianlong/Downloads//test/yhbhhibwzo.mp4,0,0.049056698
/home/tianlong/Downloads//test/vlxfyuzygn.mp4,0,0.0839352
/home/tianlong/Downloads//test/zefqhoewww.mp4,0,0.029212972
/home/tianlong/Downloads//test/vptrrrmhyb.mp4,0,0.0003177147
/home/tianlong/Downloads//test/cefolmrrlx.mp4,0,0.041843116
/home/tianlong/Downloads//test/xzmplldajk.mp4,0,0.043722916
/home/tianlong/Downloads//test/hrznynemfj.mp4,0,0.07474695
/home/tianlong/Downloads//test/tkxblcleyd.mp4,0,0.00046619124
/home/tianlong/Downloads//test/tlxgwzheli.mp4,0,0.0071882633
/home/tianlong/Downloads//test/qvgutokvct.mp4,0,0.00088545046
/home/tianlong/Downloads//test/tcwyxrvdpe.mp4,0,0.001413163
/home/tianlong/Downloads//test/jwrypvpvpx.mp4,0,0.020986592
/home/tianlong/Downloads//test/bpyjsrjcro.mp4,0,0.005310376
/home/tianlong/Downloads//test/avteqdmbob.mp4,0,0.0009307726
/home/tianlong/Downloads//test/aaivbtdyjn.mp4,0,0.0064861826
/home/tianlong/Downloads//test/pokctfragw.mp4,0,0.0332186
/home/tianlong/Downloads//test/vgdllmzjcw.mp4,0,0.0005877614
/home/tianlong/Downloads//test/zdlhavfmit.mp4,0,0.27355716
/home/tianlong/Downloads//test/yupsrmckii.mp4,0,0.06967687
/home/tianlong/Downloads//test/pobpsxjbzg.mp4,0,0.000704654
/home/tianlong/Downloads//test/lkvouattut.mp4,0,0.0023096807
/home/tianlong/Downloads//test/anjzzdyhno.mp4,0,0.8997121
/home/tianlong/Downloads//test/jvihmimqca.mp4,0,0.0013677967
/home/tianlong/Downloads//test/wnoitecfmf.mp4,0,0.7904824
/home/tianlong/Downloads//test/gbvllwqbjl.mp4,0,0.0006704429
/home/tianlong/Downloads//test/gzabjmglim.mp4,0,0.0011341642
/home/tianlong/Downloads//test/paqcbtdulm.mp4,0,0.0032671185
/home/tianlong/Downloads//test/jcbbrqaaaq.mp4,0,0.0037638794
/home/tianlong/Downloads//test/nsavbywhlu.mp4,0,0.095130645
/home/tianlong/Downloads//test/zwfebeiqat.mp4,0,0.18419492
/home/tianlong/Downloads//test/pimrsfwcwm.mp4,0,0.32403928
/home/tianlong/Downloads//test/mrvdmwcblt.mp4,0,0.010715572
/home/tianlong/Downloads//test/hedetzyqpu.mp4,0,0.4457712
/home/tianlong/Downloads//test/qytaiboeep.mp4,0,0.83510756
/home/tianlong/Downloads//test/famavifufv.mp4,0,0.037047595
/home/tianlong/Downloads//test/hnselekxwv.mp4,0,0.003996091
/home/tianlong/Downloads//test/emgciwmtuj.mp4,0,0.0013390317
/home/tianlong/Downloads//test/wbmvbetcdm.mp4,0,0.031240627
/home/tianlong/Downloads//test/mpvnvvihzp.mp4,0,0.6994962
/home/tianlong/Downloads//test/zelgpxflfe.mp4,0,0.0055060876
/home/tianlong/Downloads//test/lhjcdavmmg.mp4,0,0.001572612
/home/tianlong/Downloads//test/rxtqqoncwj.mp4,0,0.0004988634
/home/tianlong/Downloads//test/shrpamtirw.mp4,0,0.00017367276
/home/tianlong/Downloads//test/qhzlgrtgto.mp4,0,0.11656369
/home/tianlong/Downloads//test/uuzyzglejw.mp4,0,0.5468327
/home/tianlong/Downloads//test/bmnpqrwnex.mp4,0,0.012640092
/home/tianlong/Downloads//test/dtssdnhgiw.mp4,0,0.0035847435
/home/tianlong/Downloads//test/rlhmppiklf.mp4,0,0.011554935
/home/tianlong/Downloads//test/sswhgeqjrt.mp4,0,0.00017590098
/home/tianlong/Downloads//test/emxqsgqtdz.mp4,0,0.004495929
/home/tianlong/Downloads//test/bcwtjzsutw.mp4,0,0.8951689
/home/tianlong/Downloads//test/uomfimsutw.mp4,0,0.019059299
/home/tianlong/Downloads//test/mztlucosuc.mp4,0,0.0013298576
/home/tianlong/Downloads//test/ntcfyojagi.mp4,0,0.0042817304
/home/tianlong/Downloads//test/wrbuiboyat.mp4,0,0.020528013
/home/tianlong/Downloads//test/xiqecarvpb.mp4,0,0.0011795885
/home/tianlong/Downloads//test/fcvzlzfufb.mp4,0,0.0055720564
/home/tianlong/Downloads//test/savqrjnncg.mp4,0,0.18456286
/home/tianlong/Downloads//test/icqmqztbry.mp4,0,0.01662105
/home/tianlong/Downloads//test/zzrmokkxka.mp4,0,0.71700937
/home/tianlong/Downloads//test/btgxrrldio.mp4,0,0.00072347827
/home/tianlong/Downloads//test/zdnepyqjiy.mp4,0,0.008428386
/home/tianlong/Downloads//test/fybiztpnrc.mp4,0,0.0018936098
/home/tianlong/Downloads//test/parqhrknkf.mp4,0,0.7797593
/home/tianlong/Downloads//test/tvffpggbrc.mp4,0,0.15286535
/home/tianlong/Downloads//test/rtpuwtrxsr.mp4,0,0.3412377
/home/tianlong/Downloads//test/tgmqfzsznf.mp4,0,0.6396276
/home/tianlong/Downloads//test/eqabuehals.mp4,0,0.001900968
/home/tianlong/Downloads//test/ikebomnsiq.mp4,0,0.0033107293
/home/tianlong/Downloads//test/wfzxrfxohw.mp4,0,0.00047401877
/home/tianlong/Downloads//test/dqfgwejsvm.mp4,0,0.13017926
/home/tianlong/Downloads//test/lxadgjqzbf.mp4,0,0.12332326
/home/tianlong/Downloads//test/tdahgbtenl.mp4,0,0.9259301
/home/tianlong/Downloads//test/bivzhsmrqo.mp4,0,0.06345955
/home/tianlong/Downloads//test/vzxluflrhn.mp4,0,0.016097443
/home/tianlong/Downloads//test/ikmsdmynbf.mp4,0,0.0011743048
/home/tianlong/Downloads//test/kuqbgbrypa.mp4,0,0.0017690017
/home/tianlong/Downloads//test/nfstajzaot.mp4,0,0.027327934
/home/tianlong/Downloads//test/dultiznosk.mp4,0,0.09653567
/home/tianlong/Downloads//test/ckqfqernbf.mp4,0,0.06853179
/home/tianlong/Downloads//test/kbdwudhhwf.mp4,0,0.0020215085
/home/tianlong/Downloads//test/hqpjmwyygq.mp4,0,0.926685
/home/tianlong/Downloads//test/tjyuudtkme.mp4,0,0.641579
/home/tianlong/Downloads//test/tihgxlmfcj.mp4,0,0.43781266
/home/tianlong/Downloads//test/sgdnbofecu.mp4,0,0.0019396445
/home/tianlong/Downloads//test/pgamqeolau.mp4,0,0.02495661
/home/tianlong/Downloads//test/ijeqomctsa.mp4,0,0.0042039803
/home/tianlong/Downloads//test/ppruxbqpmc.mp4,0,0.25212997
/home/tianlong/Downloads//test/hkvfyeacje.mp4,0,0.0025705479
/home/tianlong/Downloads//test/zqrzqekofe.mp4,0,0.69311404
/home/tianlong/Downloads//test/iwzbgmtsuh.mp4,0,0.84809476
/home/tianlong/Downloads//test/dbixwxtuxs.mp4,0,0.25036603
/home/tianlong/Downloads//test/cepqcoseaj.mp4,0,0.0009241161
/home/tianlong/Downloads//test/gypapuqdrx.mp4,0,0.90865576
/home/tianlong/Downloads//test/djhhnixfyi.mp4,0,0.026097849
/home/tianlong/Downloads//test/fkarxowzuf.mp4,0,0.97203547
/home/tianlong/Downloads//test/gfxnuidfgl.mp4,0,0.4187598
/home/tianlong/Downloads//test/vsreebjsfs.mp4,0,0.0064327423
/home/tianlong/Downloads//test/manqchicur.mp4,0,0.3006027
/home/tianlong/Downloads//test/gztffgsxpt.mp4,0,0.19668598
/home/tianlong/Downloads//test/jdzkykqgsx.mp4,0,0.02267778
/home/tianlong/Downloads//test/cvbubcwkkl.mp4,0,0.10482187
/home/tianlong/Downloads//test/bgqhldvsgc.mp4,0,0.15461226
/home/tianlong/Downloads//test/blqgpxokwq.mp4,0,0.43703505
/home/tianlong/Downloads//test/cxvayntesu.mp4,0,0.0019732483
/home/tianlong/Downloads//test/dxepehnhgm.mp4,0,0.033564463
/home/tianlong/Downloads//test/bcgjlsupne.mp4,0,0.23806028
/home/tianlong/Downloads//test/uhynwthfhf.mp4,0,0.000407093
/home/tianlong/Downloads//test/gocrdvihos.mp4,0,0.0026411528
/home/tianlong/Downloads//test/gtyvtbojpp.mp4,0,0.012230706
/home/tianlong/Downloads//test/eqtwkqxolz.mp4,0,0.09546698
/home/tianlong/Downloads//test/arwiyweadv.mp4,0,0.0033723065
/home/tianlong/Downloads//test/mlizcisxro.mp4,0,0.031083034
/home/tianlong/Downloads//test/miiymgajty.mp4,0,0.04037558
/home/tianlong/Downloads//test/ragjclplkx.mp4,0,0.71945125
/home/tianlong/Downloads//test/wxrfuemtxj.mp4,0,0.22053783
/home/tianlong/Downloads//test/xxupwwukoh.mp4,0,0.7282889
/home/tianlong/Downloads//test/qdantvtdji.mp4,0,0.0016422059
/home/tianlong/Downloads//test/oqehnuhbwa.mp4,0,0.33064458
/home/tianlong/Downloads//test/yzqbwkwxsn.mp4,0,0.00055929815
/home/tianlong/Downloads//test/osjaqtkkdt.mp4,0,0.047324397
/home/tianlong/Downloads//test/nthlmvjxac.mp4,0,0.0004567267
/home/tianlong/Downloads//test/dpegbdzijf.mp4,0,0.0378826
/home/tianlong/Downloads//test/ezgusylcyf.mp4,0,0.00040084086
/home/tianlong/Downloads//test/isxxybhuls.mp4,0,0.15118255
/home/tianlong/Downloads//test/dbqbwrcvjk.mp4,0,0.02499016
/home/tianlong/Downloads//test/qqrvyhjznq.mp4,0,0.15446062
/home/tianlong/Downloads//test/ohdtmpzbtp.mp4,0,0.09332515
/home/tianlong/Downloads//test/oupztxzdln.mp4,0,0.0003431776
/home/tianlong/Downloads//test/snidpujjti.mp4,0,0.06047201
/home/tianlong/Downloads//test/yoxdseoukl.mp4,0,0.0065648123
/home/tianlong/Downloads//test/bxsdnqizii.mp4,0,0.0018575382
/home/tianlong/Downloads//test/ihszkmcwvw.mp4,0,0.6792029
/home/tianlong/Downloads//test/rgrqhjtoby.mp4,0,0.0033744627
/home/tianlong/Downloads//test/vqibhetnwa.mp4,0,0.6998313
/home/tianlong/Downloads//test/rkqqgwurqt.mp4,0,0.90583086
/home/tianlong/Downloads//test/axdepsfowg.mp4,0,0.0035236247
/home/tianlong/Downloads//test/dcpmipuapc.mp4,0,0.007893216
/home/tianlong/Downloads//test/ncjqganhal.mp4,0,0.11068139
/home/tianlong/Downloads//test/qnbnlmpqpu.mp4,0,0.0007993924
/home/tianlong/Downloads//test/ieoervpooz.mp4,0,0.7803551
/home/tianlong/Downloads//test/fscyfygpyk.mp4,0,0.007966606
/home/tianlong/Downloads//test/pitpjawwwp.mp4,0,0.05018394
/home/tianlong/Downloads//test/geturetbpy.mp4,0,0.24345276
/home/tianlong/Downloads//test/kwsraaqime.mp4,0,0.05619426
/home/tianlong/Downloads//test/lhgoghqmub.mp4,0,0.114132196
/home/tianlong/Downloads//test/kdmonvkpqd.mp4,0,0.13377698
/home/tianlong/Downloads//test/wrcelewmpa.mp4,0,0.01757541
/home/tianlong/Downloads//test/bxqgvzamnx.mp4,0,0.0018557602
/home/tianlong/Downloads//test/nliofvksed.mp4,0,0.0052769817
/home/tianlong/Downloads//test/mwjnvghsbe.mp4,0,0.0028286185
/home/tianlong/Downloads//test/ygiscbckjl.mp4,0,0.0004339354
/home/tianlong/Downloads//test/wscclwhfsr.mp4,0,0.0008706208
/home/tianlong/Downloads//test/hddminxrhw.mp4,0,0.0009326351
/home/tianlong/Downloads//test/ncrkggcdqp.mp4,0,0.0032818287
/home/tianlong/Downloads//test/xjinzawywt.mp4,0,0.31832328
/home/tianlong/Downloads//test/korrsqtkke.mp4,0,0.008684787
/home/tianlong/Downloads//test/tskjnnvjsa.mp4,0,0.0065900716
/home/tianlong/Downloads//test/tyjxmknivy.mp4,0,0.032072976
/home/tianlong/Downloads//test/qyvqrtscbk.mp4,0,0.00036855292
/home/tianlong/Downloads//test/kxnybtbpkl.mp4,0,0.061363354
/home/tianlong/Downloads//test/wiqtkqwfsw.mp4,0,0.016766047
/home/tianlong/Downloads//test/bevjclbhuo.mp4,0,0.006238338
/home/tianlong/Downloads//test/shwulrbsfx.mp4,0,0.47311783
/home/tianlong/Downloads//test/mohtuktaaq.mp4,0,0.003725322
/home/tianlong/Downloads//test/fwsypadiom.mp4,0,0.1773111
/home/tianlong/Downloads//test/buywrbgfqy.mp4,0,0.0007026309
/home/tianlong/Downloads//test/bljpdykszf.mp4,0,0.05979326
/home/tianlong/Downloads//test/ztxdkcoxvx.mp4,0,0.0026600687
/home/tianlong/Downloads//test/oqeoibjbim.mp4,0,0.22159281
/home/tianlong/Downloads//test/szwhgmrrhm.mp4,0,0.7065182
/home/tianlong/Downloads//test/xnydmgdhum.mp4,0,0.0005575011
/home/tianlong/Downloads//test/fltaysfwct.mp4,0,0.014415082
/home/tianlong/Downloads//test/akdvkdoyoh.mp4,0,0.0005454284
/home/tianlong/Downloads//test/ftfemkjnot.mp4,0,0.009404564
/home/tianlong/Downloads//test/gmbckelbzp.mp4,0,0.013890467
/home/tianlong/Downloads//test/jjzveabagf.mp4,0,0.16353457
/home/tianlong/Downloads//test/dfqwasrdvq.mp4,0,0.06817191
/home/tianlong/Downloads//test/diskzkrrph.mp4,0,0.001708901
/home/tianlong/Downloads//test/jtwpwdqmxz.mp4,0,0.25530186
/home/tianlong/Downloads//test/qivnumuetu.mp4,0,0.30140182
/home/tianlong/Downloads//test/blmuzhjygg.mp4,0,0.0006900599
/home/tianlong/Downloads//test/sbxlfehzjc.mp4,0,0.7638718
/home/tianlong/Downloads//test/tcwhwssdnv.mp4,0,0.88413984
/home/tianlong/Downloads//test/bkbokyebco.mp4,0,0.67065483
/home/tianlong/Downloads//test/vojsghpebv.mp4,0,0.93087965
/home/tianlong/Downloads//test/opuhoerhxb.mp4,0,0.06819232
/home/tianlong/Downloads//test/mmhdcoqsve.mp4,0,0.6897558
/home/tianlong/Downloads//test/ewxddjqzml.mp4,0,0.14386895
/home/tianlong/Downloads//test/dznchaiaqh.mp4,0,0.018244492
/home/tianlong/Downloads//test/mloeefokyq.mp4,0,0.741476
/home/tianlong/Downloads//test/fgkpembbpv.mp4,0,0.010235024
/home/tianlong/Downloads//test/orqafstesq.mp4,0,0.018090032
/home/tianlong/Downloads//test/ckgabgjnca.mp4,0,0.14230876
/home/tianlong/Downloads//test/iuvhrgckrt.mp4,0,0.83883053
/home/tianlong/Downloads//test/vlzwcejywm.mp4,0,0.010973551
/home/tianlong/Downloads//test/cpucjmfawf.mp4,0,0.17303048
/home/tianlong/Downloads//test/ekvhyeycpr.mp4,0,0.08427589
/home/tianlong/Downloads//test/tazlckybzu.mp4,0,0.060370225
/home/tianlong/Downloads//test/clxgzkdgta.mp4,0,0.009561147
/home/tianlong/Downloads//test/zlfbumxcxs.mp4,0,0.045176495
/home/tianlong/Downloads//test/plhcceboag.mp4,0,0.0037082252
/home/tianlong/Downloads//test/extihvlsxg.mp4,0,0.38008106
/home/tianlong/Downloads//test/olebnvxoyl.mp4,0,0.7002451
/home/tianlong/Downloads//test/opdqcwqxzy.mp4,0,0.0010612529
/home/tianlong/Downloads//test/stwaypekwh.mp4,0,0.004242967
/home/tianlong/Downloads//test/xogwctpikv.mp4,0,0.07872346
/home/tianlong/Downloads//test/cjiwxfwcit.mp4,0,0.7805799
/home/tianlong/Downloads//test/txshgvrava.mp4,0,0.36678225
/home/tianlong/Downloads//test/ggpuxwhpri.mp4,0,0.0009947503
/home/tianlong/Downloads//test/jlxnzxtopm.mp4,0,0.11426402
/home/tianlong/Downloads//test/thjugpbwcv.mp4,0,0.0038700656
/home/tianlong/Downloads//test/pkititkein.mp4,0,0.22767465
/home/tianlong/Downloads//test/hjiwmybauf.mp4,0,0.8417707
/home/tianlong/Downloads//test/efazuieysm.mp4,0,0.053941052
/home/tianlong/Downloads//test/tdzsgrdneg.mp4,0,0.00035186706
/home/tianlong/Downloads//test/mkxmvreoth.mp4,0,0.00093717343
/home/tianlong/Downloads//test/ofbjiuemkr.mp4,0,0.01954048
/home/tianlong/Downloads//test/dogotzkdiw.mp4,0,0.0006105135
/home/tianlong/Downloads//test/qdmvzknbua.mp4,0,0.36120906
/home/tianlong/Downloads//test/pnauelqbxq.mp4,0,0.93307567
/home/tianlong/Downloads//test/sytddqezij.mp4,0,0.8939209
/home/tianlong/Downloads//test/bhpddnqauc.mp4,0,0.0008916563
/home/tianlong/Downloads//test/imtkdzkypf.mp4,0,0.00042023294
/home/tianlong/Downloads//test/kbodjivgqu.mp4,0,0.06838755
/home/tianlong/Downloads//test/qtxraeaxeh.mp4,0,0.0009146442
/home/tianlong/Downloads//test/uaxmqpmswz.mp4,0,0.0014167704
/home/tianlong/Downloads//test/qlbapiibba.mp4,0,0.09536536
/home/tianlong/Downloads//test/mzurunkulx.mp4,0,0.005255993
/home/tianlong/Downloads//test/aujoxrpddn.mp4,0,0.6519128
/home/tianlong/Downloads//test/ebenvuuxld.mp4,0,0.038912605
/home/tianlong/Downloads//test/fsfjlwwsen.mp4,0,0.92833126
/home/tianlong/Downloads//test/zwgaptzuqt.mp4,0,0.0025862085
/home/tianlong/Downloads//test/gldpafckwo.mp4,0,0.29135117
/home/tianlong/Downloads//test/nvkzpexyzg.mp4,0,0.1327621
/home/tianlong/Downloads//test/vnrmxwtsmf.mp4,0,0.025629653
/home/tianlong/Downloads//test/hmofiqjzxe.mp4,0,0.86892104
/home/tianlong/Downloads//test/ucryyubbqk.mp4,0,0.0032136617
/home/tianlong/Downloads//test/gwqdrapybq.mp4,0,0.0062646638
/home/tianlong/Downloads//test/avttogwbyz.mp4,0,0.0019648653
/home/tianlong/Downloads//test/hbmvxgonmq.mp4,0,0.0007199572
/home/tianlong/Downloads//test/gxxlbjuyza.mp4,0,0.06446593
/home/tianlong/Downloads//test/jhzozsurac.mp4,0,0.0004636821
/home/tianlong/Downloads//test/opyqudaics.mp4,0,0.008332303
/home/tianlong/Downloads//test/vigbdgmudk.mp4,0,0.68645793
/home/tianlong/Downloads//test/viidhkoxyv.mp4,0,0.0012919798
/home/tianlong/Downloads//test/dmpvbeyuqb.mp4,0,0.00030517575
/home/tianlong/Downloads//test/wgycqahjww.mp4,0,0.003912028
/home/tianlong/Downloads//test/wwgmzeavbd.mp4,0,0.12983061
/home/tianlong/Downloads//test/qtqyglbdem.mp4,0,0.085094936
/home/tianlong/Downloads//test/nqynuhnklk.mp4,0,0.7948504
/home/tianlong/Downloads//test/jygbqsigcr.mp4,0,0.35562894
/home/tianlong/Downloads//test/nsozqvhalr.mp4,0,0.0081442995
/home/tianlong/Downloads//test/yvmrwdyxby.mp4,0,0.96734625
/home/tianlong/Downloads//test/kvhbyuklfv.mp4,0,0.14834629
/home/tianlong/Downloads//test/iwnfvkmktq.mp4,0,0.00020591372
/home/tianlong/Downloads//test/qzfmctgxcs.mp4,0,0.0055941865
/home/tianlong/Downloads//test/vhipamioud.mp4,0,0.0014989133
/home/tianlong/Downloads//test/lmbvoxhowe.mp4,0,0.040938493
/home/tianlong/Downloads//test/ziqjamfzlv.mp4,0,0.040471014
/home/tianlong/Downloads//test/kqnwutdvpd.mp4,0,0.00095801434
/home/tianlong/Downloads//test/lucpbeexdk.mp4,0,0.015397616
/home/tianlong/Downloads//test/pnotaniiuh.mp4,0,0.013338533
/home/tianlong/Downloads//test/qohtjkzity.mp4,0,0.005500868
/home/tianlong/Downloads//test/bkjhfcvsig.mp4,0,0.00036209368
/home/tianlong/Downloads//test/kpcrdurodw.mp4,0,0.2964815
/home/tianlong/Downloads//test/nmphdbflzj.mp4,0,0.034787327
/home/tianlong/Downloads//test/fmsxomanga.mp4,0,0.008003339
/home/tianlong/Downloads//test/tgwpcoljin.mp4,0,0.16810851
/home/tianlong/Downloads//test/foynwjsqeh.mp4,0,0.3807633
/home/tianlong/Downloads//test/vdqritvjfl.mp4,0,0.0026870612
/home/tianlong/Downloads//test/egyemqrvna.mp4,0,0.83793724
/home/tianlong/Downloads//test/xrtmepdfyh.mp4,0,0.0043587526
/home/tianlong/Downloads//test/zfgjechdto.mp4,0,0.1332142
/home/tianlong/Downloads//test/jujpqsrgll.mp4,0,0.056681022
/home/tianlong/Downloads//test/iakzgqqova.mp4,0,0.001568501
/home/tianlong/Downloads//test/fqdklzzkfj.mp4,0,0.0064800438
/home/tianlong/Downloads//test/dnfnxwbsoi.mp4,0,0.0018461717
/home/tianlong/Downloads//test/lynaeydofd.mp4,0,0.12479509
/home/tianlong/Downloads//test/relrfifywa.mp4,0,0.0120011065
/home/tianlong/Downloads//test/imsacxixmv.mp4,0,0.40873754
/home/tianlong/Downloads//test/rfbwukxpye.mp4,0,0.14766525
/home/tianlong/Downloads//test/atixaudngu.mp4,0,0.00036290268
/home/tianlong/Downloads//test/tcychsyltm.mp4,0,0.105012916
/home/tianlong/Downloads//test/kifyfzqzjj.mp4,0,0.00018996016
/home/tianlong/Downloads//test/irjbukzjqt.mp4,0,0.0015511779
/home/tianlong/Downloads//test/jmkkbkvbjo.mp4,0,0.0009313232
/home/tianlong/Downloads//test/gflhlvhqyl.mp4,0,0.00018019904
/home/tianlong/Downloads//test/myebjqbxsl.mp4,0,0.00067962456
/home/tianlong/Downloads//test/mqeqiytluf.mp4,0,0.0008538553
/home/tianlong/Downloads//test/zbsjlcsetv.mp4,0,0.7068665
/home/tianlong/Downloads//test/lzmxqxrruv.mp4,0,0.06906277
/home/tianlong/Downloads//test/neotrnwthu.mp4,0,0.0017735164
/home/tianlong/Downloads//test/vwigtbeivy.mp4,0,0.0024452226
/home/tianlong/Downloads//test/ldtscpryms.mp4,0,0.4842474
/home/tianlong/Downloads//test/sjgmmecazy.mp4,0,0.94795334
/home/tianlong/Downloads//test/jkrbsekajk.mp4,0,0.30700713
/home/tianlong/Downloads//test/iahzcxmuck.mp4,0,0.01288315
/home/tianlong/Downloads//test/cteqlloxwu.mp4,0,0.010787456
/home/tianlong/Downloads//test/pgqxsteufx.mp4,0,0.21123026
/home/tianlong/Downloads//test/cmuzrrlaiy.mp4,1,0.9218514
/home/tianlong/Downloads//test/jxeqhujuvh.mp4,1,0.14090551
/home/tianlong/Downloads//test/ntaqujyzes.mp4,1,0.02919431
/home/tianlong/Downloads//test/ghxzsygiou.mp4,1,0.95485574
/home/tianlong/Downloads//test/lvxzjwiklq.mp4,1,0.08146977
/home/tianlong/Downloads//test/wlyvvvjgnv.mp4,1,0.0011356274
/home/tianlong/Downloads//test/hexxuigzdl.mp4,1,0.94014275
/home/tianlong/Downloads//test/zynrdvlrwv.mp4,1,0.048743684
/home/tianlong/Downloads//test/kbvqzihgan.mp4,1,0.9577386
/home/tianlong/Downloads//test/razacdewcv.mp4,1,0.0044176173
/home/tianlong/Downloads//test/tjlrvidbxw.mp4,1,0.24234569
/home/tianlong/Downloads//test/gcbyurxhbz.mp4,1,0.0012275488
/home/tianlong/Downloads//test/xticvyqqjn.mp4,1,0.7970569
/home/tianlong/Downloads//test/gqpayiddqv.mp4,1,0.069811605
/home/tianlong/Downloads//test/zmrnjhfxed.mp4,1,0.0027880115
/home/tianlong/Downloads//test/slpxqmwuqm.mp4,1,0.87839526
/home/tianlong/Downloads//test/upwsvjdtgo.mp4,1,0.058942035
/home/tianlong/Downloads//test/zpnjiswgdt.mp4,1,0.09168615
/home/tianlong/Downloads//test/rayxtqfosv.mp4,1,0.0018242898
/home/tianlong/Downloads//test/cfhoqpdzqb.mp4,1,0.016273612
/home/tianlong/Downloads//test/okyufzgvay.mp4,1,0.002468537
/home/tianlong/Downloads//test/wgyxtquovo.mp4,1,0.34695685
/home/tianlong/Downloads//test/kicgvgukqs.mp4,1,0.0012530467
/home/tianlong/Downloads//test/aolhuwcdwv.mp4,1,0.27259332
/home/tianlong/Downloads//test/clzcvdsuyp.mp4,1,0.0019033029
/home/tianlong/Downloads//test/jibhugdfbs.mp4,1,0.109694205
/home/tianlong/Downloads//test/kfiszsbzob.mp4,1,0.88735276
/home/tianlong/Downloads//test/mgwtoqonaf.mp4,1,0.016868005
/home/tianlong/Downloads//test/buzqmuifod.mp4,1,0.00049098255
/home/tianlong/Downloads//test/bofmetrgfm.mp4,1,0.00035405692
/home/tianlong/Downloads//test/chlshvbday.mp4,1,0.0021441437
/home/tianlong/Downloads//test/vxcjkgerao.mp4,1,0.26663914
/home/tianlong/Downloads//test/qxwqqhruvz.mp4,1,0.5461249
/home/tianlong/Downloads//test/hytdcdixlv.mp4,1,0.0015966805
/home/tianlong/Downloads//test/buejhiahpy.mp4,1,0.0012685667
/home/tianlong/Downloads//test/omotodymgb.mp4,1,0.61767757
/home/tianlong/Downloads//test/gmcvyrferj.mp4,1,0.010173907
/home/tianlong/Downloads//test/ycoaclsdov.mp4,1,0.40337688
/home/tianlong/Downloads//test/scaljzcpcf.mp4,1,0.84011525
/home/tianlong/Downloads//test/uhbxhharht.mp4,1,0.9313833
/home/tianlong/Downloads//test/tmmakbzbqw.mp4,1,0.00055751647
/home/tianlong/Downloads//test/mvfvefsgik.mp4,1,0.0044220546
/home/tianlong/Downloads//test/inesnaprwm.mp4,1,0.105087556
/home/tianlong/Downloads//test/qqxelyjmmw.mp4,1,0.48694402
/home/tianlong/Downloads//test/dllkubdbbd.mp4,1,0.5722685
/home/tianlong/Downloads//test/ttnajmkchw.mp4,1,0.009605768
/home/tianlong/Downloads//test/kaffwaiexj.mp4,1,0.010486142
/home/tianlong/Downloads//test/dpfuqzdtrs.mp4,1,0.4950286
/home/tianlong/Downloads//test/hfvexodpht.mp4,1,0.00037758533
/home/tianlong/Downloads//test/vmxjsdkuju.mp4,1,0.07228983
/home/tianlong/Downloads//test/afaxsgqksm.mp4,1,0.49373963
/home/tianlong/Downloads//test/pgkipgmpgm.mp4,1,0.00067495654
/home/tianlong/Downloads//test/ltkesswcyn.mp4,1,0.0013271429
/home/tianlong/Downloads//test/dffkcrccsj.mp4,1,0.06508871
/home/tianlong/Downloads//test/svtnilogao.mp4,1,0.08985644
/home/tianlong/Downloads//test/bzobkqewtt.mp4,1,0.027256792
/home/tianlong/Downloads//test/vemnbnqoqk.mp4,1,0.8952935
/home/tianlong/Downloads//test/nobrvdftmd.mp4,1,0.017476128
/home/tianlong/Downloads//test/qepgiaxgpc.mp4,1,0.36472738
/home/tianlong/Downloads//test/bogjubshbr.mp4,1,0.0022840458
/home/tianlong/Downloads//test/uyoqozgdcy.mp4,1,0.014209642
/home/tianlong/Downloads//test/cvmmtklgst.mp4,1,0.92920095
/home/tianlong/Downloads//test/qharxzhzpl.mp4,1,0.92288077
/home/tianlong/Downloads//test/sprejlmapw.mp4,1,0.22131708
/home/tianlong/Downloads//test/crzrsezocr.mp4,1,0.00087806454
/home/tianlong/Downloads//test/wyqhadmmcy.mp4,1,0.8401804
/home/tianlong/Downloads//test/jrjxehotww.mp4,1,0.008528348
/home/tianlong/Downloads//test/xctpdujlok.mp4,1,0.049753822
/home/tianlong/Downloads//test/hfspenqmpw.mp4,1,0.13637154
/home/tianlong/Downloads//test/jkfukzcjxd.mp4,1,0.8726624
/home/tianlong/Downloads//test/knafngkgen.mp4,1,0.0009987578
/home/tianlong/Downloads//test/tswmtnhfmn.mp4,1,0.00870105
/home/tianlong/Downloads//test/qoasfzksgo.mp4,1,0.67226076
/home/tianlong/Downloads//test/hnrzuoqnkz.mp4,1,0.0010574628
/home/tianlong/Downloads//test/nussrkyuzy.mp4,1,0.007664243
/home/tianlong/Downloads//test/ciwzwmlyxz.mp4,1,0.10616524
/home/tianlong/Downloads//test/dbauiiupef.mp4,1,0.014023695
/home/tianlong/Downloads//test/ywxfnlxtjg.mp4,1,0.0019217693
/home/tianlong/Downloads//test/pryqgrbtnu.mp4,1,0.0015066457
/home/tianlong/Downloads//test/mbjpaydogy.mp4,1,0.052867062
/home/tianlong/Downloads//test/ihdopxhysr.mp4,1,0.0924105
/home/tianlong/Downloads//test/rgasvymjrj.mp4,1,0.010858589
/home/tianlong/Downloads//test/eclpgjjies.mp4,1,0.00051613967
/home/tianlong/Downloads//test/kxptuwngop.mp4,1,0.0011706348
/home/tianlong/Downloads//test/uaqvffouxp.mp4,1,0.46307385
/home/tianlong/Downloads//test/xvqzzgoabm.mp4,1,0.0005705585
/home/tianlong/Downloads//test/tkgbjtcxyl.mp4,1,0.9086369
/home/tianlong/Downloads//test/xlnaxrwvcx.mp4,1,0.0053332294
/home/tianlong/Downloads//test/kphfzaullq.mp4,1,0.56447667
/home/tianlong/Downloads//test/rkezgzxnoo.mp4,1,0.0016415156
/home/tianlong/Downloads//test/fromclsodq.mp4,1,0.0040601604
/home/tianlong/Downloads//test/nrscfrjxpb.mp4,1,0.00033654124
/home/tianlong/Downloads//test/ygobagrhmg.mp4,1,0.0028744955
/home/tianlong/Downloads//test/hisfrixnbu.mp4,1,0.7147289
/home/tianlong/Downloads//test/duzueyonao.mp4,1,0.09985857
/home/tianlong/Downloads//test/gkknsyqbnz.mp4,1,0.6996545
/home/tianlong/Downloads//test/tmgdrjjalz.mp4,1,0.016466793
/home/tianlong/Downloads//test/iajblozgtx.mp4,1,0.00059751014
/home/tianlong/Downloads//test/ahkcchuwqq.mp4,1,0.026968747
/home/tianlong/Downloads//test/zmfiveruie.mp4,1,0.5854765
/home/tianlong/Downloads//test/xptgnpgfkn.mp4,1,0.0008625774
/home/tianlong/Downloads//test/aebhowazav.mp4,1,0.5241931
/home/tianlong/Downloads//test/geulcwvfuy.mp4,1,0.3058057
/home/tianlong/Downloads//test/glzyifzrql.mp4,1,0.0006363379
/home/tianlong/Downloads//test/wvmrsucbsq.mp4,1,0.98975337
/home/tianlong/Downloads//test/moetggyxsc.mp4,1,0.00050366746
/home/tianlong/Downloads//test/jfvnwpcjrm.mp4,1,0.6781288
/home/tianlong/Downloads//test/kaggpclkjm.mp4,1,0.97691274
/home/tianlong/Downloads//test/nacldwtuwp.mp4,1,0.16228057
/home/tianlong/Downloads//test/upwyvqbjlq.mp4,1,0.46298465
/home/tianlong/Downloads//test/tdmyjvptzv.mp4,1,0.85479087
/home/tianlong/Downloads//test/fzurflflwv.mp4,1,0.006474155
/home/tianlong/Downloads//test/aakjukgjme.mp4,1,0.0017223778
/home/tianlong/Downloads//test/ypepsyuwmo.mp4,1,0.0005387097
/home/tianlong/Downloads//test/qxhyhhkywc.mp4,1,0.0005422501
/home/tianlong/Downloads//test/iqvfopywpa.mp4,1,0.63198227
/home/tianlong/Downloads//test/xfncslssic.mp4,1,0.029508924
/home/tianlong/Downloads//test/jesstfspwv.mp4,1,0.18801178
/home/tianlong/Downloads//test/xiraodtgnt.mp4,1,0.004339783
/home/tianlong/Downloads//test/xeuzubpylq.mp4,1,0.0044516623
/home/tianlong/Downloads//test/xszpbtciwo.mp4,1,0.020396398
/home/tianlong/Downloads//test/fkksbgaibl.mp4,1,0.31462923
/home/tianlong/Downloads//test/ntqzfgmhnj.mp4,1,0.0007790765
/home/tianlong/Downloads//test/bizbjxafzr.mp4,1,0.055827174
/home/tianlong/Downloads//test/bxfwiuvafo.mp4,1,0.97049373
/home/tianlong/Downloads//test/jfcglbovmo.mp4,1,0.9040748
/home/tianlong/Downloads//test/odidbykbar.mp4,1,0.8384654
/home/tianlong/Downloads//test/qarbtmjwhm.mp4,1,0.26816913
/home/tianlong/Downloads//test/jeierullea.mp4,1,0.35969776
/home/tianlong/Downloads//test/lrckqkzekj.mp4,1,0.010709176
/home/tianlong/Downloads//test/riizlqngim.mp4,1,0.06930336
/home/tianlong/Downloads//test/lmcnonfhgz.mp4,1,0.32762998
/home/tianlong/Downloads//test/lkhszpabzv.mp4,1,0.003644674
/home/tianlong/Downloads//test/njqbwiajss.mp4,1,0.0002698337
/home/tianlong/Downloads//test/ksqybmrwyg.mp4,1,0.0030720367
/home/tianlong/Downloads//test/dxphlwcvan.mp4,1,0.89416736
/home/tianlong/Downloads//test/dgjssccxhx.mp4,1,0.66648513
/home/tianlong/Downloads//test/sbfxzmhzyv.mp4,1,0.0008489851
/home/tianlong/Downloads//test/rlvgpdrgvi.mp4,1,0.7919884
/home/tianlong/Downloads//test/uzdmxmfcqe.mp4,1,0.0005724822
/home/tianlong/Downloads//test/afixxjdxef.mp4,1,0.059083078
/home/tianlong/Downloads//test/fwvxtssltw.mp4,1,0.12946412
/home/tianlong/Downloads//test/jyzlvivrmr.mp4,1,0.075699344
/home/tianlong/Downloads//test/byavookkdu.mp4,1,0.85400826
/home/tianlong/Downloads//test/agyawnxlmv.mp4,1,0.0010111101
/home/tianlong/Downloads//test/zjoonppreb.mp4,1,0.004847061
/home/tianlong/Downloads//test/sjzwpqupnm.mp4,1,0.6035694
/home/tianlong/Downloads//test/pobrnbspcf.mp4,1,0.00032421786
/home/tianlong/Downloads//test/qdkpphviay.mp4,1,0.054642327
/home/tianlong/Downloads//test/nbyaxzmueg.mp4,1,0.041288834
/home/tianlong/Downloads//test/vfszaqentw.mp4,1,0.43572828
/home/tianlong/Downloads//test/fosovipqkg.mp4,1,0.86931163
/home/tianlong/Downloads//test/grwcxofqrx.mp4,1,0.9430566
/home/tianlong/Downloads//test/koqxhnmkjl.mp4,1,0.13508765
/home/tianlong/Downloads//test/xkukyjokbg.mp4,1,0.93928534
/home/tianlong/Downloads//test/fmnzbwtjep.mp4,1,0.9318451
/home/tianlong/Downloads//test/aruyyclubn.mp4,1,0.023414744
/home/tianlong/Downloads//test/eluhuvocwr.mp4,1,0.41270646
/home/tianlong/Downloads//test/iiwffwiyrg.mp4,1,0.005138012
/home/tianlong/Downloads//test/fsbabrxhqy.mp4,1,0.8588108
/home/tianlong/Downloads//test/ymqadbkafj.mp4,1,0.05402113
/home/tianlong/Downloads//test/nptmqvfuhz.mp4,1,0.78843856
/home/tianlong/Downloads//test/usjnlahlcj.mp4,1,0.87317973
/home/tianlong/Downloads//test/hbozjjcafn.mp4,1,0.5417748
/home/tianlong/Downloads//test/cizxmeztny.mp4,1,0.25885242
/home/tianlong/Downloads//test/syxlmynhsi.mp4,1,0.75389856
/home/tianlong/Downloads//test/ezadehoecy.mp4,1,0.0027916247
/home/tianlong/Downloads//test/fpliemtlco.mp4,1,0.051874034
/home/tianlong/Downloads//test/arflgfcnkg.mp4,1,0.09653883
/home/tianlong/Downloads//test/occelhylxf.mp4,1,0.0010190532
/home/tianlong/Downloads//test/uqntkvpntd.mp4,1,0.0033255115
/home/tianlong/Downloads//test/iatevqworc.mp4,1,0.8882891
/home/tianlong/Downloads//test/xzsmgydcub.mp4,1,0.4562516
/home/tianlong/Downloads//test/qbffpkpmkf.mp4,1,0.62526065
/home/tianlong/Downloads//test/pzbpgfmroj.mp4,1,0.0629684
/home/tianlong/Downloads//test/oundixpyst.mp4,1,0.008471342
/home/tianlong/Downloads//test/hnxhwfttpy.mp4,1,0.0005418143
/home/tianlong/Downloads//test/rdjwlvvwtv.mp4,1,0.00056601054
/home/tianlong/Downloads//test/tcmstiljkk.mp4,1,0.75902694
/home/tianlong/Downloads//test/qbfdtumuct.mp4,1,0.007547502
/home/tianlong/Downloads//test/mxnquwuszt.mp4,1,0.04501411
/home/tianlong/Downloads//test/sjooumwlzb.mp4,1,0.002511361
/home/tianlong/Downloads//test/twhwouycfg.mp4,1,0.023366619
/home/tianlong/Downloads//test/wytpaehszj.mp4,1,0.39485785
/home/tianlong/Downloads//test/srtwhbzzlr.mp4,1,0.81589746
/home/tianlong/Downloads//test/jqjfpkuckf.mp4,1,0.15926085
/home/tianlong/Downloads//test/yxjjfaekev.mp4,1,0.046337057
/home/tianlong/Downloads//test/cyokqrzbol.mp4,1,0.83199185
/home/tianlong/Downloads//test/mtilpvablx.mp4,1,0.14565128
/home/tianlong/Downloads//test/njwsmltmvb.mp4,1,0.003198323
/home/tianlong/Downloads//test/xkksfulade.mp4,1,0.3714896
/home/tianlong/Downloads//test/dtfgsvfmjq.mp4,1,0.19087936
/home/tianlong/Downloads//test/onaewxqqkd.mp4,1,0.015110604
/home/tianlong/Downloads//test/pazpnfrbbc.mp4,1,0.08029725
/home/tianlong/Downloads//test/kgowzoxjfq.mp4,1,0.80501753
/home/tianlong/Downloads//test/ltdwtgrads.mp4,1,0.5287197
/home/tianlong/Downloads//test/znistrajpw.mp4,1,0.000631952
/home/tianlong/Downloads//test/yfhzmfhojv.mp4,1,0.8374259
/home/tianlong/Downloads//test/spkorcenyh.mp4,1,0.84407127
/home/tianlong/Downloads//test/axopbbxwzr.mp4,1,0.002027088
/home/tianlong/Downloads//test/hxrruqinnh.mp4,1,0.95658463
/home/tianlong/Downloads//test/tkaybnjwhg.mp4,1,0.18951622
/home/tianlong/Downloads//test/lhwwhjhyqx.mp4,1,0.00046630236
/home/tianlong/Downloads//test/btxjufhiaz.mp4,1,0.00090619177
/home/tianlong/Downloads//test/dnhaskulaj.mp4,1,0.09324506
/home/tianlong/Downloads//test/vxqofldgze.mp4,1,0.0047381
/home/tianlong/Downloads//test/ddjzmyabyu.mp4,1,0.71916366
/home/tianlong/Downloads//test/mgahaaogif.mp4,1,0.014914825
/home/tianlong/Downloads//test/ktmdpragph.mp4,1,0.0036543182
/home/tianlong/Downloads//test/xazdhdnwhh.mp4,1,0.0008732878
/home/tianlong/Downloads//test/qnslgeajnt.mp4,1,0.0013608892
/home/tianlong/Downloads//test/sivrgbsaog.mp4,1,0.9423216
/home/tianlong/Downloads//test/uzmuovkewv.mp4,1,0.016947685
/home/tianlong/Downloads//test/tvazrcdkpq.mp4,1,0.003398813
/home/tianlong/Downloads//test/jbatiwjmzh.mp4,1,0.9375899
/home/tianlong/Downloads//test/hmiylncrva.mp4,1,0.3564174
/home/tianlong/Downloads//test/uxkojffbsr.mp4,1,0.047463488
/home/tianlong/Downloads//test/crbcrxqftw.mp4,1,0.015645184
/home/tianlong/Downloads//test/yermnsnlgf.mp4,1,0.3032985
/home/tianlong/Downloads//test/gipcvghjiy.mp4,1,0.3850198
/home/tianlong/Downloads//test/iwcfxyoimw.mp4,1,0.19102266
/home/tianlong/Downloads//test/kozaofkgvk.mp4,1,0.00080835813
/home/tianlong/Downloads//test/xlgevjtsog.mp4,1,0.16662225
/home/tianlong/Downloads//test/bpjkimtqtz.mp4,1,0.0013773594
/home/tianlong/Downloads//test/pdnwaekrtn.mp4,1,0.0011853566
/home/tianlong/Downloads//test/toxsrzsksc.mp4,1,0.016452197
/home/tianlong/Downloads//test/oejfypsbfh.mp4,1,0.66789955
/home/tianlong/Downloads//test/hwyuwbnszo.mp4,1,0.0008668119
/home/tianlong/Downloads//test/acgyspwyqr.mp4,1,0.00087248103
/home/tianlong/Downloads//test/oitcqmvnsa.mp4,1,0.64909685
/home/tianlong/Downloads//test/pdqqkuclvd.mp4,1,0.030031992
/home/tianlong/Downloads//test/slsyjvgfpu.mp4,1,0.0870031
/home/tianlong/Downloads//test/xmdfnldfyc.mp4,1,0.48161787
/home/tianlong/Downloads//test/ynkzlkahux.mp4,1,0.0010740724
/home/tianlong/Downloads//test/szjbkskyph.mp4,1,0.202995
/home/tianlong/Downloads//test/yyiiywtiry.mp4,1,0.004413303
/home/tianlong/Downloads//test/crvotfojeq.mp4,1,0.037552007
/home/tianlong/Downloads//test/rsqblsfgli.mp4,1,0.0013076351
/home/tianlong/Downloads//test/becqadbtkb.mp4,1,0.21232902
/home/tianlong/Downloads//test/afqaubpglg.mp4,1,0.0001540991
/home/tianlong/Downloads//test/pwplooonzr.mp4,1,0.3050639
/home/tianlong/Downloads//test/vjegxiyvla.mp4,1,0.00084456906
/home/tianlong/Downloads//test/jbwtbfbdko.mp4,1,0.0014413011
/home/tianlong/Downloads//test/toggbitvfd.mp4,1,0.32135904
/home/tianlong/Downloads//test/xpfhawmzbe.mp4,1,0.3963317
/home/tianlong/Downloads//test/kjwdinzplo.mp4,1,0.6043011
/home/tianlong/Downloads//test/jrkdzpijpb.mp4,1,0.7137368
/home/tianlong/Downloads//test/lbnuxynggy.mp4,1,0.8216933
/home/tianlong/Downloads//test/iorrylopzn.mp4,1,0.89104116
/home/tianlong/Downloads//test/yasxapunrf.mp4,1,0.009692481
/home/tianlong/Downloads//test/suohrphvbe.mp4,1,0.0003321939
/home/tianlong/Downloads//test/salsuwvckq.mp4,1,0.02741222
/home/tianlong/Downloads//test/eclnowceyi.mp4,1,0.0037965002
/home/tianlong/Downloads//test/wvtymfvbwq.mp4,1,0.016905876
/home/tianlong/Downloads//test/rsjhmrvdwg.mp4,1,0.0015749548
/home/tianlong/Downloads//test/qtvhpmoukj.mp4,1,0.9130136
/home/tianlong/Downloads//test/svqkfjfucw.mp4,1,0.2457389
/home/tianlong/Downloads//test/jdlqmnhuix.mp4,1,0.29734302
/home/tianlong/Downloads//test/ltmkgkppwx.mp4,1,0.00074582786
/home/tianlong/Downloads//test/zaoyocjkgw.mp4,1,0.0733843
/home/tianlong/Downloads//test/vgrhobnbfo.mp4,1,0.00024396517
/home/tianlong/Downloads//test/eeeuzozcdc.mp4,1,0.35976347
/home/tianlong/Downloads//test/ikgxqbhmlv.mp4,1,0.22974144
/home/tianlong/Downloads//test/zyeakowujw.mp4,1,0.0004712507
/home/tianlong/Downloads//test/uerapqglmr.mp4,1,0.9806667
/home/tianlong/Downloads//test/fmuncwjpej.mp4,1,0.015708914
/home/tianlong/Downloads//test/xllzvdxwiv.mp4,1,0.4560744
/home/tianlong/Downloads//test/giuymhlbyo.mp4,1,0.31327158
/home/tianlong/Downloads//test/bubbmjnmge.mp4,1,0.2639263
/home/tianlong/Downloads//test/qwqefbalkv.mp4,1,0.22053945
/home/tianlong/Downloads//test/aupsxowdcp.mp4,1,0.0030021414
/home/tianlong/Downloads//test/apjovfzzft.mp4,1,0.0070368797
/home/tianlong/Downloads//test/yjbnaqwxyf.mp4,1,0.46477032
/home/tianlong/Downloads//test/dajlkmlvch.mp4,1,0.050664824
/home/tianlong/Downloads//test/egwzzhemvk.mp4,1,0.75612354
/home/tianlong/Downloads//test/vlhrgeyvqy.mp4,1,0.22970337
/home/tianlong/Downloads//test/vpolvvzwsw.mp4,1,0.0052056108
/home/tianlong/Downloads//test/ddkcxrncmq.mp4,1,0.00058796257
/home/tianlong/Downloads//test/fncnobpzzx.mp4,1,0.010372963
/home/tianlong/Downloads//test/lhayhvqjmg.mp4,1,0.038365956
/home/tianlong/Downloads//test/yboofyemks.mp4,1,0.006052985
/home/tianlong/Downloads//test/wzkovvmdkq.mp4,1,0.07203266
/home/tianlong/Downloads//test/axxldpmbat.mp4,1,0.056661163
/home/tianlong/Downloads//test/piovymzozl.mp4,1,0.27662027
/home/tianlong/Downloads//test/ymjrnwsjxt.mp4,1,0.004055932
/home/tianlong/Downloads//test/jfxroglrst.mp4,1,0.00910918
/home/tianlong/Downloads//test/qzyaijdbfe.mp4,1,0.9908133
/home/tianlong/Downloads//test/gzwzxbtkpd.mp4,1,0.70536125
/home/tianlong/Downloads//test/bgssriyozb.mp4,1,0.43505317
/home/tianlong/Downloads//test/wqtraebanl.mp4,1,0.9325789
/home/tianlong/Downloads//test/lovkthgavz.mp4,1,0.0016285172
/home/tianlong/Downloads//test/vpgjaoyvir.mp4,1,0.022453144
/home/tianlong/Downloads//test/btlqqvfuck.mp4,1,0.00038456862
/home/tianlong/Downloads//test/zzxidpsxmv.mp4,1,0.0056560347
/home/tianlong/Downloads//test/qzuhjrhozy.mp4,1,0.00086901203
/home/tianlong/Downloads//test/rtuaxyuvqs.mp4,1,0.6733156
/home/tianlong/Downloads//test/vybbullejj.mp4,1,0.27926087
/home/tianlong/Downloads//test/lblweiecpx.mp4,1,0.03566624
/home/tianlong/Downloads//test/qkchcuiljp.mp4,1,0.9011005
/home/tianlong/Downloads//test/roivdutkrz.mp4,1,0.0037638436
/home/tianlong/Downloads//test/rziziscker.mp4,1,0.0023459808
/home/tianlong/Downloads//test/zsdmgllhck.mp4,1,0.011557627
/home/tianlong/Downloads//test/kpkzqbpivj.mp4,1,0.5518925
/home/tianlong/Downloads//test/tgkjhdyxww.mp4,1,0.07739413
/home/tianlong/Downloads//test/zubaiztkag.mp4,1,0.0029730613
/home/tianlong/Downloads//test/figxvsdmsb.mp4,1,0.50891036
/home/tianlong/Downloads//test/enzlliylet.mp4,1,0.83049965
/home/tianlong/Downloads//test/acekgkqgdg.mp4,1,0.64792526
/home/tianlong/Downloads//test/ljrikjsgis.mp4,1,0.66024077
/home/tianlong/Downloads//test/vawotznxqn.mp4,1,0.67720735
/home/tianlong/Downloads//test/jsqtbnxnpb.mp4,1,0.00060500833
/home/tianlong/Downloads//test/yibeqxcadd.mp4,1,0.9865415
/home/tianlong/Downloads//test/zvgekhyszq.mp4,1,0.013514059
/home/tianlong/Downloads//test/luisdnrumh.mp4,1,0.98326945
/home/tianlong/Downloads//test/xffjesgeey.mp4,1,0.00034469145
/home/tianlong/Downloads//test/haesrhzukc.mp4,1,0.6252411
/home/tianlong/Downloads//test/uwccodyhgh.mp4,1,0.032314572
/home/tianlong/Downloads//test/msdtzpmmae.mp4,1,0.059039965
/home/tianlong/Downloads//test/zgiypcmpic.mp4,1,0.0006404699
/home/tianlong/Downloads//test/olkcmrmvbh.mp4,1,0.009943326
/home/tianlong/Downloads//test/kiffbbtjfe.mp4,1,0.24315688
/home/tianlong/Downloads//test/junzzlnlfw.mp4,1,0.17894642
/home/tianlong/Downloads//test/qkgicklwyn.mp4,1,0.73681784
/home/tianlong/Downloads//test/wluigkzjdl.mp4,1,0.0010295612
/home/tianlong/Downloads//test/rsnrcisldc.mp4,1,0.67881006
/home/tianlong/Downloads//test/asiuftijhs.mp4,1,0.012464547
/home/tianlong/Downloads//test/yjloopcthi.mp4,1,0.07284675
/home/tianlong/Downloads//test/tzzwqaxtrk.mp4,1,0.054212753
/home/tianlong/Downloads//test/tmfvsxrxnk.mp4,1,0.43566865
/home/tianlong/Downloads//test/dlsdmdraln.mp4,1,0.0035777483
/home/tianlong/Downloads//test/rkygzeyegz.mp4,1,0.3980353
/home/tianlong/Downloads//test/truremwrti.mp4,1,0.00036138672
/home/tianlong/Downloads//test/depcrcqwai.mp4,1,0.20391355
/home/tianlong/Downloads//test/jovohczybs.mp4,1,0.005234989
/home/tianlong/Downloads//test/udcpjfvqro.mp4,1,0.00088191783
/home/tianlong/Downloads//test/yxlkovjssa.mp4,1,0.6100239
/home/tianlong/Downloads//test/trltdpitif.mp4,1,0.44232118
/home/tianlong/Downloads//test/hwufwjdaai.mp4,1,0.0029821482
/home/tianlong/Downloads//test/vgfxjwupga.mp4,1,0.00228947
/home/tianlong/Downloads//test/jejjcsijvc.mp4,1,0.0007026695
/home/tianlong/Downloads//test/yjpfhrfyfn.mp4,1,0.67312634
/home/tianlong/Downloads//test/izyqqybmcq.mp4,1,0.00017102975
/home/tianlong/Downloads//test/xjnflcfxhn.mp4,1,0.7628805
/home/tianlong/Downloads//test/zidsbdilrm.mp4,1,0.04238088
/home/tianlong/Downloads//test/lepqvhstws.mp4,1,0.9760754
/home/tianlong/Downloads//test/eabghyltka.mp4,1,0.0035108961
/home/tianlong/Downloads//test/qxgwcsugvd.mp4,1,0.33297297
/home/tianlong/Downloads//test/oitqddnspw.mp4,1,0.0005317374
/home/tianlong/Downloads//test/jiddesrgoi.mp4,1,0.98857296
/home/tianlong/Downloads//test/whsqzlklam.mp4,1,0.0012080295
/home/tianlong/Downloads//test/hwspklkjol.mp4,1,0.5872103
/home/tianlong/Downloads//test/mgxdtegobh.mp4,1,0.6574444
/home/tianlong/Downloads//test/dkvxzocpnx.mp4,1,0.016067216
/home/tianlong/Downloads//test/zxjiwvyzbs.mp4,1,0.08671313
/home/tianlong/Downloads//test/qysxqoredd.mp4,1,0.0005080289
/home/tianlong/Downloads//test/angqjpzdts.mp4,1,0.013257086
/home/tianlong/Downloads//test/slbhiftdwk.mp4,1,0.02363497
/home/tianlong/Downloads//test/ctsjalmkpx.mp4,1,0.0013918059
/home/tianlong/Downloads//test/jrwqouwlzc.mp4,1,0.7896298
/home/tianlong/Downloads//test/vcqcervdzi.mp4,1,0.0007782536
/home/tianlong/Downloads//test/mxczokbutl.mp4,1,0.008002335
/home/tianlong/Downloads//test/qawqquinvi.mp4,1,0.0010203681
/home/tianlong/Downloads//test/cqiyijvrcj.mp4,1,0.41788107
/home/tianlong/Downloads//test/wypdykzzma.mp4,1,0.92522603
/home/tianlong/Downloads//test/zdurkznxhi.mp4,1,0.00043445444
/home/tianlong/Downloads//test/llwjpzzrur.mp4,1,0.0019335635
/home/tianlong/Downloads//test/stmqpsakem.mp4,1,0.119624995
/home/tianlong/Downloads//test/hqfxruqynj.mp4,1,0.7029855
/home/tianlong/Downloads//test/cotxffvovx.mp4,1,0.045952953
/home/tianlong/Downloads//test/yiwyejujhz.mp4,1,0.01386756
/home/tianlong/Downloads//test/azkhkminwu.mp4,1,0.1441245
/home/tianlong/Downloads//test/yoicqcpxgm.mp4,1,0.38497505
/home/tianlong/Downloads//test/kcpamicxjs.mp4,1,0.04202267
/home/tianlong/Downloads//test/mbnvlpwewk.mp4,1,0.13225861
/home/tianlong/Downloads//test/wjqdwzowcg.mp4,1,0.010598703
/home/tianlong/Downloads//test/vqtspwkgwe.mp4,1,0.71147925
/home/tianlong/Downloads//test/rurhyzsnyi.mp4,1,0.70298624
/home/tianlong/Downloads//test/sipuxpudya.mp4,1,0.0040853717
/home/tianlong/Downloads//test/scchmtbzar.mp4,1,0.23968449
/home/tianlong/Downloads//test/qyhlzalxzm.mp4,1,0.0067806356
/home/tianlong/Downloads//test/ektrtuwidv.mp4,1,0.7890025
/home/tianlong/Downloads//test/scbfkrlytb.mp4,1,0.17532659
/home/tianlong/Downloads//test/kxnsmwhqtl.mp4,1,0.02793014
/home/tianlong/Downloads//test/fiayeurvwb.mp4,1,0.8254788
/home/tianlong/Downloads//test/xpuntxtdbs.mp4,1,0.86976844
/home/tianlong/Downloads//test/edvyxmzpoy.mp4,1,0.92113715
/home/tianlong/Downloads//test/thnywrwayf.mp4,1,0.2320688
/home/tianlong/Downloads//test/xojauzdavy.mp4,1,0.4178813
/home/tianlong/Downloads//test/kaajaxzivt.mp4,1,0.05159522
/home/tianlong/Downloads//test/fmvdkhucsz.mp4,1,0.014040321
/home/tianlong/Downloads//test/mdkqmouddq.mp4,1,0.28511465
/home/tianlong/Downloads//test/ehtvcnlsfl.mp4,1,0.059289873
/home/tianlong/Downloads//test/iizsrcugyd.mp4,1,0.9505632
/home/tianlong/Downloads//test/hurlxdpsxl.mp4,1,0.0086327195
/home/tianlong/Downloads//test/rvfhfbutlx.mp4,1,0.058582664
/home/tianlong/Downloads//test/ycxkcnwrbw.mp4,1,0.0004092102
/home/tianlong/Downloads//test/jrmgqzgcmj.mp4,1,0.09857704
/home/tianlong/Downloads//test/cinrseylyp.mp4,1,0.012317905
/home/tianlong/Downloads//test/uhvmrfksax.mp4,1,0.30648583
/home/tianlong/Downloads//test/djjdzsivvi.mp4,1,0.24494855
/home/tianlong/Downloads//test/pmulgdcejl.mp4,1,0.00048254765
/home/tianlong/Downloads//test/ngvbaolyub.mp4,1,0.0055692145
/home/tianlong/Downloads//test/kpyyjmxmoj.mp4,1,0.0004507455
/home/tianlong/Downloads//test/xhizcimlzp.mp4,1,0.0014824084
/home/tianlong/Downloads//test/ulygywporv.mp4,1,0.052270822
/home/tianlong/Downloads//test/psunkvudmg.mp4,1,0.14253388
/home/tianlong/Downloads//test/ctarrlrgdy.mp4,1,0.08409677
/home/tianlong/Downloads//test/hdzygqltzu.mp4,1,0.93407655
/home/tianlong/Downloads//test/rvtfddfweu.mp4,1,0.5712265
/home/tianlong/Downloads//test/kaeouvuasm.mp4,1,0.00272084
/home/tianlong/Downloads//test/rzivzpozjr.mp4,1,0.0005015303
/home/tianlong/Downloads//test/stfqbsbvfy.mp4,1,0.013094856
/home/tianlong/Downloads//test/qbhoufagsa.mp4,1,0.00016506402
/home/tianlong/Downloads//test/xycfzkbnhy.mp4,1,0.47861722
/home/tianlong/Downloads//test/zudnvkagjk.mp4,1,0.0038785676
/home/tianlong/Downloads//test/feaqnlczwc.mp4,1,0.00055669266
/home/tianlong/Downloads//test/rqviqcsbzw.mp4,1,0.010996854
/home/tianlong/Downloads//test/dhfcwchsir.mp4,1,0.0017613624
/home/tianlong/Downloads//test/cglpyitrzw.mp4,1,0.0005236422
/home/tianlong/Downloads//test/yjypqyrhyi.mp4,1,0.0148624405
/home/tianlong/Downloads//test/fokuimoqkh.mp4,1,0.0063899527
/home/tianlong/Downloads//test/xzouvgiqha.mp4,1,0.30025196
/home/tianlong/Downloads//test/qyjbhkeqes.mp4,1,0.003736858
/home/tianlong/Downloads//test/phngwcpbqw.mp4,1,0.28970963
/home/tianlong/Downloads//test/rjcjcdkzkw.mp4,1,0.37054786
/home/tianlong/Downloads//test/legilvljip.mp4,1,0.0015238754
/home/tianlong/Downloads//test/bukegrztbb.mp4,1,0.002977605
/home/tianlong/Downloads//test/yvaxmtbtgx.mp4,1,0.0005111025
/home/tianlong/Downloads//test/saljlsmnet.mp4,1,0.79391724
/home/tianlong/Downloads//test/ezupajzwdl.mp4,1,0.008954891
/home/tianlong/Downloads//test/xeszevnech.mp4,1,0.0034547725
/home/tianlong/Downloads//test/fbqwomdehr.mp4,1,0.007378538
/home/tianlong/Downloads//test/itdywxjknn.mp4,1,0.14032273
/home/tianlong/Downloads//test/zwupuzlefv.mp4,1,0.2020898
/home/tianlong/Downloads//test/qcrofjquht.mp4,1,0.6404516
/home/tianlong/Downloads//test/jblkcfejih.mp4,1,0.00241368
/home/tianlong/Downloads//test/howruupkxw.mp4,1,0.0025069115
/home/tianlong/Downloads//test/xslxboadvn.mp4,1,0.048531674
/home/tianlong/Downloads//test/rzykslnkdi.mp4,1,0.41158816
/home/tianlong/Downloads//test/govjvzfbcj.mp4,1,0.250225
/home/tianlong/Downloads//test/fwbvksfidm.mp4,1,0.39817956
/home/tianlong/Downloads//test/khokwspqph.mp4,1,0.9081092
/home/tianlong/Downloads//test/sslrtrxyaj.mp4,1,0.012628283
/home/tianlong/Downloads//test/zdmknyhzoo.mp4,1,0.06637247
/home/tianlong/Downloads//test/rzjpckpslj.mp4,1,0.48357794
/home/tianlong/Downloads//test/pscilvlcfe.mp4,1,0.6379095
/home/tianlong/Downloads//test/rlwkdhgoqw.mp4,1,0.27096486
/home/tianlong/Downloads//test/cmpkopoabr.mp4,1,0.01632525
/home/tianlong/Downloads//test/dbljnexmlf.mp4,1,0.042768218
/home/tianlong/Downloads//test/atfuphvjft.mp4,1,0.58205897
/home/tianlong/Downloads//test/zdldobedod.mp4,1,0.0020449054
/home/tianlong/Downloads//test/iknfqmugud.mp4,1,0.88871807
/home/tianlong/Downloads//test/whusuiiqmt.mp4,1,0.32333732
/home/tianlong/Downloads//test/ksrnzzbcsz.mp4,1,0.019546216
/home/tianlong/Downloads//test/xxhuecshhw.mp4,1,0.0040456904
/home/tianlong/Downloads//test/okmlcbefeu.mp4,1,0.0010321976
/home/tianlong/Downloads//test/xryrhuskyd.mp4,1,0.9006822
/home/tianlong/Downloads//test/wevygelkrl.mp4,1,0.011000121
/home/tianlong/Downloads//test/rdpausigpg.mp4,1,0.006162213
/home/tianlong/Downloads//test/fdziwiuoer.mp4,1,0.28980693
/home/tianlong/Downloads//test/kykmrtoitd.mp4,1,0.40254802
/home/tianlong/Downloads//test/eacsjvcmlp.mp4,1,0.9070075
/home/tianlong/Downloads//test/asvuutypvz.mp4,1,0.0030303767
/home/tianlong/Downloads//test/nucqorkejg.mp4,1,0.5003
/home/tianlong/Downloads//test/ctpexqamtx.mp4,1,0.1446381
/home/tianlong/Downloads//test/vnsxdkjjtk.mp4,1,0.72352445
/home/tianlong/Downloads//test/cktsyobheu.mp4,1,0.18417211
/home/tianlong/Downloads//test/kccicuhxgk.mp4,1,0.7000229
/home/tianlong/Downloads//test/qckjihxoze.mp4,1,0.00082261127
/home/tianlong/Downloads//test/gvqtnedfso.mp4,1,0.0006991533
/home/tianlong/Downloads//test/ajxkvlpgov.mp4,1,0.6587756
/home/tianlong/Downloads//test/srlilcjhaf.mp4,1,0.8069536
/home/tianlong/Downloads//test/qfjxksudna.mp4,1,0.00047754077
/home/tianlong/Downloads//test/hstvglyexy.mp4,1,0.24603584
/home/tianlong/Downloads//test/jyyvhnsyys.mp4,1,0.00044307465
/home/tianlong/Downloads//test/whxqigkgyk.mp4,1,0.43283728
/home/tianlong/Downloads//test/mqzrlecakr.mp4,1,0.96192086
/home/tianlong/Downloads//test/aeplbqxnge.mp4,1,0.06313386
/home/tianlong/Downloads//test/inwaznexiv.mp4,1,0.00087875256
/home/tianlong/Downloads//test/anfupdhmyr.mp4,1,0.0013537522
/home/tianlong/Downloads//test/wbvlgevkmb.mp4,1,0.16938065
/home/tianlong/Downloads//test/uiykwgaarz.mp4,1,0.44929639
/home/tianlong/Downloads//test/nvarnevska.mp4,1,0.065356165
/home/tianlong/Downloads//test/ooczenomzk.mp4,1,0.0090811495
/home/tianlong/Downloads//test/qtjuhlppot.mp4,1,0.8506446
/home/tianlong/Downloads//test/drqtyzvhdd.mp4,1,0.09645207
/home/tianlong/Downloads//test/ytljvippwv.mp4,1,0.29796278
/home/tianlong/Downloads//test/skrqoagxle.mp4,1,0.10453839
/home/tianlong/Downloads//test/shwkznunyp.mp4,1,0.0003369849
/home/tianlong/Downloads//test/tlsoagxovk.mp4,1,0.15758367
/home/tianlong/Downloads//test/enpshnkugu.mp4,1,0.00076832046
/home/tianlong/Downloads//test/vitjdpnfpi.mp4,1,0.9239579
/home/tianlong/Downloads//test/jovrnujurf.mp4,1,0.30770254
/home/tianlong/Downloads//test/sbwemwjlsl.mp4,1,0.0013575637
/home/tianlong/Downloads//test/uclzxnftij.mp4,1,0.003427942
/home/tianlong/Downloads//test/sdqjjttckw.mp4,1,0.050816912
/home/tianlong/Downloads//test/wtmggpeiom.mp4,1,0.7876546
