Video,Label,Prediction
/home/tianlong/Downloads//test/myvwyfdnxu.mp4,0,0.026486352
/home/tianlong/Downloads//test/uxgkqpiykp.mp4,0,0.00043015523
/home/tianlong/Downloads//test/qyscponfaf.mp4,0,0.000107295906
/home/tianlong/Downloads//test/tmgmbnzrrz.mp4,0,0.07592245
/home/tianlong/Downloads//test/wfmeffvvce.mp4,0,0.055390023
/home/tianlong/Downloads//test/fwrcfaglhz.mp4,0,0.008665705
/home/tianlong/Downloads//test/itfzfpuilx.mp4,0,9.294733e-05
/home/tianlong/Downloads//test/wupoiiknff.mp4,0,0.0009922275
/home/tianlong/Downloads//test/dscprfjses.mp4,0,0.3277467
/home/tianlong/Downloads//test/ofntcunuqn.mp4,0,0.009418607
/home/tianlong/Downloads//test/imnzannmcr.mp4,0,0.0023305186
/home/tianlong/Downloads//test/jidkzoagws.mp4,0,2.1438387e-05
/home/tianlong/Downloads//test/nkpqkddsgt.mp4,0,0.88606036
/home/tianlong/Downloads//test/xqmrrciral.mp4,0,0.0013612951
/home/tianlong/Downloads//test/ykfllpyawg.mp4,0,0.003312517
/home/tianlong/Downloads//test/bpieoyctzo.mp4,0,0.001100453
/home/tianlong/Downloads//test/wjrepvzlsv.mp4,0,0.017889874
/home/tianlong/Downloads//test/voucpidonq.mp4,0,0.002150747
/home/tianlong/Downloads//test/fxfxtrrkeq.mp4,0,5.3564087e-05
/home/tianlong/Downloads//test/qggfpdkyzi.mp4,0,0.016521234
/home/tianlong/Downloads//test/xyucutnxhz.mp4,0,0.00045235007
/home/tianlong/Downloads//test/rkxepdkger.mp4,0,0.0002955997
/home/tianlong/Downloads//test/fxxpxoqoxp.mp4,0,7.857366e-05
/home/tianlong/Downloads//test/jkxxwfycsj.mp4,0,0.0009815837
/home/tianlong/Downloads//test/qbearsyziz.mp4,0,0.005596681
/home/tianlong/Downloads//test/kyrbveruev.mp4,0,0.0020556198
/home/tianlong/Downloads//test/pdyrvsvwyi.mp4,0,0.0008902901
/home/tianlong/Downloads//test/bpxxmxuvuy.mp4,0,0.15281066
/home/tianlong/Downloads//test/ekxsduhvwh.mp4,0,0.0002445586
/home/tianlong/Downloads//test/ocsqqqduxx.mp4,0,0.0030192486
/home/tianlong/Downloads//test/qufzdwetss.mp4,0,8.228794e-05
/home/tianlong/Downloads//test/vwqrtxbwye.mp4,0,0.5733347
/home/tianlong/Downloads//test/zuduvanawx.mp4,0,0.020908508
/home/tianlong/Downloads//test/rkjhxvdnsv.mp4,0,0.014220673
/home/tianlong/Downloads//test/hpcivouyku.mp4,0,0.048385
/home/tianlong/Downloads//test/vgndywbmgf.mp4,0,0.024464218
/home/tianlong/Downloads//test/hfgczdzbix.mp4,0,0.0008488583
/home/tianlong/Downloads//test/rwehwmmutn.mp4,0,0.00028214822
/home/tianlong/Downloads//test/jyfnzyvznx.mp4,0,0.00085981097
/home/tianlong/Downloads//test/jxpodcendq.mp4,0,0.14848559
/home/tianlong/Downloads//test/kgynainlug.mp4,0,0.0010622451
/home/tianlong/Downloads//test/hqgervpkkf.mp4,0,0.0004666031
/home/tianlong/Downloads//test/defeqlyysh.mp4,0,0.0011888929
/home/tianlong/Downloads//test/xzkwbswkao.mp4,0,0.029260378
/home/tianlong/Downloads//test/hhdblnxhtj.mp4,0,0.00043861297
/home/tianlong/Downloads//test/oaptmwroki.mp4,0,0.00025500677
/home/tianlong/Downloads//test/djlkkqmjkk.mp4,0,0.92926866
/home/tianlong/Downloads//test/motfposykz.mp4,0,0.07238354
/home/tianlong/Downloads//test/shvfupmrho.mp4,0,0.23155156
/home/tianlong/Downloads//test/escwmsthiz.mp4,0,0.0018009807
/home/tianlong/Downloads//test/ctpypmzfnl.mp4,0,0.0035810452
/home/tianlong/Downloads//test/sjqrdyzkgl.mp4,0,0.26166293
/home/tianlong/Downloads//test/ddrjnwlugg.mp4,0,0.0050481567
/home/tianlong/Downloads//test/hxfqltenqh.mp4,0,0.00032851056
/home/tianlong/Downloads//test/umerhoubxw.mp4,0,0.00056644867
/home/tianlong/Downloads//test/jxrpqynwlt.mp4,0,0.004772792
/home/tianlong/Downloads//test/hprzotbjtj.mp4,0,0.00011718318
/home/tianlong/Downloads//test/cqewayywpg.mp4,0,0.05809295
/home/tianlong/Downloads//test/nvptcoxzah.mp4,0,0.17299256
/home/tianlong/Downloads//test/uvzlfuxalu.mp4,0,0.45856053
/home/tianlong/Downloads//test/mfcbgbcuvb.mp4,0,2.9870169e-05
/home/tianlong/Downloads//test/tmtoypmqwt.mp4,0,0.000953977
/home/tianlong/Downloads//test/bsjucwhlrj.mp4,0,0.00071815425
/home/tianlong/Downloads//test/hlsubhyoea.mp4,0,0.0006518761
/home/tianlong/Downloads//test/deslnszgpy.mp4,0,0.00021984424
/home/tianlong/Downloads//test/tfwdbkwvgz.mp4,0,0.0035044923
/home/tianlong/Downloads//test/ufxafdxpat.mp4,0,0.00052785006
/home/tianlong/Downloads//test/lmacrzidyh.mp4,0,0.0036014337
/home/tianlong/Downloads//test/wyiajvmitt.mp4,0,0.00045628526
/home/tianlong/Downloads//test/xbdnqfbxcv.mp4,0,0.00013812628
/home/tianlong/Downloads//test/mhfnldxixw.mp4,0,0.0001581251
/home/tianlong/Downloads//test/pfiigjlcct.mp4,0,0.0004126994
/home/tianlong/Downloads//test/ldtibsniik.mp4,0,0.0001634144
/home/tianlong/Downloads//test/gwzttezkpv.mp4,0,0.0018685866
/home/tianlong/Downloads//test/pevmkpamhv.mp4,0,0.0012828965
/home/tianlong/Downloads//test/zcfpsnaujx.mp4,0,0.5209159
/home/tianlong/Downloads//test/slvcfpalev.mp4,0,0.15118234
/home/tianlong/Downloads//test/ctdwtfcjei.mp4,0,0.0018909331
/home/tianlong/Downloads//test/vxwsisekmb.mp4,0,0.00026881733
/home/tianlong/Downloads//test/pkoadvlpga.mp4,0,0.0058056493
/home/tianlong/Downloads//test/ofapaanpkl.mp4,0,0.010787495
/home/tianlong/Downloads//test/huzryvwrfa.mp4,0,0.0062397276
/home/tianlong/Downloads//test/knjoasqzvt.mp4,0,0.00025329454
/home/tianlong/Downloads//test/cedpyannqf.mp4,0,0.002176846
/home/tianlong/Downloads//test/mdwtpvlbrz.mp4,0,0.0010474185
/home/tianlong/Downloads//test/hfcxlucrbj.mp4,0,0.22521274
/home/tianlong/Downloads//test/wbsajsyaej.mp4,0,7.714404e-05
/home/tianlong/Downloads//test/tbqrwehekx.mp4,0,0.62433547
/home/tianlong/Downloads//test/shslgpeisw.mp4,0,0.019445494
/home/tianlong/Downloads//test/epgfqrvwlr.mp4,0,0.0043435525
/home/tianlong/Downloads//test/fduhwlydlg.mp4,0,0.011754018
/home/tianlong/Downloads//test/cpmridjxbc.mp4,0,0.0057710717
/home/tianlong/Downloads//test/kphflojove.mp4,0,0.8551556
/home/tianlong/Downloads//test/hlcpwfwcyw.mp4,0,0.0649578
/home/tianlong/Downloads//test/bpeemkcxad.mp4,0,0.6244753
/home/tianlong/Downloads//test/jkadnvoqhk.mp4,0,0.00058209605
/home/tianlong/Downloads//test/lzzpsosige.mp4,0,0.094396845
/home/tianlong/Downloads//test/pxtwhbaxjq.mp4,0,0.065900825
/home/tianlong/Downloads//test/pxgcsltbuo.mp4,0,9.020072e-05
/home/tianlong/Downloads//test/gmepmwcgwg.mp4,0,0.001240726
/home/tianlong/Downloads//test/tnetytnegv.mp4,0,0.0010616541
/home/tianlong/Downloads//test/sxmqvznwwq.mp4,0,0.0020555719
/home/tianlong/Downloads//test/partcfzlbj.mp4,0,0.0060516465
/home/tianlong/Downloads//test/tnkmovifrb.mp4,0,0.22693567
/home/tianlong/Downloads//test/dpgznlwvpx.mp4,0,0.0022351139
/home/tianlong/Downloads//test/mbpbbekqks.mp4,0,0.8925096
/home/tianlong/Downloads//test/hdbejalgtx.mp4,0,0.00020973649
/home/tianlong/Downloads//test/bmdiaytrcm.mp4,0,0.003486629
/home/tianlong/Downloads//test/yghxoihrle.mp4,0,0.0058369264
/home/tianlong/Downloads//test/vcgelshrli.mp4,0,0.001448354
/home/tianlong/Downloads//test/yvdnbmbwyh.mp4,0,0.180549
/home/tianlong/Downloads//test/kmakhupeac.mp4,0,0.7656691
/home/tianlong/Downloads//test/ccevbixrwu.mp4,0,0.005409154
/home/tianlong/Downloads//test/edavfjsjzw.mp4,0,0.0020823597
/home/tianlong/Downloads//test/znmzmierff.mp4,0,0.000118573706
/home/tianlong/Downloads//test/kiotoqmmfj.mp4,0,0.44724274
/home/tianlong/Downloads//test/nqctdktbtb.mp4,0,0.00748031
/home/tianlong/Downloads//test/inneixkosf.mp4,0,0.0066931397
/home/tianlong/Downloads//test/occrrsyizc.mp4,0,1.8705123e-05
/home/tianlong/Downloads//test/zfecmsiodq.mp4,0,0.09264543
/home/tianlong/Downloads//test/haknpmhigp.mp4,0,0.0001358984
/home/tianlong/Downloads//test/zjbwxmmrgk.mp4,0,7.139398e-05
/home/tianlong/Downloads//test/qgpabkriss.mp4,0,0.0013626706
/home/tianlong/Downloads//test/liureznisp.mp4,0,0.048190113
/home/tianlong/Downloads//test/bzdywpajvr.mp4,0,0.012242528
/home/tianlong/Downloads//test/jniytngcmy.mp4,0,0.0044453624
/home/tianlong/Downloads//test/idklchvhxp.mp4,0,0.007809499
/home/tianlong/Downloads//test/pijzjjchqn.mp4,0,0.2876513
/home/tianlong/Downloads//test/pjnsejazpl.mp4,0,0.00010335131
/home/tianlong/Downloads//test/gpaqoqegbn.mp4,0,0.01659491
/home/tianlong/Downloads//test/xsxwrwvfkg.mp4,0,0.0030838784
/home/tianlong/Downloads//test/arwefyghir.mp4,0,0.13508885
/home/tianlong/Downloads//test/ptgvxdueef.mp4,0,0.0006988349
/home/tianlong/Downloads//test/plljpjscih.mp4,0,4.271498e-05
/home/tianlong/Downloads//test/jozfaxodnx.mp4,0,0.0012048156
/home/tianlong/Downloads//test/girdwtjwsr.mp4,0,0.0019969817
/home/tianlong/Downloads//test/jbaahohsns.mp4,0,0.00023300224
/home/tianlong/Downloads//test/uetfcmaryk.mp4,0,0.56791884
/home/tianlong/Downloads//test/oqbltrmhvt.mp4,0,0.8679594
/home/tianlong/Downloads//test/dvtzvkcrku.mp4,0,0.42902175
/home/tianlong/Downloads//test/qjilklnynm.mp4,0,0.00043082246
/home/tianlong/Downloads//test/tcsdjwbihw.mp4,0,0.0026998918
/home/tianlong/Downloads//test/zhftwvtutp.mp4,0,0.00014956007
/home/tianlong/Downloads//test/xgktqwvknw.mp4,0,0.0015838286
/home/tianlong/Downloads//test/cdeesuuuqz.mp4,0,0.000884022
/home/tianlong/Downloads//test/ymngcysczs.mp4,0,0.00013081379
/home/tianlong/Downloads//test/gctyynjruz.mp4,0,0.0054489565
/home/tianlong/Downloads//test/vkirqaiuoc.mp4,0,0.00025897808
/home/tianlong/Downloads//test/ykywskdwlc.mp4,0,0.028528845
/home/tianlong/Downloads//test/verpxkucoi.mp4,0,0.0002787678
/home/tianlong/Downloads//test/gpsqelalbp.mp4,0,0.00053057936
/home/tianlong/Downloads//test/paorozwtbf.mp4,0,0.0026939493
/home/tianlong/Downloads//test/iaaecuquha.mp4,0,0.0016194287
/home/tianlong/Downloads//test/lmgdjtzwau.mp4,0,0.047614183
/home/tianlong/Downloads//test/tayykmblhg.mp4,0,4.4878983e-05
/home/tianlong/Downloads//test/hpurahupjh.mp4,0,0.00017087569
/home/tianlong/Downloads//test/uutxmgqajd.mp4,0,0.0052150255
/home/tianlong/Downloads//test/rbkcpkwhjn.mp4,0,0.0053617912
/home/tianlong/Downloads//test/wtnloygygs.mp4,0,0.001650415
/home/tianlong/Downloads//test/biborxaekt.mp4,0,0.002035217
/home/tianlong/Downloads//test/drlnvwvvuw.mp4,0,0.02592175
/home/tianlong/Downloads//test/axutpjywuu.mp4,0,0.000433073
/home/tianlong/Downloads//test/jbcnsmlysc.mp4,0,0.00031406968
/home/tianlong/Downloads//test/ilzhgraxpl.mp4,0,0.0017522745
/home/tianlong/Downloads//test/cwqhzuhjol.mp4,0,0.004747727
/home/tianlong/Downloads//test/tlzordotqw.mp4,0,0.8815058
/home/tianlong/Downloads//test/hdauuytvhx.mp4,0,0.00029426086
/home/tianlong/Downloads//test/rtiyduycrn.mp4,0,0.02787112
/home/tianlong/Downloads//test/mdsmgzaltc.mp4,0,0.18758091
/home/tianlong/Downloads//test/mnlxxoicoo.mp4,0,3.728644e-05
/home/tianlong/Downloads//test/ksfuiztwuc.mp4,0,0.27491912
/home/tianlong/Downloads//test/tpjydgkvdt.mp4,0,0.002396341
/home/tianlong/Downloads//test/nmjesbwiux.mp4,0,0.001045223
/home/tianlong/Downloads//test/egzfaoiuwo.mp4,0,0.00025391948
/home/tianlong/Downloads//test/ucmfbukrkj.mp4,0,8.094719e-05
/home/tianlong/Downloads//test/aoqzxlwvmi.mp4,0,0.47037363
/home/tianlong/Downloads//test/zzjfzeuizr.mp4,0,0.9290757
/home/tianlong/Downloads//test/aunokqsmrt.mp4,0,0.08207181
/home/tianlong/Downloads//test/kudvvlgiff.mp4,0,0.0007114466
/home/tianlong/Downloads//test/qqwsabrgxh.mp4,0,2.9928638e-05
/home/tianlong/Downloads//test/pvsslamopo.mp4,0,0.0045427927
/home/tianlong/Downloads//test/kawxnfacqs.mp4,0,0.00015266426
/home/tianlong/Downloads//test/lxeqbyddvt.mp4,0,0.00045520085
/home/tianlong/Downloads//test/zylribcaeu.mp4,0,0.0003836187
/home/tianlong/Downloads//test/sghdekqnnn.mp4,0,0.0014795165
/home/tianlong/Downloads//test/msbqgoxxlh.mp4,0,0.0006038334
/home/tianlong/Downloads//test/ubbzrfgzer.mp4,0,0.14305477
/home/tianlong/Downloads//test/vuofhivyfs.mp4,0,0.08283371
/home/tianlong/Downloads//test/xirrbpmlja.mp4,0,0.013386848
/home/tianlong/Downloads//test/appvffejyy.mp4,0,0.052190803
/home/tianlong/Downloads//test/nzepxsbotb.mp4,0,0.00064934354
/home/tianlong/Downloads//test/nkqkvwpghi.mp4,0,0.0044925087
/home/tianlong/Downloads//test/vdvffooule.mp4,0,0.4878533
/home/tianlong/Downloads//test/rayhrvqorn.mp4,0,8.764685e-05
/home/tianlong/Downloads//test/cslfapvyjv.mp4,0,0.0034048255
/home/tianlong/Downloads//test/rmygsfjyvt.mp4,0,0.0020860343
/home/tianlong/Downloads//test/yhbhhibwzo.mp4,0,0.082490824
/home/tianlong/Downloads//test/vlxfyuzygn.mp4,0,0.0011305062
/home/tianlong/Downloads//test/zefqhoewww.mp4,0,6.568598e-05
/home/tianlong/Downloads//test/vptrrrmhyb.mp4,0,0.00022833064
/home/tianlong/Downloads//test/cefolmrrlx.mp4,0,0.0017670406
/home/tianlong/Downloads//test/xzmplldajk.mp4,0,3.9265644e-05
/home/tianlong/Downloads//test/hrznynemfj.mp4,0,0.00017979543
/home/tianlong/Downloads//test/tkxblcleyd.mp4,0,0.00016317981
/home/tianlong/Downloads//test/tlxgwzheli.mp4,0,0.0005351354
/home/tianlong/Downloads//test/qvgutokvct.mp4,0,0.37941337
/home/tianlong/Downloads//test/tcwyxrvdpe.mp4,0,0.0005008176
/home/tianlong/Downloads//test/jwrypvpvpx.mp4,0,0.00032592885
/home/tianlong/Downloads//test/bpyjsrjcro.mp4,0,0.084781885
/home/tianlong/Downloads//test/avteqdmbob.mp4,0,0.0025693374
/home/tianlong/Downloads//test/aaivbtdyjn.mp4,0,0.7810916
/home/tianlong/Downloads//test/pokctfragw.mp4,0,0.000121470795
/home/tianlong/Downloads//test/vgdllmzjcw.mp4,0,0.00030134578
/home/tianlong/Downloads//test/zdlhavfmit.mp4,0,0.0017226369
/home/tianlong/Downloads//test/yupsrmckii.mp4,0,0.39071757
/home/tianlong/Downloads//test/pobpsxjbzg.mp4,0,0.00090055016
/home/tianlong/Downloads//test/lkvouattut.mp4,0,0.0001358286
/home/tianlong/Downloads//test/anjzzdyhno.mp4,0,0.0008878169
/home/tianlong/Downloads//test/jvihmimqca.mp4,0,0.00090690085
/home/tianlong/Downloads//test/wnoitecfmf.mp4,0,0.0014323427
/home/tianlong/Downloads//test/gbvllwqbjl.mp4,0,0.026861697
/home/tianlong/Downloads//test/gzabjmglim.mp4,0,0.00010735293
/home/tianlong/Downloads//test/paqcbtdulm.mp4,0,0.00042304295
/home/tianlong/Downloads//test/jcbbrqaaaq.mp4,0,0.00018064558
/home/tianlong/Downloads//test/nsavbywhlu.mp4,0,0.006911089
/home/tianlong/Downloads//test/zwfebeiqat.mp4,0,0.015482569
/home/tianlong/Downloads//test/pimrsfwcwm.mp4,0,0.051830858
/home/tianlong/Downloads//test/mrvdmwcblt.mp4,0,0.019879775
/home/tianlong/Downloads//test/hedetzyqpu.mp4,0,0.063598946
/home/tianlong/Downloads//test/qytaiboeep.mp4,0,0.00270935
/home/tianlong/Downloads//test/famavifufv.mp4,0,6.532681e-05
/home/tianlong/Downloads//test/hnselekxwv.mp4,0,0.62094986
/home/tianlong/Downloads//test/emgciwmtuj.mp4,0,0.0026222232
/home/tianlong/Downloads//test/wbmvbetcdm.mp4,0,7.765925e-05
/home/tianlong/Downloads//test/mpvnvvihzp.mp4,0,0.009222679
/home/tianlong/Downloads//test/zelgpxflfe.mp4,0,0.08720809
/home/tianlong/Downloads//test/lhjcdavmmg.mp4,0,0.0040899385
/home/tianlong/Downloads//test/rxtqqoncwj.mp4,0,0.00013406889
/home/tianlong/Downloads//test/shrpamtirw.mp4,0,0.00024239765
/home/tianlong/Downloads//test/qhzlgrtgto.mp4,0,0.0046948465
/home/tianlong/Downloads//test/uuzyzglejw.mp4,0,0.116628125
/home/tianlong/Downloads//test/bmnpqrwnex.mp4,0,4.8144917e-05
/home/tianlong/Downloads//test/dtssdnhgiw.mp4,0,0.0011360049
/home/tianlong/Downloads//test/rlhmppiklf.mp4,0,0.03250106
/home/tianlong/Downloads//test/sswhgeqjrt.mp4,0,0.032575957
/home/tianlong/Downloads//test/emxqsgqtdz.mp4,0,0.00042060908
/home/tianlong/Downloads//test/bcwtjzsutw.mp4,0,0.0029642081
/home/tianlong/Downloads//test/uomfimsutw.mp4,0,0.66612923
/home/tianlong/Downloads//test/mztlucosuc.mp4,0,0.07132782
/home/tianlong/Downloads//test/ntcfyojagi.mp4,0,0.00038963667
/home/tianlong/Downloads//test/wrbuiboyat.mp4,0,0.0005350363
/home/tianlong/Downloads//test/xiqecarvpb.mp4,0,0.00060304615
/home/tianlong/Downloads//test/fcvzlzfufb.mp4,0,0.0022669528
/home/tianlong/Downloads//test/savqrjnncg.mp4,0,0.10333147
/home/tianlong/Downloads//test/icqmqztbry.mp4,0,3.8090257e-05
/home/tianlong/Downloads//test/zzrmokkxka.mp4,0,0.48178148
/home/tianlong/Downloads//test/btgxrrldio.mp4,0,0.0015075427
/home/tianlong/Downloads//test/zdnepyqjiy.mp4,0,0.0036177281
/home/tianlong/Downloads//test/fybiztpnrc.mp4,0,0.00380382
/home/tianlong/Downloads//test/parqhrknkf.mp4,0,0.27936158
/home/tianlong/Downloads//test/tvffpggbrc.mp4,0,0.0027560166
/home/tianlong/Downloads//test/rtpuwtrxsr.mp4,0,0.07809867
/home/tianlong/Downloads//test/tgmqfzsznf.mp4,0,0.0006628353
/home/tianlong/Downloads//test/eqabuehals.mp4,0,0.0014520857
/home/tianlong/Downloads//test/ikebomnsiq.mp4,0,0.0011445634
/home/tianlong/Downloads//test/wfzxrfxohw.mp4,0,0.00045952463
/home/tianlong/Downloads//test/dqfgwejsvm.mp4,0,0.00019464227
/home/tianlong/Downloads//test/lxadgjqzbf.mp4,0,0.012328969
/home/tianlong/Downloads//test/tdahgbtenl.mp4,0,0.8078906
/home/tianlong/Downloads//test/bivzhsmrqo.mp4,0,0.0037156963
/home/tianlong/Downloads//test/vzxluflrhn.mp4,0,0.00020576683
/home/tianlong/Downloads//test/ikmsdmynbf.mp4,0,0.00044702645
/home/tianlong/Downloads//test/kuqbgbrypa.mp4,0,0.7195212
/home/tianlong/Downloads//test/nfstajzaot.mp4,0,0.00013361852
/home/tianlong/Downloads//test/dultiznosk.mp4,0,0.00070815044
/home/tianlong/Downloads//test/ckqfqernbf.mp4,0,0.0012017076
/home/tianlong/Downloads//test/kbdwudhhwf.mp4,0,0.0003345919
/home/tianlong/Downloads//test/hqpjmwyygq.mp4,0,0.0005819398
/home/tianlong/Downloads//test/tjyuudtkme.mp4,0,0.010232677
/home/tianlong/Downloads//test/tihgxlmfcj.mp4,0,0.00023924574
/home/tianlong/Downloads//test/sgdnbofecu.mp4,0,0.057655204
/home/tianlong/Downloads//test/pgamqeolau.mp4,0,0.006794613
/home/tianlong/Downloads//test/ijeqomctsa.mp4,0,5.020239e-05
/home/tianlong/Downloads//test/ppruxbqpmc.mp4,0,0.0001346156
/home/tianlong/Downloads//test/hkvfyeacje.mp4,0,0.0028350174
/home/tianlong/Downloads//test/zqrzqekofe.mp4,0,0.013809207
/home/tianlong/Downloads//test/iwzbgmtsuh.mp4,0,0.17630327
/home/tianlong/Downloads//test/dbixwxtuxs.mp4,0,0.0014292346
/home/tianlong/Downloads//test/cepqcoseaj.mp4,0,0.0023362457
/home/tianlong/Downloads//test/gypapuqdrx.mp4,0,0.85107696
/home/tianlong/Downloads//test/djhhnixfyi.mp4,0,0.0021973313
/home/tianlong/Downloads//test/fkarxowzuf.mp4,0,0.07144483
/home/tianlong/Downloads//test/gfxnuidfgl.mp4,0,0.00024128049
/home/tianlong/Downloads//test/vsreebjsfs.mp4,0,0.00074439973
/home/tianlong/Downloads//test/manqchicur.mp4,0,0.0035041932
/home/tianlong/Downloads//test/gztffgsxpt.mp4,0,0.005935527
/home/tianlong/Downloads//test/jdzkykqgsx.mp4,0,0.00054321083
/home/tianlong/Downloads//test/cvbubcwkkl.mp4,0,0.0009351183
/home/tianlong/Downloads//test/bgqhldvsgc.mp4,0,0.00020410054
/home/tianlong/Downloads//test/blqgpxokwq.mp4,0,0.12814878
/home/tianlong/Downloads//test/cxvayntesu.mp4,0,0.00016572447
/home/tianlong/Downloads//test/dxepehnhgm.mp4,0,0.017147634
/home/tianlong/Downloads//test/bcgjlsupne.mp4,0,6.414719e-05
/home/tianlong/Downloads//test/uhynwthfhf.mp4,0,0.042084552
/home/tianlong/Downloads//test/gocrdvihos.mp4,0,0.0034848913
/home/tianlong/Downloads//test/gtyvtbojpp.mp4,0,0.00027164738
/home/tianlong/Downloads//test/eqtwkqxolz.mp4,0,3.4516932e-05
/home/tianlong/Downloads//test/arwiyweadv.mp4,0,0.26571488
/home/tianlong/Downloads//test/mlizcisxro.mp4,0,9.08743e-05
/home/tianlong/Downloads//test/miiymgajty.mp4,0,0.00028128066
/home/tianlong/Downloads//test/ragjclplkx.mp4,0,0.00013916024
/home/tianlong/Downloads//test/wxrfuemtxj.mp4,0,6.271122e-05
/home/tianlong/Downloads//test/xxupwwukoh.mp4,0,0.00039101733
/home/tianlong/Downloads//test/qdantvtdji.mp4,0,0.20729044
/home/tianlong/Downloads//test/oqehnuhbwa.mp4,0,0.03754011
/home/tianlong/Downloads//test/yzqbwkwxsn.mp4,0,0.0014050584
/home/tianlong/Downloads//test/osjaqtkkdt.mp4,0,0.004114197
/home/tianlong/Downloads//test/nthlmvjxac.mp4,0,0.00011689695
/home/tianlong/Downloads//test/dpegbdzijf.mp4,0,0.000106184816
/home/tianlong/Downloads//test/ezgusylcyf.mp4,0,0.075057566
/home/tianlong/Downloads//test/isxxybhuls.mp4,0,0.73279554
/home/tianlong/Downloads//test/dbqbwrcvjk.mp4,0,0.103611015
/home/tianlong/Downloads//test/qqrvyhjznq.mp4,0,0.0016651843
/home/tianlong/Downloads//test/ohdtmpzbtp.mp4,0,0.000104011386
/home/tianlong/Downloads//test/oupztxzdln.mp4,0,0.00027793314
/home/tianlong/Downloads//test/snidpujjti.mp4,0,0.004939244
/home/tianlong/Downloads//test/yoxdseoukl.mp4,0,0.07452203
/home/tianlong/Downloads//test/bxsdnqizii.mp4,0,0.0036825337
/home/tianlong/Downloads//test/ihszkmcwvw.mp4,0,0.01018388
/home/tianlong/Downloads//test/rgrqhjtoby.mp4,0,0.00012286624
/home/tianlong/Downloads//test/vqibhetnwa.mp4,0,0.71903396
/home/tianlong/Downloads//test/rkqqgwurqt.mp4,0,0.00051042385
/home/tianlong/Downloads//test/axdepsfowg.mp4,0,6.3350426e-06
/home/tianlong/Downloads//test/dcpmipuapc.mp4,0,0.011859093
/home/tianlong/Downloads//test/ncjqganhal.mp4,0,0.00085144024
/home/tianlong/Downloads//test/qnbnlmpqpu.mp4,0,0.08603357
/home/tianlong/Downloads//test/ieoervpooz.mp4,0,0.00039564245
/home/tianlong/Downloads//test/fscyfygpyk.mp4,0,6.239812e-05
/home/tianlong/Downloads//test/pitpjawwwp.mp4,0,0.0015087072
/home/tianlong/Downloads//test/geturetbpy.mp4,0,0.007085289
/home/tianlong/Downloads//test/kwsraaqime.mp4,0,0.14855291
/home/tianlong/Downloads//test/lhgoghqmub.mp4,0,0.00108125
/home/tianlong/Downloads//test/kdmonvkpqd.mp4,0,0.047389414
/home/tianlong/Downloads//test/wrcelewmpa.mp4,0,0.0035150505
/home/tianlong/Downloads//test/bxqgvzamnx.mp4,0,0.0017841186
/home/tianlong/Downloads//test/nliofvksed.mp4,0,0.005996863
/home/tianlong/Downloads//test/mwjnvghsbe.mp4,0,0.00031375824
/home/tianlong/Downloads//test/ygiscbckjl.mp4,0,4.222827e-05
/home/tianlong/Downloads//test/wscclwhfsr.mp4,0,0.098605886
/home/tianlong/Downloads//test/hddminxrhw.mp4,0,0.01189065
/home/tianlong/Downloads//test/ncrkggcdqp.mp4,0,0.17496356
/home/tianlong/Downloads//test/xjinzawywt.mp4,0,0.002320201
/home/tianlong/Downloads//test/korrsqtkke.mp4,0,0.014212167
/home/tianlong/Downloads//test/tskjnnvjsa.mp4,0,0.00030045764
/home/tianlong/Downloads//test/tyjxmknivy.mp4,0,0.0020609028
/home/tianlong/Downloads//test/qyvqrtscbk.mp4,0,0.000773722
/home/tianlong/Downloads//test/kxnybtbpkl.mp4,0,0.0004609187
/home/tianlong/Downloads//test/wiqtkqwfsw.mp4,0,0.0031459841
/home/tianlong/Downloads//test/bevjclbhuo.mp4,0,0.0009923377
/home/tianlong/Downloads//test/shwulrbsfx.mp4,0,0.0025570337
/home/tianlong/Downloads//test/mohtuktaaq.mp4,0,0.00023820644
/home/tianlong/Downloads//test/fwsypadiom.mp4,0,0.0049603684
/home/tianlong/Downloads//test/buywrbgfqy.mp4,0,0.002523556
/home/tianlong/Downloads//test/bljpdykszf.mp4,0,0.849547
/home/tianlong/Downloads//test/ztxdkcoxvx.mp4,0,0.15493503
/home/tianlong/Downloads//test/oqeoibjbim.mp4,0,0.0009205778
/home/tianlong/Downloads//test/szwhgmrrhm.mp4,0,0.009234333
/home/tianlong/Downloads//test/xnydmgdhum.mp4,0,0.0005722785
/home/tianlong/Downloads//test/fltaysfwct.mp4,0,1.2525957e-05
/home/tianlong/Downloads//test/akdvkdoyoh.mp4,0,0.058422826
/home/tianlong/Downloads//test/ftfemkjnot.mp4,0,0.040403053
/home/tianlong/Downloads//test/gmbckelbzp.mp4,0,0.00025877642
/home/tianlong/Downloads//test/jjzveabagf.mp4,0,0.016099954
/home/tianlong/Downloads//test/dfqwasrdvq.mp4,0,0.117647424
/home/tianlong/Downloads//test/diskzkrrph.mp4,0,0.0007162804
/home/tianlong/Downloads//test/jtwpwdqmxz.mp4,0,0.0061878553
/home/tianlong/Downloads//test/qivnumuetu.mp4,0,0.00014012576
/home/tianlong/Downloads//test/blmuzhjygg.mp4,0,9.199839e-05
/home/tianlong/Downloads//test/sbxlfehzjc.mp4,0,0.88564575
/home/tianlong/Downloads//test/tcwhwssdnv.mp4,0,0.07280831
/home/tianlong/Downloads//test/bkbokyebco.mp4,0,0.16584459
/home/tianlong/Downloads//test/vojsghpebv.mp4,0,0.05019508
/home/tianlong/Downloads//test/opuhoerhxb.mp4,0,0.00013667074
/home/tianlong/Downloads//test/mmhdcoqsve.mp4,0,7.543374e-05
/home/tianlong/Downloads//test/ewxddjqzml.mp4,0,0.0018741969
/home/tianlong/Downloads//test/dznchaiaqh.mp4,0,0.010267853
/home/tianlong/Downloads//test/mloeefokyq.mp4,0,0.00034221524
/home/tianlong/Downloads//test/fgkpembbpv.mp4,0,0.00016364251
/home/tianlong/Downloads//test/orqafstesq.mp4,0,0.00017268806
/home/tianlong/Downloads//test/ckgabgjnca.mp4,0,0.05739565
/home/tianlong/Downloads//test/iuvhrgckrt.mp4,0,0.21866575
/home/tianlong/Downloads//test/vlzwcejywm.mp4,0,0.0013435438
/home/tianlong/Downloads//test/cpucjmfawf.mp4,0,0.051659673
/home/tianlong/Downloads//test/ekvhyeycpr.mp4,0,0.00046063308
/home/tianlong/Downloads//test/tazlckybzu.mp4,0,0.11072415
/home/tianlong/Downloads//test/clxgzkdgta.mp4,0,0.09785631
/home/tianlong/Downloads//test/zlfbumxcxs.mp4,0,0.00012443207
/home/tianlong/Downloads//test/plhcceboag.mp4,0,2.8310757e-05
/home/tianlong/Downloads//test/extihvlsxg.mp4,0,0.0011761681
/home/tianlong/Downloads//test/olebnvxoyl.mp4,0,0.00013175109
/home/tianlong/Downloads//test/opdqcwqxzy.mp4,0,1.3971115e-05
/home/tianlong/Downloads//test/stwaypekwh.mp4,0,0.0023814482
/home/tianlong/Downloads//test/xogwctpikv.mp4,0,0.000117251984
/home/tianlong/Downloads//test/cjiwxfwcit.mp4,0,0.035467748
/home/tianlong/Downloads//test/txshgvrava.mp4,0,0.00011222253
/home/tianlong/Downloads//test/ggpuxwhpri.mp4,0,0.0014189087
/home/tianlong/Downloads//test/jlxnzxtopm.mp4,0,0.00016652825
/home/tianlong/Downloads//test/thjugpbwcv.mp4,0,0.11064558
/home/tianlong/Downloads//test/pkititkein.mp4,0,6.761114e-05
/home/tianlong/Downloads//test/hjiwmybauf.mp4,0,0.0114010405
/home/tianlong/Downloads//test/efazuieysm.mp4,0,0.017943423
/home/tianlong/Downloads//test/tdzsgrdneg.mp4,0,0.022370582
/home/tianlong/Downloads//test/mkxmvreoth.mp4,0,0.00035016733
/home/tianlong/Downloads//test/ofbjiuemkr.mp4,0,0.0006664648
/home/tianlong/Downloads//test/dogotzkdiw.mp4,0,0.004431929
/home/tianlong/Downloads//test/qdmvzknbua.mp4,0,8.0669015e-05
/home/tianlong/Downloads//test/pnauelqbxq.mp4,0,0.0011012956
/home/tianlong/Downloads//test/sytddqezij.mp4,0,0.13588013
/home/tianlong/Downloads//test/bhpddnqauc.mp4,0,0.00012448507
/home/tianlong/Downloads//test/imtkdzkypf.mp4,0,0.08016707
/home/tianlong/Downloads//test/kbodjivgqu.mp4,0,0.0028549687
/home/tianlong/Downloads//test/qtxraeaxeh.mp4,0,0.0011372516
/home/tianlong/Downloads//test/uaxmqpmswz.mp4,0,0.00038136906
/home/tianlong/Downloads//test/qlbapiibba.mp4,0,0.006143515
/home/tianlong/Downloads//test/mzurunkulx.mp4,0,0.0011403385
/home/tianlong/Downloads//test/aujoxrpddn.mp4,0,0.0035967648
/home/tianlong/Downloads//test/ebenvuuxld.mp4,0,5.2067808e-05
/home/tianlong/Downloads//test/fsfjlwwsen.mp4,0,0.8480698
/home/tianlong/Downloads//test/zwgaptzuqt.mp4,0,0.0019210682
/home/tianlong/Downloads//test/gldpafckwo.mp4,0,0.0045664883
/home/tianlong/Downloads//test/nvkzpexyzg.mp4,0,0.09800764
/home/tianlong/Downloads//test/vnrmxwtsmf.mp4,0,0.001327448
/home/tianlong/Downloads//test/hmofiqjzxe.mp4,0,0.0016863529
/home/tianlong/Downloads//test/ucryyubbqk.mp4,0,0.47544256
/home/tianlong/Downloads//test/gwqdrapybq.mp4,0,0.0006683658
/home/tianlong/Downloads//test/avttogwbyz.mp4,0,0.0013788597
/home/tianlong/Downloads//test/hbmvxgonmq.mp4,0,0.0006816384
/home/tianlong/Downloads//test/gxxlbjuyza.mp4,0,0.0005423971
/home/tianlong/Downloads//test/jhzozsurac.mp4,0,0.000300407
/home/tianlong/Downloads//test/opyqudaics.mp4,0,0.00021421397
/home/tianlong/Downloads//test/vigbdgmudk.mp4,0,0.000114827395
/home/tianlong/Downloads//test/viidhkoxyv.mp4,0,0.0048782825
/home/tianlong/Downloads//test/dmpvbeyuqb.mp4,0,0.0007128788
/home/tianlong/Downloads//test/wgycqahjww.mp4,0,0.022905504
/home/tianlong/Downloads//test/wwgmzeavbd.mp4,0,0.0018688228
/home/tianlong/Downloads//test/qtqyglbdem.mp4,0,0.011949556
/home/tianlong/Downloads//test/nqynuhnklk.mp4,0,0.00043538967
/home/tianlong/Downloads//test/jygbqsigcr.mp4,0,0.0014635763
/home/tianlong/Downloads//test/nsozqvhalr.mp4,0,0.00016479638
/home/tianlong/Downloads//test/yvmrwdyxby.mp4,0,0.001398592
/home/tianlong/Downloads//test/kvhbyuklfv.mp4,0,0.0075767925
/home/tianlong/Downloads//test/iwnfvkmktq.mp4,0,0.018731637
/home/tianlong/Downloads//test/qzfmctgxcs.mp4,0,0.007950983
/home/tianlong/Downloads//test/vhipamioud.mp4,0,0.0006540361
/home/tianlong/Downloads//test/lmbvoxhowe.mp4,0,0.0014225617
/home/tianlong/Downloads//test/ziqjamfzlv.mp4,0,0.04390923
/home/tianlong/Downloads//test/kqnwutdvpd.mp4,0,0.00044506005
/home/tianlong/Downloads//test/lucpbeexdk.mp4,0,0.0055109328
/home/tianlong/Downloads//test/pnotaniiuh.mp4,0,0.0014706539
/home/tianlong/Downloads//test/qohtjkzity.mp4,0,0.90099764
/home/tianlong/Downloads//test/bkjhfcvsig.mp4,0,0.00034051697
/home/tianlong/Downloads//test/kpcrdurodw.mp4,0,0.03433477
/home/tianlong/Downloads//test/nmphdbflzj.mp4,0,0.004194792
/home/tianlong/Downloads//test/fmsxomanga.mp4,0,0.006795887
/home/tianlong/Downloads//test/tgwpcoljin.mp4,0,0.022210278
/home/tianlong/Downloads//test/foynwjsqeh.mp4,0,0.00076737884
/home/tianlong/Downloads//test/vdqritvjfl.mp4,0,0.010862802
/home/tianlong/Downloads//test/egyemqrvna.mp4,0,0.83903474
/home/tianlong/Downloads//test/xrtmepdfyh.mp4,0,0.01668658
/home/tianlong/Downloads//test/zfgjechdto.mp4,0,0.00042407477
/home/tianlong/Downloads//test/jujpqsrgll.mp4,0,2.2198257e-05
/home/tianlong/Downloads//test/iakzgqqova.mp4,0,0.00987885
/home/tianlong/Downloads//test/fqdklzzkfj.mp4,0,0.0071295006
/home/tianlong/Downloads//test/dnfnxwbsoi.mp4,0,0.002124266
/home/tianlong/Downloads//test/lynaeydofd.mp4,0,0.0013510974
/home/tianlong/Downloads//test/relrfifywa.mp4,0,0.0018397393
/home/tianlong/Downloads//test/imsacxixmv.mp4,0,0.0042096493
/home/tianlong/Downloads//test/rfbwukxpye.mp4,0,0.0018231126
/home/tianlong/Downloads//test/atixaudngu.mp4,0,0.0050089275
/home/tianlong/Downloads//test/tcychsyltm.mp4,0,0.00053823984
/home/tianlong/Downloads//test/kifyfzqzjj.mp4,0,0.00078519003
/home/tianlong/Downloads//test/irjbukzjqt.mp4,0,0.26685247
/home/tianlong/Downloads//test/jmkkbkvbjo.mp4,0,0.016103545
/home/tianlong/Downloads//test/gflhlvhqyl.mp4,0,0.103184566
/home/tianlong/Downloads//test/myebjqbxsl.mp4,0,0.00010409298
/home/tianlong/Downloads//test/mqeqiytluf.mp4,0,0.00023838645
/home/tianlong/Downloads//test/zbsjlcsetv.mp4,0,4.7903093e-05
/home/tianlong/Downloads//test/lzmxqxrruv.mp4,0,0.20949125
/home/tianlong/Downloads//test/neotrnwthu.mp4,0,0.00021393507
/home/tianlong/Downloads//test/vwigtbeivy.mp4,0,0.00088198966
/home/tianlong/Downloads//test/ldtscpryms.mp4,0,0.00037165114
/home/tianlong/Downloads//test/sjgmmecazy.mp4,0,0.06743272
/home/tianlong/Downloads//test/jkrbsekajk.mp4,0,0.004586831
/home/tianlong/Downloads//test/iahzcxmuck.mp4,0,0.37061638
/home/tianlong/Downloads//test/cteqlloxwu.mp4,0,0.042789884
/home/tianlong/Downloads//test/pgqxsteufx.mp4,0,0.00106183
/home/tianlong/Downloads//test/cmuzrrlaiy.mp4,1,0.66553724
/home/tianlong/Downloads//test/jxeqhujuvh.mp4,1,0.0013920537
/home/tianlong/Downloads//test/ntaqujyzes.mp4,1,0.06949557
/home/tianlong/Downloads//test/ghxzsygiou.mp4,1,0.001090234
/home/tianlong/Downloads//test/lvxzjwiklq.mp4,1,0.40124804
/home/tianlong/Downloads//test/wlyvvvjgnv.mp4,1,0.0066018105
/home/tianlong/Downloads//test/hexxuigzdl.mp4,1,0.012014882
/home/tianlong/Downloads//test/zynrdvlrwv.mp4,1,4.3599543e-05
/home/tianlong/Downloads//test/kbvqzihgan.mp4,1,0.59765714
/home/tianlong/Downloads//test/razacdewcv.mp4,1,0.015379602
/home/tianlong/Downloads//test/tjlrvidbxw.mp4,1,0.00827828
/home/tianlong/Downloads//test/gcbyurxhbz.mp4,1,0.00025147208
/home/tianlong/Downloads//test/xticvyqqjn.mp4,1,0.7556206
/home/tianlong/Downloads//test/gqpayiddqv.mp4,1,0.021375949
/home/tianlong/Downloads//test/zmrnjhfxed.mp4,1,0.0035701774
/home/tianlong/Downloads//test/slpxqmwuqm.mp4,1,0.2056758
/home/tianlong/Downloads//test/upwsvjdtgo.mp4,1,0.00017811466
/home/tianlong/Downloads//test/zpnjiswgdt.mp4,1,2.831355e-05
/home/tianlong/Downloads//test/rayxtqfosv.mp4,1,0.0009783308
/home/tianlong/Downloads//test/cfhoqpdzqb.mp4,1,0.00070693495
/home/tianlong/Downloads//test/okyufzgvay.mp4,1,3.0085625e-05
/home/tianlong/Downloads//test/wgyxtquovo.mp4,1,0.0002485088
/home/tianlong/Downloads//test/kicgvgukqs.mp4,1,0.045988683
/home/tianlong/Downloads//test/aolhuwcdwv.mp4,1,0.18652385
/home/tianlong/Downloads//test/clzcvdsuyp.mp4,1,0.004853701
/home/tianlong/Downloads//test/jibhugdfbs.mp4,1,0.0020286085
/home/tianlong/Downloads//test/kfiszsbzob.mp4,1,0.21084964
/home/tianlong/Downloads//test/mgwtoqonaf.mp4,1,0.6128448
/home/tianlong/Downloads//test/buzqmuifod.mp4,1,0.27361542
/home/tianlong/Downloads//test/bofmetrgfm.mp4,1,0.00056781096
/home/tianlong/Downloads//test/chlshvbday.mp4,1,0.16624357
/home/tianlong/Downloads//test/vxcjkgerao.mp4,1,0.037218507
/home/tianlong/Downloads//test/qxwqqhruvz.mp4,1,0.0122182015
/home/tianlong/Downloads//test/hytdcdixlv.mp4,1,0.00013020994
/home/tianlong/Downloads//test/buejhiahpy.mp4,1,0.00015078146
/home/tianlong/Downloads//test/omotodymgb.mp4,1,0.10518881
/home/tianlong/Downloads//test/gmcvyrferj.mp4,1,0.00017831638
/home/tianlong/Downloads//test/ycoaclsdov.mp4,1,0.06439759
/home/tianlong/Downloads//test/scaljzcpcf.mp4,1,0.6573442
/home/tianlong/Downloads//test/uhbxhharht.mp4,1,0.0116759585
/home/tianlong/Downloads//test/tmmakbzbqw.mp4,1,0.39740223
/home/tianlong/Downloads//test/mvfvefsgik.mp4,1,0.44664377
/home/tianlong/Downloads//test/inesnaprwm.mp4,1,0.018858122
/home/tianlong/Downloads//test/qqxelyjmmw.mp4,1,0.0002610048
/home/tianlong/Downloads//test/dllkubdbbd.mp4,1,0.016399032
/home/tianlong/Downloads//test/ttnajmkchw.mp4,1,0.0041144392
/home/tianlong/Downloads//test/kaffwaiexj.mp4,1,0.001511122
/home/tianlong/Downloads//test/dpfuqzdtrs.mp4,1,0.023171144
/home/tianlong/Downloads//test/hfvexodpht.mp4,1,0.020587882
/home/tianlong/Downloads//test/vmxjsdkuju.mp4,1,0.8679948
/home/tianlong/Downloads//test/afaxsgqksm.mp4,1,0.80535907
/home/tianlong/Downloads//test/pgkipgmpgm.mp4,1,0.1604449
/home/tianlong/Downloads//test/ltkesswcyn.mp4,1,0.0003969375
/home/tianlong/Downloads//test/dffkcrccsj.mp4,1,0.019015515
/home/tianlong/Downloads//test/svtnilogao.mp4,1,0.053402524
/home/tianlong/Downloads//test/bzobkqewtt.mp4,1,0.004535162
/home/tianlong/Downloads//test/vemnbnqoqk.mp4,1,0.2837623
/home/tianlong/Downloads//test/nobrvdftmd.mp4,1,0.00018392991
/home/tianlong/Downloads//test/qepgiaxgpc.mp4,1,0.0011282574
/home/tianlong/Downloads//test/bogjubshbr.mp4,1,0.46573028
/home/tianlong/Downloads//test/uyoqozgdcy.mp4,1,5.908719e-05
/home/tianlong/Downloads//test/cvmmtklgst.mp4,1,0.7659619
/home/tianlong/Downloads//test/qharxzhzpl.mp4,1,0.86660624
/home/tianlong/Downloads//test/sprejlmapw.mp4,1,0.00023607817
/home/tianlong/Downloads//test/crzrsezocr.mp4,1,0.0001837551
/home/tianlong/Downloads//test/wyqhadmmcy.mp4,1,0.4869813
/home/tianlong/Downloads//test/jrjxehotww.mp4,1,0.31006855
/home/tianlong/Downloads//test/xctpdujlok.mp4,1,0.03404469
/home/tianlong/Downloads//test/hfspenqmpw.mp4,1,0.3784869
/home/tianlong/Downloads//test/jkfukzcjxd.mp4,1,0.9985391
/home/tianlong/Downloads//test/knafngkgen.mp4,1,0.17927635
/home/tianlong/Downloads//test/tswmtnhfmn.mp4,1,0.010698738
/home/tianlong/Downloads//test/qoasfzksgo.mp4,1,0.0009309711
/home/tianlong/Downloads//test/hnrzuoqnkz.mp4,1,0.0004534088
/home/tianlong/Downloads//test/nussrkyuzy.mp4,1,0.044149242
/home/tianlong/Downloads//test/ciwzwmlyxz.mp4,1,0.0025431258
/home/tianlong/Downloads//test/dbauiiupef.mp4,1,0.06554045
/home/tianlong/Downloads//test/ywxfnlxtjg.mp4,1,3.5266614e-05
/home/tianlong/Downloads//test/pryqgrbtnu.mp4,1,0.063779995
/home/tianlong/Downloads//test/mbjpaydogy.mp4,1,0.001651568
/home/tianlong/Downloads//test/ihdopxhysr.mp4,1,0.008184956
/home/tianlong/Downloads//test/rgasvymjrj.mp4,1,0.0024004828
/home/tianlong/Downloads//test/eclpgjjies.mp4,1,0.0014691415
/home/tianlong/Downloads//test/kxptuwngop.mp4,1,0.00050449866
/home/tianlong/Downloads//test/uaqvffouxp.mp4,1,0.1510479
/home/tianlong/Downloads//test/xvqzzgoabm.mp4,1,0.0012064948
/home/tianlong/Downloads//test/tkgbjtcxyl.mp4,1,0.48376617
/home/tianlong/Downloads//test/xlnaxrwvcx.mp4,1,0.0031582979
/home/tianlong/Downloads//test/kphfzaullq.mp4,1,0.0011831777
/home/tianlong/Downloads//test/rkezgzxnoo.mp4,1,0.00017592625
/home/tianlong/Downloads//test/fromclsodq.mp4,1,0.0005048478
/home/tianlong/Downloads//test/nrscfrjxpb.mp4,1,0.00013217262
/home/tianlong/Downloads//test/ygobagrhmg.mp4,1,0.14042819
/home/tianlong/Downloads//test/hisfrixnbu.mp4,1,0.011261074
/home/tianlong/Downloads//test/duzueyonao.mp4,1,0.062195517
/home/tianlong/Downloads//test/gkknsyqbnz.mp4,1,0.09066127
/home/tianlong/Downloads//test/tmgdrjjalz.mp4,1,0.7649184
/home/tianlong/Downloads//test/iajblozgtx.mp4,1,0.0013393497
/home/tianlong/Downloads//test/ahkcchuwqq.mp4,1,0.00028533555
/home/tianlong/Downloads//test/zmfiveruie.mp4,1,0.8009802
/home/tianlong/Downloads//test/xptgnpgfkn.mp4,1,0.0002526028
/home/tianlong/Downloads//test/aebhowazav.mp4,1,0.16596796
/home/tianlong/Downloads//test/geulcwvfuy.mp4,1,0.09622829
/home/tianlong/Downloads//test/glzyifzrql.mp4,1,0.009893353
/home/tianlong/Downloads//test/wvmrsucbsq.mp4,1,0.6197416
/home/tianlong/Downloads//test/moetggyxsc.mp4,1,0.13481005
/home/tianlong/Downloads//test/jfvnwpcjrm.mp4,1,0.0036920079
/home/tianlong/Downloads//test/kaggpclkjm.mp4,1,0.9918947
/home/tianlong/Downloads//test/nacldwtuwp.mp4,1,0.12041612
/home/tianlong/Downloads//test/upwyvqbjlq.mp4,1,0.9998871
/home/tianlong/Downloads//test/tdmyjvptzv.mp4,1,0.41665235
/home/tianlong/Downloads//test/fzurflflwv.mp4,1,0.0031446815
/home/tianlong/Downloads//test/aakjukgjme.mp4,1,8.658158e-05
/home/tianlong/Downloads//test/ypepsyuwmo.mp4,1,0.089247
/home/tianlong/Downloads//test/qxhyhhkywc.mp4,1,0.0009858117
/home/tianlong/Downloads//test/iqvfopywpa.mp4,1,0.41335326
/home/tianlong/Downloads//test/xfncslssic.mp4,1,0.03772383
/home/tianlong/Downloads//test/jesstfspwv.mp4,1,0.00032224288
/home/tianlong/Downloads//test/xiraodtgnt.mp4,1,0.34336704
/home/tianlong/Downloads//test/xeuzubpylq.mp4,1,3.7503207e-05
/home/tianlong/Downloads//test/xszpbtciwo.mp4,1,0.0010424027
/home/tianlong/Downloads//test/fkksbgaibl.mp4,1,0.40319926
/home/tianlong/Downloads//test/ntqzfgmhnj.mp4,1,0.9778552
/home/tianlong/Downloads//test/bizbjxafzr.mp4,1,0.00014304629
/home/tianlong/Downloads//test/bxfwiuvafo.mp4,1,0.7775082
/home/tianlong/Downloads//test/jfcglbovmo.mp4,1,0.85422385
/home/tianlong/Downloads//test/odidbykbar.mp4,1,0.7649432
/home/tianlong/Downloads//test/qarbtmjwhm.mp4,1,0.90192014
/home/tianlong/Downloads//test/jeierullea.mp4,1,0.11015054
/home/tianlong/Downloads//test/lrckqkzekj.mp4,1,0.0011574223
/home/tianlong/Downloads//test/riizlqngim.mp4,1,0.0016908699
/home/tianlong/Downloads//test/lmcnonfhgz.mp4,1,0.21175154
/home/tianlong/Downloads//test/lkhszpabzv.mp4,1,0.38300222
/home/tianlong/Downloads//test/njqbwiajss.mp4,1,0.00025918626
/home/tianlong/Downloads//test/ksqybmrwyg.mp4,1,0.9960737
/home/tianlong/Downloads//test/dxphlwcvan.mp4,1,0.16694915
/home/tianlong/Downloads//test/dgjssccxhx.mp4,1,0.0057073208
/home/tianlong/Downloads//test/sbfxzmhzyv.mp4,1,0.64351785
/home/tianlong/Downloads//test/rlvgpdrgvi.mp4,1,0.48364067
/home/tianlong/Downloads//test/uzdmxmfcqe.mp4,1,0.00089834107
/home/tianlong/Downloads//test/afixxjdxef.mp4,1,0.024391755
/home/tianlong/Downloads//test/fwvxtssltw.mp4,1,0.00214932
/home/tianlong/Downloads//test/jyzlvivrmr.mp4,1,0.010721331
/home/tianlong/Downloads//test/byavookkdu.mp4,1,0.0004241053
/home/tianlong/Downloads//test/agyawnxlmv.mp4,1,0.00040330162
/home/tianlong/Downloads//test/zjoonppreb.mp4,1,0.07997223
/home/tianlong/Downloads//test/sjzwpqupnm.mp4,1,0.0023222342
/home/tianlong/Downloads//test/pobrnbspcf.mp4,1,9.807512e-05
/home/tianlong/Downloads//test/qdkpphviay.mp4,1,0.059750378
/home/tianlong/Downloads//test/nbyaxzmueg.mp4,1,0.002293306
/home/tianlong/Downloads//test/vfszaqentw.mp4,1,0.717583
/home/tianlong/Downloads//test/fosovipqkg.mp4,1,0.0049226675
/home/tianlong/Downloads//test/grwcxofqrx.mp4,1,0.6457168
/home/tianlong/Downloads//test/koqxhnmkjl.mp4,1,0.46578148
/home/tianlong/Downloads//test/xkukyjokbg.mp4,1,0.054395307
/home/tianlong/Downloads//test/fmnzbwtjep.mp4,1,4.0496416e-05
/home/tianlong/Downloads//test/aruyyclubn.mp4,1,0.39025384
/home/tianlong/Downloads//test/eluhuvocwr.mp4,1,0.28863484
/home/tianlong/Downloads//test/iiwffwiyrg.mp4,1,0.0106472885
/home/tianlong/Downloads//test/fsbabrxhqy.mp4,1,0.21564904
/home/tianlong/Downloads//test/ymqadbkafj.mp4,1,0.011397167
/home/tianlong/Downloads//test/nptmqvfuhz.mp4,1,0.37687296
/home/tianlong/Downloads//test/usjnlahlcj.mp4,1,0.71587205
/home/tianlong/Downloads//test/hbozjjcafn.mp4,1,0.00051571656
/home/tianlong/Downloads//test/cizxmeztny.mp4,1,0.004198891
/home/tianlong/Downloads//test/syxlmynhsi.mp4,1,0.86288863
/home/tianlong/Downloads//test/ezadehoecy.mp4,1,0.00020909333
/home/tianlong/Downloads//test/fpliemtlco.mp4,1,0.40017262
/home/tianlong/Downloads//test/arflgfcnkg.mp4,1,0.0015042811
/home/tianlong/Downloads//test/occelhylxf.mp4,1,0.0001539023
/home/tianlong/Downloads//test/uqntkvpntd.mp4,1,0.00017940262
/home/tianlong/Downloads//test/iatevqworc.mp4,1,0.015405757
/home/tianlong/Downloads//test/xzsmgydcub.mp4,1,0.0014227657
/home/tianlong/Downloads//test/qbffpkpmkf.mp4,1,0.013952931
/home/tianlong/Downloads//test/pzbpgfmroj.mp4,1,0.13081023
/home/tianlong/Downloads//test/oundixpyst.mp4,1,0.042720623
/home/tianlong/Downloads//test/hnxhwfttpy.mp4,1,0.19860773
/home/tianlong/Downloads//test/rdjwlvvwtv.mp4,1,0.2782041
/home/tianlong/Downloads//test/tcmstiljkk.mp4,1,0.43739575
/home/tianlong/Downloads//test/qbfdtumuct.mp4,1,0.00014616693
/home/tianlong/Downloads//test/mxnquwuszt.mp4,1,0.005212702
/home/tianlong/Downloads//test/sjooumwlzb.mp4,1,0.19802186
/home/tianlong/Downloads//test/twhwouycfg.mp4,1,0.00015931141
/home/tianlong/Downloads//test/wytpaehszj.mp4,1,0.31236178
/home/tianlong/Downloads//test/srtwhbzzlr.mp4,1,0.12982519
/home/tianlong/Downloads//test/jqjfpkuckf.mp4,1,5.4133638e-05
/home/tianlong/Downloads//test/yxjjfaekev.mp4,1,0.00025899996
/home/tianlong/Downloads//test/cyokqrzbol.mp4,1,0.00031349022
/home/tianlong/Downloads//test/mtilpvablx.mp4,1,0.0008918509
/home/tianlong/Downloads//test/njwsmltmvb.mp4,1,0.0001932696
/home/tianlong/Downloads//test/xkksfulade.mp4,1,0.011336214
/home/tianlong/Downloads//test/dtfgsvfmjq.mp4,1,0.015567091
/home/tianlong/Downloads//test/onaewxqqkd.mp4,1,0.040739138
/home/tianlong/Downloads//test/pazpnfrbbc.mp4,1,0.0020184405
/home/tianlong/Downloads//test/kgowzoxjfq.mp4,1,0.0177741
/home/tianlong/Downloads//test/ltdwtgrads.mp4,1,0.00049708446
/home/tianlong/Downloads//test/znistrajpw.mp4,1,0.00094024354
/home/tianlong/Downloads//test/yfhzmfhojv.mp4,1,0.0866133
/home/tianlong/Downloads//test/spkorcenyh.mp4,1,0.008238119
/home/tianlong/Downloads//test/axopbbxwzr.mp4,1,0.0019056648
/home/tianlong/Downloads//test/hxrruqinnh.mp4,1,0.5948595
/home/tianlong/Downloads//test/tkaybnjwhg.mp4,1,0.6669227
/home/tianlong/Downloads//test/lhwwhjhyqx.mp4,1,6.7235866e-05
/home/tianlong/Downloads//test/btxjufhiaz.mp4,1,0.0005439264
/home/tianlong/Downloads//test/dnhaskulaj.mp4,1,0.8648629
/home/tianlong/Downloads//test/vxqofldgze.mp4,1,0.0013008298
/home/tianlong/Downloads//test/ddjzmyabyu.mp4,1,0.00035896758
/home/tianlong/Downloads//test/mgahaaogif.mp4,1,0.0032336519
/home/tianlong/Downloads//test/ktmdpragph.mp4,1,0.00018986843
/home/tianlong/Downloads//test/xazdhdnwhh.mp4,1,0.014165659
/home/tianlong/Downloads//test/qnslgeajnt.mp4,1,0.000297871
/home/tianlong/Downloads//test/sivrgbsaog.mp4,1,0.21127339
/home/tianlong/Downloads//test/uzmuovkewv.mp4,1,0.34442788
/home/tianlong/Downloads//test/tvazrcdkpq.mp4,1,0.0005486651
/home/tianlong/Downloads//test/jbatiwjmzh.mp4,1,0.7711252
/home/tianlong/Downloads//test/hmiylncrva.mp4,1,0.0011216056
/home/tianlong/Downloads//test/uxkojffbsr.mp4,1,0.054536637
/home/tianlong/Downloads//test/crbcrxqftw.mp4,1,0.022665426
/home/tianlong/Downloads//test/yermnsnlgf.mp4,1,0.6669102
/home/tianlong/Downloads//test/gipcvghjiy.mp4,1,0.13357088
/home/tianlong/Downloads//test/iwcfxyoimw.mp4,1,0.8204454
/home/tianlong/Downloads//test/kozaofkgvk.mp4,1,0.017365403
/home/tianlong/Downloads//test/xlgevjtsog.mp4,1,0.00017265617
/home/tianlong/Downloads//test/bpjkimtqtz.mp4,1,0.00070869236
/home/tianlong/Downloads//test/pdnwaekrtn.mp4,1,0.0012789057
/home/tianlong/Downloads//test/toxsrzsksc.mp4,1,0.010723986
/home/tianlong/Downloads//test/oejfypsbfh.mp4,1,0.3364717
/home/tianlong/Downloads//test/hwyuwbnszo.mp4,1,0.000937487
/home/tianlong/Downloads//test/acgyspwyqr.mp4,1,9.557517e-05
/home/tianlong/Downloads//test/oitcqmvnsa.mp4,1,0.00058669155
/home/tianlong/Downloads//test/pdqqkuclvd.mp4,1,0.00475568
/home/tianlong/Downloads//test/slsyjvgfpu.mp4,1,0.0007603287
/home/tianlong/Downloads//test/xmdfnldfyc.mp4,1,0.27569434
/home/tianlong/Downloads//test/ynkzlkahux.mp4,1,0.00013233504
/home/tianlong/Downloads//test/szjbkskyph.mp4,1,0.010150699
/home/tianlong/Downloads//test/yyiiywtiry.mp4,1,0.030367503
/home/tianlong/Downloads//test/crvotfojeq.mp4,1,0.0016735261
/home/tianlong/Downloads//test/rsqblsfgli.mp4,1,0.00013322326
/home/tianlong/Downloads//test/becqadbtkb.mp4,1,0.003349912
/home/tianlong/Downloads//test/afqaubpglg.mp4,1,0.0010130994
/home/tianlong/Downloads//test/pwplooonzr.mp4,1,0.025647188
/home/tianlong/Downloads//test/vjegxiyvla.mp4,1,0.00011597271
/home/tianlong/Downloads//test/jbwtbfbdko.mp4,1,0.0057318932
/home/tianlong/Downloads//test/toggbitvfd.mp4,1,0.0025419772
/home/tianlong/Downloads//test/xpfhawmzbe.mp4,1,0.00016837679
/home/tianlong/Downloads//test/kjwdinzplo.mp4,1,0.00024805887
/home/tianlong/Downloads//test/jrkdzpijpb.mp4,1,0.020544928
/home/tianlong/Downloads//test/lbnuxynggy.mp4,1,0.00032029508
/home/tianlong/Downloads//test/iorrylopzn.mp4,1,0.9992445
/home/tianlong/Downloads//test/yasxapunrf.mp4,1,0.15931235
/home/tianlong/Downloads//test/suohrphvbe.mp4,1,0.01229136
/home/tianlong/Downloads//test/salsuwvckq.mp4,1,0.526984
/home/tianlong/Downloads//test/eclnowceyi.mp4,1,0.0003207957
/home/tianlong/Downloads//test/wvtymfvbwq.mp4,1,0.1686258
/home/tianlong/Downloads//test/rsjhmrvdwg.mp4,1,0.0006084632
/home/tianlong/Downloads//test/qtvhpmoukj.mp4,1,0.0067948573
/home/tianlong/Downloads//test/svqkfjfucw.mp4,1,8.60635e-05
/home/tianlong/Downloads//test/jdlqmnhuix.mp4,1,0.0287789
/home/tianlong/Downloads//test/ltmkgkppwx.mp4,1,8.426552e-05
/home/tianlong/Downloads//test/zaoyocjkgw.mp4,1,4.9370527e-05
/home/tianlong/Downloads//test/vgrhobnbfo.mp4,1,3.4588338e-05
/home/tianlong/Downloads//test/eeeuzozcdc.mp4,1,0.00022457009
/home/tianlong/Downloads//test/ikgxqbhmlv.mp4,1,0.09408845
/home/tianlong/Downloads//test/zyeakowujw.mp4,1,0.59277076
/home/tianlong/Downloads//test/uerapqglmr.mp4,1,0.012248309
/home/tianlong/Downloads//test/fmuncwjpej.mp4,1,0.9423712
/home/tianlong/Downloads//test/xllzvdxwiv.mp4,1,0.18464276
/home/tianlong/Downloads//test/giuymhlbyo.mp4,1,0.50677174
/home/tianlong/Downloads//test/bubbmjnmge.mp4,1,0.005682917
/home/tianlong/Downloads//test/qwqefbalkv.mp4,1,0.00061167346
/home/tianlong/Downloads//test/aupsxowdcp.mp4,1,0.00013953916
/home/tianlong/Downloads//test/apjovfzzft.mp4,1,0.0014753031
/home/tianlong/Downloads//test/yjbnaqwxyf.mp4,1,0.17378059
/home/tianlong/Downloads//test/dajlkmlvch.mp4,1,0.0013111897
/home/tianlong/Downloads//test/egwzzhemvk.mp4,1,0.3973755
/home/tianlong/Downloads//test/vlhrgeyvqy.mp4,1,5.8085112e-05
/home/tianlong/Downloads//test/vpolvvzwsw.mp4,1,8.3788495e-05
/home/tianlong/Downloads//test/ddkcxrncmq.mp4,1,0.20048115
/home/tianlong/Downloads//test/fncnobpzzx.mp4,1,0.5307602
/home/tianlong/Downloads//test/lhayhvqjmg.mp4,1,0.010953926
/home/tianlong/Downloads//test/yboofyemks.mp4,1,0.00013963174
/home/tianlong/Downloads//test/wzkovvmdkq.mp4,1,0.08113266
/home/tianlong/Downloads//test/axxldpmbat.mp4,1,0.17057279
/home/tianlong/Downloads//test/piovymzozl.mp4,1,0.0015956482
/home/tianlong/Downloads//test/ymjrnwsjxt.mp4,1,3.0697473e-05
/home/tianlong/Downloads//test/jfxroglrst.mp4,1,2.3722678e-05
/home/tianlong/Downloads//test/qzyaijdbfe.mp4,1,0.016646363
/home/tianlong/Downloads//test/gzwzxbtkpd.mp4,1,0.9095268
/home/tianlong/Downloads//test/bgssriyozb.mp4,1,0.0008931498
/home/tianlong/Downloads//test/wqtraebanl.mp4,1,0.4109477
/home/tianlong/Downloads//test/lovkthgavz.mp4,1,0.0035613538
/home/tianlong/Downloads//test/vpgjaoyvir.mp4,1,6.121873e-05
/home/tianlong/Downloads//test/btlqqvfuck.mp4,1,0.027726263
/home/tianlong/Downloads//test/zzxidpsxmv.mp4,1,0.15426387
/home/tianlong/Downloads//test/qzuhjrhozy.mp4,1,6.0328304e-05
/home/tianlong/Downloads//test/rtuaxyuvqs.mp4,1,0.0022522374
/home/tianlong/Downloads//test/vybbullejj.mp4,1,0.005803482
/home/tianlong/Downloads//test/lblweiecpx.mp4,1,0.6005324
/home/tianlong/Downloads//test/qkchcuiljp.mp4,1,0.060336865
/home/tianlong/Downloads//test/roivdutkrz.mp4,1,0.45778903
/home/tianlong/Downloads//test/rziziscker.mp4,1,0.008728904
/home/tianlong/Downloads//test/zsdmgllhck.mp4,1,0.013487255
/home/tianlong/Downloads//test/kpkzqbpivj.mp4,1,0.0017800026
/home/tianlong/Downloads//test/tgkjhdyxww.mp4,1,0.13669127
/home/tianlong/Downloads//test/zubaiztkag.mp4,1,0.42064738
/home/tianlong/Downloads//test/figxvsdmsb.mp4,1,0.00018396773
/home/tianlong/Downloads//test/enzlliylet.mp4,1,0.6742736
/home/tianlong/Downloads//test/acekgkqgdg.mp4,1,0.019779429
/home/tianlong/Downloads//test/ljrikjsgis.mp4,1,0.0011467959
/home/tianlong/Downloads//test/vawotznxqn.mp4,1,0.5654349
/home/tianlong/Downloads//test/jsqtbnxnpb.mp4,1,0.32834682
/home/tianlong/Downloads//test/yibeqxcadd.mp4,1,0.047811564
/home/tianlong/Downloads//test/zvgekhyszq.mp4,1,0.00085313583
/home/tianlong/Downloads//test/luisdnrumh.mp4,1,0.61245763
/home/tianlong/Downloads//test/xffjesgeey.mp4,1,0.0008224634
/home/tianlong/Downloads//test/haesrhzukc.mp4,1,0.99995387
/home/tianlong/Downloads//test/uwccodyhgh.mp4,1,0.2175755
/home/tianlong/Downloads//test/msdtzpmmae.mp4,1,0.0002125103
/home/tianlong/Downloads//test/zgiypcmpic.mp4,1,0.0039687306
/home/tianlong/Downloads//test/olkcmrmvbh.mp4,1,0.0029749726
/home/tianlong/Downloads//test/kiffbbtjfe.mp4,1,0.5989233
/home/tianlong/Downloads//test/junzzlnlfw.mp4,1,0.10536283
/home/tianlong/Downloads//test/qkgicklwyn.mp4,1,0.025190692
/home/tianlong/Downloads//test/wluigkzjdl.mp4,1,7.914244e-05
/home/tianlong/Downloads//test/rsnrcisldc.mp4,1,0.03273922
/home/tianlong/Downloads//test/asiuftijhs.mp4,1,0.0024186943
/home/tianlong/Downloads//test/yjloopcthi.mp4,1,0.002560547
/home/tianlong/Downloads//test/tzzwqaxtrk.mp4,1,0.83787984
/home/tianlong/Downloads//test/tmfvsxrxnk.mp4,1,0.14189564
/home/tianlong/Downloads//test/dlsdmdraln.mp4,1,0.00026048362
/home/tianlong/Downloads//test/rkygzeyegz.mp4,1,0.027663056
/home/tianlong/Downloads//test/truremwrti.mp4,1,3.8086e-05
/home/tianlong/Downloads//test/depcrcqwai.mp4,1,0.005340758
/home/tianlong/Downloads//test/jovohczybs.mp4,1,0.006087924
/home/tianlong/Downloads//test/udcpjfvqro.mp4,1,0.0019305868
/home/tianlong/Downloads//test/yxlkovjssa.mp4,1,0.00077388645
/home/tianlong/Downloads//test/trltdpitif.mp4,1,0.18370311
/home/tianlong/Downloads//test/hwufwjdaai.mp4,1,0.06767485
/home/tianlong/Downloads//test/vgfxjwupga.mp4,1,0.48918065
/home/tianlong/Downloads//test/jejjcsijvc.mp4,1,0.03138854
/home/tianlong/Downloads//test/yjpfhrfyfn.mp4,1,0.00030324678
/home/tianlong/Downloads//test/izyqqybmcq.mp4,1,0.00021097234
/home/tianlong/Downloads//test/xjnflcfxhn.mp4,1,0.021654319
/home/tianlong/Downloads//test/zidsbdilrm.mp4,1,0.06251369
/home/tianlong/Downloads//test/lepqvhstws.mp4,1,0.7877222
/home/tianlong/Downloads//test/eabghyltka.mp4,1,0.049457945
/home/tianlong/Downloads//test/qxgwcsugvd.mp4,1,0.007372342
/home/tianlong/Downloads//test/oitqddnspw.mp4,1,0.00038282856
/home/tianlong/Downloads//test/jiddesrgoi.mp4,1,0.24043556
/home/tianlong/Downloads//test/whsqzlklam.mp4,1,0.0001269154
/home/tianlong/Downloads//test/hwspklkjol.mp4,1,0.28786075
/home/tianlong/Downloads//test/mgxdtegobh.mp4,1,0.0032209537
/home/tianlong/Downloads//test/dkvxzocpnx.mp4,1,0.025417615
/home/tianlong/Downloads//test/zxjiwvyzbs.mp4,1,0.0003518734
/home/tianlong/Downloads//test/qysxqoredd.mp4,1,0.018372018
/home/tianlong/Downloads//test/angqjpzdts.mp4,1,0.00018547557
/home/tianlong/Downloads//test/slbhiftdwk.mp4,1,0.0002402671
/home/tianlong/Downloads//test/ctsjalmkpx.mp4,1,0.00025838925
/home/tianlong/Downloads//test/jrwqouwlzc.mp4,1,0.06886466
/home/tianlong/Downloads//test/vcqcervdzi.mp4,1,9.027298e-05
/home/tianlong/Downloads//test/mxczokbutl.mp4,1,0.37044173
/home/tianlong/Downloads//test/qawqquinvi.mp4,1,0.3083219
/home/tianlong/Downloads//test/cqiyijvrcj.mp4,1,0.0020263693
/home/tianlong/Downloads//test/wypdykzzma.mp4,1,0.0066108033
/home/tianlong/Downloads//test/zdurkznxhi.mp4,1,0.00066507247
/home/tianlong/Downloads//test/llwjpzzrur.mp4,1,0.023116082
/home/tianlong/Downloads//test/stmqpsakem.mp4,1,0.0007173704
/home/tianlong/Downloads//test/hqfxruqynj.mp4,1,0.0005872359
/home/tianlong/Downloads//test/cotxffvovx.mp4,1,0.00049629173
/home/tianlong/Downloads//test/yiwyejujhz.mp4,1,0.8450527
/home/tianlong/Downloads//test/azkhkminwu.mp4,1,0.00053070823
/home/tianlong/Downloads//test/yoicqcpxgm.mp4,1,0.006062386
/home/tianlong/Downloads//test/kcpamicxjs.mp4,1,0.107267484
/home/tianlong/Downloads//test/mbnvlpwewk.mp4,1,0.56089425
/home/tianlong/Downloads//test/wjqdwzowcg.mp4,1,0.0014725898
/home/tianlong/Downloads//test/vqtspwkgwe.mp4,1,0.022992458
/home/tianlong/Downloads//test/rurhyzsnyi.mp4,1,0.52025616
/home/tianlong/Downloads//test/sipuxpudya.mp4,1,0.00021914516
/home/tianlong/Downloads//test/scchmtbzar.mp4,1,0.2609475
/home/tianlong/Downloads//test/qyhlzalxzm.mp4,1,0.015514204
/home/tianlong/Downloads//test/ektrtuwidv.mp4,1,0.04086267
/home/tianlong/Downloads//test/scbfkrlytb.mp4,1,0.91800606
/home/tianlong/Downloads//test/kxnsmwhqtl.mp4,1,0.0020947943
/home/tianlong/Downloads//test/fiayeurvwb.mp4,1,0.007406863
/home/tianlong/Downloads//test/xpuntxtdbs.mp4,1,0.1729036
/home/tianlong/Downloads//test/edvyxmzpoy.mp4,1,0.8635475
/home/tianlong/Downloads//test/thnywrwayf.mp4,1,0.02993818
/home/tianlong/Downloads//test/xojauzdavy.mp4,1,0.09284176
/home/tianlong/Downloads//test/kaajaxzivt.mp4,1,0.013860578
/home/tianlong/Downloads//test/fmvdkhucsz.mp4,1,0.9067599
/home/tianlong/Downloads//test/mdkqmouddq.mp4,1,0.6276153
/home/tianlong/Downloads//test/ehtvcnlsfl.mp4,1,0.00017263458
/home/tianlong/Downloads//test/iizsrcugyd.mp4,1,0.00038211714
/home/tianlong/Downloads//test/hurlxdpsxl.mp4,1,0.00087009894
/home/tianlong/Downloads//test/rvfhfbutlx.mp4,1,0.3970113
/home/tianlong/Downloads//test/ycxkcnwrbw.mp4,1,0.23669946
/home/tianlong/Downloads//test/jrmgqzgcmj.mp4,1,0.0016568529
/home/tianlong/Downloads//test/cinrseylyp.mp4,1,0.001058197
/home/tianlong/Downloads//test/uhvmrfksax.mp4,1,0.0008096967
/home/tianlong/Downloads//test/djjdzsivvi.mp4,1,0.0007409727
/home/tianlong/Downloads//test/pmulgdcejl.mp4,1,0.015887339
/home/tianlong/Downloads//test/ngvbaolyub.mp4,1,0.00024174814
/home/tianlong/Downloads//test/kpyyjmxmoj.mp4,1,0.00860319
/home/tianlong/Downloads//test/xhizcimlzp.mp4,1,0.0009875341
/home/tianlong/Downloads//test/ulygywporv.mp4,1,0.008664042
/home/tianlong/Downloads//test/psunkvudmg.mp4,1,0.22429843
/home/tianlong/Downloads//test/ctarrlrgdy.mp4,1,0.00094770093
/home/tianlong/Downloads//test/hdzygqltzu.mp4,1,0.86765575
/home/tianlong/Downloads//test/rvtfddfweu.mp4,1,0.16168797
/home/tianlong/Downloads//test/kaeouvuasm.mp4,1,0.00036249874
/home/tianlong/Downloads//test/rzivzpozjr.mp4,1,0.0012622161
/home/tianlong/Downloads//test/stfqbsbvfy.mp4,1,0.0024741665
/home/tianlong/Downloads//test/qbhoufagsa.mp4,1,4.983246e-05
/home/tianlong/Downloads//test/xycfzkbnhy.mp4,1,0.00036086258
/home/tianlong/Downloads//test/zudnvkagjk.mp4,1,0.9893694
/home/tianlong/Downloads//test/feaqnlczwc.mp4,1,7.524931e-05
/home/tianlong/Downloads//test/rqviqcsbzw.mp4,1,0.022912655
/home/tianlong/Downloads//test/dhfcwchsir.mp4,1,0.00023568977
/home/tianlong/Downloads//test/cglpyitrzw.mp4,1,0.0005269124
/home/tianlong/Downloads//test/yjypqyrhyi.mp4,1,0.022433251
/home/tianlong/Downloads//test/fokuimoqkh.mp4,1,0.8228687
/home/tianlong/Downloads//test/xzouvgiqha.mp4,1,0.2909681
/home/tianlong/Downloads//test/qyjbhkeqes.mp4,1,0.004267155
/home/tianlong/Downloads//test/phngwcpbqw.mp4,1,0.0028609477
/home/tianlong/Downloads//test/rjcjcdkzkw.mp4,1,0.68688095
/home/tianlong/Downloads//test/legilvljip.mp4,1,0.50845253
/home/tianlong/Downloads//test/bukegrztbb.mp4,1,0.00022343795
/home/tianlong/Downloads//test/yvaxmtbtgx.mp4,1,0.015524069
/home/tianlong/Downloads//test/saljlsmnet.mp4,1,0.20294002
/home/tianlong/Downloads//test/ezupajzwdl.mp4,1,0.25743705
/home/tianlong/Downloads//test/xeszevnech.mp4,1,0.00015979428
/home/tianlong/Downloads//test/fbqwomdehr.mp4,1,0.30992398
/home/tianlong/Downloads//test/itdywxjknn.mp4,1,0.42134967
/home/tianlong/Downloads//test/zwupuzlefv.mp4,1,0.019114051
/home/tianlong/Downloads//test/qcrofjquht.mp4,1,0.005888597
/home/tianlong/Downloads//test/jblkcfejih.mp4,1,0.00031923287
/home/tianlong/Downloads//test/howruupkxw.mp4,1,0.17927036
/home/tianlong/Downloads//test/xslxboadvn.mp4,1,0.0025410126
/home/tianlong/Downloads//test/rzykslnkdi.mp4,1,0.0008510783
/home/tianlong/Downloads//test/govjvzfbcj.mp4,1,0.0018332967
/home/tianlong/Downloads//test/fwbvksfidm.mp4,1,0.7069882
/home/tianlong/Downloads//test/khokwspqph.mp4,1,0.001723938
/home/tianlong/Downloads//test/sslrtrxyaj.mp4,1,0.0013014063
/home/tianlong/Downloads//test/zdmknyhzoo.mp4,1,9.688946e-05
/home/tianlong/Downloads//test/rzjpckpslj.mp4,1,0.00011798702
/home/tianlong/Downloads//test/pscilvlcfe.mp4,1,0.40564585
/home/tianlong/Downloads//test/rlwkdhgoqw.mp4,1,0.0046315277
/home/tianlong/Downloads//test/cmpkopoabr.mp4,1,0.17871118
/home/tianlong/Downloads//test/dbljnexmlf.mp4,1,0.00040702772
/home/tianlong/Downloads//test/atfuphvjft.mp4,1,0.2329903
/home/tianlong/Downloads//test/zdldobedod.mp4,1,0.0020789912
/home/tianlong/Downloads//test/iknfqmugud.mp4,1,0.25890633
/home/tianlong/Downloads//test/whusuiiqmt.mp4,1,0.023042124
/home/tianlong/Downloads//test/ksrnzzbcsz.mp4,1,0.002470287
/home/tianlong/Downloads//test/xxhuecshhw.mp4,1,0.00014653864
/home/tianlong/Downloads//test/okmlcbefeu.mp4,1,0.13339604
/home/tianlong/Downloads//test/xryrhuskyd.mp4,1,0.13920099
/home/tianlong/Downloads//test/wevygelkrl.mp4,1,0.61671436
/home/tianlong/Downloads//test/rdpausigpg.mp4,1,0.0020184275
/home/tianlong/Downloads//test/fdziwiuoer.mp4,1,0.68121
/home/tianlong/Downloads//test/kykmrtoitd.mp4,1,0.202879
/home/tianlong/Downloads//test/eacsjvcmlp.mp4,1,0.018749464
/home/tianlong/Downloads//test/asvuutypvz.mp4,1,0.0001002623
/home/tianlong/Downloads//test/nucqorkejg.mp4,1,0.99982524
/home/tianlong/Downloads//test/ctpexqamtx.mp4,1,0.89863795
/home/tianlong/Downloads//test/vnsxdkjjtk.mp4,1,0.050473053
/home/tianlong/Downloads//test/cktsyobheu.mp4,1,0.65903825
/home/tianlong/Downloads//test/kccicuhxgk.mp4,1,0.9948662
/home/tianlong/Downloads//test/qckjihxoze.mp4,1,0.0047528697
/home/tianlong/Downloads//test/gvqtnedfso.mp4,1,0.00014702918
/home/tianlong/Downloads//test/ajxkvlpgov.mp4,1,0.13887024
/home/tianlong/Downloads//test/srlilcjhaf.mp4,1,0.63796616
/home/tianlong/Downloads//test/qfjxksudna.mp4,1,0.44829044
/home/tianlong/Downloads//test/hstvglyexy.mp4,1,0.0017023843
/home/tianlong/Downloads//test/jyyvhnsyys.mp4,1,0.00025468625
/home/tianlong/Downloads//test/whxqigkgyk.mp4,1,0.4390432
/home/tianlong/Downloads//test/mqzrlecakr.mp4,1,0.687523
/home/tianlong/Downloads//test/aeplbqxnge.mp4,1,9.352426e-05
/home/tianlong/Downloads//test/inwaznexiv.mp4,1,0.0061116507
/home/tianlong/Downloads//test/anfupdhmyr.mp4,1,0.07968271
/home/tianlong/Downloads//test/wbvlgevkmb.mp4,1,0.00028857292
/home/tianlong/Downloads//test/uiykwgaarz.mp4,1,0.03371303
/home/tianlong/Downloads//test/nvarnevska.mp4,1,0.114356555
/home/tianlong/Downloads//test/ooczenomzk.mp4,1,0.03063112
/home/tianlong/Downloads//test/qtjuhlppot.mp4,1,0.00073180604
/home/tianlong/Downloads//test/drqtyzvhdd.mp4,1,0.0005339499
/home/tianlong/Downloads//test/ytljvippwv.mp4,1,0.68330747
/home/tianlong/Downloads//test/skrqoagxle.mp4,1,0.0142104495
/home/tianlong/Downloads//test/shwkznunyp.mp4,1,0.0035044148
/home/tianlong/Downloads//test/tlsoagxovk.mp4,1,0.2233103
/home/tianlong/Downloads//test/enpshnkugu.mp4,1,0.00015240554
/home/tianlong/Downloads//test/vitjdpnfpi.mp4,1,0.7578971
/home/tianlong/Downloads//test/jovrnujurf.mp4,1,0.6986816
/home/tianlong/Downloads//test/sbwemwjlsl.mp4,1,0.18206571
/home/tianlong/Downloads//test/uclzxnftij.mp4,1,0.00014014803
/home/tianlong/Downloads//test/sdqjjttckw.mp4,1,0.018673863
/home/tianlong/Downloads//test/wtmggpeiom.mp4,1,0.025465667
