Video,Label,Prediction
/home/tianlong/Downloads//test/myvwyfdnxu.mp4,0,0.0017250683
/home/tianlong/Downloads//test/uxgkqpiykp.mp4,0,0.003558038
/home/tianlong/Downloads//test/qyscponfaf.mp4,0,0.0013848665
/home/tianlong/Downloads//test/tmgmbnzrrz.mp4,0,0.2974713
/home/tianlong/Downloads//test/wfmeffvvce.mp4,0,0.00046184438
/home/tianlong/Downloads//test/fwrcfaglhz.mp4,0,0.0008006697
/home/tianlong/Downloads//test/itfzfpuilx.mp4,0,0.0006161647
/home/tianlong/Downloads//test/wupoiiknff.mp4,0,0.0009475089
/home/tianlong/Downloads//test/dscprfjses.mp4,0,0.000601889
/home/tianlong/Downloads//test/ofntcunuqn.mp4,0,0.01053567
/home/tianlong/Downloads//test/imnzannmcr.mp4,0,0.002461097
/home/tianlong/Downloads//test/jidkzoagws.mp4,0,0.0008338117
/home/tianlong/Downloads//test/nkpqkddsgt.mp4,0,0.001032085
/home/tianlong/Downloads//test/xqmrrciral.mp4,0,0.0008451145
/home/tianlong/Downloads//test/ykfllpyawg.mp4,0,0.00042583668
/home/tianlong/Downloads//test/bpieoyctzo.mp4,0,0.00067541434
/home/tianlong/Downloads//test/wjrepvzlsv.mp4,0,0.005511348
/home/tianlong/Downloads//test/voucpidonq.mp4,0,0.0023638422
/home/tianlong/Downloads//test/fxfxtrrkeq.mp4,0,0.0009775026
/home/tianlong/Downloads//test/qggfpdkyzi.mp4,0,0.00041537677
/home/tianlong/Downloads//test/xyucutnxhz.mp4,0,0.000620937
/home/tianlong/Downloads//test/rkxepdkger.mp4,0,0.0042468933
/home/tianlong/Downloads//test/fxxpxoqoxp.mp4,0,0.00071402866
/home/tianlong/Downloads//test/jkxxwfycsj.mp4,0,0.82496333
/home/tianlong/Downloads//test/qbearsyziz.mp4,0,0.0010271374
/home/tianlong/Downloads//test/kyrbveruev.mp4,0,0.0011376614
/home/tianlong/Downloads//test/pdyrvsvwyi.mp4,0,0.008510233
/home/tianlong/Downloads//test/bpxxmxuvuy.mp4,0,0.0037075083
/home/tianlong/Downloads//test/ekxsduhvwh.mp4,0,0.0064219655
/home/tianlong/Downloads//test/ocsqqqduxx.mp4,0,0.0027663603
/home/tianlong/Downloads//test/qufzdwetss.mp4,0,0.0036702382
/home/tianlong/Downloads//test/vwqrtxbwye.mp4,0,0.00077619345
/home/tianlong/Downloads//test/zuduvanawx.mp4,0,0.49195677
/home/tianlong/Downloads//test/rkjhxvdnsv.mp4,0,0.09295709
/home/tianlong/Downloads//test/hpcivouyku.mp4,0,0.0026936259
/home/tianlong/Downloads//test/vgndywbmgf.mp4,0,0.3054527
/home/tianlong/Downloads//test/hfgczdzbix.mp4,0,0.00050087937
/home/tianlong/Downloads//test/rwehwmmutn.mp4,0,0.007609549
/home/tianlong/Downloads//test/jyfnzyvznx.mp4,0,0.0024721022
/home/tianlong/Downloads//test/jxpodcendq.mp4,0,0.00045451906
/home/tianlong/Downloads//test/kgynainlug.mp4,0,0.0012082177
/home/tianlong/Downloads//test/hqgervpkkf.mp4,0,0.0019642266
/home/tianlong/Downloads//test/defeqlyysh.mp4,0,0.015207412
/home/tianlong/Downloads//test/xzkwbswkao.mp4,0,0.6951355
/home/tianlong/Downloads//test/hhdblnxhtj.mp4,0,0.0013666144
/home/tianlong/Downloads//test/oaptmwroki.mp4,0,0.0024823982
/home/tianlong/Downloads//test/djlkkqmjkk.mp4,0,0.0015889889
/home/tianlong/Downloads//test/motfposykz.mp4,0,0.010757314
/home/tianlong/Downloads//test/shvfupmrho.mp4,0,0.72334296
/home/tianlong/Downloads//test/escwmsthiz.mp4,0,0.0017831101
/home/tianlong/Downloads//test/ctpypmzfnl.mp4,0,0.0034380418
/home/tianlong/Downloads//test/sjqrdyzkgl.mp4,0,0.016158026
/home/tianlong/Downloads//test/ddrjnwlugg.mp4,0,0.0008797676
/home/tianlong/Downloads//test/hxfqltenqh.mp4,0,0.00091197656
/home/tianlong/Downloads//test/umerhoubxw.mp4,0,0.0012779946
/home/tianlong/Downloads//test/jxrpqynwlt.mp4,0,0.003276824
/home/tianlong/Downloads//test/hprzotbjtj.mp4,0,0.0010098813
/home/tianlong/Downloads//test/cqewayywpg.mp4,0,0.0016189058
/home/tianlong/Downloads//test/nvptcoxzah.mp4,0,0.010006436
/home/tianlong/Downloads//test/uvzlfuxalu.mp4,0,0.32407612
/home/tianlong/Downloads//test/mfcbgbcuvb.mp4,0,0.00067274703
/home/tianlong/Downloads//test/tmtoypmqwt.mp4,0,0.0010350621
/home/tianlong/Downloads//test/bsjucwhlrj.mp4,0,0.0011870282
/home/tianlong/Downloads//test/hlsubhyoea.mp4,0,0.0010523299
/home/tianlong/Downloads//test/deslnszgpy.mp4,0,0.0014205322
/home/tianlong/Downloads//test/tfwdbkwvgz.mp4,0,0.49443004
/home/tianlong/Downloads//test/ufxafdxpat.mp4,0,0.0012619477
/home/tianlong/Downloads//test/lmacrzidyh.mp4,0,0.16732961
/home/tianlong/Downloads//test/wyiajvmitt.mp4,0,0.0005235975
/home/tianlong/Downloads//test/xbdnqfbxcv.mp4,0,0.00054329
/home/tianlong/Downloads//test/mhfnldxixw.mp4,0,0.0010051779
/home/tianlong/Downloads//test/pfiigjlcct.mp4,0,0.011722632
/home/tianlong/Downloads//test/ldtibsniik.mp4,0,0.0010951766
/home/tianlong/Downloads//test/gwzttezkpv.mp4,0,0.022653827
/home/tianlong/Downloads//test/pevmkpamhv.mp4,0,0.00047407096
/home/tianlong/Downloads//test/zcfpsnaujx.mp4,0,0.1986367
/home/tianlong/Downloads//test/slvcfpalev.mp4,0,0.68295676
/home/tianlong/Downloads//test/ctdwtfcjei.mp4,0,0.0031862583
/home/tianlong/Downloads//test/vxwsisekmb.mp4,0,0.002817098
/home/tianlong/Downloads//test/pkoadvlpga.mp4,0,0.24083139
/home/tianlong/Downloads//test/ofapaanpkl.mp4,0,0.00031093287
/home/tianlong/Downloads//test/huzryvwrfa.mp4,0,0.025021378
/home/tianlong/Downloads//test/knjoasqzvt.mp4,0,0.00077836035
/home/tianlong/Downloads//test/cedpyannqf.mp4,0,0.0006473322
/home/tianlong/Downloads//test/mdwtpvlbrz.mp4,0,0.0007734103
/home/tianlong/Downloads//test/hfcxlucrbj.mp4,0,0.00091502373
/home/tianlong/Downloads//test/wbsajsyaej.mp4,0,0.0008095214
/home/tianlong/Downloads//test/tbqrwehekx.mp4,0,0.0034451527
/home/tianlong/Downloads//test/shslgpeisw.mp4,0,0.00046527447
/home/tianlong/Downloads//test/epgfqrvwlr.mp4,0,0.0059428327
/home/tianlong/Downloads//test/fduhwlydlg.mp4,0,0.0016765344
/home/tianlong/Downloads//test/cpmridjxbc.mp4,0,0.02818663
/home/tianlong/Downloads//test/kphflojove.mp4,0,0.00298626
/home/tianlong/Downloads//test/hlcpwfwcyw.mp4,0,0.0008564835
/home/tianlong/Downloads//test/bpeemkcxad.mp4,0,0.0500028
/home/tianlong/Downloads//test/jkadnvoqhk.mp4,0,0.0026339116
/home/tianlong/Downloads//test/lzzpsosige.mp4,0,0.67515934
/home/tianlong/Downloads//test/pxtwhbaxjq.mp4,0,0.00046130127
/home/tianlong/Downloads//test/pxgcsltbuo.mp4,0,0.00094969437
/home/tianlong/Downloads//test/gmepmwcgwg.mp4,0,0.29856935
/home/tianlong/Downloads//test/tnetytnegv.mp4,0,0.0062135668
/home/tianlong/Downloads//test/sxmqvznwwq.mp4,0,0.0040581618
/home/tianlong/Downloads//test/partcfzlbj.mp4,0,0.6501167
/home/tianlong/Downloads//test/tnkmovifrb.mp4,0,0.0005708242
/home/tianlong/Downloads//test/dpgznlwvpx.mp4,0,0.009557946
/home/tianlong/Downloads//test/mbpbbekqks.mp4,0,0.10967789
/home/tianlong/Downloads//test/hdbejalgtx.mp4,0,0.0016913417
/home/tianlong/Downloads//test/bmdiaytrcm.mp4,0,0.009382528
/home/tianlong/Downloads//test/yghxoihrle.mp4,0,0.00787544
/home/tianlong/Downloads//test/vcgelshrli.mp4,0,0.9692081
/home/tianlong/Downloads//test/yvdnbmbwyh.mp4,0,0.000677661
/home/tianlong/Downloads//test/kmakhupeac.mp4,0,0.89976424
/home/tianlong/Downloads//test/ccevbixrwu.mp4,0,0.08076477
/home/tianlong/Downloads//test/edavfjsjzw.mp4,0,0.00096742314
/home/tianlong/Downloads//test/znmzmierff.mp4,0,0.0011675695
/home/tianlong/Downloads//test/kiotoqmmfj.mp4,0,0.0005158832
/home/tianlong/Downloads//test/nqctdktbtb.mp4,0,0.00046146195
/home/tianlong/Downloads//test/inneixkosf.mp4,0,0.7020975
/home/tianlong/Downloads//test/occrrsyizc.mp4,0,0.0862484
/home/tianlong/Downloads//test/zfecmsiodq.mp4,0,0.34720364
/home/tianlong/Downloads//test/haknpmhigp.mp4,0,0.0012878781
/home/tianlong/Downloads//test/zjbwxmmrgk.mp4,0,0.0012000472
/home/tianlong/Downloads//test/qgpabkriss.mp4,0,0.0010443039
/home/tianlong/Downloads//test/liureznisp.mp4,0,0.000832382
/home/tianlong/Downloads//test/bzdywpajvr.mp4,0,0.9771656
/home/tianlong/Downloads//test/jniytngcmy.mp4,0,0.0005179027
/home/tianlong/Downloads//test/idklchvhxp.mp4,0,0.5244738
/home/tianlong/Downloads//test/pijzjjchqn.mp4,0,0.0011968612
/home/tianlong/Downloads//test/pjnsejazpl.mp4,0,0.0011441099
/home/tianlong/Downloads//test/gpaqoqegbn.mp4,0,0.025205048
/home/tianlong/Downloads//test/xsxwrwvfkg.mp4,0,0.0005725005
/home/tianlong/Downloads//test/arwefyghir.mp4,0,0.0005076724
/home/tianlong/Downloads//test/ptgvxdueef.mp4,0,0.0005835084
/home/tianlong/Downloads//test/plljpjscih.mp4,0,0.00090392766
/home/tianlong/Downloads//test/jozfaxodnx.mp4,0,0.9664411
/home/tianlong/Downloads//test/girdwtjwsr.mp4,0,0.005213051
/home/tianlong/Downloads//test/jbaahohsns.mp4,0,0.0083852215
/home/tianlong/Downloads//test/uetfcmaryk.mp4,0,0.0007628244
/home/tianlong/Downloads//test/oqbltrmhvt.mp4,0,0.89021766
/home/tianlong/Downloads//test/dvtzvkcrku.mp4,0,0.0007334418
/home/tianlong/Downloads//test/qjilklnynm.mp4,0,0.0007021818
/home/tianlong/Downloads//test/tcsdjwbihw.mp4,0,0.0016691014
/home/tianlong/Downloads//test/zhftwvtutp.mp4,0,0.013929972
/home/tianlong/Downloads//test/xgktqwvknw.mp4,0,0.0022413693
/home/tianlong/Downloads//test/cdeesuuuqz.mp4,0,0.00077235716
/home/tianlong/Downloads//test/ymngcysczs.mp4,0,0.0050089126
/home/tianlong/Downloads//test/gctyynjruz.mp4,0,0.0008174672
/home/tianlong/Downloads//test/vkirqaiuoc.mp4,0,0.0013371984
/home/tianlong/Downloads//test/ykywskdwlc.mp4,0,0.0012767153
/home/tianlong/Downloads//test/verpxkucoi.mp4,0,0.0007288456
/home/tianlong/Downloads//test/gpsqelalbp.mp4,0,0.001143527
/home/tianlong/Downloads//test/paorozwtbf.mp4,0,0.0022140944
/home/tianlong/Downloads//test/iaaecuquha.mp4,0,0.00047824415
/home/tianlong/Downloads//test/lmgdjtzwau.mp4,0,0.0004547195
/home/tianlong/Downloads//test/tayykmblhg.mp4,0,0.00048453905
/home/tianlong/Downloads//test/hpurahupjh.mp4,0,0.04220154
/home/tianlong/Downloads//test/uutxmgqajd.mp4,0,0.0018719593
/home/tianlong/Downloads//test/rbkcpkwhjn.mp4,0,0.0005223498
/home/tianlong/Downloads//test/wtnloygygs.mp4,0,0.0071155545
/home/tianlong/Downloads//test/biborxaekt.mp4,0,0.0094821565
/home/tianlong/Downloads//test/drlnvwvvuw.mp4,0,0.4406562
/home/tianlong/Downloads//test/axutpjywuu.mp4,0,0.032968376
/home/tianlong/Downloads//test/jbcnsmlysc.mp4,0,0.0007382738
/home/tianlong/Downloads//test/ilzhgraxpl.mp4,0,0.0011961267
/home/tianlong/Downloads//test/cwqhzuhjol.mp4,0,0.0014704178
/home/tianlong/Downloads//test/tlzordotqw.mp4,0,0.0017358788
/home/tianlong/Downloads//test/hdauuytvhx.mp4,0,0.0005332924
/home/tianlong/Downloads//test/rtiyduycrn.mp4,0,0.17327724
/home/tianlong/Downloads//test/mdsmgzaltc.mp4,0,0.0014060603
/home/tianlong/Downloads//test/mnlxxoicoo.mp4,0,0.0016056625
/home/tianlong/Downloads//test/ksfuiztwuc.mp4,0,0.00094890344
/home/tianlong/Downloads//test/tpjydgkvdt.mp4,0,0.0018335213
/home/tianlong/Downloads//test/nmjesbwiux.mp4,0,0.003458654
/home/tianlong/Downloads//test/egzfaoiuwo.mp4,0,0.0010753127
/home/tianlong/Downloads//test/ucmfbukrkj.mp4,0,0.8276789
/home/tianlong/Downloads//test/aoqzxlwvmi.mp4,0,0.0006120256
/home/tianlong/Downloads//test/zzjfzeuizr.mp4,0,0.19999702
/home/tianlong/Downloads//test/aunokqsmrt.mp4,0,0.00038160227
/home/tianlong/Downloads//test/kudvvlgiff.mp4,0,0.0896904
/home/tianlong/Downloads//test/qqwsabrgxh.mp4,0,0.0008138783
/home/tianlong/Downloads//test/pvsslamopo.mp4,0,0.0009025008
/home/tianlong/Downloads//test/kawxnfacqs.mp4,0,0.00039447486
/home/tianlong/Downloads//test/lxeqbyddvt.mp4,0,0.011295851
/home/tianlong/Downloads//test/zylribcaeu.mp4,0,0.009248554
/home/tianlong/Downloads//test/sghdekqnnn.mp4,0,0.0004536575
/home/tianlong/Downloads//test/msbqgoxxlh.mp4,0,0.009510758
/home/tianlong/Downloads//test/ubbzrfgzer.mp4,0,0.0007945335
/home/tianlong/Downloads//test/vuofhivyfs.mp4,0,0.9710933
/home/tianlong/Downloads//test/xirrbpmlja.mp4,0,0.0011234719
/home/tianlong/Downloads//test/appvffejyy.mp4,0,0.4062812
/home/tianlong/Downloads//test/nzepxsbotb.mp4,0,0.0010447686
/home/tianlong/Downloads//test/nkqkvwpghi.mp4,0,0.0084804585
/home/tianlong/Downloads//test/vdvffooule.mp4,0,0.33995953
/home/tianlong/Downloads//test/rayhrvqorn.mp4,0,0.5317651
/home/tianlong/Downloads//test/cslfapvyjv.mp4,0,0.0815576
/home/tianlong/Downloads//test/rmygsfjyvt.mp4,0,0.0012598017
/home/tianlong/Downloads//test/yhbhhibwzo.mp4,0,0.00080221205
/home/tianlong/Downloads//test/vlxfyuzygn.mp4,0,0.0011742254
/home/tianlong/Downloads//test/zefqhoewww.mp4,0,0.0071092844
/home/tianlong/Downloads//test/vptrrrmhyb.mp4,0,0.0011607475
/home/tianlong/Downloads//test/cefolmrrlx.mp4,0,0.00097282743
/home/tianlong/Downloads//test/xzmplldajk.mp4,0,0.0021070412
/home/tianlong/Downloads//test/hrznynemfj.mp4,0,0.0019915153
/home/tianlong/Downloads//test/tkxblcleyd.mp4,0,0.0009324552
/home/tianlong/Downloads//test/tlxgwzheli.mp4,0,0.00065094087
/home/tianlong/Downloads//test/qvgutokvct.mp4,0,0.00059987966
/home/tianlong/Downloads//test/tcwyxrvdpe.mp4,0,0.0007354404
/home/tianlong/Downloads//test/jwrypvpvpx.mp4,0,0.001573193
/home/tianlong/Downloads//test/bpyjsrjcro.mp4,0,0.00044686112
/home/tianlong/Downloads//test/avteqdmbob.mp4,0,0.0018672034
/home/tianlong/Downloads//test/aaivbtdyjn.mp4,0,0.00077102246
/home/tianlong/Downloads//test/pokctfragw.mp4,0,0.0007880436
/home/tianlong/Downloads//test/vgdllmzjcw.mp4,0,0.001600072
/home/tianlong/Downloads//test/zdlhavfmit.mp4,0,0.89277446
/home/tianlong/Downloads//test/yupsrmckii.mp4,0,0.0010632206
/home/tianlong/Downloads//test/pobpsxjbzg.mp4,0,0.00068929285
/home/tianlong/Downloads//test/lkvouattut.mp4,0,0.00053379993
/home/tianlong/Downloads//test/anjzzdyhno.mp4,0,0.6379453
/home/tianlong/Downloads//test/jvihmimqca.mp4,0,0.000652245
/home/tianlong/Downloads//test/wnoitecfmf.mp4,0,0.04416343
/home/tianlong/Downloads//test/gbvllwqbjl.mp4,0,0.0006624736
/home/tianlong/Downloads//test/gzabjmglim.mp4,0,0.0010976744
/home/tianlong/Downloads//test/paqcbtdulm.mp4,0,0.0011391692
/home/tianlong/Downloads//test/jcbbrqaaaq.mp4,0,0.0006229966
/home/tianlong/Downloads//test/nsavbywhlu.mp4,0,0.005488223
/home/tianlong/Downloads//test/zwfebeiqat.mp4,0,0.0011258116
/home/tianlong/Downloads//test/pimrsfwcwm.mp4,0,0.02616677
/home/tianlong/Downloads//test/mrvdmwcblt.mp4,0,0.0008862046
/home/tianlong/Downloads//test/hedetzyqpu.mp4,0,0.0008289116
/home/tianlong/Downloads//test/qytaiboeep.mp4,0,0.16974743
/home/tianlong/Downloads//test/famavifufv.mp4,0,0.0012200088
/home/tianlong/Downloads//test/hnselekxwv.mp4,0,0.009608419
/home/tianlong/Downloads//test/emgciwmtuj.mp4,0,0.002264096
/home/tianlong/Downloads//test/wbmvbetcdm.mp4,0,0.0004967675
/home/tianlong/Downloads//test/mpvnvvihzp.mp4,0,0.0022664173
/home/tianlong/Downloads//test/zelgpxflfe.mp4,0,0.00054462894
/home/tianlong/Downloads//test/lhjcdavmmg.mp4,0,0.00074404705
/home/tianlong/Downloads//test/rxtqqoncwj.mp4,0,0.00040438937
/home/tianlong/Downloads//test/shrpamtirw.mp4,0,0.0004987486
/home/tianlong/Downloads//test/qhzlgrtgto.mp4,0,0.0010044273
/home/tianlong/Downloads//test/uuzyzglejw.mp4,0,0.0021276171
/home/tianlong/Downloads//test/bmnpqrwnex.mp4,0,0.00068086764
/home/tianlong/Downloads//test/dtssdnhgiw.mp4,0,0.00090965774
/home/tianlong/Downloads//test/rlhmppiklf.mp4,0,0.0007948474
/home/tianlong/Downloads//test/sswhgeqjrt.mp4,0,0.00033082254
/home/tianlong/Downloads//test/emxqsgqtdz.mp4,0,0.0005336623
/home/tianlong/Downloads//test/bcwtjzsutw.mp4,0,0.1209529
/home/tianlong/Downloads//test/uomfimsutw.mp4,0,0.0020991687
/home/tianlong/Downloads//test/mztlucosuc.mp4,0,0.0011328409
/home/tianlong/Downloads//test/ntcfyojagi.mp4,0,0.00042920248
/home/tianlong/Downloads//test/wrbuiboyat.mp4,0,0.0005358855
/home/tianlong/Downloads//test/xiqecarvpb.mp4,0,0.019485151
/home/tianlong/Downloads//test/fcvzlzfufb.mp4,0,0.00063889724
/home/tianlong/Downloads//test/savqrjnncg.mp4,0,0.0010797154
/home/tianlong/Downloads//test/icqmqztbry.mp4,0,0.03027399
/home/tianlong/Downloads//test/zzrmokkxka.mp4,0,0.15785865
/home/tianlong/Downloads//test/btgxrrldio.mp4,0,0.00070624636
/home/tianlong/Downloads//test/zdnepyqjiy.mp4,0,0.001072364
/home/tianlong/Downloads//test/fybiztpnrc.mp4,0,0.0021428536
/home/tianlong/Downloads//test/parqhrknkf.mp4,0,0.55402577
/home/tianlong/Downloads//test/tvffpggbrc.mp4,0,0.009509272
/home/tianlong/Downloads//test/rtpuwtrxsr.mp4,0,0.0008634338
/home/tianlong/Downloads//test/tgmqfzsznf.mp4,0,0.020367045
/home/tianlong/Downloads//test/eqabuehals.mp4,0,0.0018986036
/home/tianlong/Downloads//test/ikebomnsiq.mp4,0,0.0021659362
/home/tianlong/Downloads//test/wfzxrfxohw.mp4,0,0.0005400891
/home/tianlong/Downloads//test/dqfgwejsvm.mp4,0,0.007919769
/home/tianlong/Downloads//test/lxadgjqzbf.mp4,0,0.19813769
/home/tianlong/Downloads//test/tdahgbtenl.mp4,0,0.6985501
/home/tianlong/Downloads//test/bivzhsmrqo.mp4,0,0.0047056917
/home/tianlong/Downloads//test/vzxluflrhn.mp4,0,0.0007745831
/home/tianlong/Downloads//test/ikmsdmynbf.mp4,0,0.00067392393
/home/tianlong/Downloads//test/kuqbgbrypa.mp4,0,0.0014186815
/home/tianlong/Downloads//test/nfstajzaot.mp4,0,0.0022628917
/home/tianlong/Downloads//test/dultiznosk.mp4,0,0.0023941204
/home/tianlong/Downloads//test/ckqfqernbf.mp4,0,0.003046915
/home/tianlong/Downloads//test/kbdwudhhwf.mp4,0,0.000689037
/home/tianlong/Downloads//test/hqpjmwyygq.mp4,0,0.039656434
/home/tianlong/Downloads//test/tjyuudtkme.mp4,0,0.0043549677
/home/tianlong/Downloads//test/tihgxlmfcj.mp4,0,0.009639172
/home/tianlong/Downloads//test/sgdnbofecu.mp4,0,0.0032049364
/home/tianlong/Downloads//test/pgamqeolau.mp4,0,0.0006863127
/home/tianlong/Downloads//test/ijeqomctsa.mp4,0,0.001380849
/home/tianlong/Downloads//test/ppruxbqpmc.mp4,0,0.0021680354
/home/tianlong/Downloads//test/hkvfyeacje.mp4,0,0.00086323434
/home/tianlong/Downloads//test/zqrzqekofe.mp4,0,0.01285358
/home/tianlong/Downloads//test/iwzbgmtsuh.mp4,0,0.6754533
/home/tianlong/Downloads//test/dbixwxtuxs.mp4,0,0.06990189
/home/tianlong/Downloads//test/cepqcoseaj.mp4,0,0.00048770208
/home/tianlong/Downloads//test/gypapuqdrx.mp4,0,0.9128717
/home/tianlong/Downloads//test/djhhnixfyi.mp4,0,0.27673852
/home/tianlong/Downloads//test/fkarxowzuf.mp4,0,0.9753136
/home/tianlong/Downloads//test/gfxnuidfgl.mp4,0,0.00061642844
/home/tianlong/Downloads//test/vsreebjsfs.mp4,0,0.0006592102
/home/tianlong/Downloads//test/manqchicur.mp4,0,0.00095171656
/home/tianlong/Downloads//test/gztffgsxpt.mp4,0,0.00058946916
/home/tianlong/Downloads//test/jdzkykqgsx.mp4,0,0.009341988
/home/tianlong/Downloads//test/cvbubcwkkl.mp4,0,0.0011279371
/home/tianlong/Downloads//test/bgqhldvsgc.mp4,0,0.009918567
/home/tianlong/Downloads//test/blqgpxokwq.mp4,0,0.0062561794
/home/tianlong/Downloads//test/cxvayntesu.mp4,0,0.0010164382
/home/tianlong/Downloads//test/dxepehnhgm.mp4,0,0.0017211706
/home/tianlong/Downloads//test/bcgjlsupne.mp4,0,0.0030703929
/home/tianlong/Downloads//test/uhynwthfhf.mp4,0,0.00066964683
/home/tianlong/Downloads//test/gocrdvihos.mp4,0,0.13624774
/home/tianlong/Downloads//test/gtyvtbojpp.mp4,0,0.10864805
/home/tianlong/Downloads//test/eqtwkqxolz.mp4,0,0.0038711391
/home/tianlong/Downloads//test/arwiyweadv.mp4,0,0.0020514736
/home/tianlong/Downloads//test/mlizcisxro.mp4,0,0.0008005789
/home/tianlong/Downloads//test/miiymgajty.mp4,0,0.0006032012
/home/tianlong/Downloads//test/ragjclplkx.mp4,0,0.00084307324
/home/tianlong/Downloads//test/wxrfuemtxj.mp4,0,0.14161457
/home/tianlong/Downloads//test/xxupwwukoh.mp4,0,0.053191733
/home/tianlong/Downloads//test/qdantvtdji.mp4,0,0.001054466
/home/tianlong/Downloads//test/oqehnuhbwa.mp4,0,0.040702876
/home/tianlong/Downloads//test/yzqbwkwxsn.mp4,0,0.00048173443
/home/tianlong/Downloads//test/osjaqtkkdt.mp4,0,0.000385718
/home/tianlong/Downloads//test/nthlmvjxac.mp4,0,0.0007801861
/home/tianlong/Downloads//test/dpegbdzijf.mp4,0,0.004091974
/home/tianlong/Downloads//test/ezgusylcyf.mp4,0,0.0004700968
/home/tianlong/Downloads//test/isxxybhuls.mp4,0,0.57272565
/home/tianlong/Downloads//test/dbqbwrcvjk.mp4,0,0.0013680161
/home/tianlong/Downloads//test/qqrvyhjznq.mp4,0,0.001816554
/home/tianlong/Downloads//test/ohdtmpzbtp.mp4,0,0.14737551
/home/tianlong/Downloads//test/oupztxzdln.mp4,0,0.0004837204
/home/tianlong/Downloads//test/snidpujjti.mp4,0,0.0018947934
/home/tianlong/Downloads//test/yoxdseoukl.mp4,0,0.00075790734
/home/tianlong/Downloads//test/bxsdnqizii.mp4,0,0.00064117473
/home/tianlong/Downloads//test/ihszkmcwvw.mp4,0,0.007064397
/home/tianlong/Downloads//test/rgrqhjtoby.mp4,0,0.001256183
/home/tianlong/Downloads//test/vqibhetnwa.mp4,0,0.19068138
/home/tianlong/Downloads//test/rkqqgwurqt.mp4,0,0.01858261
/home/tianlong/Downloads//test/axdepsfowg.mp4,0,0.0005251582
/home/tianlong/Downloads//test/dcpmipuapc.mp4,0,0.0053732404
/home/tianlong/Downloads//test/ncjqganhal.mp4,0,0.005014163
/home/tianlong/Downloads//test/qnbnlmpqpu.mp4,0,0.0006592068
/home/tianlong/Downloads//test/ieoervpooz.mp4,0,0.32097232
/home/tianlong/Downloads//test/fscyfygpyk.mp4,0,0.0018462341
/home/tianlong/Downloads//test/pitpjawwwp.mp4,0,0.0026080331
/home/tianlong/Downloads//test/geturetbpy.mp4,0,0.14578332
/home/tianlong/Downloads//test/kwsraaqime.mp4,0,0.061064266
/home/tianlong/Downloads//test/lhgoghqmub.mp4,0,0.3353218
/home/tianlong/Downloads//test/kdmonvkpqd.mp4,0,0.0034590482
/home/tianlong/Downloads//test/wrcelewmpa.mp4,0,0.0014163259
/home/tianlong/Downloads//test/bxqgvzamnx.mp4,0,0.0037749973
/home/tianlong/Downloads//test/nliofvksed.mp4,0,0.0011959295
/home/tianlong/Downloads//test/mwjnvghsbe.mp4,0,0.0006895373
/home/tianlong/Downloads//test/ygiscbckjl.mp4,0,0.00047736647
/home/tianlong/Downloads//test/wscclwhfsr.mp4,0,0.000981496
/home/tianlong/Downloads//test/hddminxrhw.mp4,0,0.00071369734
/home/tianlong/Downloads//test/ncrkggcdqp.mp4,0,0.0045130453
/home/tianlong/Downloads//test/xjinzawywt.mp4,0,0.04560109
/home/tianlong/Downloads//test/korrsqtkke.mp4,0,0.0010731719
/home/tianlong/Downloads//test/tskjnnvjsa.mp4,0,0.0029241838
/home/tianlong/Downloads//test/tyjxmknivy.mp4,0,0.0032961816
/home/tianlong/Downloads//test/qyvqrtscbk.mp4,0,0.00054218236
/home/tianlong/Downloads//test/kxnybtbpkl.mp4,0,0.0014682099
/home/tianlong/Downloads//test/wiqtkqwfsw.mp4,0,0.00083691685
/home/tianlong/Downloads//test/bevjclbhuo.mp4,0,0.00065218407
/home/tianlong/Downloads//test/shwulrbsfx.mp4,0,0.0019635165
/home/tianlong/Downloads//test/mohtuktaaq.mp4,0,0.0033498995
/home/tianlong/Downloads//test/fwsypadiom.mp4,0,0.001184839
/home/tianlong/Downloads//test/buywrbgfqy.mp4,0,0.0006098476
/home/tianlong/Downloads//test/bljpdykszf.mp4,0,0.0008605021
/home/tianlong/Downloads//test/ztxdkcoxvx.mp4,0,0.0031929126
/home/tianlong/Downloads//test/oqeoibjbim.mp4,0,0.0044594267
/home/tianlong/Downloads//test/szwhgmrrhm.mp4,0,0.19091304
/home/tianlong/Downloads//test/xnydmgdhum.mp4,0,0.0011004055
/home/tianlong/Downloads//test/fltaysfwct.mp4,0,0.0045103254
/home/tianlong/Downloads//test/akdvkdoyoh.mp4,0,0.00043070674
/home/tianlong/Downloads//test/ftfemkjnot.mp4,0,0.001895966
/home/tianlong/Downloads//test/gmbckelbzp.mp4,0,0.0015669448
/home/tianlong/Downloads//test/jjzveabagf.mp4,0,0.14964372
/home/tianlong/Downloads//test/dfqwasrdvq.mp4,0,0.0011473169
/home/tianlong/Downloads//test/diskzkrrph.mp4,0,0.00063662365
/home/tianlong/Downloads//test/jtwpwdqmxz.mp4,0,0.0023984953
/home/tianlong/Downloads//test/qivnumuetu.mp4,0,0.0013153515
/home/tianlong/Downloads//test/blmuzhjygg.mp4,0,0.00055597414
/home/tianlong/Downloads//test/sbxlfehzjc.mp4,0,0.8472919
/home/tianlong/Downloads//test/tcwhwssdnv.mp4,0,0.08220508
/home/tianlong/Downloads//test/bkbokyebco.mp4,0,0.06951964
/home/tianlong/Downloads//test/vojsghpebv.mp4,0,0.68063074
/home/tianlong/Downloads//test/opuhoerhxb.mp4,0,0.00072832446
/home/tianlong/Downloads//test/mmhdcoqsve.mp4,0,0.00420306
/home/tianlong/Downloads//test/ewxddjqzml.mp4,0,0.003764536
/home/tianlong/Downloads//test/dznchaiaqh.mp4,0,0.0016564762
/home/tianlong/Downloads//test/mloeefokyq.mp4,0,0.0023480856
/home/tianlong/Downloads//test/fgkpembbpv.mp4,0,0.0010039385
/home/tianlong/Downloads//test/orqafstesq.mp4,0,0.0023489324
/home/tianlong/Downloads//test/ckgabgjnca.mp4,0,0.0013546686
/home/tianlong/Downloads//test/iuvhrgckrt.mp4,0,0.7015609
/home/tianlong/Downloads//test/vlzwcejywm.mp4,0,0.020702796
/home/tianlong/Downloads//test/cpucjmfawf.mp4,0,0.0006026335
/home/tianlong/Downloads//test/ekvhyeycpr.mp4,0,0.0008884222
/home/tianlong/Downloads//test/tazlckybzu.mp4,0,0.0012455608
/home/tianlong/Downloads//test/clxgzkdgta.mp4,0,0.00064433564
/home/tianlong/Downloads//test/zlfbumxcxs.mp4,0,0.0008021287
/home/tianlong/Downloads//test/plhcceboag.mp4,0,0.0017046737
/home/tianlong/Downloads//test/extihvlsxg.mp4,0,0.0031348148
/home/tianlong/Downloads//test/olebnvxoyl.mp4,0,0.20460843
/home/tianlong/Downloads//test/opdqcwqxzy.mp4,0,0.0008421034
/home/tianlong/Downloads//test/stwaypekwh.mp4,0,0.020272283
/home/tianlong/Downloads//test/xogwctpikv.mp4,0,0.001220736
/home/tianlong/Downloads//test/cjiwxfwcit.mp4,0,0.3871277
/home/tianlong/Downloads//test/txshgvrava.mp4,0,0.0007424216
/home/tianlong/Downloads//test/ggpuxwhpri.mp4,0,0.0011532573
/home/tianlong/Downloads//test/jlxnzxtopm.mp4,0,0.0039497884
/home/tianlong/Downloads//test/thjugpbwcv.mp4,0,0.0005498698
/home/tianlong/Downloads//test/pkititkein.mp4,0,0.001890126
/home/tianlong/Downloads//test/hjiwmybauf.mp4,0,0.9058167
/home/tianlong/Downloads//test/efazuieysm.mp4,0,0.38796052
/home/tianlong/Downloads//test/tdzsgrdneg.mp4,0,0.0005583903
/home/tianlong/Downloads//test/mkxmvreoth.mp4,0,0.0016036029
/home/tianlong/Downloads//test/ofbjiuemkr.mp4,0,0.0009563745
/home/tianlong/Downloads//test/dogotzkdiw.mp4,0,0.0011660991
/home/tianlong/Downloads//test/qdmvzknbua.mp4,0,0.0026604445
/home/tianlong/Downloads//test/pnauelqbxq.mp4,0,0.08526278
/home/tianlong/Downloads//test/sytddqezij.mp4,0,0.006820465
/home/tianlong/Downloads//test/bhpddnqauc.mp4,0,0.0013224788
/home/tianlong/Downloads//test/imtkdzkypf.mp4,0,0.00048025214
/home/tianlong/Downloads//test/kbodjivgqu.mp4,0,0.04163665
/home/tianlong/Downloads//test/qtxraeaxeh.mp4,0,0.00097196037
/home/tianlong/Downloads//test/uaxmqpmswz.mp4,0,0.00047531346
/home/tianlong/Downloads//test/qlbapiibba.mp4,0,0.00673222
/home/tianlong/Downloads//test/mzurunkulx.mp4,0,0.0095024435
/home/tianlong/Downloads//test/aujoxrpddn.mp4,0,0.32186067
/home/tianlong/Downloads//test/ebenvuuxld.mp4,0,0.47880954
/home/tianlong/Downloads//test/fsfjlwwsen.mp4,0,0.88648164
/home/tianlong/Downloads//test/zwgaptzuqt.mp4,0,0.0035859172
/home/tianlong/Downloads//test/gldpafckwo.mp4,0,0.0063235443
/home/tianlong/Downloads//test/nvkzpexyzg.mp4,0,0.0018332212
/home/tianlong/Downloads//test/vnrmxwtsmf.mp4,0,0.0028817356
/home/tianlong/Downloads//test/hmofiqjzxe.mp4,0,0.004249398
/home/tianlong/Downloads//test/ucryyubbqk.mp4,0,0.00079838256
/home/tianlong/Downloads//test/gwqdrapybq.mp4,0,0.0006737833
/home/tianlong/Downloads//test/avttogwbyz.mp4,0,0.001417875
/home/tianlong/Downloads//test/hbmvxgonmq.mp4,0,0.0042750207
/home/tianlong/Downloads//test/gxxlbjuyza.mp4,0,0.034487605
/home/tianlong/Downloads//test/jhzozsurac.mp4,0,0.0007494507
/home/tianlong/Downloads//test/opyqudaics.mp4,0,0.0017906297
/home/tianlong/Downloads//test/vigbdgmudk.mp4,0,0.0013741716
/home/tianlong/Downloads//test/viidhkoxyv.mp4,0,0.0022255036
/home/tianlong/Downloads//test/dmpvbeyuqb.mp4,0,0.00043308514
/home/tianlong/Downloads//test/wgycqahjww.mp4,0,0.00062073756
/home/tianlong/Downloads//test/wwgmzeavbd.mp4,0,0.0052745943
/home/tianlong/Downloads//test/qtqyglbdem.mp4,0,0.012176586
/home/tianlong/Downloads//test/nqynuhnklk.mp4,0,0.049913168
/home/tianlong/Downloads//test/jygbqsigcr.mp4,0,0.017321387
/home/tianlong/Downloads//test/nsozqvhalr.mp4,0,0.0020538678
/home/tianlong/Downloads//test/yvmrwdyxby.mp4,0,0.96307427
/home/tianlong/Downloads//test/kvhbyuklfv.mp4,0,0.017497567
/home/tianlong/Downloads//test/iwnfvkmktq.mp4,0,0.0005680034
/home/tianlong/Downloads//test/qzfmctgxcs.mp4,0,0.0009102221
/home/tianlong/Downloads//test/vhipamioud.mp4,0,0.00058772083
/home/tianlong/Downloads//test/lmbvoxhowe.mp4,0,0.004494553
/home/tianlong/Downloads//test/ziqjamfzlv.mp4,0,0.001323139
/home/tianlong/Downloads//test/kqnwutdvpd.mp4,0,0.0009812402
/home/tianlong/Downloads//test/lucpbeexdk.mp4,0,0.0054510785
/home/tianlong/Downloads//test/pnotaniiuh.mp4,0,0.00041929536
/home/tianlong/Downloads//test/qohtjkzity.mp4,0,0.0010547368
/home/tianlong/Downloads//test/bkjhfcvsig.mp4,0,0.0005142245
/home/tianlong/Downloads//test/kpcrdurodw.mp4,0,0.0007540373
/home/tianlong/Downloads//test/nmphdbflzj.mp4,0,0.00086207694
/home/tianlong/Downloads//test/fmsxomanga.mp4,0,0.0006491195
/home/tianlong/Downloads//test/tgwpcoljin.mp4,0,0.0033028303
/home/tianlong/Downloads//test/foynwjsqeh.mp4,0,0.00096341287
/home/tianlong/Downloads//test/vdqritvjfl.mp4,0,0.00039617223
/home/tianlong/Downloads//test/egyemqrvna.mp4,0,0.82860833
/home/tianlong/Downloads//test/xrtmepdfyh.mp4,0,0.0019782851
/home/tianlong/Downloads//test/zfgjechdto.mp4,0,0.0054487213
/home/tianlong/Downloads//test/jujpqsrgll.mp4,0,0.0036369404
/home/tianlong/Downloads//test/iakzgqqova.mp4,0,0.00062588096
/home/tianlong/Downloads//test/fqdklzzkfj.mp4,0,0.00046388904
/home/tianlong/Downloads//test/dnfnxwbsoi.mp4,0,0.0014144757
/home/tianlong/Downloads//test/lynaeydofd.mp4,0,0.0016171141
/home/tianlong/Downloads//test/relrfifywa.mp4,0,0.0010802514
/home/tianlong/Downloads//test/imsacxixmv.mp4,0,0.028423803
/home/tianlong/Downloads//test/rfbwukxpye.mp4,0,0.036886122
/home/tianlong/Downloads//test/atixaudngu.mp4,0,0.0007903859
/home/tianlong/Downloads//test/tcychsyltm.mp4,0,0.026819281
/home/tianlong/Downloads//test/kifyfzqzjj.mp4,0,0.0003574162
/home/tianlong/Downloads//test/irjbukzjqt.mp4,0,0.00062255235
/home/tianlong/Downloads//test/jmkkbkvbjo.mp4,0,0.0005367911
/home/tianlong/Downloads//test/gflhlvhqyl.mp4,0,0.00045854994
/home/tianlong/Downloads//test/myebjqbxsl.mp4,0,0.00079375185
/home/tianlong/Downloads//test/mqeqiytluf.mp4,0,0.00047085292
/home/tianlong/Downloads//test/zbsjlcsetv.mp4,0,0.00065501244
/home/tianlong/Downloads//test/lzmxqxrruv.mp4,0,0.11119472
/home/tianlong/Downloads//test/neotrnwthu.mp4,0,0.0010828406
/home/tianlong/Downloads//test/vwigtbeivy.mp4,0,0.0029690177
/home/tianlong/Downloads//test/ldtscpryms.mp4,0,0.08738186
/home/tianlong/Downloads//test/sjgmmecazy.mp4,0,0.9658053
/home/tianlong/Downloads//test/jkrbsekajk.mp4,0,0.5497105
/home/tianlong/Downloads//test/iahzcxmuck.mp4,0,0.0005851511
/home/tianlong/Downloads//test/cteqlloxwu.mp4,0,0.0012961809
/home/tianlong/Downloads//test/pgqxsteufx.mp4,0,0.0022024645
/home/tianlong/Downloads//test/cmuzrrlaiy.mp4,1,0.0009368424
/home/tianlong/Downloads//test/jxeqhujuvh.mp4,1,0.0008155781
/home/tianlong/Downloads//test/ntaqujyzes.mp4,1,0.0010168023
/home/tianlong/Downloads//test/ghxzsygiou.mp4,1,0.97875655
/home/tianlong/Downloads//test/lvxzjwiklq.mp4,1,0.10713396
/home/tianlong/Downloads//test/wlyvvvjgnv.mp4,1,0.0008006209
/home/tianlong/Downloads//test/hexxuigzdl.mp4,1,0.699632
/home/tianlong/Downloads//test/zynrdvlrwv.mp4,1,0.0014399353
/home/tianlong/Downloads//test/kbvqzihgan.mp4,1,0.02181195
/home/tianlong/Downloads//test/razacdewcv.mp4,1,0.0033537578
/home/tianlong/Downloads//test/tjlrvidbxw.mp4,1,0.7651788
/home/tianlong/Downloads//test/gcbyurxhbz.mp4,1,0.0007994419
/home/tianlong/Downloads//test/xticvyqqjn.mp4,1,0.8188473
/home/tianlong/Downloads//test/gqpayiddqv.mp4,1,0.009060922
/home/tianlong/Downloads//test/zmrnjhfxed.mp4,1,0.00061756547
/home/tianlong/Downloads//test/slpxqmwuqm.mp4,1,0.06304417
/home/tianlong/Downloads//test/upwsvjdtgo.mp4,1,0.0010937949
/home/tianlong/Downloads//test/zpnjiswgdt.mp4,1,0.0007291381
/home/tianlong/Downloads//test/rayxtqfosv.mp4,1,0.001104807
/home/tianlong/Downloads//test/cfhoqpdzqb.mp4,1,0.0007557494
/home/tianlong/Downloads//test/okyufzgvay.mp4,1,0.0009824922
/home/tianlong/Downloads//test/wgyxtquovo.mp4,1,0.0011345008
/home/tianlong/Downloads//test/kicgvgukqs.mp4,1,0.00067000143
/home/tianlong/Downloads//test/aolhuwcdwv.mp4,1,0.0013954026
/home/tianlong/Downloads//test/clzcvdsuyp.mp4,1,0.0018767159
/home/tianlong/Downloads//test/jibhugdfbs.mp4,1,0.0007998633
/home/tianlong/Downloads//test/kfiszsbzob.mp4,1,0.6935858
/home/tianlong/Downloads//test/mgwtoqonaf.mp4,1,0.0011357962
/home/tianlong/Downloads//test/buzqmuifod.mp4,1,0.00080193
/home/tianlong/Downloads//test/bofmetrgfm.mp4,1,0.0017248368
/home/tianlong/Downloads//test/chlshvbday.mp4,1,0.009736449
/home/tianlong/Downloads//test/vxcjkgerao.mp4,1,0.00072690577
/home/tianlong/Downloads//test/qxwqqhruvz.mp4,1,0.0017201073
/home/tianlong/Downloads//test/hytdcdixlv.mp4,1,0.0007732899
/home/tianlong/Downloads//test/buejhiahpy.mp4,1,0.00185127
/home/tianlong/Downloads//test/omotodymgb.mp4,1,0.023494491
/home/tianlong/Downloads//test/gmcvyrferj.mp4,1,0.0013039229
/home/tianlong/Downloads//test/ycoaclsdov.mp4,1,0.0016179996
/home/tianlong/Downloads//test/scaljzcpcf.mp4,1,0.011183788
/home/tianlong/Downloads//test/uhbxhharht.mp4,1,0.1025502
/home/tianlong/Downloads//test/tmmakbzbqw.mp4,1,0.00042601145
/home/tianlong/Downloads//test/mvfvefsgik.mp4,1,0.00057731924
/home/tianlong/Downloads//test/inesnaprwm.mp4,1,0.0038406518
/home/tianlong/Downloads//test/qqxelyjmmw.mp4,1,0.0038626369
/home/tianlong/Downloads//test/dllkubdbbd.mp4,1,0.48595965
/home/tianlong/Downloads//test/ttnajmkchw.mp4,1,0.0012812372
/home/tianlong/Downloads//test/kaffwaiexj.mp4,1,0.0037967365
/home/tianlong/Downloads//test/dpfuqzdtrs.mp4,1,0.0008452796
/home/tianlong/Downloads//test/hfvexodpht.mp4,1,0.0006231872
/home/tianlong/Downloads//test/vmxjsdkuju.mp4,1,0.0007924945
/home/tianlong/Downloads//test/afaxsgqksm.mp4,1,0.0023726984
/home/tianlong/Downloads//test/pgkipgmpgm.mp4,1,0.0007756922
/home/tianlong/Downloads//test/ltkesswcyn.mp4,1,0.011606182
/home/tianlong/Downloads//test/dffkcrccsj.mp4,1,0.000995606
/home/tianlong/Downloads//test/svtnilogao.mp4,1,0.0025068626
/home/tianlong/Downloads//test/bzobkqewtt.mp4,1,0.000622953
/home/tianlong/Downloads//test/vemnbnqoqk.mp4,1,0.02827135
/home/tianlong/Downloads//test/nobrvdftmd.mp4,1,0.00094364886
/home/tianlong/Downloads//test/qepgiaxgpc.mp4,1,0.4792437
/home/tianlong/Downloads//test/bogjubshbr.mp4,1,0.0008990181
/home/tianlong/Downloads//test/uyoqozgdcy.mp4,1,0.0013379998
/home/tianlong/Downloads//test/cvmmtklgst.mp4,1,0.8884992
/home/tianlong/Downloads//test/qharxzhzpl.mp4,1,0.84572613
/home/tianlong/Downloads//test/sprejlmapw.mp4,1,0.0013136406
/home/tianlong/Downloads//test/crzrsezocr.mp4,1,0.003390948
/home/tianlong/Downloads//test/wyqhadmmcy.mp4,1,0.0038180419
/home/tianlong/Downloads//test/jrjxehotww.mp4,1,0.00042895362
/home/tianlong/Downloads//test/xctpdujlok.mp4,1,0.00081062794
/home/tianlong/Downloads//test/hfspenqmpw.mp4,1,0.00081905874
/home/tianlong/Downloads//test/jkfukzcjxd.mp4,1,0.0008276093
/home/tianlong/Downloads//test/knafngkgen.mp4,1,0.00052357005
/home/tianlong/Downloads//test/tswmtnhfmn.mp4,1,0.0011493351
/home/tianlong/Downloads//test/qoasfzksgo.mp4,1,0.85002124
/home/tianlong/Downloads//test/hnrzuoqnkz.mp4,1,0.00084161636
/home/tianlong/Downloads//test/nussrkyuzy.mp4,1,0.0007811331
/home/tianlong/Downloads//test/ciwzwmlyxz.mp4,1,0.000644129
/home/tianlong/Downloads//test/dbauiiupef.mp4,1,0.000912004
/home/tianlong/Downloads//test/ywxfnlxtjg.mp4,1,0.002546168
/home/tianlong/Downloads//test/pryqgrbtnu.mp4,1,0.0006079577
/home/tianlong/Downloads//test/mbjpaydogy.mp4,1,0.005296523
/home/tianlong/Downloads//test/ihdopxhysr.mp4,1,0.010687419
/home/tianlong/Downloads//test/rgasvymjrj.mp4,1,0.0014713578
/home/tianlong/Downloads//test/eclpgjjies.mp4,1,0.0008111065
/home/tianlong/Downloads//test/kxptuwngop.mp4,1,0.013570184
/home/tianlong/Downloads//test/uaqvffouxp.mp4,1,0.0014715189
/home/tianlong/Downloads//test/xvqzzgoabm.mp4,1,0.0011079705
/home/tianlong/Downloads//test/tkgbjtcxyl.mp4,1,0.9527497
/home/tianlong/Downloads//test/xlnaxrwvcx.mp4,1,0.0005487671
/home/tianlong/Downloads//test/kphfzaullq.mp4,1,0.37241158
/home/tianlong/Downloads//test/rkezgzxnoo.mp4,1,0.00054497033
/home/tianlong/Downloads//test/fromclsodq.mp4,1,0.0007475808
/home/tianlong/Downloads//test/nrscfrjxpb.mp4,1,0.00042331353
/home/tianlong/Downloads//test/ygobagrhmg.mp4,1,0.0015217656
/home/tianlong/Downloads//test/hisfrixnbu.mp4,1,0.723903
/home/tianlong/Downloads//test/duzueyonao.mp4,1,0.0016361573
/home/tianlong/Downloads//test/gkknsyqbnz.mp4,1,0.0007287984
/home/tianlong/Downloads//test/tmgdrjjalz.mp4,1,0.0010189489
/home/tianlong/Downloads//test/iajblozgtx.mp4,1,0.00047509331
/home/tianlong/Downloads//test/ahkcchuwqq.mp4,1,0.0013084419
/home/tianlong/Downloads//test/zmfiveruie.mp4,1,0.003020145
/home/tianlong/Downloads//test/xptgnpgfkn.mp4,1,0.00078582246
/home/tianlong/Downloads//test/aebhowazav.mp4,1,0.012825318
/home/tianlong/Downloads//test/geulcwvfuy.mp4,1,0.0011802476
/home/tianlong/Downloads//test/glzyifzrql.mp4,1,0.0009019859
/home/tianlong/Downloads//test/wvmrsucbsq.mp4,1,0.9751015
/home/tianlong/Downloads//test/moetggyxsc.mp4,1,0.00092498946
/home/tianlong/Downloads//test/jfvnwpcjrm.mp4,1,0.0013841195
/home/tianlong/Downloads//test/kaggpclkjm.mp4,1,0.5135761
/home/tianlong/Downloads//test/nacldwtuwp.mp4,1,0.0015831476
/home/tianlong/Downloads//test/upwyvqbjlq.mp4,1,0.0014437971
/home/tianlong/Downloads//test/tdmyjvptzv.mp4,1,0.84939706
/home/tianlong/Downloads//test/fzurflflwv.mp4,1,0.0020308478
/home/tianlong/Downloads//test/aakjukgjme.mp4,1,0.0007027013
/home/tianlong/Downloads//test/ypepsyuwmo.mp4,1,0.0007567129
/home/tianlong/Downloads//test/qxhyhhkywc.mp4,1,0.0012285934
/home/tianlong/Downloads//test/iqvfopywpa.mp4,1,0.0008813597
/home/tianlong/Downloads//test/xfncslssic.mp4,1,0.00090619136
/home/tianlong/Downloads//test/jesstfspwv.mp4,1,0.0029243284
/home/tianlong/Downloads//test/xiraodtgnt.mp4,1,0.0016150991
/home/tianlong/Downloads//test/xeuzubpylq.mp4,1,0.0014860443
/home/tianlong/Downloads//test/xszpbtciwo.mp4,1,0.00065202813
/home/tianlong/Downloads//test/fkksbgaibl.mp4,1,0.003313583
/home/tianlong/Downloads//test/ntqzfgmhnj.mp4,1,0.00041245704
/home/tianlong/Downloads//test/bizbjxafzr.mp4,1,0.001519161
/home/tianlong/Downloads//test/bxfwiuvafo.mp4,1,0.7353464
/home/tianlong/Downloads//test/jfcglbovmo.mp4,1,0.8522838
/home/tianlong/Downloads//test/odidbykbar.mp4,1,0.0032188306
/home/tianlong/Downloads//test/qarbtmjwhm.mp4,1,0.0017984237
/home/tianlong/Downloads//test/jeierullea.mp4,1,0.018040799
/home/tianlong/Downloads//test/lrckqkzekj.mp4,1,0.0050814613
/home/tianlong/Downloads//test/riizlqngim.mp4,1,0.0013286107
/home/tianlong/Downloads//test/lmcnonfhgz.mp4,1,0.021482905
/home/tianlong/Downloads//test/lkhszpabzv.mp4,1,0.001002961
/home/tianlong/Downloads//test/njqbwiajss.mp4,1,0.00063321175
/home/tianlong/Downloads//test/ksqybmrwyg.mp4,1,0.0011124028
/home/tianlong/Downloads//test/dxphlwcvan.mp4,1,0.0022090909
/home/tianlong/Downloads//test/dgjssccxhx.mp4,1,0.5270305
/home/tianlong/Downloads//test/sbfxzmhzyv.mp4,1,0.00085529365
/home/tianlong/Downloads//test/rlvgpdrgvi.mp4,1,0.0053774677
/home/tianlong/Downloads//test/uzdmxmfcqe.mp4,1,0.0013383465
/home/tianlong/Downloads//test/afixxjdxef.mp4,1,0.16717568
/home/tianlong/Downloads//test/fwvxtssltw.mp4,1,0.00095708057
/home/tianlong/Downloads//test/jyzlvivrmr.mp4,1,0.0026910703
/home/tianlong/Downloads//test/byavookkdu.mp4,1,0.0033256835
/home/tianlong/Downloads//test/agyawnxlmv.mp4,1,0.023461048
/home/tianlong/Downloads//test/zjoonppreb.mp4,1,0.0008851759
/home/tianlong/Downloads//test/sjzwpqupnm.mp4,1,0.036470167
/home/tianlong/Downloads//test/pobrnbspcf.mp4,1,0.0011079853
/home/tianlong/Downloads//test/qdkpphviay.mp4,1,0.0015428036
/home/tianlong/Downloads//test/nbyaxzmueg.mp4,1,0.0007181358
/home/tianlong/Downloads//test/vfszaqentw.mp4,1,0.0018707775
/home/tianlong/Downloads//test/fosovipqkg.mp4,1,0.0064238952
/home/tianlong/Downloads//test/grwcxofqrx.mp4,1,0.07382389
/home/tianlong/Downloads//test/koqxhnmkjl.mp4,1,0.111936584
/home/tianlong/Downloads//test/xkukyjokbg.mp4,1,0.7888017
/home/tianlong/Downloads//test/fmnzbwtjep.mp4,1,0.0011402887
/home/tianlong/Downloads//test/aruyyclubn.mp4,1,0.0020069783
/home/tianlong/Downloads//test/eluhuvocwr.mp4,1,0.0018380607
/home/tianlong/Downloads//test/iiwffwiyrg.mp4,1,0.0011505065
/home/tianlong/Downloads//test/fsbabrxhqy.mp4,1,0.016675193
/home/tianlong/Downloads//test/ymqadbkafj.mp4,1,0.00094452733
/home/tianlong/Downloads//test/nptmqvfuhz.mp4,1,0.10379058
/home/tianlong/Downloads//test/usjnlahlcj.mp4,1,0.6973769
/home/tianlong/Downloads//test/hbozjjcafn.mp4,1,0.0068944907
/home/tianlong/Downloads//test/cizxmeztny.mp4,1,0.0052227434
/home/tianlong/Downloads//test/syxlmynhsi.mp4,1,0.47178712
/home/tianlong/Downloads//test/ezadehoecy.mp4,1,0.0013313834
/home/tianlong/Downloads//test/fpliemtlco.mp4,1,0.0039562243
/home/tianlong/Downloads//test/arflgfcnkg.mp4,1,0.17163934
/home/tianlong/Downloads//test/occelhylxf.mp4,1,0.0006958632
/home/tianlong/Downloads//test/uqntkvpntd.mp4,1,0.010372811
/home/tianlong/Downloads//test/iatevqworc.mp4,1,0.015934885
/home/tianlong/Downloads//test/xzsmgydcub.mp4,1,0.014906552
/home/tianlong/Downloads//test/qbffpkpmkf.mp4,1,0.7949637
/home/tianlong/Downloads//test/pzbpgfmroj.mp4,1,0.010405796
/home/tianlong/Downloads//test/oundixpyst.mp4,1,0.005705071
/home/tianlong/Downloads//test/hnxhwfttpy.mp4,1,0.00092390476
/home/tianlong/Downloads//test/rdjwlvvwtv.mp4,1,0.0008609905
/home/tianlong/Downloads//test/tcmstiljkk.mp4,1,0.029466791
/home/tianlong/Downloads//test/qbfdtumuct.mp4,1,0.00078430685
/home/tianlong/Downloads//test/mxnquwuszt.mp4,1,0.07076765
/home/tianlong/Downloads//test/sjooumwlzb.mp4,1,0.0012254898
/home/tianlong/Downloads//test/twhwouycfg.mp4,1,0.0070733335
/home/tianlong/Downloads//test/wytpaehszj.mp4,1,0.05511214
/home/tianlong/Downloads//test/srtwhbzzlr.mp4,1,0.0018335824
/home/tianlong/Downloads//test/jqjfpkuckf.mp4,1,0.00254684
/home/tianlong/Downloads//test/yxjjfaekev.mp4,1,0.001365468
/home/tianlong/Downloads//test/cyokqrzbol.mp4,1,0.0021637224
/home/tianlong/Downloads//test/mtilpvablx.mp4,1,0.0010766622
/home/tianlong/Downloads//test/njwsmltmvb.mp4,1,0.0007308728
/home/tianlong/Downloads//test/xkksfulade.mp4,1,0.0074634235
/home/tianlong/Downloads//test/dtfgsvfmjq.mp4,1,0.009380362
/home/tianlong/Downloads//test/onaewxqqkd.mp4,1,0.0011956675
/home/tianlong/Downloads//test/pazpnfrbbc.mp4,1,0.18468377
/home/tianlong/Downloads//test/kgowzoxjfq.mp4,1,0.23221447
/home/tianlong/Downloads//test/ltdwtgrads.mp4,1,0.5321215
/home/tianlong/Downloads//test/znistrajpw.mp4,1,0.07073329
/home/tianlong/Downloads//test/yfhzmfhojv.mp4,1,0.00059822906
/home/tianlong/Downloads//test/spkorcenyh.mp4,1,0.027773611
/home/tianlong/Downloads//test/axopbbxwzr.mp4,1,0.000694055
/home/tianlong/Downloads//test/hxrruqinnh.mp4,1,0.637994
/home/tianlong/Downloads//test/tkaybnjwhg.mp4,1,0.10857589
/home/tianlong/Downloads//test/lhwwhjhyqx.mp4,1,0.00080752553
/home/tianlong/Downloads//test/btxjufhiaz.mp4,1,0.0031015864
/home/tianlong/Downloads//test/dnhaskulaj.mp4,1,0.0010443741
/home/tianlong/Downloads//test/vxqofldgze.mp4,1,0.0012113751
/home/tianlong/Downloads//test/ddjzmyabyu.mp4,1,0.0013940379
/home/tianlong/Downloads//test/mgahaaogif.mp4,1,0.004288507
/home/tianlong/Downloads//test/ktmdpragph.mp4,1,0.00056275364
/home/tianlong/Downloads//test/xazdhdnwhh.mp4,1,0.00075040513
/home/tianlong/Downloads//test/qnslgeajnt.mp4,1,0.00057346415
/home/tianlong/Downloads//test/sivrgbsaog.mp4,1,0.4350903
/home/tianlong/Downloads//test/uzmuovkewv.mp4,1,0.0018789236
/home/tianlong/Downloads//test/tvazrcdkpq.mp4,1,0.0020536636
/home/tianlong/Downloads//test/jbatiwjmzh.mp4,1,0.008466532
/home/tianlong/Downloads//test/hmiylncrva.mp4,1,0.0010916782
/home/tianlong/Downloads//test/uxkojffbsr.mp4,1,0.001618032
/home/tianlong/Downloads//test/crbcrxqftw.mp4,1,0.0024797313
/home/tianlong/Downloads//test/yermnsnlgf.mp4,1,0.00170419
/home/tianlong/Downloads//test/gipcvghjiy.mp4,1,0.004397866
/home/tianlong/Downloads//test/iwcfxyoimw.mp4,1,0.0015273533
/home/tianlong/Downloads//test/kozaofkgvk.mp4,1,0.0010486736
/home/tianlong/Downloads//test/xlgevjtsog.mp4,1,0.023695588
/home/tianlong/Downloads//test/bpjkimtqtz.mp4,1,0.00056961196
/home/tianlong/Downloads//test/pdnwaekrtn.mp4,1,0.001503061
/home/tianlong/Downloads//test/toxsrzsksc.mp4,1,0.0010146202
/home/tianlong/Downloads//test/oejfypsbfh.mp4,1,0.06901838
/home/tianlong/Downloads//test/hwyuwbnszo.mp4,1,0.0012151193
/home/tianlong/Downloads//test/acgyspwyqr.mp4,1,0.00058934616
/home/tianlong/Downloads//test/oitcqmvnsa.mp4,1,0.6551112
/home/tianlong/Downloads//test/pdqqkuclvd.mp4,1,0.0007655137
/home/tianlong/Downloads//test/slsyjvgfpu.mp4,1,0.34817314
/home/tianlong/Downloads//test/xmdfnldfyc.mp4,1,0.015903465
/home/tianlong/Downloads//test/ynkzlkahux.mp4,1,0.0009533069
/home/tianlong/Downloads//test/szjbkskyph.mp4,1,0.017107915
/home/tianlong/Downloads//test/yyiiywtiry.mp4,1,0.0033774197
/home/tianlong/Downloads//test/crvotfojeq.mp4,1,0.0008716546
/home/tianlong/Downloads//test/rsqblsfgli.mp4,1,0.00061929453
/home/tianlong/Downloads//test/becqadbtkb.mp4,1,0.00086703495
/home/tianlong/Downloads//test/afqaubpglg.mp4,1,0.0004248714
/home/tianlong/Downloads//test/pwplooonzr.mp4,1,0.0027311316
/home/tianlong/Downloads//test/vjegxiyvla.mp4,1,0.0009815324
/home/tianlong/Downloads//test/jbwtbfbdko.mp4,1,0.0029377814
/home/tianlong/Downloads//test/toggbitvfd.mp4,1,0.005604647
/home/tianlong/Downloads//test/xpfhawmzbe.mp4,1,0.0051358063
/home/tianlong/Downloads//test/kjwdinzplo.mp4,1,0.0012825314
/home/tianlong/Downloads//test/jrkdzpijpb.mp4,1,0.036422845
/home/tianlong/Downloads//test/lbnuxynggy.mp4,1,0.0015164267
/home/tianlong/Downloads//test/iorrylopzn.mp4,1,0.01587476
/home/tianlong/Downloads//test/yasxapunrf.mp4,1,0.0017496628
/home/tianlong/Downloads//test/suohrphvbe.mp4,1,0.00050326844
/home/tianlong/Downloads//test/salsuwvckq.mp4,1,0.001718541
/home/tianlong/Downloads//test/eclnowceyi.mp4,1,0.0012833232
/home/tianlong/Downloads//test/wvtymfvbwq.mp4,1,0.003167159
/home/tianlong/Downloads//test/rsjhmrvdwg.mp4,1,0.0012490329
/home/tianlong/Downloads//test/qtvhpmoukj.mp4,1,0.002121723
/home/tianlong/Downloads//test/svqkfjfucw.mp4,1,0.04416997
/home/tianlong/Downloads//test/jdlqmnhuix.mp4,1,0.048257824
/home/tianlong/Downloads//test/ltmkgkppwx.mp4,1,0.0007822799
/home/tianlong/Downloads//test/zaoyocjkgw.mp4,1,0.00046725385
/home/tianlong/Downloads//test/vgrhobnbfo.mp4,1,0.00059707015
/home/tianlong/Downloads//test/eeeuzozcdc.mp4,1,0.0017919266
/home/tianlong/Downloads//test/ikgxqbhmlv.mp4,1,0.002487972
/home/tianlong/Downloads//test/zyeakowujw.mp4,1,0.00071342406
/home/tianlong/Downloads//test/uerapqglmr.mp4,1,0.76626885
/home/tianlong/Downloads//test/fmuncwjpej.mp4,1,0.002322146
/home/tianlong/Downloads//test/xllzvdxwiv.mp4,1,0.0013794702
/home/tianlong/Downloads//test/giuymhlbyo.mp4,1,0.0013332195
/home/tianlong/Downloads//test/bubbmjnmge.mp4,1,0.0035384928
/home/tianlong/Downloads//test/qwqefbalkv.mp4,1,0.0012796749
/home/tianlong/Downloads//test/aupsxowdcp.mp4,1,0.003853015
/home/tianlong/Downloads//test/apjovfzzft.mp4,1,0.0022713535
/home/tianlong/Downloads//test/yjbnaqwxyf.mp4,1,0.0027050413
/home/tianlong/Downloads//test/dajlkmlvch.mp4,1,0.0005654915
/home/tianlong/Downloads//test/egwzzhemvk.mp4,1,0.0022463547
/home/tianlong/Downloads//test/vlhrgeyvqy.mp4,1,0.029333064
/home/tianlong/Downloads//test/vpolvvzwsw.mp4,1,0.0012090005
/home/tianlong/Downloads//test/ddkcxrncmq.mp4,1,0.00090215524
/home/tianlong/Downloads//test/fncnobpzzx.mp4,1,0.00046163227
/home/tianlong/Downloads//test/lhayhvqjmg.mp4,1,0.07683693
/home/tianlong/Downloads//test/yboofyemks.mp4,1,0.0008055857
/home/tianlong/Downloads//test/wzkovvmdkq.mp4,1,0.06225798
/home/tianlong/Downloads//test/axxldpmbat.mp4,1,0.0019848023
/home/tianlong/Downloads//test/piovymzozl.mp4,1,0.000971621
/home/tianlong/Downloads//test/ymjrnwsjxt.mp4,1,0.0015337938
/home/tianlong/Downloads//test/jfxroglrst.mp4,1,0.0006289911
/home/tianlong/Downloads//test/qzyaijdbfe.mp4,1,0.98568743
/home/tianlong/Downloads//test/gzwzxbtkpd.mp4,1,0.0022182907
/home/tianlong/Downloads//test/bgssriyozb.mp4,1,0.0007215789
/home/tianlong/Downloads//test/wqtraebanl.mp4,1,0.4388279
/home/tianlong/Downloads//test/lovkthgavz.mp4,1,0.0009296856
/home/tianlong/Downloads//test/vpgjaoyvir.mp4,1,0.0010630757
/home/tianlong/Downloads//test/btlqqvfuck.mp4,1,0.0005110192
/home/tianlong/Downloads//test/zzxidpsxmv.mp4,1,0.000600934
/home/tianlong/Downloads//test/qzuhjrhozy.mp4,1,0.0010754152
/home/tianlong/Downloads//test/rtuaxyuvqs.mp4,1,0.0034980555
/home/tianlong/Downloads//test/vybbullejj.mp4,1,0.0006031472
/home/tianlong/Downloads//test/lblweiecpx.mp4,1,0.04948723
/home/tianlong/Downloads//test/qkchcuiljp.mp4,1,0.0018576945
/home/tianlong/Downloads//test/roivdutkrz.mp4,1,0.0022576367
/home/tianlong/Downloads//test/rziziscker.mp4,1,0.0006370403
/home/tianlong/Downloads//test/zsdmgllhck.mp4,1,0.0010075882
/home/tianlong/Downloads//test/kpkzqbpivj.mp4,1,0.53049546
/home/tianlong/Downloads//test/tgkjhdyxww.mp4,1,0.001529956
/home/tianlong/Downloads//test/zubaiztkag.mp4,1,0.00069482176
/home/tianlong/Downloads//test/figxvsdmsb.mp4,1,0.002519814
/home/tianlong/Downloads//test/enzlliylet.mp4,1,0.47847039
/home/tianlong/Downloads//test/acekgkqgdg.mp4,1,0.004622924
/home/tianlong/Downloads//test/ljrikjsgis.mp4,1,0.04647326
/home/tianlong/Downloads//test/vawotznxqn.mp4,1,0.0013883467
/home/tianlong/Downloads//test/jsqtbnxnpb.mp4,1,0.00222553
/home/tianlong/Downloads//test/yibeqxcadd.mp4,1,0.9628109
/home/tianlong/Downloads//test/zvgekhyszq.mp4,1,0.00054896326
/home/tianlong/Downloads//test/luisdnrumh.mp4,1,0.9525911
/home/tianlong/Downloads//test/xffjesgeey.mp4,1,0.0005647547
/home/tianlong/Downloads//test/haesrhzukc.mp4,1,0.6319841
/home/tianlong/Downloads//test/uwccodyhgh.mp4,1,0.0029777933
/home/tianlong/Downloads//test/msdtzpmmae.mp4,1,0.00065325154
/home/tianlong/Downloads//test/zgiypcmpic.mp4,1,0.0016703956
/home/tianlong/Downloads//test/olkcmrmvbh.mp4,1,0.0026001215
/home/tianlong/Downloads//test/kiffbbtjfe.mp4,1,0.3165902
/home/tianlong/Downloads//test/junzzlnlfw.mp4,1,0.0023448071
/home/tianlong/Downloads//test/qkgicklwyn.mp4,1,0.001059853
/home/tianlong/Downloads//test/wluigkzjdl.mp4,1,0.0011211177
/home/tianlong/Downloads//test/rsnrcisldc.mp4,1,0.06451868
/home/tianlong/Downloads//test/asiuftijhs.mp4,1,0.0012486356
/home/tianlong/Downloads//test/yjloopcthi.mp4,1,0.0019402917
/home/tianlong/Downloads//test/tzzwqaxtrk.mp4,1,0.01573203
/home/tianlong/Downloads//test/tmfvsxrxnk.mp4,1,0.00067046075
/home/tianlong/Downloads//test/dlsdmdraln.mp4,1,0.001108688
/home/tianlong/Downloads//test/rkygzeyegz.mp4,1,0.0022909467
/home/tianlong/Downloads//test/truremwrti.mp4,1,0.0008264926
/home/tianlong/Downloads//test/depcrcqwai.mp4,1,0.34684655
/home/tianlong/Downloads//test/jovohczybs.mp4,1,0.0023054485
/home/tianlong/Downloads//test/udcpjfvqro.mp4,1,0.00041832405
/home/tianlong/Downloads//test/yxlkovjssa.mp4,1,0.7268345
/home/tianlong/Downloads//test/trltdpitif.mp4,1,0.0024554164
/home/tianlong/Downloads//test/hwufwjdaai.mp4,1,0.010285966
/home/tianlong/Downloads//test/vgfxjwupga.mp4,1,0.0010400702
/home/tianlong/Downloads//test/jejjcsijvc.mp4,1,0.00371629
/home/tianlong/Downloads//test/yjpfhrfyfn.mp4,1,0.0019681521
/home/tianlong/Downloads//test/izyqqybmcq.mp4,1,0.00054181815
/home/tianlong/Downloads//test/xjnflcfxhn.mp4,1,0.004100447
/home/tianlong/Downloads//test/zidsbdilrm.mp4,1,0.0005276129
/home/tianlong/Downloads//test/lepqvhstws.mp4,1,0.23149976
/home/tianlong/Downloads//test/eabghyltka.mp4,1,0.0038462894
/home/tianlong/Downloads//test/qxgwcsugvd.mp4,1,0.0015599473
/home/tianlong/Downloads//test/oitqddnspw.mp4,1,0.0007027954
/home/tianlong/Downloads//test/jiddesrgoi.mp4,1,0.980401
/home/tianlong/Downloads//test/whsqzlklam.mp4,1,0.00077247375
/home/tianlong/Downloads//test/hwspklkjol.mp4,1,0.009048895
/home/tianlong/Downloads//test/mgxdtegobh.mp4,1,0.0012494124
/home/tianlong/Downloads//test/dkvxzocpnx.mp4,1,0.0017438176
/home/tianlong/Downloads//test/zxjiwvyzbs.mp4,1,0.0011206373
/home/tianlong/Downloads//test/qysxqoredd.mp4,1,0.0010211573
/home/tianlong/Downloads//test/angqjpzdts.mp4,1,0.002683468
/home/tianlong/Downloads//test/slbhiftdwk.mp4,1,0.00084168935
/home/tianlong/Downloads//test/ctsjalmkpx.mp4,1,0.0005804238
/home/tianlong/Downloads//test/jrwqouwlzc.mp4,1,0.8108367
/home/tianlong/Downloads//test/vcqcervdzi.mp4,1,0.0018021916
/home/tianlong/Downloads//test/mxczokbutl.mp4,1,0.0005576876
/home/tianlong/Downloads//test/qawqquinvi.mp4,1,0.0008359717
/home/tianlong/Downloads//test/cqiyijvrcj.mp4,1,0.0011777247
/home/tianlong/Downloads//test/wypdykzzma.mp4,1,0.722336
/home/tianlong/Downloads//test/zdurkznxhi.mp4,1,0.00059309084
/home/tianlong/Downloads//test/llwjpzzrur.mp4,1,0.0007784913
/home/tianlong/Downloads//test/stmqpsakem.mp4,1,0.000870389
/home/tianlong/Downloads//test/hqfxruqynj.mp4,1,0.7150075
/home/tianlong/Downloads//test/cotxffvovx.mp4,1,0.0006271648
/home/tianlong/Downloads//test/yiwyejujhz.mp4,1,0.0011696835
/home/tianlong/Downloads//test/azkhkminwu.mp4,1,0.4192474
/home/tianlong/Downloads//test/yoicqcpxgm.mp4,1,0.6215196
/home/tianlong/Downloads//test/kcpamicxjs.mp4,1,0.0009027842
/home/tianlong/Downloads//test/mbnvlpwewk.mp4,1,0.0077455807
/home/tianlong/Downloads//test/wjqdwzowcg.mp4,1,0.0015895928
/home/tianlong/Downloads//test/vqtspwkgwe.mp4,1,0.76979494
/home/tianlong/Downloads//test/rurhyzsnyi.mp4,1,0.014608702
/home/tianlong/Downloads//test/sipuxpudya.mp4,1,0.00076691195
/home/tianlong/Downloads//test/scchmtbzar.mp4,1,0.0019079327
/home/tianlong/Downloads//test/qyhlzalxzm.mp4,1,0.0018688082
/home/tianlong/Downloads//test/ektrtuwidv.mp4,1,0.001563319
/home/tianlong/Downloads//test/scbfkrlytb.mp4,1,0.029016372
/home/tianlong/Downloads//test/kxnsmwhqtl.mp4,1,0.0011570278
/home/tianlong/Downloads//test/fiayeurvwb.mp4,1,0.0023862761
/home/tianlong/Downloads//test/xpuntxtdbs.mp4,1,0.0016469902
/home/tianlong/Downloads//test/edvyxmzpoy.mp4,1,0.87547666
/home/tianlong/Downloads//test/thnywrwayf.mp4,1,0.007800938
/home/tianlong/Downloads//test/xojauzdavy.mp4,1,0.64419925
/home/tianlong/Downloads//test/kaajaxzivt.mp4,1,0.06485607
/home/tianlong/Downloads//test/fmvdkhucsz.mp4,1,0.00081454514
/home/tianlong/Downloads//test/mdkqmouddq.mp4,1,0.011607845
/home/tianlong/Downloads//test/ehtvcnlsfl.mp4,1,0.14152905
/home/tianlong/Downloads//test/iizsrcugyd.mp4,1,0.30124435
/home/tianlong/Downloads//test/hurlxdpsxl.mp4,1,0.00093037507
/home/tianlong/Downloads//test/rvfhfbutlx.mp4,1,0.0010198638
/home/tianlong/Downloads//test/ycxkcnwrbw.mp4,1,0.00081430806
/home/tianlong/Downloads//test/jrmgqzgcmj.mp4,1,0.056847654
/home/tianlong/Downloads//test/cinrseylyp.mp4,1,0.0025102024
/home/tianlong/Downloads//test/uhvmrfksax.mp4,1,0.33196294
/home/tianlong/Downloads//test/djjdzsivvi.mp4,1,0.0039044172
/home/tianlong/Downloads//test/pmulgdcejl.mp4,1,0.0009065264
/home/tianlong/Downloads//test/ngvbaolyub.mp4,1,0.0030509953
/home/tianlong/Downloads//test/kpyyjmxmoj.mp4,1,0.0008934035
/home/tianlong/Downloads//test/xhizcimlzp.mp4,1,0.0006645857
/home/tianlong/Downloads//test/ulygywporv.mp4,1,0.0006856753
/home/tianlong/Downloads//test/psunkvudmg.mp4,1,0.0024634746
/home/tianlong/Downloads//test/ctarrlrgdy.mp4,1,0.000759469
/home/tianlong/Downloads//test/hdzygqltzu.mp4,1,0.008579473
/home/tianlong/Downloads//test/rvtfddfweu.mp4,1,0.014613918
/home/tianlong/Downloads//test/kaeouvuasm.mp4,1,0.0014241732
/home/tianlong/Downloads//test/rzivzpozjr.mp4,1,0.00073673704
/home/tianlong/Downloads//test/stfqbsbvfy.mp4,1,0.0009381531
/home/tianlong/Downloads//test/qbhoufagsa.mp4,1,0.00039500638
/home/tianlong/Downloads//test/xycfzkbnhy.mp4,1,0.0007615322
/home/tianlong/Downloads//test/zudnvkagjk.mp4,1,0.0009948569
/home/tianlong/Downloads//test/feaqnlczwc.mp4,1,0.000544351
/home/tianlong/Downloads//test/rqviqcsbzw.mp4,1,0.0021407348
/home/tianlong/Downloads//test/dhfcwchsir.mp4,1,0.000873235
/home/tianlong/Downloads//test/cglpyitrzw.mp4,1,0.0042048465
/home/tianlong/Downloads//test/yjypqyrhyi.mp4,1,0.00089437823
/home/tianlong/Downloads//test/fokuimoqkh.mp4,1,0.0013409186
/home/tianlong/Downloads//test/xzouvgiqha.mp4,1,0.0016669387
/home/tianlong/Downloads//test/qyjbhkeqes.mp4,1,0.014383552
/home/tianlong/Downloads//test/phngwcpbqw.mp4,1,0.0009944069
/home/tianlong/Downloads//test/rjcjcdkzkw.mp4,1,0.23950815
/home/tianlong/Downloads//test/legilvljip.mp4,1,0.0006674942
/home/tianlong/Downloads//test/bukegrztbb.mp4,1,0.02528985
/home/tianlong/Downloads//test/yvaxmtbtgx.mp4,1,0.00081195106
/home/tianlong/Downloads//test/saljlsmnet.mp4,1,0.002091967
/home/tianlong/Downloads//test/ezupajzwdl.mp4,1,0.0013043147
/home/tianlong/Downloads//test/xeszevnech.mp4,1,0.00068571477
/home/tianlong/Downloads//test/fbqwomdehr.mp4,1,0.000989027
/home/tianlong/Downloads//test/itdywxjknn.mp4,1,0.0013673035
/home/tianlong/Downloads//test/zwupuzlefv.mp4,1,0.040439922
/home/tianlong/Downloads//test/qcrofjquht.mp4,1,0.012207092
/home/tianlong/Downloads//test/jblkcfejih.mp4,1,0.00087408075
/home/tianlong/Downloads//test/howruupkxw.mp4,1,0.00087245234
/home/tianlong/Downloads//test/xslxboadvn.mp4,1,0.0007246375
/home/tianlong/Downloads//test/rzykslnkdi.mp4,1,0.61944526
/home/tianlong/Downloads//test/govjvzfbcj.mp4,1,0.0025283608
/home/tianlong/Downloads//test/fwbvksfidm.mp4,1,0.0015204058
/home/tianlong/Downloads//test/khokwspqph.mp4,1,0.5382014
/home/tianlong/Downloads//test/sslrtrxyaj.mp4,1,0.0008650108
/home/tianlong/Downloads//test/zdmknyhzoo.mp4,1,0.0052905297
/home/tianlong/Downloads//test/rzjpckpslj.mp4,1,0.0035227991
/home/tianlong/Downloads//test/pscilvlcfe.mp4,1,0.0048168995
/home/tianlong/Downloads//test/rlwkdhgoqw.mp4,1,0.00079907407
/home/tianlong/Downloads//test/cmpkopoabr.mp4,1,0.0017828555
/home/tianlong/Downloads//test/dbljnexmlf.mp4,1,0.0049230126
/home/tianlong/Downloads//test/atfuphvjft.mp4,1,0.0008429013
/home/tianlong/Downloads//test/zdldobedod.mp4,1,0.0019616932
/home/tianlong/Downloads//test/iknfqmugud.mp4,1,0.006189408
/home/tianlong/Downloads//test/whusuiiqmt.mp4,1,0.00093961926
/home/tianlong/Downloads//test/ksrnzzbcsz.mp4,1,0.0010785497
/home/tianlong/Downloads//test/xxhuecshhw.mp4,1,0.000804412
/home/tianlong/Downloads//test/okmlcbefeu.mp4,1,0.0004359066
/home/tianlong/Downloads//test/xryrhuskyd.mp4,1,0.050346535
/home/tianlong/Downloads//test/wevygelkrl.mp4,1,0.09041743
/home/tianlong/Downloads//test/rdpausigpg.mp4,1,0.0007940847
/home/tianlong/Downloads//test/fdziwiuoer.mp4,1,0.031623483
/home/tianlong/Downloads//test/kykmrtoitd.mp4,1,0.0026286957
/home/tianlong/Downloads//test/eacsjvcmlp.mp4,1,0.70469224
/home/tianlong/Downloads//test/asvuutypvz.mp4,1,0.0004686496
/home/tianlong/Downloads//test/nucqorkejg.mp4,1,0.0011994947
/home/tianlong/Downloads//test/ctpexqamtx.mp4,1,0.026265567
/home/tianlong/Downloads//test/vnsxdkjjtk.mp4,1,0.0054909405
/home/tianlong/Downloads//test/cktsyobheu.mp4,1,0.0060089766
/home/tianlong/Downloads//test/kccicuhxgk.mp4,1,0.001781022
/home/tianlong/Downloads//test/qckjihxoze.mp4,1,0.0008232115
/home/tianlong/Downloads//test/gvqtnedfso.mp4,1,0.0011691354
/home/tianlong/Downloads//test/ajxkvlpgov.mp4,1,0.0017019623
/home/tianlong/Downloads//test/srlilcjhaf.mp4,1,0.39940864
/home/tianlong/Downloads//test/qfjxksudna.mp4,1,0.0011935482
/home/tianlong/Downloads//test/hstvglyexy.mp4,1,0.00091029756
/home/tianlong/Downloads//test/jyyvhnsyys.mp4,1,0.00039091494
/home/tianlong/Downloads//test/whxqigkgyk.mp4,1,0.002304817
/home/tianlong/Downloads//test/mqzrlecakr.mp4,1,0.014358413
/home/tianlong/Downloads//test/aeplbqxnge.mp4,1,0.0033288116
/home/tianlong/Downloads//test/inwaznexiv.mp4,1,0.0010120118
/home/tianlong/Downloads//test/anfupdhmyr.mp4,1,0.00061965175
/home/tianlong/Downloads//test/wbvlgevkmb.mp4,1,0.004909585
/home/tianlong/Downloads//test/uiykwgaarz.mp4,1,0.094509855
/home/tianlong/Downloads//test/nvarnevska.mp4,1,0.16925451
/home/tianlong/Downloads//test/ooczenomzk.mp4,1,0.0005488591
/home/tianlong/Downloads//test/qtjuhlppot.mp4,1,0.0011616296
/home/tianlong/Downloads//test/drqtyzvhdd.mp4,1,0.0009472548
/home/tianlong/Downloads//test/ytljvippwv.mp4,1,0.00800986
/home/tianlong/Downloads//test/skrqoagxle.mp4,1,0.008768692
/home/tianlong/Downloads//test/shwkznunyp.mp4,1,0.00060361275
/home/tianlong/Downloads//test/tlsoagxovk.mp4,1,0.0014854564
/home/tianlong/Downloads//test/enpshnkugu.mp4,1,0.000397813
/home/tianlong/Downloads//test/vitjdpnfpi.mp4,1,0.765682
/home/tianlong/Downloads//test/jovrnujurf.mp4,1,0.00074144575
/home/tianlong/Downloads//test/sbwemwjlsl.mp4,1,0.031134205
/home/tianlong/Downloads//test/uclzxnftij.mp4,1,0.001699803
/home/tianlong/Downloads//test/sdqjjttckw.mp4,1,0.0024591568
/home/tianlong/Downloads//test/wtmggpeiom.mp4,1,0.00088602566
