Video,Label,Prediction
/home/tianlong/Downloads//test/myvwyfdnxu.mp4,0,0.031958275
/home/tianlong/Downloads//test/uxgkqpiykp.mp4,0,0.0012667171
/home/tianlong/Downloads//test/qyscponfaf.mp4,0,0.0011177378
/home/tianlong/Downloads//test/tmgmbnzrrz.mp4,0,0.027519926
/home/tianlong/Downloads//test/wfmeffvvce.mp4,0,0.11820135
/home/tianlong/Downloads//test/fwrcfaglhz.mp4,0,0.0119877085
/home/tianlong/Downloads//test/itfzfpuilx.mp4,0,0.0015958133
/home/tianlong/Downloads//test/wupoiiknff.mp4,0,0.0010451116
/home/tianlong/Downloads//test/dscprfjses.mp4,0,0.0016920657
/home/tianlong/Downloads//test/ofntcunuqn.mp4,0,0.0012004193
/home/tianlong/Downloads//test/imnzannmcr.mp4,0,0.007072694
/home/tianlong/Downloads//test/jidkzoagws.mp4,0,0.0012310751
/home/tianlong/Downloads//test/nkpqkddsgt.mp4,0,0.0035284075
/home/tianlong/Downloads//test/xqmrrciral.mp4,0,0.0013745092
/home/tianlong/Downloads//test/ykfllpyawg.mp4,0,0.002173193
/home/tianlong/Downloads//test/bpieoyctzo.mp4,0,0.0012037198
/home/tianlong/Downloads//test/wjrepvzlsv.mp4,0,0.0026243923
/home/tianlong/Downloads//test/voucpidonq.mp4,0,0.0014300381
/home/tianlong/Downloads//test/fxfxtrrkeq.mp4,0,0.0038623468
/home/tianlong/Downloads//test/qggfpdkyzi.mp4,0,0.0051932787
/home/tianlong/Downloads//test/xyucutnxhz.mp4,0,0.0015415254
/home/tianlong/Downloads//test/rkxepdkger.mp4,0,0.0012926974
/home/tianlong/Downloads//test/fxxpxoqoxp.mp4,0,0.001473108
/home/tianlong/Downloads//test/jkxxwfycsj.mp4,0,0.9850211
/home/tianlong/Downloads//test/qbearsyziz.mp4,0,0.0015757558
/home/tianlong/Downloads//test/kyrbveruev.mp4,0,0.001543617
/home/tianlong/Downloads//test/pdyrvsvwyi.mp4,0,0.0049955887
/home/tianlong/Downloads//test/bpxxmxuvuy.mp4,0,0.013448389
/home/tianlong/Downloads//test/ekxsduhvwh.mp4,0,0.0010399519
/home/tianlong/Downloads//test/ocsqqqduxx.mp4,0,0.0014345755
/home/tianlong/Downloads//test/qufzdwetss.mp4,0,0.0061657336
/home/tianlong/Downloads//test/vwqrtxbwye.mp4,0,0.6536884
/home/tianlong/Downloads//test/zuduvanawx.mp4,0,0.09559957
/home/tianlong/Downloads//test/rkjhxvdnsv.mp4,0,0.011857808
/home/tianlong/Downloads//test/hpcivouyku.mp4,0,0.0023316438
/home/tianlong/Downloads//test/vgndywbmgf.mp4,0,0.020893456
/home/tianlong/Downloads//test/hfgczdzbix.mp4,0,0.16167866
/home/tianlong/Downloads//test/rwehwmmutn.mp4,0,0.015328651
/home/tianlong/Downloads//test/jyfnzyvznx.mp4,0,0.0011756793
/home/tianlong/Downloads//test/jxpodcendq.mp4,0,0.0018902743
/home/tianlong/Downloads//test/kgynainlug.mp4,0,0.0017809236
/home/tianlong/Downloads//test/hqgervpkkf.mp4,0,0.003483762
/home/tianlong/Downloads//test/defeqlyysh.mp4,0,0.980314
/home/tianlong/Downloads//test/xzkwbswkao.mp4,0,0.0016688514
/home/tianlong/Downloads//test/hhdblnxhtj.mp4,0,0.003784866
/home/tianlong/Downloads//test/oaptmwroki.mp4,0,0.0015086986
/home/tianlong/Downloads//test/djlkkqmjkk.mp4,0,0.002293879
/home/tianlong/Downloads//test/motfposykz.mp4,0,0.0083098505
/home/tianlong/Downloads//test/shvfupmrho.mp4,0,0.0028539614
/home/tianlong/Downloads//test/escwmsthiz.mp4,0,0.0016410233
/home/tianlong/Downloads//test/ctpypmzfnl.mp4,0,0.0013323107
/home/tianlong/Downloads//test/sjqrdyzkgl.mp4,0,0.0034773247
/home/tianlong/Downloads//test/ddrjnwlugg.mp4,0,0.0011977017
/home/tianlong/Downloads//test/hxfqltenqh.mp4,0,0.0014054351
/home/tianlong/Downloads//test/umerhoubxw.mp4,0,0.0011507636
/home/tianlong/Downloads//test/jxrpqynwlt.mp4,0,0.07102808
/home/tianlong/Downloads//test/hprzotbjtj.mp4,0,0.0016045833
/home/tianlong/Downloads//test/cqewayywpg.mp4,0,0.08586517
/home/tianlong/Downloads//test/nvptcoxzah.mp4,0,0.29108214
/home/tianlong/Downloads//test/uvzlfuxalu.mp4,0,0.83375746
/home/tianlong/Downloads//test/mfcbgbcuvb.mp4,0,0.0016000835
/home/tianlong/Downloads//test/tmtoypmqwt.mp4,0,0.0059951134
/home/tianlong/Downloads//test/bsjucwhlrj.mp4,0,0.0012310821
/home/tianlong/Downloads//test/hlsubhyoea.mp4,0,0.0013618408
/home/tianlong/Downloads//test/deslnszgpy.mp4,0,0.0011900675
/home/tianlong/Downloads//test/tfwdbkwvgz.mp4,0,0.0011916397
/home/tianlong/Downloads//test/ufxafdxpat.mp4,0,0.0012247004
/home/tianlong/Downloads//test/lmacrzidyh.mp4,0,0.0012559701
/home/tianlong/Downloads//test/wyiajvmitt.mp4,0,0.0015893831
/home/tianlong/Downloads//test/xbdnqfbxcv.mp4,0,0.0014134402
/home/tianlong/Downloads//test/mhfnldxixw.mp4,0,0.001315007
/home/tianlong/Downloads//test/pfiigjlcct.mp4,0,0.003240653
/home/tianlong/Downloads//test/ldtibsniik.mp4,0,0.0010948254
/home/tianlong/Downloads//test/gwzttezkpv.mp4,0,0.0035396551
/home/tianlong/Downloads//test/pevmkpamhv.mp4,0,0.013217523
/home/tianlong/Downloads//test/zcfpsnaujx.mp4,0,0.0017574547
/home/tianlong/Downloads//test/slvcfpalev.mp4,0,0.0014155774
/home/tianlong/Downloads//test/ctdwtfcjei.mp4,0,0.003702286
/home/tianlong/Downloads//test/vxwsisekmb.mp4,0,0.010051581
/home/tianlong/Downloads//test/pkoadvlpga.mp4,0,0.0011093594
/home/tianlong/Downloads//test/ofapaanpkl.mp4,0,0.0020380635
/home/tianlong/Downloads//test/huzryvwrfa.mp4,0,0.0038460975
/home/tianlong/Downloads//test/knjoasqzvt.mp4,0,0.0022193496
/home/tianlong/Downloads//test/cedpyannqf.mp4,0,0.0023406078
/home/tianlong/Downloads//test/mdwtpvlbrz.mp4,0,0.001129069
/home/tianlong/Downloads//test/hfcxlucrbj.mp4,0,0.0013747717
/home/tianlong/Downloads//test/wbsajsyaej.mp4,0,0.0015066657
/home/tianlong/Downloads//test/tbqrwehekx.mp4,0,0.0067137294
/home/tianlong/Downloads//test/shslgpeisw.mp4,0,0.0026871534
/home/tianlong/Downloads//test/epgfqrvwlr.mp4,0,0.0015620067
/home/tianlong/Downloads//test/fduhwlydlg.mp4,0,0.003569634
/home/tianlong/Downloads//test/cpmridjxbc.mp4,0,0.0013627198
/home/tianlong/Downloads//test/kphflojove.mp4,0,0.002937061
/home/tianlong/Downloads//test/hlcpwfwcyw.mp4,0,0.0024830492
/home/tianlong/Downloads//test/bpeemkcxad.mp4,0,0.9696462
/home/tianlong/Downloads//test/jkadnvoqhk.mp4,0,0.19738442
/home/tianlong/Downloads//test/lzzpsosige.mp4,0,0.21650654
/home/tianlong/Downloads//test/pxtwhbaxjq.mp4,0,0.0018449287
/home/tianlong/Downloads//test/pxgcsltbuo.mp4,0,0.0013552118
/home/tianlong/Downloads//test/gmepmwcgwg.mp4,0,0.0015638362
/home/tianlong/Downloads//test/tnetytnegv.mp4,0,0.0014601036
/home/tianlong/Downloads//test/sxmqvznwwq.mp4,0,0.0018724157
/home/tianlong/Downloads//test/partcfzlbj.mp4,0,0.0013134343
/home/tianlong/Downloads//test/tnkmovifrb.mp4,0,0.06337704
/home/tianlong/Downloads//test/dpgznlwvpx.mp4,0,0.0013255614
/home/tianlong/Downloads//test/mbpbbekqks.mp4,0,0.0049570114
/home/tianlong/Downloads//test/hdbejalgtx.mp4,0,0.0013129783
/home/tianlong/Downloads//test/bmdiaytrcm.mp4,0,0.0018923554
/home/tianlong/Downloads//test/yghxoihrle.mp4,0,0.02384814
/home/tianlong/Downloads//test/vcgelshrli.mp4,0,0.0012207964
/home/tianlong/Downloads//test/yvdnbmbwyh.mp4,0,0.0025365634
/home/tianlong/Downloads//test/kmakhupeac.mp4,0,0.552589
/home/tianlong/Downloads//test/ccevbixrwu.mp4,0,0.0063421424
/home/tianlong/Downloads//test/edavfjsjzw.mp4,0,0.0014741471
/home/tianlong/Downloads//test/znmzmierff.mp4,0,0.035906922
/home/tianlong/Downloads//test/kiotoqmmfj.mp4,0,0.01587429
/home/tianlong/Downloads//test/nqctdktbtb.mp4,0,0.010113805
/home/tianlong/Downloads//test/inneixkosf.mp4,0,0.0016743738
/home/tianlong/Downloads//test/occrrsyizc.mp4,0,0.0012108923
/home/tianlong/Downloads//test/zfecmsiodq.mp4,0,0.0035620925
/home/tianlong/Downloads//test/haknpmhigp.mp4,0,0.0013918264
/home/tianlong/Downloads//test/zjbwxmmrgk.mp4,0,0.0016240204
/home/tianlong/Downloads//test/qgpabkriss.mp4,0,0.026720623
/home/tianlong/Downloads//test/liureznisp.mp4,0,0.010267899
/home/tianlong/Downloads//test/bzdywpajvr.mp4,0,0.0014033354
/home/tianlong/Downloads//test/jniytngcmy.mp4,0,0.003418694
/home/tianlong/Downloads//test/idklchvhxp.mp4,0,0.0011735121
/home/tianlong/Downloads//test/pijzjjchqn.mp4,0,0.34747726
/home/tianlong/Downloads//test/pjnsejazpl.mp4,0,0.0011981969
/home/tianlong/Downloads//test/gpaqoqegbn.mp4,0,0.0011444918
/home/tianlong/Downloads//test/xsxwrwvfkg.mp4,0,0.0014352622
/home/tianlong/Downloads//test/arwefyghir.mp4,0,0.0028245354
/home/tianlong/Downloads//test/ptgvxdueef.mp4,0,0.0011694435
/home/tianlong/Downloads//test/plljpjscih.mp4,0,0.0010447378
/home/tianlong/Downloads//test/jozfaxodnx.mp4,0,0.0013588138
/home/tianlong/Downloads//test/girdwtjwsr.mp4,0,0.018526549
/home/tianlong/Downloads//test/jbaahohsns.mp4,0,0.007835526
/home/tianlong/Downloads//test/uetfcmaryk.mp4,0,0.002969135
/home/tianlong/Downloads//test/oqbltrmhvt.mp4,0,0.0015471132
/home/tianlong/Downloads//test/dvtzvkcrku.mp4,0,0.32443297
/home/tianlong/Downloads//test/qjilklnynm.mp4,0,0.001205712
/home/tianlong/Downloads//test/tcsdjwbihw.mp4,0,0.0014072894
/home/tianlong/Downloads//test/zhftwvtutp.mp4,0,0.0012136856
/home/tianlong/Downloads//test/xgktqwvknw.mp4,0,0.0010733318
/home/tianlong/Downloads//test/cdeesuuuqz.mp4,0,0.001550058
/home/tianlong/Downloads//test/ymngcysczs.mp4,0,0.0011755023
/home/tianlong/Downloads//test/gctyynjruz.mp4,0,0.0012575891
/home/tianlong/Downloads//test/vkirqaiuoc.mp4,0,0.0010896049
/home/tianlong/Downloads//test/ykywskdwlc.mp4,0,0.023064587
/home/tianlong/Downloads//test/verpxkucoi.mp4,0,0.008471974
/home/tianlong/Downloads//test/gpsqelalbp.mp4,0,0.0011559526
/home/tianlong/Downloads//test/paorozwtbf.mp4,0,0.003320379
/home/tianlong/Downloads//test/iaaecuquha.mp4,0,0.13462648
/home/tianlong/Downloads//test/lmgdjtzwau.mp4,0,0.05063253
/home/tianlong/Downloads//test/tayykmblhg.mp4,0,0.0012209208
/home/tianlong/Downloads//test/hpurahupjh.mp4,0,0.0030016592
/home/tianlong/Downloads//test/uutxmgqajd.mp4,0,0.0014869226
/home/tianlong/Downloads//test/rbkcpkwhjn.mp4,0,0.0063128085
/home/tianlong/Downloads//test/wtnloygygs.mp4,0,0.0012415751
/home/tianlong/Downloads//test/biborxaekt.mp4,0,0.0013797454
/home/tianlong/Downloads//test/drlnvwvvuw.mp4,0,0.4949557
/home/tianlong/Downloads//test/axutpjywuu.mp4,0,0.0026388352
/home/tianlong/Downloads//test/jbcnsmlysc.mp4,0,0.00136582
/home/tianlong/Downloads//test/ilzhgraxpl.mp4,0,0.0011119362
/home/tianlong/Downloads//test/cwqhzuhjol.mp4,0,0.0011820564
/home/tianlong/Downloads//test/tlzordotqw.mp4,0,0.0022588498
/home/tianlong/Downloads//test/hdauuytvhx.mp4,0,0.0024970556
/home/tianlong/Downloads//test/rtiyduycrn.mp4,0,0.099708416
/home/tianlong/Downloads//test/mdsmgzaltc.mp4,0,0.0017950739
/home/tianlong/Downloads//test/mnlxxoicoo.mp4,0,0.0017957251
/home/tianlong/Downloads//test/ksfuiztwuc.mp4,0,0.010829384
/home/tianlong/Downloads//test/tpjydgkvdt.mp4,0,0.001390119
/home/tianlong/Downloads//test/nmjesbwiux.mp4,0,0.0011512098
/home/tianlong/Downloads//test/egzfaoiuwo.mp4,0,0.0014084834
/home/tianlong/Downloads//test/ucmfbukrkj.mp4,0,0.002207788
/home/tianlong/Downloads//test/aoqzxlwvmi.mp4,0,0.29247487
/home/tianlong/Downloads//test/zzjfzeuizr.mp4,0,0.0015247385
/home/tianlong/Downloads//test/aunokqsmrt.mp4,0,0.0015474109
/home/tianlong/Downloads//test/kudvvlgiff.mp4,0,0.0013367236
/home/tianlong/Downloads//test/qqwsabrgxh.mp4,0,0.0011395194
/home/tianlong/Downloads//test/pvsslamopo.mp4,0,0.010056721
/home/tianlong/Downloads//test/kawxnfacqs.mp4,0,0.0010749712
/home/tianlong/Downloads//test/lxeqbyddvt.mp4,0,0.0019341266
/home/tianlong/Downloads//test/zylribcaeu.mp4,0,0.0030169925
/home/tianlong/Downloads//test/sghdekqnnn.mp4,0,0.0013268522
/home/tianlong/Downloads//test/msbqgoxxlh.mp4,0,0.0019408616
/home/tianlong/Downloads//test/ubbzrfgzer.mp4,0,0.0011080065
/home/tianlong/Downloads//test/vuofhivyfs.mp4,0,0.0018390049
/home/tianlong/Downloads//test/xirrbpmlja.mp4,0,0.17280719
/home/tianlong/Downloads//test/appvffejyy.mp4,0,0.0012872656
/home/tianlong/Downloads//test/nzepxsbotb.mp4,0,0.00147157
/home/tianlong/Downloads//test/nkqkvwpghi.mp4,0,0.012871476
/home/tianlong/Downloads//test/vdvffooule.mp4,0,0.103432536
/home/tianlong/Downloads//test/rayhrvqorn.mp4,0,0.0012344186
/home/tianlong/Downloads//test/cslfapvyjv.mp4,0,0.0017753891
/home/tianlong/Downloads//test/rmygsfjyvt.mp4,0,0.0017107746
/home/tianlong/Downloads//test/yhbhhibwzo.mp4,0,0.017684825
/home/tianlong/Downloads//test/vlxfyuzygn.mp4,0,0.5300927
/home/tianlong/Downloads//test/zefqhoewww.mp4,0,0.0011924431
/home/tianlong/Downloads//test/vptrrrmhyb.mp4,0,0.0026309558
/home/tianlong/Downloads//test/cefolmrrlx.mp4,0,0.001319494
/home/tianlong/Downloads//test/xzmplldajk.mp4,0,0.0012648996
/home/tianlong/Downloads//test/hrznynemfj.mp4,0,0.0012777196
/home/tianlong/Downloads//test/tkxblcleyd.mp4,0,0.0017335477
/home/tianlong/Downloads//test/tlxgwzheli.mp4,0,0.0036436561
/home/tianlong/Downloads//test/qvgutokvct.mp4,0,0.19169003
/home/tianlong/Downloads//test/tcwyxrvdpe.mp4,0,0.001231597
/home/tianlong/Downloads//test/jwrypvpvpx.mp4,0,0.0011290944
/home/tianlong/Downloads//test/bpyjsrjcro.mp4,0,0.21524219
/home/tianlong/Downloads//test/avteqdmbob.mp4,0,0.09259076
/home/tianlong/Downloads//test/aaivbtdyjn.mp4,0,0.004475787
/home/tianlong/Downloads//test/pokctfragw.mp4,0,0.0017126057
/home/tianlong/Downloads//test/vgdllmzjcw.mp4,0,0.0015343985
/home/tianlong/Downloads//test/zdlhavfmit.mp4,0,0.13249953
/home/tianlong/Downloads//test/yupsrmckii.mp4,0,0.056972288
/home/tianlong/Downloads//test/pobpsxjbzg.mp4,0,0.0015438404
/home/tianlong/Downloads//test/lkvouattut.mp4,0,0.0010685164
/home/tianlong/Downloads//test/anjzzdyhno.mp4,0,0.0012858106
/home/tianlong/Downloads//test/jvihmimqca.mp4,0,0.007053759
/home/tianlong/Downloads//test/wnoitecfmf.mp4,0,0.0013158615
/home/tianlong/Downloads//test/gbvllwqbjl.mp4,0,0.0015595091
/home/tianlong/Downloads//test/gzabjmglim.mp4,0,0.0014934657
/home/tianlong/Downloads//test/paqcbtdulm.mp4,0,0.0057402393
/home/tianlong/Downloads//test/jcbbrqaaaq.mp4,0,0.0010602353
/home/tianlong/Downloads//test/nsavbywhlu.mp4,0,0.019648835
/home/tianlong/Downloads//test/zwfebeiqat.mp4,0,0.0023962862
/home/tianlong/Downloads//test/pimrsfwcwm.mp4,0,0.0015340341
/home/tianlong/Downloads//test/mrvdmwcblt.mp4,0,0.033625867
/home/tianlong/Downloads//test/hedetzyqpu.mp4,0,0.001853616
/home/tianlong/Downloads//test/qytaiboeep.mp4,0,0.0027744013
/home/tianlong/Downloads//test/famavifufv.mp4,0,0.0018172312
/home/tianlong/Downloads//test/hnselekxwv.mp4,0,0.0015971945
/home/tianlong/Downloads//test/emgciwmtuj.mp4,0,0.0016289335
/home/tianlong/Downloads//test/wbmvbetcdm.mp4,0,0.0014460165
/home/tianlong/Downloads//test/mpvnvvihzp.mp4,0,0.02085276
/home/tianlong/Downloads//test/zelgpxflfe.mp4,0,0.018398607
/home/tianlong/Downloads//test/lhjcdavmmg.mp4,0,0.046425924
/home/tianlong/Downloads//test/rxtqqoncwj.mp4,0,0.002098099
/home/tianlong/Downloads//test/shrpamtirw.mp4,0,0.0030400224
/home/tianlong/Downloads//test/qhzlgrtgto.mp4,0,0.0011803326
/home/tianlong/Downloads//test/uuzyzglejw.mp4,0,0.0956042
/home/tianlong/Downloads//test/bmnpqrwnex.mp4,0,0.0019747757
/home/tianlong/Downloads//test/dtssdnhgiw.mp4,0,0.0035613887
/home/tianlong/Downloads//test/rlhmppiklf.mp4,0,0.011656329
/home/tianlong/Downloads//test/sswhgeqjrt.mp4,0,0.0043975627
/home/tianlong/Downloads//test/emxqsgqtdz.mp4,0,0.011001035
/home/tianlong/Downloads//test/bcwtjzsutw.mp4,0,0.9582994
/home/tianlong/Downloads//test/uomfimsutw.mp4,0,0.018319307
/home/tianlong/Downloads//test/mztlucosuc.mp4,0,0.0015154083
/home/tianlong/Downloads//test/ntcfyojagi.mp4,0,0.0014883674
/home/tianlong/Downloads//test/wrbuiboyat.mp4,0,0.006726894
/home/tianlong/Downloads//test/xiqecarvpb.mp4,0,0.0013985977
/home/tianlong/Downloads//test/fcvzlzfufb.mp4,0,0.022312323
/home/tianlong/Downloads//test/savqrjnncg.mp4,0,0.0015062211
/home/tianlong/Downloads//test/icqmqztbry.mp4,0,0.0011060602
/home/tianlong/Downloads//test/zzrmokkxka.mp4,0,0.24262115
/home/tianlong/Downloads//test/btgxrrldio.mp4,0,0.0017438104
/home/tianlong/Downloads//test/zdnepyqjiy.mp4,0,0.00683782
/home/tianlong/Downloads//test/fybiztpnrc.mp4,0,0.0015064306
/home/tianlong/Downloads//test/parqhrknkf.mp4,0,0.058358744
/home/tianlong/Downloads//test/tvffpggbrc.mp4,0,0.009497678
/home/tianlong/Downloads//test/rtpuwtrxsr.mp4,0,0.32638317
/home/tianlong/Downloads//test/tgmqfzsznf.mp4,0,0.0016669179
/home/tianlong/Downloads//test/eqabuehals.mp4,0,0.0023368464
/home/tianlong/Downloads//test/ikebomnsiq.mp4,0,0.004833966
/home/tianlong/Downloads//test/wfzxrfxohw.mp4,0,0.0020201998
/home/tianlong/Downloads//test/dqfgwejsvm.mp4,0,0.0011792942
/home/tianlong/Downloads//test/lxadgjqzbf.mp4,0,0.0027696865
/home/tianlong/Downloads//test/tdahgbtenl.mp4,0,0.015033971
/home/tianlong/Downloads//test/bivzhsmrqo.mp4,0,0.0019279014
/home/tianlong/Downloads//test/vzxluflrhn.mp4,0,0.0013063891
/home/tianlong/Downloads//test/ikmsdmynbf.mp4,0,0.0019862046
/home/tianlong/Downloads//test/kuqbgbrypa.mp4,0,0.18123986
/home/tianlong/Downloads//test/nfstajzaot.mp4,0,0.0014126315
/home/tianlong/Downloads//test/dultiznosk.mp4,0,0.0012288521
/home/tianlong/Downloads//test/ckqfqernbf.mp4,0,0.0013836419
/home/tianlong/Downloads//test/kbdwudhhwf.mp4,0,0.0010237138
/home/tianlong/Downloads//test/hqpjmwyygq.mp4,0,0.0010759712
/home/tianlong/Downloads//test/tjyuudtkme.mp4,0,0.002501737
/home/tianlong/Downloads//test/tihgxlmfcj.mp4,0,0.0014032526
/home/tianlong/Downloads//test/sgdnbofecu.mp4,0,0.039338782
/home/tianlong/Downloads//test/pgamqeolau.mp4,0,0.04629905
/home/tianlong/Downloads//test/ijeqomctsa.mp4,0,0.0030840174
/home/tianlong/Downloads//test/ppruxbqpmc.mp4,0,0.001379283
/home/tianlong/Downloads//test/hkvfyeacje.mp4,0,0.0011048206
/home/tianlong/Downloads//test/zqrzqekofe.mp4,0,0.0027006457
/home/tianlong/Downloads//test/iwzbgmtsuh.mp4,0,0.0019348392
/home/tianlong/Downloads//test/dbixwxtuxs.mp4,0,0.0035757564
/home/tianlong/Downloads//test/cepqcoseaj.mp4,0,0.0014711327
/home/tianlong/Downloads//test/gypapuqdrx.mp4,0,0.06944588
/home/tianlong/Downloads//test/djhhnixfyi.mp4,0,0.0019424527
/home/tianlong/Downloads//test/fkarxowzuf.mp4,0,0.0017131902
/home/tianlong/Downloads//test/gfxnuidfgl.mp4,0,0.0019893944
/home/tianlong/Downloads//test/vsreebjsfs.mp4,0,0.006511984
/home/tianlong/Downloads//test/manqchicur.mp4,0,0.13711007
/home/tianlong/Downloads//test/gztffgsxpt.mp4,0,0.0015940769
/home/tianlong/Downloads//test/jdzkykqgsx.mp4,0,0.0017897487
/home/tianlong/Downloads//test/cvbubcwkkl.mp4,0,0.0011546275
/home/tianlong/Downloads//test/bgqhldvsgc.mp4,0,0.0010945924
/home/tianlong/Downloads//test/blqgpxokwq.mp4,0,0.051660158
/home/tianlong/Downloads//test/cxvayntesu.mp4,0,0.0029718603
/home/tianlong/Downloads//test/dxepehnhgm.mp4,0,0.04051946
/home/tianlong/Downloads//test/bcgjlsupne.mp4,0,0.001724225
/home/tianlong/Downloads//test/uhynwthfhf.mp4,0,0.0036529272
/home/tianlong/Downloads//test/gocrdvihos.mp4,0,0.002072459
/home/tianlong/Downloads//test/gtyvtbojpp.mp4,0,0.0016010755
/home/tianlong/Downloads//test/eqtwkqxolz.mp4,0,0.0013681932
/home/tianlong/Downloads//test/arwiyweadv.mp4,0,0.0016051993
/home/tianlong/Downloads//test/mlizcisxro.mp4,0,0.002009072
/home/tianlong/Downloads//test/miiymgajty.mp4,0,0.008787524
/home/tianlong/Downloads//test/ragjclplkx.mp4,0,0.0017358052
/home/tianlong/Downloads//test/wxrfuemtxj.mp4,0,0.002595786
/home/tianlong/Downloads//test/xxupwwukoh.mp4,0,0.0010657309
/home/tianlong/Downloads//test/qdantvtdji.mp4,0,0.0013551286
/home/tianlong/Downloads//test/oqehnuhbwa.mp4,0,0.0015966592
/home/tianlong/Downloads//test/yzqbwkwxsn.mp4,0,0.0068290923
/home/tianlong/Downloads//test/osjaqtkkdt.mp4,0,0.001181718
/home/tianlong/Downloads//test/nthlmvjxac.mp4,0,0.0019686345
/home/tianlong/Downloads//test/dpegbdzijf.mp4,0,0.0010737032
/home/tianlong/Downloads//test/ezgusylcyf.mp4,0,0.003369335
/home/tianlong/Downloads//test/isxxybhuls.mp4,0,0.38263336
/home/tianlong/Downloads//test/dbqbwrcvjk.mp4,0,0.297006
/home/tianlong/Downloads//test/qqrvyhjznq.mp4,0,0.0013731283
/home/tianlong/Downloads//test/ohdtmpzbtp.mp4,0,0.0023364783
/home/tianlong/Downloads//test/oupztxzdln.mp4,0,0.0010632769
/home/tianlong/Downloads//test/snidpujjti.mp4,0,0.0168815
/home/tianlong/Downloads//test/yoxdseoukl.mp4,0,0.25951868
/home/tianlong/Downloads//test/bxsdnqizii.mp4,0,0.0018652068
/home/tianlong/Downloads//test/ihszkmcwvw.mp4,0,0.0016347902
/home/tianlong/Downloads//test/rgrqhjtoby.mp4,0,0.0040346156
/home/tianlong/Downloads//test/vqibhetnwa.mp4,0,0.14159606
/home/tianlong/Downloads//test/rkqqgwurqt.mp4,0,0.0011575829
/home/tianlong/Downloads//test/axdepsfowg.mp4,0,0.0014857592
/home/tianlong/Downloads//test/dcpmipuapc.mp4,0,0.010098983
/home/tianlong/Downloads//test/ncjqganhal.mp4,0,0.020859089
/home/tianlong/Downloads//test/qnbnlmpqpu.mp4,0,0.014412575
/home/tianlong/Downloads//test/ieoervpooz.mp4,0,0.0011944422
/home/tianlong/Downloads//test/fscyfygpyk.mp4,0,0.0034997498
/home/tianlong/Downloads//test/pitpjawwwp.mp4,0,0.0064869113
/home/tianlong/Downloads//test/geturetbpy.mp4,0,0.0018424935
/home/tianlong/Downloads//test/kwsraaqime.mp4,0,0.00220603
/home/tianlong/Downloads//test/lhgoghqmub.mp4,0,0.0024085348
/home/tianlong/Downloads//test/kdmonvkpqd.mp4,0,0.12658428
/home/tianlong/Downloads//test/wrcelewmpa.mp4,0,0.012075455
/home/tianlong/Downloads//test/bxqgvzamnx.mp4,0,0.0029072282
/home/tianlong/Downloads//test/nliofvksed.mp4,0,0.0021426375
/home/tianlong/Downloads//test/mwjnvghsbe.mp4,0,0.0012623618
/home/tianlong/Downloads//test/ygiscbckjl.mp4,0,0.0012905668
/home/tianlong/Downloads//test/wscclwhfsr.mp4,0,0.09640089
/home/tianlong/Downloads//test/hddminxrhw.mp4,0,0.0070148637
/home/tianlong/Downloads//test/ncrkggcdqp.mp4,0,0.002057437
/home/tianlong/Downloads//test/xjinzawywt.mp4,0,0.0059129912
/home/tianlong/Downloads//test/korrsqtkke.mp4,0,0.005720019
/home/tianlong/Downloads//test/tskjnnvjsa.mp4,0,0.0014270792
/home/tianlong/Downloads//test/tyjxmknivy.mp4,0,0.0018937647
/home/tianlong/Downloads//test/qyvqrtscbk.mp4,0,0.0010512798
/home/tianlong/Downloads//test/kxnybtbpkl.mp4,0,0.0011559725
/home/tianlong/Downloads//test/wiqtkqwfsw.mp4,0,0.09955499
/home/tianlong/Downloads//test/bevjclbhuo.mp4,0,0.001390201
/home/tianlong/Downloads//test/shwulrbsfx.mp4,0,0.036349613
/home/tianlong/Downloads//test/mohtuktaaq.mp4,0,0.001526172
/home/tianlong/Downloads//test/fwsypadiom.mp4,0,0.6307863
/home/tianlong/Downloads//test/buywrbgfqy.mp4,0,0.0010179194
/home/tianlong/Downloads//test/bljpdykszf.mp4,0,0.0017181523
/home/tianlong/Downloads//test/ztxdkcoxvx.mp4,0,0.0025417614
/home/tianlong/Downloads//test/oqeoibjbim.mp4,0,0.0011174987
/home/tianlong/Downloads//test/szwhgmrrhm.mp4,0,0.0055494197
/home/tianlong/Downloads//test/xnydmgdhum.mp4,0,0.021673586
/home/tianlong/Downloads//test/fltaysfwct.mp4,0,0.0036419516
/home/tianlong/Downloads//test/akdvkdoyoh.mp4,0,0.001974229
/home/tianlong/Downloads//test/ftfemkjnot.mp4,0,0.06495748
/home/tianlong/Downloads//test/gmbckelbzp.mp4,0,0.0060336823
/home/tianlong/Downloads//test/jjzveabagf.mp4,0,0.0017063948
/home/tianlong/Downloads//test/dfqwasrdvq.mp4,0,0.17928323
/home/tianlong/Downloads//test/diskzkrrph.mp4,0,0.008006762
/home/tianlong/Downloads//test/jtwpwdqmxz.mp4,0,0.002338669
/home/tianlong/Downloads//test/qivnumuetu.mp4,0,0.0012933402
/home/tianlong/Downloads//test/blmuzhjygg.mp4,0,0.0011013268
/home/tianlong/Downloads//test/sbxlfehzjc.mp4,0,0.0063974075
/home/tianlong/Downloads//test/tcwhwssdnv.mp4,0,0.005235922
/home/tianlong/Downloads//test/bkbokyebco.mp4,0,0.0017339331
/home/tianlong/Downloads//test/vojsghpebv.mp4,0,0.0021859298
/home/tianlong/Downloads//test/opuhoerhxb.mp4,0,0.016752351
/home/tianlong/Downloads//test/mmhdcoqsve.mp4,0,0.012480112
/home/tianlong/Downloads//test/ewxddjqzml.mp4,0,0.03735638
/home/tianlong/Downloads//test/dznchaiaqh.mp4,0,0.008698998
/home/tianlong/Downloads//test/mloeefokyq.mp4,0,0.0013508564
/home/tianlong/Downloads//test/fgkpembbpv.mp4,0,0.001772432
/home/tianlong/Downloads//test/orqafstesq.mp4,0,0.001790934
/home/tianlong/Downloads//test/ckgabgjnca.mp4,0,0.0012436357
/home/tianlong/Downloads//test/iuvhrgckrt.mp4,0,0.109984286
/home/tianlong/Downloads//test/vlzwcejywm.mp4,0,0.0015225144
/home/tianlong/Downloads//test/cpucjmfawf.mp4,0,0.13848877
/home/tianlong/Downloads//test/ekvhyeycpr.mp4,0,0.012794999
/home/tianlong/Downloads//test/tazlckybzu.mp4,0,0.0011214942
/home/tianlong/Downloads//test/clxgzkdgta.mp4,0,0.010335253
/home/tianlong/Downloads//test/zlfbumxcxs.mp4,0,0.0011363314
/home/tianlong/Downloads//test/plhcceboag.mp4,0,0.0014332148
/home/tianlong/Downloads//test/extihvlsxg.mp4,0,0.0010866128
/home/tianlong/Downloads//test/olebnvxoyl.mp4,0,0.0013273743
/home/tianlong/Downloads//test/opdqcwqxzy.mp4,0,0.001632144
/home/tianlong/Downloads//test/stwaypekwh.mp4,0,0.003569125
/home/tianlong/Downloads//test/xogwctpikv.mp4,0,0.0036449444
/home/tianlong/Downloads//test/cjiwxfwcit.mp4,0,0.044110987
/home/tianlong/Downloads//test/txshgvrava.mp4,0,0.0012895247
/home/tianlong/Downloads//test/ggpuxwhpri.mp4,0,0.0021205975
/home/tianlong/Downloads//test/jlxnzxtopm.mp4,0,0.0011080091
/home/tianlong/Downloads//test/thjugpbwcv.mp4,0,0.054240093
/home/tianlong/Downloads//test/pkititkein.mp4,0,0.0016092798
/home/tianlong/Downloads//test/hjiwmybauf.mp4,0,0.0015604405
/home/tianlong/Downloads//test/efazuieysm.mp4,0,0.0017623202
/home/tianlong/Downloads//test/tdzsgrdneg.mp4,0,0.001652859
/home/tianlong/Downloads//test/mkxmvreoth.mp4,0,0.0012917453
/home/tianlong/Downloads//test/ofbjiuemkr.mp4,0,0.0037936557
/home/tianlong/Downloads//test/dogotzkdiw.mp4,0,0.001269642
/home/tianlong/Downloads//test/qdmvzknbua.mp4,0,0.0017592536
/home/tianlong/Downloads//test/pnauelqbxq.mp4,0,0.0012092901
/home/tianlong/Downloads//test/sytddqezij.mp4,0,0.031903088
/home/tianlong/Downloads//test/bhpddnqauc.mp4,0,0.001299261
/home/tianlong/Downloads//test/imtkdzkypf.mp4,0,0.0013589761
/home/tianlong/Downloads//test/kbodjivgqu.mp4,0,0.0060810028
/home/tianlong/Downloads//test/qtxraeaxeh.mp4,0,0.0015828334
/home/tianlong/Downloads//test/uaxmqpmswz.mp4,0,0.001825399
/home/tianlong/Downloads//test/qlbapiibba.mp4,0,0.0034074537
/home/tianlong/Downloads//test/mzurunkulx.mp4,0,0.002215812
/home/tianlong/Downloads//test/aujoxrpddn.mp4,0,0.0010887599
/home/tianlong/Downloads//test/ebenvuuxld.mp4,0,0.0012644635
/home/tianlong/Downloads//test/fsfjlwwsen.mp4,0,0.024714194
/home/tianlong/Downloads//test/zwgaptzuqt.mp4,0,0.0018762622
/home/tianlong/Downloads//test/gldpafckwo.mp4,0,0.0014868574
/home/tianlong/Downloads//test/nvkzpexyzg.mp4,0,0.16928387
/home/tianlong/Downloads//test/vnrmxwtsmf.mp4,0,0.0011129567
/home/tianlong/Downloads//test/hmofiqjzxe.mp4,0,0.002946416
/home/tianlong/Downloads//test/ucryyubbqk.mp4,0,0.51073974
/home/tianlong/Downloads//test/gwqdrapybq.mp4,0,0.005490844
/home/tianlong/Downloads//test/avttogwbyz.mp4,0,0.004037667
/home/tianlong/Downloads//test/hbmvxgonmq.mp4,0,0.0014972256
/home/tianlong/Downloads//test/gxxlbjuyza.mp4,0,0.0011525183
/home/tianlong/Downloads//test/jhzozsurac.mp4,0,0.003131281
/home/tianlong/Downloads//test/opyqudaics.mp4,0,0.0011185266
/home/tianlong/Downloads//test/vigbdgmudk.mp4,0,0.0012720609
/home/tianlong/Downloads//test/viidhkoxyv.mp4,0,0.0022308293
/home/tianlong/Downloads//test/dmpvbeyuqb.mp4,0,0.006348197
/home/tianlong/Downloads//test/wgycqahjww.mp4,0,0.0015845116
/home/tianlong/Downloads//test/wwgmzeavbd.mp4,0,0.0036300167
/home/tianlong/Downloads//test/qtqyglbdem.mp4,0,0.0019225031
/home/tianlong/Downloads//test/nqynuhnklk.mp4,0,0.0010819709
/home/tianlong/Downloads//test/jygbqsigcr.mp4,0,0.0014849924
/home/tianlong/Downloads//test/nsozqvhalr.mp4,0,0.00647076
/home/tianlong/Downloads//test/yvmrwdyxby.mp4,0,0.0013166644
/home/tianlong/Downloads//test/kvhbyuklfv.mp4,0,0.025487103
/home/tianlong/Downloads//test/iwnfvkmktq.mp4,0,0.03284216
/home/tianlong/Downloads//test/qzfmctgxcs.mp4,0,0.0025089562
/home/tianlong/Downloads//test/vhipamioud.mp4,0,0.0015927388
/home/tianlong/Downloads//test/lmbvoxhowe.mp4,0,0.0021798934
/home/tianlong/Downloads//test/ziqjamfzlv.mp4,0,0.08185768
/home/tianlong/Downloads//test/kqnwutdvpd.mp4,0,0.0039944975
/home/tianlong/Downloads//test/lucpbeexdk.mp4,0,0.0044996226
/home/tianlong/Downloads//test/pnotaniiuh.mp4,0,0.51047426
/home/tianlong/Downloads//test/qohtjkzity.mp4,0,0.003503347
/home/tianlong/Downloads//test/bkjhfcvsig.mp4,0,0.00097379513
/home/tianlong/Downloads//test/kpcrdurodw.mp4,0,0.16039011
/home/tianlong/Downloads//test/nmphdbflzj.mp4,0,0.0049759974
/home/tianlong/Downloads//test/fmsxomanga.mp4,0,0.0028980756
/home/tianlong/Downloads//test/tgwpcoljin.mp4,0,0.0010965426
/home/tianlong/Downloads//test/foynwjsqeh.mp4,0,0.008649491
/home/tianlong/Downloads//test/vdqritvjfl.mp4,0,0.0014358965
/home/tianlong/Downloads//test/egyemqrvna.mp4,0,0.0068309973
/home/tianlong/Downloads//test/xrtmepdfyh.mp4,0,0.034992915
/home/tianlong/Downloads//test/zfgjechdto.mp4,0,0.0013343672
/home/tianlong/Downloads//test/jujpqsrgll.mp4,0,0.0017774471
/home/tianlong/Downloads//test/iakzgqqova.mp4,0,0.0012140209
/home/tianlong/Downloads//test/fqdklzzkfj.mp4,0,0.0044066957
/home/tianlong/Downloads//test/dnfnxwbsoi.mp4,0,0.001059266
/home/tianlong/Downloads//test/lynaeydofd.mp4,0,0.0011073992
/home/tianlong/Downloads//test/relrfifywa.mp4,0,0.0012412795
/home/tianlong/Downloads//test/imsacxixmv.mp4,0,0.007699333
/home/tianlong/Downloads//test/rfbwukxpye.mp4,0,0.0018521494
/home/tianlong/Downloads//test/atixaudngu.mp4,0,0.003522742
/home/tianlong/Downloads//test/tcychsyltm.mp4,0,0.0011162768
/home/tianlong/Downloads//test/kifyfzqzjj.mp4,0,0.102105044
/home/tianlong/Downloads//test/irjbukzjqt.mp4,0,0.0015143004
/home/tianlong/Downloads//test/jmkkbkvbjo.mp4,0,0.17234325
/home/tianlong/Downloads//test/gflhlvhqyl.mp4,0,0.001369885
/home/tianlong/Downloads//test/myebjqbxsl.mp4,0,0.0014593877
/home/tianlong/Downloads//test/mqeqiytluf.mp4,0,0.0010739097
/home/tianlong/Downloads//test/zbsjlcsetv.mp4,0,0.0014559189
/home/tianlong/Downloads//test/lzmxqxrruv.mp4,0,0.04516497
/home/tianlong/Downloads//test/neotrnwthu.mp4,0,0.001062966
/home/tianlong/Downloads//test/vwigtbeivy.mp4,0,0.0017896327
/home/tianlong/Downloads//test/ldtscpryms.mp4,0,0.019560851
/home/tianlong/Downloads//test/sjgmmecazy.mp4,0,0.0023366383
/home/tianlong/Downloads//test/jkrbsekajk.mp4,0,0.0022879557
/home/tianlong/Downloads//test/iahzcxmuck.mp4,0,0.22549285
/home/tianlong/Downloads//test/cteqlloxwu.mp4,0,0.001069273
/home/tianlong/Downloads//test/pgqxsteufx.mp4,0,0.020564765
/home/tianlong/Downloads//test/cmuzrrlaiy.mp4,1,0.990927
/home/tianlong/Downloads//test/jxeqhujuvh.mp4,1,0.26198965
/home/tianlong/Downloads//test/ntaqujyzes.mp4,1,0.99979216
/home/tianlong/Downloads//test/ghxzsygiou.mp4,1,0.9995254
/home/tianlong/Downloads//test/lvxzjwiklq.mp4,1,0.72381973
/home/tianlong/Downloads//test/wlyvvvjgnv.mp4,1,0.9994104
/home/tianlong/Downloads//test/hexxuigzdl.mp4,1,0.21910577
/home/tianlong/Downloads//test/zynrdvlrwv.mp4,1,0.9998729
/home/tianlong/Downloads//test/kbvqzihgan.mp4,1,0.9998172
/home/tianlong/Downloads//test/razacdewcv.mp4,1,0.96366894
/home/tianlong/Downloads//test/tjlrvidbxw.mp4,1,0.7232135
/home/tianlong/Downloads//test/gcbyurxhbz.mp4,1,0.99712235
/home/tianlong/Downloads//test/xticvyqqjn.mp4,1,0.9994772
/home/tianlong/Downloads//test/gqpayiddqv.mp4,1,0.87143177
/home/tianlong/Downloads//test/zmrnjhfxed.mp4,1,0.7652987
/home/tianlong/Downloads//test/slpxqmwuqm.mp4,1,0.27121612
/home/tianlong/Downloads//test/upwsvjdtgo.mp4,1,0.0097677475
/home/tianlong/Downloads//test/zpnjiswgdt.mp4,1,0.0049385238
/home/tianlong/Downloads//test/rayxtqfosv.mp4,1,0.99896204
/home/tianlong/Downloads//test/cfhoqpdzqb.mp4,1,0.9997559
/home/tianlong/Downloads//test/okyufzgvay.mp4,1,0.98454607
/home/tianlong/Downloads//test/wgyxtquovo.mp4,1,0.9783092
/home/tianlong/Downloads//test/kicgvgukqs.mp4,1,0.8061076
/home/tianlong/Downloads//test/aolhuwcdwv.mp4,1,0.9652794
/home/tianlong/Downloads//test/clzcvdsuyp.mp4,1,0.6411944
/home/tianlong/Downloads//test/jibhugdfbs.mp4,1,0.3759536
/home/tianlong/Downloads//test/kfiszsbzob.mp4,1,0.99965274
/home/tianlong/Downloads//test/mgwtoqonaf.mp4,1,0.05450455
/home/tianlong/Downloads//test/buzqmuifod.mp4,1,0.91985315
/home/tianlong/Downloads//test/bofmetrgfm.mp4,1,0.9993474
/home/tianlong/Downloads//test/chlshvbday.mp4,1,0.41550314
/home/tianlong/Downloads//test/vxcjkgerao.mp4,1,0.90226716
/home/tianlong/Downloads//test/qxwqqhruvz.mp4,1,0.61919725
/home/tianlong/Downloads//test/hytdcdixlv.mp4,1,0.9952991
/home/tianlong/Downloads//test/buejhiahpy.mp4,1,0.99960166
/home/tianlong/Downloads//test/omotodymgb.mp4,1,0.99908423
/home/tianlong/Downloads//test/gmcvyrferj.mp4,1,0.99950516
/home/tianlong/Downloads//test/ycoaclsdov.mp4,1,0.574279
/home/tianlong/Downloads//test/scaljzcpcf.mp4,1,0.15895051
/home/tianlong/Downloads//test/uhbxhharht.mp4,1,0.83856285
/home/tianlong/Downloads//test/tmmakbzbqw.mp4,1,0.9980171
/home/tianlong/Downloads//test/mvfvefsgik.mp4,1,0.9997589
/home/tianlong/Downloads//test/inesnaprwm.mp4,1,0.9945156
/home/tianlong/Downloads//test/qqxelyjmmw.mp4,1,0.97924334
/home/tianlong/Downloads//test/dllkubdbbd.mp4,1,0.9450375
/home/tianlong/Downloads//test/ttnajmkchw.mp4,1,0.9998097
/home/tianlong/Downloads//test/kaffwaiexj.mp4,1,0.96524405
/home/tianlong/Downloads//test/dpfuqzdtrs.mp4,1,0.9976553
/home/tianlong/Downloads//test/hfvexodpht.mp4,1,0.950501
/home/tianlong/Downloads//test/vmxjsdkuju.mp4,1,0.9995364
/home/tianlong/Downloads//test/afaxsgqksm.mp4,1,0.19118603
/home/tianlong/Downloads//test/pgkipgmpgm.mp4,1,0.99884206
/home/tianlong/Downloads//test/ltkesswcyn.mp4,1,0.879217
/home/tianlong/Downloads//test/dffkcrccsj.mp4,1,0.94994897
/home/tianlong/Downloads//test/svtnilogao.mp4,1,0.019396393
/home/tianlong/Downloads//test/bzobkqewtt.mp4,1,0.99948895
/home/tianlong/Downloads//test/vemnbnqoqk.mp4,1,0.07068724
/home/tianlong/Downloads//test/nobrvdftmd.mp4,1,0.9253448
/home/tianlong/Downloads//test/qepgiaxgpc.mp4,1,0.92666376
/home/tianlong/Downloads//test/bogjubshbr.mp4,1,0.99806195
/home/tianlong/Downloads//test/uyoqozgdcy.mp4,1,0.99975175
/home/tianlong/Downloads//test/cvmmtklgst.mp4,1,0.7738594
/home/tianlong/Downloads//test/qharxzhzpl.mp4,1,0.62964
/home/tianlong/Downloads//test/sprejlmapw.mp4,1,0.05117232
/home/tianlong/Downloads//test/crzrsezocr.mp4,1,0.999124
/home/tianlong/Downloads//test/wyqhadmmcy.mp4,1,0.9997371
/home/tianlong/Downloads//test/jrjxehotww.mp4,1,0.9924172
/home/tianlong/Downloads//test/xctpdujlok.mp4,1,0.42621085
/home/tianlong/Downloads//test/hfspenqmpw.mp4,1,0.9990746
/home/tianlong/Downloads//test/jkfukzcjxd.mp4,1,0.9998429
/home/tianlong/Downloads//test/knafngkgen.mp4,1,0.93265885
/home/tianlong/Downloads//test/tswmtnhfmn.mp4,1,0.9859822
/home/tianlong/Downloads//test/qoasfzksgo.mp4,1,0.9998042
/home/tianlong/Downloads//test/hnrzuoqnkz.mp4,1,0.009258175
/home/tianlong/Downloads//test/nussrkyuzy.mp4,1,0.4654267
/home/tianlong/Downloads//test/ciwzwmlyxz.mp4,1,0.99376136
/home/tianlong/Downloads//test/dbauiiupef.mp4,1,0.65563524
/home/tianlong/Downloads//test/ywxfnlxtjg.mp4,1,0.9996619
/home/tianlong/Downloads//test/pryqgrbtnu.mp4,1,0.0016419541
/home/tianlong/Downloads//test/mbjpaydogy.mp4,1,0.78677493
/home/tianlong/Downloads//test/ihdopxhysr.mp4,1,0.99795794
/home/tianlong/Downloads//test/rgasvymjrj.mp4,1,0.9951923
/home/tianlong/Downloads//test/eclpgjjies.mp4,1,0.2962778
/home/tianlong/Downloads//test/kxptuwngop.mp4,1,0.004933889
/home/tianlong/Downloads//test/uaqvffouxp.mp4,1,0.9999075
/home/tianlong/Downloads//test/xvqzzgoabm.mp4,1,0.99848384
/home/tianlong/Downloads//test/tkgbjtcxyl.mp4,1,0.976631
/home/tianlong/Downloads//test/xlnaxrwvcx.mp4,1,0.99978405
/home/tianlong/Downloads//test/kphfzaullq.mp4,1,0.111260675
/home/tianlong/Downloads//test/rkezgzxnoo.mp4,1,0.0014617848
/home/tianlong/Downloads//test/fromclsodq.mp4,1,0.9384993
/home/tianlong/Downloads//test/nrscfrjxpb.mp4,1,0.99992
/home/tianlong/Downloads//test/ygobagrhmg.mp4,1,0.9792545
/home/tianlong/Downloads//test/hisfrixnbu.mp4,1,0.9997727
/home/tianlong/Downloads//test/duzueyonao.mp4,1,0.9993656
/home/tianlong/Downloads//test/gkknsyqbnz.mp4,1,0.3015694
/home/tianlong/Downloads//test/tmgdrjjalz.mp4,1,0.9993273
/home/tianlong/Downloads//test/iajblozgtx.mp4,1,0.0022338543
/home/tianlong/Downloads//test/ahkcchuwqq.mp4,1,0.98923457
/home/tianlong/Downloads//test/zmfiveruie.mp4,1,0.9929582
/home/tianlong/Downloads//test/xptgnpgfkn.mp4,1,0.095099784
/home/tianlong/Downloads//test/aebhowazav.mp4,1,0.051149946
/home/tianlong/Downloads//test/geulcwvfuy.mp4,1,0.095577024
/home/tianlong/Downloads//test/glzyifzrql.mp4,1,0.9962968
/home/tianlong/Downloads//test/wvmrsucbsq.mp4,1,0.999663
/home/tianlong/Downloads//test/moetggyxsc.mp4,1,0.99715555
/home/tianlong/Downloads//test/jfvnwpcjrm.mp4,1,0.99697816
/home/tianlong/Downloads//test/kaggpclkjm.mp4,1,0.9856937
/home/tianlong/Downloads//test/nacldwtuwp.mp4,1,0.9998723
/home/tianlong/Downloads//test/upwyvqbjlq.mp4,1,0.9993457
/home/tianlong/Downloads//test/tdmyjvptzv.mp4,1,0.9984262
/home/tianlong/Downloads//test/fzurflflwv.mp4,1,0.97242
/home/tianlong/Downloads//test/aakjukgjme.mp4,1,0.9998022
/home/tianlong/Downloads//test/ypepsyuwmo.mp4,1,0.009017928
/home/tianlong/Downloads//test/qxhyhhkywc.mp4,1,0.9167752
/home/tianlong/Downloads//test/iqvfopywpa.mp4,1,0.47413057
/home/tianlong/Downloads//test/xfncslssic.mp4,1,0.1652421
/home/tianlong/Downloads//test/jesstfspwv.mp4,1,0.9998703
/home/tianlong/Downloads//test/xiraodtgnt.mp4,1,0.99886096
/home/tianlong/Downloads//test/xeuzubpylq.mp4,1,0.027308397
/home/tianlong/Downloads//test/xszpbtciwo.mp4,1,0.87515795
/home/tianlong/Downloads//test/fkksbgaibl.mp4,1,0.9986589
/home/tianlong/Downloads//test/ntqzfgmhnj.mp4,1,0.9998055
/home/tianlong/Downloads//test/bizbjxafzr.mp4,1,0.39746514
/home/tianlong/Downloads//test/bxfwiuvafo.mp4,1,0.76938444
/home/tianlong/Downloads//test/jfcglbovmo.mp4,1,0.3691207
/home/tianlong/Downloads//test/odidbykbar.mp4,1,0.99908316
/home/tianlong/Downloads//test/qarbtmjwhm.mp4,1,0.99333876
/home/tianlong/Downloads//test/jeierullea.mp4,1,0.9125835
/home/tianlong/Downloads//test/lrckqkzekj.mp4,1,0.9262855
/home/tianlong/Downloads//test/riizlqngim.mp4,1,0.109609686
/home/tianlong/Downloads//test/lmcnonfhgz.mp4,1,0.8832227
/home/tianlong/Downloads//test/lkhszpabzv.mp4,1,0.45505217
/home/tianlong/Downloads//test/njqbwiajss.mp4,1,0.5949124
/home/tianlong/Downloads//test/ksqybmrwyg.mp4,1,0.99632335
/home/tianlong/Downloads//test/dxphlwcvan.mp4,1,0.9999143
/home/tianlong/Downloads//test/dgjssccxhx.mp4,1,0.9998791
/home/tianlong/Downloads//test/sbfxzmhzyv.mp4,1,0.9996215
/home/tianlong/Downloads//test/rlvgpdrgvi.mp4,1,0.99874806
/home/tianlong/Downloads//test/uzdmxmfcqe.mp4,1,0.99877626
/home/tianlong/Downloads//test/afixxjdxef.mp4,1,0.8783861
/home/tianlong/Downloads//test/fwvxtssltw.mp4,1,0.009706038
/home/tianlong/Downloads//test/jyzlvivrmr.mp4,1,0.86890185
/home/tianlong/Downloads//test/byavookkdu.mp4,1,0.9702055
/home/tianlong/Downloads//test/agyawnxlmv.mp4,1,0.37181512
/home/tianlong/Downloads//test/zjoonppreb.mp4,1,0.86351734
/home/tianlong/Downloads//test/sjzwpqupnm.mp4,1,0.06278346
/home/tianlong/Downloads//test/pobrnbspcf.mp4,1,0.69299215
/home/tianlong/Downloads//test/qdkpphviay.mp4,1,0.5235842
/home/tianlong/Downloads//test/nbyaxzmueg.mp4,1,0.97829187
/home/tianlong/Downloads//test/vfszaqentw.mp4,1,0.7825557
/home/tianlong/Downloads//test/fosovipqkg.mp4,1,0.27657312
/home/tianlong/Downloads//test/grwcxofqrx.mp4,1,0.6214497
/home/tianlong/Downloads//test/koqxhnmkjl.mp4,1,0.9550041
/home/tianlong/Downloads//test/xkukyjokbg.mp4,1,0.99984
/home/tianlong/Downloads//test/fmnzbwtjep.mp4,1,0.9604217
/home/tianlong/Downloads//test/aruyyclubn.mp4,1,0.11787103
/home/tianlong/Downloads//test/eluhuvocwr.mp4,1,0.8651693
/home/tianlong/Downloads//test/iiwffwiyrg.mp4,1,0.6477843
/home/tianlong/Downloads//test/fsbabrxhqy.mp4,1,0.07389725
/home/tianlong/Downloads//test/ymqadbkafj.mp4,1,0.99965096
/home/tianlong/Downloads//test/nptmqvfuhz.mp4,1,0.9333305
/home/tianlong/Downloads//test/usjnlahlcj.mp4,1,0.9286533
/home/tianlong/Downloads//test/hbozjjcafn.mp4,1,0.8958844
/home/tianlong/Downloads//test/cizxmeztny.mp4,1,0.9815351
/home/tianlong/Downloads//test/syxlmynhsi.mp4,1,0.93384683
/home/tianlong/Downloads//test/ezadehoecy.mp4,1,0.9994438
/home/tianlong/Downloads//test/fpliemtlco.mp4,1,0.9989837
/home/tianlong/Downloads//test/arflgfcnkg.mp4,1,0.0057423054
/home/tianlong/Downloads//test/occelhylxf.mp4,1,0.99984586
/home/tianlong/Downloads//test/uqntkvpntd.mp4,1,0.898682
/home/tianlong/Downloads//test/iatevqworc.mp4,1,0.7348629
/home/tianlong/Downloads//test/xzsmgydcub.mp4,1,0.9994273
/home/tianlong/Downloads//test/qbffpkpmkf.mp4,1,0.993152
/home/tianlong/Downloads//test/pzbpgfmroj.mp4,1,0.9995869
/home/tianlong/Downloads//test/oundixpyst.mp4,1,0.99858874
/home/tianlong/Downloads//test/hnxhwfttpy.mp4,1,0.99969923
/home/tianlong/Downloads//test/rdjwlvvwtv.mp4,1,0.98958755
/home/tianlong/Downloads//test/tcmstiljkk.mp4,1,0.76162213
/home/tianlong/Downloads//test/qbfdtumuct.mp4,1,0.97877014
/home/tianlong/Downloads//test/mxnquwuszt.mp4,1,0.41104275
/home/tianlong/Downloads//test/sjooumwlzb.mp4,1,0.99743986
/home/tianlong/Downloads//test/twhwouycfg.mp4,1,0.99113864
/home/tianlong/Downloads//test/wytpaehszj.mp4,1,0.96764106
/home/tianlong/Downloads//test/srtwhbzzlr.mp4,1,0.8982464
/home/tianlong/Downloads//test/jqjfpkuckf.mp4,1,0.0030558652
/home/tianlong/Downloads//test/yxjjfaekev.mp4,1,0.13877618
/home/tianlong/Downloads//test/cyokqrzbol.mp4,1,0.99917346
/home/tianlong/Downloads//test/mtilpvablx.mp4,1,0.4381074
/home/tianlong/Downloads//test/njwsmltmvb.mp4,1,0.34461156
/home/tianlong/Downloads//test/xkksfulade.mp4,1,0.9287957
/home/tianlong/Downloads//test/dtfgsvfmjq.mp4,1,0.99940586
/home/tianlong/Downloads//test/onaewxqqkd.mp4,1,0.022865988
/home/tianlong/Downloads//test/pazpnfrbbc.mp4,1,0.91282016
/home/tianlong/Downloads//test/kgowzoxjfq.mp4,1,0.1255356
/home/tianlong/Downloads//test/ltdwtgrads.mp4,1,0.9989298
/home/tianlong/Downloads//test/znistrajpw.mp4,1,0.9996511
/home/tianlong/Downloads//test/yfhzmfhojv.mp4,1,0.9983334
/home/tianlong/Downloads//test/spkorcenyh.mp4,1,0.9352017
/home/tianlong/Downloads//test/axopbbxwzr.mp4,1,0.063492075
/home/tianlong/Downloads//test/hxrruqinnh.mp4,1,0.99842095
/home/tianlong/Downloads//test/tkaybnjwhg.mp4,1,0.99964404
/home/tianlong/Downloads//test/lhwwhjhyqx.mp4,1,0.9970983
/home/tianlong/Downloads//test/btxjufhiaz.mp4,1,0.037053086
/home/tianlong/Downloads//test/dnhaskulaj.mp4,1,0.9972084
/home/tianlong/Downloads//test/vxqofldgze.mp4,1,0.9996443
/home/tianlong/Downloads//test/ddjzmyabyu.mp4,1,0.25124198
/home/tianlong/Downloads//test/mgahaaogif.mp4,1,0.99986935
/home/tianlong/Downloads//test/ktmdpragph.mp4,1,0.9999244
/home/tianlong/Downloads//test/xazdhdnwhh.mp4,1,0.9997613
/home/tianlong/Downloads//test/qnslgeajnt.mp4,1,0.99869823
/home/tianlong/Downloads//test/sivrgbsaog.mp4,1,0.5528856
/home/tianlong/Downloads//test/uzmuovkewv.mp4,1,0.9995388
/home/tianlong/Downloads//test/tvazrcdkpq.mp4,1,0.87988186
/home/tianlong/Downloads//test/jbatiwjmzh.mp4,1,0.55563813
/home/tianlong/Downloads//test/hmiylncrva.mp4,1,0.19631852
/home/tianlong/Downloads//test/uxkojffbsr.mp4,1,0.74913955
/home/tianlong/Downloads//test/crbcrxqftw.mp4,1,0.998563
/home/tianlong/Downloads//test/yermnsnlgf.mp4,1,0.9997918
/home/tianlong/Downloads//test/gipcvghjiy.mp4,1,0.22757566
/home/tianlong/Downloads//test/iwcfxyoimw.mp4,1,0.99944836
/home/tianlong/Downloads//test/kozaofkgvk.mp4,1,0.9734595
/home/tianlong/Downloads//test/xlgevjtsog.mp4,1,0.99987185
/home/tianlong/Downloads//test/bpjkimtqtz.mp4,1,0.99909866
/home/tianlong/Downloads//test/pdnwaekrtn.mp4,1,0.9862916
/home/tianlong/Downloads//test/toxsrzsksc.mp4,1,0.9957461
/home/tianlong/Downloads//test/oejfypsbfh.mp4,1,0.071472645
/home/tianlong/Downloads//test/hwyuwbnszo.mp4,1,0.99793077
/home/tianlong/Downloads//test/acgyspwyqr.mp4,1,0.33549625
/home/tianlong/Downloads//test/oitcqmvnsa.mp4,1,0.999806
/home/tianlong/Downloads//test/pdqqkuclvd.mp4,1,0.99914503
/home/tianlong/Downloads//test/slsyjvgfpu.mp4,1,0.88545394
/home/tianlong/Downloads//test/xmdfnldfyc.mp4,1,0.99976724
/home/tianlong/Downloads//test/ynkzlkahux.mp4,1,0.35744715
/home/tianlong/Downloads//test/szjbkskyph.mp4,1,0.99942434
/home/tianlong/Downloads//test/yyiiywtiry.mp4,1,0.9981402
/home/tianlong/Downloads//test/crvotfojeq.mp4,1,0.05709466
/home/tianlong/Downloads//test/rsqblsfgli.mp4,1,0.9999249
/home/tianlong/Downloads//test/becqadbtkb.mp4,1,0.9994411
/home/tianlong/Downloads//test/afqaubpglg.mp4,1,0.9536368
/home/tianlong/Downloads//test/pwplooonzr.mp4,1,0.998609
/home/tianlong/Downloads//test/vjegxiyvla.mp4,1,0.29820427
/home/tianlong/Downloads//test/jbwtbfbdko.mp4,1,0.9999039
/home/tianlong/Downloads//test/toggbitvfd.mp4,1,0.039281778
/home/tianlong/Downloads//test/xpfhawmzbe.mp4,1,0.9300307
/home/tianlong/Downloads//test/kjwdinzplo.mp4,1,0.99966204
/home/tianlong/Downloads//test/jrkdzpijpb.mp4,1,0.99850637
/home/tianlong/Downloads//test/lbnuxynggy.mp4,1,0.369779
/home/tianlong/Downloads//test/iorrylopzn.mp4,1,0.99982786
/home/tianlong/Downloads//test/yasxapunrf.mp4,1,0.8044202
/home/tianlong/Downloads//test/suohrphvbe.mp4,1,0.0065931943
/home/tianlong/Downloads//test/salsuwvckq.mp4,1,0.99774927
/home/tianlong/Downloads//test/eclnowceyi.mp4,1,0.99122494
/home/tianlong/Downloads//test/wvtymfvbwq.mp4,1,0.058669873
/home/tianlong/Downloads//test/rsjhmrvdwg.mp4,1,0.97279686
/home/tianlong/Downloads//test/qtvhpmoukj.mp4,1,0.99979526
/home/tianlong/Downloads//test/svqkfjfucw.mp4,1,0.8342851
/home/tianlong/Downloads//test/jdlqmnhuix.mp4,1,0.48919162
/home/tianlong/Downloads//test/ltmkgkppwx.mp4,1,0.94060206
/home/tianlong/Downloads//test/zaoyocjkgw.mp4,1,0.93968487
/home/tianlong/Downloads//test/vgrhobnbfo.mp4,1,0.9997117
/home/tianlong/Downloads//test/eeeuzozcdc.mp4,1,0.8902066
/home/tianlong/Downloads//test/ikgxqbhmlv.mp4,1,0.99976975
/home/tianlong/Downloads//test/zyeakowujw.mp4,1,0.999579
/home/tianlong/Downloads//test/uerapqglmr.mp4,1,0.81373525
/home/tianlong/Downloads//test/fmuncwjpej.mp4,1,0.9998103
/home/tianlong/Downloads//test/xllzvdxwiv.mp4,1,0.15090635
/home/tianlong/Downloads//test/giuymhlbyo.mp4,1,0.9994867
/home/tianlong/Downloads//test/bubbmjnmge.mp4,1,0.9995135
/home/tianlong/Downloads//test/qwqefbalkv.mp4,1,0.9788832
/home/tianlong/Downloads//test/aupsxowdcp.mp4,1,0.021110903
/home/tianlong/Downloads//test/apjovfzzft.mp4,1,0.99822396
/home/tianlong/Downloads//test/yjbnaqwxyf.mp4,1,0.99370605
/home/tianlong/Downloads//test/dajlkmlvch.mp4,1,0.9554163
/home/tianlong/Downloads//test/egwzzhemvk.mp4,1,0.999071
/home/tianlong/Downloads//test/vlhrgeyvqy.mp4,1,0.98118824
/home/tianlong/Downloads//test/vpolvvzwsw.mp4,1,0.9993794
/home/tianlong/Downloads//test/ddkcxrncmq.mp4,1,0.99954563
/home/tianlong/Downloads//test/fncnobpzzx.mp4,1,0.9998772
/home/tianlong/Downloads//test/lhayhvqjmg.mp4,1,0.76136917
/home/tianlong/Downloads//test/yboofyemks.mp4,1,0.99978083
/home/tianlong/Downloads//test/wzkovvmdkq.mp4,1,0.09067623
/home/tianlong/Downloads//test/axxldpmbat.mp4,1,0.9956215
/home/tianlong/Downloads//test/piovymzozl.mp4,1,0.027105331
/home/tianlong/Downloads//test/ymjrnwsjxt.mp4,1,0.9837609
/home/tianlong/Downloads//test/jfxroglrst.mp4,1,0.8302044
/home/tianlong/Downloads//test/qzyaijdbfe.mp4,1,0.98735833
/home/tianlong/Downloads//test/gzwzxbtkpd.mp4,1,0.9998672
/home/tianlong/Downloads//test/bgssriyozb.mp4,1,0.78314173
/home/tianlong/Downloads//test/wqtraebanl.mp4,1,0.8547999
/home/tianlong/Downloads//test/lovkthgavz.mp4,1,0.803551
/home/tianlong/Downloads//test/vpgjaoyvir.mp4,1,0.99962103
/home/tianlong/Downloads//test/btlqqvfuck.mp4,1,0.042872798
/home/tianlong/Downloads//test/zzxidpsxmv.mp4,1,0.48226565
/home/tianlong/Downloads//test/qzuhjrhozy.mp4,1,0.043018337
/home/tianlong/Downloads//test/rtuaxyuvqs.mp4,1,0.9996375
/home/tianlong/Downloads//test/vybbullejj.mp4,1,0.9998708
/home/tianlong/Downloads//test/lblweiecpx.mp4,1,0.8676005
/home/tianlong/Downloads//test/qkchcuiljp.mp4,1,0.9951578
/home/tianlong/Downloads//test/roivdutkrz.mp4,1,0.9993998
/home/tianlong/Downloads//test/rziziscker.mp4,1,0.9993297
/home/tianlong/Downloads//test/zsdmgllhck.mp4,1,0.99848527
/home/tianlong/Downloads//test/kpkzqbpivj.mp4,1,0.69982564
/home/tianlong/Downloads//test/tgkjhdyxww.mp4,1,0.9852823
/home/tianlong/Downloads//test/zubaiztkag.mp4,1,0.99953914
/home/tianlong/Downloads//test/figxvsdmsb.mp4,1,0.0034076287
/home/tianlong/Downloads//test/enzlliylet.mp4,1,0.9991725
/home/tianlong/Downloads//test/acekgkqgdg.mp4,1,0.50173527
/home/tianlong/Downloads//test/ljrikjsgis.mp4,1,0.8024745
/home/tianlong/Downloads//test/vawotznxqn.mp4,1,0.33213887
/home/tianlong/Downloads//test/jsqtbnxnpb.mp4,1,0.9987225
/home/tianlong/Downloads//test/yibeqxcadd.mp4,1,0.9997354
/home/tianlong/Downloads//test/zvgekhyszq.mp4,1,0.78132266
/home/tianlong/Downloads//test/luisdnrumh.mp4,1,0.9996214
/home/tianlong/Downloads//test/xffjesgeey.mp4,1,0.971925
/home/tianlong/Downloads//test/haesrhzukc.mp4,1,0.77125037
/home/tianlong/Downloads//test/uwccodyhgh.mp4,1,0.9991578
/home/tianlong/Downloads//test/msdtzpmmae.mp4,1,0.9995308
/home/tianlong/Downloads//test/zgiypcmpic.mp4,1,0.9967385
/home/tianlong/Downloads//test/olkcmrmvbh.mp4,1,0.9732762
/home/tianlong/Downloads//test/kiffbbtjfe.mp4,1,0.14556019
/home/tianlong/Downloads//test/junzzlnlfw.mp4,1,0.9968265
/home/tianlong/Downloads//test/qkgicklwyn.mp4,1,0.08747897
/home/tianlong/Downloads//test/wluigkzjdl.mp4,1,0.93433833
/home/tianlong/Downloads//test/rsnrcisldc.mp4,1,0.9945539
/home/tianlong/Downloads//test/asiuftijhs.mp4,1,0.99764365
/home/tianlong/Downloads//test/yjloopcthi.mp4,1,0.0034726388
/home/tianlong/Downloads//test/tzzwqaxtrk.mp4,1,0.9997408
/home/tianlong/Downloads//test/tmfvsxrxnk.mp4,1,0.9997298
/home/tianlong/Downloads//test/dlsdmdraln.mp4,1,0.001946847
/home/tianlong/Downloads//test/rkygzeyegz.mp4,1,0.9983327
/home/tianlong/Downloads//test/truremwrti.mp4,1,0.993909
/home/tianlong/Downloads//test/depcrcqwai.mp4,1,0.7861205
/home/tianlong/Downloads//test/jovohczybs.mp4,1,0.98302126
/home/tianlong/Downloads//test/udcpjfvqro.mp4,1,0.99873286
/home/tianlong/Downloads//test/yxlkovjssa.mp4,1,0.9997675
/home/tianlong/Downloads//test/trltdpitif.mp4,1,0.99969447
/home/tianlong/Downloads//test/hwufwjdaai.mp4,1,0.75761425
/home/tianlong/Downloads//test/vgfxjwupga.mp4,1,0.99952245
/home/tianlong/Downloads//test/jejjcsijvc.mp4,1,0.98414224
/home/tianlong/Downloads//test/yjpfhrfyfn.mp4,1,0.7683884
/home/tianlong/Downloads//test/izyqqybmcq.mp4,1,0.091116525
/home/tianlong/Downloads//test/xjnflcfxhn.mp4,1,0.9999039
/home/tianlong/Downloads//test/zidsbdilrm.mp4,1,0.6199391
/home/tianlong/Downloads//test/lepqvhstws.mp4,1,0.9993957
/home/tianlong/Downloads//test/eabghyltka.mp4,1,0.90602714
/home/tianlong/Downloads//test/qxgwcsugvd.mp4,1,0.9979505
/home/tianlong/Downloads//test/oitqddnspw.mp4,1,0.99985695
/home/tianlong/Downloads//test/jiddesrgoi.mp4,1,0.9995091
/home/tianlong/Downloads//test/whsqzlklam.mp4,1,0.99973875
/home/tianlong/Downloads//test/hwspklkjol.mp4,1,0.86593646
/home/tianlong/Downloads//test/mgxdtegobh.mp4,1,0.9743605
/home/tianlong/Downloads//test/dkvxzocpnx.mp4,1,0.999534
/home/tianlong/Downloads//test/zxjiwvyzbs.mp4,1,0.9981123
/home/tianlong/Downloads//test/qysxqoredd.mp4,1,0.9249948
/home/tianlong/Downloads//test/angqjpzdts.mp4,1,0.9998073
/home/tianlong/Downloads//test/slbhiftdwk.mp4,1,0.9933708
/home/tianlong/Downloads//test/ctsjalmkpx.mp4,1,0.99974734
/home/tianlong/Downloads//test/jrwqouwlzc.mp4,1,0.61503965
/home/tianlong/Downloads//test/vcqcervdzi.mp4,1,0.9414271
/home/tianlong/Downloads//test/mxczokbutl.mp4,1,0.9912548
/home/tianlong/Downloads//test/qawqquinvi.mp4,1,0.99890924
/home/tianlong/Downloads//test/cqiyijvrcj.mp4,1,0.9995203
/home/tianlong/Downloads//test/wypdykzzma.mp4,1,0.98170245
/home/tianlong/Downloads//test/zdurkznxhi.mp4,1,0.8497768
/home/tianlong/Downloads//test/llwjpzzrur.mp4,1,0.9946562
/home/tianlong/Downloads//test/stmqpsakem.mp4,1,0.32036528
/home/tianlong/Downloads//test/hqfxruqynj.mp4,1,0.9997241
/home/tianlong/Downloads//test/cotxffvovx.mp4,1,0.9996402
/home/tianlong/Downloads//test/yiwyejujhz.mp4,1,0.9913049
/home/tianlong/Downloads//test/azkhkminwu.mp4,1,0.9993123
/home/tianlong/Downloads//test/yoicqcpxgm.mp4,1,0.9982845
/home/tianlong/Downloads//test/kcpamicxjs.mp4,1,0.525301
/home/tianlong/Downloads//test/mbnvlpwewk.mp4,1,0.998912
/home/tianlong/Downloads//test/wjqdwzowcg.mp4,1,0.9594047
/home/tianlong/Downloads//test/vqtspwkgwe.mp4,1,0.88407123
/home/tianlong/Downloads//test/rurhyzsnyi.mp4,1,0.68436253
/home/tianlong/Downloads//test/sipuxpudya.mp4,1,0.9742501
/home/tianlong/Downloads//test/scchmtbzar.mp4,1,0.99982446
/home/tianlong/Downloads//test/qyhlzalxzm.mp4,1,0.52725405
/home/tianlong/Downloads//test/ektrtuwidv.mp4,1,0.9988445
/home/tianlong/Downloads//test/scbfkrlytb.mp4,1,0.23156948
/home/tianlong/Downloads//test/kxnsmwhqtl.mp4,1,0.056906253
/home/tianlong/Downloads//test/fiayeurvwb.mp4,1,0.9998142
/home/tianlong/Downloads//test/xpuntxtdbs.mp4,1,0.53218895
/home/tianlong/Downloads//test/edvyxmzpoy.mp4,1,0.099952176
/home/tianlong/Downloads//test/thnywrwayf.mp4,1,0.99958867
/home/tianlong/Downloads//test/xojauzdavy.mp4,1,0.449823
/home/tianlong/Downloads//test/kaajaxzivt.mp4,1,0.96867204
/home/tianlong/Downloads//test/fmvdkhucsz.mp4,1,0.91289735
/home/tianlong/Downloads//test/mdkqmouddq.mp4,1,0.31713673
/home/tianlong/Downloads//test/ehtvcnlsfl.mp4,1,0.9994203
/home/tianlong/Downloads//test/iizsrcugyd.mp4,1,0.8337579
/home/tianlong/Downloads//test/hurlxdpsxl.mp4,1,0.8087785
/home/tianlong/Downloads//test/rvfhfbutlx.mp4,1,0.999524
/home/tianlong/Downloads//test/ycxkcnwrbw.mp4,1,0.9635432
/home/tianlong/Downloads//test/jrmgqzgcmj.mp4,1,0.04239738
/home/tianlong/Downloads//test/cinrseylyp.mp4,1,0.9923483
/home/tianlong/Downloads//test/uhvmrfksax.mp4,1,0.3877934
/home/tianlong/Downloads//test/djjdzsivvi.mp4,1,0.99965036
/home/tianlong/Downloads//test/pmulgdcejl.mp4,1,0.9998246
/home/tianlong/Downloads//test/ngvbaolyub.mp4,1,0.99935645
/home/tianlong/Downloads//test/kpyyjmxmoj.mp4,1,0.9976623
/home/tianlong/Downloads//test/xhizcimlzp.mp4,1,0.0019248559
/home/tianlong/Downloads//test/ulygywporv.mp4,1,0.3377493
/home/tianlong/Downloads//test/psunkvudmg.mp4,1,0.9998311
/home/tianlong/Downloads//test/ctarrlrgdy.mp4,1,0.92048234
/home/tianlong/Downloads//test/hdzygqltzu.mp4,1,0.9996972
/home/tianlong/Downloads//test/rvtfddfweu.mp4,1,0.9913045
/home/tianlong/Downloads//test/kaeouvuasm.mp4,1,0.012775897
/home/tianlong/Downloads//test/rzivzpozjr.mp4,1,0.9987436
/home/tianlong/Downloads//test/stfqbsbvfy.mp4,1,0.90834266
/home/tianlong/Downloads//test/qbhoufagsa.mp4,1,0.99847955
/home/tianlong/Downloads//test/xycfzkbnhy.mp4,1,0.45481527
/home/tianlong/Downloads//test/zudnvkagjk.mp4,1,0.99924004
/home/tianlong/Downloads//test/feaqnlczwc.mp4,1,0.9999193
/home/tianlong/Downloads//test/rqviqcsbzw.mp4,1,0.99872017
/home/tianlong/Downloads//test/dhfcwchsir.mp4,1,0.9552207
/home/tianlong/Downloads//test/cglpyitrzw.mp4,1,0.23505645
/home/tianlong/Downloads//test/yjypqyrhyi.mp4,1,0.99916124
/home/tianlong/Downloads//test/fokuimoqkh.mp4,1,0.9991425
/home/tianlong/Downloads//test/xzouvgiqha.mp4,1,0.9940163
/home/tianlong/Downloads//test/qyjbhkeqes.mp4,1,0.9997805
/home/tianlong/Downloads//test/phngwcpbqw.mp4,1,0.7334824
/home/tianlong/Downloads//test/rjcjcdkzkw.mp4,1,0.3105709
/home/tianlong/Downloads//test/legilvljip.mp4,1,0.9993513
/home/tianlong/Downloads//test/bukegrztbb.mp4,1,0.9988135
/home/tianlong/Downloads//test/yvaxmtbtgx.mp4,1,0.9995208
/home/tianlong/Downloads//test/saljlsmnet.mp4,1,0.43292493
/home/tianlong/Downloads//test/ezupajzwdl.mp4,1,0.99953437
/home/tianlong/Downloads//test/xeszevnech.mp4,1,0.20863023
/home/tianlong/Downloads//test/fbqwomdehr.mp4,1,0.11889264
/home/tianlong/Downloads//test/itdywxjknn.mp4,1,0.8726728
/home/tianlong/Downloads//test/zwupuzlefv.mp4,1,0.99930024
/home/tianlong/Downloads//test/qcrofjquht.mp4,1,0.78139395
/home/tianlong/Downloads//test/jblkcfejih.mp4,1,0.99749655
/home/tianlong/Downloads//test/howruupkxw.mp4,1,0.9994467
/home/tianlong/Downloads//test/xslxboadvn.mp4,1,0.99614394
/home/tianlong/Downloads//test/rzykslnkdi.mp4,1,0.9984126
/home/tianlong/Downloads//test/govjvzfbcj.mp4,1,0.62469083
/home/tianlong/Downloads//test/fwbvksfidm.mp4,1,0.7386169
/home/tianlong/Downloads//test/khokwspqph.mp4,1,0.8197037
/home/tianlong/Downloads//test/sslrtrxyaj.mp4,1,0.9998884
/home/tianlong/Downloads//test/zdmknyhzoo.mp4,1,0.99985194
/home/tianlong/Downloads//test/rzjpckpslj.mp4,1,0.90656126
/home/tianlong/Downloads//test/pscilvlcfe.mp4,1,0.9868174
/home/tianlong/Downloads//test/rlwkdhgoqw.mp4,1,0.7619626
/home/tianlong/Downloads//test/cmpkopoabr.mp4,1,0.9998857
/home/tianlong/Downloads//test/dbljnexmlf.mp4,1,0.9874117
/home/tianlong/Downloads//test/atfuphvjft.mp4,1,0.99978036
/home/tianlong/Downloads//test/zdldobedod.mp4,1,0.5301106
/home/tianlong/Downloads//test/iknfqmugud.mp4,1,0.98586965
/home/tianlong/Downloads//test/whusuiiqmt.mp4,1,0.74249303
/home/tianlong/Downloads//test/ksrnzzbcsz.mp4,1,0.98915255
/home/tianlong/Downloads//test/xxhuecshhw.mp4,1,0.9975782
/home/tianlong/Downloads//test/okmlcbefeu.mp4,1,0.8386503
/home/tianlong/Downloads//test/xryrhuskyd.mp4,1,0.76383674
/home/tianlong/Downloads//test/wevygelkrl.mp4,1,0.05150653
/home/tianlong/Downloads//test/rdpausigpg.mp4,1,0.99958664
/home/tianlong/Downloads//test/fdziwiuoer.mp4,1,0.9123593
/home/tianlong/Downloads//test/kykmrtoitd.mp4,1,0.9979664
/home/tianlong/Downloads//test/eacsjvcmlp.mp4,1,0.96962434
/home/tianlong/Downloads//test/asvuutypvz.mp4,1,0.99081963
/home/tianlong/Downloads//test/nucqorkejg.mp4,1,0.9986267
/home/tianlong/Downloads//test/ctpexqamtx.mp4,1,0.9998473
/home/tianlong/Downloads//test/vnsxdkjjtk.mp4,1,0.99979514
/home/tianlong/Downloads//test/cktsyobheu.mp4,1,0.059295096
/home/tianlong/Downloads//test/kccicuhxgk.mp4,1,0.9998466
/home/tianlong/Downloads//test/qckjihxoze.mp4,1,0.9964212
/home/tianlong/Downloads//test/gvqtnedfso.mp4,1,0.746959
/home/tianlong/Downloads//test/ajxkvlpgov.mp4,1,0.8921278
/home/tianlong/Downloads//test/srlilcjhaf.mp4,1,0.98739654
/home/tianlong/Downloads//test/qfjxksudna.mp4,1,0.99756587
/home/tianlong/Downloads//test/hstvglyexy.mp4,1,0.023457354
/home/tianlong/Downloads//test/jyyvhnsyys.mp4,1,0.94500744
/home/tianlong/Downloads//test/whxqigkgyk.mp4,1,0.99970466
/home/tianlong/Downloads//test/mqzrlecakr.mp4,1,0.58975285
/home/tianlong/Downloads//test/aeplbqxnge.mp4,1,0.0036822995
/home/tianlong/Downloads//test/inwaznexiv.mp4,1,0.9998987
/home/tianlong/Downloads//test/anfupdhmyr.mp4,1,0.0030542633
/home/tianlong/Downloads//test/wbvlgevkmb.mp4,1,0.9848585
/home/tianlong/Downloads//test/uiykwgaarz.mp4,1,0.9060177
/home/tianlong/Downloads//test/nvarnevska.mp4,1,0.9997955
/home/tianlong/Downloads//test/ooczenomzk.mp4,1,0.20128086
/home/tianlong/Downloads//test/qtjuhlppot.mp4,1,0.2250849
/home/tianlong/Downloads//test/drqtyzvhdd.mp4,1,0.09208119
/home/tianlong/Downloads//test/ytljvippwv.mp4,1,0.9997173
/home/tianlong/Downloads//test/skrqoagxle.mp4,1,0.9928382
/home/tianlong/Downloads//test/shwkznunyp.mp4,1,0.9998354
/home/tianlong/Downloads//test/tlsoagxovk.mp4,1,0.10453611
/home/tianlong/Downloads//test/enpshnkugu.mp4,1,0.99699366
/home/tianlong/Downloads//test/vitjdpnfpi.mp4,1,0.7735249
/home/tianlong/Downloads//test/jovrnujurf.mp4,1,0.9992459
/home/tianlong/Downloads//test/sbwemwjlsl.mp4,1,0.9997228
/home/tianlong/Downloads//test/uclzxnftij.mp4,1,0.999681
/home/tianlong/Downloads//test/sdqjjttckw.mp4,1,0.8711042
/home/tianlong/Downloads//test/wtmggpeiom.mp4,1,0.9999044
