Video,Label,Prediction
/home/tianlong/Downloads//test/myvwyfdnxu.mp4,0,0.00035677134
/home/tianlong/Downloads//test/uxgkqpiykp.mp4,0,3.5467867e-06
/home/tianlong/Downloads//test/qyscponfaf.mp4,0,4.3579454e-05
/home/tianlong/Downloads//test/tmgmbnzrrz.mp4,0,0.006743663
/home/tianlong/Downloads//test/wfmeffvvce.mp4,0,0.0140313655
/home/tianlong/Downloads//test/fwrcfaglhz.mp4,0,0.009135111
/home/tianlong/Downloads//test/itfzfpuilx.mp4,0,5.0664203e-05
/home/tianlong/Downloads//test/wupoiiknff.mp4,0,0.00014039088
/home/tianlong/Downloads//test/dscprfjses.mp4,0,0.033949796
/home/tianlong/Downloads//test/ofntcunuqn.mp4,0,0.0029651455
/home/tianlong/Downloads//test/imnzannmcr.mp4,0,0.0003803096
/home/tianlong/Downloads//test/jidkzoagws.mp4,0,4.0575705e-05
/home/tianlong/Downloads//test/nkpqkddsgt.mp4,0,0.0023868333
/home/tianlong/Downloads//test/xqmrrciral.mp4,0,0.00012367783
/home/tianlong/Downloads//test/ykfllpyawg.mp4,0,0.00076622324
/home/tianlong/Downloads//test/bpieoyctzo.mp4,0,0.0025173586
/home/tianlong/Downloads//test/wjrepvzlsv.mp4,0,0.09233716
/home/tianlong/Downloads//test/voucpidonq.mp4,0,5.4594868e-05
/home/tianlong/Downloads//test/fxfxtrrkeq.mp4,0,0.0012600068
/home/tianlong/Downloads//test/qggfpdkyzi.mp4,0,0.0022833848
/home/tianlong/Downloads//test/xyucutnxhz.mp4,0,3.6587703e-06
/home/tianlong/Downloads//test/rkxepdkger.mp4,0,0.00013340804
/home/tianlong/Downloads//test/fxxpxoqoxp.mp4,0,0.00010768433
/home/tianlong/Downloads//test/jkxxwfycsj.mp4,0,0.3083645
/home/tianlong/Downloads//test/qbearsyziz.mp4,0,0.001093066
/home/tianlong/Downloads//test/kyrbveruev.mp4,0,0.00030623033
/home/tianlong/Downloads//test/pdyrvsvwyi.mp4,0,2.362709e-05
/home/tianlong/Downloads//test/bpxxmxuvuy.mp4,0,0.049108006
/home/tianlong/Downloads//test/ekxsduhvwh.mp4,0,5.9992057e-05
/home/tianlong/Downloads//test/ocsqqqduxx.mp4,0,6.772745e-05
/home/tianlong/Downloads//test/qufzdwetss.mp4,0,0.00031316042
/home/tianlong/Downloads//test/vwqrtxbwye.mp4,0,0.5590593
/home/tianlong/Downloads//test/zuduvanawx.mp4,0,0.0014417206
/home/tianlong/Downloads//test/rkjhxvdnsv.mp4,0,3.4671757e-05
/home/tianlong/Downloads//test/hpcivouyku.mp4,0,0.0005415339
/home/tianlong/Downloads//test/vgndywbmgf.mp4,0,0.00045416396
/home/tianlong/Downloads//test/hfgczdzbix.mp4,0,0.00029605418
/home/tianlong/Downloads//test/rwehwmmutn.mp4,0,3.874888e-06
/home/tianlong/Downloads//test/jyfnzyvznx.mp4,0,0.00014812863
/home/tianlong/Downloads//test/jxpodcendq.mp4,0,0.26760837
/home/tianlong/Downloads//test/kgynainlug.mp4,0,0.00045446874
/home/tianlong/Downloads//test/hqgervpkkf.mp4,0,0.0048012426
/home/tianlong/Downloads//test/defeqlyysh.mp4,0,0.34048298
/home/tianlong/Downloads//test/xzkwbswkao.mp4,0,0.00022910771
/home/tianlong/Downloads//test/hhdblnxhtj.mp4,0,1.6011612e-05
/home/tianlong/Downloads//test/oaptmwroki.mp4,0,0.00010037768
/home/tianlong/Downloads//test/djlkkqmjkk.mp4,0,0.0015017049
/home/tianlong/Downloads//test/motfposykz.mp4,0,0.0018275816
/home/tianlong/Downloads//test/shvfupmrho.mp4,0,0.0003257294
/home/tianlong/Downloads//test/escwmsthiz.mp4,0,0.0008251853
/home/tianlong/Downloads//test/ctpypmzfnl.mp4,0,0.00010173221
/home/tianlong/Downloads//test/sjqrdyzkgl.mp4,0,0.0016294963
/home/tianlong/Downloads//test/ddrjnwlugg.mp4,0,0.008436541
/home/tianlong/Downloads//test/hxfqltenqh.mp4,0,4.8373067e-06
/home/tianlong/Downloads//test/umerhoubxw.mp4,0,0.00015179557
/home/tianlong/Downloads//test/jxrpqynwlt.mp4,0,8.3867024e-05
/home/tianlong/Downloads//test/hprzotbjtj.mp4,0,0.00019803453
/home/tianlong/Downloads//test/cqewayywpg.mp4,0,9.6309624e-05
/home/tianlong/Downloads//test/nvptcoxzah.mp4,0,0.035279315
/home/tianlong/Downloads//test/uvzlfuxalu.mp4,0,0.38921723
/home/tianlong/Downloads//test/mfcbgbcuvb.mp4,0,8.627591e-06
/home/tianlong/Downloads//test/tmtoypmqwt.mp4,0,0.4388953
/home/tianlong/Downloads//test/bsjucwhlrj.mp4,0,0.00023790386
/home/tianlong/Downloads//test/hlsubhyoea.mp4,0,0.0001548124
/home/tianlong/Downloads//test/deslnszgpy.mp4,0,4.3813576e-05
/home/tianlong/Downloads//test/tfwdbkwvgz.mp4,0,8.8295434e-05
/home/tianlong/Downloads//test/ufxafdxpat.mp4,0,8.517059e-05
/home/tianlong/Downloads//test/lmacrzidyh.mp4,0,0.00026879366
/home/tianlong/Downloads//test/wyiajvmitt.mp4,0,0.50075305
/home/tianlong/Downloads//test/xbdnqfbxcv.mp4,0,3.9074175e-06
/home/tianlong/Downloads//test/mhfnldxixw.mp4,0,6.156803e-05
/home/tianlong/Downloads//test/pfiigjlcct.mp4,0,0.00030795118
/home/tianlong/Downloads//test/ldtibsniik.mp4,0,7.44057e-05
/home/tianlong/Downloads//test/gwzttezkpv.mp4,0,0.0001868316
/home/tianlong/Downloads//test/pevmkpamhv.mp4,0,0.00056923955
/home/tianlong/Downloads//test/zcfpsnaujx.mp4,0,0.0002182471
/home/tianlong/Downloads//test/slvcfpalev.mp4,0,0.0012377668
/home/tianlong/Downloads//test/ctdwtfcjei.mp4,0,0.0038984108
/home/tianlong/Downloads//test/vxwsisekmb.mp4,0,0.00029729577
/home/tianlong/Downloads//test/pkoadvlpga.mp4,0,0.00012250071
/home/tianlong/Downloads//test/ofapaanpkl.mp4,0,0.00052843255
/home/tianlong/Downloads//test/huzryvwrfa.mp4,0,0.00041867403
/home/tianlong/Downloads//test/knjoasqzvt.mp4,0,0.087674685
/home/tianlong/Downloads//test/cedpyannqf.mp4,0,0.00025561216
/home/tianlong/Downloads//test/mdwtpvlbrz.mp4,0,0.00010643265
/home/tianlong/Downloads//test/hfcxlucrbj.mp4,0,0.001469399
/home/tianlong/Downloads//test/wbsajsyaej.mp4,0,0.00010866662
/home/tianlong/Downloads//test/tbqrwehekx.mp4,0,0.019711548
/home/tianlong/Downloads//test/shslgpeisw.mp4,0,0.00072844024
/home/tianlong/Downloads//test/epgfqrvwlr.mp4,0,0.00012645726
/home/tianlong/Downloads//test/fduhwlydlg.mp4,0,1.9710273e-05
/home/tianlong/Downloads//test/cpmridjxbc.mp4,0,0.0007657615
/home/tianlong/Downloads//test/kphflojove.mp4,0,0.0032540753
/home/tianlong/Downloads//test/hlcpwfwcyw.mp4,0,0.0018160623
/home/tianlong/Downloads//test/bpeemkcxad.mp4,0,0.40538877
/home/tianlong/Downloads//test/jkadnvoqhk.mp4,0,0.0038735778
/home/tianlong/Downloads//test/lzzpsosige.mp4,0,0.000119453085
/home/tianlong/Downloads//test/pxtwhbaxjq.mp4,0,0.04945279
/home/tianlong/Downloads//test/pxgcsltbuo.mp4,0,0.0007112626
/home/tianlong/Downloads//test/gmepmwcgwg.mp4,0,0.000116769996
/home/tianlong/Downloads//test/tnetytnegv.mp4,0,4.5836227e-06
/home/tianlong/Downloads//test/sxmqvznwwq.mp4,0,0.000967573
/home/tianlong/Downloads//test/partcfzlbj.mp4,0,0.00012002806
/home/tianlong/Downloads//test/tnkmovifrb.mp4,0,0.29778346
/home/tianlong/Downloads//test/dpgznlwvpx.mp4,0,1.0389538e-05
/home/tianlong/Downloads//test/mbpbbekqks.mp4,0,0.24448451
/home/tianlong/Downloads//test/hdbejalgtx.mp4,0,0.00011773706
/home/tianlong/Downloads//test/bmdiaytrcm.mp4,0,0.00042994617
/home/tianlong/Downloads//test/yghxoihrle.mp4,0,0.000168136
/home/tianlong/Downloads//test/vcgelshrli.mp4,0,9.961254e-05
/home/tianlong/Downloads//test/yvdnbmbwyh.mp4,0,0.7868506
/home/tianlong/Downloads//test/kmakhupeac.mp4,0,0.30190104
/home/tianlong/Downloads//test/ccevbixrwu.mp4,0,0.00029362057
/home/tianlong/Downloads//test/edavfjsjzw.mp4,0,0.005123901
/home/tianlong/Downloads//test/znmzmierff.mp4,0,3.0189327e-05
/home/tianlong/Downloads//test/kiotoqmmfj.mp4,0,0.5237229
/home/tianlong/Downloads//test/nqctdktbtb.mp4,0,0.0119440425
/home/tianlong/Downloads//test/inneixkosf.mp4,0,7.9592384e-05
/home/tianlong/Downloads//test/occrrsyizc.mp4,0,4.3395135e-05
/home/tianlong/Downloads//test/zfecmsiodq.mp4,0,0.00044262438
/home/tianlong/Downloads//test/haknpmhigp.mp4,0,0.00011777787
/home/tianlong/Downloads//test/zjbwxmmrgk.mp4,0,0.00015107289
/home/tianlong/Downloads//test/qgpabkriss.mp4,0,0.34605783
/home/tianlong/Downloads//test/liureznisp.mp4,0,0.010579025
/home/tianlong/Downloads//test/bzdywpajvr.mp4,0,0.00030147514
/home/tianlong/Downloads//test/jniytngcmy.mp4,0,0.22372332
/home/tianlong/Downloads//test/idklchvhxp.mp4,0,5.6020905e-05
/home/tianlong/Downloads//test/pijzjjchqn.mp4,0,0.40685505
/home/tianlong/Downloads//test/pjnsejazpl.mp4,0,0.0001119362
/home/tianlong/Downloads//test/gpaqoqegbn.mp4,0,0.0003197195
/home/tianlong/Downloads//test/xsxwrwvfkg.mp4,0,0.0014379496
/home/tianlong/Downloads//test/arwefyghir.mp4,0,0.00015536614
/home/tianlong/Downloads//test/ptgvxdueef.mp4,0,8.460717e-05
/home/tianlong/Downloads//test/plljpjscih.mp4,0,0.0033981963
/home/tianlong/Downloads//test/jozfaxodnx.mp4,0,7.69378e-05
/home/tianlong/Downloads//test/girdwtjwsr.mp4,0,0.0002318141
/home/tianlong/Downloads//test/jbaahohsns.mp4,0,0.02411453
/home/tianlong/Downloads//test/uetfcmaryk.mp4,0,0.37103203
/home/tianlong/Downloads//test/oqbltrmhvt.mp4,0,0.015225482
/home/tianlong/Downloads//test/dvtzvkcrku.mp4,0,0.0028443262
/home/tianlong/Downloads//test/qjilklnynm.mp4,0,0.00053951965
/home/tianlong/Downloads//test/tcsdjwbihw.mp4,0,0.00011742503
/home/tianlong/Downloads//test/zhftwvtutp.mp4,0,0.0008551489
/home/tianlong/Downloads//test/xgktqwvknw.mp4,0,0.0002556251
/home/tianlong/Downloads//test/cdeesuuuqz.mp4,0,2.2296172e-05
/home/tianlong/Downloads//test/ymngcysczs.mp4,0,4.1911007e-05
/home/tianlong/Downloads//test/gctyynjruz.mp4,0,0.0011634218
/home/tianlong/Downloads//test/vkirqaiuoc.mp4,0,3.415296e-05
/home/tianlong/Downloads//test/ykywskdwlc.mp4,0,0.6441234
/home/tianlong/Downloads//test/verpxkucoi.mp4,0,0.0017697219
/home/tianlong/Downloads//test/gpsqelalbp.mp4,0,6.381536e-05
/home/tianlong/Downloads//test/paorozwtbf.mp4,0,1.5282054e-05
/home/tianlong/Downloads//test/iaaecuquha.mp4,0,0.04256142
/home/tianlong/Downloads//test/lmgdjtzwau.mp4,0,0.6064017
/home/tianlong/Downloads//test/tayykmblhg.mp4,0,9.5624826e-05
/home/tianlong/Downloads//test/hpurahupjh.mp4,0,2.6639174e-07
/home/tianlong/Downloads//test/uutxmgqajd.mp4,0,0.0014294578
/home/tianlong/Downloads//test/rbkcpkwhjn.mp4,0,0.00045375148
/home/tianlong/Downloads//test/wtnloygygs.mp4,0,0.00095568213
/home/tianlong/Downloads//test/biborxaekt.mp4,0,0.00028462076
/home/tianlong/Downloads//test/drlnvwvvuw.mp4,0,0.00018740215
/home/tianlong/Downloads//test/axutpjywuu.mp4,0,0.0029555587
/home/tianlong/Downloads//test/jbcnsmlysc.mp4,0,8.877912e-05
/home/tianlong/Downloads//test/ilzhgraxpl.mp4,0,0.00021621739
/home/tianlong/Downloads//test/cwqhzuhjol.mp4,0,0.0007342035
/home/tianlong/Downloads//test/tlzordotqw.mp4,0,0.009938994
/home/tianlong/Downloads//test/hdauuytvhx.mp4,0,0.00080834265
/home/tianlong/Downloads//test/rtiyduycrn.mp4,0,0.0038544093
/home/tianlong/Downloads//test/mdsmgzaltc.mp4,0,0.0037954845
/home/tianlong/Downloads//test/mnlxxoicoo.mp4,0,8.26969e-05
/home/tianlong/Downloads//test/ksfuiztwuc.mp4,0,1.696473e-05
/home/tianlong/Downloads//test/tpjydgkvdt.mp4,0,0.0032165342
/home/tianlong/Downloads//test/nmjesbwiux.mp4,0,0.00019189974
/home/tianlong/Downloads//test/egzfaoiuwo.mp4,0,4.648715e-05
/home/tianlong/Downloads//test/ucmfbukrkj.mp4,0,9.532635e-05
/home/tianlong/Downloads//test/aoqzxlwvmi.mp4,0,0.106100105
/home/tianlong/Downloads//test/zzjfzeuizr.mp4,0,0.13736276
/home/tianlong/Downloads//test/aunokqsmrt.mp4,0,0.0043794173
/home/tianlong/Downloads//test/kudvvlgiff.mp4,0,1.6011236e-06
/home/tianlong/Downloads//test/qqwsabrgxh.mp4,0,2.0329428e-05
/home/tianlong/Downloads//test/pvsslamopo.mp4,0,6.379721e-05
/home/tianlong/Downloads//test/kawxnfacqs.mp4,0,1.4139808e-05
/home/tianlong/Downloads//test/lxeqbyddvt.mp4,0,4.805124e-05
/home/tianlong/Downloads//test/zylribcaeu.mp4,0,0.0017399304
/home/tianlong/Downloads//test/sghdekqnnn.mp4,0,0.0025211025
/home/tianlong/Downloads//test/msbqgoxxlh.mp4,0,1.4722568e-05
/home/tianlong/Downloads//test/ubbzrfgzer.mp4,0,0.0016684576
/home/tianlong/Downloads//test/vuofhivyfs.mp4,0,0.00045156231
/home/tianlong/Downloads//test/xirrbpmlja.mp4,0,0.009476698
/home/tianlong/Downloads//test/appvffejyy.mp4,0,0.00068020826
/home/tianlong/Downloads//test/nzepxsbotb.mp4,0,0.040066857
/home/tianlong/Downloads//test/nkqkvwpghi.mp4,0,0.28834
/home/tianlong/Downloads//test/vdvffooule.mp4,0,0.00023788253
/home/tianlong/Downloads//test/rayhrvqorn.mp4,0,7.7691446e-05
/home/tianlong/Downloads//test/cslfapvyjv.mp4,0,4.3253444e-06
/home/tianlong/Downloads//test/rmygsfjyvt.mp4,0,5.8238074e-05
/home/tianlong/Downloads//test/yhbhhibwzo.mp4,0,0.011065107
/home/tianlong/Downloads//test/vlxfyuzygn.mp4,0,0.2729825
/home/tianlong/Downloads//test/zefqhoewww.mp4,0,8.659034e-05
/home/tianlong/Downloads//test/vptrrrmhyb.mp4,0,0.0003104067
/home/tianlong/Downloads//test/cefolmrrlx.mp4,0,0.0010735103
/home/tianlong/Downloads//test/xzmplldajk.mp4,0,0.0002685668
/home/tianlong/Downloads//test/hrznynemfj.mp4,0,8.2064595e-05
/home/tianlong/Downloads//test/tkxblcleyd.mp4,0,0.00050192914
/home/tianlong/Downloads//test/tlxgwzheli.mp4,0,0.0001374847
/home/tianlong/Downloads//test/qvgutokvct.mp4,0,0.03235052
/home/tianlong/Downloads//test/tcwyxrvdpe.mp4,0,6.5506705e-05
/home/tianlong/Downloads//test/jwrypvpvpx.mp4,0,7.872951e-05
/home/tianlong/Downloads//test/bpyjsrjcro.mp4,0,0.066607416
/home/tianlong/Downloads//test/avteqdmbob.mp4,0,0.00024899206
/home/tianlong/Downloads//test/aaivbtdyjn.mp4,0,0.004378555
/home/tianlong/Downloads//test/pokctfragw.mp4,0,2.1716161e-05
/home/tianlong/Downloads//test/vgdllmzjcw.mp4,0,0.00030779775
/home/tianlong/Downloads//test/zdlhavfmit.mp4,0,0.0004292295
/home/tianlong/Downloads//test/yupsrmckii.mp4,0,0.00030077595
/home/tianlong/Downloads//test/pobpsxjbzg.mp4,0,0.00044234688
/home/tianlong/Downloads//test/lkvouattut.mp4,0,5.990549e-05
/home/tianlong/Downloads//test/anjzzdyhno.mp4,0,5.5846856e-05
/home/tianlong/Downloads//test/jvihmimqca.mp4,0,4.2934887e-05
/home/tianlong/Downloads//test/wnoitecfmf.mp4,0,0.00095918
/home/tianlong/Downloads//test/gbvllwqbjl.mp4,0,0.008907967
/home/tianlong/Downloads//test/gzabjmglim.mp4,0,5.4476684e-05
/home/tianlong/Downloads//test/paqcbtdulm.mp4,0,8.417197e-06
/home/tianlong/Downloads//test/jcbbrqaaaq.mp4,0,2.0366377e-05
/home/tianlong/Downloads//test/nsavbywhlu.mp4,0,0.00025489536
/home/tianlong/Downloads//test/zwfebeiqat.mp4,0,0.0007328079
/home/tianlong/Downloads//test/pimrsfwcwm.mp4,0,0.0004534361
/home/tianlong/Downloads//test/mrvdmwcblt.mp4,0,9.3133225e-05
/home/tianlong/Downloads//test/hedetzyqpu.mp4,0,0.29633012
/home/tianlong/Downloads//test/qytaiboeep.mp4,0,0.002069049
/home/tianlong/Downloads//test/famavifufv.mp4,0,0.00027637355
/home/tianlong/Downloads//test/hnselekxwv.mp4,0,0.0015411775
/home/tianlong/Downloads//test/emgciwmtuj.mp4,0,3.702296e-06
/home/tianlong/Downloads//test/wbmvbetcdm.mp4,0,0.00012402821
/home/tianlong/Downloads//test/mpvnvvihzp.mp4,0,0.00020434798
/home/tianlong/Downloads//test/zelgpxflfe.mp4,0,0.9676417
/home/tianlong/Downloads//test/lhjcdavmmg.mp4,0,0.06877853
/home/tianlong/Downloads//test/rxtqqoncwj.mp4,0,4.421582e-06
/home/tianlong/Downloads//test/shrpamtirw.mp4,0,0.0005934095
/home/tianlong/Downloads//test/qhzlgrtgto.mp4,0,0.00087355665
/home/tianlong/Downloads//test/uuzyzglejw.mp4,0,0.000606913
/home/tianlong/Downloads//test/bmnpqrwnex.mp4,0,4.434993e-05
/home/tianlong/Downloads//test/dtssdnhgiw.mp4,0,0.0834959
/home/tianlong/Downloads//test/rlhmppiklf.mp4,0,0.01698851
/home/tianlong/Downloads//test/sswhgeqjrt.mp4,0,0.0014748515
/home/tianlong/Downloads//test/emxqsgqtdz.mp4,0,0.00014339863
/home/tianlong/Downloads//test/bcwtjzsutw.mp4,0,0.20642972
/home/tianlong/Downloads//test/uomfimsutw.mp4,0,0.026845355
/home/tianlong/Downloads//test/mztlucosuc.mp4,0,0.0048308345
/home/tianlong/Downloads//test/ntcfyojagi.mp4,0,3.999546e-06
/home/tianlong/Downloads//test/wrbuiboyat.mp4,0,0.34655103
/home/tianlong/Downloads//test/xiqecarvpb.mp4,0,0.00015589269
/home/tianlong/Downloads//test/fcvzlzfufb.mp4,0,0.005048807
/home/tianlong/Downloads//test/savqrjnncg.mp4,0,0.0055935485
/home/tianlong/Downloads//test/icqmqztbry.mp4,0,8.791755e-05
/home/tianlong/Downloads//test/zzrmokkxka.mp4,0,0.43171042
/home/tianlong/Downloads//test/btgxrrldio.mp4,0,0.20849295
/home/tianlong/Downloads//test/zdnepyqjiy.mp4,0,0.00014342433
/home/tianlong/Downloads//test/fybiztpnrc.mp4,0,6.545859e-05
/home/tianlong/Downloads//test/parqhrknkf.mp4,0,0.15992513
/home/tianlong/Downloads//test/tvffpggbrc.mp4,0,7.5220996e-05
/home/tianlong/Downloads//test/rtpuwtrxsr.mp4,0,0.011550831
/home/tianlong/Downloads//test/tgmqfzsznf.mp4,0,0.0001764099
/home/tianlong/Downloads//test/eqabuehals.mp4,0,2.718151e-06
/home/tianlong/Downloads//test/ikebomnsiq.mp4,0,3.8572757e-06
/home/tianlong/Downloads//test/wfzxrfxohw.mp4,0,0.10188153
/home/tianlong/Downloads//test/dqfgwejsvm.mp4,0,0.00019156748
/home/tianlong/Downloads//test/lxadgjqzbf.mp4,0,0.00018115283
/home/tianlong/Downloads//test/tdahgbtenl.mp4,0,0.122346774
/home/tianlong/Downloads//test/bivzhsmrqo.mp4,0,0.009287326
/home/tianlong/Downloads//test/vzxluflrhn.mp4,0,7.428274e-05
/home/tianlong/Downloads//test/ikmsdmynbf.mp4,0,0.003055398
/home/tianlong/Downloads//test/kuqbgbrypa.mp4,0,0.6438573
/home/tianlong/Downloads//test/nfstajzaot.mp4,0,2.8603585e-05
/home/tianlong/Downloads//test/dultiznosk.mp4,0,4.7718066e-05
/home/tianlong/Downloads//test/ckqfqernbf.mp4,0,4.476957e-05
/home/tianlong/Downloads//test/kbdwudhhwf.mp4,0,8.944102e-05
/home/tianlong/Downloads//test/hqpjmwyygq.mp4,0,4.0293882e-05
/home/tianlong/Downloads//test/tjyuudtkme.mp4,0,7.759465e-05
/home/tianlong/Downloads//test/tihgxlmfcj.mp4,0,3.5427667e-05
/home/tianlong/Downloads//test/sgdnbofecu.mp4,0,0.0005991717
/home/tianlong/Downloads//test/pgamqeolau.mp4,0,0.00028390688
/home/tianlong/Downloads//test/ijeqomctsa.mp4,0,8.274253e-06
/home/tianlong/Downloads//test/ppruxbqpmc.mp4,0,6.164281e-05
/home/tianlong/Downloads//test/hkvfyeacje.mp4,0,0.00027557227
/home/tianlong/Downloads//test/zqrzqekofe.mp4,0,0.00045876345
/home/tianlong/Downloads//test/iwzbgmtsuh.mp4,0,0.0021438468
/home/tianlong/Downloads//test/dbixwxtuxs.mp4,0,0.00014597514
/home/tianlong/Downloads//test/cepqcoseaj.mp4,0,0.00093819824
/home/tianlong/Downloads//test/gypapuqdrx.mp4,0,0.45253897
/home/tianlong/Downloads//test/djhhnixfyi.mp4,0,4.5001634e-05
/home/tianlong/Downloads//test/fkarxowzuf.mp4,0,0.00023081589
/home/tianlong/Downloads//test/gfxnuidfgl.mp4,0,0.00010588842
/home/tianlong/Downloads//test/vsreebjsfs.mp4,0,0.6726719
/home/tianlong/Downloads//test/manqchicur.mp4,0,0.54225194
/home/tianlong/Downloads//test/gztffgsxpt.mp4,0,0.00031031267
/home/tianlong/Downloads//test/jdzkykqgsx.mp4,0,1.4541876e-06
/home/tianlong/Downloads//test/cvbubcwkkl.mp4,0,8.78978e-05
/home/tianlong/Downloads//test/bgqhldvsgc.mp4,0,7.550643e-05
/home/tianlong/Downloads//test/blqgpxokwq.mp4,0,0.003124168
/home/tianlong/Downloads//test/cxvayntesu.mp4,0,0.00017214441
/home/tianlong/Downloads//test/dxepehnhgm.mp4,0,0.0020757704
/home/tianlong/Downloads//test/bcgjlsupne.mp4,0,0.00027291002
/home/tianlong/Downloads//test/uhynwthfhf.mp4,0,0.852635
/home/tianlong/Downloads//test/gocrdvihos.mp4,0,1.2421848e-05
/home/tianlong/Downloads//test/gtyvtbojpp.mp4,0,0.00012387805
/home/tianlong/Downloads//test/eqtwkqxolz.mp4,0,2.0367612e-05
/home/tianlong/Downloads//test/arwiyweadv.mp4,0,0.0022673826
/home/tianlong/Downloads//test/mlizcisxro.mp4,0,0.00010351307
/home/tianlong/Downloads//test/miiymgajty.mp4,0,0.013759591
/home/tianlong/Downloads//test/ragjclplkx.mp4,0,9.519217e-05
/home/tianlong/Downloads//test/wxrfuemtxj.mp4,0,0.0001566538
/home/tianlong/Downloads//test/xxupwwukoh.mp4,0,0.0017930286
/home/tianlong/Downloads//test/qdantvtdji.mp4,0,0.0025543731
/home/tianlong/Downloads//test/oqehnuhbwa.mp4,0,1.6934853e-05
/home/tianlong/Downloads//test/yzqbwkwxsn.mp4,0,0.00013289144
/home/tianlong/Downloads//test/osjaqtkkdt.mp4,0,0.0010070413
/home/tianlong/Downloads//test/nthlmvjxac.mp4,0,0.0005077222
/home/tianlong/Downloads//test/dpegbdzijf.mp4,0,0.00017980074
/home/tianlong/Downloads//test/ezgusylcyf.mp4,0,0.97787124
/home/tianlong/Downloads//test/isxxybhuls.mp4,0,0.27170342
/home/tianlong/Downloads//test/dbqbwrcvjk.mp4,0,0.04228043
/home/tianlong/Downloads//test/qqrvyhjznq.mp4,0,0.00025378578
/home/tianlong/Downloads//test/ohdtmpzbtp.mp4,0,0.00013317869
/home/tianlong/Downloads//test/oupztxzdln.mp4,0,6.9879774e-05
/home/tianlong/Downloads//test/snidpujjti.mp4,0,0.0005857072
/home/tianlong/Downloads//test/yoxdseoukl.mp4,0,0.00045381417
/home/tianlong/Downloads//test/bxsdnqizii.mp4,0,0.009334028
/home/tianlong/Downloads//test/ihszkmcwvw.mp4,0,9.7030206e-05
/home/tianlong/Downloads//test/rgrqhjtoby.mp4,0,5.7428417e-05
/home/tianlong/Downloads//test/vqibhetnwa.mp4,0,0.22730716
/home/tianlong/Downloads//test/rkqqgwurqt.mp4,0,0.00011490764
/home/tianlong/Downloads//test/axdepsfowg.mp4,0,1.7103463e-06
/home/tianlong/Downloads//test/dcpmipuapc.mp4,0,8.723773e-06
/home/tianlong/Downloads//test/ncjqganhal.mp4,0,0.030239487
/home/tianlong/Downloads//test/qnbnlmpqpu.mp4,0,0.6462251
/home/tianlong/Downloads//test/ieoervpooz.mp4,0,0.00012427173
/home/tianlong/Downloads//test/fscyfygpyk.mp4,0,0.0004564699
/home/tianlong/Downloads//test/pitpjawwwp.mp4,0,0.003342438
/home/tianlong/Downloads//test/geturetbpy.mp4,0,5.0877774e-05
/home/tianlong/Downloads//test/kwsraaqime.mp4,0,0.0002762343
/home/tianlong/Downloads//test/lhgoghqmub.mp4,0,0.0004770182
/home/tianlong/Downloads//test/kdmonvkpqd.mp4,0,3.4873097e-05
/home/tianlong/Downloads//test/wrcelewmpa.mp4,0,0.0014814737
/home/tianlong/Downloads//test/bxqgvzamnx.mp4,0,9.919819e-06
/home/tianlong/Downloads//test/nliofvksed.mp4,0,0.017205952
/home/tianlong/Downloads//test/mwjnvghsbe.mp4,0,0.2331206
/home/tianlong/Downloads//test/ygiscbckjl.mp4,0,0.00018637929
/home/tianlong/Downloads//test/wscclwhfsr.mp4,0,0.1954135
/home/tianlong/Downloads//test/hddminxrhw.mp4,0,0.00126695
/home/tianlong/Downloads//test/ncrkggcdqp.mp4,0,0.084331445
/home/tianlong/Downloads//test/xjinzawywt.mp4,0,0.0006595915
/home/tianlong/Downloads//test/korrsqtkke.mp4,0,0.0013360478
/home/tianlong/Downloads//test/tskjnnvjsa.mp4,0,0.0047777607
/home/tianlong/Downloads//test/tyjxmknivy.mp4,0,0.008389997
/home/tianlong/Downloads//test/qyvqrtscbk.mp4,0,0.0002068752
/home/tianlong/Downloads//test/kxnybtbpkl.mp4,0,2.9711566e-05
/home/tianlong/Downloads//test/wiqtkqwfsw.mp4,0,0.4136086
/home/tianlong/Downloads//test/bevjclbhuo.mp4,0,0.0002787719
/home/tianlong/Downloads//test/shwulrbsfx.mp4,0,0.00815672
/home/tianlong/Downloads//test/mohtuktaaq.mp4,0,0.00018937237
/home/tianlong/Downloads//test/fwsypadiom.mp4,0,0.026681188
/home/tianlong/Downloads//test/buywrbgfqy.mp4,0,0.0005680241
/home/tianlong/Downloads//test/bljpdykszf.mp4,0,0.0010936053
/home/tianlong/Downloads//test/ztxdkcoxvx.mp4,0,0.004982871
/home/tianlong/Downloads//test/oqeoibjbim.mp4,0,0.0001928303
/home/tianlong/Downloads//test/szwhgmrrhm.mp4,0,0.19312403
/home/tianlong/Downloads//test/xnydmgdhum.mp4,0,0.32118115
/home/tianlong/Downloads//test/fltaysfwct.mp4,0,1.8982057e-05
/home/tianlong/Downloads//test/akdvkdoyoh.mp4,0,0.862466
/home/tianlong/Downloads//test/ftfemkjnot.mp4,0,0.00032217844
/home/tianlong/Downloads//test/gmbckelbzp.mp4,0,0.00018589446
/home/tianlong/Downloads//test/jjzveabagf.mp4,0,3.1537216e-05
/home/tianlong/Downloads//test/dfqwasrdvq.mp4,0,0.21937355
/home/tianlong/Downloads//test/diskzkrrph.mp4,0,0.74195313
/home/tianlong/Downloads//test/jtwpwdqmxz.mp4,0,3.6053523e-05
/home/tianlong/Downloads//test/qivnumuetu.mp4,0,4.2947526e-05
/home/tianlong/Downloads//test/blmuzhjygg.mp4,0,6.821599e-05
/home/tianlong/Downloads//test/sbxlfehzjc.mp4,0,0.006099293
/home/tianlong/Downloads//test/tcwhwssdnv.mp4,0,0.0007574361
/home/tianlong/Downloads//test/bkbokyebco.mp4,0,0.0011749456
/home/tianlong/Downloads//test/vojsghpebv.mp4,0,0.0006177269
/home/tianlong/Downloads//test/opuhoerhxb.mp4,0,0.0017109774
/home/tianlong/Downloads//test/mmhdcoqsve.mp4,0,0.0040466646
/home/tianlong/Downloads//test/ewxddjqzml.mp4,0,0.0010622677
/home/tianlong/Downloads//test/dznchaiaqh.mp4,0,9.182173e-05
/home/tianlong/Downloads//test/mloeefokyq.mp4,0,0.00032871176
/home/tianlong/Downloads//test/fgkpembbpv.mp4,0,8.387579e-05
/home/tianlong/Downloads//test/orqafstesq.mp4,0,0.0072328513
/home/tianlong/Downloads//test/ckgabgjnca.mp4,0,0.0060199043
/home/tianlong/Downloads//test/iuvhrgckrt.mp4,0,0.16621473
/home/tianlong/Downloads//test/vlzwcejywm.mp4,0,6.147481e-05
/home/tianlong/Downloads//test/cpucjmfawf.mp4,0,0.08214911
/home/tianlong/Downloads//test/ekvhyeycpr.mp4,0,0.0003166399
/home/tianlong/Downloads//test/tazlckybzu.mp4,0,8.303156e-05
/home/tianlong/Downloads//test/clxgzkdgta.mp4,0,0.03838145
/home/tianlong/Downloads//test/zlfbumxcxs.mp4,0,0.00019403521
/home/tianlong/Downloads//test/plhcceboag.mp4,0,7.25884e-05
/home/tianlong/Downloads//test/extihvlsxg.mp4,0,8.1280814e-05
/home/tianlong/Downloads//test/olebnvxoyl.mp4,0,0.00035112986
/home/tianlong/Downloads//test/opdqcwqxzy.mp4,0,3.941844e-05
/home/tianlong/Downloads//test/stwaypekwh.mp4,0,5.0760456e-05
/home/tianlong/Downloads//test/xogwctpikv.mp4,0,0.0011448462
/home/tianlong/Downloads//test/cjiwxfwcit.mp4,0,0.0019473132
/home/tianlong/Downloads//test/txshgvrava.mp4,0,7.055774e-05
/home/tianlong/Downloads//test/ggpuxwhpri.mp4,0,0.0641161
/home/tianlong/Downloads//test/jlxnzxtopm.mp4,0,1.6536613e-05
/home/tianlong/Downloads//test/thjugpbwcv.mp4,0,0.27823815
/home/tianlong/Downloads//test/pkititkein.mp4,0,5.8315425e-05
/home/tianlong/Downloads//test/hjiwmybauf.mp4,0,0.00032024592
/home/tianlong/Downloads//test/efazuieysm.mp4,0,5.4779277e-05
/home/tianlong/Downloads//test/tdzsgrdneg.mp4,0,0.7352798
/home/tianlong/Downloads//test/mkxmvreoth.mp4,0,2.953459e-06
/home/tianlong/Downloads//test/ofbjiuemkr.mp4,0,0.00022071732
/home/tianlong/Downloads//test/dogotzkdiw.mp4,0,0.00013507702
/home/tianlong/Downloads//test/qdmvzknbua.mp4,0,9.008334e-05
/home/tianlong/Downloads//test/pnauelqbxq.mp4,0,6.641704e-05
/home/tianlong/Downloads//test/sytddqezij.mp4,0,0.0063565797
/home/tianlong/Downloads//test/bhpddnqauc.mp4,0,0.00010618573
/home/tianlong/Downloads//test/imtkdzkypf.mp4,0,0.64192194
/home/tianlong/Downloads//test/kbodjivgqu.mp4,0,2.0461153e-05
/home/tianlong/Downloads//test/qtxraeaxeh.mp4,0,0.0012507578
/home/tianlong/Downloads//test/uaxmqpmswz.mp4,0,5.201298e-06
/home/tianlong/Downloads//test/qlbapiibba.mp4,0,0.0028819065
/home/tianlong/Downloads//test/mzurunkulx.mp4,0,0.0013076464
/home/tianlong/Downloads//test/aujoxrpddn.mp4,0,4.755667e-05
/home/tianlong/Downloads//test/ebenvuuxld.mp4,0,4.970916e-05
/home/tianlong/Downloads//test/fsfjlwwsen.mp4,0,0.5850352
/home/tianlong/Downloads//test/zwgaptzuqt.mp4,0,0.00016275395
/home/tianlong/Downloads//test/gldpafckwo.mp4,0,0.0021333871
/home/tianlong/Downloads//test/nvkzpexyzg.mp4,0,0.0034498249
/home/tianlong/Downloads//test/vnrmxwtsmf.mp4,0,5.2605e-05
/home/tianlong/Downloads//test/hmofiqjzxe.mp4,0,0.018214107
/home/tianlong/Downloads//test/ucryyubbqk.mp4,0,0.0002617829
/home/tianlong/Downloads//test/gwqdrapybq.mp4,0,0.0011898994
/home/tianlong/Downloads//test/avttogwbyz.mp4,0,0.00038122083
/home/tianlong/Downloads//test/hbmvxgonmq.mp4,0,1.5004886e-06
/home/tianlong/Downloads//test/gxxlbjuyza.mp4,0,0.0024643515
/home/tianlong/Downloads//test/jhzozsurac.mp4,0,0.43661913
/home/tianlong/Downloads//test/opyqudaics.mp4,0,2.0038515e-05
/home/tianlong/Downloads//test/vigbdgmudk.mp4,0,4.7091573e-05
/home/tianlong/Downloads//test/viidhkoxyv.mp4,0,1.6061646e-05
/home/tianlong/Downloads//test/dmpvbeyuqb.mp4,0,0.0005065814
/home/tianlong/Downloads//test/wgycqahjww.mp4,0,0.22591777
/home/tianlong/Downloads//test/wwgmzeavbd.mp4,0,0.0013296457
/home/tianlong/Downloads//test/qtqyglbdem.mp4,0,0.0007840991
/home/tianlong/Downloads//test/nqynuhnklk.mp4,0,0.00063571153
/home/tianlong/Downloads//test/jygbqsigcr.mp4,0,0.00011772899
/home/tianlong/Downloads//test/nsozqvhalr.mp4,0,0.0036655385
/home/tianlong/Downloads//test/yvmrwdyxby.mp4,0,0.00020262816
/home/tianlong/Downloads//test/kvhbyuklfv.mp4,0,0.0016175434
/home/tianlong/Downloads//test/iwnfvkmktq.mp4,0,0.26028898
/home/tianlong/Downloads//test/qzfmctgxcs.mp4,0,0.00065935624
/home/tianlong/Downloads//test/vhipamioud.mp4,0,0.7037859
/home/tianlong/Downloads//test/lmbvoxhowe.mp4,0,1.8999839e-06
/home/tianlong/Downloads//test/ziqjamfzlv.mp4,0,0.00040581106
/home/tianlong/Downloads//test/kqnwutdvpd.mp4,0,1.519683e-05
/home/tianlong/Downloads//test/lucpbeexdk.mp4,0,0.0002122628
/home/tianlong/Downloads//test/pnotaniiuh.mp4,0,0.0003082695
/home/tianlong/Downloads//test/qohtjkzity.mp4,0,0.003946738
/home/tianlong/Downloads//test/bkjhfcvsig.mp4,0,1.0249509e-05
/home/tianlong/Downloads//test/kpcrdurodw.mp4,0,0.022794819
/home/tianlong/Downloads//test/nmphdbflzj.mp4,0,0.2365438
/home/tianlong/Downloads//test/fmsxomanga.mp4,0,0.0005151597
/home/tianlong/Downloads//test/tgwpcoljin.mp4,0,0.01546635
/home/tianlong/Downloads//test/foynwjsqeh.mp4,0,0.63541937
/home/tianlong/Downloads//test/vdqritvjfl.mp4,0,0.00074856746
/home/tianlong/Downloads//test/egyemqrvna.mp4,0,0.05040426
/home/tianlong/Downloads//test/xrtmepdfyh.mp4,0,0.00080996973
/home/tianlong/Downloads//test/zfgjechdto.mp4,0,0.00010511091
/home/tianlong/Downloads//test/jujpqsrgll.mp4,0,1.150519e-05
/home/tianlong/Downloads//test/iakzgqqova.mp4,0,0.0139140515
/home/tianlong/Downloads//test/fqdklzzkfj.mp4,0,0.005306405
/home/tianlong/Downloads//test/dnfnxwbsoi.mp4,0,0.00022469895
/home/tianlong/Downloads//test/lynaeydofd.mp4,0,0.00018456184
/home/tianlong/Downloads//test/relrfifywa.mp4,0,0.00026279298
/home/tianlong/Downloads//test/imsacxixmv.mp4,0,4.4378325e-05
/home/tianlong/Downloads//test/rfbwukxpye.mp4,0,0.0005168114
/home/tianlong/Downloads//test/atixaudngu.mp4,0,8.3177125e-05
/home/tianlong/Downloads//test/tcychsyltm.mp4,0,0.00035129525
/home/tianlong/Downloads//test/kifyfzqzjj.mp4,0,0.014514227
/home/tianlong/Downloads//test/irjbukzjqt.mp4,0,0.050718416
/home/tianlong/Downloads//test/jmkkbkvbjo.mp4,0,0.03382589
/home/tianlong/Downloads//test/gflhlvhqyl.mp4,0,0.9753628
/home/tianlong/Downloads//test/myebjqbxsl.mp4,0,9.09668e-05
/home/tianlong/Downloads//test/mqeqiytluf.mp4,0,1.5353413e-05
/home/tianlong/Downloads//test/zbsjlcsetv.mp4,0,9.044418e-05
/home/tianlong/Downloads//test/lzmxqxrruv.mp4,0,0.00068269257
/home/tianlong/Downloads//test/neotrnwthu.mp4,0,1.991371e-05
/home/tianlong/Downloads//test/vwigtbeivy.mp4,0,3.114388e-05
/home/tianlong/Downloads//test/ldtscpryms.mp4,0,0.00013533462
/home/tianlong/Downloads//test/sjgmmecazy.mp4,0,0.0012072504
/home/tianlong/Downloads//test/jkrbsekajk.mp4,0,7.454451e-05
/home/tianlong/Downloads//test/iahzcxmuck.mp4,0,0.12810421
/home/tianlong/Downloads//test/cteqlloxwu.mp4,0,0.014622664
/home/tianlong/Downloads//test/pgqxsteufx.mp4,0,0.22798514
/home/tianlong/Downloads//test/cmuzrrlaiy.mp4,1,0.18678191
/home/tianlong/Downloads//test/jxeqhujuvh.mp4,1,0.005484662
/home/tianlong/Downloads//test/ntaqujyzes.mp4,1,0.21154435
/home/tianlong/Downloads//test/ghxzsygiou.mp4,1,0.0014015811
/home/tianlong/Downloads//test/lvxzjwiklq.mp4,1,0.012231449
/home/tianlong/Downloads//test/wlyvvvjgnv.mp4,1,0.11569609
/home/tianlong/Downloads//test/hexxuigzdl.mp4,1,0.005058394
/home/tianlong/Downloads//test/zynrdvlrwv.mp4,1,0.0013304655
/home/tianlong/Downloads//test/kbvqzihgan.mp4,1,0.20909186
/home/tianlong/Downloads//test/razacdewcv.mp4,1,0.35314423
/home/tianlong/Downloads//test/tjlrvidbxw.mp4,1,0.00022924205
/home/tianlong/Downloads//test/gcbyurxhbz.mp4,1,0.16161317
/home/tianlong/Downloads//test/xticvyqqjn.mp4,1,0.0012921357
/home/tianlong/Downloads//test/gqpayiddqv.mp4,1,0.2579801
/home/tianlong/Downloads//test/zmrnjhfxed.mp4,1,0.20032987
/home/tianlong/Downloads//test/slpxqmwuqm.mp4,1,0.00039665593
/home/tianlong/Downloads//test/upwsvjdtgo.mp4,1,0.0034201383
/home/tianlong/Downloads//test/zpnjiswgdt.mp4,1,0.0002621199
/home/tianlong/Downloads//test/rayxtqfosv.mp4,1,0.062374514
/home/tianlong/Downloads//test/cfhoqpdzqb.mp4,1,0.0077710515
/home/tianlong/Downloads//test/okyufzgvay.mp4,1,6.963302e-05
/home/tianlong/Downloads//test/wgyxtquovo.mp4,1,0.48871273
/home/tianlong/Downloads//test/kicgvgukqs.mp4,1,0.4527031
/home/tianlong/Downloads//test/aolhuwcdwv.mp4,1,0.03520385
/home/tianlong/Downloads//test/clzcvdsuyp.mp4,1,0.0016979484
/home/tianlong/Downloads//test/jibhugdfbs.mp4,1,0.0003324856
/home/tianlong/Downloads//test/kfiszsbzob.mp4,1,0.823841
/home/tianlong/Downloads//test/mgwtoqonaf.mp4,1,0.016928457
/home/tianlong/Downloads//test/buzqmuifod.mp4,1,0.015344569
/home/tianlong/Downloads//test/bofmetrgfm.mp4,1,0.0027501239
/home/tianlong/Downloads//test/chlshvbday.mp4,1,0.4116878
/home/tianlong/Downloads//test/vxcjkgerao.mp4,1,0.09777658
/home/tianlong/Downloads//test/qxwqqhruvz.mp4,1,0.013051013
/home/tianlong/Downloads//test/hytdcdixlv.mp4,1,0.15740623
/home/tianlong/Downloads//test/buejhiahpy.mp4,1,0.0016555343
/home/tianlong/Downloads//test/omotodymgb.mp4,1,0.19096163
/home/tianlong/Downloads//test/gmcvyrferj.mp4,1,4.8690687e-05
/home/tianlong/Downloads//test/ycoaclsdov.mp4,1,0.019467702
/home/tianlong/Downloads//test/scaljzcpcf.mp4,1,0.004157953
/home/tianlong/Downloads//test/uhbxhharht.mp4,1,0.0029828981
/home/tianlong/Downloads//test/tmmakbzbqw.mp4,1,0.40420932
/home/tianlong/Downloads//test/mvfvefsgik.mp4,1,0.034259487
/home/tianlong/Downloads//test/inesnaprwm.mp4,1,0.64298666
/home/tianlong/Downloads//test/qqxelyjmmw.mp4,1,0.0015230444
/home/tianlong/Downloads//test/dllkubdbbd.mp4,1,0.0011952929
/home/tianlong/Downloads//test/ttnajmkchw.mp4,1,0.005363839
/home/tianlong/Downloads//test/kaffwaiexj.mp4,1,7.335143e-05
/home/tianlong/Downloads//test/dpfuqzdtrs.mp4,1,0.38608435
/home/tianlong/Downloads//test/hfvexodpht.mp4,1,0.041025296
/home/tianlong/Downloads//test/vmxjsdkuju.mp4,1,0.4609992
/home/tianlong/Downloads//test/afaxsgqksm.mp4,1,0.24025092
/home/tianlong/Downloads//test/pgkipgmpgm.mp4,1,0.48646864
/home/tianlong/Downloads//test/ltkesswcyn.mp4,1,0.005460861
/home/tianlong/Downloads//test/dffkcrccsj.mp4,1,0.0038031884
/home/tianlong/Downloads//test/svtnilogao.mp4,1,0.00011806913
/home/tianlong/Downloads//test/bzobkqewtt.mp4,1,0.06824045
/home/tianlong/Downloads//test/vemnbnqoqk.mp4,1,0.16052599
/home/tianlong/Downloads//test/nobrvdftmd.mp4,1,0.34867024
/home/tianlong/Downloads//test/qepgiaxgpc.mp4,1,0.0053308075
/home/tianlong/Downloads//test/bogjubshbr.mp4,1,0.9957349
/home/tianlong/Downloads//test/uyoqozgdcy.mp4,1,0.009459858
/home/tianlong/Downloads//test/cvmmtklgst.mp4,1,0.18852642
/home/tianlong/Downloads//test/qharxzhzpl.mp4,1,0.6429447
/home/tianlong/Downloads//test/sprejlmapw.mp4,1,0.025592795
/home/tianlong/Downloads//test/crzrsezocr.mp4,1,0.0051969313
/home/tianlong/Downloads//test/wyqhadmmcy.mp4,1,0.9957098
/home/tianlong/Downloads//test/jrjxehotww.mp4,1,0.23040035
/home/tianlong/Downloads//test/xctpdujlok.mp4,1,0.0022218602
/home/tianlong/Downloads//test/hfspenqmpw.mp4,1,0.0134261055
/home/tianlong/Downloads//test/jkfukzcjxd.mp4,1,0.4211843
/home/tianlong/Downloads//test/knafngkgen.mp4,1,0.035870843
/home/tianlong/Downloads//test/tswmtnhfmn.mp4,1,0.0019375833
/home/tianlong/Downloads//test/qoasfzksgo.mp4,1,0.07880351
/home/tianlong/Downloads//test/hnrzuoqnkz.mp4,1,0.0001021177
/home/tianlong/Downloads//test/nussrkyuzy.mp4,1,0.001229421
/home/tianlong/Downloads//test/ciwzwmlyxz.mp4,1,0.37108028
/home/tianlong/Downloads//test/dbauiiupef.mp4,1,0.2176729
/home/tianlong/Downloads//test/ywxfnlxtjg.mp4,1,0.00013565064
/home/tianlong/Downloads//test/pryqgrbtnu.mp4,1,0.0036771614
/home/tianlong/Downloads//test/mbjpaydogy.mp4,1,0.031004954
/home/tianlong/Downloads//test/ihdopxhysr.mp4,1,0.008360828
/home/tianlong/Downloads//test/rgasvymjrj.mp4,1,0.0048346426
/home/tianlong/Downloads//test/eclpgjjies.mp4,1,0.00010803986
/home/tianlong/Downloads//test/kxptuwngop.mp4,1,0.0016975129
/home/tianlong/Downloads//test/uaqvffouxp.mp4,1,0.0022299285
/home/tianlong/Downloads//test/xvqzzgoabm.mp4,1,0.000121983045
/home/tianlong/Downloads//test/tkgbjtcxyl.mp4,1,0.001990844
/home/tianlong/Downloads//test/xlnaxrwvcx.mp4,1,0.048217274
/home/tianlong/Downloads//test/kphfzaullq.mp4,1,0.43725196
/home/tianlong/Downloads//test/rkezgzxnoo.mp4,1,8.837958e-05
/home/tianlong/Downloads//test/fromclsodq.mp4,1,0.03760872
/home/tianlong/Downloads//test/nrscfrjxpb.mp4,1,7.298726e-05
/home/tianlong/Downloads//test/ygobagrhmg.mp4,1,0.11446166
/home/tianlong/Downloads//test/hisfrixnbu.mp4,1,0.19885746
/home/tianlong/Downloads//test/duzueyonao.mp4,1,0.00017621767
/home/tianlong/Downloads//test/gkknsyqbnz.mp4,1,0.0010123426
/home/tianlong/Downloads//test/tmgdrjjalz.mp4,1,0.17054537
/home/tianlong/Downloads//test/iajblozgtx.mp4,1,0.00021663497
/home/tianlong/Downloads//test/ahkcchuwqq.mp4,1,0.02019859
/home/tianlong/Downloads//test/zmfiveruie.mp4,1,0.5426834
/home/tianlong/Downloads//test/xptgnpgfkn.mp4,1,0.00014762972
/home/tianlong/Downloads//test/aebhowazav.mp4,1,0.0014377104
/home/tianlong/Downloads//test/geulcwvfuy.mp4,1,0.1315427
/home/tianlong/Downloads//test/glzyifzrql.mp4,1,0.530384
/home/tianlong/Downloads//test/wvmrsucbsq.mp4,1,0.35145444
/home/tianlong/Downloads//test/moetggyxsc.mp4,1,0.00019521089
/home/tianlong/Downloads//test/jfvnwpcjrm.mp4,1,0.0018955038
/home/tianlong/Downloads//test/kaggpclkjm.mp4,1,0.055538177
/home/tianlong/Downloads//test/nacldwtuwp.mp4,1,0.18209171
/home/tianlong/Downloads//test/upwyvqbjlq.mp4,1,0.9528171
/home/tianlong/Downloads//test/tdmyjvptzv.mp4,1,0.0031022043
/home/tianlong/Downloads//test/fzurflflwv.mp4,1,0.41620865
/home/tianlong/Downloads//test/aakjukgjme.mp4,1,0.001077605
/home/tianlong/Downloads//test/ypepsyuwmo.mp4,1,0.116025664
/home/tianlong/Downloads//test/qxhyhhkywc.mp4,1,0.00055720436
/home/tianlong/Downloads//test/iqvfopywpa.mp4,1,0.10971687
/home/tianlong/Downloads//test/xfncslssic.mp4,1,0.0025037257
/home/tianlong/Downloads//test/jesstfspwv.mp4,1,0.00014767074
/home/tianlong/Downloads//test/xiraodtgnt.mp4,1,0.34648904
/home/tianlong/Downloads//test/xeuzubpylq.mp4,1,0.00069487933
/home/tianlong/Downloads//test/xszpbtciwo.mp4,1,0.00031689522
/home/tianlong/Downloads//test/fkksbgaibl.mp4,1,0.077577494
/home/tianlong/Downloads//test/ntqzfgmhnj.mp4,1,0.21020083
/home/tianlong/Downloads//test/bizbjxafzr.mp4,1,0.00019351381
/home/tianlong/Downloads//test/bxfwiuvafo.mp4,1,0.3249666
/home/tianlong/Downloads//test/jfcglbovmo.mp4,1,0.5108061
/home/tianlong/Downloads//test/odidbykbar.mp4,1,0.20759523
/home/tianlong/Downloads//test/qarbtmjwhm.mp4,1,0.36146292
/home/tianlong/Downloads//test/jeierullea.mp4,1,0.0018519526
/home/tianlong/Downloads//test/lrckqkzekj.mp4,1,0.0040462976
/home/tianlong/Downloads//test/riizlqngim.mp4,1,0.014796155
/home/tianlong/Downloads//test/lmcnonfhgz.mp4,1,0.0014048538
/home/tianlong/Downloads//test/lkhszpabzv.mp4,1,0.11666827
/home/tianlong/Downloads//test/njqbwiajss.mp4,1,2.3966699e-05
/home/tianlong/Downloads//test/ksqybmrwyg.mp4,1,0.48561198
/home/tianlong/Downloads//test/dxphlwcvan.mp4,1,0.08789048
/home/tianlong/Downloads//test/dgjssccxhx.mp4,1,0.6251613
/home/tianlong/Downloads//test/sbfxzmhzyv.mp4,1,0.5576658
/home/tianlong/Downloads//test/rlvgpdrgvi.mp4,1,0.95181143
/home/tianlong/Downloads//test/uzdmxmfcqe.mp4,1,0.06770338
/home/tianlong/Downloads//test/afixxjdxef.mp4,1,0.00047599198
/home/tianlong/Downloads//test/fwvxtssltw.mp4,1,0.0005733996
/home/tianlong/Downloads//test/jyzlvivrmr.mp4,1,0.0006295803
/home/tianlong/Downloads//test/byavookkdu.mp4,1,0.000665092
/home/tianlong/Downloads//test/agyawnxlmv.mp4,1,0.03979606
/home/tianlong/Downloads//test/zjoonppreb.mp4,1,0.007839845
/home/tianlong/Downloads//test/sjzwpqupnm.mp4,1,0.00092796737
/home/tianlong/Downloads//test/pobrnbspcf.mp4,1,0.00014693968
/home/tianlong/Downloads//test/qdkpphviay.mp4,1,0.0012874171
/home/tianlong/Downloads//test/nbyaxzmueg.mp4,1,0.0026998727
/home/tianlong/Downloads//test/vfszaqentw.mp4,1,0.0032582388
/home/tianlong/Downloads//test/fosovipqkg.mp4,1,0.006863299
/home/tianlong/Downloads//test/grwcxofqrx.mp4,1,0.0017152727
/home/tianlong/Downloads//test/koqxhnmkjl.mp4,1,0.12496533
/home/tianlong/Downloads//test/xkukyjokbg.mp4,1,0.90636575
/home/tianlong/Downloads//test/fmnzbwtjep.mp4,1,0.001061622
/home/tianlong/Downloads//test/aruyyclubn.mp4,1,0.45996684
/home/tianlong/Downloads//test/eluhuvocwr.mp4,1,0.06629445
/home/tianlong/Downloads//test/iiwffwiyrg.mp4,1,0.002930312
/home/tianlong/Downloads//test/fsbabrxhqy.mp4,1,0.04366365
/home/tianlong/Downloads//test/ymqadbkafj.mp4,1,0.031739485
/home/tianlong/Downloads//test/nptmqvfuhz.mp4,1,0.012007143
/home/tianlong/Downloads//test/usjnlahlcj.mp4,1,0.2024816
/home/tianlong/Downloads//test/hbozjjcafn.mp4,1,1.9970606e-05
/home/tianlong/Downloads//test/cizxmeztny.mp4,1,0.0035944576
/home/tianlong/Downloads//test/syxlmynhsi.mp4,1,0.5217696
/home/tianlong/Downloads//test/ezadehoecy.mp4,1,0.00018106004
/home/tianlong/Downloads//test/fpliemtlco.mp4,1,0.16791114
/home/tianlong/Downloads//test/arflgfcnkg.mp4,1,7.603863e-05
/home/tianlong/Downloads//test/occelhylxf.mp4,1,0.0026921658
/home/tianlong/Downloads//test/uqntkvpntd.mp4,1,0.00015506714
/home/tianlong/Downloads//test/iatevqworc.mp4,1,0.05772223
/home/tianlong/Downloads//test/xzsmgydcub.mp4,1,0.1030259
/home/tianlong/Downloads//test/qbffpkpmkf.mp4,1,0.002108358
/home/tianlong/Downloads//test/pzbpgfmroj.mp4,1,0.00095587166
/home/tianlong/Downloads//test/oundixpyst.mp4,1,0.07281539
/home/tianlong/Downloads//test/hnxhwfttpy.mp4,1,0.6501936
/home/tianlong/Downloads//test/rdjwlvvwtv.mp4,1,0.08402331
/home/tianlong/Downloads//test/tcmstiljkk.mp4,1,0.0004947722
/home/tianlong/Downloads//test/qbfdtumuct.mp4,1,0.76014006
/home/tianlong/Downloads//test/mxnquwuszt.mp4,1,0.0005751676
/home/tianlong/Downloads//test/sjooumwlzb.mp4,1,0.36588144
/home/tianlong/Downloads//test/twhwouycfg.mp4,1,0.3120219
/home/tianlong/Downloads//test/wytpaehszj.mp4,1,0.009806203
/home/tianlong/Downloads//test/srtwhbzzlr.mp4,1,0.05453647
/home/tianlong/Downloads//test/jqjfpkuckf.mp4,1,0.026901346
/home/tianlong/Downloads//test/yxjjfaekev.mp4,1,0.0002617202
/home/tianlong/Downloads//test/cyokqrzbol.mp4,1,0.0032285724
/home/tianlong/Downloads//test/mtilpvablx.mp4,1,0.26042974
/home/tianlong/Downloads//test/njwsmltmvb.mp4,1,0.15988655
/home/tianlong/Downloads//test/xkksfulade.mp4,1,0.43196005
/home/tianlong/Downloads//test/dtfgsvfmjq.mp4,1,0.03204351
/home/tianlong/Downloads//test/onaewxqqkd.mp4,1,0.18241754
/home/tianlong/Downloads//test/pazpnfrbbc.mp4,1,4.569171e-05
/home/tianlong/Downloads//test/kgowzoxjfq.mp4,1,0.07765907
/home/tianlong/Downloads//test/ltdwtgrads.mp4,1,0.0026031975
/home/tianlong/Downloads//test/znistrajpw.mp4,1,5.893656e-06
/home/tianlong/Downloads//test/yfhzmfhojv.mp4,1,0.51451004
/home/tianlong/Downloads//test/spkorcenyh.mp4,1,0.003105237
/home/tianlong/Downloads//test/axopbbxwzr.mp4,1,4.831967e-05
/home/tianlong/Downloads//test/hxrruqinnh.mp4,1,0.009678068
/home/tianlong/Downloads//test/tkaybnjwhg.mp4,1,0.11023901
/home/tianlong/Downloads//test/lhwwhjhyqx.mp4,1,0.00042235045
/home/tianlong/Downloads//test/btxjufhiaz.mp4,1,0.00049433426
/home/tianlong/Downloads//test/dnhaskulaj.mp4,1,0.98575115
/home/tianlong/Downloads//test/vxqofldgze.mp4,1,0.0025212825
/home/tianlong/Downloads//test/ddjzmyabyu.mp4,1,0.1795927
/home/tianlong/Downloads//test/mgahaaogif.mp4,1,0.18465805
/home/tianlong/Downloads//test/ktmdpragph.mp4,1,1.3909344e-05
/home/tianlong/Downloads//test/xazdhdnwhh.mp4,1,0.08718544
/home/tianlong/Downloads//test/qnslgeajnt.mp4,1,0.0494423
/home/tianlong/Downloads//test/sivrgbsaog.mp4,1,0.06039092
/home/tianlong/Downloads//test/uzmuovkewv.mp4,1,0.43697795
/home/tianlong/Downloads//test/tvazrcdkpq.mp4,1,0.00037017284
/home/tianlong/Downloads//test/jbatiwjmzh.mp4,1,0.51698196
/home/tianlong/Downloads//test/hmiylncrva.mp4,1,0.001544067
/home/tianlong/Downloads//test/uxkojffbsr.mp4,1,0.10653326
/home/tianlong/Downloads//test/crbcrxqftw.mp4,1,0.05402351
/home/tianlong/Downloads//test/yermnsnlgf.mp4,1,0.051103123
/home/tianlong/Downloads//test/gipcvghjiy.mp4,1,0.00032472203
/home/tianlong/Downloads//test/iwcfxyoimw.mp4,1,0.7186252
/home/tianlong/Downloads//test/kozaofkgvk.mp4,1,0.18714021
/home/tianlong/Downloads//test/xlgevjtsog.mp4,1,0.00024478568
/home/tianlong/Downloads//test/bpjkimtqtz.mp4,1,2.0468025e-05
/home/tianlong/Downloads//test/pdnwaekrtn.mp4,1,0.0018797179
/home/tianlong/Downloads//test/toxsrzsksc.mp4,1,0.0074038655
/home/tianlong/Downloads//test/oejfypsbfh.mp4,1,0.03206739
/home/tianlong/Downloads//test/hwyuwbnszo.mp4,1,0.09806028
/home/tianlong/Downloads//test/acgyspwyqr.mp4,1,0.0034537471
/home/tianlong/Downloads//test/oitcqmvnsa.mp4,1,0.0175745
/home/tianlong/Downloads//test/pdqqkuclvd.mp4,1,0.0016213888
/home/tianlong/Downloads//test/slsyjvgfpu.mp4,1,0.13383642
/home/tianlong/Downloads//test/xmdfnldfyc.mp4,1,0.23467878
/home/tianlong/Downloads//test/ynkzlkahux.mp4,1,0.029730206
/home/tianlong/Downloads//test/szjbkskyph.mp4,1,0.0040772436
/home/tianlong/Downloads//test/yyiiywtiry.mp4,1,0.00060570077
/home/tianlong/Downloads//test/crvotfojeq.mp4,1,0.0017377792
/home/tianlong/Downloads//test/rsqblsfgli.mp4,1,7.3002184e-07
/home/tianlong/Downloads//test/becqadbtkb.mp4,1,0.030495211
/home/tianlong/Downloads//test/afqaubpglg.mp4,1,0.04213811
/home/tianlong/Downloads//test/pwplooonzr.mp4,1,0.0019597919
/home/tianlong/Downloads//test/vjegxiyvla.mp4,1,0.45700774
/home/tianlong/Downloads//test/jbwtbfbdko.mp4,1,0.027522877
/home/tianlong/Downloads//test/toggbitvfd.mp4,1,0.29743198
/home/tianlong/Downloads//test/xpfhawmzbe.mp4,1,0.0004950074
/home/tianlong/Downloads//test/kjwdinzplo.mp4,1,0.02823865
/home/tianlong/Downloads//test/jrkdzpijpb.mp4,1,0.21199946
/home/tianlong/Downloads//test/lbnuxynggy.mp4,1,0.00039063123
/home/tianlong/Downloads//test/iorrylopzn.mp4,1,0.09345001
/home/tianlong/Downloads//test/yasxapunrf.mp4,1,0.016000513
/home/tianlong/Downloads//test/suohrphvbe.mp4,1,0.015887111
/home/tianlong/Downloads//test/salsuwvckq.mp4,1,0.70459074
/home/tianlong/Downloads//test/eclnowceyi.mp4,1,0.00086721004
/home/tianlong/Downloads//test/wvtymfvbwq.mp4,1,0.00028125156
/home/tianlong/Downloads//test/rsjhmrvdwg.mp4,1,0.2993735
/home/tianlong/Downloads//test/qtvhpmoukj.mp4,1,0.033655826
/home/tianlong/Downloads//test/svqkfjfucw.mp4,1,0.00025482633
/home/tianlong/Downloads//test/jdlqmnhuix.mp4,1,0.0013887045
/home/tianlong/Downloads//test/ltmkgkppwx.mp4,1,0.0056844447
/home/tianlong/Downloads//test/zaoyocjkgw.mp4,1,0.10980358
/home/tianlong/Downloads//test/vgrhobnbfo.mp4,1,7.5552074e-05
/home/tianlong/Downloads//test/eeeuzozcdc.mp4,1,0.10416795
/home/tianlong/Downloads//test/ikgxqbhmlv.mp4,1,0.36489323
/home/tianlong/Downloads//test/zyeakowujw.mp4,1,0.0048716827
/home/tianlong/Downloads//test/uerapqglmr.mp4,1,0.0067942077
/home/tianlong/Downloads//test/fmuncwjpej.mp4,1,0.24927339
/home/tianlong/Downloads//test/xllzvdxwiv.mp4,1,0.037988313
/home/tianlong/Downloads//test/giuymhlbyo.mp4,1,0.02219121
/home/tianlong/Downloads//test/bubbmjnmge.mp4,1,0.11524092
/home/tianlong/Downloads//test/qwqefbalkv.mp4,1,9.5541756e-05
/home/tianlong/Downloads//test/aupsxowdcp.mp4,1,0.00014061127
/home/tianlong/Downloads//test/apjovfzzft.mp4,1,2.2917791e-05
/home/tianlong/Downloads//test/yjbnaqwxyf.mp4,1,0.5606324
/home/tianlong/Downloads//test/dajlkmlvch.mp4,1,0.00012681754
/home/tianlong/Downloads//test/egwzzhemvk.mp4,1,0.1987805
/home/tianlong/Downloads//test/vlhrgeyvqy.mp4,1,0.09109647
/home/tianlong/Downloads//test/vpolvvzwsw.mp4,1,6.846551e-06
/home/tianlong/Downloads//test/ddkcxrncmq.mp4,1,0.5506972
/home/tianlong/Downloads//test/fncnobpzzx.mp4,1,0.22097392
/home/tianlong/Downloads//test/lhayhvqjmg.mp4,1,0.00041660317
/home/tianlong/Downloads//test/yboofyemks.mp4,1,1.9520758e-05
/home/tianlong/Downloads//test/wzkovvmdkq.mp4,1,0.00012888425
/home/tianlong/Downloads//test/axxldpmbat.mp4,1,0.00028672177
/home/tianlong/Downloads//test/piovymzozl.mp4,1,0.029759884
/home/tianlong/Downloads//test/ymjrnwsjxt.mp4,1,0.0009248283
/home/tianlong/Downloads//test/jfxroglrst.mp4,1,0.0025303278
/home/tianlong/Downloads//test/qzyaijdbfe.mp4,1,0.0050650183
/home/tianlong/Downloads//test/gzwzxbtkpd.mp4,1,0.688939
/home/tianlong/Downloads//test/bgssriyozb.mp4,1,0.034194253
/home/tianlong/Downloads//test/wqtraebanl.mp4,1,0.73742235
/home/tianlong/Downloads//test/lovkthgavz.mp4,1,0.00138495
/home/tianlong/Downloads//test/vpgjaoyvir.mp4,1,0.0060012294
/home/tianlong/Downloads//test/btlqqvfuck.mp4,1,0.03771956
/home/tianlong/Downloads//test/zzxidpsxmv.mp4,1,0.010036213
/home/tianlong/Downloads//test/qzuhjrhozy.mp4,1,0.008538643
/home/tianlong/Downloads//test/rtuaxyuvqs.mp4,1,0.007854932
/home/tianlong/Downloads//test/vybbullejj.mp4,1,0.005736178
/home/tianlong/Downloads//test/lblweiecpx.mp4,1,0.31694728
/home/tianlong/Downloads//test/qkchcuiljp.mp4,1,0.3618259
/home/tianlong/Downloads//test/roivdutkrz.mp4,1,0.037950456
/home/tianlong/Downloads//test/rziziscker.mp4,1,0.0005250963
/home/tianlong/Downloads//test/zsdmgllhck.mp4,1,0.007117669
/home/tianlong/Downloads//test/kpkzqbpivj.mp4,1,0.004956496
/home/tianlong/Downloads//test/tgkjhdyxww.mp4,1,0.28809923
/home/tianlong/Downloads//test/zubaiztkag.mp4,1,0.53703904
/home/tianlong/Downloads//test/figxvsdmsb.mp4,1,0.007819683
/home/tianlong/Downloads//test/enzlliylet.mp4,1,0.81712025
/home/tianlong/Downloads//test/acekgkqgdg.mp4,1,0.11226102
/home/tianlong/Downloads//test/ljrikjsgis.mp4,1,0.06258423
/home/tianlong/Downloads//test/vawotznxqn.mp4,1,0.22986431
/home/tianlong/Downloads//test/jsqtbnxnpb.mp4,1,0.12950335
/home/tianlong/Downloads//test/yibeqxcadd.mp4,1,0.012571221
/home/tianlong/Downloads//test/zvgekhyszq.mp4,1,0.021890936
/home/tianlong/Downloads//test/luisdnrumh.mp4,1,0.20051734
/home/tianlong/Downloads//test/xffjesgeey.mp4,1,0.0057085967
/home/tianlong/Downloads//test/haesrhzukc.mp4,1,0.9999951
/home/tianlong/Downloads//test/uwccodyhgh.mp4,1,0.0073097115
/home/tianlong/Downloads//test/msdtzpmmae.mp4,1,0.0059344755
/home/tianlong/Downloads//test/zgiypcmpic.mp4,1,7.021075e-05
/home/tianlong/Downloads//test/olkcmrmvbh.mp4,1,0.09060593
/home/tianlong/Downloads//test/kiffbbtjfe.mp4,1,0.09380974
/home/tianlong/Downloads//test/junzzlnlfw.mp4,1,0.0375741
/home/tianlong/Downloads//test/qkgicklwyn.mp4,1,0.0068039126
/home/tianlong/Downloads//test/wluigkzjdl.mp4,1,0.0018945972
/home/tianlong/Downloads//test/rsnrcisldc.mp4,1,0.37420058
/home/tianlong/Downloads//test/asiuftijhs.mp4,1,0.33942038
/home/tianlong/Downloads//test/yjloopcthi.mp4,1,0.013137154
/home/tianlong/Downloads//test/tzzwqaxtrk.mp4,1,0.01586924
/home/tianlong/Downloads//test/tmfvsxrxnk.mp4,1,0.190447
/home/tianlong/Downloads//test/dlsdmdraln.mp4,1,1.9432364e-05
/home/tianlong/Downloads//test/rkygzeyegz.mp4,1,0.0045915446
/home/tianlong/Downloads//test/truremwrti.mp4,1,0.00035769734
/home/tianlong/Downloads//test/depcrcqwai.mp4,1,0.0013171792
/home/tianlong/Downloads//test/jovohczybs.mp4,1,0.807327
/home/tianlong/Downloads//test/udcpjfvqro.mp4,1,0.0030997745
/home/tianlong/Downloads//test/yxlkovjssa.mp4,1,0.007958004
/home/tianlong/Downloads//test/trltdpitif.mp4,1,0.18437314
/home/tianlong/Downloads//test/hwufwjdaai.mp4,1,0.0016125437
/home/tianlong/Downloads//test/vgfxjwupga.mp4,1,0.81955373
/home/tianlong/Downloads//test/jejjcsijvc.mp4,1,0.10057016
/home/tianlong/Downloads//test/yjpfhrfyfn.mp4,1,0.00059737044
/home/tianlong/Downloads//test/izyqqybmcq.mp4,1,3.98761e-05
/home/tianlong/Downloads//test/xjnflcfxhn.mp4,1,0.35702413
/home/tianlong/Downloads//test/zidsbdilrm.mp4,1,0.016588608
/home/tianlong/Downloads//test/lepqvhstws.mp4,1,0.4430147
/home/tianlong/Downloads//test/eabghyltka.mp4,1,0.003633914
/home/tianlong/Downloads//test/qxgwcsugvd.mp4,1,0.0061398325
/home/tianlong/Downloads//test/oitqddnspw.mp4,1,0.0043025976
/home/tianlong/Downloads//test/jiddesrgoi.mp4,1,0.75079405
/home/tianlong/Downloads//test/whsqzlklam.mp4,1,0.38472146
/home/tianlong/Downloads//test/hwspklkjol.mp4,1,0.0029230288
/home/tianlong/Downloads//test/mgxdtegobh.mp4,1,0.027350519
/home/tianlong/Downloads//test/dkvxzocpnx.mp4,1,0.03742864
/home/tianlong/Downloads//test/zxjiwvyzbs.mp4,1,0.21246739
/home/tianlong/Downloads//test/qysxqoredd.mp4,1,0.0019209947
/home/tianlong/Downloads//test/angqjpzdts.mp4,1,0.28516275
/home/tianlong/Downloads//test/slbhiftdwk.mp4,1,0.0022921578
/home/tianlong/Downloads//test/ctsjalmkpx.mp4,1,1.40270595e-05
/home/tianlong/Downloads//test/jrwqouwlzc.mp4,1,0.070156865
/home/tianlong/Downloads//test/vcqcervdzi.mp4,1,0.19900092
/home/tianlong/Downloads//test/mxczokbutl.mp4,1,0.04697326
/home/tianlong/Downloads//test/qawqquinvi.mp4,1,0.14746138
/home/tianlong/Downloads//test/cqiyijvrcj.mp4,1,0.00034456182
/home/tianlong/Downloads//test/wypdykzzma.mp4,1,0.62202656
/home/tianlong/Downloads//test/zdurkznxhi.mp4,1,0.00040614
/home/tianlong/Downloads//test/llwjpzzrur.mp4,1,0.13417998
/home/tianlong/Downloads//test/stmqpsakem.mp4,1,0.0023131818
/home/tianlong/Downloads//test/hqfxruqynj.mp4,1,0.009040546
/home/tianlong/Downloads//test/cotxffvovx.mp4,1,0.0013617732
/home/tianlong/Downloads//test/yiwyejujhz.mp4,1,0.4589942
/home/tianlong/Downloads//test/azkhkminwu.mp4,1,0.13858967
/home/tianlong/Downloads//test/yoicqcpxgm.mp4,1,0.6766976
/home/tianlong/Downloads//test/kcpamicxjs.mp4,1,0.06724077
/home/tianlong/Downloads//test/mbnvlpwewk.mp4,1,0.024315352
/home/tianlong/Downloads//test/wjqdwzowcg.mp4,1,3.4651213e-05
/home/tianlong/Downloads//test/vqtspwkgwe.mp4,1,0.000831799
/home/tianlong/Downloads//test/rurhyzsnyi.mp4,1,0.002895678
/home/tianlong/Downloads//test/sipuxpudya.mp4,1,1.127044e-05
/home/tianlong/Downloads//test/scchmtbzar.mp4,1,0.37873584
/home/tianlong/Downloads//test/qyhlzalxzm.mp4,1,0.0011060296
/home/tianlong/Downloads//test/ektrtuwidv.mp4,1,0.10111107
/home/tianlong/Downloads//test/scbfkrlytb.mp4,1,0.21080288
/home/tianlong/Downloads//test/kxnsmwhqtl.mp4,1,0.19860534
/home/tianlong/Downloads//test/fiayeurvwb.mp4,1,0.12412961
/home/tianlong/Downloads//test/xpuntxtdbs.mp4,1,0.013197897
/home/tianlong/Downloads//test/edvyxmzpoy.mp4,1,0.54857856
/home/tianlong/Downloads//test/thnywrwayf.mp4,1,0.006400651
/home/tianlong/Downloads//test/xojauzdavy.mp4,1,9.7984936e-05
/home/tianlong/Downloads//test/kaajaxzivt.mp4,1,6.357841e-05
/home/tianlong/Downloads//test/fmvdkhucsz.mp4,1,0.85849273
/home/tianlong/Downloads//test/mdkqmouddq.mp4,1,0.08977023
/home/tianlong/Downloads//test/ehtvcnlsfl.mp4,1,0.45616037
/home/tianlong/Downloads//test/iizsrcugyd.mp4,1,0.0740487
/home/tianlong/Downloads//test/hurlxdpsxl.mp4,1,0.7510953
/home/tianlong/Downloads//test/rvfhfbutlx.mp4,1,0.29918218
/home/tianlong/Downloads//test/ycxkcnwrbw.mp4,1,0.13563064
/home/tianlong/Downloads//test/jrmgqzgcmj.mp4,1,0.0029868623
/home/tianlong/Downloads//test/cinrseylyp.mp4,1,0.0053691478
/home/tianlong/Downloads//test/uhvmrfksax.mp4,1,3.828674e-05
/home/tianlong/Downloads//test/djjdzsivvi.mp4,1,0.94423044
/home/tianlong/Downloads//test/pmulgdcejl.mp4,1,0.09542094
/home/tianlong/Downloads//test/ngvbaolyub.mp4,1,0.024814745
/home/tianlong/Downloads//test/kpyyjmxmoj.mp4,1,0.00015043556
/home/tianlong/Downloads//test/xhizcimlzp.mp4,1,0.00014037303
/home/tianlong/Downloads//test/ulygywporv.mp4,1,0.005883674
/home/tianlong/Downloads//test/psunkvudmg.mp4,1,0.02375121
/home/tianlong/Downloads//test/ctarrlrgdy.mp4,1,0.08219276
/home/tianlong/Downloads//test/hdzygqltzu.mp4,1,0.6333318
/home/tianlong/Downloads//test/rvtfddfweu.mp4,1,0.200165
/home/tianlong/Downloads//test/kaeouvuasm.mp4,1,0.0026666147
/home/tianlong/Downloads//test/rzivzpozjr.mp4,1,0.00013770138
/home/tianlong/Downloads//test/stfqbsbvfy.mp4,1,0.005045733
/home/tianlong/Downloads//test/qbhoufagsa.mp4,1,6.0774903e-05
/home/tianlong/Downloads//test/xycfzkbnhy.mp4,1,0.0066582127
/home/tianlong/Downloads//test/zudnvkagjk.mp4,1,0.01959959
/home/tianlong/Downloads//test/feaqnlczwc.mp4,1,1.0064931e-05
/home/tianlong/Downloads//test/rqviqcsbzw.mp4,1,0.03464485
/home/tianlong/Downloads//test/dhfcwchsir.mp4,1,0.00022484656
/home/tianlong/Downloads//test/cglpyitrzw.mp4,1,0.000102416496
/home/tianlong/Downloads//test/yjypqyrhyi.mp4,1,0.010659043
/home/tianlong/Downloads//test/fokuimoqkh.mp4,1,0.3766978
/home/tianlong/Downloads//test/xzouvgiqha.mp4,1,0.11610484
/home/tianlong/Downloads//test/qyjbhkeqes.mp4,1,0.3610129
/home/tianlong/Downloads//test/phngwcpbqw.mp4,1,0.03179725
/home/tianlong/Downloads//test/rjcjcdkzkw.mp4,1,0.3835084
/home/tianlong/Downloads//test/legilvljip.mp4,1,0.48059398
/home/tianlong/Downloads//test/bukegrztbb.mp4,1,0.007221336
/home/tianlong/Downloads//test/yvaxmtbtgx.mp4,1,0.00079506804
/home/tianlong/Downloads//test/saljlsmnet.mp4,1,0.60216725
/home/tianlong/Downloads//test/ezupajzwdl.mp4,1,0.57364964
/home/tianlong/Downloads//test/xeszevnech.mp4,1,0.000361266
/home/tianlong/Downloads//test/fbqwomdehr.mp4,1,0.012476384
/home/tianlong/Downloads//test/itdywxjknn.mp4,1,0.29239213
/home/tianlong/Downloads//test/zwupuzlefv.mp4,1,0.9833563
/home/tianlong/Downloads//test/qcrofjquht.mp4,1,0.13772939
/home/tianlong/Downloads//test/jblkcfejih.mp4,1,2.797208e-05
/home/tianlong/Downloads//test/howruupkxw.mp4,1,0.6003388
/home/tianlong/Downloads//test/xslxboadvn.mp4,1,0.026787365
/home/tianlong/Downloads//test/rzykslnkdi.mp4,1,0.0062863887
/home/tianlong/Downloads//test/govjvzfbcj.mp4,1,0.0006921617
/home/tianlong/Downloads//test/fwbvksfidm.mp4,1,0.003463578
/home/tianlong/Downloads//test/khokwspqph.mp4,1,0.00026685005
/home/tianlong/Downloads//test/sslrtrxyaj.mp4,1,0.0067383507
/home/tianlong/Downloads//test/zdmknyhzoo.mp4,1,0.0002855387
/home/tianlong/Downloads//test/rzjpckpslj.mp4,1,0.0030931085
/home/tianlong/Downloads//test/pscilvlcfe.mp4,1,0.041262873
/home/tianlong/Downloads//test/rlwkdhgoqw.mp4,1,0.6829752
/home/tianlong/Downloads//test/cmpkopoabr.mp4,1,0.0026533224
/home/tianlong/Downloads//test/dbljnexmlf.mp4,1,0.012437011
/home/tianlong/Downloads//test/atfuphvjft.mp4,1,0.0075837784
/home/tianlong/Downloads//test/zdldobedod.mp4,1,0.3923437
/home/tianlong/Downloads//test/iknfqmugud.mp4,1,0.011522398
/home/tianlong/Downloads//test/whusuiiqmt.mp4,1,0.037166532
/home/tianlong/Downloads//test/ksrnzzbcsz.mp4,1,0.000938509
/home/tianlong/Downloads//test/xxhuecshhw.mp4,1,7.8056955e-06
/home/tianlong/Downloads//test/okmlcbefeu.mp4,1,0.07700399
/home/tianlong/Downloads//test/xryrhuskyd.mp4,1,0.23204443
/home/tianlong/Downloads//test/wevygelkrl.mp4,1,0.009354042
/home/tianlong/Downloads//test/rdpausigpg.mp4,1,0.005261509
/home/tianlong/Downloads//test/fdziwiuoer.mp4,1,0.20430234
/home/tianlong/Downloads//test/kykmrtoitd.mp4,1,0.39768153
/home/tianlong/Downloads//test/eacsjvcmlp.mp4,1,0.0007090793
/home/tianlong/Downloads//test/asvuutypvz.mp4,1,0.20757501
/home/tianlong/Downloads//test/nucqorkejg.mp4,1,0.79810715
/home/tianlong/Downloads//test/ctpexqamtx.mp4,1,0.0074699163
/home/tianlong/Downloads//test/vnsxdkjjtk.mp4,1,0.27219382
/home/tianlong/Downloads//test/cktsyobheu.mp4,1,0.42192683
/home/tianlong/Downloads//test/kccicuhxgk.mp4,1,0.5993775
/home/tianlong/Downloads//test/qckjihxoze.mp4,1,0.13246298
/home/tianlong/Downloads//test/gvqtnedfso.mp4,1,0.0077898935
/home/tianlong/Downloads//test/ajxkvlpgov.mp4,1,0.28053764
/home/tianlong/Downloads//test/srlilcjhaf.mp4,1,0.2152352
/home/tianlong/Downloads//test/qfjxksudna.mp4,1,0.5728326
/home/tianlong/Downloads//test/hstvglyexy.mp4,1,0.0042384365
/home/tianlong/Downloads//test/jyyvhnsyys.mp4,1,0.00017330225
/home/tianlong/Downloads//test/whxqigkgyk.mp4,1,0.9787277
/home/tianlong/Downloads//test/mqzrlecakr.mp4,1,0.4616205
/home/tianlong/Downloads//test/aeplbqxnge.mp4,1,0.0002864024
/home/tianlong/Downloads//test/inwaznexiv.mp4,1,0.98345673
/home/tianlong/Downloads//test/anfupdhmyr.mp4,1,0.0041372846
/home/tianlong/Downloads//test/wbvlgevkmb.mp4,1,0.38755268
/home/tianlong/Downloads//test/uiykwgaarz.mp4,1,0.0012301285
/home/tianlong/Downloads//test/nvarnevska.mp4,1,0.00074949156
/home/tianlong/Downloads//test/ooczenomzk.mp4,1,0.021517433
/home/tianlong/Downloads//test/qtjuhlppot.mp4,1,0.07535322
/home/tianlong/Downloads//test/drqtyzvhdd.mp4,1,0.05789727
/home/tianlong/Downloads//test/ytljvippwv.mp4,1,0.3899816
/home/tianlong/Downloads//test/skrqoagxle.mp4,1,0.02039457
/home/tianlong/Downloads//test/shwkznunyp.mp4,1,0.009435946
/home/tianlong/Downloads//test/tlsoagxovk.mp4,1,0.060512193
/home/tianlong/Downloads//test/enpshnkugu.mp4,1,0.001104669
/home/tianlong/Downloads//test/vitjdpnfpi.mp4,1,0.25542885
/home/tianlong/Downloads//test/jovrnujurf.mp4,1,0.021857556
/home/tianlong/Downloads//test/sbwemwjlsl.mp4,1,0.002073159
/home/tianlong/Downloads//test/uclzxnftij.mp4,1,0.01868298
/home/tianlong/Downloads//test/sdqjjttckw.mp4,1,0.57132375
/home/tianlong/Downloads//test/wtmggpeiom.mp4,1,0.027090544
