Video,Label,Prediction
/home/tianlong/Downloads//test/myvwyfdnxu.mp4,0,0.2811071
/home/tianlong/Downloads//test/uxgkqpiykp.mp4,0,0.020582844
/home/tianlong/Downloads//test/qyscponfaf.mp4,0,0.0082654515
/home/tianlong/Downloads//test/tmgmbnzrrz.mp4,0,0.07062651
/home/tianlong/Downloads//test/wfmeffvvce.mp4,0,0.024300352
/home/tianlong/Downloads//test/fwrcfaglhz.mp4,0,0.10086666
/home/tianlong/Downloads//test/itfzfpuilx.mp4,0,0.015445188
/home/tianlong/Downloads//test/wupoiiknff.mp4,0,0.01037529
/home/tianlong/Downloads//test/dscprfjses.mp4,0,0.09568377
/home/tianlong/Downloads//test/ofntcunuqn.mp4,0,0.023800993
/home/tianlong/Downloads//test/imnzannmcr.mp4,0,0.061274737
/home/tianlong/Downloads//test/jidkzoagws.mp4,0,0.008956012
/home/tianlong/Downloads//test/nkpqkddsgt.mp4,0,0.019303525
/home/tianlong/Downloads//test/xqmrrciral.mp4,0,0.16304913
/home/tianlong/Downloads//test/ykfllpyawg.mp4,0,0.018132042
/home/tianlong/Downloads//test/bpieoyctzo.mp4,0,0.025423575
/home/tianlong/Downloads//test/wjrepvzlsv.mp4,0,0.017881643
/home/tianlong/Downloads//test/voucpidonq.mp4,0,0.027855169
/home/tianlong/Downloads//test/fxfxtrrkeq.mp4,0,0.01131423
/home/tianlong/Downloads//test/qggfpdkyzi.mp4,0,0.058575004
/home/tianlong/Downloads//test/xyucutnxhz.mp4,0,0.01213702
/home/tianlong/Downloads//test/rkxepdkger.mp4,0,0.012840262
/home/tianlong/Downloads//test/fxxpxoqoxp.mp4,0,0.011147946
/home/tianlong/Downloads//test/jkxxwfycsj.mp4,0,0.30403653
/home/tianlong/Downloads//test/qbearsyziz.mp4,0,0.03853492
/home/tianlong/Downloads//test/kyrbveruev.mp4,0,0.013628447
/home/tianlong/Downloads//test/pdyrvsvwyi.mp4,0,0.01554801
/home/tianlong/Downloads//test/bpxxmxuvuy.mp4,0,0.101039685
/home/tianlong/Downloads//test/ekxsduhvwh.mp4,0,0.003213254
/home/tianlong/Downloads//test/ocsqqqduxx.mp4,0,0.011032859
/home/tianlong/Downloads//test/qufzdwetss.mp4,0,0.08182281
/home/tianlong/Downloads//test/vwqrtxbwye.mp4,0,0.7217978
/home/tianlong/Downloads//test/zuduvanawx.mp4,0,0.031767428
/home/tianlong/Downloads//test/rkjhxvdnsv.mp4,0,0.015879724
/home/tianlong/Downloads//test/hpcivouyku.mp4,0,0.022122754
/home/tianlong/Downloads//test/vgndywbmgf.mp4,0,0.015277991
/home/tianlong/Downloads//test/hfgczdzbix.mp4,0,0.030041795
/home/tianlong/Downloads//test/rwehwmmutn.mp4,0,0.07852453
/home/tianlong/Downloads//test/jyfnzyvznx.mp4,0,0.007274394
/home/tianlong/Downloads//test/jxpodcendq.mp4,0,0.056743614
/home/tianlong/Downloads//test/kgynainlug.mp4,0,0.024911955
/home/tianlong/Downloads//test/hqgervpkkf.mp4,0,0.012704
/home/tianlong/Downloads//test/defeqlyysh.mp4,0,0.79256046
/home/tianlong/Downloads//test/xzkwbswkao.mp4,0,0.019682938
/home/tianlong/Downloads//test/hhdblnxhtj.mp4,0,0.053388577
/home/tianlong/Downloads//test/oaptmwroki.mp4,0,0.010324096
/home/tianlong/Downloads//test/djlkkqmjkk.mp4,0,0.0082397
/home/tianlong/Downloads//test/motfposykz.mp4,0,0.018432964
/home/tianlong/Downloads//test/shvfupmrho.mp4,0,0.0120497495
/home/tianlong/Downloads//test/escwmsthiz.mp4,0,0.034107767
/home/tianlong/Downloads//test/ctpypmzfnl.mp4,0,0.0103188995
/home/tianlong/Downloads//test/sjqrdyzkgl.mp4,0,0.02063989
/home/tianlong/Downloads//test/ddrjnwlugg.mp4,0,0.007323096
/home/tianlong/Downloads//test/hxfqltenqh.mp4,0,0.013949404
/home/tianlong/Downloads//test/umerhoubxw.mp4,0,0.016426945
/home/tianlong/Downloads//test/jxrpqynwlt.mp4,0,0.2669909
/home/tianlong/Downloads//test/hprzotbjtj.mp4,0,0.0051174974
/home/tianlong/Downloads//test/cqewayywpg.mp4,0,0.2138058
/home/tianlong/Downloads//test/nvptcoxzah.mp4,0,0.07124418
/home/tianlong/Downloads//test/uvzlfuxalu.mp4,0,0.5613257
/home/tianlong/Downloads//test/mfcbgbcuvb.mp4,0,0.014275653
/home/tianlong/Downloads//test/tmtoypmqwt.mp4,0,0.03134344
/home/tianlong/Downloads//test/bsjucwhlrj.mp4,0,0.06027635
/home/tianlong/Downloads//test/hlsubhyoea.mp4,0,0.0056287996
/home/tianlong/Downloads//test/deslnszgpy.mp4,0,0.0149792
/home/tianlong/Downloads//test/tfwdbkwvgz.mp4,0,0.013747695
/home/tianlong/Downloads//test/ufxafdxpat.mp4,0,0.014870822
/home/tianlong/Downloads//test/lmacrzidyh.mp4,0,0.013291409
/home/tianlong/Downloads//test/wyiajvmitt.mp4,0,0.015146807
/home/tianlong/Downloads//test/xbdnqfbxcv.mp4,0,0.021208322
/home/tianlong/Downloads//test/mhfnldxixw.mp4,0,0.0023705014
/home/tianlong/Downloads//test/pfiigjlcct.mp4,0,0.0034620897
/home/tianlong/Downloads//test/ldtibsniik.mp4,0,0.0074628172
/home/tianlong/Downloads//test/gwzttezkpv.mp4,0,0.024837973
/home/tianlong/Downloads//test/pevmkpamhv.mp4,0,0.06298016
/home/tianlong/Downloads//test/zcfpsnaujx.mp4,0,0.013415873
/home/tianlong/Downloads//test/slvcfpalev.mp4,0,0.08743153
/home/tianlong/Downloads//test/ctdwtfcjei.mp4,0,0.03813372
/home/tianlong/Downloads//test/vxwsisekmb.mp4,0,0.04367098
/home/tianlong/Downloads//test/pkoadvlpga.mp4,0,0.008035039
/home/tianlong/Downloads//test/ofapaanpkl.mp4,0,0.024951072
/home/tianlong/Downloads//test/huzryvwrfa.mp4,0,0.008500779
/home/tianlong/Downloads//test/knjoasqzvt.mp4,0,0.039325155
/home/tianlong/Downloads//test/cedpyannqf.mp4,0,0.03396105
/home/tianlong/Downloads//test/mdwtpvlbrz.mp4,0,0.015937304
/home/tianlong/Downloads//test/hfcxlucrbj.mp4,0,0.05257238
/home/tianlong/Downloads//test/wbsajsyaej.mp4,0,0.007097547
/home/tianlong/Downloads//test/tbqrwehekx.mp4,0,0.03640984
/home/tianlong/Downloads//test/shslgpeisw.mp4,0,0.22955482
/home/tianlong/Downloads//test/epgfqrvwlr.mp4,0,0.010893266
/home/tianlong/Downloads//test/fduhwlydlg.mp4,0,0.12504509
/home/tianlong/Downloads//test/cpmridjxbc.mp4,0,0.018892523
/home/tianlong/Downloads//test/kphflojove.mp4,0,0.017424857
/home/tianlong/Downloads//test/hlcpwfwcyw.mp4,0,0.077982046
/home/tianlong/Downloads//test/bpeemkcxad.mp4,0,0.27253515
/home/tianlong/Downloads//test/jkadnvoqhk.mp4,0,0.016829303
/home/tianlong/Downloads//test/lzzpsosige.mp4,0,0.08994214
/home/tianlong/Downloads//test/pxtwhbaxjq.mp4,0,0.010141318
/home/tianlong/Downloads//test/pxgcsltbuo.mp4,0,0.009128561
/home/tianlong/Downloads//test/gmepmwcgwg.mp4,0,0.01442896
/home/tianlong/Downloads//test/tnetytnegv.mp4,0,0.04433815
/home/tianlong/Downloads//test/sxmqvznwwq.mp4,0,0.03717289
/home/tianlong/Downloads//test/partcfzlbj.mp4,0,0.005271668
/home/tianlong/Downloads//test/tnkmovifrb.mp4,0,0.1557173
/home/tianlong/Downloads//test/dpgznlwvpx.mp4,0,0.04066427
/home/tianlong/Downloads//test/mbpbbekqks.mp4,0,0.08825819
/home/tianlong/Downloads//test/hdbejalgtx.mp4,0,0.17373046
/home/tianlong/Downloads//test/bmdiaytrcm.mp4,0,0.011845519
/home/tianlong/Downloads//test/yghxoihrle.mp4,0,0.024260668
/home/tianlong/Downloads//test/vcgelshrli.mp4,0,0.0066498453
/home/tianlong/Downloads//test/yvdnbmbwyh.mp4,0,0.037447035
/home/tianlong/Downloads//test/kmakhupeac.mp4,0,0.1747602
/home/tianlong/Downloads//test/ccevbixrwu.mp4,0,0.021213248
/home/tianlong/Downloads//test/edavfjsjzw.mp4,0,0.05484304
/home/tianlong/Downloads//test/znmzmierff.mp4,0,0.007128501
/home/tianlong/Downloads//test/kiotoqmmfj.mp4,0,0.25444388
/home/tianlong/Downloads//test/nqctdktbtb.mp4,0,0.027857443
/home/tianlong/Downloads//test/inneixkosf.mp4,0,0.016522799
/home/tianlong/Downloads//test/occrrsyizc.mp4,0,0.0029905182
/home/tianlong/Downloads//test/zfecmsiodq.mp4,0,0.0238868
/home/tianlong/Downloads//test/haknpmhigp.mp4,0,0.0032608632
/home/tianlong/Downloads//test/zjbwxmmrgk.mp4,0,0.0047583305
/home/tianlong/Downloads//test/qgpabkriss.mp4,0,0.038665384
/home/tianlong/Downloads//test/liureznisp.mp4,0,0.103943944
/home/tianlong/Downloads//test/bzdywpajvr.mp4,0,0.013306916
/home/tianlong/Downloads//test/jniytngcmy.mp4,0,0.07171428
/home/tianlong/Downloads//test/idklchvhxp.mp4,0,0.009738775
/home/tianlong/Downloads//test/pijzjjchqn.mp4,0,0.039505247
/home/tianlong/Downloads//test/pjnsejazpl.mp4,0,0.010768594
/home/tianlong/Downloads//test/gpaqoqegbn.mp4,0,0.014043199
/home/tianlong/Downloads//test/xsxwrwvfkg.mp4,0,0.015980685
/home/tianlong/Downloads//test/arwefyghir.mp4,0,0.053284537
/home/tianlong/Downloads//test/ptgvxdueef.mp4,0,0.003898867
/home/tianlong/Downloads//test/plljpjscih.mp4,0,0.0105319265
/home/tianlong/Downloads//test/jozfaxodnx.mp4,0,0.00879242
/home/tianlong/Downloads//test/girdwtjwsr.mp4,0,0.10572068
/home/tianlong/Downloads//test/jbaahohsns.mp4,0,0.02504086
/home/tianlong/Downloads//test/uetfcmaryk.mp4,0,0.07261408
/home/tianlong/Downloads//test/oqbltrmhvt.mp4,0,0.15974659
/home/tianlong/Downloads//test/dvtzvkcrku.mp4,0,0.47271794
/home/tianlong/Downloads//test/qjilklnynm.mp4,0,0.009744772
/home/tianlong/Downloads//test/tcsdjwbihw.mp4,0,0.013900491
/home/tianlong/Downloads//test/zhftwvtutp.mp4,0,0.011563556
/home/tianlong/Downloads//test/xgktqwvknw.mp4,0,0.013262397
/home/tianlong/Downloads//test/cdeesuuuqz.mp4,0,0.017732073
/home/tianlong/Downloads//test/ymngcysczs.mp4,0,0.011044787
/home/tianlong/Downloads//test/gctyynjruz.mp4,0,0.028297748
/home/tianlong/Downloads//test/vkirqaiuoc.mp4,0,0.012255063
/home/tianlong/Downloads//test/ykywskdwlc.mp4,0,0.3505396
/home/tianlong/Downloads//test/verpxkucoi.mp4,0,0.06327944
/home/tianlong/Downloads//test/gpsqelalbp.mp4,0,0.0075456602
/home/tianlong/Downloads//test/paorozwtbf.mp4,0,0.014420009
/home/tianlong/Downloads//test/iaaecuquha.mp4,0,0.49446863
/home/tianlong/Downloads//test/lmgdjtzwau.mp4,0,0.23203523
/home/tianlong/Downloads//test/tayykmblhg.mp4,0,0.015042166
/home/tianlong/Downloads//test/hpurahupjh.mp4,0,0.09727715
/home/tianlong/Downloads//test/uutxmgqajd.mp4,0,0.10961692
/home/tianlong/Downloads//test/rbkcpkwhjn.mp4,0,0.013473081
/home/tianlong/Downloads//test/wtnloygygs.mp4,0,0.017415512
/home/tianlong/Downloads//test/biborxaekt.mp4,0,0.011968059
/home/tianlong/Downloads//test/drlnvwvvuw.mp4,0,0.084654845
/home/tianlong/Downloads//test/axutpjywuu.mp4,0,0.0116670905
/home/tianlong/Downloads//test/jbcnsmlysc.mp4,0,0.0134940175
/home/tianlong/Downloads//test/ilzhgraxpl.mp4,0,0.025306607
/home/tianlong/Downloads//test/cwqhzuhjol.mp4,0,0.029260267
/home/tianlong/Downloads//test/tlzordotqw.mp4,0,0.020642217
/home/tianlong/Downloads//test/hdauuytvhx.mp4,0,0.011436091
/home/tianlong/Downloads//test/rtiyduycrn.mp4,0,0.16186485
/home/tianlong/Downloads//test/mdsmgzaltc.mp4,0,0.09264903
/home/tianlong/Downloads//test/mnlxxoicoo.mp4,0,0.007156953
/home/tianlong/Downloads//test/ksfuiztwuc.mp4,0,0.008488482
/home/tianlong/Downloads//test/tpjydgkvdt.mp4,0,0.03078092
/home/tianlong/Downloads//test/nmjesbwiux.mp4,0,0.0089614885
/home/tianlong/Downloads//test/egzfaoiuwo.mp4,0,0.0043273284
/home/tianlong/Downloads//test/ucmfbukrkj.mp4,0,0.002696747
/home/tianlong/Downloads//test/aoqzxlwvmi.mp4,0,0.5167788
/home/tianlong/Downloads//test/zzjfzeuizr.mp4,0,0.0112231085
/home/tianlong/Downloads//test/aunokqsmrt.mp4,0,0.012083237
/home/tianlong/Downloads//test/kudvvlgiff.mp4,0,0.029402291
/home/tianlong/Downloads//test/qqwsabrgxh.mp4,0,0.002693581
/home/tianlong/Downloads//test/pvsslamopo.mp4,0,0.017256016
/home/tianlong/Downloads//test/kawxnfacqs.mp4,0,0.025264317
/home/tianlong/Downloads//test/lxeqbyddvt.mp4,0,0.009304352
/home/tianlong/Downloads//test/zylribcaeu.mp4,0,0.023740452
/home/tianlong/Downloads//test/sghdekqnnn.mp4,0,0.006549603
/home/tianlong/Downloads//test/msbqgoxxlh.mp4,0,0.017013347
/home/tianlong/Downloads//test/ubbzrfgzer.mp4,0,0.009137904
/home/tianlong/Downloads//test/vuofhivyfs.mp4,0,0.010096146
/home/tianlong/Downloads//test/xirrbpmlja.mp4,0,0.16436994
/home/tianlong/Downloads//test/appvffejyy.mp4,0,0.012904728
/home/tianlong/Downloads//test/nzepxsbotb.mp4,0,0.03000543
/home/tianlong/Downloads//test/nkqkvwpghi.mp4,0,0.15372686
/home/tianlong/Downloads//test/vdvffooule.mp4,0,0.061891936
/home/tianlong/Downloads//test/rayhrvqorn.mp4,0,0.0023686462
/home/tianlong/Downloads//test/cslfapvyjv.mp4,0,0.04330111
/home/tianlong/Downloads//test/rmygsfjyvt.mp4,0,0.012230529
/home/tianlong/Downloads//test/yhbhhibwzo.mp4,0,0.16534235
/home/tianlong/Downloads//test/vlxfyuzygn.mp4,0,0.53958386
/home/tianlong/Downloads//test/zefqhoewww.mp4,0,0.009659993
/home/tianlong/Downloads//test/vptrrrmhyb.mp4,0,0.015806213
/home/tianlong/Downloads//test/cefolmrrlx.mp4,0,0.006660541
/home/tianlong/Downloads//test/xzmplldajk.mp4,0,0.009219408
/home/tianlong/Downloads//test/hrznynemfj.mp4,0,0.0035663773
/home/tianlong/Downloads//test/tkxblcleyd.mp4,0,0.016579676
/home/tianlong/Downloads//test/tlxgwzheli.mp4,0,0.02429505
/home/tianlong/Downloads//test/qvgutokvct.mp4,0,0.3443181
/home/tianlong/Downloads//test/tcwyxrvdpe.mp4,0,0.007572843
/home/tianlong/Downloads//test/jwrypvpvpx.mp4,0,0.017789591
/home/tianlong/Downloads//test/bpyjsrjcro.mp4,0,0.16885397
/home/tianlong/Downloads//test/avteqdmbob.mp4,0,0.32362443
/home/tianlong/Downloads//test/aaivbtdyjn.mp4,0,0.007420879
/home/tianlong/Downloads//test/pokctfragw.mp4,0,0.013650684
/home/tianlong/Downloads//test/vgdllmzjcw.mp4,0,0.011323402
/home/tianlong/Downloads//test/zdlhavfmit.mp4,0,0.09295914
/home/tianlong/Downloads//test/yupsrmckii.mp4,0,0.20246682
/home/tianlong/Downloads//test/pobpsxjbzg.mp4,0,0.0207958
/home/tianlong/Downloads//test/lkvouattut.mp4,0,0.016383113
/home/tianlong/Downloads//test/anjzzdyhno.mp4,0,0.014168741
/home/tianlong/Downloads//test/jvihmimqca.mp4,0,0.0149693545
/home/tianlong/Downloads//test/wnoitecfmf.mp4,0,0.11176743
/home/tianlong/Downloads//test/gbvllwqbjl.mp4,0,0.11641457
/home/tianlong/Downloads//test/gzabjmglim.mp4,0,0.011531668
/home/tianlong/Downloads//test/paqcbtdulm.mp4,0,0.061586797
/home/tianlong/Downloads//test/jcbbrqaaaq.mp4,0,0.012145106
/home/tianlong/Downloads//test/nsavbywhlu.mp4,0,0.13606806
/home/tianlong/Downloads//test/zwfebeiqat.mp4,0,0.023465157
/home/tianlong/Downloads//test/pimrsfwcwm.mp4,0,0.016793726
/home/tianlong/Downloads//test/mrvdmwcblt.mp4,0,0.07561896
/home/tianlong/Downloads//test/hedetzyqpu.mp4,0,0.013655843
/home/tianlong/Downloads//test/qytaiboeep.mp4,0,0.017816352
/home/tianlong/Downloads//test/famavifufv.mp4,0,0.010553269
/home/tianlong/Downloads//test/hnselekxwv.mp4,0,0.007504438
/home/tianlong/Downloads//test/emgciwmtuj.mp4,0,0.030859713
/home/tianlong/Downloads//test/wbmvbetcdm.mp4,0,0.08130948
/home/tianlong/Downloads//test/mpvnvvihzp.mp4,0,0.3246222
/home/tianlong/Downloads//test/zelgpxflfe.mp4,0,0.093415275
/home/tianlong/Downloads//test/lhjcdavmmg.mp4,0,0.19205987
/home/tianlong/Downloads//test/rxtqqoncwj.mp4,0,0.0431996
/home/tianlong/Downloads//test/shrpamtirw.mp4,0,0.015427102
/home/tianlong/Downloads//test/qhzlgrtgto.mp4,0,0.013965853
/home/tianlong/Downloads//test/uuzyzglejw.mp4,0,0.15898374
/home/tianlong/Downloads//test/bmnpqrwnex.mp4,0,0.0089121265
/home/tianlong/Downloads//test/dtssdnhgiw.mp4,0,0.05563674
/home/tianlong/Downloads//test/rlhmppiklf.mp4,0,0.119393244
/home/tianlong/Downloads//test/sswhgeqjrt.mp4,0,0.20490196
/home/tianlong/Downloads//test/emxqsgqtdz.mp4,0,0.009984422
/home/tianlong/Downloads//test/bcwtjzsutw.mp4,0,0.761677
/home/tianlong/Downloads//test/uomfimsutw.mp4,0,0.100769736
/home/tianlong/Downloads//test/mztlucosuc.mp4,0,0.031543996
/home/tianlong/Downloads//test/ntcfyojagi.mp4,0,0.009712712
/home/tianlong/Downloads//test/wrbuiboyat.mp4,0,0.0485123
/home/tianlong/Downloads//test/xiqecarvpb.mp4,0,0.015264703
/home/tianlong/Downloads//test/fcvzlzfufb.mp4,0,0.01568789
/home/tianlong/Downloads//test/savqrjnncg.mp4,0,0.100796625
/home/tianlong/Downloads//test/icqmqztbry.mp4,0,0.0026497685
/home/tianlong/Downloads//test/zzrmokkxka.mp4,0,0.17304702
/home/tianlong/Downloads//test/btgxrrldio.mp4,0,0.013326792
/home/tianlong/Downloads//test/zdnepyqjiy.mp4,0,0.20302603
/home/tianlong/Downloads//test/fybiztpnrc.mp4,0,0.012445772
/home/tianlong/Downloads//test/parqhrknkf.mp4,0,0.35226998
/home/tianlong/Downloads//test/tvffpggbrc.mp4,0,0.019910783
/home/tianlong/Downloads//test/rtpuwtrxsr.mp4,0,0.06155785
/home/tianlong/Downloads//test/tgmqfzsznf.mp4,0,0.0047739903
/home/tianlong/Downloads//test/eqabuehals.mp4,0,0.06287985
/home/tianlong/Downloads//test/ikebomnsiq.mp4,0,0.021732425
/home/tianlong/Downloads//test/wfzxrfxohw.mp4,0,0.21780732
/home/tianlong/Downloads//test/dqfgwejsvm.mp4,0,0.028083315
/home/tianlong/Downloads//test/lxadgjqzbf.mp4,0,0.13933796
/home/tianlong/Downloads//test/tdahgbtenl.mp4,0,0.14561228
/home/tianlong/Downloads//test/bivzhsmrqo.mp4,0,0.036774285
/home/tianlong/Downloads//test/vzxluflrhn.mp4,0,0.011052333
/home/tianlong/Downloads//test/ikmsdmynbf.mp4,0,0.096539006
/home/tianlong/Downloads//test/kuqbgbrypa.mp4,0,0.3052455
/home/tianlong/Downloads//test/nfstajzaot.mp4,0,0.011713682
/home/tianlong/Downloads//test/dultiznosk.mp4,0,0.008161467
/home/tianlong/Downloads//test/ckqfqernbf.mp4,0,0.01707564
/home/tianlong/Downloads//test/kbdwudhhwf.mp4,0,0.007993953
/home/tianlong/Downloads//test/hqpjmwyygq.mp4,0,0.18031386
/home/tianlong/Downloads//test/tjyuudtkme.mp4,0,0.013526042
/home/tianlong/Downloads//test/tihgxlmfcj.mp4,0,0.0044276873
/home/tianlong/Downloads//test/sgdnbofecu.mp4,0,0.10293279
/home/tianlong/Downloads//test/pgamqeolau.mp4,0,0.059269827
/home/tianlong/Downloads//test/ijeqomctsa.mp4,0,0.07023735
/home/tianlong/Downloads//test/ppruxbqpmc.mp4,0,0.003538164
/home/tianlong/Downloads//test/hkvfyeacje.mp4,0,0.012538232
/home/tianlong/Downloads//test/zqrzqekofe.mp4,0,0.08296831
/home/tianlong/Downloads//test/iwzbgmtsuh.mp4,0,0.020588864
/home/tianlong/Downloads//test/dbixwxtuxs.mp4,0,0.025446814
/home/tianlong/Downloads//test/cepqcoseaj.mp4,0,0.105791405
/home/tianlong/Downloads//test/gypapuqdrx.mp4,0,0.05634149
/home/tianlong/Downloads//test/djhhnixfyi.mp4,0,0.053809304
/home/tianlong/Downloads//test/fkarxowzuf.mp4,0,0.012159609
/home/tianlong/Downloads//test/gfxnuidfgl.mp4,0,0.009672417
/home/tianlong/Downloads//test/vsreebjsfs.mp4,0,0.014025817
/home/tianlong/Downloads//test/manqchicur.mp4,0,0.04437514
/home/tianlong/Downloads//test/gztffgsxpt.mp4,0,0.024871955
/home/tianlong/Downloads//test/jdzkykqgsx.mp4,0,0.038222693
/home/tianlong/Downloads//test/cvbubcwkkl.mp4,0,0.0068328544
/home/tianlong/Downloads//test/bgqhldvsgc.mp4,0,0.007062678
/home/tianlong/Downloads//test/blqgpxokwq.mp4,0,0.07505344
/home/tianlong/Downloads//test/cxvayntesu.mp4,0,0.0075382837
/home/tianlong/Downloads//test/dxepehnhgm.mp4,0,0.0902585
/home/tianlong/Downloads//test/bcgjlsupne.mp4,0,0.008700464
/home/tianlong/Downloads//test/uhynwthfhf.mp4,0,0.35481054
/home/tianlong/Downloads//test/gocrdvihos.mp4,0,0.033222057
/home/tianlong/Downloads//test/gtyvtbojpp.mp4,0,0.011187019
/home/tianlong/Downloads//test/eqtwkqxolz.mp4,0,0.012587935
/home/tianlong/Downloads//test/arwiyweadv.mp4,0,0.02680837
/home/tianlong/Downloads//test/mlizcisxro.mp4,0,0.009820381
/home/tianlong/Downloads//test/miiymgajty.mp4,0,0.06435517
/home/tianlong/Downloads//test/ragjclplkx.mp4,0,0.01782668
/home/tianlong/Downloads//test/wxrfuemtxj.mp4,0,0.04030212
/home/tianlong/Downloads//test/xxupwwukoh.mp4,0,0.017689567
/home/tianlong/Downloads//test/qdantvtdji.mp4,0,0.06638767
/home/tianlong/Downloads//test/oqehnuhbwa.mp4,0,0.021754589
/home/tianlong/Downloads//test/yzqbwkwxsn.mp4,0,0.07341151
/home/tianlong/Downloads//test/osjaqtkkdt.mp4,0,0.0058152624
/home/tianlong/Downloads//test/nthlmvjxac.mp4,0,0.024583224
/home/tianlong/Downloads//test/dpegbdzijf.mp4,0,0.034184016
/home/tianlong/Downloads//test/ezgusylcyf.mp4,0,0.09781551
/home/tianlong/Downloads//test/isxxybhuls.mp4,0,0.09838562
/home/tianlong/Downloads//test/dbqbwrcvjk.mp4,0,0.10267411
/home/tianlong/Downloads//test/qqrvyhjznq.mp4,0,0.00787606
/home/tianlong/Downloads//test/ohdtmpzbtp.mp4,0,0.0035437893
/home/tianlong/Downloads//test/oupztxzdln.mp4,0,0.029234434
/home/tianlong/Downloads//test/snidpujjti.mp4,0,0.053422965
/home/tianlong/Downloads//test/yoxdseoukl.mp4,0,0.14829504
/home/tianlong/Downloads//test/bxsdnqizii.mp4,0,0.051189177
/home/tianlong/Downloads//test/ihszkmcwvw.mp4,0,0.010999365
/home/tianlong/Downloads//test/rgrqhjtoby.mp4,0,0.009575618
/home/tianlong/Downloads//test/vqibhetnwa.mp4,0,0.18146925
/home/tianlong/Downloads//test/rkqqgwurqt.mp4,0,0.20787501
/home/tianlong/Downloads//test/axdepsfowg.mp4,0,0.012422001
/home/tianlong/Downloads//test/dcpmipuapc.mp4,0,0.050167643
/home/tianlong/Downloads//test/ncjqganhal.mp4,0,0.036243543
/home/tianlong/Downloads//test/qnbnlmpqpu.mp4,0,0.085575484
/home/tianlong/Downloads//test/ieoervpooz.mp4,0,0.0041265907
/home/tianlong/Downloads//test/fscyfygpyk.mp4,0,0.012346758
/home/tianlong/Downloads//test/pitpjawwwp.mp4,0,0.009073954
/home/tianlong/Downloads//test/geturetbpy.mp4,0,0.029013801
/home/tianlong/Downloads//test/kwsraaqime.mp4,0,0.024495473
/home/tianlong/Downloads//test/lhgoghqmub.mp4,0,0.06020266
/home/tianlong/Downloads//test/kdmonvkpqd.mp4,0,0.027831113
/home/tianlong/Downloads//test/wrcelewmpa.mp4,0,0.2505118
/home/tianlong/Downloads//test/bxqgvzamnx.mp4,0,0.018959967
/home/tianlong/Downloads//test/nliofvksed.mp4,0,0.17122896
/home/tianlong/Downloads//test/mwjnvghsbe.mp4,0,0.027679514
/home/tianlong/Downloads//test/ygiscbckjl.mp4,0,0.012011288
/home/tianlong/Downloads//test/wscclwhfsr.mp4,0,0.17848751
/home/tianlong/Downloads//test/hddminxrhw.mp4,0,0.29739293
/home/tianlong/Downloads//test/ncrkggcdqp.mp4,0,0.019871514
/home/tianlong/Downloads//test/xjinzawywt.mp4,0,0.021310776
/home/tianlong/Downloads//test/korrsqtkke.mp4,0,0.0884356
/home/tianlong/Downloads//test/tskjnnvjsa.mp4,0,0.026735026
/home/tianlong/Downloads//test/tyjxmknivy.mp4,0,0.0666009
/home/tianlong/Downloads//test/qyvqrtscbk.mp4,0,0.021158962
/home/tianlong/Downloads//test/kxnybtbpkl.mp4,0,0.01050471
/home/tianlong/Downloads//test/wiqtkqwfsw.mp4,0,0.1092729
/home/tianlong/Downloads//test/bevjclbhuo.mp4,0,0.014627656
/home/tianlong/Downloads//test/shwulrbsfx.mp4,0,0.04789602
/home/tianlong/Downloads//test/mohtuktaaq.mp4,0,0.004178635
/home/tianlong/Downloads//test/fwsypadiom.mp4,0,0.08520605
/home/tianlong/Downloads//test/buywrbgfqy.mp4,0,0.019730704
/home/tianlong/Downloads//test/bljpdykszf.mp4,0,0.022849355
/home/tianlong/Downloads//test/ztxdkcoxvx.mp4,0,0.025814736
/home/tianlong/Downloads//test/oqeoibjbim.mp4,0,0.011575328
/home/tianlong/Downloads//test/szwhgmrrhm.mp4,0,0.046612564
/home/tianlong/Downloads//test/xnydmgdhum.mp4,0,0.36218667
/home/tianlong/Downloads//test/fltaysfwct.mp4,0,0.011106127
/home/tianlong/Downloads//test/akdvkdoyoh.mp4,0,0.025633868
/home/tianlong/Downloads//test/ftfemkjnot.mp4,0,0.15675989
/home/tianlong/Downloads//test/gmbckelbzp.mp4,0,0.025150348
/home/tianlong/Downloads//test/jjzveabagf.mp4,0,0.022444507
/home/tianlong/Downloads//test/dfqwasrdvq.mp4,0,0.2991523
/home/tianlong/Downloads//test/diskzkrrph.mp4,0,0.023267822
/home/tianlong/Downloads//test/jtwpwdqmxz.mp4,0,0.14085683
/home/tianlong/Downloads//test/qivnumuetu.mp4,0,0.004810001
/home/tianlong/Downloads//test/blmuzhjygg.mp4,0,0.020788178
/home/tianlong/Downloads//test/sbxlfehzjc.mp4,0,0.13580589
/home/tianlong/Downloads//test/tcwhwssdnv.mp4,0,0.009421136
/home/tianlong/Downloads//test/bkbokyebco.mp4,0,0.03937927
/home/tianlong/Downloads//test/vojsghpebv.mp4,0,0.007647401
/home/tianlong/Downloads//test/opuhoerhxb.mp4,0,0.013551518
/home/tianlong/Downloads//test/mmhdcoqsve.mp4,0,0.0045356774
/home/tianlong/Downloads//test/ewxddjqzml.mp4,0,0.016746268
/home/tianlong/Downloads//test/dznchaiaqh.mp4,0,0.06708853
/home/tianlong/Downloads//test/mloeefokyq.mp4,0,0.22517772
/home/tianlong/Downloads//test/fgkpembbpv.mp4,0,0.006197121
/home/tianlong/Downloads//test/orqafstesq.mp4,0,0.026236285
/home/tianlong/Downloads//test/ckgabgjnca.mp4,0,0.0061962786
/home/tianlong/Downloads//test/iuvhrgckrt.mp4,0,0.8297394
/home/tianlong/Downloads//test/vlzwcejywm.mp4,0,0.016063014
/home/tianlong/Downloads//test/cpucjmfawf.mp4,0,0.12596025
/home/tianlong/Downloads//test/ekvhyeycpr.mp4,0,0.13741922
/home/tianlong/Downloads//test/tazlckybzu.mp4,0,0.01658515
/home/tianlong/Downloads//test/clxgzkdgta.mp4,0,0.09663082
/home/tianlong/Downloads//test/zlfbumxcxs.mp4,0,0.0091335215
/home/tianlong/Downloads//test/plhcceboag.mp4,0,0.0058250194
/home/tianlong/Downloads//test/extihvlsxg.mp4,0,0.01821303
/home/tianlong/Downloads//test/olebnvxoyl.mp4,0,0.0048642955
/home/tianlong/Downloads//test/opdqcwqxzy.mp4,0,0.020352922
/home/tianlong/Downloads//test/stwaypekwh.mp4,0,0.015377332
/home/tianlong/Downloads//test/xogwctpikv.mp4,0,0.049731635
/home/tianlong/Downloads//test/cjiwxfwcit.mp4,0,0.18528226
/home/tianlong/Downloads//test/txshgvrava.mp4,0,0.015144089
/home/tianlong/Downloads//test/ggpuxwhpri.mp4,0,0.006556702
/home/tianlong/Downloads//test/jlxnzxtopm.mp4,0,0.0165426
/home/tianlong/Downloads//test/thjugpbwcv.mp4,0,0.18705003
/home/tianlong/Downloads//test/pkititkein.mp4,0,0.012798646
/home/tianlong/Downloads//test/hjiwmybauf.mp4,0,0.01923133
/home/tianlong/Downloads//test/efazuieysm.mp4,0,0.011708448
/home/tianlong/Downloads//test/tdzsgrdneg.mp4,0,0.029846063
/home/tianlong/Downloads//test/mkxmvreoth.mp4,0,0.015116708
/home/tianlong/Downloads//test/ofbjiuemkr.mp4,0,0.011214463
/home/tianlong/Downloads//test/dogotzkdiw.mp4,0,0.013183254
/home/tianlong/Downloads//test/qdmvzknbua.mp4,0,0.012269139
/home/tianlong/Downloads//test/pnauelqbxq.mp4,0,0.17412758
/home/tianlong/Downloads//test/sytddqezij.mp4,0,0.11499975
/home/tianlong/Downloads//test/bhpddnqauc.mp4,0,0.015045097
/home/tianlong/Downloads//test/imtkdzkypf.mp4,0,0.026739508
/home/tianlong/Downloads//test/kbodjivgqu.mp4,0,0.069273755
/home/tianlong/Downloads//test/qtxraeaxeh.mp4,0,0.025747087
/home/tianlong/Downloads//test/uaxmqpmswz.mp4,0,0.03073079
/home/tianlong/Downloads//test/qlbapiibba.mp4,0,0.014450775
/home/tianlong/Downloads//test/mzurunkulx.mp4,0,0.019907314
/home/tianlong/Downloads//test/aujoxrpddn.mp4,0,0.013168474
/home/tianlong/Downloads//test/ebenvuuxld.mp4,0,0.0030420115
/home/tianlong/Downloads//test/fsfjlwwsen.mp4,0,0.064983286
/home/tianlong/Downloads//test/zwgaptzuqt.mp4,0,0.022173176
/home/tianlong/Downloads//test/gldpafckwo.mp4,0,0.049059145
/home/tianlong/Downloads//test/nvkzpexyzg.mp4,0,0.1755815
/home/tianlong/Downloads//test/vnrmxwtsmf.mp4,0,0.029904345
/home/tianlong/Downloads//test/hmofiqjzxe.mp4,0,0.019241165
/home/tianlong/Downloads//test/ucryyubbqk.mp4,0,0.22125784
/home/tianlong/Downloads//test/gwqdrapybq.mp4,0,0.04736195
/home/tianlong/Downloads//test/avttogwbyz.mp4,0,0.028475959
/home/tianlong/Downloads//test/hbmvxgonmq.mp4,0,0.049984615
/home/tianlong/Downloads//test/gxxlbjuyza.mp4,0,0.0040448615
/home/tianlong/Downloads//test/jhzozsurac.mp4,0,0.15051985
/home/tianlong/Downloads//test/opyqudaics.mp4,0,0.01621116
/home/tianlong/Downloads//test/vigbdgmudk.mp4,0,0.0034956206
/home/tianlong/Downloads//test/viidhkoxyv.mp4,0,0.04649541
/home/tianlong/Downloads//test/dmpvbeyuqb.mp4,0,0.02222111
/home/tianlong/Downloads//test/wgycqahjww.mp4,0,0.007658729
/home/tianlong/Downloads//test/wwgmzeavbd.mp4,0,0.037866674
/home/tianlong/Downloads//test/qtqyglbdem.mp4,0,0.0073748515
/home/tianlong/Downloads//test/nqynuhnklk.mp4,0,0.023375593
/home/tianlong/Downloads//test/jygbqsigcr.mp4,0,0.11062952
/home/tianlong/Downloads//test/nsozqvhalr.mp4,0,0.009529211
/home/tianlong/Downloads//test/yvmrwdyxby.mp4,0,0.013066696
/home/tianlong/Downloads//test/kvhbyuklfv.mp4,0,0.131672
/home/tianlong/Downloads//test/iwnfvkmktq.mp4,0,0.31977132
/home/tianlong/Downloads//test/qzfmctgxcs.mp4,0,0.06368107
/home/tianlong/Downloads//test/vhipamioud.mp4,0,0.01827278
/home/tianlong/Downloads//test/lmbvoxhowe.mp4,0,0.05099637
/home/tianlong/Downloads//test/ziqjamfzlv.mp4,0,0.13282052
/home/tianlong/Downloads//test/kqnwutdvpd.mp4,0,0.05342399
/home/tianlong/Downloads//test/lucpbeexdk.mp4,0,0.43326217
/home/tianlong/Downloads//test/pnotaniiuh.mp4,0,0.2532961
/home/tianlong/Downloads//test/qohtjkzity.mp4,0,0.035918593
/home/tianlong/Downloads//test/bkjhfcvsig.mp4,0,0.035734527
/home/tianlong/Downloads//test/kpcrdurodw.mp4,0,0.36403018
/home/tianlong/Downloads//test/nmphdbflzj.mp4,0,0.05626604
/home/tianlong/Downloads//test/fmsxomanga.mp4,0,0.14013869
/home/tianlong/Downloads//test/tgwpcoljin.mp4,0,0.009256738
/home/tianlong/Downloads//test/foynwjsqeh.mp4,0,0.021755956
/home/tianlong/Downloads//test/vdqritvjfl.mp4,0,0.13815954
/home/tianlong/Downloads//test/egyemqrvna.mp4,0,0.2872007
/home/tianlong/Downloads//test/xrtmepdfyh.mp4,0,0.15333065
/home/tianlong/Downloads//test/zfgjechdto.mp4,0,0.0053318487
/home/tianlong/Downloads//test/jujpqsrgll.mp4,0,0.02135333
/home/tianlong/Downloads//test/iakzgqqova.mp4,0,0.026781473
/home/tianlong/Downloads//test/fqdklzzkfj.mp4,0,0.010032909
/home/tianlong/Downloads//test/dnfnxwbsoi.mp4,0,0.010806525
/home/tianlong/Downloads//test/lynaeydofd.mp4,0,0.007507401
/home/tianlong/Downloads//test/relrfifywa.mp4,0,0.010101616
/home/tianlong/Downloads//test/imsacxixmv.mp4,0,0.113462046
/home/tianlong/Downloads//test/rfbwukxpye.mp4,0,0.003388778
/home/tianlong/Downloads//test/atixaudngu.mp4,0,0.02951194
/home/tianlong/Downloads//test/tcychsyltm.mp4,0,0.011730884
/home/tianlong/Downloads//test/kifyfzqzjj.mp4,0,0.44594502
/home/tianlong/Downloads//test/irjbukzjqt.mp4,0,0.023027007
/home/tianlong/Downloads//test/jmkkbkvbjo.mp4,0,0.14786805
/home/tianlong/Downloads//test/gflhlvhqyl.mp4,0,0.02981178
/home/tianlong/Downloads//test/myebjqbxsl.mp4,0,0.0076808706
/home/tianlong/Downloads//test/mqeqiytluf.mp4,0,0.0053796526
/home/tianlong/Downloads//test/zbsjlcsetv.mp4,0,0.016508885
/home/tianlong/Downloads//test/lzmxqxrruv.mp4,0,0.14393558
/home/tianlong/Downloads//test/neotrnwthu.mp4,0,0.005660941
/home/tianlong/Downloads//test/vwigtbeivy.mp4,0,0.07508131
/home/tianlong/Downloads//test/ldtscpryms.mp4,0,0.14237922
/home/tianlong/Downloads//test/sjgmmecazy.mp4,0,0.02731489
/home/tianlong/Downloads//test/jkrbsekajk.mp4,0,0.015122018
/home/tianlong/Downloads//test/iahzcxmuck.mp4,0,0.47652483
/home/tianlong/Downloads//test/cteqlloxwu.mp4,0,0.009856197
/home/tianlong/Downloads//test/pgqxsteufx.mp4,0,0.025438175
/home/tianlong/Downloads//test/cmuzrrlaiy.mp4,1,0.9085005
/home/tianlong/Downloads//test/jxeqhujuvh.mp4,1,0.9931221
/home/tianlong/Downloads//test/ntaqujyzes.mp4,1,0.9999031
/home/tianlong/Downloads//test/ghxzsygiou.mp4,1,0.9989525
/home/tianlong/Downloads//test/lvxzjwiklq.mp4,1,0.71987903
/home/tianlong/Downloads//test/wlyvvvjgnv.mp4,1,0.99998426
/home/tianlong/Downloads//test/hexxuigzdl.mp4,1,0.97843313
/home/tianlong/Downloads//test/zynrdvlrwv.mp4,1,0.99996185
/home/tianlong/Downloads//test/kbvqzihgan.mp4,1,0.99999464
/home/tianlong/Downloads//test/razacdewcv.mp4,1,0.74047583
/home/tianlong/Downloads//test/tjlrvidbxw.mp4,1,0.79854596
/home/tianlong/Downloads//test/gcbyurxhbz.mp4,1,0.9985484
/home/tianlong/Downloads//test/xticvyqqjn.mp4,1,0.9993265
/home/tianlong/Downloads//test/gqpayiddqv.mp4,1,0.9989991
/home/tianlong/Downloads//test/zmrnjhfxed.mp4,1,0.6768831
/home/tianlong/Downloads//test/slpxqmwuqm.mp4,1,0.82485753
/home/tianlong/Downloads//test/upwsvjdtgo.mp4,1,0.9966334
/home/tianlong/Downloads//test/zpnjiswgdt.mp4,1,0.057775177
/home/tianlong/Downloads//test/rayxtqfosv.mp4,1,0.9843706
/home/tianlong/Downloads//test/cfhoqpdzqb.mp4,1,0.9993334
/home/tianlong/Downloads//test/okyufzgvay.mp4,1,0.99866277
/home/tianlong/Downloads//test/wgyxtquovo.mp4,1,0.9925585
/home/tianlong/Downloads//test/kicgvgukqs.mp4,1,0.7044496
/home/tianlong/Downloads//test/aolhuwcdwv.mp4,1,0.99251586
/home/tianlong/Downloads//test/clzcvdsuyp.mp4,1,0.47158486
/home/tianlong/Downloads//test/jibhugdfbs.mp4,1,0.83441323
/home/tianlong/Downloads//test/kfiszsbzob.mp4,1,0.99981606
/home/tianlong/Downloads//test/mgwtoqonaf.mp4,1,0.3573553
/home/tianlong/Downloads//test/buzqmuifod.mp4,1,0.5453403
/home/tianlong/Downloads//test/bofmetrgfm.mp4,1,0.9999859
/home/tianlong/Downloads//test/chlshvbday.mp4,1,0.99738705
/home/tianlong/Downloads//test/vxcjkgerao.mp4,1,0.5633151
/home/tianlong/Downloads//test/qxwqqhruvz.mp4,1,0.84278363
/home/tianlong/Downloads//test/hytdcdixlv.mp4,1,0.9999465
/home/tianlong/Downloads//test/buejhiahpy.mp4,1,0.9979516
/home/tianlong/Downloads//test/omotodymgb.mp4,1,0.80946827
/home/tianlong/Downloads//test/gmcvyrferj.mp4,1,0.9826242
/home/tianlong/Downloads//test/ycoaclsdov.mp4,1,0.25349593
/home/tianlong/Downloads//test/scaljzcpcf.mp4,1,0.2787755
/home/tianlong/Downloads//test/uhbxhharht.mp4,1,0.93011445
/home/tianlong/Downloads//test/tmmakbzbqw.mp4,1,0.9962279
/home/tianlong/Downloads//test/mvfvefsgik.mp4,1,0.9999477
/home/tianlong/Downloads//test/inesnaprwm.mp4,1,0.9946703
/home/tianlong/Downloads//test/qqxelyjmmw.mp4,1,0.9676402
/home/tianlong/Downloads//test/dllkubdbbd.mp4,1,0.9955296
/home/tianlong/Downloads//test/ttnajmkchw.mp4,1,0.9999777
/home/tianlong/Downloads//test/kaffwaiexj.mp4,1,0.9992949
/home/tianlong/Downloads//test/dpfuqzdtrs.mp4,1,0.99469674
/home/tianlong/Downloads//test/hfvexodpht.mp4,1,0.9999881
/home/tianlong/Downloads//test/vmxjsdkuju.mp4,1,0.99678195
/home/tianlong/Downloads//test/afaxsgqksm.mp4,1,0.987058
/home/tianlong/Downloads//test/pgkipgmpgm.mp4,1,0.9996847
/home/tianlong/Downloads//test/ltkesswcyn.mp4,1,0.9999037
/home/tianlong/Downloads//test/dffkcrccsj.mp4,1,0.76561344
/home/tianlong/Downloads//test/svtnilogao.mp4,1,0.20863259
/home/tianlong/Downloads//test/bzobkqewtt.mp4,1,0.99953604
/home/tianlong/Downloads//test/vemnbnqoqk.mp4,1,0.58582425
/home/tianlong/Downloads//test/nobrvdftmd.mp4,1,0.9994829
/home/tianlong/Downloads//test/qepgiaxgpc.mp4,1,0.9997595
/home/tianlong/Downloads//test/bogjubshbr.mp4,1,0.99995786
/home/tianlong/Downloads//test/uyoqozgdcy.mp4,1,0.9999983
/home/tianlong/Downloads//test/cvmmtklgst.mp4,1,0.64920366
/home/tianlong/Downloads//test/qharxzhzpl.mp4,1,0.7729981
/home/tianlong/Downloads//test/sprejlmapw.mp4,1,0.70399296
/home/tianlong/Downloads//test/crzrsezocr.mp4,1,0.99998415
/home/tianlong/Downloads//test/wyqhadmmcy.mp4,1,0.99966776
/home/tianlong/Downloads//test/jrjxehotww.mp4,1,0.9958533
/home/tianlong/Downloads//test/xctpdujlok.mp4,1,0.5625555
/home/tianlong/Downloads//test/hfspenqmpw.mp4,1,0.99666965
/home/tianlong/Downloads//test/jkfukzcjxd.mp4,1,0.9999077
/home/tianlong/Downloads//test/knafngkgen.mp4,1,0.7004292
/home/tianlong/Downloads//test/tswmtnhfmn.mp4,1,0.921507
/home/tianlong/Downloads//test/qoasfzksgo.mp4,1,0.9998604
/home/tianlong/Downloads//test/hnrzuoqnkz.mp4,1,0.6733754
/home/tianlong/Downloads//test/nussrkyuzy.mp4,1,0.55446833
/home/tianlong/Downloads//test/ciwzwmlyxz.mp4,1,0.99930924
/home/tianlong/Downloads//test/dbauiiupef.mp4,1,0.61186343
/home/tianlong/Downloads//test/ywxfnlxtjg.mp4,1,0.9998455
/home/tianlong/Downloads//test/pryqgrbtnu.mp4,1,0.18323484
/home/tianlong/Downloads//test/mbjpaydogy.mp4,1,0.99550694
/home/tianlong/Downloads//test/ihdopxhysr.mp4,1,0.99114084
/home/tianlong/Downloads//test/rgasvymjrj.mp4,1,0.80966014
/home/tianlong/Downloads//test/eclpgjjies.mp4,1,0.77449894
/home/tianlong/Downloads//test/kxptuwngop.mp4,1,0.4264513
/home/tianlong/Downloads//test/uaqvffouxp.mp4,1,0.994948
/home/tianlong/Downloads//test/xvqzzgoabm.mp4,1,0.99998343
/home/tianlong/Downloads//test/tkgbjtcxyl.mp4,1,0.9742587
/home/tianlong/Downloads//test/xlnaxrwvcx.mp4,1,0.9952014
/home/tianlong/Downloads//test/kphfzaullq.mp4,1,0.4851006
/home/tianlong/Downloads//test/rkezgzxnoo.mp4,1,0.7028909
/home/tianlong/Downloads//test/fromclsodq.mp4,1,0.99969804
/home/tianlong/Downloads//test/nrscfrjxpb.mp4,1,0.9999029
/home/tianlong/Downloads//test/ygobagrhmg.mp4,1,0.92450714
/home/tianlong/Downloads//test/hisfrixnbu.mp4,1,0.9994348
/home/tianlong/Downloads//test/duzueyonao.mp4,1,0.9986989
/home/tianlong/Downloads//test/gkknsyqbnz.mp4,1,0.89664876
/home/tianlong/Downloads//test/tmgdrjjalz.mp4,1,0.99949473
/home/tianlong/Downloads//test/iajblozgtx.mp4,1,0.770182
/home/tianlong/Downloads//test/ahkcchuwqq.mp4,1,0.9999937
/home/tianlong/Downloads//test/zmfiveruie.mp4,1,0.9992486
/home/tianlong/Downloads//test/xptgnpgfkn.mp4,1,0.7140362
/home/tianlong/Downloads//test/aebhowazav.mp4,1,0.8497313
/home/tianlong/Downloads//test/geulcwvfuy.mp4,1,0.48546314
/home/tianlong/Downloads//test/glzyifzrql.mp4,1,0.97329855
/home/tianlong/Downloads//test/wvmrsucbsq.mp4,1,0.99719226
/home/tianlong/Downloads//test/moetggyxsc.mp4,1,0.9990503
/home/tianlong/Downloads//test/jfvnwpcjrm.mp4,1,0.9380552
/home/tianlong/Downloads//test/kaggpclkjm.mp4,1,0.9924288
/home/tianlong/Downloads//test/nacldwtuwp.mp4,1,0.97350585
/home/tianlong/Downloads//test/upwyvqbjlq.mp4,1,0.9999235
/home/tianlong/Downloads//test/tdmyjvptzv.mp4,1,0.9993498
/home/tianlong/Downloads//test/fzurflflwv.mp4,1,0.9685736
/home/tianlong/Downloads//test/aakjukgjme.mp4,1,0.95764935
/home/tianlong/Downloads//test/ypepsyuwmo.mp4,1,0.5209571
/home/tianlong/Downloads//test/qxhyhhkywc.mp4,1,0.9998888
/home/tianlong/Downloads//test/iqvfopywpa.mp4,1,0.47308293
/home/tianlong/Downloads//test/xfncslssic.mp4,1,0.81712264
/home/tianlong/Downloads//test/jesstfspwv.mp4,1,0.9999545
/home/tianlong/Downloads//test/xiraodtgnt.mp4,1,0.9999191
/home/tianlong/Downloads//test/xeuzubpylq.mp4,1,0.3128688
/home/tianlong/Downloads//test/xszpbtciwo.mp4,1,0.98779047
/home/tianlong/Downloads//test/fkksbgaibl.mp4,1,0.9999653
/home/tianlong/Downloads//test/ntqzfgmhnj.mp4,1,0.99997723
/home/tianlong/Downloads//test/bizbjxafzr.mp4,1,0.96395665
/home/tianlong/Downloads//test/bxfwiuvafo.mp4,1,0.9965374
/home/tianlong/Downloads//test/jfcglbovmo.mp4,1,0.8590396
/home/tianlong/Downloads//test/odidbykbar.mp4,1,0.98629266
/home/tianlong/Downloads//test/qarbtmjwhm.mp4,1,0.9995268
/home/tianlong/Downloads//test/jeierullea.mp4,1,0.9999689
/home/tianlong/Downloads//test/lrckqkzekj.mp4,1,0.9953742
/home/tianlong/Downloads//test/riizlqngim.mp4,1,0.26078337
/home/tianlong/Downloads//test/lmcnonfhgz.mp4,1,0.76433265
/home/tianlong/Downloads//test/lkhszpabzv.mp4,1,0.7364347
/home/tianlong/Downloads//test/njqbwiajss.mp4,1,0.99993074
/home/tianlong/Downloads//test/ksqybmrwyg.mp4,1,0.99880064
/home/tianlong/Downloads//test/dxphlwcvan.mp4,1,0.99958307
/home/tianlong/Downloads//test/dgjssccxhx.mp4,1,0.9999779
/home/tianlong/Downloads//test/sbfxzmhzyv.mp4,1,0.9995964
/home/tianlong/Downloads//test/rlvgpdrgvi.mp4,1,0.9866683
/home/tianlong/Downloads//test/uzdmxmfcqe.mp4,1,0.99999124
/home/tianlong/Downloads//test/afixxjdxef.mp4,1,0.9457849
/home/tianlong/Downloads//test/fwvxtssltw.mp4,1,0.09336589
/home/tianlong/Downloads//test/jyzlvivrmr.mp4,1,0.85250443
/home/tianlong/Downloads//test/byavookkdu.mp4,1,0.9854392
/home/tianlong/Downloads//test/agyawnxlmv.mp4,1,0.063689254
/home/tianlong/Downloads//test/zjoonppreb.mp4,1,0.8910717
/home/tianlong/Downloads//test/sjzwpqupnm.mp4,1,0.99989355
/home/tianlong/Downloads//test/pobrnbspcf.mp4,1,0.9221692
/home/tianlong/Downloads//test/qdkpphviay.mp4,1,0.5835007
/home/tianlong/Downloads//test/nbyaxzmueg.mp4,1,0.9774469
/home/tianlong/Downloads//test/vfszaqentw.mp4,1,0.6267344
/home/tianlong/Downloads//test/fosovipqkg.mp4,1,0.9989537
/home/tianlong/Downloads//test/grwcxofqrx.mp4,1,0.6542565
/home/tianlong/Downloads//test/koqxhnmkjl.mp4,1,0.9196225
/home/tianlong/Downloads//test/xkukyjokbg.mp4,1,0.9999174
/home/tianlong/Downloads//test/fmnzbwtjep.mp4,1,0.9981731
/home/tianlong/Downloads//test/aruyyclubn.mp4,1,0.9589752
/home/tianlong/Downloads//test/eluhuvocwr.mp4,1,0.59564734
/home/tianlong/Downloads//test/iiwffwiyrg.mp4,1,0.9489862
/home/tianlong/Downloads//test/fsbabrxhqy.mp4,1,0.3812322
/home/tianlong/Downloads//test/ymqadbkafj.mp4,1,0.9795617
/home/tianlong/Downloads//test/nptmqvfuhz.mp4,1,0.8630508
/home/tianlong/Downloads//test/usjnlahlcj.mp4,1,0.17274763
/home/tianlong/Downloads//test/hbozjjcafn.mp4,1,0.6049853
/home/tianlong/Downloads//test/cizxmeztny.mp4,1,0.9805204
/home/tianlong/Downloads//test/syxlmynhsi.mp4,1,0.9998299
/home/tianlong/Downloads//test/ezadehoecy.mp4,1,0.9999386
/home/tianlong/Downloads//test/fpliemtlco.mp4,1,0.99638903
/home/tianlong/Downloads//test/arflgfcnkg.mp4,1,0.43262315
/home/tianlong/Downloads//test/occelhylxf.mp4,1,0.9761422
/home/tianlong/Downloads//test/uqntkvpntd.mp4,1,0.7909434
/home/tianlong/Downloads//test/iatevqworc.mp4,1,0.8524562
/home/tianlong/Downloads//test/xzsmgydcub.mp4,1,0.9999631
/home/tianlong/Downloads//test/qbffpkpmkf.mp4,1,0.97466385
/home/tianlong/Downloads//test/pzbpgfmroj.mp4,1,0.99851227
/home/tianlong/Downloads//test/oundixpyst.mp4,1,0.9994297
/home/tianlong/Downloads//test/hnxhwfttpy.mp4,1,0.9998436
/home/tianlong/Downloads//test/rdjwlvvwtv.mp4,1,0.9925445
/home/tianlong/Downloads//test/tcmstiljkk.mp4,1,0.60387164
/home/tianlong/Downloads//test/qbfdtumuct.mp4,1,0.999969
/home/tianlong/Downloads//test/mxnquwuszt.mp4,1,0.8982689
/home/tianlong/Downloads//test/sjooumwlzb.mp4,1,0.79990685
/home/tianlong/Downloads//test/twhwouycfg.mp4,1,0.9237178
/home/tianlong/Downloads//test/wytpaehszj.mp4,1,0.84484977
/home/tianlong/Downloads//test/srtwhbzzlr.mp4,1,0.99923563
/home/tianlong/Downloads//test/jqjfpkuckf.mp4,1,0.05305087
/home/tianlong/Downloads//test/yxjjfaekev.mp4,1,0.49500307
/home/tianlong/Downloads//test/cyokqrzbol.mp4,1,0.9386879
/home/tianlong/Downloads//test/mtilpvablx.mp4,1,0.9915552
/home/tianlong/Downloads//test/njwsmltmvb.mp4,1,0.9993638
/home/tianlong/Downloads//test/xkksfulade.mp4,1,0.7974354
/home/tianlong/Downloads//test/dtfgsvfmjq.mp4,1,0.99891865
/home/tianlong/Downloads//test/onaewxqqkd.mp4,1,0.4063643
/home/tianlong/Downloads//test/pazpnfrbbc.mp4,1,0.77816725
/home/tianlong/Downloads//test/kgowzoxjfq.mp4,1,0.76844394
/home/tianlong/Downloads//test/ltdwtgrads.mp4,1,0.9733979
/home/tianlong/Downloads//test/znistrajpw.mp4,1,0.99996823
/home/tianlong/Downloads//test/yfhzmfhojv.mp4,1,0.9980837
/home/tianlong/Downloads//test/spkorcenyh.mp4,1,0.9716676
/home/tianlong/Downloads//test/axopbbxwzr.mp4,1,0.55587393
/home/tianlong/Downloads//test/hxrruqinnh.mp4,1,0.9528433
/home/tianlong/Downloads//test/tkaybnjwhg.mp4,1,0.9999878
/home/tianlong/Downloads//test/lhwwhjhyqx.mp4,1,0.9682906
/home/tianlong/Downloads//test/btxjufhiaz.mp4,1,0.95591486
/home/tianlong/Downloads//test/dnhaskulaj.mp4,1,0.99999315
/home/tianlong/Downloads//test/vxqofldgze.mp4,1,0.9999264
/home/tianlong/Downloads//test/ddjzmyabyu.mp4,1,0.9998685
/home/tianlong/Downloads//test/mgahaaogif.mp4,1,0.99999905
/home/tianlong/Downloads//test/ktmdpragph.mp4,1,0.9999825
/home/tianlong/Downloads//test/xazdhdnwhh.mp4,1,0.919453
/home/tianlong/Downloads//test/qnslgeajnt.mp4,1,0.99996585
/home/tianlong/Downloads//test/sivrgbsaog.mp4,1,0.7366274
/home/tianlong/Downloads//test/uzmuovkewv.mp4,1,0.9999738
/home/tianlong/Downloads//test/tvazrcdkpq.mp4,1,0.99999964
/home/tianlong/Downloads//test/jbatiwjmzh.mp4,1,0.7065949
/home/tianlong/Downloads//test/hmiylncrva.mp4,1,0.8966236
/home/tianlong/Downloads//test/uxkojffbsr.mp4,1,0.68393993
/home/tianlong/Downloads//test/crbcrxqftw.mp4,1,0.99750346
/home/tianlong/Downloads//test/yermnsnlgf.mp4,1,0.9999806
/home/tianlong/Downloads//test/gipcvghjiy.mp4,1,0.870957
/home/tianlong/Downloads//test/iwcfxyoimw.mp4,1,0.9996743
/home/tianlong/Downloads//test/kozaofkgvk.mp4,1,0.9994445
/home/tianlong/Downloads//test/xlgevjtsog.mp4,1,0.9993951
/home/tianlong/Downloads//test/bpjkimtqtz.mp4,1,0.99997294
/home/tianlong/Downloads//test/pdnwaekrtn.mp4,1,0.9996794
/home/tianlong/Downloads//test/toxsrzsksc.mp4,1,0.8563374
/home/tianlong/Downloads//test/oejfypsbfh.mp4,1,0.4985002
/home/tianlong/Downloads//test/hwyuwbnszo.mp4,1,0.9998177
/home/tianlong/Downloads//test/acgyspwyqr.mp4,1,0.999952
/home/tianlong/Downloads//test/oitcqmvnsa.mp4,1,0.97907245
/home/tianlong/Downloads//test/pdqqkuclvd.mp4,1,0.99177945
/home/tianlong/Downloads//test/slsyjvgfpu.mp4,1,0.7977013
/home/tianlong/Downloads//test/xmdfnldfyc.mp4,1,0.9999815
/home/tianlong/Downloads//test/ynkzlkahux.mp4,1,0.9994674
/home/tianlong/Downloads//test/szjbkskyph.mp4,1,0.9986761
/home/tianlong/Downloads//test/yyiiywtiry.mp4,1,0.99996436
/home/tianlong/Downloads//test/crvotfojeq.mp4,1,0.40226144
/home/tianlong/Downloads//test/rsqblsfgli.mp4,1,0.99997616
/home/tianlong/Downloads//test/becqadbtkb.mp4,1,0.99997205
/home/tianlong/Downloads//test/afqaubpglg.mp4,1,0.9934641
/home/tianlong/Downloads//test/pwplooonzr.mp4,1,0.99991655
/home/tianlong/Downloads//test/vjegxiyvla.mp4,1,0.7781006
/home/tianlong/Downloads//test/jbwtbfbdko.mp4,1,0.9999825
/home/tianlong/Downloads//test/toggbitvfd.mp4,1,0.67447823
/home/tianlong/Downloads//test/xpfhawmzbe.mp4,1,0.898358
/home/tianlong/Downloads//test/kjwdinzplo.mp4,1,0.9998013
/home/tianlong/Downloads//test/jrkdzpijpb.mp4,1,0.9140526
/home/tianlong/Downloads//test/lbnuxynggy.mp4,1,0.99211836
/home/tianlong/Downloads//test/iorrylopzn.mp4,1,0.9999956
/home/tianlong/Downloads//test/yasxapunrf.mp4,1,0.3645433
/home/tianlong/Downloads//test/suohrphvbe.mp4,1,0.61420983
/home/tianlong/Downloads//test/salsuwvckq.mp4,1,0.9998621
/home/tianlong/Downloads//test/eclnowceyi.mp4,1,0.9983323
/home/tianlong/Downloads//test/wvtymfvbwq.mp4,1,0.99964505
/home/tianlong/Downloads//test/rsjhmrvdwg.mp4,1,0.9994526
/home/tianlong/Downloads//test/qtvhpmoukj.mp4,1,0.99996394
/home/tianlong/Downloads//test/svqkfjfucw.mp4,1,0.99918586
/home/tianlong/Downloads//test/jdlqmnhuix.mp4,1,0.039333433
/home/tianlong/Downloads//test/ltmkgkppwx.mp4,1,0.9999523
/home/tianlong/Downloads//test/zaoyocjkgw.mp4,1,0.827936
/home/tianlong/Downloads//test/vgrhobnbfo.mp4,1,0.99762774
/home/tianlong/Downloads//test/eeeuzozcdc.mp4,1,0.9999487
/home/tianlong/Downloads//test/ikgxqbhmlv.mp4,1,0.99993914
/home/tianlong/Downloads//test/zyeakowujw.mp4,1,0.99991643
/home/tianlong/Downloads//test/uerapqglmr.mp4,1,0.3477592
/home/tianlong/Downloads//test/fmuncwjpej.mp4,1,0.99995536
/home/tianlong/Downloads//test/xllzvdxwiv.mp4,1,0.51025665
/home/tianlong/Downloads//test/giuymhlbyo.mp4,1,0.99998283
/home/tianlong/Downloads//test/bubbmjnmge.mp4,1,0.96908534
/home/tianlong/Downloads//test/qwqefbalkv.mp4,1,0.7997693
/home/tianlong/Downloads//test/aupsxowdcp.mp4,1,0.30113202
/home/tianlong/Downloads//test/apjovfzzft.mp4,1,0.9891346
/home/tianlong/Downloads//test/yjbnaqwxyf.mp4,1,0.8504478
/home/tianlong/Downloads//test/dajlkmlvch.mp4,1,0.99799126
/home/tianlong/Downloads//test/egwzzhemvk.mp4,1,0.99976695
/home/tianlong/Downloads//test/vlhrgeyvqy.mp4,1,0.9996377
/home/tianlong/Downloads//test/vpolvvzwsw.mp4,1,0.999263
/home/tianlong/Downloads//test/ddkcxrncmq.mp4,1,0.9997468
/home/tianlong/Downloads//test/fncnobpzzx.mp4,1,0.99996626
/home/tianlong/Downloads//test/lhayhvqjmg.mp4,1,0.65029967
/home/tianlong/Downloads//test/yboofyemks.mp4,1,0.99999726
/home/tianlong/Downloads//test/wzkovvmdkq.mp4,1,0.27221256
/home/tianlong/Downloads//test/axxldpmbat.mp4,1,0.9837836
/home/tianlong/Downloads//test/piovymzozl.mp4,1,0.37905902
/home/tianlong/Downloads//test/ymjrnwsjxt.mp4,1,0.99977845
/home/tianlong/Downloads//test/jfxroglrst.mp4,1,0.938388
/home/tianlong/Downloads//test/qzyaijdbfe.mp4,1,0.8088519
/home/tianlong/Downloads//test/gzwzxbtkpd.mp4,1,0.99997294
/home/tianlong/Downloads//test/bgssriyozb.mp4,1,0.9224547
/home/tianlong/Downloads//test/wqtraebanl.mp4,1,0.804801
/home/tianlong/Downloads//test/lovkthgavz.mp4,1,0.85134685
/home/tianlong/Downloads//test/vpgjaoyvir.mp4,1,0.9997635
/home/tianlong/Downloads//test/btlqqvfuck.mp4,1,0.12760666
/home/tianlong/Downloads//test/zzxidpsxmv.mp4,1,0.5535244
/home/tianlong/Downloads//test/qzuhjrhozy.mp4,1,0.9816394
/home/tianlong/Downloads//test/rtuaxyuvqs.mp4,1,0.9839716
/home/tianlong/Downloads//test/vybbullejj.mp4,1,0.99999154
/home/tianlong/Downloads//test/lblweiecpx.mp4,1,0.34053296
/home/tianlong/Downloads//test/qkchcuiljp.mp4,1,0.9966232
/home/tianlong/Downloads//test/roivdutkrz.mp4,1,0.99897635
/home/tianlong/Downloads//test/rziziscker.mp4,1,0.99816144
/home/tianlong/Downloads//test/zsdmgllhck.mp4,1,0.97683364
/home/tianlong/Downloads//test/kpkzqbpivj.mp4,1,0.8336525
/home/tianlong/Downloads//test/tgkjhdyxww.mp4,1,0.99979734
/home/tianlong/Downloads//test/zubaiztkag.mp4,1,0.99991274
/home/tianlong/Downloads//test/figxvsdmsb.mp4,1,0.10156311
/home/tianlong/Downloads//test/enzlliylet.mp4,1,0.99995965
/home/tianlong/Downloads//test/acekgkqgdg.mp4,1,0.88850754
/home/tianlong/Downloads//test/ljrikjsgis.mp4,1,0.9919879
/home/tianlong/Downloads//test/vawotznxqn.mp4,1,0.66445345
/home/tianlong/Downloads//test/jsqtbnxnpb.mp4,1,0.9952159
/home/tianlong/Downloads//test/yibeqxcadd.mp4,1,0.99989396
/home/tianlong/Downloads//test/zvgekhyszq.mp4,1,0.98780596
/home/tianlong/Downloads//test/luisdnrumh.mp4,1,0.8507555
/home/tianlong/Downloads//test/xffjesgeey.mp4,1,0.64336866
/home/tianlong/Downloads//test/haesrhzukc.mp4,1,0.99939835
/home/tianlong/Downloads//test/uwccodyhgh.mp4,1,0.9142531
/home/tianlong/Downloads//test/msdtzpmmae.mp4,1,0.9987092
/home/tianlong/Downloads//test/zgiypcmpic.mp4,1,0.98137885
/home/tianlong/Downloads//test/olkcmrmvbh.mp4,1,0.9995543
/home/tianlong/Downloads//test/kiffbbtjfe.mp4,1,0.9940283
/home/tianlong/Downloads//test/junzzlnlfw.mp4,1,0.76052356
/home/tianlong/Downloads//test/qkgicklwyn.mp4,1,0.5127672
/home/tianlong/Downloads//test/wluigkzjdl.mp4,1,0.9999777
/home/tianlong/Downloads//test/rsnrcisldc.mp4,1,0.80458415
/home/tianlong/Downloads//test/asiuftijhs.mp4,1,0.9987011
/home/tianlong/Downloads//test/yjloopcthi.mp4,1,0.09826568
/home/tianlong/Downloads//test/tzzwqaxtrk.mp4,1,0.99956685
/home/tianlong/Downloads//test/tmfvsxrxnk.mp4,1,0.9998039
/home/tianlong/Downloads//test/dlsdmdraln.mp4,1,0.18483305
/home/tianlong/Downloads//test/rkygzeyegz.mp4,1,0.9999018
/home/tianlong/Downloads//test/truremwrti.mp4,1,0.99998057
/home/tianlong/Downloads//test/depcrcqwai.mp4,1,0.22733207
/home/tianlong/Downloads//test/jovohczybs.mp4,1,0.93854094
/home/tianlong/Downloads//test/udcpjfvqro.mp4,1,0.99975765
/home/tianlong/Downloads//test/yxlkovjssa.mp4,1,0.9998535
/home/tianlong/Downloads//test/trltdpitif.mp4,1,0.99997985
/home/tianlong/Downloads//test/hwufwjdaai.mp4,1,0.9244491
/home/tianlong/Downloads//test/vgfxjwupga.mp4,1,0.9997612
/home/tianlong/Downloads//test/jejjcsijvc.mp4,1,0.99851817
/home/tianlong/Downloads//test/yjpfhrfyfn.mp4,1,0.9994596
/home/tianlong/Downloads//test/izyqqybmcq.mp4,1,0.8365914
/home/tianlong/Downloads//test/xjnflcfxhn.mp4,1,0.9999916
/home/tianlong/Downloads//test/zidsbdilrm.mp4,1,0.477737
/home/tianlong/Downloads//test/lepqvhstws.mp4,1,0.96406686
/home/tianlong/Downloads//test/eabghyltka.mp4,1,0.9993032
/home/tianlong/Downloads//test/qxgwcsugvd.mp4,1,0.9970295
/home/tianlong/Downloads//test/oitqddnspw.mp4,1,0.9998309
/home/tianlong/Downloads//test/jiddesrgoi.mp4,1,0.9987996
/home/tianlong/Downloads//test/whsqzlklam.mp4,1,0.9999877
/home/tianlong/Downloads//test/hwspklkjol.mp4,1,0.6888166
/home/tianlong/Downloads//test/mgxdtegobh.mp4,1,0.82937545
/home/tianlong/Downloads//test/dkvxzocpnx.mp4,1,0.99986994
/home/tianlong/Downloads//test/zxjiwvyzbs.mp4,1,0.9884168
/home/tianlong/Downloads//test/qysxqoredd.mp4,1,0.7090754
/home/tianlong/Downloads//test/angqjpzdts.mp4,1,0.9999528
/home/tianlong/Downloads//test/slbhiftdwk.mp4,1,0.9927751
/home/tianlong/Downloads//test/ctsjalmkpx.mp4,1,0.9999682
/home/tianlong/Downloads//test/jrwqouwlzc.mp4,1,0.999827
/home/tianlong/Downloads//test/vcqcervdzi.mp4,1,0.9997568
/home/tianlong/Downloads//test/mxczokbutl.mp4,1,0.9774639
/home/tianlong/Downloads//test/qawqquinvi.mp4,1,0.9999491
/home/tianlong/Downloads//test/cqiyijvrcj.mp4,1,0.99128044
/home/tianlong/Downloads//test/wypdykzzma.mp4,1,0.81754905
/home/tianlong/Downloads//test/zdurkznxhi.mp4,1,0.9998476
/home/tianlong/Downloads//test/llwjpzzrur.mp4,1,0.92136925
/home/tianlong/Downloads//test/stmqpsakem.mp4,1,0.4197225
/home/tianlong/Downloads//test/hqfxruqynj.mp4,1,0.9998638
/home/tianlong/Downloads//test/cotxffvovx.mp4,1,0.9987674
/home/tianlong/Downloads//test/yiwyejujhz.mp4,1,0.9998909
/home/tianlong/Downloads//test/azkhkminwu.mp4,1,0.998453
/home/tianlong/Downloads//test/yoicqcpxgm.mp4,1,0.9994892
/home/tianlong/Downloads//test/kcpamicxjs.mp4,1,0.27485913
/home/tianlong/Downloads//test/mbnvlpwewk.mp4,1,0.99709666
/home/tianlong/Downloads//test/wjqdwzowcg.mp4,1,0.9992506
/home/tianlong/Downloads//test/vqtspwkgwe.mp4,1,0.87036693
/home/tianlong/Downloads//test/rurhyzsnyi.mp4,1,0.79384184
/home/tianlong/Downloads//test/sipuxpudya.mp4,1,0.9999951
/home/tianlong/Downloads//test/scchmtbzar.mp4,1,0.99985904
/home/tianlong/Downloads//test/qyhlzalxzm.mp4,1,0.28865284
/home/tianlong/Downloads//test/ektrtuwidv.mp4,1,0.90472364
/home/tianlong/Downloads//test/scbfkrlytb.mp4,1,0.9499917
/home/tianlong/Downloads//test/kxnsmwhqtl.mp4,1,0.62362933
/home/tianlong/Downloads//test/fiayeurvwb.mp4,1,0.9990074
/home/tianlong/Downloads//test/xpuntxtdbs.mp4,1,0.9549715
/home/tianlong/Downloads//test/edvyxmzpoy.mp4,1,0.6127552
/home/tianlong/Downloads//test/thnywrwayf.mp4,1,0.9984581
/home/tianlong/Downloads//test/xojauzdavy.mp4,1,0.35335466
/home/tianlong/Downloads//test/kaajaxzivt.mp4,1,0.99997723
/home/tianlong/Downloads//test/fmvdkhucsz.mp4,1,0.9006182
/home/tianlong/Downloads//test/mdkqmouddq.mp4,1,0.11424848
/home/tianlong/Downloads//test/ehtvcnlsfl.mp4,1,0.9963185
/home/tianlong/Downloads//test/iizsrcugyd.mp4,1,0.9967629
/home/tianlong/Downloads//test/hurlxdpsxl.mp4,1,0.98353636
/home/tianlong/Downloads//test/rvfhfbutlx.mp4,1,0.99985087
/home/tianlong/Downloads//test/ycxkcnwrbw.mp4,1,0.81755793
/home/tianlong/Downloads//test/jrmgqzgcmj.mp4,1,0.99414635
/home/tianlong/Downloads//test/cinrseylyp.mp4,1,0.9998506
/home/tianlong/Downloads//test/uhvmrfksax.mp4,1,0.72763
/home/tianlong/Downloads//test/djjdzsivvi.mp4,1,0.9985978
/home/tianlong/Downloads//test/pmulgdcejl.mp4,1,0.99915373
/home/tianlong/Downloads//test/ngvbaolyub.mp4,1,0.99997365
/home/tianlong/Downloads//test/kpyyjmxmoj.mp4,1,0.99992305
/home/tianlong/Downloads//test/xhizcimlzp.mp4,1,0.99196994
/home/tianlong/Downloads//test/ulygywporv.mp4,1,0.8211214
/home/tianlong/Downloads//test/psunkvudmg.mp4,1,0.99997884
/home/tianlong/Downloads//test/ctarrlrgdy.mp4,1,0.9295138
/home/tianlong/Downloads//test/hdzygqltzu.mp4,1,0.9998927
/home/tianlong/Downloads//test/rvtfddfweu.mp4,1,0.82641524
/home/tianlong/Downloads//test/kaeouvuasm.mp4,1,0.781112
/home/tianlong/Downloads//test/rzivzpozjr.mp4,1,0.9805133
/home/tianlong/Downloads//test/stfqbsbvfy.mp4,1,0.98606664
/home/tianlong/Downloads//test/qbhoufagsa.mp4,1,0.99982584
/home/tianlong/Downloads//test/xycfzkbnhy.mp4,1,0.9994168
/home/tianlong/Downloads//test/zudnvkagjk.mp4,1,0.9999744
/home/tianlong/Downloads//test/feaqnlczwc.mp4,1,0.80273044
/home/tianlong/Downloads//test/rqviqcsbzw.mp4,1,0.9999115
/home/tianlong/Downloads//test/dhfcwchsir.mp4,1,0.99749124
/home/tianlong/Downloads//test/cglpyitrzw.mp4,1,0.07121436
/home/tianlong/Downloads//test/yjypqyrhyi.mp4,1,0.99970853
/home/tianlong/Downloads//test/fokuimoqkh.mp4,1,0.998294
/home/tianlong/Downloads//test/xzouvgiqha.mp4,1,0.6356254
/home/tianlong/Downloads//test/qyjbhkeqes.mp4,1,0.999915
/home/tianlong/Downloads//test/phngwcpbqw.mp4,1,0.3641554
/home/tianlong/Downloads//test/rjcjcdkzkw.mp4,1,0.28451627
/home/tianlong/Downloads//test/legilvljip.mp4,1,0.99988663
/home/tianlong/Downloads//test/bukegrztbb.mp4,1,0.9999235
/home/tianlong/Downloads//test/yvaxmtbtgx.mp4,1,0.9999932
/home/tianlong/Downloads//test/saljlsmnet.mp4,1,0.97532207
/home/tianlong/Downloads//test/ezupajzwdl.mp4,1,0.99862385
/home/tianlong/Downloads//test/xeszevnech.mp4,1,0.99995154
/home/tianlong/Downloads//test/fbqwomdehr.mp4,1,0.40931743
/home/tianlong/Downloads//test/itdywxjknn.mp4,1,0.633711
/home/tianlong/Downloads//test/zwupuzlefv.mp4,1,0.9996341
/home/tianlong/Downloads//test/qcrofjquht.mp4,1,0.82952845
/home/tianlong/Downloads//test/jblkcfejih.mp4,1,0.99295235
/home/tianlong/Downloads//test/howruupkxw.mp4,1,0.99989414
/home/tianlong/Downloads//test/xslxboadvn.mp4,1,0.999485
/home/tianlong/Downloads//test/rzykslnkdi.mp4,1,0.98941267
/home/tianlong/Downloads//test/govjvzfbcj.mp4,1,0.99992055
/home/tianlong/Downloads//test/fwbvksfidm.mp4,1,0.75862694
/home/tianlong/Downloads//test/khokwspqph.mp4,1,0.9921711
/home/tianlong/Downloads//test/sslrtrxyaj.mp4,1,0.9752361
/home/tianlong/Downloads//test/zdmknyhzoo.mp4,1,0.9999255
/home/tianlong/Downloads//test/rzjpckpslj.mp4,1,0.9999469
/home/tianlong/Downloads//test/pscilvlcfe.mp4,1,0.99991834
/home/tianlong/Downloads//test/rlwkdhgoqw.mp4,1,0.9994874
/home/tianlong/Downloads//test/cmpkopoabr.mp4,1,0.9864885
/home/tianlong/Downloads//test/dbljnexmlf.mp4,1,0.9991787
/home/tianlong/Downloads//test/atfuphvjft.mp4,1,0.81776094
/home/tianlong/Downloads//test/zdldobedod.mp4,1,0.9707034
/home/tianlong/Downloads//test/iknfqmugud.mp4,1,0.9981494
/home/tianlong/Downloads//test/whusuiiqmt.mp4,1,0.6202311
/home/tianlong/Downloads//test/ksrnzzbcsz.mp4,1,0.9999946
/home/tianlong/Downloads//test/xxhuecshhw.mp4,1,0.9999979
/home/tianlong/Downloads//test/okmlcbefeu.mp4,1,0.55381966
/home/tianlong/Downloads//test/xryrhuskyd.mp4,1,0.6340137
/home/tianlong/Downloads//test/wevygelkrl.mp4,1,0.2093157
/home/tianlong/Downloads//test/rdpausigpg.mp4,1,0.9648324
/home/tianlong/Downloads//test/fdziwiuoer.mp4,1,0.99962676
/home/tianlong/Downloads//test/kykmrtoitd.mp4,1,0.8044264
/home/tianlong/Downloads//test/eacsjvcmlp.mp4,1,0.9998913
/home/tianlong/Downloads//test/asvuutypvz.mp4,1,0.99996156
/home/tianlong/Downloads//test/nucqorkejg.mp4,1,0.9999367
/home/tianlong/Downloads//test/ctpexqamtx.mp4,1,0.99993354
/home/tianlong/Downloads//test/vnsxdkjjtk.mp4,1,0.9997721
/home/tianlong/Downloads//test/cktsyobheu.mp4,1,0.29024363
/home/tianlong/Downloads//test/kccicuhxgk.mp4,1,0.99997216
/home/tianlong/Downloads//test/qckjihxoze.mp4,1,0.9056991
/home/tianlong/Downloads//test/gvqtnedfso.mp4,1,0.77809393
/home/tianlong/Downloads//test/ajxkvlpgov.mp4,1,0.9363867
/home/tianlong/Downloads//test/srlilcjhaf.mp4,1,0.43651265
/home/tianlong/Downloads//test/qfjxksudna.mp4,1,0.9839261
/home/tianlong/Downloads//test/hstvglyexy.mp4,1,0.9515055
/home/tianlong/Downloads//test/jyyvhnsyys.mp4,1,0.9979393
/home/tianlong/Downloads//test/whxqigkgyk.mp4,1,0.999369
/home/tianlong/Downloads//test/mqzrlecakr.mp4,1,0.49591884
/home/tianlong/Downloads//test/aeplbqxnge.mp4,1,0.52662814
/home/tianlong/Downloads//test/inwaznexiv.mp4,1,0.9999878
/home/tianlong/Downloads//test/anfupdhmyr.mp4,1,0.24156216
/home/tianlong/Downloads//test/wbvlgevkmb.mp4,1,0.9238051
/home/tianlong/Downloads//test/uiykwgaarz.mp4,1,0.99944556
/home/tianlong/Downloads//test/nvarnevska.mp4,1,0.999992
/home/tianlong/Downloads//test/ooczenomzk.mp4,1,0.7866575
/home/tianlong/Downloads//test/qtjuhlppot.mp4,1,0.9193219
/home/tianlong/Downloads//test/drqtyzvhdd.mp4,1,0.76607674
/home/tianlong/Downloads//test/ytljvippwv.mp4,1,0.9999634
/home/tianlong/Downloads//test/skrqoagxle.mp4,1,0.99180734
/home/tianlong/Downloads//test/shwkznunyp.mp4,1,0.997794
/home/tianlong/Downloads//test/tlsoagxovk.mp4,1,0.3021885
/home/tianlong/Downloads//test/enpshnkugu.mp4,1,0.9986013
/home/tianlong/Downloads//test/vitjdpnfpi.mp4,1,0.62409914
/home/tianlong/Downloads//test/jovrnujurf.mp4,1,0.99998903
/home/tianlong/Downloads//test/sbwemwjlsl.mp4,1,0.99988365
/home/tianlong/Downloads//test/uclzxnftij.mp4,1,0.99998856
/home/tianlong/Downloads//test/sdqjjttckw.mp4,1,0.99761695
/home/tianlong/Downloads//test/wtmggpeiom.mp4,1,0.99987125
