Video,Label,Prediction
/home/tianlong/Downloads//test/myvwyfdnxu.mp4,0,0.45362246
/home/tianlong/Downloads//test/uxgkqpiykp.mp4,0,0.36175296
/home/tianlong/Downloads//test/qyscponfaf.mp4,0,0.16807967
/home/tianlong/Downloads//test/tmgmbnzrrz.mp4,0,0.42091522
/home/tianlong/Downloads//test/wfmeffvvce.mp4,0,0.3901813
/home/tianlong/Downloads//test/fwrcfaglhz.mp4,0,0.4313948
/home/tianlong/Downloads//test/itfzfpuilx.mp4,0,0.116398424
/home/tianlong/Downloads//test/wupoiiknff.mp4,0,0.2329127
/home/tianlong/Downloads//test/dscprfjses.mp4,0,0.25184685
/home/tianlong/Downloads//test/ofntcunuqn.mp4,0,0.25749302
/home/tianlong/Downloads//test/imnzannmcr.mp4,0,0.4467465
/home/tianlong/Downloads//test/jidkzoagws.mp4,0,0.38489726
/home/tianlong/Downloads//test/nkpqkddsgt.mp4,0,0.6179714
/home/tianlong/Downloads//test/xqmrrciral.mp4,0,0.4892291
/home/tianlong/Downloads//test/ykfllpyawg.mp4,0,0.19826627
/home/tianlong/Downloads//test/bpieoyctzo.mp4,0,0.13292372
/home/tianlong/Downloads//test/wjrepvzlsv.mp4,0,0.3987307
/home/tianlong/Downloads//test/voucpidonq.mp4,0,0.443487
/home/tianlong/Downloads//test/fxfxtrrkeq.mp4,0,0.23301189
/home/tianlong/Downloads//test/qggfpdkyzi.mp4,0,0.25398707
/home/tianlong/Downloads//test/xyucutnxhz.mp4,0,0.4183671
/home/tianlong/Downloads//test/rkxepdkger.mp4,0,0.21697357
/home/tianlong/Downloads//test/fxxpxoqoxp.mp4,0,0.20478567
/home/tianlong/Downloads//test/jkxxwfycsj.mp4,0,0.36376846
/home/tianlong/Downloads//test/qbearsyziz.mp4,0,0.33205983
/home/tianlong/Downloads//test/kyrbveruev.mp4,0,0.27081755
/home/tianlong/Downloads//test/pdyrvsvwyi.mp4,0,0.4190638
/home/tianlong/Downloads//test/bpxxmxuvuy.mp4,0,0.3549042
/home/tianlong/Downloads//test/ekxsduhvwh.mp4,0,0.14199032
/home/tianlong/Downloads//test/ocsqqqduxx.mp4,0,0.2411326
/home/tianlong/Downloads//test/qufzdwetss.mp4,0,0.2873105
/home/tianlong/Downloads//test/vwqrtxbwye.mp4,0,0.62941897
/home/tianlong/Downloads//test/zuduvanawx.mp4,0,0.45389
/home/tianlong/Downloads//test/rkjhxvdnsv.mp4,0,0.6158241
/home/tianlong/Downloads//test/hpcivouyku.mp4,0,0.24524806
/home/tianlong/Downloads//test/vgndywbmgf.mp4,0,0.5134835
/home/tianlong/Downloads//test/hfgczdzbix.mp4,0,0.085226916
/home/tianlong/Downloads//test/rwehwmmutn.mp4,0,0.25218704
/home/tianlong/Downloads//test/jyfnzyvznx.mp4,0,0.17244162
/home/tianlong/Downloads//test/jxpodcendq.mp4,0,0.28936017
/home/tianlong/Downloads//test/kgynainlug.mp4,0,0.15713556
/home/tianlong/Downloads//test/hqgervpkkf.mp4,0,0.30377316
/home/tianlong/Downloads//test/defeqlyysh.mp4,0,0.38357285
/home/tianlong/Downloads//test/xzkwbswkao.mp4,0,0.22729294
/home/tianlong/Downloads//test/hhdblnxhtj.mp4,0,0.25152448
/home/tianlong/Downloads//test/oaptmwroki.mp4,0,0.22069465
/home/tianlong/Downloads//test/djlkkqmjkk.mp4,0,0.30534664
/home/tianlong/Downloads//test/motfposykz.mp4,0,0.4814719
/home/tianlong/Downloads//test/shvfupmrho.mp4,0,0.59776056
/home/tianlong/Downloads//test/escwmsthiz.mp4,0,0.122765616
/home/tianlong/Downloads//test/ctpypmzfnl.mp4,0,0.3917171
/home/tianlong/Downloads//test/sjqrdyzkgl.mp4,0,0.47295126
/home/tianlong/Downloads//test/ddrjnwlugg.mp4,0,0.3909054
/home/tianlong/Downloads//test/hxfqltenqh.mp4,0,0.42881507
/home/tianlong/Downloads//test/umerhoubxw.mp4,0,0.33575577
/home/tianlong/Downloads//test/jxrpqynwlt.mp4,0,0.4580831
/home/tianlong/Downloads//test/hprzotbjtj.mp4,0,0.18696883
/home/tianlong/Downloads//test/cqewayywpg.mp4,0,0.4685543
/home/tianlong/Downloads//test/nvptcoxzah.mp4,0,0.47358388
/home/tianlong/Downloads//test/uvzlfuxalu.mp4,0,0.5241018
/home/tianlong/Downloads//test/mfcbgbcuvb.mp4,0,0.17757863
/home/tianlong/Downloads//test/tmtoypmqwt.mp4,0,0.41017497
/home/tianlong/Downloads//test/bsjucwhlrj.mp4,0,0.24352627
/home/tianlong/Downloads//test/hlsubhyoea.mp4,0,0.22528772
/home/tianlong/Downloads//test/deslnszgpy.mp4,0,0.24416262
/home/tianlong/Downloads//test/tfwdbkwvgz.mp4,0,0.19756787
/home/tianlong/Downloads//test/ufxafdxpat.mp4,0,0.39406604
/home/tianlong/Downloads//test/lmacrzidyh.mp4,0,0.19533266
/home/tianlong/Downloads//test/wyiajvmitt.mp4,0,0.33944818
/home/tianlong/Downloads//test/xbdnqfbxcv.mp4,0,0.4260954
/home/tianlong/Downloads//test/mhfnldxixw.mp4,0,0.37852666
/home/tianlong/Downloads//test/pfiigjlcct.mp4,0,0.12017829
/home/tianlong/Downloads//test/ldtibsniik.mp4,0,0.15732487
/home/tianlong/Downloads//test/gwzttezkpv.mp4,0,0.43071815
/home/tianlong/Downloads//test/pevmkpamhv.mp4,0,0.19153424
/home/tianlong/Downloads//test/zcfpsnaujx.mp4,0,0.638835
/home/tianlong/Downloads//test/slvcfpalev.mp4,0,0.20129184
/home/tianlong/Downloads//test/ctdwtfcjei.mp4,0,0.13790582
/home/tianlong/Downloads//test/vxwsisekmb.mp4,0,0.20464396
/home/tianlong/Downloads//test/pkoadvlpga.mp4,0,0.29815033
/home/tianlong/Downloads//test/ofapaanpkl.mp4,0,0.3505847
/home/tianlong/Downloads//test/huzryvwrfa.mp4,0,0.24421307
/home/tianlong/Downloads//test/knjoasqzvt.mp4,0,0.24482614
/home/tianlong/Downloads//test/cedpyannqf.mp4,0,0.23124968
/home/tianlong/Downloads//test/mdwtpvlbrz.mp4,0,0.41308296
/home/tianlong/Downloads//test/hfcxlucrbj.mp4,0,0.2636719
/home/tianlong/Downloads//test/wbsajsyaej.mp4,0,0.19669409
/home/tianlong/Downloads//test/tbqrwehekx.mp4,0,0.5045835
/home/tianlong/Downloads//test/shslgpeisw.mp4,0,0.48806766
/home/tianlong/Downloads//test/epgfqrvwlr.mp4,0,0.3678564
/home/tianlong/Downloads//test/fduhwlydlg.mp4,0,0.3718174
/home/tianlong/Downloads//test/cpmridjxbc.mp4,0,0.13632722
/home/tianlong/Downloads//test/kphflojove.mp4,0,0.6032222
/home/tianlong/Downloads//test/hlcpwfwcyw.mp4,0,0.35244775
/home/tianlong/Downloads//test/bpeemkcxad.mp4,0,0.5176192
/home/tianlong/Downloads//test/jkadnvoqhk.mp4,0,0.33224067
/home/tianlong/Downloads//test/lzzpsosige.mp4,0,0.47552538
/home/tianlong/Downloads//test/pxtwhbaxjq.mp4,0,0.28754413
/home/tianlong/Downloads//test/pxgcsltbuo.mp4,0,0.26804665
/home/tianlong/Downloads//test/gmepmwcgwg.mp4,0,0.121557325
/home/tianlong/Downloads//test/tnetytnegv.mp4,0,0.20412193
/home/tianlong/Downloads//test/sxmqvznwwq.mp4,0,0.18191013
/home/tianlong/Downloads//test/partcfzlbj.mp4,0,0.38697597
/home/tianlong/Downloads//test/tnkmovifrb.mp4,0,0.56036925
/home/tianlong/Downloads//test/dpgznlwvpx.mp4,0,0.23896946
/home/tianlong/Downloads//test/mbpbbekqks.mp4,0,0.57986623
/home/tianlong/Downloads//test/hdbejalgtx.mp4,0,0.35414365
/home/tianlong/Downloads//test/bmdiaytrcm.mp4,0,0.20098713
/home/tianlong/Downloads//test/yghxoihrle.mp4,0,0.27331603
/home/tianlong/Downloads//test/vcgelshrli.mp4,0,0.14727072
/home/tianlong/Downloads//test/yvdnbmbwyh.mp4,0,0.57295156
/home/tianlong/Downloads//test/kmakhupeac.mp4,0,0.58673114
/home/tianlong/Downloads//test/ccevbixrwu.mp4,0,0.27079877
/home/tianlong/Downloads//test/edavfjsjzw.mp4,0,0.14818315
/home/tianlong/Downloads//test/znmzmierff.mp4,0,0.11835745
/home/tianlong/Downloads//test/kiotoqmmfj.mp4,0,0.66014427
/home/tianlong/Downloads//test/nqctdktbtb.mp4,0,0.327682
/home/tianlong/Downloads//test/inneixkosf.mp4,0,0.53031695
/home/tianlong/Downloads//test/occrrsyizc.mp4,0,0.123040386
/home/tianlong/Downloads//test/zfecmsiodq.mp4,0,0.23943587
/home/tianlong/Downloads//test/haknpmhigp.mp4,0,0.21131353
/home/tianlong/Downloads//test/zjbwxmmrgk.mp4,0,0.18296748
/home/tianlong/Downloads//test/qgpabkriss.mp4,0,0.3739571
/home/tianlong/Downloads//test/liureznisp.mp4,0,0.2655901
/home/tianlong/Downloads//test/bzdywpajvr.mp4,0,0.24010006
/home/tianlong/Downloads//test/jniytngcmy.mp4,0,0.31041905
/home/tianlong/Downloads//test/idklchvhxp.mp4,0,0.52227986
/home/tianlong/Downloads//test/pijzjjchqn.mp4,0,0.4039754
/home/tianlong/Downloads//test/pjnsejazpl.mp4,0,0.1572951
/home/tianlong/Downloads//test/gpaqoqegbn.mp4,0,0.18349163
/home/tianlong/Downloads//test/xsxwrwvfkg.mp4,0,0.20278847
/home/tianlong/Downloads//test/arwefyghir.mp4,0,0.49629226
/home/tianlong/Downloads//test/ptgvxdueef.mp4,0,0.4342567
/home/tianlong/Downloads//test/plljpjscih.mp4,0,0.11967392
/home/tianlong/Downloads//test/jozfaxodnx.mp4,0,0.23899277
/home/tianlong/Downloads//test/girdwtjwsr.mp4,0,0.30112827
/home/tianlong/Downloads//test/jbaahohsns.mp4,0,0.38906148
/home/tianlong/Downloads//test/uetfcmaryk.mp4,0,0.29130298
/home/tianlong/Downloads//test/oqbltrmhvt.mp4,0,0.51598406
/home/tianlong/Downloads//test/dvtzvkcrku.mp4,0,0.5077556
/home/tianlong/Downloads//test/qjilklnynm.mp4,0,0.16208817
/home/tianlong/Downloads//test/tcsdjwbihw.mp4,0,0.43224317
/home/tianlong/Downloads//test/zhftwvtutp.mp4,0,0.1764189
/home/tianlong/Downloads//test/xgktqwvknw.mp4,0,0.33962253
/home/tianlong/Downloads//test/cdeesuuuqz.mp4,0,0.46488717
/home/tianlong/Downloads//test/ymngcysczs.mp4,0,0.081437625
/home/tianlong/Downloads//test/gctyynjruz.mp4,0,0.36309993
/home/tianlong/Downloads//test/vkirqaiuoc.mp4,0,0.22979096
/home/tianlong/Downloads//test/ykywskdwlc.mp4,0,0.45136473
/home/tianlong/Downloads//test/verpxkucoi.mp4,0,0.2679697
/home/tianlong/Downloads//test/gpsqelalbp.mp4,0,0.22224727
/home/tianlong/Downloads//test/paorozwtbf.mp4,0,0.41344553
/home/tianlong/Downloads//test/iaaecuquha.mp4,0,0.3696128
/home/tianlong/Downloads//test/lmgdjtzwau.mp4,0,0.42182907
/home/tianlong/Downloads//test/tayykmblhg.mp4,0,0.42060056
/home/tianlong/Downloads//test/hpurahupjh.mp4,0,0.37758616
/home/tianlong/Downloads//test/uutxmgqajd.mp4,0,0.5155758
/home/tianlong/Downloads//test/rbkcpkwhjn.mp4,0,0.3933684
/home/tianlong/Downloads//test/wtnloygygs.mp4,0,0.39717615
/home/tianlong/Downloads//test/biborxaekt.mp4,0,0.17828633
/home/tianlong/Downloads//test/drlnvwvvuw.mp4,0,0.43884307
/home/tianlong/Downloads//test/axutpjywuu.mp4,0,0.12249999
/home/tianlong/Downloads//test/jbcnsmlysc.mp4,0,0.28191587
/home/tianlong/Downloads//test/ilzhgraxpl.mp4,0,0.34794486
/home/tianlong/Downloads//test/cwqhzuhjol.mp4,0,0.26797095
/home/tianlong/Downloads//test/tlzordotqw.mp4,0,0.61291164
/home/tianlong/Downloads//test/hdauuytvhx.mp4,0,0.18265556
/home/tianlong/Downloads//test/rtiyduycrn.mp4,0,0.43022645
/home/tianlong/Downloads//test/mdsmgzaltc.mp4,0,0.4483017
/home/tianlong/Downloads//test/mnlxxoicoo.mp4,0,0.1441892
/home/tianlong/Downloads//test/ksfuiztwuc.mp4,0,0.49697465
/home/tianlong/Downloads//test/tpjydgkvdt.mp4,0,0.20330045
/home/tianlong/Downloads//test/nmjesbwiux.mp4,0,0.25096747
/home/tianlong/Downloads//test/egzfaoiuwo.mp4,0,0.1668506
/home/tianlong/Downloads//test/ucmfbukrkj.mp4,0,0.118347175
/home/tianlong/Downloads//test/aoqzxlwvmi.mp4,0,0.40719947
/home/tianlong/Downloads//test/zzjfzeuizr.mp4,0,0.43824267
/home/tianlong/Downloads//test/aunokqsmrt.mp4,0,0.27674237
/home/tianlong/Downloads//test/kudvvlgiff.mp4,0,0.22805117
/home/tianlong/Downloads//test/qqwsabrgxh.mp4,0,0.114541166
/home/tianlong/Downloads//test/pvsslamopo.mp4,0,0.22979863
/home/tianlong/Downloads//test/kawxnfacqs.mp4,0,0.21800053
/home/tianlong/Downloads//test/lxeqbyddvt.mp4,0,0.2826402
/home/tianlong/Downloads//test/zylribcaeu.mp4,0,0.26014966
/home/tianlong/Downloads//test/sghdekqnnn.mp4,0,0.20157169
/home/tianlong/Downloads//test/msbqgoxxlh.mp4,0,0.36319986
/home/tianlong/Downloads//test/ubbzrfgzer.mp4,0,0.2805752
/home/tianlong/Downloads//test/vuofhivyfs.mp4,0,0.48775378
/home/tianlong/Downloads//test/xirrbpmlja.mp4,0,0.57327795
/home/tianlong/Downloads//test/appvffejyy.mp4,0,0.28414726
/home/tianlong/Downloads//test/nzepxsbotb.mp4,0,0.3351534
/home/tianlong/Downloads//test/nkqkvwpghi.mp4,0,0.3697333
/home/tianlong/Downloads//test/vdvffooule.mp4,0,0.55616707
/home/tianlong/Downloads//test/rayhrvqorn.mp4,0,0.17878287
/home/tianlong/Downloads//test/cslfapvyjv.mp4,0,0.24374066
/home/tianlong/Downloads//test/rmygsfjyvt.mp4,0,0.48910975
/home/tianlong/Downloads//test/yhbhhibwzo.mp4,0,0.4853459
/home/tianlong/Downloads//test/vlxfyuzygn.mp4,0,0.49543902
/home/tianlong/Downloads//test/zefqhoewww.mp4,0,0.11033693
/home/tianlong/Downloads//test/vptrrrmhyb.mp4,0,0.4836709
/home/tianlong/Downloads//test/cefolmrrlx.mp4,0,0.23508121
/home/tianlong/Downloads//test/xzmplldajk.mp4,0,0.15610228
/home/tianlong/Downloads//test/hrznynemfj.mp4,0,0.29273772
/home/tianlong/Downloads//test/tkxblcleyd.mp4,0,0.29994
/home/tianlong/Downloads//test/tlxgwzheli.mp4,0,0.23032819
/home/tianlong/Downloads//test/qvgutokvct.mp4,0,0.33741665
/home/tianlong/Downloads//test/tcwyxrvdpe.mp4,0,0.20245379
/home/tianlong/Downloads//test/jwrypvpvpx.mp4,0,0.33527562
/home/tianlong/Downloads//test/bpyjsrjcro.mp4,0,0.3186226
/home/tianlong/Downloads//test/avteqdmbob.mp4,0,0.271803
/home/tianlong/Downloads//test/aaivbtdyjn.mp4,0,0.54508597
/home/tianlong/Downloads//test/pokctfragw.mp4,0,0.1444157
/home/tianlong/Downloads//test/vgdllmzjcw.mp4,0,0.24250245
/home/tianlong/Downloads//test/zdlhavfmit.mp4,0,0.27974927
/home/tianlong/Downloads//test/yupsrmckii.mp4,0,0.4874571
/home/tianlong/Downloads//test/pobpsxjbzg.mp4,0,0.23671712
/home/tianlong/Downloads//test/lkvouattut.mp4,0,0.29741126
/home/tianlong/Downloads//test/anjzzdyhno.mp4,0,0.17549568
/home/tianlong/Downloads//test/jvihmimqca.mp4,0,0.5358784
/home/tianlong/Downloads//test/wnoitecfmf.mp4,0,0.5204161
/home/tianlong/Downloads//test/gbvllwqbjl.mp4,0,0.21971533
/home/tianlong/Downloads//test/gzabjmglim.mp4,0,0.36050367
/home/tianlong/Downloads//test/paqcbtdulm.mp4,0,0.21249428
/home/tianlong/Downloads//test/jcbbrqaaaq.mp4,0,0.36283228
/home/tianlong/Downloads//test/nsavbywhlu.mp4,0,0.2992124
/home/tianlong/Downloads//test/zwfebeiqat.mp4,0,0.13972218
/home/tianlong/Downloads//test/pimrsfwcwm.mp4,0,0.3358912
/home/tianlong/Downloads//test/mrvdmwcblt.mp4,0,0.43956268
/home/tianlong/Downloads//test/hedetzyqpu.mp4,0,0.27388293
/home/tianlong/Downloads//test/qytaiboeep.mp4,0,0.2011302
/home/tianlong/Downloads//test/famavifufv.mp4,0,0.21948496
/home/tianlong/Downloads//test/hnselekxwv.mp4,0,0.5024585
/home/tianlong/Downloads//test/emgciwmtuj.mp4,0,0.2310979
/home/tianlong/Downloads//test/wbmvbetcdm.mp4,0,0.19735058
/home/tianlong/Downloads//test/mpvnvvihzp.mp4,0,0.45478275
/home/tianlong/Downloads//test/zelgpxflfe.mp4,0,0.54055566
/home/tianlong/Downloads//test/lhjcdavmmg.mp4,0,0.37041402
/home/tianlong/Downloads//test/rxtqqoncwj.mp4,0,0.4890449
/home/tianlong/Downloads//test/shrpamtirw.mp4,0,0.21241719
/home/tianlong/Downloads//test/qhzlgrtgto.mp4,0,0.29819426
/home/tianlong/Downloads//test/uuzyzglejw.mp4,0,0.3086319
/home/tianlong/Downloads//test/bmnpqrwnex.mp4,0,0.10339211
/home/tianlong/Downloads//test/dtssdnhgiw.mp4,0,0.3226539
/home/tianlong/Downloads//test/rlhmppiklf.mp4,0,0.3727936
/home/tianlong/Downloads//test/sswhgeqjrt.mp4,0,0.4243278
/home/tianlong/Downloads//test/emxqsgqtdz.mp4,0,0.32344726
/home/tianlong/Downloads//test/bcwtjzsutw.mp4,0,0.34414226
/home/tianlong/Downloads//test/uomfimsutw.mp4,0,0.5035727
/home/tianlong/Downloads//test/mztlucosuc.mp4,0,0.4599764
/home/tianlong/Downloads//test/ntcfyojagi.mp4,0,0.36018994
/home/tianlong/Downloads//test/wrbuiboyat.mp4,0,0.4067824
/home/tianlong/Downloads//test/xiqecarvpb.mp4,0,0.1535727
/home/tianlong/Downloads//test/fcvzlzfufb.mp4,0,0.16341954
/home/tianlong/Downloads//test/savqrjnncg.mp4,0,0.39598528
/home/tianlong/Downloads//test/icqmqztbry.mp4,0,0.13087781
/home/tianlong/Downloads//test/zzrmokkxka.mp4,0,0.5039016
/home/tianlong/Downloads//test/btgxrrldio.mp4,0,0.3998413
/home/tianlong/Downloads//test/zdnepyqjiy.mp4,0,0.41237628
/home/tianlong/Downloads//test/fybiztpnrc.mp4,0,0.47618493
/home/tianlong/Downloads//test/parqhrknkf.mp4,0,0.5055406
/home/tianlong/Downloads//test/tvffpggbrc.mp4,0,0.48349398
/home/tianlong/Downloads//test/rtpuwtrxsr.mp4,0,0.43375185
/home/tianlong/Downloads//test/tgmqfzsznf.mp4,0,0.098164484
/home/tianlong/Downloads//test/eqabuehals.mp4,0,0.23241185
/home/tianlong/Downloads//test/ikebomnsiq.mp4,0,0.43352652
/home/tianlong/Downloads//test/wfzxrfxohw.mp4,0,0.27052954
/home/tianlong/Downloads//test/dqfgwejsvm.mp4,0,0.1090864
/home/tianlong/Downloads//test/lxadgjqzbf.mp4,0,0.2099282
/home/tianlong/Downloads//test/tdahgbtenl.mp4,0,0.553978
/home/tianlong/Downloads//test/bivzhsmrqo.mp4,0,0.28744036
/home/tianlong/Downloads//test/vzxluflrhn.mp4,0,0.2420638
/home/tianlong/Downloads//test/ikmsdmynbf.mp4,0,0.23431502
/home/tianlong/Downloads//test/kuqbgbrypa.mp4,0,0.6149437
/home/tianlong/Downloads//test/nfstajzaot.mp4,0,0.20235498
/home/tianlong/Downloads//test/dultiznosk.mp4,0,0.13993914
/home/tianlong/Downloads//test/ckqfqernbf.mp4,0,0.2619363
/home/tianlong/Downloads//test/kbdwudhhwf.mp4,0,0.39755857
/home/tianlong/Downloads//test/hqpjmwyygq.mp4,0,0.52317125
/home/tianlong/Downloads//test/tjyuudtkme.mp4,0,0.21245351
/home/tianlong/Downloads//test/tihgxlmfcj.mp4,0,0.16311604
/home/tianlong/Downloads//test/sgdnbofecu.mp4,0,0.41767916
/home/tianlong/Downloads//test/pgamqeolau.mp4,0,0.37580726
/home/tianlong/Downloads//test/ijeqomctsa.mp4,0,0.16819394
/home/tianlong/Downloads//test/ppruxbqpmc.mp4,0,0.3080979
/home/tianlong/Downloads//test/hkvfyeacje.mp4,0,0.34338942
/home/tianlong/Downloads//test/zqrzqekofe.mp4,0,0.29406786
/home/tianlong/Downloads//test/iwzbgmtsuh.mp4,0,0.191338
/home/tianlong/Downloads//test/dbixwxtuxs.mp4,0,0.46776727
/home/tianlong/Downloads//test/cepqcoseaj.mp4,0,0.15578963
/home/tianlong/Downloads//test/gypapuqdrx.mp4,0,0.5477058
/home/tianlong/Downloads//test/djhhnixfyi.mp4,0,0.16725412
/home/tianlong/Downloads//test/fkarxowzuf.mp4,0,0.28726354
/home/tianlong/Downloads//test/gfxnuidfgl.mp4,0,0.18328546
/home/tianlong/Downloads//test/vsreebjsfs.mp4,0,0.37907395
/home/tianlong/Downloads//test/manqchicur.mp4,0,0.4249266
/home/tianlong/Downloads//test/gztffgsxpt.mp4,0,0.2583473
/home/tianlong/Downloads//test/jdzkykqgsx.mp4,0,0.14021745
/home/tianlong/Downloads//test/cvbubcwkkl.mp4,0,0.2764419
/home/tianlong/Downloads//test/bgqhldvsgc.mp4,0,0.11677904
/home/tianlong/Downloads//test/blqgpxokwq.mp4,0,0.4076613
/home/tianlong/Downloads//test/cxvayntesu.mp4,0,0.18511283
/home/tianlong/Downloads//test/dxepehnhgm.mp4,0,0.20690942
/home/tianlong/Downloads//test/bcgjlsupne.mp4,0,0.29783773
/home/tianlong/Downloads//test/uhynwthfhf.mp4,0,0.4864234
/home/tianlong/Downloads//test/gocrdvihos.mp4,0,0.23753959
/home/tianlong/Downloads//test/gtyvtbojpp.mp4,0,0.124565154
/home/tianlong/Downloads//test/eqtwkqxolz.mp4,0,0.20126255
/home/tianlong/Downloads//test/arwiyweadv.mp4,0,0.36733973
/home/tianlong/Downloads//test/mlizcisxro.mp4,0,0.12324021
/home/tianlong/Downloads//test/miiymgajty.mp4,0,0.37743202
/home/tianlong/Downloads//test/ragjclplkx.mp4,0,0.15033536
/home/tianlong/Downloads//test/wxrfuemtxj.mp4,0,0.14451478
/home/tianlong/Downloads//test/xxupwwukoh.mp4,0,0.25917804
/home/tianlong/Downloads//test/qdantvtdji.mp4,0,0.34574336
/home/tianlong/Downloads//test/oqehnuhbwa.mp4,0,0.59227914
/home/tianlong/Downloads//test/yzqbwkwxsn.mp4,0,0.43393403
/home/tianlong/Downloads//test/osjaqtkkdt.mp4,0,0.1999226
/home/tianlong/Downloads//test/nthlmvjxac.mp4,0,0.21721041
/home/tianlong/Downloads//test/dpegbdzijf.mp4,0,0.16050719
/home/tianlong/Downloads//test/ezgusylcyf.mp4,0,0.5263415
/home/tianlong/Downloads//test/isxxybhuls.mp4,0,0.5397836
/home/tianlong/Downloads//test/dbqbwrcvjk.mp4,0,0.33493915
/home/tianlong/Downloads//test/qqrvyhjznq.mp4,0,0.22328866
/home/tianlong/Downloads//test/ohdtmpzbtp.mp4,0,0.12114591
/home/tianlong/Downloads//test/oupztxzdln.mp4,0,0.24370107
/home/tianlong/Downloads//test/snidpujjti.mp4,0,0.35135356
/home/tianlong/Downloads//test/yoxdseoukl.mp4,0,0.48758855
/home/tianlong/Downloads//test/bxsdnqizii.mp4,0,0.3304874
/home/tianlong/Downloads//test/ihszkmcwvw.mp4,0,0.3097815
/home/tianlong/Downloads//test/rgrqhjtoby.mp4,0,0.14463277
/home/tianlong/Downloads//test/vqibhetnwa.mp4,0,0.4942121
/home/tianlong/Downloads//test/rkqqgwurqt.mp4,0,0.5039441
/home/tianlong/Downloads//test/axdepsfowg.mp4,0,0.22033879
/home/tianlong/Downloads//test/dcpmipuapc.mp4,0,0.42459068
/home/tianlong/Downloads//test/ncjqganhal.mp4,0,0.32172233
/home/tianlong/Downloads//test/qnbnlmpqpu.mp4,0,0.48673698
/home/tianlong/Downloads//test/ieoervpooz.mp4,0,0.5358941
/home/tianlong/Downloads//test/fscyfygpyk.mp4,0,0.23151697
/home/tianlong/Downloads//test/pitpjawwwp.mp4,0,0.38693357
/home/tianlong/Downloads//test/geturetbpy.mp4,0,0.52190524
/home/tianlong/Downloads//test/kwsraaqime.mp4,0,0.33761963
/home/tianlong/Downloads//test/lhgoghqmub.mp4,0,0.28861925
/home/tianlong/Downloads//test/kdmonvkpqd.mp4,0,0.71560407
/home/tianlong/Downloads//test/wrcelewmpa.mp4,0,0.39813167
/home/tianlong/Downloads//test/bxqgvzamnx.mp4,0,0.2816646
/home/tianlong/Downloads//test/nliofvksed.mp4,0,0.5167797
/home/tianlong/Downloads//test/mwjnvghsbe.mp4,0,0.34041592
/home/tianlong/Downloads//test/ygiscbckjl.mp4,0,0.25139278
/home/tianlong/Downloads//test/wscclwhfsr.mp4,0,0.33993992
/home/tianlong/Downloads//test/hddminxrhw.mp4,0,0.44755903
/home/tianlong/Downloads//test/ncrkggcdqp.mp4,0,0.5689416
/home/tianlong/Downloads//test/xjinzawywt.mp4,0,0.28283525
/home/tianlong/Downloads//test/korrsqtkke.mp4,0,0.24882703
/home/tianlong/Downloads//test/tskjnnvjsa.mp4,0,0.25212213
/home/tianlong/Downloads//test/tyjxmknivy.mp4,0,0.21299788
/home/tianlong/Downloads//test/qyvqrtscbk.mp4,0,0.39772752
/home/tianlong/Downloads//test/kxnybtbpkl.mp4,0,0.16190358
/home/tianlong/Downloads//test/wiqtkqwfsw.mp4,0,0.43603486
/home/tianlong/Downloads//test/bevjclbhuo.mp4,0,0.36498216
/home/tianlong/Downloads//test/shwulrbsfx.mp4,0,0.51156455
/home/tianlong/Downloads//test/mohtuktaaq.mp4,0,0.12892163
/home/tianlong/Downloads//test/fwsypadiom.mp4,0,0.4101743
/home/tianlong/Downloads//test/buywrbgfqy.mp4,0,0.37837565
/home/tianlong/Downloads//test/bljpdykszf.mp4,0,0.59370756
/home/tianlong/Downloads//test/ztxdkcoxvx.mp4,0,0.3226339
/home/tianlong/Downloads//test/oqeoibjbim.mp4,0,0.18535554
/home/tianlong/Downloads//test/szwhgmrrhm.mp4,0,0.1824302
/home/tianlong/Downloads//test/xnydmgdhum.mp4,0,0.38781238
/home/tianlong/Downloads//test/fltaysfwct.mp4,0,0.17151485
/home/tianlong/Downloads//test/akdvkdoyoh.mp4,0,0.5397662
/home/tianlong/Downloads//test/ftfemkjnot.mp4,0,0.56725526
/home/tianlong/Downloads//test/gmbckelbzp.mp4,0,0.16090383
/home/tianlong/Downloads//test/jjzveabagf.mp4,0,0.5346021
/home/tianlong/Downloads//test/dfqwasrdvq.mp4,0,0.51358277
/home/tianlong/Downloads//test/diskzkrrph.mp4,0,0.4220741
/home/tianlong/Downloads//test/jtwpwdqmxz.mp4,0,0.36381924
/home/tianlong/Downloads//test/qivnumuetu.mp4,0,0.16951431
/home/tianlong/Downloads//test/blmuzhjygg.mp4,0,0.41337842
/home/tianlong/Downloads//test/sbxlfehzjc.mp4,0,0.5838885
/home/tianlong/Downloads//test/tcwhwssdnv.mp4,0,0.51179767
/home/tianlong/Downloads//test/bkbokyebco.mp4,0,0.28513274
/home/tianlong/Downloads//test/vojsghpebv.mp4,0,0.49440685
/home/tianlong/Downloads//test/opuhoerhxb.mp4,0,0.2673392
/home/tianlong/Downloads//test/mmhdcoqsve.mp4,0,0.38871163
/home/tianlong/Downloads//test/ewxddjqzml.mp4,0,0.15204893
/home/tianlong/Downloads//test/dznchaiaqh.mp4,0,0.44734186
/home/tianlong/Downloads//test/mloeefokyq.mp4,0,0.5483202
/home/tianlong/Downloads//test/fgkpembbpv.mp4,0,0.2380244
/home/tianlong/Downloads//test/orqafstesq.mp4,0,0.18471612
/home/tianlong/Downloads//test/ckgabgjnca.mp4,0,0.17830905
/home/tianlong/Downloads//test/iuvhrgckrt.mp4,0,0.51307446
/home/tianlong/Downloads//test/vlzwcejywm.mp4,0,0.4017815
/home/tianlong/Downloads//test/cpucjmfawf.mp4,0,0.32951584
/home/tianlong/Downloads//test/ekvhyeycpr.mp4,0,0.2662842
/home/tianlong/Downloads//test/tazlckybzu.mp4,0,0.18386823
/home/tianlong/Downloads//test/clxgzkdgta.mp4,0,0.40720722
/home/tianlong/Downloads//test/zlfbumxcxs.mp4,0,0.3995592
/home/tianlong/Downloads//test/plhcceboag.mp4,0,0.2510946
/home/tianlong/Downloads//test/extihvlsxg.mp4,0,0.16799192
/home/tianlong/Downloads//test/olebnvxoyl.mp4,0,0.11379782
/home/tianlong/Downloads//test/opdqcwqxzy.mp4,0,0.119911246
/home/tianlong/Downloads//test/stwaypekwh.mp4,0,0.3423298
/home/tianlong/Downloads//test/xogwctpikv.mp4,0,0.24646907
/home/tianlong/Downloads//test/cjiwxfwcit.mp4,0,0.33797503
/home/tianlong/Downloads//test/txshgvrava.mp4,0,0.19204214
/home/tianlong/Downloads//test/ggpuxwhpri.mp4,0,0.24604064
/home/tianlong/Downloads//test/jlxnzxtopm.mp4,0,0.3932091
/home/tianlong/Downloads//test/thjugpbwcv.mp4,0,0.551739
/home/tianlong/Downloads//test/pkititkein.mp4,0,0.19635576
/home/tianlong/Downloads//test/hjiwmybauf.mp4,0,0.49841857
/home/tianlong/Downloads//test/efazuieysm.mp4,0,0.15528622
/home/tianlong/Downloads//test/tdzsgrdneg.mp4,0,0.5568316
/home/tianlong/Downloads//test/mkxmvreoth.mp4,0,0.38378984
/home/tianlong/Downloads//test/ofbjiuemkr.mp4,0,0.39728338
/home/tianlong/Downloads//test/dogotzkdiw.mp4,0,0.46347207
/home/tianlong/Downloads//test/qdmvzknbua.mp4,0,0.15271646
/home/tianlong/Downloads//test/pnauelqbxq.mp4,0,0.51873565
/home/tianlong/Downloads//test/sytddqezij.mp4,0,0.41655177
/home/tianlong/Downloads//test/bhpddnqauc.mp4,0,0.11009227
/home/tianlong/Downloads//test/imtkdzkypf.mp4,0,0.5456673
/home/tianlong/Downloads//test/kbodjivgqu.mp4,0,0.38083485
/home/tianlong/Downloads//test/qtxraeaxeh.mp4,0,0.30342537
/home/tianlong/Downloads//test/uaxmqpmswz.mp4,0,0.39365467
/home/tianlong/Downloads//test/qlbapiibba.mp4,0,0.327027
/home/tianlong/Downloads//test/mzurunkulx.mp4,0,0.14683409
/home/tianlong/Downloads//test/aujoxrpddn.mp4,0,0.19192545
/home/tianlong/Downloads//test/ebenvuuxld.mp4,0,0.14260115
/home/tianlong/Downloads//test/fsfjlwwsen.mp4,0,0.55159
/home/tianlong/Downloads//test/zwgaptzuqt.mp4,0,0.23107919
/home/tianlong/Downloads//test/gldpafckwo.mp4,0,0.5265175
/home/tianlong/Downloads//test/nvkzpexyzg.mp4,0,0.47863206
/home/tianlong/Downloads//test/vnrmxwtsmf.mp4,0,0.23899174
/home/tianlong/Downloads//test/hmofiqjzxe.mp4,0,0.39287466
/home/tianlong/Downloads//test/ucryyubbqk.mp4,0,0.4782862
/home/tianlong/Downloads//test/gwqdrapybq.mp4,0,0.3226732
/home/tianlong/Downloads//test/avttogwbyz.mp4,0,0.21340169
/home/tianlong/Downloads//test/hbmvxgonmq.mp4,0,0.2177942
/home/tianlong/Downloads//test/gxxlbjuyza.mp4,0,0.27967724
/home/tianlong/Downloads//test/jhzozsurac.mp4,0,0.3760929
/home/tianlong/Downloads//test/opyqudaics.mp4,0,0.3474247
/home/tianlong/Downloads//test/vigbdgmudk.mp4,0,0.14988194
/home/tianlong/Downloads//test/viidhkoxyv.mp4,0,0.34759828
/home/tianlong/Downloads//test/dmpvbeyuqb.mp4,0,0.16841607
/home/tianlong/Downloads//test/wgycqahjww.mp4,0,0.2834328
/home/tianlong/Downloads//test/wwgmzeavbd.mp4,0,0.13454418
/home/tianlong/Downloads//test/qtqyglbdem.mp4,0,0.20907943
/home/tianlong/Downloads//test/nqynuhnklk.mp4,0,0.207592
/home/tianlong/Downloads//test/jygbqsigcr.mp4,0,0.55832446
/home/tianlong/Downloads//test/nsozqvhalr.mp4,0,0.36530188
/home/tianlong/Downloads//test/yvmrwdyxby.mp4,0,0.41237694
/home/tianlong/Downloads//test/kvhbyuklfv.mp4,0,0.2990026
/home/tianlong/Downloads//test/iwnfvkmktq.mp4,0,0.37919974
/home/tianlong/Downloads//test/qzfmctgxcs.mp4,0,0.18702193
/home/tianlong/Downloads//test/vhipamioud.mp4,0,0.35938624
/home/tianlong/Downloads//test/lmbvoxhowe.mp4,0,0.17529589
/home/tianlong/Downloads//test/ziqjamfzlv.mp4,0,0.4853175
/home/tianlong/Downloads//test/kqnwutdvpd.mp4,0,0.21607603
/home/tianlong/Downloads//test/lucpbeexdk.mp4,0,0.3807887
/home/tianlong/Downloads//test/pnotaniiuh.mp4,0,0.49878988
/home/tianlong/Downloads//test/qohtjkzity.mp4,0,0.34109977
/home/tianlong/Downloads//test/bkjhfcvsig.mp4,0,0.35524768
/home/tianlong/Downloads//test/kpcrdurodw.mp4,0,0.48780006
/home/tianlong/Downloads//test/nmphdbflzj.mp4,0,0.4495238
/home/tianlong/Downloads//test/fmsxomanga.mp4,0,0.18530114
/home/tianlong/Downloads//test/tgwpcoljin.mp4,0,0.32427403
/home/tianlong/Downloads//test/foynwjsqeh.mp4,0,0.43189856
/home/tianlong/Downloads//test/vdqritvjfl.mp4,0,0.53149706
/home/tianlong/Downloads//test/egyemqrvna.mp4,0,0.49073797
/home/tianlong/Downloads//test/xrtmepdfyh.mp4,0,0.42889926
/home/tianlong/Downloads//test/zfgjechdto.mp4,0,0.11667572
/home/tianlong/Downloads//test/jujpqsrgll.mp4,0,0.22099882
/home/tianlong/Downloads//test/iakzgqqova.mp4,0,0.4312926
/home/tianlong/Downloads//test/fqdklzzkfj.mp4,0,0.3617268
/home/tianlong/Downloads//test/dnfnxwbsoi.mp4,0,0.14069507
/home/tianlong/Downloads//test/lynaeydofd.mp4,0,0.29763976
/home/tianlong/Downloads//test/relrfifywa.mp4,0,0.2640277
/home/tianlong/Downloads//test/imsacxixmv.mp4,0,0.5132187
/home/tianlong/Downloads//test/rfbwukxpye.mp4,0,0.20763117
/home/tianlong/Downloads//test/atixaudngu.mp4,0,0.48463807
/home/tianlong/Downloads//test/tcychsyltm.mp4,0,0.1860308
/home/tianlong/Downloads//test/kifyfzqzjj.mp4,0,0.45051542
/home/tianlong/Downloads//test/irjbukzjqt.mp4,0,0.22663037
/home/tianlong/Downloads//test/jmkkbkvbjo.mp4,0,0.35272706
/home/tianlong/Downloads//test/gflhlvhqyl.mp4,0,0.5644331
/home/tianlong/Downloads//test/myebjqbxsl.mp4,0,0.30702886
/home/tianlong/Downloads//test/mqeqiytluf.mp4,0,0.14325227
/home/tianlong/Downloads//test/zbsjlcsetv.mp4,0,0.17102347
/home/tianlong/Downloads//test/lzmxqxrruv.mp4,0,0.48323667
/home/tianlong/Downloads//test/neotrnwthu.mp4,0,0.13045679
/home/tianlong/Downloads//test/vwigtbeivy.mp4,0,0.49589258
/home/tianlong/Downloads//test/ldtscpryms.mp4,0,0.14790978
/home/tianlong/Downloads//test/sjgmmecazy.mp4,0,0.25290987
/home/tianlong/Downloads//test/jkrbsekajk.mp4,0,0.5455683
/home/tianlong/Downloads//test/iahzcxmuck.mp4,0,0.48952693
/home/tianlong/Downloads//test/cteqlloxwu.mp4,0,0.2681743
/home/tianlong/Downloads//test/pgqxsteufx.mp4,0,0.4298768
/home/tianlong/Downloads//test/cmuzrrlaiy.mp4,1,0.5666327
/home/tianlong/Downloads//test/jxeqhujuvh.mp4,1,0.6450546
/home/tianlong/Downloads//test/ntaqujyzes.mp4,1,0.52057016
/home/tianlong/Downloads//test/ghxzsygiou.mp4,1,0.20113988
/home/tianlong/Downloads//test/lvxzjwiklq.mp4,1,0.5298352
/home/tianlong/Downloads//test/wlyvvvjgnv.mp4,1,0.19155385
/home/tianlong/Downloads//test/hexxuigzdl.mp4,1,0.6005569
/home/tianlong/Downloads//test/zynrdvlrwv.mp4,1,0.11804821
/home/tianlong/Downloads//test/kbvqzihgan.mp4,1,0.18775763
/home/tianlong/Downloads//test/razacdewcv.mp4,1,0.15009989
/home/tianlong/Downloads//test/tjlrvidbxw.mp4,1,0.2965581
/home/tianlong/Downloads//test/gcbyurxhbz.mp4,1,0.3850346
/home/tianlong/Downloads//test/xticvyqqjn.mp4,1,0.34978405
/home/tianlong/Downloads//test/gqpayiddqv.mp4,1,0.2753016
/home/tianlong/Downloads//test/zmrnjhfxed.mp4,1,0.24214467
/home/tianlong/Downloads//test/slpxqmwuqm.mp4,1,0.6864094
/home/tianlong/Downloads//test/upwsvjdtgo.mp4,1,0.39439023
/home/tianlong/Downloads//test/zpnjiswgdt.mp4,1,0.3181644
/home/tianlong/Downloads//test/rayxtqfosv.mp4,1,0.14235485
/home/tianlong/Downloads//test/cfhoqpdzqb.mp4,1,0.23804796
/home/tianlong/Downloads//test/okyufzgvay.mp4,1,0.13889787
/home/tianlong/Downloads//test/wgyxtquovo.mp4,1,0.26763988
/home/tianlong/Downloads//test/kicgvgukqs.mp4,1,0.49890438
/home/tianlong/Downloads//test/aolhuwcdwv.mp4,1,0.5945638
/home/tianlong/Downloads//test/clzcvdsuyp.mp4,1,0.2872398
/home/tianlong/Downloads//test/jibhugdfbs.mp4,1,0.22534184
/home/tianlong/Downloads//test/kfiszsbzob.mp4,1,0.58493894
/home/tianlong/Downloads//test/mgwtoqonaf.mp4,1,0.530993
/home/tianlong/Downloads//test/buzqmuifod.mp4,1,0.39915448
/home/tianlong/Downloads//test/bofmetrgfm.mp4,1,0.32346883
/home/tianlong/Downloads//test/chlshvbday.mp4,1,0.4763862
/home/tianlong/Downloads//test/vxcjkgerao.mp4,1,0.45167357
/home/tianlong/Downloads//test/qxwqqhruvz.mp4,1,0.19127832
/home/tianlong/Downloads//test/hytdcdixlv.mp4,1,0.18175684
/home/tianlong/Downloads//test/buejhiahpy.mp4,1,0.29937014
/home/tianlong/Downloads//test/omotodymgb.mp4,1,0.34982
/home/tianlong/Downloads//test/gmcvyrferj.mp4,1,0.25102505
/home/tianlong/Downloads//test/ycoaclsdov.mp4,1,0.3694501
/home/tianlong/Downloads//test/scaljzcpcf.mp4,1,0.52745456
/home/tianlong/Downloads//test/uhbxhharht.mp4,1,0.3422797
/home/tianlong/Downloads//test/tmmakbzbqw.mp4,1,0.53252536
/home/tianlong/Downloads//test/mvfvefsgik.mp4,1,0.5957499
/home/tianlong/Downloads//test/inesnaprwm.mp4,1,0.2917698
/home/tianlong/Downloads//test/qqxelyjmmw.mp4,1,0.14546537
/home/tianlong/Downloads//test/dllkubdbbd.mp4,1,0.5183677
/home/tianlong/Downloads//test/ttnajmkchw.mp4,1,0.37942684
/home/tianlong/Downloads//test/kaffwaiexj.mp4,1,0.23321575
/home/tianlong/Downloads//test/dpfuqzdtrs.mp4,1,0.45214283
/home/tianlong/Downloads//test/hfvexodpht.mp4,1,0.24177684
/home/tianlong/Downloads//test/vmxjsdkuju.mp4,1,0.44025084
/home/tianlong/Downloads//test/afaxsgqksm.mp4,1,0.34401858
/home/tianlong/Downloads//test/pgkipgmpgm.mp4,1,0.55236566
/home/tianlong/Downloads//test/ltkesswcyn.mp4,1,0.1835442
/home/tianlong/Downloads//test/dffkcrccsj.mp4,1,0.29353148
/home/tianlong/Downloads//test/svtnilogao.mp4,1,0.3883699
/home/tianlong/Downloads//test/bzobkqewtt.mp4,1,0.43846586
/home/tianlong/Downloads//test/vemnbnqoqk.mp4,1,0.5833124
/home/tianlong/Downloads//test/nobrvdftmd.mp4,1,0.22336951
/home/tianlong/Downloads//test/qepgiaxgpc.mp4,1,0.18513241
/home/tianlong/Downloads//test/bogjubshbr.mp4,1,0.54431945
/home/tianlong/Downloads//test/uyoqozgdcy.mp4,1,0.2570372
/home/tianlong/Downloads//test/cvmmtklgst.mp4,1,0.5486751
/home/tianlong/Downloads//test/qharxzhzpl.mp4,1,0.6152536
/home/tianlong/Downloads//test/sprejlmapw.mp4,1,0.36508495
/home/tianlong/Downloads//test/crzrsezocr.mp4,1,0.22579029
/home/tianlong/Downloads//test/wyqhadmmcy.mp4,1,0.55170006
/home/tianlong/Downloads//test/jrjxehotww.mp4,1,0.59963155
/home/tianlong/Downloads//test/xctpdujlok.mp4,1,0.3916583
/home/tianlong/Downloads//test/hfspenqmpw.mp4,1,0.3661129
/home/tianlong/Downloads//test/jkfukzcjxd.mp4,1,0.69071025
/home/tianlong/Downloads//test/knafngkgen.mp4,1,0.34852135
/home/tianlong/Downloads//test/tswmtnhfmn.mp4,1,0.27497885
/home/tianlong/Downloads//test/qoasfzksgo.mp4,1,0.3218656
/home/tianlong/Downloads//test/hnrzuoqnkz.mp4,1,0.10685167
/home/tianlong/Downloads//test/nussrkyuzy.mp4,1,0.39169985
/home/tianlong/Downloads//test/ciwzwmlyxz.mp4,1,0.48390716
/home/tianlong/Downloads//test/dbauiiupef.mp4,1,0.48349726
/home/tianlong/Downloads//test/ywxfnlxtjg.mp4,1,0.16558063
/home/tianlong/Downloads//test/pryqgrbtnu.mp4,1,0.26648262
/home/tianlong/Downloads//test/mbjpaydogy.mp4,1,0.17699634
/home/tianlong/Downloads//test/ihdopxhysr.mp4,1,0.30284396
/home/tianlong/Downloads//test/rgasvymjrj.mp4,1,0.3048955
/home/tianlong/Downloads//test/eclpgjjies.mp4,1,0.3786242
/home/tianlong/Downloads//test/kxptuwngop.mp4,1,0.17278124
/home/tianlong/Downloads//test/uaqvffouxp.mp4,1,0.31182176
/home/tianlong/Downloads//test/xvqzzgoabm.mp4,1,0.27904338
/home/tianlong/Downloads//test/tkgbjtcxyl.mp4,1,0.49206454
/home/tianlong/Downloads//test/xlnaxrwvcx.mp4,1,0.64665085
/home/tianlong/Downloads//test/kphfzaullq.mp4,1,0.18419234
/home/tianlong/Downloads//test/rkezgzxnoo.mp4,1,0.15673067
/home/tianlong/Downloads//test/fromclsodq.mp4,1,0.4076386
/home/tianlong/Downloads//test/nrscfrjxpb.mp4,1,0.41082332
/home/tianlong/Downloads//test/ygobagrhmg.mp4,1,0.31836635
/home/tianlong/Downloads//test/hisfrixnbu.mp4,1,0.2655765
/home/tianlong/Downloads//test/duzueyonao.mp4,1,0.42285445
/home/tianlong/Downloads//test/gkknsyqbnz.mp4,1,0.26280206
/home/tianlong/Downloads//test/tmgdrjjalz.mp4,1,0.37829408
/home/tianlong/Downloads//test/iajblozgtx.mp4,1,0.3804205
/home/tianlong/Downloads//test/ahkcchuwqq.mp4,1,0.20335191
/home/tianlong/Downloads//test/zmfiveruie.mp4,1,0.5645721
/home/tianlong/Downloads//test/xptgnpgfkn.mp4,1,0.11133024
/home/tianlong/Downloads//test/aebhowazav.mp4,1,0.22319816
/home/tianlong/Downloads//test/geulcwvfuy.mp4,1,0.40417263
/home/tianlong/Downloads//test/glzyifzrql.mp4,1,0.41785643
/home/tianlong/Downloads//test/wvmrsucbsq.mp4,1,0.4124798
/home/tianlong/Downloads//test/moetggyxsc.mp4,1,0.18169567
/home/tianlong/Downloads//test/jfvnwpcjrm.mp4,1,0.38210374
/home/tianlong/Downloads//test/kaggpclkjm.mp4,1,0.5748104
/home/tianlong/Downloads//test/nacldwtuwp.mp4,1,0.47461385
/home/tianlong/Downloads//test/upwyvqbjlq.mp4,1,0.4655312
/home/tianlong/Downloads//test/tdmyjvptzv.mp4,1,0.54441166
/home/tianlong/Downloads//test/fzurflflwv.mp4,1,0.25888893
/home/tianlong/Downloads//test/aakjukgjme.mp4,1,0.0880727
/home/tianlong/Downloads//test/ypepsyuwmo.mp4,1,0.22539891
/home/tianlong/Downloads//test/qxhyhhkywc.mp4,1,0.12632097
/home/tianlong/Downloads//test/iqvfopywpa.mp4,1,0.45800155
/home/tianlong/Downloads//test/xfncslssic.mp4,1,0.20798704
/home/tianlong/Downloads//test/jesstfspwv.mp4,1,0.13811949
/home/tianlong/Downloads//test/xiraodtgnt.mp4,1,0.20515168
/home/tianlong/Downloads//test/xeuzubpylq.mp4,1,0.30108237
/home/tianlong/Downloads//test/xszpbtciwo.mp4,1,0.42588216
/home/tianlong/Downloads//test/fkksbgaibl.mp4,1,0.6039323
/home/tianlong/Downloads//test/ntqzfgmhnj.mp4,1,0.7004391
/home/tianlong/Downloads//test/bizbjxafzr.mp4,1,0.12235006
/home/tianlong/Downloads//test/bxfwiuvafo.mp4,1,0.43243894
/home/tianlong/Downloads//test/jfcglbovmo.mp4,1,0.5879417
/home/tianlong/Downloads//test/odidbykbar.mp4,1,0.5272162
/home/tianlong/Downloads//test/qarbtmjwhm.mp4,1,0.49518275
/home/tianlong/Downloads//test/jeierullea.mp4,1,0.47630957
/home/tianlong/Downloads//test/lrckqkzekj.mp4,1,0.2954183
/home/tianlong/Downloads//test/riizlqngim.mp4,1,0.28065488
/home/tianlong/Downloads//test/lmcnonfhgz.mp4,1,0.53631705
/home/tianlong/Downloads//test/lkhszpabzv.mp4,1,0.4048362
/home/tianlong/Downloads//test/njqbwiajss.mp4,1,0.08919273
/home/tianlong/Downloads//test/ksqybmrwyg.mp4,1,0.46947435
/home/tianlong/Downloads//test/dxphlwcvan.mp4,1,0.4233925
/home/tianlong/Downloads//test/dgjssccxhx.mp4,1,0.41248158
/home/tianlong/Downloads//test/sbfxzmhzyv.mp4,1,0.48471558
/home/tianlong/Downloads//test/rlvgpdrgvi.mp4,1,0.49537563
/home/tianlong/Downloads//test/uzdmxmfcqe.mp4,1,0.31121156
/home/tianlong/Downloads//test/afixxjdxef.mp4,1,0.2894711
/home/tianlong/Downloads//test/fwvxtssltw.mp4,1,0.39118993
/home/tianlong/Downloads//test/jyzlvivrmr.mp4,1,0.44715327
/home/tianlong/Downloads//test/byavookkdu.mp4,1,0.16389138
/home/tianlong/Downloads//test/agyawnxlmv.mp4,1,0.43788195
/home/tianlong/Downloads//test/zjoonppreb.mp4,1,0.38645047
/home/tianlong/Downloads//test/sjzwpqupnm.mp4,1,0.25271422
/home/tianlong/Downloads//test/pobrnbspcf.mp4,1,0.50940794
/home/tianlong/Downloads//test/qdkpphviay.mp4,1,0.49854252
/home/tianlong/Downloads//test/nbyaxzmueg.mp4,1,0.3368264
/home/tianlong/Downloads//test/vfszaqentw.mp4,1,0.5646789
/home/tianlong/Downloads//test/fosovipqkg.mp4,1,0.16419211
/home/tianlong/Downloads//test/grwcxofqrx.mp4,1,0.6370661
/home/tianlong/Downloads//test/koqxhnmkjl.mp4,1,0.48563778
/home/tianlong/Downloads//test/xkukyjokbg.mp4,1,0.56220496
/home/tianlong/Downloads//test/fmnzbwtjep.mp4,1,0.26259074
/home/tianlong/Downloads//test/aruyyclubn.mp4,1,0.33824506
/home/tianlong/Downloads//test/eluhuvocwr.mp4,1,0.3680873
/home/tianlong/Downloads//test/iiwffwiyrg.mp4,1,0.31188944
/home/tianlong/Downloads//test/fsbabrxhqy.mp4,1,0.33956122
/home/tianlong/Downloads//test/ymqadbkafj.mp4,1,0.3078353
/home/tianlong/Downloads//test/nptmqvfuhz.mp4,1,0.35147408
/home/tianlong/Downloads//test/usjnlahlcj.mp4,1,0.5473792
/home/tianlong/Downloads//test/hbozjjcafn.mp4,1,0.29134443
/home/tianlong/Downloads//test/cizxmeztny.mp4,1,0.1531652
/home/tianlong/Downloads//test/syxlmynhsi.mp4,1,0.66687495
/home/tianlong/Downloads//test/ezadehoecy.mp4,1,0.16416484
/home/tianlong/Downloads//test/fpliemtlco.mp4,1,0.28849694
/home/tianlong/Downloads//test/arflgfcnkg.mp4,1,0.26166004
/home/tianlong/Downloads//test/occelhylxf.mp4,1,0.12519118
/home/tianlong/Downloads//test/uqntkvpntd.mp4,1,0.17094103
/home/tianlong/Downloads//test/iatevqworc.mp4,1,0.22795264
/home/tianlong/Downloads//test/xzsmgydcub.mp4,1,0.25849545
/home/tianlong/Downloads//test/qbffpkpmkf.mp4,1,0.2120213
/home/tianlong/Downloads//test/pzbpgfmroj.mp4,1,0.5067724
/home/tianlong/Downloads//test/oundixpyst.mp4,1,0.22620864
/home/tianlong/Downloads//test/hnxhwfttpy.mp4,1,0.4150311
/home/tianlong/Downloads//test/rdjwlvvwtv.mp4,1,0.52060425
/home/tianlong/Downloads//test/tcmstiljkk.mp4,1,0.56884384
/home/tianlong/Downloads//test/qbfdtumuct.mp4,1,0.5502827
/home/tianlong/Downloads//test/mxnquwuszt.mp4,1,0.36988842
/home/tianlong/Downloads//test/sjooumwlzb.mp4,1,0.5892369
/home/tianlong/Downloads//test/twhwouycfg.mp4,1,0.2655043
/home/tianlong/Downloads//test/wytpaehszj.mp4,1,0.5171965
/home/tianlong/Downloads//test/srtwhbzzlr.mp4,1,0.49180982
/home/tianlong/Downloads//test/jqjfpkuckf.mp4,1,0.30932128
/home/tianlong/Downloads//test/yxjjfaekev.mp4,1,0.22334844
/home/tianlong/Downloads//test/cyokqrzbol.mp4,1,0.15115151
/home/tianlong/Downloads//test/mtilpvablx.mp4,1,0.49694502
/home/tianlong/Downloads//test/njwsmltmvb.mp4,1,0.28970405
/home/tianlong/Downloads//test/xkksfulade.mp4,1,0.57334936
/home/tianlong/Downloads//test/dtfgsvfmjq.mp4,1,0.5940576
/home/tianlong/Downloads//test/onaewxqqkd.mp4,1,0.4785654
/home/tianlong/Downloads//test/pazpnfrbbc.mp4,1,0.14485587
/home/tianlong/Downloads//test/kgowzoxjfq.mp4,1,0.32121983
/home/tianlong/Downloads//test/ltdwtgrads.mp4,1,0.20233238
/home/tianlong/Downloads//test/znistrajpw.mp4,1,0.18893103
/home/tianlong/Downloads//test/yfhzmfhojv.mp4,1,0.45917764
/home/tianlong/Downloads//test/spkorcenyh.mp4,1,0.45178616
/home/tianlong/Downloads//test/axopbbxwzr.mp4,1,0.33151367
/home/tianlong/Downloads//test/hxrruqinnh.mp4,1,0.47751057
/home/tianlong/Downloads//test/tkaybnjwhg.mp4,1,0.52604276
/home/tianlong/Downloads//test/lhwwhjhyqx.mp4,1,0.13671759
/home/tianlong/Downloads//test/btxjufhiaz.mp4,1,0.3364344
/home/tianlong/Downloads//test/dnhaskulaj.mp4,1,0.6889725
/home/tianlong/Downloads//test/vxqofldgze.mp4,1,0.09085461
/home/tianlong/Downloads//test/ddjzmyabyu.mp4,1,0.13916259
/home/tianlong/Downloads//test/mgahaaogif.mp4,1,0.29534957
/home/tianlong/Downloads//test/ktmdpragph.mp4,1,0.19782358
/home/tianlong/Downloads//test/xazdhdnwhh.mp4,1,0.18188263
/home/tianlong/Downloads//test/qnslgeajnt.mp4,1,0.5536548
/home/tianlong/Downloads//test/sivrgbsaog.mp4,1,0.48905414
/home/tianlong/Downloads//test/uzmuovkewv.mp4,1,0.529953
/home/tianlong/Downloads//test/tvazrcdkpq.mp4,1,0.13994372
/home/tianlong/Downloads//test/jbatiwjmzh.mp4,1,0.5953324
/home/tianlong/Downloads//test/hmiylncrva.mp4,1,0.38608035
/home/tianlong/Downloads//test/uxkojffbsr.mp4,1,0.44185844
/home/tianlong/Downloads//test/crbcrxqftw.mp4,1,0.35003898
/home/tianlong/Downloads//test/yermnsnlgf.mp4,1,0.57302356
/home/tianlong/Downloads//test/gipcvghjiy.mp4,1,0.5858952
/home/tianlong/Downloads//test/iwcfxyoimw.mp4,1,0.4905076
/home/tianlong/Downloads//test/kozaofkgvk.mp4,1,0.23909828
/home/tianlong/Downloads//test/xlgevjtsog.mp4,1,0.1525102
/home/tianlong/Downloads//test/bpjkimtqtz.mp4,1,0.44150308
/home/tianlong/Downloads//test/pdnwaekrtn.mp4,1,0.40762755
/home/tianlong/Downloads//test/toxsrzsksc.mp4,1,0.31689796
/home/tianlong/Downloads//test/oejfypsbfh.mp4,1,0.51912355
/home/tianlong/Downloads//test/hwyuwbnszo.mp4,1,0.50495476
/home/tianlong/Downloads//test/acgyspwyqr.mp4,1,0.09016074
/home/tianlong/Downloads//test/oitcqmvnsa.mp4,1,0.43502888
/home/tianlong/Downloads//test/pdqqkuclvd.mp4,1,0.34967455
/home/tianlong/Downloads//test/slsyjvgfpu.mp4,1,0.24044217
/home/tianlong/Downloads//test/xmdfnldfyc.mp4,1,0.5807074
/home/tianlong/Downloads//test/ynkzlkahux.mp4,1,0.23344903
/home/tianlong/Downloads//test/szjbkskyph.mp4,1,0.3151793
/home/tianlong/Downloads//test/yyiiywtiry.mp4,1,0.38586608
/home/tianlong/Downloads//test/crvotfojeq.mp4,1,0.17909923
/home/tianlong/Downloads//test/rsqblsfgli.mp4,1,0.108218566
/home/tianlong/Downloads//test/becqadbtkb.mp4,1,0.21968296
/home/tianlong/Downloads//test/afqaubpglg.mp4,1,0.42676803
/home/tianlong/Downloads//test/pwplooonzr.mp4,1,0.31272978
/home/tianlong/Downloads//test/vjegxiyvla.mp4,1,0.2218561
/home/tianlong/Downloads//test/jbwtbfbdko.mp4,1,0.767382
/home/tianlong/Downloads//test/toggbitvfd.mp4,1,0.5927183
/home/tianlong/Downloads//test/xpfhawmzbe.mp4,1,0.2648248
/home/tianlong/Downloads//test/kjwdinzplo.mp4,1,0.47581258
/home/tianlong/Downloads//test/jrkdzpijpb.mp4,1,0.28093252
/home/tianlong/Downloads//test/lbnuxynggy.mp4,1,0.24012758
/home/tianlong/Downloads//test/iorrylopzn.mp4,1,0.56131876
/home/tianlong/Downloads//test/yasxapunrf.mp4,1,0.3765214
/home/tianlong/Downloads//test/suohrphvbe.mp4,1,0.18264733
/home/tianlong/Downloads//test/salsuwvckq.mp4,1,0.3803488
/home/tianlong/Downloads//test/eclnowceyi.mp4,1,0.36152232
/home/tianlong/Downloads//test/wvtymfvbwq.mp4,1,0.3804006
/home/tianlong/Downloads//test/rsjhmrvdwg.mp4,1,0.23915024
/home/tianlong/Downloads//test/qtvhpmoukj.mp4,1,0.24148807
/home/tianlong/Downloads//test/svqkfjfucw.mp4,1,0.520636
/home/tianlong/Downloads//test/jdlqmnhuix.mp4,1,0.4367076
/home/tianlong/Downloads//test/ltmkgkppwx.mp4,1,0.154665
/home/tianlong/Downloads//test/zaoyocjkgw.mp4,1,0.42987195
/home/tianlong/Downloads//test/vgrhobnbfo.mp4,1,0.46403527
/home/tianlong/Downloads//test/eeeuzozcdc.mp4,1,0.5246097
/home/tianlong/Downloads//test/ikgxqbhmlv.mp4,1,0.4723752
/home/tianlong/Downloads//test/zyeakowujw.mp4,1,0.5947748
/home/tianlong/Downloads//test/uerapqglmr.mp4,1,0.33650526
/home/tianlong/Downloads//test/fmuncwjpej.mp4,1,0.70627064
/home/tianlong/Downloads//test/xllzvdxwiv.mp4,1,0.36649957
/home/tianlong/Downloads//test/giuymhlbyo.mp4,1,0.570209
/home/tianlong/Downloads//test/bubbmjnmge.mp4,1,0.68480504
/home/tianlong/Downloads//test/qwqefbalkv.mp4,1,0.31436834
/home/tianlong/Downloads//test/aupsxowdcp.mp4,1,0.1423782
/home/tianlong/Downloads//test/apjovfzzft.mp4,1,0.27157435
/home/tianlong/Downloads//test/yjbnaqwxyf.mp4,1,0.5537297
/home/tianlong/Downloads//test/dajlkmlvch.mp4,1,0.24053875
/home/tianlong/Downloads//test/egwzzhemvk.mp4,1,0.709026
/home/tianlong/Downloads//test/vlhrgeyvqy.mp4,1,0.1281787
/home/tianlong/Downloads//test/vpolvvzwsw.mp4,1,0.08053145
/home/tianlong/Downloads//test/ddkcxrncmq.mp4,1,0.5636765
/home/tianlong/Downloads//test/fncnobpzzx.mp4,1,0.53747404
/home/tianlong/Downloads//test/lhayhvqjmg.mp4,1,0.18764152
/home/tianlong/Downloads//test/yboofyemks.mp4,1,0.25316936
/home/tianlong/Downloads//test/wzkovvmdkq.mp4,1,0.41033378
/home/tianlong/Downloads//test/axxldpmbat.mp4,1,0.51456314
/home/tianlong/Downloads//test/piovymzozl.mp4,1,0.20369482
/home/tianlong/Downloads//test/ymjrnwsjxt.mp4,1,0.38936642
/home/tianlong/Downloads//test/jfxroglrst.mp4,1,0.4782061
/home/tianlong/Downloads//test/qzyaijdbfe.mp4,1,0.30781665
/home/tianlong/Downloads//test/gzwzxbtkpd.mp4,1,0.57492936
/home/tianlong/Downloads//test/bgssriyozb.mp4,1,0.21817176
/home/tianlong/Downloads//test/wqtraebanl.mp4,1,0.45070058
/home/tianlong/Downloads//test/lovkthgavz.mp4,1,0.19294485
/home/tianlong/Downloads//test/vpgjaoyvir.mp4,1,0.13495164
/home/tianlong/Downloads//test/btlqqvfuck.mp4,1,0.3819336
/home/tianlong/Downloads//test/zzxidpsxmv.mp4,1,0.4780506
/home/tianlong/Downloads//test/qzuhjrhozy.mp4,1,0.19317101
/home/tianlong/Downloads//test/rtuaxyuvqs.mp4,1,0.21749626
/home/tianlong/Downloads//test/vybbullejj.mp4,1,0.4984765
/home/tianlong/Downloads//test/lblweiecpx.mp4,1,0.5004928
/home/tianlong/Downloads//test/qkchcuiljp.mp4,1,0.48429024
/home/tianlong/Downloads//test/roivdutkrz.mp4,1,0.56351197
/home/tianlong/Downloads//test/rziziscker.mp4,1,0.40729213
/home/tianlong/Downloads//test/zsdmgllhck.mp4,1,0.3980192
/home/tianlong/Downloads//test/kpkzqbpivj.mp4,1,0.2327577
/home/tianlong/Downloads//test/tgkjhdyxww.mp4,1,0.43721673
/home/tianlong/Downloads//test/zubaiztkag.mp4,1,0.58414084
/home/tianlong/Downloads//test/figxvsdmsb.mp4,1,0.22447167
/home/tianlong/Downloads//test/enzlliylet.mp4,1,0.5943315
/home/tianlong/Downloads//test/acekgkqgdg.mp4,1,0.21432315
/home/tianlong/Downloads//test/ljrikjsgis.mp4,1,0.3209726
/home/tianlong/Downloads//test/vawotznxqn.mp4,1,0.59074473
/home/tianlong/Downloads//test/jsqtbnxnpb.mp4,1,0.3107977
/home/tianlong/Downloads//test/yibeqxcadd.mp4,1,0.26899117
/home/tianlong/Downloads//test/zvgekhyszq.mp4,1,0.49899292
/home/tianlong/Downloads//test/luisdnrumh.mp4,1,0.5711727
/home/tianlong/Downloads//test/xffjesgeey.mp4,1,0.41556302
/home/tianlong/Downloads//test/haesrhzukc.mp4,1,0.52984965
/home/tianlong/Downloads//test/uwccodyhgh.mp4,1,0.52267236
/home/tianlong/Downloads//test/msdtzpmmae.mp4,1,0.42654908
/home/tianlong/Downloads//test/zgiypcmpic.mp4,1,0.43262324
/home/tianlong/Downloads//test/olkcmrmvbh.mp4,1,0.3814756
/home/tianlong/Downloads//test/kiffbbtjfe.mp4,1,0.36484447
/home/tianlong/Downloads//test/junzzlnlfw.mp4,1,0.48782867
/home/tianlong/Downloads//test/qkgicklwyn.mp4,1,0.33154696
/home/tianlong/Downloads//test/wluigkzjdl.mp4,1,0.18477586
/home/tianlong/Downloads//test/rsnrcisldc.mp4,1,0.43916595
/home/tianlong/Downloads//test/asiuftijhs.mp4,1,0.21430859
/home/tianlong/Downloads//test/yjloopcthi.mp4,1,0.29893997
/home/tianlong/Downloads//test/tzzwqaxtrk.mp4,1,0.6206342
/home/tianlong/Downloads//test/tmfvsxrxnk.mp4,1,0.4150567
/home/tianlong/Downloads//test/dlsdmdraln.mp4,1,0.2491301
/home/tianlong/Downloads//test/rkygzeyegz.mp4,1,0.38775295
/home/tianlong/Downloads//test/truremwrti.mp4,1,0.09976603
/home/tianlong/Downloads//test/depcrcqwai.mp4,1,0.2546024
/home/tianlong/Downloads//test/jovohczybs.mp4,1,0.28641608
/home/tianlong/Downloads//test/udcpjfvqro.mp4,1,0.5273688
/home/tianlong/Downloads//test/yxlkovjssa.mp4,1,0.30720052
/home/tianlong/Downloads//test/trltdpitif.mp4,1,0.63681513
/home/tianlong/Downloads//test/hwufwjdaai.mp4,1,0.25575078
/home/tianlong/Downloads//test/vgfxjwupga.mp4,1,0.57922405
/home/tianlong/Downloads//test/jejjcsijvc.mp4,1,0.50951916
/home/tianlong/Downloads//test/yjpfhrfyfn.mp4,1,0.13969316
/home/tianlong/Downloads//test/izyqqybmcq.mp4,1,0.3543219
/home/tianlong/Downloads//test/xjnflcfxhn.mp4,1,0.3151378
/home/tianlong/Downloads//test/zidsbdilrm.mp4,1,0.4276659
/home/tianlong/Downloads//test/lepqvhstws.mp4,1,0.14173819
/home/tianlong/Downloads//test/eabghyltka.mp4,1,0.32167444
/home/tianlong/Downloads//test/qxgwcsugvd.mp4,1,0.58039916
/home/tianlong/Downloads//test/oitqddnspw.mp4,1,0.08871864
/home/tianlong/Downloads//test/jiddesrgoi.mp4,1,0.57603115
/home/tianlong/Downloads//test/whsqzlklam.mp4,1,0.15779313
/home/tianlong/Downloads//test/hwspklkjol.mp4,1,0.53822374
/home/tianlong/Downloads//test/mgxdtegobh.mp4,1,0.3562233
/home/tianlong/Downloads//test/dkvxzocpnx.mp4,1,0.59729826
/home/tianlong/Downloads//test/zxjiwvyzbs.mp4,1,0.22456048
/home/tianlong/Downloads//test/qysxqoredd.mp4,1,0.35639957
/home/tianlong/Downloads//test/angqjpzdts.mp4,1,0.31987238
/home/tianlong/Downloads//test/slbhiftdwk.mp4,1,0.118989065
/home/tianlong/Downloads//test/ctsjalmkpx.mp4,1,0.18580016
/home/tianlong/Downloads//test/jrwqouwlzc.mp4,1,0.28221893
/home/tianlong/Downloads//test/vcqcervdzi.mp4,1,0.18401864
/home/tianlong/Downloads//test/mxczokbutl.mp4,1,0.6345534
/home/tianlong/Downloads//test/qawqquinvi.mp4,1,0.48073757
/home/tianlong/Downloads//test/cqiyijvrcj.mp4,1,0.2272857
/home/tianlong/Downloads//test/wypdykzzma.mp4,1,0.16939703
/home/tianlong/Downloads//test/zdurkznxhi.mp4,1,0.49237564
/home/tianlong/Downloads//test/llwjpzzrur.mp4,1,0.6015924
/home/tianlong/Downloads//test/stmqpsakem.mp4,1,0.43835846
/home/tianlong/Downloads//test/hqfxruqynj.mp4,1,0.27822137
/home/tianlong/Downloads//test/cotxffvovx.mp4,1,0.2601408
/home/tianlong/Downloads//test/yiwyejujhz.mp4,1,0.5734867
/home/tianlong/Downloads//test/azkhkminwu.mp4,1,0.21170048
/home/tianlong/Downloads//test/yoicqcpxgm.mp4,1,0.41210103
/home/tianlong/Downloads//test/kcpamicxjs.mp4,1,0.3438673
/home/tianlong/Downloads//test/mbnvlpwewk.mp4,1,0.15620197
/home/tianlong/Downloads//test/wjqdwzowcg.mp4,1,0.39831766
/home/tianlong/Downloads//test/vqtspwkgwe.mp4,1,0.29918697
/home/tianlong/Downloads//test/rurhyzsnyi.mp4,1,0.45789245
/home/tianlong/Downloads//test/sipuxpudya.mp4,1,0.124249436
/home/tianlong/Downloads//test/scchmtbzar.mp4,1,0.5843492
/home/tianlong/Downloads//test/qyhlzalxzm.mp4,1,0.3355537
/home/tianlong/Downloads//test/ektrtuwidv.mp4,1,0.49340853
/home/tianlong/Downloads//test/scbfkrlytb.mp4,1,0.53766584
/home/tianlong/Downloads//test/kxnsmwhqtl.mp4,1,0.30071226
/home/tianlong/Downloads//test/fiayeurvwb.mp4,1,0.33828214
/home/tianlong/Downloads//test/xpuntxtdbs.mp4,1,0.40836254
/home/tianlong/Downloads//test/edvyxmzpoy.mp4,1,0.574234
/home/tianlong/Downloads//test/thnywrwayf.mp4,1,0.27107483
/home/tianlong/Downloads//test/xojauzdavy.mp4,1,0.42427632
/home/tianlong/Downloads//test/kaajaxzivt.mp4,1,0.28900304
/home/tianlong/Downloads//test/fmvdkhucsz.mp4,1,0.5468945
/home/tianlong/Downloads//test/mdkqmouddq.mp4,1,0.4967734
/home/tianlong/Downloads//test/ehtvcnlsfl.mp4,1,0.16024582
/home/tianlong/Downloads//test/iizsrcugyd.mp4,1,0.29236776
/home/tianlong/Downloads//test/hurlxdpsxl.mp4,1,0.43030295
/home/tianlong/Downloads//test/rvfhfbutlx.mp4,1,0.6337247
/home/tianlong/Downloads//test/ycxkcnwrbw.mp4,1,0.24268919
/home/tianlong/Downloads//test/jrmgqzgcmj.mp4,1,0.27964517
/home/tianlong/Downloads//test/cinrseylyp.mp4,1,0.31540132
/home/tianlong/Downloads//test/uhvmrfksax.mp4,1,0.20738202
/home/tianlong/Downloads//test/djjdzsivvi.mp4,1,0.46239546
/home/tianlong/Downloads//test/pmulgdcejl.mp4,1,0.59151185
/home/tianlong/Downloads//test/ngvbaolyub.mp4,1,0.34770215
/home/tianlong/Downloads//test/kpyyjmxmoj.mp4,1,0.43258223
/home/tianlong/Downloads//test/xhizcimlzp.mp4,1,0.33782172
/home/tianlong/Downloads//test/ulygywporv.mp4,1,0.26178163
/home/tianlong/Downloads//test/psunkvudmg.mp4,1,0.53313464
/home/tianlong/Downloads//test/ctarrlrgdy.mp4,1,0.23703621
/home/tianlong/Downloads//test/hdzygqltzu.mp4,1,0.43253437
/home/tianlong/Downloads//test/rvtfddfweu.mp4,1,0.16968401
/home/tianlong/Downloads//test/kaeouvuasm.mp4,1,0.19216776
/home/tianlong/Downloads//test/rzivzpozjr.mp4,1,0.44597083
/home/tianlong/Downloads//test/stfqbsbvfy.mp4,1,0.3114584
/home/tianlong/Downloads//test/qbhoufagsa.mp4,1,0.4332034
/home/tianlong/Downloads//test/xycfzkbnhy.mp4,1,0.5064262
/home/tianlong/Downloads//test/zudnvkagjk.mp4,1,0.5820001
/home/tianlong/Downloads//test/feaqnlczwc.mp4,1,0.17475826
/home/tianlong/Downloads//test/rqviqcsbzw.mp4,1,0.52512974
/home/tianlong/Downloads//test/dhfcwchsir.mp4,1,0.19319217
/home/tianlong/Downloads//test/cglpyitrzw.mp4,1,0.28160274
/home/tianlong/Downloads//test/yjypqyrhyi.mp4,1,0.60678
/home/tianlong/Downloads//test/fokuimoqkh.mp4,1,0.3525399
/home/tianlong/Downloads//test/xzouvgiqha.mp4,1,0.5363028
/home/tianlong/Downloads//test/qyjbhkeqes.mp4,1,0.52298146
/home/tianlong/Downloads//test/phngwcpbqw.mp4,1,0.14831795
/home/tianlong/Downloads//test/rjcjcdkzkw.mp4,1,0.47214687
/home/tianlong/Downloads//test/legilvljip.mp4,1,0.56405383
/home/tianlong/Downloads//test/bukegrztbb.mp4,1,0.37351274
/home/tianlong/Downloads//test/yvaxmtbtgx.mp4,1,0.24214545
/home/tianlong/Downloads//test/saljlsmnet.mp4,1,0.6654615
/home/tianlong/Downloads//test/ezupajzwdl.mp4,1,0.6092374
/home/tianlong/Downloads//test/xeszevnech.mp4,1,0.09385866
/home/tianlong/Downloads//test/fbqwomdehr.mp4,1,0.4795721
/home/tianlong/Downloads//test/itdywxjknn.mp4,1,0.5851403
/home/tianlong/Downloads//test/zwupuzlefv.mp4,1,0.46981284
/home/tianlong/Downloads//test/qcrofjquht.mp4,1,0.2730711
/home/tianlong/Downloads//test/jblkcfejih.mp4,1,0.10480843
/home/tianlong/Downloads//test/howruupkxw.mp4,1,0.28693143
/home/tianlong/Downloads//test/xslxboadvn.mp4,1,0.3127885
/home/tianlong/Downloads//test/rzykslnkdi.mp4,1,0.17356083
/home/tianlong/Downloads//test/govjvzfbcj.mp4,1,0.26051834
/home/tianlong/Downloads//test/fwbvksfidm.mp4,1,0.456008
/home/tianlong/Downloads//test/khokwspqph.mp4,1,0.37911192
/home/tianlong/Downloads//test/sslrtrxyaj.mp4,1,0.16265549
/home/tianlong/Downloads//test/zdmknyhzoo.mp4,1,0.10832952
/home/tianlong/Downloads//test/rzjpckpslj.mp4,1,0.23123315
/home/tianlong/Downloads//test/pscilvlcfe.mp4,1,0.45084816
/home/tianlong/Downloads//test/rlwkdhgoqw.mp4,1,0.73266774
/home/tianlong/Downloads//test/cmpkopoabr.mp4,1,0.40326464
/home/tianlong/Downloads//test/dbljnexmlf.mp4,1,0.47146252
/home/tianlong/Downloads//test/atfuphvjft.mp4,1,0.41872042
/home/tianlong/Downloads//test/zdldobedod.mp4,1,0.16158529
/home/tianlong/Downloads//test/iknfqmugud.mp4,1,0.2670332
/home/tianlong/Downloads//test/whusuiiqmt.mp4,1,0.34451234
/home/tianlong/Downloads//test/ksrnzzbcsz.mp4,1,0.4056982
/home/tianlong/Downloads//test/xxhuecshhw.mp4,1,0.13696705
/home/tianlong/Downloads//test/okmlcbefeu.mp4,1,0.4237425
/home/tianlong/Downloads//test/xryrhuskyd.mp4,1,0.35186505
/home/tianlong/Downloads//test/wevygelkrl.mp4,1,0.54276776
/home/tianlong/Downloads//test/rdpausigpg.mp4,1,0.45640743
/home/tianlong/Downloads//test/fdziwiuoer.mp4,1,0.35387027
/home/tianlong/Downloads//test/kykmrtoitd.mp4,1,0.5042536
/home/tianlong/Downloads//test/eacsjvcmlp.mp4,1,0.36575818
/home/tianlong/Downloads//test/asvuutypvz.mp4,1,0.47420502
/home/tianlong/Downloads//test/nucqorkejg.mp4,1,0.5922363
/home/tianlong/Downloads//test/ctpexqamtx.mp4,1,0.6288885
/home/tianlong/Downloads//test/vnsxdkjjtk.mp4,1,0.3121013
/home/tianlong/Downloads//test/cktsyobheu.mp4,1,0.57001644
/home/tianlong/Downloads//test/kccicuhxgk.mp4,1,0.6871934
/home/tianlong/Downloads//test/qckjihxoze.mp4,1,0.30009466
/home/tianlong/Downloads//test/gvqtnedfso.mp4,1,0.13957882
/home/tianlong/Downloads//test/ajxkvlpgov.mp4,1,0.47885782
/home/tianlong/Downloads//test/srlilcjhaf.mp4,1,0.49394566
/home/tianlong/Downloads//test/qfjxksudna.mp4,1,0.3463861
/home/tianlong/Downloads//test/hstvglyexy.mp4,1,0.4159655
/home/tianlong/Downloads//test/jyyvhnsyys.mp4,1,0.42809966
/home/tianlong/Downloads//test/whxqigkgyk.mp4,1,0.7222037
/home/tianlong/Downloads//test/mqzrlecakr.mp4,1,0.5237362
/home/tianlong/Downloads//test/aeplbqxnge.mp4,1,0.14421788
/home/tianlong/Downloads//test/inwaznexiv.mp4,1,0.37514606
/home/tianlong/Downloads//test/anfupdhmyr.mp4,1,0.37742147
/home/tianlong/Downloads//test/wbvlgevkmb.mp4,1,0.37322804
/home/tianlong/Downloads//test/uiykwgaarz.mp4,1,0.45897895
/home/tianlong/Downloads//test/nvarnevska.mp4,1,0.37463433
/home/tianlong/Downloads//test/ooczenomzk.mp4,1,0.42153355
/home/tianlong/Downloads//test/qtjuhlppot.mp4,1,0.4927976
/home/tianlong/Downloads//test/drqtyzvhdd.mp4,1,0.37281817
/home/tianlong/Downloads//test/ytljvippwv.mp4,1,0.8099005
/home/tianlong/Downloads//test/skrqoagxle.mp4,1,0.6299524
/home/tianlong/Downloads//test/shwkznunyp.mp4,1,0.2571348
/home/tianlong/Downloads//test/tlsoagxovk.mp4,1,0.5494139
/home/tianlong/Downloads//test/enpshnkugu.mp4,1,0.45609418
/home/tianlong/Downloads//test/vitjdpnfpi.mp4,1,0.54228306
/home/tianlong/Downloads//test/jovrnujurf.mp4,1,0.6144991
/home/tianlong/Downloads//test/sbwemwjlsl.mp4,1,0.4927373
/home/tianlong/Downloads//test/uclzxnftij.mp4,1,0.19759162
/home/tianlong/Downloads//test/sdqjjttckw.mp4,1,0.22284463
/home/tianlong/Downloads//test/wtmggpeiom.mp4,1,0.22390404
