Video,Label,Prediction
/home/tianlong/Downloads//test/myvwyfdnxu.mp4,0,0.5837971
/home/tianlong/Downloads//test/uxgkqpiykp.mp4,0,0.00020510652
/home/tianlong/Downloads//test/qyscponfaf.mp4,0,0.86153114
/home/tianlong/Downloads//test/tmgmbnzrrz.mp4,0,0.99815893
/home/tianlong/Downloads//test/wfmeffvvce.mp4,0,0.05320908
/home/tianlong/Downloads//test/fwrcfaglhz.mp4,0,0.051346727
/home/tianlong/Downloads//test/itfzfpuilx.mp4,0,5.4563383e-08
/home/tianlong/Downloads//test/wupoiiknff.mp4,0,9.353625e-12
/home/tianlong/Downloads//test/dscprfjses.mp4,0,0.8132526
/home/tianlong/Downloads//test/ofntcunuqn.mp4,0,0.7463716
/home/tianlong/Downloads//test/imnzannmcr.mp4,0,1.4245489e-06
/home/tianlong/Downloads//test/jidkzoagws.mp4,0,0.24135263
/home/tianlong/Downloads//test/nkpqkddsgt.mp4,0,0.008081511
/home/tianlong/Downloads//test/xqmrrciral.mp4,0,5.3705224e-07
/home/tianlong/Downloads//test/ykfllpyawg.mp4,0,0.9987645
/home/tianlong/Downloads//test/bpieoyctzo.mp4,0,0.006592998
/home/tianlong/Downloads//test/wjrepvzlsv.mp4,0,0.590031
/home/tianlong/Downloads//test/voucpidonq.mp4,0,0.0003180569
/home/tianlong/Downloads//test/fxfxtrrkeq.mp4,0,0.9241109
/home/tianlong/Downloads//test/qggfpdkyzi.mp4,0,0.7584909
/home/tianlong/Downloads//test/xyucutnxhz.mp4,0,1.7061641e-09
/home/tianlong/Downloads//test/rkxepdkger.mp4,0,7.706867e-06
/home/tianlong/Downloads//test/fxxpxoqoxp.mp4,0,1.6122646e-06
/home/tianlong/Downloads//test/jkxxwfycsj.mp4,0,0.8064748
/home/tianlong/Downloads//test/qbearsyziz.mp4,0,0.9348914
/home/tianlong/Downloads//test/kyrbveruev.mp4,0,0.010145911
/home/tianlong/Downloads//test/pdyrvsvwyi.mp4,0,0.468565
/home/tianlong/Downloads//test/bpxxmxuvuy.mp4,0,0.49153787
/home/tianlong/Downloads//test/ekxsduhvwh.mp4,0,4.5797113e-09
/home/tianlong/Downloads//test/ocsqqqduxx.mp4,0,0.17224275
/home/tianlong/Downloads//test/qufzdwetss.mp4,0,0.70005554
/home/tianlong/Downloads//test/vwqrtxbwye.mp4,0,1.0
/home/tianlong/Downloads//test/zuduvanawx.mp4,0,9.0466645e-05
/home/tianlong/Downloads//test/rkjhxvdnsv.mp4,0,0.5697563
/home/tianlong/Downloads//test/hpcivouyku.mp4,0,0.39679226
/home/tianlong/Downloads//test/vgndywbmgf.mp4,0,0.0071377815
/home/tianlong/Downloads//test/hfgczdzbix.mp4,0,2.743146e-11
/home/tianlong/Downloads//test/rwehwmmutn.mp4,0,0.63289535
/home/tianlong/Downloads//test/jyfnzyvznx.mp4,0,1.8698018e-10
/home/tianlong/Downloads//test/jxpodcendq.mp4,0,0.6167139
/home/tianlong/Downloads//test/kgynainlug.mp4,0,0.0021724054
/home/tianlong/Downloads//test/hqgervpkkf.mp4,0,0.32479614
/home/tianlong/Downloads//test/defeqlyysh.mp4,0,0.6817972
/home/tianlong/Downloads//test/xzkwbswkao.mp4,0,0.5497092
/home/tianlong/Downloads//test/hhdblnxhtj.mp4,0,0.0015307509
/home/tianlong/Downloads//test/oaptmwroki.mp4,0,1.0
/home/tianlong/Downloads//test/djlkkqmjkk.mp4,0,8.748916e-05
/home/tianlong/Downloads//test/motfposykz.mp4,0,0.5369897
/home/tianlong/Downloads//test/shvfupmrho.mp4,0,1.0651143e-05
/home/tianlong/Downloads//test/escwmsthiz.mp4,0,0.21607694
/home/tianlong/Downloads//test/ctpypmzfnl.mp4,0,3.455406e-12
/home/tianlong/Downloads//test/sjqrdyzkgl.mp4,0,0.20729017
/home/tianlong/Downloads//test/ddrjnwlugg.mp4,0,9.324504e-14
/home/tianlong/Downloads//test/hxfqltenqh.mp4,0,0.0007896862
/home/tianlong/Downloads//test/umerhoubxw.mp4,0,1.2872581e-08
/home/tianlong/Downloads//test/jxrpqynwlt.mp4,0,0.18831363
/home/tianlong/Downloads//test/hprzotbjtj.mp4,0,0.97892463
/home/tianlong/Downloads//test/cqewayywpg.mp4,0,0.95357144
/home/tianlong/Downloads//test/nvptcoxzah.mp4,0,0.3411544
/home/tianlong/Downloads//test/uvzlfuxalu.mp4,0,0.012763359
/home/tianlong/Downloads//test/mfcbgbcuvb.mp4,0,1.4780406e-12
/home/tianlong/Downloads//test/tmtoypmqwt.mp4,0,0.20894614
/home/tianlong/Downloads//test/bsjucwhlrj.mp4,0,0.78727096
/home/tianlong/Downloads//test/hlsubhyoea.mp4,0,1.0838893e-09
/home/tianlong/Downloads//test/deslnszgpy.mp4,0,3.1421524e-07
/home/tianlong/Downloads//test/tfwdbkwvgz.mp4,0,0.46587262
/home/tianlong/Downloads//test/ufxafdxpat.mp4,0,0.0023487883
/home/tianlong/Downloads//test/lmacrzidyh.mp4,0,0.00049877394
/home/tianlong/Downloads//test/wyiajvmitt.mp4,0,3.2750287e-09
/home/tianlong/Downloads//test/xbdnqfbxcv.mp4,0,0.91445315
/home/tianlong/Downloads//test/mhfnldxixw.mp4,0,0.46221805
/home/tianlong/Downloads//test/pfiigjlcct.mp4,0,0.7576533
/home/tianlong/Downloads//test/ldtibsniik.mp4,0,0.48710808
/home/tianlong/Downloads//test/gwzttezkpv.mp4,0,0.97932994
/home/tianlong/Downloads//test/pevmkpamhv.mp4,0,0.4399268
/home/tianlong/Downloads//test/zcfpsnaujx.mp4,0,1.1758174e-05
/home/tianlong/Downloads//test/slvcfpalev.mp4,0,0.9995473
/home/tianlong/Downloads//test/ctdwtfcjei.mp4,0,0.5961534
/home/tianlong/Downloads//test/vxwsisekmb.mp4,0,0.014635866
/home/tianlong/Downloads//test/pkoadvlpga.mp4,0,1.745529e-24
/home/tianlong/Downloads//test/ofapaanpkl.mp4,0,2.7890408e-09
/home/tianlong/Downloads//test/huzryvwrfa.mp4,0,0.94215214
/home/tianlong/Downloads//test/knjoasqzvt.mp4,0,0.78098905
/home/tianlong/Downloads//test/cedpyannqf.mp4,0,0.99965495
/home/tianlong/Downloads//test/mdwtpvlbrz.mp4,0,3.8464255e-05
/home/tianlong/Downloads//test/hfcxlucrbj.mp4,0,0.0028468687
/home/tianlong/Downloads//test/wbsajsyaej.mp4,0,0.0003772536
/home/tianlong/Downloads//test/tbqrwehekx.mp4,0,0.009808704
/home/tianlong/Downloads//test/shslgpeisw.mp4,0,3.2710798e-07
/home/tianlong/Downloads//test/epgfqrvwlr.mp4,0,1.3708853e-15
/home/tianlong/Downloads//test/fduhwlydlg.mp4,0,0.35612696
/home/tianlong/Downloads//test/cpmridjxbc.mp4,0,4.675804e-06
/home/tianlong/Downloads//test/kphflojove.mp4,0,0.0018387716
/home/tianlong/Downloads//test/hlcpwfwcyw.mp4,0,0.86096114
/home/tianlong/Downloads//test/bpeemkcxad.mp4,0,0.0008668721
/home/tianlong/Downloads//test/jkadnvoqhk.mp4,0,0.97681415
/home/tianlong/Downloads//test/lzzpsosige.mp4,0,0.20002754
/home/tianlong/Downloads//test/pxtwhbaxjq.mp4,0,0.7888125
/home/tianlong/Downloads//test/pxgcsltbuo.mp4,0,5.3688655e-14
/home/tianlong/Downloads//test/gmepmwcgwg.mp4,0,0.001689652
/home/tianlong/Downloads//test/tnetytnegv.mp4,0,4.312088e-21
/home/tianlong/Downloads//test/sxmqvznwwq.mp4,0,0.00012755522
/home/tianlong/Downloads//test/partcfzlbj.mp4,0,0.19982448
/home/tianlong/Downloads//test/tnkmovifrb.mp4,0,1.0
/home/tianlong/Downloads//test/dpgznlwvpx.mp4,0,4.4753277e-13
/home/tianlong/Downloads//test/mbpbbekqks.mp4,0,0.25319624
/home/tianlong/Downloads//test/hdbejalgtx.mp4,0,3.6488314e-06
/home/tianlong/Downloads//test/bmdiaytrcm.mp4,0,0.16540045
/home/tianlong/Downloads//test/yghxoihrle.mp4,0,0.18190634
/home/tianlong/Downloads//test/vcgelshrli.mp4,0,0.79934275
/home/tianlong/Downloads//test/yvdnbmbwyh.mp4,0,0.008534273
/home/tianlong/Downloads//test/kmakhupeac.mp4,0,0.003835089
/home/tianlong/Downloads//test/ccevbixrwu.mp4,0,0.1973718
/home/tianlong/Downloads//test/edavfjsjzw.mp4,0,0.11131988
/home/tianlong/Downloads//test/znmzmierff.mp4,0,0.002933536
/home/tianlong/Downloads//test/kiotoqmmfj.mp4,0,1.0
/home/tianlong/Downloads//test/nqctdktbtb.mp4,0,0.67413837
/home/tianlong/Downloads//test/inneixkosf.mp4,0,0.38692182
/home/tianlong/Downloads//test/occrrsyizc.mp4,0,0.99999964
/home/tianlong/Downloads//test/zfecmsiodq.mp4,0,0.030642182
/home/tianlong/Downloads//test/haknpmhigp.mp4,0,1.7266282e-07
/home/tianlong/Downloads//test/zjbwxmmrgk.mp4,0,4.205318e-13
/home/tianlong/Downloads//test/qgpabkriss.mp4,0,0.745997
/home/tianlong/Downloads//test/liureznisp.mp4,0,0.0071632727
/home/tianlong/Downloads//test/bzdywpajvr.mp4,0,0.00024639306
/home/tianlong/Downloads//test/jniytngcmy.mp4,0,0.2487814
/home/tianlong/Downloads//test/idklchvhxp.mp4,0,0.72734475
/home/tianlong/Downloads//test/pijzjjchqn.mp4,0,1.0
/home/tianlong/Downloads//test/pjnsejazpl.mp4,0,1.3751168e-12
/home/tianlong/Downloads//test/gpaqoqegbn.mp4,0,0.0005287323
/home/tianlong/Downloads//test/xsxwrwvfkg.mp4,0,0.010211741
/home/tianlong/Downloads//test/arwefyghir.mp4,0,0.5577615
/home/tianlong/Downloads//test/ptgvxdueef.mp4,0,8.987964e-09
/home/tianlong/Downloads//test/plljpjscih.mp4,0,3.1134977e-07
/home/tianlong/Downloads//test/jozfaxodnx.mp4,0,0.6620301
/home/tianlong/Downloads//test/girdwtjwsr.mp4,0,0.3756156
/home/tianlong/Downloads//test/jbaahohsns.mp4,0,0.4537589
/home/tianlong/Downloads//test/uetfcmaryk.mp4,0,0.86325705
/home/tianlong/Downloads//test/oqbltrmhvt.mp4,0,0.024764363
/home/tianlong/Downloads//test/dvtzvkcrku.mp4,0,0.48972407
/home/tianlong/Downloads//test/qjilklnynm.mp4,0,7.492381e-17
/home/tianlong/Downloads//test/tcsdjwbihw.mp4,0,0.0032935631
/home/tianlong/Downloads//test/zhftwvtutp.mp4,0,0.07561349
/home/tianlong/Downloads//test/xgktqwvknw.mp4,0,8.12442e-13
/home/tianlong/Downloads//test/cdeesuuuqz.mp4,0,0.9999858
/home/tianlong/Downloads//test/ymngcysczs.mp4,0,1.5673149e-11
/home/tianlong/Downloads//test/gctyynjruz.mp4,0,1.2191315e-08
/home/tianlong/Downloads//test/vkirqaiuoc.mp4,0,8.004613e-09
/home/tianlong/Downloads//test/ykywskdwlc.mp4,0,0.010860926
/home/tianlong/Downloads//test/verpxkucoi.mp4,0,0.99075615
/home/tianlong/Downloads//test/gpsqelalbp.mp4,0,0.697299
/home/tianlong/Downloads//test/paorozwtbf.mp4,0,5.353659e-15
/home/tianlong/Downloads//test/iaaecuquha.mp4,0,0.43784294
/home/tianlong/Downloads//test/lmgdjtzwau.mp4,0,0.54278827
/home/tianlong/Downloads//test/tayykmblhg.mp4,0,0.50504446
/home/tianlong/Downloads//test/hpurahupjh.mp4,0,8.200856e-06
/home/tianlong/Downloads//test/uutxmgqajd.mp4,0,2.2493954e-10
/home/tianlong/Downloads//test/rbkcpkwhjn.mp4,0,6.119407e-07
/home/tianlong/Downloads//test/wtnloygygs.mp4,0,4.9246843e-15
/home/tianlong/Downloads//test/biborxaekt.mp4,0,1.1237743e-05
/home/tianlong/Downloads//test/drlnvwvvuw.mp4,0,8.500133e-07
/home/tianlong/Downloads//test/axutpjywuu.mp4,0,0.1999489
/home/tianlong/Downloads//test/jbcnsmlysc.mp4,0,2.312646e-15
/home/tianlong/Downloads//test/ilzhgraxpl.mp4,0,5.2730525e-11
/home/tianlong/Downloads//test/cwqhzuhjol.mp4,0,0.73304987
/home/tianlong/Downloads//test/tlzordotqw.mp4,0,0.0036505628
/home/tianlong/Downloads//test/hdauuytvhx.mp4,0,0.40414476
/home/tianlong/Downloads//test/rtiyduycrn.mp4,0,0.399359
/home/tianlong/Downloads//test/mdsmgzaltc.mp4,0,0.0032167733
/home/tianlong/Downloads//test/mnlxxoicoo.mp4,0,0.1865767
/home/tianlong/Downloads//test/ksfuiztwuc.mp4,0,0.87884855
/home/tianlong/Downloads//test/tpjydgkvdt.mp4,0,1.1742755e-07
/home/tianlong/Downloads//test/nmjesbwiux.mp4,0,5.302381e-14
/home/tianlong/Downloads//test/egzfaoiuwo.mp4,0,1.0011228e-13
/home/tianlong/Downloads//test/ucmfbukrkj.mp4,0,0.4360879
/home/tianlong/Downloads//test/aoqzxlwvmi.mp4,0,3.735426e-09
/home/tianlong/Downloads//test/zzjfzeuizr.mp4,0,0.02634519
/home/tianlong/Downloads//test/aunokqsmrt.mp4,0,0.40142632
/home/tianlong/Downloads//test/kudvvlgiff.mp4,0,4.509937e-16
/home/tianlong/Downloads//test/qqwsabrgxh.mp4,0,0.9938203
/home/tianlong/Downloads//test/pvsslamopo.mp4,0,0.7998293
/home/tianlong/Downloads//test/kawxnfacqs.mp4,0,0.4957715
/home/tianlong/Downloads//test/lxeqbyddvt.mp4,0,3.4926634e-10
/home/tianlong/Downloads//test/zylribcaeu.mp4,0,0.4260134
/home/tianlong/Downloads//test/sghdekqnnn.mp4,0,0.78973174
/home/tianlong/Downloads//test/msbqgoxxlh.mp4,0,0.00396477
/home/tianlong/Downloads//test/ubbzrfgzer.mp4,0,0.9021696
/home/tianlong/Downloads//test/vuofhivyfs.mp4,0,0.9970949
/home/tianlong/Downloads//test/xirrbpmlja.mp4,0,2.752518e-05
/home/tianlong/Downloads//test/appvffejyy.mp4,0,0.007869382
/home/tianlong/Downloads//test/nzepxsbotb.mp4,0,9.8458805e-14
/home/tianlong/Downloads//test/nkqkvwpghi.mp4,0,0.79867756
/home/tianlong/Downloads//test/vdvffooule.mp4,0,0.62603486
/home/tianlong/Downloads//test/rayhrvqorn.mp4,0,4.038747e-07
/home/tianlong/Downloads//test/cslfapvyjv.mp4,0,1.3592412e-13
/home/tianlong/Downloads//test/rmygsfjyvt.mp4,0,0.4749051
/home/tianlong/Downloads//test/yhbhhibwzo.mp4,0,0.33350372
/home/tianlong/Downloads//test/vlxfyuzygn.mp4,0,0.7991274
/home/tianlong/Downloads//test/zefqhoewww.mp4,0,2.1373051e-13
/home/tianlong/Downloads//test/vptrrrmhyb.mp4,0,0.778303
/home/tianlong/Downloads//test/cefolmrrlx.mp4,0,0.16459113
/home/tianlong/Downloads//test/xzmplldajk.mp4,0,0.60114497
/home/tianlong/Downloads//test/hrznynemfj.mp4,0,0.6499324
/home/tianlong/Downloads//test/tkxblcleyd.mp4,0,0.49238196
/home/tianlong/Downloads//test/tlxgwzheli.mp4,0,0.0014841694
/home/tianlong/Downloads//test/qvgutokvct.mp4,0,0.16106236
/home/tianlong/Downloads//test/tcwyxrvdpe.mp4,0,7.759597e-07
/home/tianlong/Downloads//test/jwrypvpvpx.mp4,0,8.651736e-05
/home/tianlong/Downloads//test/bpyjsrjcro.mp4,0,0.71235245
/home/tianlong/Downloads//test/avteqdmbob.mp4,0,0.67821264
/home/tianlong/Downloads//test/aaivbtdyjn.mp4,0,0.00019301794
/home/tianlong/Downloads//test/pokctfragw.mp4,0,0.0060031065
/home/tianlong/Downloads//test/vgdllmzjcw.mp4,0,0.49660206
/home/tianlong/Downloads//test/zdlhavfmit.mp4,0,0.8855475
/home/tianlong/Downloads//test/yupsrmckii.mp4,0,0.68803513
/home/tianlong/Downloads//test/pobpsxjbzg.mp4,0,8.983059e-10
/home/tianlong/Downloads//test/lkvouattut.mp4,0,1.0128224e-10
/home/tianlong/Downloads//test/anjzzdyhno.mp4,0,4.5507062e-05
/home/tianlong/Downloads//test/jvihmimqca.mp4,0,0.101710655
/home/tianlong/Downloads//test/wnoitecfmf.mp4,0,2.2918787e-08
/home/tianlong/Downloads//test/gbvllwqbjl.mp4,0,0.69706416
/home/tianlong/Downloads//test/gzabjmglim.mp4,0,0.82039243
/home/tianlong/Downloads//test/paqcbtdulm.mp4,0,0.0006361351
/home/tianlong/Downloads//test/jcbbrqaaaq.mp4,0,4.306941e-10
/home/tianlong/Downloads//test/nsavbywhlu.mp4,0,0.21802127
/home/tianlong/Downloads//test/zwfebeiqat.mp4,0,0.055889636
/home/tianlong/Downloads//test/pimrsfwcwm.mp4,0,0.43908262
/home/tianlong/Downloads//test/mrvdmwcblt.mp4,0,0.77594846
/home/tianlong/Downloads//test/hedetzyqpu.mp4,0,0.7664156
/home/tianlong/Downloads//test/qytaiboeep.mp4,0,0.118649706
/home/tianlong/Downloads//test/famavifufv.mp4,0,1.8925268e-05
/home/tianlong/Downloads//test/hnselekxwv.mp4,0,0.032943502
/home/tianlong/Downloads//test/emgciwmtuj.mp4,0,1.2509543e-09
/home/tianlong/Downloads//test/wbmvbetcdm.mp4,0,6.203704e-10
/home/tianlong/Downloads//test/mpvnvvihzp.mp4,0,0.65902674
/home/tianlong/Downloads//test/zelgpxflfe.mp4,0,0.08586728
/home/tianlong/Downloads//test/lhjcdavmmg.mp4,0,0.25601688
/home/tianlong/Downloads//test/rxtqqoncwj.mp4,0,0.80992395
/home/tianlong/Downloads//test/shrpamtirw.mp4,0,0.99999344
/home/tianlong/Downloads//test/qhzlgrtgto.mp4,0,8.3458245e-09
/home/tianlong/Downloads//test/uuzyzglejw.mp4,0,0.6021707
/home/tianlong/Downloads//test/bmnpqrwnex.mp4,0,7.811998e-12
/home/tianlong/Downloads//test/dtssdnhgiw.mp4,0,0.39317697
/home/tianlong/Downloads//test/rlhmppiklf.mp4,0,0.24960281
/home/tianlong/Downloads//test/sswhgeqjrt.mp4,0,0.0003632899
/home/tianlong/Downloads//test/emxqsgqtdz.mp4,0,0.99842244
/home/tianlong/Downloads//test/bcwtjzsutw.mp4,0,0.99580735
/home/tianlong/Downloads//test/uomfimsutw.mp4,0,0.37464213
/home/tianlong/Downloads//test/mztlucosuc.mp4,0,8.264115e-05
/home/tianlong/Downloads//test/ntcfyojagi.mp4,0,2.4125844e-16
/home/tianlong/Downloads//test/wrbuiboyat.mp4,0,0.25822663
/home/tianlong/Downloads//test/xiqecarvpb.mp4,0,8.67098e-06
/home/tianlong/Downloads//test/fcvzlzfufb.mp4,0,0.7909653
/home/tianlong/Downloads//test/savqrjnncg.mp4,0,0.9523641
/home/tianlong/Downloads//test/icqmqztbry.mp4,0,1.0
/home/tianlong/Downloads//test/zzrmokkxka.mp4,0,0.0008031183
/home/tianlong/Downloads//test/btgxrrldio.mp4,0,0.00038218
/home/tianlong/Downloads//test/zdnepyqjiy.mp4,0,0.18734209
/home/tianlong/Downloads//test/fybiztpnrc.mp4,0,0.0021930914
/home/tianlong/Downloads//test/parqhrknkf.mp4,0,0.022901032
/home/tianlong/Downloads//test/tvffpggbrc.mp4,0,0.5504098
/home/tianlong/Downloads//test/rtpuwtrxsr.mp4,0,0.28038836
/home/tianlong/Downloads//test/tgmqfzsznf.mp4,0,0.53700686
/home/tianlong/Downloads//test/eqabuehals.mp4,0,7.8038255e-07
/home/tianlong/Downloads//test/ikebomnsiq.mp4,0,8.8125475e-05
/home/tianlong/Downloads//test/wfzxrfxohw.mp4,0,4.1673375e-05
/home/tianlong/Downloads//test/dqfgwejsvm.mp4,0,2.2006365e-05
/home/tianlong/Downloads//test/lxadgjqzbf.mp4,0,0.5989604
/home/tianlong/Downloads//test/tdahgbtenl.mp4,0,0.015607169
/home/tianlong/Downloads//test/bivzhsmrqo.mp4,0,0.14327379
/home/tianlong/Downloads//test/vzxluflrhn.mp4,0,5.2247005e-06
/home/tianlong/Downloads//test/ikmsdmynbf.mp4,0,3.7998312e-08
/home/tianlong/Downloads//test/kuqbgbrypa.mp4,0,1.0
/home/tianlong/Downloads//test/nfstajzaot.mp4,0,0.04758589
/home/tianlong/Downloads//test/dultiznosk.mp4,0,0.064289235
/home/tianlong/Downloads//test/ckqfqernbf.mp4,0,0.20004392
/home/tianlong/Downloads//test/kbdwudhhwf.mp4,0,1.1513541e-05
/home/tianlong/Downloads//test/hqpjmwyygq.mp4,0,7.989801e-20
/home/tianlong/Downloads//test/tjyuudtkme.mp4,0,0.11106287
/home/tianlong/Downloads//test/tihgxlmfcj.mp4,0,0.7821542
/home/tianlong/Downloads//test/sgdnbofecu.mp4,0,0.12645671
/home/tianlong/Downloads//test/pgamqeolau.mp4,0,1.4277495e-16
/home/tianlong/Downloads//test/ijeqomctsa.mp4,0,1.0588947e-20
/home/tianlong/Downloads//test/ppruxbqpmc.mp4,0,0.3993466
/home/tianlong/Downloads//test/hkvfyeacje.mp4,0,1.0234299e-10
/home/tianlong/Downloads//test/zqrzqekofe.mp4,0,0.61123395
/home/tianlong/Downloads//test/iwzbgmtsuh.mp4,0,0.15521908
/home/tianlong/Downloads//test/dbixwxtuxs.mp4,0,0.8907722
/home/tianlong/Downloads//test/cepqcoseaj.mp4,0,1.81659e-07
/home/tianlong/Downloads//test/gypapuqdrx.mp4,0,0.03230027
/home/tianlong/Downloads//test/djhhnixfyi.mp4,0,0.0471643
/home/tianlong/Downloads//test/fkarxowzuf.mp4,0,0.012070648
/home/tianlong/Downloads//test/gfxnuidfgl.mp4,0,1.6200967e-05
/home/tianlong/Downloads//test/vsreebjsfs.mp4,0,3.064812e-05
/home/tianlong/Downloads//test/manqchicur.mp4,0,0.59638417
/home/tianlong/Downloads//test/gztffgsxpt.mp4,0,0.00010491193
/home/tianlong/Downloads//test/jdzkykqgsx.mp4,0,3.890963e-09
/home/tianlong/Downloads//test/cvbubcwkkl.mp4,0,3.0303463e-15
/home/tianlong/Downloads//test/bgqhldvsgc.mp4,0,0.47758588
/home/tianlong/Downloads//test/blqgpxokwq.mp4,0,0.6485511
/home/tianlong/Downloads//test/cxvayntesu.mp4,0,0.0034859187
/home/tianlong/Downloads//test/dxepehnhgm.mp4,0,0.99999964
/home/tianlong/Downloads//test/bcgjlsupne.mp4,0,3.0769212e-09
/home/tianlong/Downloads//test/uhynwthfhf.mp4,0,0.023238609
/home/tianlong/Downloads//test/gocrdvihos.mp4,0,2.6739486e-10
/home/tianlong/Downloads//test/gtyvtbojpp.mp4,0,0.014361665
/home/tianlong/Downloads//test/eqtwkqxolz.mp4,0,2.2852083e-12
/home/tianlong/Downloads//test/arwiyweadv.mp4,0,1.3015961e-05
/home/tianlong/Downloads//test/mlizcisxro.mp4,0,1.9477877e-14
/home/tianlong/Downloads//test/miiymgajty.mp4,0,0.99944365
/home/tianlong/Downloads//test/ragjclplkx.mp4,0,0.21985814
/home/tianlong/Downloads//test/wxrfuemtxj.mp4,0,0.27233943
/home/tianlong/Downloads//test/xxupwwukoh.mp4,0,5.1801934e-18
/home/tianlong/Downloads//test/qdantvtdji.mp4,0,1.2847729e-06
/home/tianlong/Downloads//test/oqehnuhbwa.mp4,0,0.0002900304
/home/tianlong/Downloads//test/yzqbwkwxsn.mp4,0,0.6643511
/home/tianlong/Downloads//test/osjaqtkkdt.mp4,0,0.84847385
/home/tianlong/Downloads//test/nthlmvjxac.mp4,0,7.6830666e-08
/home/tianlong/Downloads//test/dpegbdzijf.mp4,0,2.8434158e-18
/home/tianlong/Downloads//test/ezgusylcyf.mp4,0,0.012827257
/home/tianlong/Downloads//test/isxxybhuls.mp4,0,0.0019125033
/home/tianlong/Downloads//test/dbqbwrcvjk.mp4,0,0.00746117
/home/tianlong/Downloads//test/qqrvyhjznq.mp4,0,0.015809756
/home/tianlong/Downloads//test/ohdtmpzbtp.mp4,0,0.54292536
/home/tianlong/Downloads//test/oupztxzdln.mp4,0,1.628217e-12
/home/tianlong/Downloads//test/snidpujjti.mp4,0,0.20115535
/home/tianlong/Downloads//test/yoxdseoukl.mp4,0,0.9999596
/home/tianlong/Downloads//test/bxsdnqizii.mp4,0,0.07413341
/home/tianlong/Downloads//test/ihszkmcwvw.mp4,0,2.9801977e-06
/home/tianlong/Downloads//test/rgrqhjtoby.mp4,0,0.015650569
/home/tianlong/Downloads//test/vqibhetnwa.mp4,0,0.0003178971
/home/tianlong/Downloads//test/rkqqgwurqt.mp4,0,1.3992485e-20
/home/tianlong/Downloads//test/axdepsfowg.mp4,0,5.57537e-10
/home/tianlong/Downloads//test/dcpmipuapc.mp4,0,5.892214e-14
/home/tianlong/Downloads//test/ncjqganhal.mp4,0,0.5863019
/home/tianlong/Downloads//test/qnbnlmpqpu.mp4,0,1.70817e-08
/home/tianlong/Downloads//test/ieoervpooz.mp4,0,1.9682178e-14
/home/tianlong/Downloads//test/fscyfygpyk.mp4,0,3.0665223e-15
/home/tianlong/Downloads//test/pitpjawwwp.mp4,0,8.003441e-06
/home/tianlong/Downloads//test/geturetbpy.mp4,0,5.919398e-05
/home/tianlong/Downloads//test/kwsraaqime.mp4,0,0.6715985
/home/tianlong/Downloads//test/lhgoghqmub.mp4,0,0.3524613
/home/tianlong/Downloads//test/kdmonvkpqd.mp4,0,0.000116467185
/home/tianlong/Downloads//test/wrcelewmpa.mp4,0,0.23036203
/home/tianlong/Downloads//test/bxqgvzamnx.mp4,0,0.16791606
/home/tianlong/Downloads//test/nliofvksed.mp4,0,7.74434e-11
/home/tianlong/Downloads//test/mwjnvghsbe.mp4,0,2.0838022e-06
/home/tianlong/Downloads//test/ygiscbckjl.mp4,0,0.37860882
/home/tianlong/Downloads//test/wscclwhfsr.mp4,0,1.1179144e-07
/home/tianlong/Downloads//test/hddminxrhw.mp4,0,1.1743816e-10
/home/tianlong/Downloads//test/ncrkggcdqp.mp4,0,0.0025015601
/home/tianlong/Downloads//test/xjinzawywt.mp4,0,0.1999793
/home/tianlong/Downloads//test/korrsqtkke.mp4,0,0.9999995
/home/tianlong/Downloads//test/tskjnnvjsa.mp4,0,0.015923241
/home/tianlong/Downloads//test/tyjxmknivy.mp4,0,0.13719502
/home/tianlong/Downloads//test/qyvqrtscbk.mp4,0,3.2450247e-12
/home/tianlong/Downloads//test/kxnybtbpkl.mp4,0,0.5085267
/home/tianlong/Downloads//test/wiqtkqwfsw.mp4,0,0.54795873
/home/tianlong/Downloads//test/bevjclbhuo.mp4,0,4.673148e-11
/home/tianlong/Downloads//test/shwulrbsfx.mp4,0,0.9980901
/home/tianlong/Downloads//test/mohtuktaaq.mp4,0,0.22564042
/home/tianlong/Downloads//test/fwsypadiom.mp4,0,0.0010592061
/home/tianlong/Downloads//test/buywrbgfqy.mp4,0,8.2835304e-19
/home/tianlong/Downloads//test/bljpdykszf.mp4,0,0.0017981858
/home/tianlong/Downloads//test/ztxdkcoxvx.mp4,0,0.8277669
/home/tianlong/Downloads//test/oqeoibjbim.mp4,0,2.319999e-09
/home/tianlong/Downloads//test/szwhgmrrhm.mp4,0,0.04383666
/home/tianlong/Downloads//test/xnydmgdhum.mp4,0,0.0029833973
/home/tianlong/Downloads//test/fltaysfwct.mp4,0,4.1240233e-10
/home/tianlong/Downloads//test/akdvkdoyoh.mp4,0,0.0032932132
/home/tianlong/Downloads//test/ftfemkjnot.mp4,0,0.7130114
/home/tianlong/Downloads//test/gmbckelbzp.mp4,0,3.347781e-11
/home/tianlong/Downloads//test/jjzveabagf.mp4,0,0.18454573
/home/tianlong/Downloads//test/dfqwasrdvq.mp4,0,0.953191
/home/tianlong/Downloads//test/diskzkrrph.mp4,0,1.7770947e-08
/home/tianlong/Downloads//test/jtwpwdqmxz.mp4,0,0.0008451838
/home/tianlong/Downloads//test/qivnumuetu.mp4,0,4.6472574e-06
/home/tianlong/Downloads//test/blmuzhjygg.mp4,0,1.0
/home/tianlong/Downloads//test/sbxlfehzjc.mp4,0,0.0441534
/home/tianlong/Downloads//test/tcwhwssdnv.mp4,0,0.9846264
/home/tianlong/Downloads//test/bkbokyebco.mp4,0,0.99999094
/home/tianlong/Downloads//test/vojsghpebv.mp4,0,0.9907702
/home/tianlong/Downloads//test/opuhoerhxb.mp4,0,0.9277908
/home/tianlong/Downloads//test/mmhdcoqsve.mp4,0,0.43262997
/home/tianlong/Downloads//test/ewxddjqzml.mp4,0,0.6614573
/home/tianlong/Downloads//test/dznchaiaqh.mp4,0,0.7947405
/home/tianlong/Downloads//test/mloeefokyq.mp4,0,4.9559097e-21
/home/tianlong/Downloads//test/fgkpembbpv.mp4,0,5.833269e-05
/home/tianlong/Downloads//test/orqafstesq.mp4,0,0.09083102
/home/tianlong/Downloads//test/ckgabgjnca.mp4,0,0.93780535
/home/tianlong/Downloads//test/iuvhrgckrt.mp4,0,0.0018272137
/home/tianlong/Downloads//test/vlzwcejywm.mp4,0,0.0034804307
/home/tianlong/Downloads//test/cpucjmfawf.mp4,0,0.059438527
/home/tianlong/Downloads//test/ekvhyeycpr.mp4,0,0.74619794
/home/tianlong/Downloads//test/tazlckybzu.mp4,0,0.3116912
/home/tianlong/Downloads//test/clxgzkdgta.mp4,0,0.29119664
/home/tianlong/Downloads//test/zlfbumxcxs.mp4,0,0.7998803
/home/tianlong/Downloads//test/plhcceboag.mp4,0,1.3523062e-17
/home/tianlong/Downloads//test/extihvlsxg.mp4,0,1.6055157e-09
/home/tianlong/Downloads//test/olebnvxoyl.mp4,0,0.697372
/home/tianlong/Downloads//test/opdqcwqxzy.mp4,0,3.1362672e-14
/home/tianlong/Downloads//test/stwaypekwh.mp4,0,0.037858605
/home/tianlong/Downloads//test/xogwctpikv.mp4,0,0.9939728
/home/tianlong/Downloads//test/cjiwxfwcit.mp4,0,0.9999782
/home/tianlong/Downloads//test/txshgvrava.mp4,0,3.8872564e-05
/home/tianlong/Downloads//test/ggpuxwhpri.mp4,0,0.99880636
/home/tianlong/Downloads//test/jlxnzxtopm.mp4,0,3.6742758e-09
/home/tianlong/Downloads//test/thjugpbwcv.mp4,0,0.31916118
/home/tianlong/Downloads//test/pkititkein.mp4,0,0.40286463
/home/tianlong/Downloads//test/hjiwmybauf.mp4,0,0.09237938
/home/tianlong/Downloads//test/efazuieysm.mp4,0,0.38961795
/home/tianlong/Downloads//test/tdzsgrdneg.mp4,0,0.0011756333
/home/tianlong/Downloads//test/mkxmvreoth.mp4,0,0.002367696
/home/tianlong/Downloads//test/ofbjiuemkr.mp4,0,0.50524485
/home/tianlong/Downloads//test/dogotzkdiw.mp4,0,0.53452945
/home/tianlong/Downloads//test/qdmvzknbua.mp4,0,0.19099113
/home/tianlong/Downloads//test/pnauelqbxq.mp4,0,4.4931598e-20
/home/tianlong/Downloads//test/sytddqezij.mp4,0,0.50651157
/home/tianlong/Downloads//test/bhpddnqauc.mp4,0,3.2627305e-08
/home/tianlong/Downloads//test/imtkdzkypf.mp4,0,0.00028203195
/home/tianlong/Downloads//test/kbodjivgqu.mp4,0,6.6747963e-13
/home/tianlong/Downloads//test/qtxraeaxeh.mp4,0,0.18822947
/home/tianlong/Downloads//test/uaxmqpmswz.mp4,0,8.818277e-19
/home/tianlong/Downloads//test/qlbapiibba.mp4,0,0.0002227809
/home/tianlong/Downloads//test/mzurunkulx.mp4,0,0.06075455
/home/tianlong/Downloads//test/aujoxrpddn.mp4,0,0.47380996
/home/tianlong/Downloads//test/ebenvuuxld.mp4,0,1.0
/home/tianlong/Downloads//test/fsfjlwwsen.mp4,0,0.024138566
/home/tianlong/Downloads//test/zwgaptzuqt.mp4,0,0.2749485
/home/tianlong/Downloads//test/gldpafckwo.mp4,0,4.2424286e-11
/home/tianlong/Downloads//test/nvkzpexyzg.mp4,0,0.05015089
/home/tianlong/Downloads//test/vnrmxwtsmf.mp4,0,2.0794178e-05
/home/tianlong/Downloads//test/hmofiqjzxe.mp4,0,0.6510987
/home/tianlong/Downloads//test/ucryyubbqk.mp4,0,0.6955407
/home/tianlong/Downloads//test/gwqdrapybq.mp4,0,0.9999865
/home/tianlong/Downloads//test/avttogwbyz.mp4,0,0.82142675
/home/tianlong/Downloads//test/hbmvxgonmq.mp4,0,0.19934939
/home/tianlong/Downloads//test/gxxlbjuyza.mp4,0,0.803857
/home/tianlong/Downloads//test/jhzozsurac.mp4,0,0.18280733
/home/tianlong/Downloads//test/opyqudaics.mp4,0,1.2649453e-08
/home/tianlong/Downloads//test/vigbdgmudk.mp4,0,2.2230966e-14
/home/tianlong/Downloads//test/viidhkoxyv.mp4,0,1.2548105e-15
/home/tianlong/Downloads//test/dmpvbeyuqb.mp4,0,0.063877836
/home/tianlong/Downloads//test/wgycqahjww.mp4,0,0.7015512
/home/tianlong/Downloads//test/wwgmzeavbd.mp4,0,0.39217934
/home/tianlong/Downloads//test/qtqyglbdem.mp4,0,0.9870939
/home/tianlong/Downloads//test/nqynuhnklk.mp4,0,1.3054668e-21
/home/tianlong/Downloads//test/jygbqsigcr.mp4,0,0.54278433
/home/tianlong/Downloads//test/nsozqvhalr.mp4,0,0.9381027
/home/tianlong/Downloads//test/yvmrwdyxby.mp4,0,0.94769895
/home/tianlong/Downloads//test/kvhbyuklfv.mp4,0,0.7357738
/home/tianlong/Downloads//test/iwnfvkmktq.mp4,0,0.3772765
/home/tianlong/Downloads//test/qzfmctgxcs.mp4,0,0.6049878
/home/tianlong/Downloads//test/vhipamioud.mp4,0,1.7061664e-07
/home/tianlong/Downloads//test/lmbvoxhowe.mp4,0,0.0018736885
/home/tianlong/Downloads//test/ziqjamfzlv.mp4,0,0.80034363
/home/tianlong/Downloads//test/kqnwutdvpd.mp4,0,0.20001483
/home/tianlong/Downloads//test/lucpbeexdk.mp4,0,0.09262158
/home/tianlong/Downloads//test/pnotaniiuh.mp4,0,0.029423892
/home/tianlong/Downloads//test/qohtjkzity.mp4,0,0.19407627
/home/tianlong/Downloads//test/bkjhfcvsig.mp4,0,6.290169e-08
/home/tianlong/Downloads//test/kpcrdurodw.mp4,0,0.023665652
/home/tianlong/Downloads//test/nmphdbflzj.mp4,0,0.508875
/home/tianlong/Downloads//test/fmsxomanga.mp4,0,0.5536954
/home/tianlong/Downloads//test/tgwpcoljin.mp4,0,0.47710496
/home/tianlong/Downloads//test/foynwjsqeh.mp4,0,0.6711122
/home/tianlong/Downloads//test/vdqritvjfl.mp4,0,1.753482e-05
/home/tianlong/Downloads//test/egyemqrvna.mp4,0,0.010450141
/home/tianlong/Downloads//test/xrtmepdfyh.mp4,0,0.5372765
/home/tianlong/Downloads//test/zfgjechdto.mp4,0,2.9321948e-08
/home/tianlong/Downloads//test/jujpqsrgll.mp4,0,3.6551778e-13
/home/tianlong/Downloads//test/iakzgqqova.mp4,0,0.17132992
/home/tianlong/Downloads//test/fqdklzzkfj.mp4,0,0.9999938
/home/tianlong/Downloads//test/dnfnxwbsoi.mp4,0,6.999355e-08
/home/tianlong/Downloads//test/lynaeydofd.mp4,0,4.5682993e-19
/home/tianlong/Downloads//test/relrfifywa.mp4,0,5.3906906e-09
/home/tianlong/Downloads//test/imsacxixmv.mp4,0,0.34033903
/home/tianlong/Downloads//test/rfbwukxpye.mp4,0,0.7230588
/home/tianlong/Downloads//test/atixaudngu.mp4,0,0.9999992
/home/tianlong/Downloads//test/tcychsyltm.mp4,0,4.827655e-10
/home/tianlong/Downloads//test/kifyfzqzjj.mp4,0,0.20468274
/home/tianlong/Downloads//test/irjbukzjqt.mp4,0,0.40182328
/home/tianlong/Downloads//test/jmkkbkvbjo.mp4,0,0.0018628609
/home/tianlong/Downloads//test/gflhlvhqyl.mp4,0,0.00017143026
/home/tianlong/Downloads//test/myebjqbxsl.mp4,0,3.2189316e-09
/home/tianlong/Downloads//test/mqeqiytluf.mp4,0,0.7204942
/home/tianlong/Downloads//test/zbsjlcsetv.mp4,0,3.300841e-05
/home/tianlong/Downloads//test/lzmxqxrruv.mp4,0,0.6132513
/home/tianlong/Downloads//test/neotrnwthu.mp4,0,0.34931618
/home/tianlong/Downloads//test/vwigtbeivy.mp4,0,0.687256
/home/tianlong/Downloads//test/ldtscpryms.mp4,0,0.3153228
/home/tianlong/Downloads//test/sjgmmecazy.mp4,0,0.008823023
/home/tianlong/Downloads//test/jkrbsekajk.mp4,0,0.0029776655
/home/tianlong/Downloads//test/iahzcxmuck.mp4,0,0.19486792
/home/tianlong/Downloads//test/cteqlloxwu.mp4,0,0.6173096
/home/tianlong/Downloads//test/pgqxsteufx.mp4,0,0.84155524
/home/tianlong/Downloads//test/cmuzrrlaiy.mp4,1,1.0
/home/tianlong/Downloads//test/jxeqhujuvh.mp4,1,0.81609327
/home/tianlong/Downloads//test/ntaqujyzes.mp4,1,0.804011
/home/tianlong/Downloads//test/ghxzsygiou.mp4,1,0.22215243
/home/tianlong/Downloads//test/lvxzjwiklq.mp4,1,0.17754845
/home/tianlong/Downloads//test/wlyvvvjgnv.mp4,1,0.83001107
/home/tianlong/Downloads//test/hexxuigzdl.mp4,1,0.81433123
/home/tianlong/Downloads//test/zynrdvlrwv.mp4,1,3.6795458e-10
/home/tianlong/Downloads//test/kbvqzihgan.mp4,1,0.99996185
/home/tianlong/Downloads//test/razacdewcv.mp4,1,0.7997576
/home/tianlong/Downloads//test/tjlrvidbxw.mp4,1,0.69235253
/home/tianlong/Downloads//test/gcbyurxhbz.mp4,1,3.1744465e-22
/home/tianlong/Downloads//test/xticvyqqjn.mp4,1,1.3998863e-06
/home/tianlong/Downloads//test/gqpayiddqv.mp4,1,0.0003511428
/home/tianlong/Downloads//test/zmrnjhfxed.mp4,1,0.94415283
/home/tianlong/Downloads//test/slpxqmwuqm.mp4,1,0.60892546
/home/tianlong/Downloads//test/upwsvjdtgo.mp4,1,0.9998282
/home/tianlong/Downloads//test/zpnjiswgdt.mp4,1,0.99643755
/home/tianlong/Downloads//test/rayxtqfosv.mp4,1,0.0038501758
/home/tianlong/Downloads//test/cfhoqpdzqb.mp4,1,1.8954968e-13
/home/tianlong/Downloads//test/okyufzgvay.mp4,1,1.3072521e-06
/home/tianlong/Downloads//test/wgyxtquovo.mp4,1,0.99994004
/home/tianlong/Downloads//test/kicgvgukqs.mp4,1,0.19950362
/home/tianlong/Downloads//test/aolhuwcdwv.mp4,1,0.5972991
/home/tianlong/Downloads//test/clzcvdsuyp.mp4,1,0.16341835
/home/tianlong/Downloads//test/jibhugdfbs.mp4,1,0.41641054
/home/tianlong/Downloads//test/kfiszsbzob.mp4,1,0.9982651
/home/tianlong/Downloads//test/mgwtoqonaf.mp4,1,0.07568613
/home/tianlong/Downloads//test/buzqmuifod.mp4,1,0.27676943
/home/tianlong/Downloads//test/bofmetrgfm.mp4,1,0.01327051
/home/tianlong/Downloads//test/chlshvbday.mp4,1,0.011878365
/home/tianlong/Downloads//test/vxcjkgerao.mp4,1,0.031583827
/home/tianlong/Downloads//test/qxwqqhruvz.mp4,1,0.0041041565
/home/tianlong/Downloads//test/hytdcdixlv.mp4,1,3.7962202e-08
/home/tianlong/Downloads//test/buejhiahpy.mp4,1,6.508896e-14
/home/tianlong/Downloads//test/omotodymgb.mp4,1,0.1090858
/home/tianlong/Downloads//test/gmcvyrferj.mp4,1,5.0424667e-05
/home/tianlong/Downloads//test/ycoaclsdov.mp4,1,0.23945823
/home/tianlong/Downloads//test/scaljzcpcf.mp4,1,0.30778104
/home/tianlong/Downloads//test/uhbxhharht.mp4,1,0.999993
/home/tianlong/Downloads//test/tmmakbzbqw.mp4,1,0.8050194
/home/tianlong/Downloads//test/mvfvefsgik.mp4,1,0.8574607
/home/tianlong/Downloads//test/inesnaprwm.mp4,1,0.4554143
/home/tianlong/Downloads//test/qqxelyjmmw.mp4,1,0.000530492
/home/tianlong/Downloads//test/dllkubdbbd.mp4,1,0.33449477
/home/tianlong/Downloads//test/ttnajmkchw.mp4,1,0.28776965
/home/tianlong/Downloads//test/kaffwaiexj.mp4,1,0.001335708
/home/tianlong/Downloads//test/dpfuqzdtrs.mp4,1,0.3534835
/home/tianlong/Downloads//test/hfvexodpht.mp4,1,0.0015919905
/home/tianlong/Downloads//test/vmxjsdkuju.mp4,1,0.9999994
/home/tianlong/Downloads//test/afaxsgqksm.mp4,1,1.0
/home/tianlong/Downloads//test/pgkipgmpgm.mp4,1,0.13846934
/home/tianlong/Downloads//test/ltkesswcyn.mp4,1,1.952164e-12
/home/tianlong/Downloads//test/dffkcrccsj.mp4,1,0.20038638
/home/tianlong/Downloads//test/svtnilogao.mp4,1,0.8497572
/home/tianlong/Downloads//test/bzobkqewtt.mp4,1,0.3044425
/home/tianlong/Downloads//test/vemnbnqoqk.mp4,1,0.012996659
/home/tianlong/Downloads//test/nobrvdftmd.mp4,1,0.94956225
/home/tianlong/Downloads//test/qepgiaxgpc.mp4,1,0.8359493
/home/tianlong/Downloads//test/bogjubshbr.mp4,1,0.998359
/home/tianlong/Downloads//test/uyoqozgdcy.mp4,1,1.1966773e-07
/home/tianlong/Downloads//test/cvmmtklgst.mp4,1,0.0031972833
/home/tianlong/Downloads//test/qharxzhzpl.mp4,1,0.03114444
/home/tianlong/Downloads//test/sprejlmapw.mp4,1,0.21529333
/home/tianlong/Downloads//test/crzrsezocr.mp4,1,7.44602e-10
/home/tianlong/Downloads//test/wyqhadmmcy.mp4,1,0.17739287
/home/tianlong/Downloads//test/jrjxehotww.mp4,1,0.00023992421
/home/tianlong/Downloads//test/xctpdujlok.mp4,1,2.5279583e-12
/home/tianlong/Downloads//test/hfspenqmpw.mp4,1,0.79510736
/home/tianlong/Downloads//test/jkfukzcjxd.mp4,1,1.0
/home/tianlong/Downloads//test/knafngkgen.mp4,1,0.00011421686
/home/tianlong/Downloads//test/tswmtnhfmn.mp4,1,0.61698806
/home/tianlong/Downloads//test/qoasfzksgo.mp4,1,0.008347497
/home/tianlong/Downloads//test/hnrzuoqnkz.mp4,1,0.21853332
/home/tianlong/Downloads//test/nussrkyuzy.mp4,1,1.2258267e-15
/home/tianlong/Downloads//test/ciwzwmlyxz.mp4,1,0.0010067074
/home/tianlong/Downloads//test/dbauiiupef.mp4,1,0.017590335
/home/tianlong/Downloads//test/ywxfnlxtjg.mp4,1,1.998764e-11
/home/tianlong/Downloads//test/pryqgrbtnu.mp4,1,0.599804
/home/tianlong/Downloads//test/mbjpaydogy.mp4,1,0.22783451
/home/tianlong/Downloads//test/ihdopxhysr.mp4,1,5.4553493e-05
/home/tianlong/Downloads//test/rgasvymjrj.mp4,1,0.00013478802
/home/tianlong/Downloads//test/eclpgjjies.mp4,1,0.0001297796
/home/tianlong/Downloads//test/kxptuwngop.mp4,1,0.35771832
/home/tianlong/Downloads//test/uaqvffouxp.mp4,1,0.3770172
/home/tianlong/Downloads//test/xvqzzgoabm.mp4,1,2.7328912e-18
/home/tianlong/Downloads//test/tkgbjtcxyl.mp4,1,0.8673937
/home/tianlong/Downloads//test/xlnaxrwvcx.mp4,1,0.00711275
/home/tianlong/Downloads//test/kphfzaullq.mp4,1,0.14437799
/home/tianlong/Downloads//test/rkezgzxnoo.mp4,1,0.2938254
/home/tianlong/Downloads//test/fromclsodq.mp4,1,0.050497364
/home/tianlong/Downloads//test/nrscfrjxpb.mp4,1,0.013197981
/home/tianlong/Downloads//test/ygobagrhmg.mp4,1,0.20277166
/home/tianlong/Downloads//test/hisfrixnbu.mp4,1,0.19977409
/home/tianlong/Downloads//test/duzueyonao.mp4,1,0.45541748
/home/tianlong/Downloads//test/gkknsyqbnz.mp4,1,0.7604941
/home/tianlong/Downloads//test/tmgdrjjalz.mp4,1,0.9948684
/home/tianlong/Downloads//test/iajblozgtx.mp4,1,4.5847575e-09
/home/tianlong/Downloads//test/ahkcchuwqq.mp4,1,2.2647888e-12
/home/tianlong/Downloads//test/zmfiveruie.mp4,1,5.072202e-07
/home/tianlong/Downloads//test/xptgnpgfkn.mp4,1,1.0643623e-18
/home/tianlong/Downloads//test/aebhowazav.mp4,1,0.15361458
/home/tianlong/Downloads//test/geulcwvfuy.mp4,1,0.0388144
/home/tianlong/Downloads//test/glzyifzrql.mp4,1,0.91805536
/home/tianlong/Downloads//test/wvmrsucbsq.mp4,1,1.0
/home/tianlong/Downloads//test/moetggyxsc.mp4,1,0.0023113214
/home/tianlong/Downloads//test/jfvnwpcjrm.mp4,1,0.8451602
/home/tianlong/Downloads//test/kaggpclkjm.mp4,1,0.738169
/home/tianlong/Downloads//test/nacldwtuwp.mp4,1,0.8962814
/home/tianlong/Downloads//test/upwyvqbjlq.mp4,1,1.0
/home/tianlong/Downloads//test/tdmyjvptzv.mp4,1,0.38318396
/home/tianlong/Downloads//test/fzurflflwv.mp4,1,0.14227033
/home/tianlong/Downloads//test/aakjukgjme.mp4,1,1.8904223e-19
/home/tianlong/Downloads//test/ypepsyuwmo.mp4,1,0.20402999
/home/tianlong/Downloads//test/qxhyhhkywc.mp4,1,0.00036179958
/home/tianlong/Downloads//test/iqvfopywpa.mp4,1,0.075338855
/home/tianlong/Downloads//test/xfncslssic.mp4,1,6.358458e-05
/home/tianlong/Downloads//test/jesstfspwv.mp4,1,3.2443418e-06
/home/tianlong/Downloads//test/xiraodtgnt.mp4,1,0.13561517
/home/tianlong/Downloads//test/xeuzubpylq.mp4,1,0.909098
/home/tianlong/Downloads//test/xszpbtciwo.mp4,1,0.29102802
/home/tianlong/Downloads//test/fkksbgaibl.mp4,1,0.7510468
/home/tianlong/Downloads//test/ntqzfgmhnj.mp4,1,0.99983245
/home/tianlong/Downloads//test/bizbjxafzr.mp4,1,0.04809841
/home/tianlong/Downloads//test/bxfwiuvafo.mp4,1,0.9999994
/home/tianlong/Downloads//test/jfcglbovmo.mp4,1,0.08808429
/home/tianlong/Downloads//test/odidbykbar.mp4,1,0.9971754
/home/tianlong/Downloads//test/qarbtmjwhm.mp4,1,3.692811e-05
/home/tianlong/Downloads//test/jeierullea.mp4,1,0.45203677
/home/tianlong/Downloads//test/lrckqkzekj.mp4,1,3.3858312e-05
/home/tianlong/Downloads//test/riizlqngim.mp4,1,0.99758035
/home/tianlong/Downloads//test/lmcnonfhgz.mp4,1,1.2071393e-05
/home/tianlong/Downloads//test/lkhszpabzv.mp4,1,0.7822715
/home/tianlong/Downloads//test/njqbwiajss.mp4,1,0.0005249512
/home/tianlong/Downloads//test/ksqybmrwyg.mp4,1,1.0
/home/tianlong/Downloads//test/dxphlwcvan.mp4,1,0.99999964
/home/tianlong/Downloads//test/dgjssccxhx.mp4,1,1.4757399e-07
/home/tianlong/Downloads//test/sbfxzmhzyv.mp4,1,0.9999994
/home/tianlong/Downloads//test/rlvgpdrgvi.mp4,1,0.16796628
/home/tianlong/Downloads//test/uzdmxmfcqe.mp4,1,0.00026662246
/home/tianlong/Downloads//test/afixxjdxef.mp4,1,0.0074573895
/home/tianlong/Downloads//test/fwvxtssltw.mp4,1,6.3251805e-06
/home/tianlong/Downloads//test/jyzlvivrmr.mp4,1,2.690733e-05
/home/tianlong/Downloads//test/byavookkdu.mp4,1,2.646124e-13
/home/tianlong/Downloads//test/agyawnxlmv.mp4,1,0.59816235
/home/tianlong/Downloads//test/zjoonppreb.mp4,1,0.11536715
/home/tianlong/Downloads//test/sjzwpqupnm.mp4,1,0.00608927
/home/tianlong/Downloads//test/pobrnbspcf.mp4,1,0.3471534
/home/tianlong/Downloads//test/qdkpphviay.mp4,1,0.52547085
/home/tianlong/Downloads//test/nbyaxzmueg.mp4,1,0.19872223
/home/tianlong/Downloads//test/vfszaqentw.mp4,1,0.78988314
/home/tianlong/Downloads//test/fosovipqkg.mp4,1,0.30292547
/home/tianlong/Downloads//test/grwcxofqrx.mp4,1,0.23840868
/home/tianlong/Downloads//test/koqxhnmkjl.mp4,1,0.6385187
/home/tianlong/Downloads//test/xkukyjokbg.mp4,1,0.873695
/home/tianlong/Downloads//test/fmnzbwtjep.mp4,1,1.3290969e-16
/home/tianlong/Downloads//test/aruyyclubn.mp4,1,1.0
/home/tianlong/Downloads//test/eluhuvocwr.mp4,1,0.90237296
/home/tianlong/Downloads//test/iiwffwiyrg.mp4,1,2.5728896e-06
/home/tianlong/Downloads//test/fsbabrxhqy.mp4,1,0.4815836
/home/tianlong/Downloads//test/ymqadbkafj.mp4,1,5.532428e-05
/home/tianlong/Downloads//test/nptmqvfuhz.mp4,1,0.99997884
/home/tianlong/Downloads//test/usjnlahlcj.mp4,1,0.20921314
/home/tianlong/Downloads//test/hbozjjcafn.mp4,1,5.1446187e-24
/home/tianlong/Downloads//test/cizxmeztny.mp4,1,0.06633246
/home/tianlong/Downloads//test/syxlmynhsi.mp4,1,0.009953608
/home/tianlong/Downloads//test/ezadehoecy.mp4,1,3.584883e-11
/home/tianlong/Downloads//test/fpliemtlco.mp4,1,0.004703397
/home/tianlong/Downloads//test/arflgfcnkg.mp4,1,0.008499378
/home/tianlong/Downloads//test/occelhylxf.mp4,1,5.5045987e-22
/home/tianlong/Downloads//test/uqntkvpntd.mp4,1,1.3099016e-07
/home/tianlong/Downloads//test/iatevqworc.mp4,1,0.16469407
/home/tianlong/Downloads//test/xzsmgydcub.mp4,1,2.2416156e-05
/home/tianlong/Downloads//test/qbffpkpmkf.mp4,1,0.00500643
/home/tianlong/Downloads//test/pzbpgfmroj.mp4,1,0.17920254
/home/tianlong/Downloads//test/oundixpyst.mp4,1,0.00523179
/home/tianlong/Downloads//test/hnxhwfttpy.mp4,1,0.19692549
/home/tianlong/Downloads//test/rdjwlvvwtv.mp4,1,0.63495016
/home/tianlong/Downloads//test/tcmstiljkk.mp4,1,0.9963543
/home/tianlong/Downloads//test/qbfdtumuct.mp4,1,0.047350626
/home/tianlong/Downloads//test/mxnquwuszt.mp4,1,0.42077285
/home/tianlong/Downloads//test/sjooumwlzb.mp4,1,0.26999015
/home/tianlong/Downloads//test/twhwouycfg.mp4,1,5.7659423e-07
/home/tianlong/Downloads//test/wytpaehszj.mp4,1,0.18311511
/home/tianlong/Downloads//test/srtwhbzzlr.mp4,1,0.0008776144
/home/tianlong/Downloads//test/jqjfpkuckf.mp4,1,0.47222123
/home/tianlong/Downloads//test/yxjjfaekev.mp4,1,0.016361736
/home/tianlong/Downloads//test/cyokqrzbol.mp4,1,4.798533e-08
/home/tianlong/Downloads//test/mtilpvablx.mp4,1,0.58049786
/home/tianlong/Downloads//test/njwsmltmvb.mp4,1,9.23632e-05
/home/tianlong/Downloads//test/xkksfulade.mp4,1,0.99882793
/home/tianlong/Downloads//test/dtfgsvfmjq.mp4,1,0.8083218
/home/tianlong/Downloads//test/onaewxqqkd.mp4,1,0.54121304
/home/tianlong/Downloads//test/pazpnfrbbc.mp4,1,5.71471e-11
/home/tianlong/Downloads//test/kgowzoxjfq.mp4,1,0.006779062
/home/tianlong/Downloads//test/ltdwtgrads.mp4,1,0.009500093
/home/tianlong/Downloads//test/znistrajpw.mp4,1,2.3846563e-09
/home/tianlong/Downloads//test/yfhzmfhojv.mp4,1,1.0
/home/tianlong/Downloads//test/spkorcenyh.mp4,1,0.6988809
/home/tianlong/Downloads//test/axopbbxwzr.mp4,1,0.3003518
/home/tianlong/Downloads//test/hxrruqinnh.mp4,1,0.9851306
/home/tianlong/Downloads//test/tkaybnjwhg.mp4,1,0.99999964
/home/tianlong/Downloads//test/lhwwhjhyqx.mp4,1,4.0589382e-14
/home/tianlong/Downloads//test/btxjufhiaz.mp4,1,0.20124984
/home/tianlong/Downloads//test/dnhaskulaj.mp4,1,0.024892462
/home/tianlong/Downloads//test/vxqofldgze.mp4,1,0.4413167
/home/tianlong/Downloads//test/ddjzmyabyu.mp4,1,0.40455288
/home/tianlong/Downloads//test/mgahaaogif.mp4,1,1.6824011e-05
/home/tianlong/Downloads//test/ktmdpragph.mp4,1,2.1788781e-18
/home/tianlong/Downloads//test/xazdhdnwhh.mp4,1,0.033010345
/home/tianlong/Downloads//test/qnslgeajnt.mp4,1,0.27178553
/home/tianlong/Downloads//test/sivrgbsaog.mp4,1,0.7116384
/home/tianlong/Downloads//test/uzmuovkewv.mp4,1,0.036783196
/home/tianlong/Downloads//test/tvazrcdkpq.mp4,1,2.493946e-06
/home/tianlong/Downloads//test/jbatiwjmzh.mp4,1,0.14566359
/home/tianlong/Downloads//test/hmiylncrva.mp4,1,0.0013786638
/home/tianlong/Downloads//test/uxkojffbsr.mp4,1,0.5013578
/home/tianlong/Downloads//test/crbcrxqftw.mp4,1,0.5742428
/home/tianlong/Downloads//test/yermnsnlgf.mp4,1,0.018699951
/home/tianlong/Downloads//test/gipcvghjiy.mp4,1,0.52039534
/home/tianlong/Downloads//test/iwcfxyoimw.mp4,1,0.8237642
/home/tianlong/Downloads//test/kozaofkgvk.mp4,1,0.0014752701
/home/tianlong/Downloads//test/xlgevjtsog.mp4,1,0.00023850761
/home/tianlong/Downloads//test/bpjkimtqtz.mp4,1,9.7861066e-11
/home/tianlong/Downloads//test/pdnwaekrtn.mp4,1,0.76734585
/home/tianlong/Downloads//test/toxsrzsksc.mp4,1,0.9437078
/home/tianlong/Downloads//test/oejfypsbfh.mp4,1,1.0
/home/tianlong/Downloads//test/hwyuwbnszo.mp4,1,0.00023943422
/home/tianlong/Downloads//test/acgyspwyqr.mp4,1,8.090995e-09
/home/tianlong/Downloads//test/oitcqmvnsa.mp4,1,9.716624e-07
/home/tianlong/Downloads//test/pdqqkuclvd.mp4,1,0.9657262
/home/tianlong/Downloads//test/slsyjvgfpu.mp4,1,0.8129085
/home/tianlong/Downloads//test/xmdfnldfyc.mp4,1,0.5853015
/home/tianlong/Downloads//test/ynkzlkahux.mp4,1,4.9916183e-05
/home/tianlong/Downloads//test/szjbkskyph.mp4,1,0.9954613
/home/tianlong/Downloads//test/yyiiywtiry.mp4,1,0.08090737
/home/tianlong/Downloads//test/crvotfojeq.mp4,1,0.17672572
/home/tianlong/Downloads//test/rsqblsfgli.mp4,1,1.0874888e-22
/home/tianlong/Downloads//test/becqadbtkb.mp4,1,0.45315665
/home/tianlong/Downloads//test/afqaubpglg.mp4,1,0.14638686
/home/tianlong/Downloads//test/pwplooonzr.mp4,1,5.3748e-08
/home/tianlong/Downloads//test/vjegxiyvla.mp4,1,1.2366276e-16
/home/tianlong/Downloads//test/jbwtbfbdko.mp4,1,0.82457066
/home/tianlong/Downloads//test/toggbitvfd.mp4,1,0.98791504
/home/tianlong/Downloads//test/xpfhawmzbe.mp4,1,0.0027385023
/home/tianlong/Downloads//test/kjwdinzplo.mp4,1,1.2812509e-09
/home/tianlong/Downloads//test/jrkdzpijpb.mp4,1,0.48540702
/home/tianlong/Downloads//test/lbnuxynggy.mp4,1,0.0
/home/tianlong/Downloads//test/iorrylopzn.mp4,1,0.9992301
/home/tianlong/Downloads//test/yasxapunrf.mp4,1,0.34076405
/home/tianlong/Downloads//test/suohrphvbe.mp4,1,0.030314362
/home/tianlong/Downloads//test/salsuwvckq.mp4,1,7.442873e-05
/home/tianlong/Downloads//test/eclnowceyi.mp4,1,1.4978148e-06
/home/tianlong/Downloads//test/wvtymfvbwq.mp4,1,9.220687e-16
/home/tianlong/Downloads//test/rsjhmrvdwg.mp4,1,7.2498115e-05
/home/tianlong/Downloads//test/qtvhpmoukj.mp4,1,0.9999994
/home/tianlong/Downloads//test/svqkfjfucw.mp4,1,0.00615548
/home/tianlong/Downloads//test/jdlqmnhuix.mp4,1,0.78898984
/home/tianlong/Downloads//test/ltmkgkppwx.mp4,1,4.3509772e-11
/home/tianlong/Downloads//test/zaoyocjkgw.mp4,1,0.021268666
/home/tianlong/Downloads//test/vgrhobnbfo.mp4,1,0.45592418
/home/tianlong/Downloads//test/eeeuzozcdc.mp4,1,0.17856511
/home/tianlong/Downloads//test/ikgxqbhmlv.mp4,1,0.026573028
/home/tianlong/Downloads//test/zyeakowujw.mp4,1,0.9950124
/home/tianlong/Downloads//test/uerapqglmr.mp4,1,0.7826481
/home/tianlong/Downloads//test/fmuncwjpej.mp4,1,0.99994963
/home/tianlong/Downloads//test/xllzvdxwiv.mp4,1,0.41442913
/home/tianlong/Downloads//test/giuymhlbyo.mp4,1,0.000372788
/home/tianlong/Downloads//test/bubbmjnmge.mp4,1,0.9472267
/home/tianlong/Downloads//test/qwqefbalkv.mp4,1,1.002956e-14
/home/tianlong/Downloads//test/aupsxowdcp.mp4,1,0.48655525
/home/tianlong/Downloads//test/apjovfzzft.mp4,1,0.10903889
/home/tianlong/Downloads//test/yjbnaqwxyf.mp4,1,0.8372566
/home/tianlong/Downloads//test/dajlkmlvch.mp4,1,0.29797
/home/tianlong/Downloads//test/egwzzhemvk.mp4,1,0.818477
/home/tianlong/Downloads//test/vlhrgeyvqy.mp4,1,5.5397776e-22
/home/tianlong/Downloads//test/vpolvvzwsw.mp4,1,4.2695e-25
/home/tianlong/Downloads//test/ddkcxrncmq.mp4,1,0.9867271
/home/tianlong/Downloads//test/fncnobpzzx.mp4,1,0.0104424
/home/tianlong/Downloads//test/lhayhvqjmg.mp4,1,0.2085642
/home/tianlong/Downloads//test/yboofyemks.mp4,1,1.2833899e-17
/home/tianlong/Downloads//test/wzkovvmdkq.mp4,1,0.9967178
/home/tianlong/Downloads//test/axxldpmbat.mp4,1,0.71947247
/home/tianlong/Downloads//test/piovymzozl.mp4,1,0.0018147819
/home/tianlong/Downloads//test/ymjrnwsjxt.mp4,1,0.9532574
/home/tianlong/Downloads//test/jfxroglrst.mp4,1,0.70787793
/home/tianlong/Downloads//test/qzyaijdbfe.mp4,1,0.6513421
/home/tianlong/Downloads//test/gzwzxbtkpd.mp4,1,0.75976276
/home/tianlong/Downloads//test/bgssriyozb.mp4,1,0.21726969
/home/tianlong/Downloads//test/wqtraebanl.mp4,1,0.9999957
/home/tianlong/Downloads//test/lovkthgavz.mp4,1,5.272306e-07
/home/tianlong/Downloads//test/vpgjaoyvir.mp4,1,1.628627e-06
/home/tianlong/Downloads//test/btlqqvfuck.mp4,1,0.0014582078
/home/tianlong/Downloads//test/zzxidpsxmv.mp4,1,0.9747652
/home/tianlong/Downloads//test/qzuhjrhozy.mp4,1,9.029723e-24
/home/tianlong/Downloads//test/rtuaxyuvqs.mp4,1,1.7730176e-08
/home/tianlong/Downloads//test/vybbullejj.mp4,1,0.45355263
/home/tianlong/Downloads//test/lblweiecpx.mp4,1,0.00029020943
/home/tianlong/Downloads//test/qkchcuiljp.mp4,1,0.9999851
/home/tianlong/Downloads//test/roivdutkrz.mp4,1,0.8486884
/home/tianlong/Downloads//test/rziziscker.mp4,1,0.00049022475
/home/tianlong/Downloads//test/zsdmgllhck.mp4,1,3.4354693e-05
/home/tianlong/Downloads//test/kpkzqbpivj.mp4,1,0.19169787
/home/tianlong/Downloads//test/tgkjhdyxww.mp4,1,0.38642284
/home/tianlong/Downloads//test/zubaiztkag.mp4,1,0.88666487
/home/tianlong/Downloads//test/figxvsdmsb.mp4,1,0.09257942
/home/tianlong/Downloads//test/enzlliylet.mp4,1,0.97445476
/home/tianlong/Downloads//test/acekgkqgdg.mp4,1,0.33497244
/home/tianlong/Downloads//test/ljrikjsgis.mp4,1,0.28894717
/home/tianlong/Downloads//test/vawotznxqn.mp4,1,0.011630805
/home/tianlong/Downloads//test/jsqtbnxnpb.mp4,1,0.00068287394
/home/tianlong/Downloads//test/yibeqxcadd.mp4,1,0.9999874
/home/tianlong/Downloads//test/zvgekhyszq.mp4,1,0.8383973
/home/tianlong/Downloads//test/luisdnrumh.mp4,1,1.0
/home/tianlong/Downloads//test/xffjesgeey.mp4,1,0.3997844
/home/tianlong/Downloads//test/haesrhzukc.mp4,1,0.9934383
/home/tianlong/Downloads//test/uwccodyhgh.mp4,1,0.24466705
/home/tianlong/Downloads//test/msdtzpmmae.mp4,1,4.392314e-11
/home/tianlong/Downloads//test/zgiypcmpic.mp4,1,0.00037427156
/home/tianlong/Downloads//test/olkcmrmvbh.mp4,1,0.13361512
/home/tianlong/Downloads//test/kiffbbtjfe.mp4,1,0.0043162527
/home/tianlong/Downloads//test/junzzlnlfw.mp4,1,0.59994686
/home/tianlong/Downloads//test/qkgicklwyn.mp4,1,0.18020311
/home/tianlong/Downloads//test/wluigkzjdl.mp4,1,1.2058392e-06
/home/tianlong/Downloads//test/rsnrcisldc.mp4,1,0.41915736
/home/tianlong/Downloads//test/asiuftijhs.mp4,1,0.0019755254
/home/tianlong/Downloads//test/yjloopcthi.mp4,1,0.63242286
/home/tianlong/Downloads//test/tzzwqaxtrk.mp4,1,0.99999297
/home/tianlong/Downloads//test/tmfvsxrxnk.mp4,1,0.039097525
/home/tianlong/Downloads//test/dlsdmdraln.mp4,1,5.25306e-11
/home/tianlong/Downloads//test/rkygzeyegz.mp4,1,0.6258143
/home/tianlong/Downloads//test/truremwrti.mp4,1,2.0169387e-06
/home/tianlong/Downloads//test/depcrcqwai.mp4,1,0.5811995
/home/tianlong/Downloads//test/jovohczybs.mp4,1,0.99639547
/home/tianlong/Downloads//test/udcpjfvqro.mp4,1,0.39184576
/home/tianlong/Downloads//test/yxlkovjssa.mp4,1,0.19994286
/home/tianlong/Downloads//test/trltdpitif.mp4,1,0.9936274
/home/tianlong/Downloads//test/hwufwjdaai.mp4,1,0.20230202
/home/tianlong/Downloads//test/vgfxjwupga.mp4,1,0.69999874
/home/tianlong/Downloads//test/jejjcsijvc.mp4,1,0.7317408
/home/tianlong/Downloads//test/yjpfhrfyfn.mp4,1,0.009995284
/home/tianlong/Downloads//test/izyqqybmcq.mp4,1,7.4540054e-05
/home/tianlong/Downloads//test/xjnflcfxhn.mp4,1,0.06912027
/home/tianlong/Downloads//test/zidsbdilrm.mp4,1,0.038732458
/home/tianlong/Downloads//test/lepqvhstws.mp4,1,1.0
/home/tianlong/Downloads//test/eabghyltka.mp4,1,0.19915682
/home/tianlong/Downloads//test/qxgwcsugvd.mp4,1,0.59418666
/home/tianlong/Downloads//test/oitqddnspw.mp4,1,2.4434354e-07
/home/tianlong/Downloads//test/jiddesrgoi.mp4,1,0.47751087
/home/tianlong/Downloads//test/whsqzlklam.mp4,1,0.006331049
/home/tianlong/Downloads//test/hwspklkjol.mp4,1,0.1497108
/home/tianlong/Downloads//test/mgxdtegobh.mp4,1,0.20649953
/home/tianlong/Downloads//test/dkvxzocpnx.mp4,1,1.0
/home/tianlong/Downloads//test/zxjiwvyzbs.mp4,1,0.800296
/home/tianlong/Downloads//test/qysxqoredd.mp4,1,0.5932077
/home/tianlong/Downloads//test/angqjpzdts.mp4,1,0.85420597
/home/tianlong/Downloads//test/slbhiftdwk.mp4,1,5.017038e-17
/home/tianlong/Downloads//test/ctsjalmkpx.mp4,1,0.0004328355
/home/tianlong/Downloads//test/jrwqouwlzc.mp4,1,0.05727153
/home/tianlong/Downloads//test/vcqcervdzi.mp4,1,2.0241035e-07
/home/tianlong/Downloads//test/mxczokbutl.mp4,1,0.99999905
/home/tianlong/Downloads//test/qawqquinvi.mp4,1,0.39284295
/home/tianlong/Downloads//test/cqiyijvrcj.mp4,1,0.6243739
/home/tianlong/Downloads//test/wypdykzzma.mp4,1,2.7143552e-12
/home/tianlong/Downloads//test/zdurkznxhi.mp4,1,2.4357991e-09
/home/tianlong/Downloads//test/llwjpzzrur.mp4,1,0.7255424
/home/tianlong/Downloads//test/stmqpsakem.mp4,1,0.39926773
/home/tianlong/Downloads//test/hqfxruqynj.mp4,1,0.0016286613
/home/tianlong/Downloads//test/cotxffvovx.mp4,1,1.5790967e-10
/home/tianlong/Downloads//test/yiwyejujhz.mp4,1,2.1948374e-05
/home/tianlong/Downloads//test/azkhkminwu.mp4,1,6.610474e-05
/home/tianlong/Downloads//test/yoicqcpxgm.mp4,1,0.073879816
/home/tianlong/Downloads//test/kcpamicxjs.mp4,1,0.026411895
/home/tianlong/Downloads//test/mbnvlpwewk.mp4,1,0.88969123
/home/tianlong/Downloads//test/wjqdwzowcg.mp4,1,5.996229e-05
/home/tianlong/Downloads//test/vqtspwkgwe.mp4,1,0.18582171
/home/tianlong/Downloads//test/rurhyzsnyi.mp4,1,1.0
/home/tianlong/Downloads//test/sipuxpudya.mp4,1,5.3817653e-06
/home/tianlong/Downloads//test/scchmtbzar.mp4,1,0.9999998
/home/tianlong/Downloads//test/qyhlzalxzm.mp4,1,0.24862304
/home/tianlong/Downloads//test/ektrtuwidv.mp4,1,0.39805254
/home/tianlong/Downloads//test/scbfkrlytb.mp4,1,0.004259628
/home/tianlong/Downloads//test/kxnsmwhqtl.mp4,1,0.19775394
/home/tianlong/Downloads//test/fiayeurvwb.mp4,1,0.20702574
/home/tianlong/Downloads//test/xpuntxtdbs.mp4,1,1.0
/home/tianlong/Downloads//test/edvyxmzpoy.mp4,1,0.07246055
/home/tianlong/Downloads//test/thnywrwayf.mp4,1,0.21498013
/home/tianlong/Downloads//test/xojauzdavy.mp4,1,0.7638872
/home/tianlong/Downloads//test/kaajaxzivt.mp4,1,0.2120436
/home/tianlong/Downloads//test/fmvdkhucsz.mp4,1,0.014788386
/home/tianlong/Downloads//test/mdkqmouddq.mp4,1,0.0010060306
/home/tianlong/Downloads//test/ehtvcnlsfl.mp4,1,1.3225426e-19
/home/tianlong/Downloads//test/iizsrcugyd.mp4,1,0.8333705
/home/tianlong/Downloads//test/hurlxdpsxl.mp4,1,3.8012217e-08
/home/tianlong/Downloads//test/rvfhfbutlx.mp4,1,0.99999255
/home/tianlong/Downloads//test/ycxkcnwrbw.mp4,1,0.5567077
/home/tianlong/Downloads//test/jrmgqzgcmj.mp4,1,3.148182e-05
/home/tianlong/Downloads//test/cinrseylyp.mp4,1,0.17268261
/home/tianlong/Downloads//test/uhvmrfksax.mp4,1,0.0038958085
/home/tianlong/Downloads//test/djjdzsivvi.mp4,1,0.005854092
/home/tianlong/Downloads//test/pmulgdcejl.mp4,1,0.050697595
/home/tianlong/Downloads//test/ngvbaolyub.mp4,1,7.86932e-08
/home/tianlong/Downloads//test/kpyyjmxmoj.mp4,1,2.7289402e-09
/home/tianlong/Downloads//test/xhizcimlzp.mp4,1,0.2730462
/home/tianlong/Downloads//test/ulygywporv.mp4,1,0.14806727
/home/tianlong/Downloads//test/psunkvudmg.mp4,1,0.0013464566
/home/tianlong/Downloads//test/ctarrlrgdy.mp4,1,5.7863355e-05
/home/tianlong/Downloads//test/hdzygqltzu.mp4,1,0.9983673
/home/tianlong/Downloads//test/rvtfddfweu.mp4,1,0.15391469
/home/tianlong/Downloads//test/kaeouvuasm.mp4,1,0.0014790653
/home/tianlong/Downloads//test/rzivzpozjr.mp4,1,9.5643756e-08
/home/tianlong/Downloads//test/stfqbsbvfy.mp4,1,0.13999778
/home/tianlong/Downloads//test/qbhoufagsa.mp4,1,7.8540745e-07
/home/tianlong/Downloads//test/xycfzkbnhy.mp4,1,0.75697374
/home/tianlong/Downloads//test/zudnvkagjk.mp4,1,0.5212596
/home/tianlong/Downloads//test/feaqnlczwc.mp4,1,6.830392e-16
/home/tianlong/Downloads//test/rqviqcsbzw.mp4,1,0.998736
/home/tianlong/Downloads//test/dhfcwchsir.mp4,1,0.06552884
/home/tianlong/Downloads//test/cglpyitrzw.mp4,1,0.20106165
/home/tianlong/Downloads//test/yjypqyrhyi.mp4,1,0.9263458
/home/tianlong/Downloads//test/fokuimoqkh.mp4,1,0.22212343
/home/tianlong/Downloads//test/xzouvgiqha.mp4,1,0.0025896418
/home/tianlong/Downloads//test/qyjbhkeqes.mp4,1,7.6058836e-06
/home/tianlong/Downloads//test/phngwcpbqw.mp4,1,0.0007427484
/home/tianlong/Downloads//test/rjcjcdkzkw.mp4,1,0.00046835383
/home/tianlong/Downloads//test/legilvljip.mp4,1,0.9696291
/home/tianlong/Downloads//test/bukegrztbb.mp4,1,0.0021473253
/home/tianlong/Downloads//test/yvaxmtbtgx.mp4,1,0.40033945
/home/tianlong/Downloads//test/saljlsmnet.mp4,1,1.0
/home/tianlong/Downloads//test/ezupajzwdl.mp4,1,0.9973606
/home/tianlong/Downloads//test/xeszevnech.mp4,1,1.9675667e-13
/home/tianlong/Downloads//test/fbqwomdehr.mp4,1,5.6398153e-10
/home/tianlong/Downloads//test/itdywxjknn.mp4,1,0.41453856
/home/tianlong/Downloads//test/zwupuzlefv.mp4,1,7.60293e-05
/home/tianlong/Downloads//test/qcrofjquht.mp4,1,0.9982959
/home/tianlong/Downloads//test/jblkcfejih.mp4,1,1.292096e-21
/home/tianlong/Downloads//test/howruupkxw.mp4,1,0.0045547737
/home/tianlong/Downloads//test/xslxboadvn.mp4,1,0.00051323057
/home/tianlong/Downloads//test/rzykslnkdi.mp4,1,0.24684675
/home/tianlong/Downloads//test/govjvzfbcj.mp4,1,0.015450442
/home/tianlong/Downloads//test/fwbvksfidm.mp4,1,0.34273538
/home/tianlong/Downloads//test/khokwspqph.mp4,1,0.55256873
/home/tianlong/Downloads//test/sslrtrxyaj.mp4,1,1.1641771e-06
/home/tianlong/Downloads//test/zdmknyhzoo.mp4,1,1.3796825e-17
/home/tianlong/Downloads//test/rzjpckpslj.mp4,1,0.0
/home/tianlong/Downloads//test/pscilvlcfe.mp4,1,2.9397419e-05
/home/tianlong/Downloads//test/rlwkdhgoqw.mp4,1,0.86845416
/home/tianlong/Downloads//test/cmpkopoabr.mp4,1,0.49905467
/home/tianlong/Downloads//test/dbljnexmlf.mp4,1,0.11776372
/home/tianlong/Downloads//test/atfuphvjft.mp4,1,0.98024
/home/tianlong/Downloads//test/zdldobedod.mp4,1,7.730179e-08
/home/tianlong/Downloads//test/iknfqmugud.mp4,1,0.9397647
/home/tianlong/Downloads//test/whusuiiqmt.mp4,1,0.57814276
/home/tianlong/Downloads//test/ksrnzzbcsz.mp4,1,0.9886184
/home/tianlong/Downloads//test/xxhuecshhw.mp4,1,1.1612953e-09
/home/tianlong/Downloads//test/okmlcbefeu.mp4,1,0.061312146
/home/tianlong/Downloads//test/xryrhuskyd.mp4,1,0.835265
/home/tianlong/Downloads//test/wevygelkrl.mp4,1,0.0053077224
/home/tianlong/Downloads//test/rdpausigpg.mp4,1,3.4251223e-11
/home/tianlong/Downloads//test/fdziwiuoer.mp4,1,0.0047639213
/home/tianlong/Downloads//test/kykmrtoitd.mp4,1,1.0
/home/tianlong/Downloads//test/eacsjvcmlp.mp4,1,0.9902465
/home/tianlong/Downloads//test/asvuutypvz.mp4,1,0.5966249
/home/tianlong/Downloads//test/nucqorkejg.mp4,1,0.21442588
/home/tianlong/Downloads//test/ctpexqamtx.mp4,1,0.7887467
/home/tianlong/Downloads//test/vnsxdkjjtk.mp4,1,0.20239139
/home/tianlong/Downloads//test/cktsyobheu.mp4,1,0.0020373606
/home/tianlong/Downloads//test/kccicuhxgk.mp4,1,0.87589455
/home/tianlong/Downloads//test/qckjihxoze.mp4,1,0.9987544
/home/tianlong/Downloads//test/gvqtnedfso.mp4,1,0.025545683
/home/tianlong/Downloads//test/ajxkvlpgov.mp4,1,0.5057672
/home/tianlong/Downloads//test/srlilcjhaf.mp4,1,0.20266394
/home/tianlong/Downloads//test/qfjxksudna.mp4,1,0.56489795
/home/tianlong/Downloads//test/hstvglyexy.mp4,1,0.66695577
/home/tianlong/Downloads//test/jyyvhnsyys.mp4,1,0.48155984
/home/tianlong/Downloads//test/whxqigkgyk.mp4,1,0.5004304
/home/tianlong/Downloads//test/mqzrlecakr.mp4,1,0.003710034
/home/tianlong/Downloads//test/aeplbqxnge.mp4,1,4.6736716e-15
/home/tianlong/Downloads//test/inwaznexiv.mp4,1,4.1239355e-06
/home/tianlong/Downloads//test/anfupdhmyr.mp4,1,0.60137546
/home/tianlong/Downloads//test/wbvlgevkmb.mp4,1,0.0004796417
/home/tianlong/Downloads//test/uiykwgaarz.mp4,1,0.9977337
/home/tianlong/Downloads//test/nvarnevska.mp4,1,0.25773698
/home/tianlong/Downloads//test/ooczenomzk.mp4,1,0.27359718
/home/tianlong/Downloads//test/qtjuhlppot.mp4,1,0.20032212
/home/tianlong/Downloads//test/drqtyzvhdd.mp4,1,0.28523368
/home/tianlong/Downloads//test/ytljvippwv.mp4,1,0.22791624
/home/tianlong/Downloads//test/skrqoagxle.mp4,1,0.7475118
/home/tianlong/Downloads//test/shwkznunyp.mp4,1,0.20069273
/home/tianlong/Downloads//test/tlsoagxovk.mp4,1,0.18250799
/home/tianlong/Downloads//test/enpshnkugu.mp4,1,0.36280933
/home/tianlong/Downloads//test/vitjdpnfpi.mp4,1,0.0013331007
/home/tianlong/Downloads//test/jovrnujurf.mp4,1,0.00029101135
/home/tianlong/Downloads//test/sbwemwjlsl.mp4,1,0.32722014
/home/tianlong/Downloads//test/uclzxnftij.mp4,1,4.4610555e-08
/home/tianlong/Downloads//test/sdqjjttckw.mp4,1,0.6252894
/home/tianlong/Downloads//test/wtmggpeiom.mp4,1,1.0
