Video,Label,Prediction
/home/tianlong/Downloads//test/myvwyfdnxu.mp4,0,0.22900903
/home/tianlong/Downloads//test/uxgkqpiykp.mp4,0,0.15710486
/home/tianlong/Downloads//test/qyscponfaf.mp4,0,0.004192325
/home/tianlong/Downloads//test/tmgmbnzrrz.mp4,0,0.6021999
/home/tianlong/Downloads//test/wfmeffvvce.mp4,0,0.015625028
/home/tianlong/Downloads//test/fwrcfaglhz.mp4,0,0.42540622
/home/tianlong/Downloads//test/itfzfpuilx.mp4,0,5.6237393e-08
/home/tianlong/Downloads//test/wupoiiknff.mp4,0,9.560172e-18
/home/tianlong/Downloads//test/dscprfjses.mp4,0,0.396371
/home/tianlong/Downloads//test/ofntcunuqn.mp4,0,1.6793041e-07
/home/tianlong/Downloads//test/imnzannmcr.mp4,0,0.47287655
/home/tianlong/Downloads//test/jidkzoagws.mp4,0,0.9824823
/home/tianlong/Downloads//test/nkpqkddsgt.mp4,0,0.007336953
/home/tianlong/Downloads//test/xqmrrciral.mp4,0,1.1608032e-07
/home/tianlong/Downloads//test/ykfllpyawg.mp4,0,0.15819526
/home/tianlong/Downloads//test/bpieoyctzo.mp4,0,0.35708982
/home/tianlong/Downloads//test/wjrepvzlsv.mp4,0,0.2519589
/home/tianlong/Downloads//test/voucpidonq.mp4,0,0.17628582
/home/tianlong/Downloads//test/fxfxtrrkeq.mp4,0,0.5833701
/home/tianlong/Downloads//test/qggfpdkyzi.mp4,0,0.43757573
/home/tianlong/Downloads//test/xyucutnxhz.mp4,0,4.4602705e-10
/home/tianlong/Downloads//test/rkxepdkger.mp4,0,0.0024627803
/home/tianlong/Downloads//test/fxxpxoqoxp.mp4,0,0.1833864
/home/tianlong/Downloads//test/jkxxwfycsj.mp4,0,0.43793267
/home/tianlong/Downloads//test/qbearsyziz.mp4,0,0.71384704
/home/tianlong/Downloads//test/kyrbveruev.mp4,0,0.022316404
/home/tianlong/Downloads//test/pdyrvsvwyi.mp4,0,0.48999658
/home/tianlong/Downloads//test/bpxxmxuvuy.mp4,0,0.5177086
/home/tianlong/Downloads//test/ekxsduhvwh.mp4,0,0.0022824628
/home/tianlong/Downloads//test/ocsqqqduxx.mp4,0,7.209981e-14
/home/tianlong/Downloads//test/qufzdwetss.mp4,0,0.5177429
/home/tianlong/Downloads//test/vwqrtxbwye.mp4,0,0.60196143
/home/tianlong/Downloads//test/zuduvanawx.mp4,0,0.0052040406
/home/tianlong/Downloads//test/rkjhxvdnsv.mp4,0,0.36961645
/home/tianlong/Downloads//test/hpcivouyku.mp4,0,0.24422249
/home/tianlong/Downloads//test/vgndywbmgf.mp4,0,0.07001155
/home/tianlong/Downloads//test/hfgczdzbix.mp4,0,0.12535346
/home/tianlong/Downloads//test/rwehwmmutn.mp4,0,0.07895409
/home/tianlong/Downloads//test/jyfnzyvznx.mp4,0,0.09024902
/home/tianlong/Downloads//test/jxpodcendq.mp4,0,0.18600181
/home/tianlong/Downloads//test/kgynainlug.mp4,0,0.06853352
/home/tianlong/Downloads//test/hqgervpkkf.mp4,0,0.4898294
/home/tianlong/Downloads//test/defeqlyysh.mp4,0,0.46482077
/home/tianlong/Downloads//test/xzkwbswkao.mp4,0,0.36970183
/home/tianlong/Downloads//test/hhdblnxhtj.mp4,0,0.0023020394
/home/tianlong/Downloads//test/oaptmwroki.mp4,0,0.014900701
/home/tianlong/Downloads//test/djlkkqmjkk.mp4,0,0.023138806
/home/tianlong/Downloads//test/motfposykz.mp4,0,0.6443818
/home/tianlong/Downloads//test/shvfupmrho.mp4,0,0.13252802
/home/tianlong/Downloads//test/escwmsthiz.mp4,0,0.69980747
/home/tianlong/Downloads//test/ctpypmzfnl.mp4,0,4.2437924e-07
/home/tianlong/Downloads//test/sjqrdyzkgl.mp4,0,0.42322463
/home/tianlong/Downloads//test/ddrjnwlugg.mp4,0,7.756402e-06
/home/tianlong/Downloads//test/hxfqltenqh.mp4,0,0.112476826
/home/tianlong/Downloads//test/umerhoubxw.mp4,0,2.8418844e-08
/home/tianlong/Downloads//test/jxrpqynwlt.mp4,0,0.009406617
/home/tianlong/Downloads//test/hprzotbjtj.mp4,0,0.68745273
/home/tianlong/Downloads//test/cqewayywpg.mp4,0,0.11335111
/home/tianlong/Downloads//test/nvptcoxzah.mp4,0,0.3466785
/home/tianlong/Downloads//test/uvzlfuxalu.mp4,0,0.37579134
/home/tianlong/Downloads//test/mfcbgbcuvb.mp4,0,6.9600783e-11
/home/tianlong/Downloads//test/tmtoypmqwt.mp4,0,0.8427949
/home/tianlong/Downloads//test/bsjucwhlrj.mp4,0,0.085051954
/home/tianlong/Downloads//test/hlsubhyoea.mp4,0,0.009651631
/home/tianlong/Downloads//test/deslnszgpy.mp4,0,2.5631628e-12
/home/tianlong/Downloads//test/tfwdbkwvgz.mp4,0,0.2718397
/home/tianlong/Downloads//test/ufxafdxpat.mp4,0,9.18283e-06
/home/tianlong/Downloads//test/lmacrzidyh.mp4,0,0.021567555
/home/tianlong/Downloads//test/wyiajvmitt.mp4,0,0.001602406
/home/tianlong/Downloads//test/xbdnqfbxcv.mp4,0,0.00038032094
/home/tianlong/Downloads//test/mhfnldxixw.mp4,0,0.65419054
/home/tianlong/Downloads//test/pfiigjlcct.mp4,0,0.0003005447
/home/tianlong/Downloads//test/ldtibsniik.mp4,0,0.000842577
/home/tianlong/Downloads//test/gwzttezkpv.mp4,0,0.7415942
/home/tianlong/Downloads//test/pevmkpamhv.mp4,0,0.012179595
/home/tianlong/Downloads//test/zcfpsnaujx.mp4,0,0.18405192
/home/tianlong/Downloads//test/slvcfpalev.mp4,0,0.50428355
/home/tianlong/Downloads//test/ctdwtfcjei.mp4,0,0.74199474
/home/tianlong/Downloads//test/vxwsisekmb.mp4,0,0.032941125
/home/tianlong/Downloads//test/pkoadvlpga.mp4,0,2.134182e-10
/home/tianlong/Downloads//test/ofapaanpkl.mp4,0,0.021620031
/home/tianlong/Downloads//test/huzryvwrfa.mp4,0,0.582955
/home/tianlong/Downloads//test/knjoasqzvt.mp4,0,0.8867462
/home/tianlong/Downloads//test/cedpyannqf.mp4,0,0.31244203
/home/tianlong/Downloads//test/mdwtpvlbrz.mp4,0,0.00636327
/home/tianlong/Downloads//test/hfcxlucrbj.mp4,0,0.027521193
/home/tianlong/Downloads//test/wbsajsyaej.mp4,0,0.28442585
/home/tianlong/Downloads//test/tbqrwehekx.mp4,0,0.031977497
/home/tianlong/Downloads//test/shslgpeisw.mp4,0,0.0009134562
/home/tianlong/Downloads//test/epgfqrvwlr.mp4,0,7.177826e-08
/home/tianlong/Downloads//test/fduhwlydlg.mp4,0,0.18014328
/home/tianlong/Downloads//test/cpmridjxbc.mp4,0,0.029446688
/home/tianlong/Downloads//test/kphflojove.mp4,0,0.004072977
/home/tianlong/Downloads//test/hlcpwfwcyw.mp4,0,0.6152067
/home/tianlong/Downloads//test/bpeemkcxad.mp4,0,0.09850297
/home/tianlong/Downloads//test/jkadnvoqhk.mp4,0,0.8011023
/home/tianlong/Downloads//test/lzzpsosige.mp4,0,0.00014779085
/home/tianlong/Downloads//test/pxtwhbaxjq.mp4,0,0.6275028
/home/tianlong/Downloads//test/pxgcsltbuo.mp4,0,0.10042964
/home/tianlong/Downloads//test/gmepmwcgwg.mp4,0,0.00014430036
/home/tianlong/Downloads//test/tnetytnegv.mp4,0,7.604938e-13
/home/tianlong/Downloads//test/sxmqvznwwq.mp4,0,0.015130003
/home/tianlong/Downloads//test/partcfzlbj.mp4,0,2.2939177e-05
/home/tianlong/Downloads//test/tnkmovifrb.mp4,0,0.99530727
/home/tianlong/Downloads//test/dpgznlwvpx.mp4,0,1.0711313e-11
/home/tianlong/Downloads//test/mbpbbekqks.mp4,0,0.0958813
/home/tianlong/Downloads//test/hdbejalgtx.mp4,0,0.00012652975
/home/tianlong/Downloads//test/bmdiaytrcm.mp4,0,0.013029128
/home/tianlong/Downloads//test/yghxoihrle.mp4,0,0.11759789
/home/tianlong/Downloads//test/vcgelshrli.mp4,0,0.14175774
/home/tianlong/Downloads//test/yvdnbmbwyh.mp4,0,0.510976
/home/tianlong/Downloads//test/kmakhupeac.mp4,0,0.09655027
/home/tianlong/Downloads//test/ccevbixrwu.mp4,0,0.0008040061
/home/tianlong/Downloads//test/edavfjsjzw.mp4,0,0.25008208
/home/tianlong/Downloads//test/znmzmierff.mp4,0,0.188072
/home/tianlong/Downloads//test/kiotoqmmfj.mp4,0,0.5903339
/home/tianlong/Downloads//test/nqctdktbtb.mp4,0,0.05661404
/home/tianlong/Downloads//test/inneixkosf.mp4,0,0.27789286
/home/tianlong/Downloads//test/occrrsyizc.mp4,0,0.37016672
/home/tianlong/Downloads//test/zfecmsiodq.mp4,0,0.24830088
/home/tianlong/Downloads//test/haknpmhigp.mp4,0,0.019392338
/home/tianlong/Downloads//test/zjbwxmmrgk.mp4,0,1.0005483e-09
/home/tianlong/Downloads//test/qgpabkriss.mp4,0,0.9729347
/home/tianlong/Downloads//test/liureznisp.mp4,0,0.4980561
/home/tianlong/Downloads//test/bzdywpajvr.mp4,0,0.17141922
/home/tianlong/Downloads//test/jniytngcmy.mp4,0,0.86228716
/home/tianlong/Downloads//test/idklchvhxp.mp4,0,0.29598784
/home/tianlong/Downloads//test/pijzjjchqn.mp4,0,0.99220437
/home/tianlong/Downloads//test/pjnsejazpl.mp4,0,2.5774327e-05
/home/tianlong/Downloads//test/gpaqoqegbn.mp4,0,0.035127837
/home/tianlong/Downloads//test/xsxwrwvfkg.mp4,0,0.056085497
/home/tianlong/Downloads//test/arwefyghir.mp4,0,0.44850397
/home/tianlong/Downloads//test/ptgvxdueef.mp4,0,1.3653458e-05
/home/tianlong/Downloads//test/plljpjscih.mp4,0,0.011133891
/home/tianlong/Downloads//test/jozfaxodnx.mp4,0,0.21505055
/home/tianlong/Downloads//test/girdwtjwsr.mp4,0,0.067114994
/home/tianlong/Downloads//test/jbaahohsns.mp4,0,0.32612705
/home/tianlong/Downloads//test/uetfcmaryk.mp4,0,0.51197445
/home/tianlong/Downloads//test/oqbltrmhvt.mp4,0,0.018872853
/home/tianlong/Downloads//test/dvtzvkcrku.mp4,0,0.4671641
/home/tianlong/Downloads//test/qjilklnynm.mp4,0,0.004506762
/home/tianlong/Downloads//test/tcsdjwbihw.mp4,0,0.5380481
/home/tianlong/Downloads//test/zhftwvtutp.mp4,0,0.30088276
/home/tianlong/Downloads//test/xgktqwvknw.mp4,0,2.939069e-18
/home/tianlong/Downloads//test/cdeesuuuqz.mp4,0,0.4879226
/home/tianlong/Downloads//test/ymngcysczs.mp4,0,2.0695285e-09
/home/tianlong/Downloads//test/gctyynjruz.mp4,0,2.321549e-06
/home/tianlong/Downloads//test/vkirqaiuoc.mp4,0,6.653121e-11
/home/tianlong/Downloads//test/ykywskdwlc.mp4,0,0.22447553
/home/tianlong/Downloads//test/verpxkucoi.mp4,0,0.7035855
/home/tianlong/Downloads//test/gpsqelalbp.mp4,0,0.014614856
/home/tianlong/Downloads//test/paorozwtbf.mp4,0,1.2630692e-09
/home/tianlong/Downloads//test/iaaecuquha.mp4,0,0.12141297
/home/tianlong/Downloads//test/lmgdjtzwau.mp4,0,0.35205147
/home/tianlong/Downloads//test/tayykmblhg.mp4,0,0.073436655
/home/tianlong/Downloads//test/hpurahupjh.mp4,0,1.9754838e-11
/home/tianlong/Downloads//test/uutxmgqajd.mp4,0,0.03958702
/home/tianlong/Downloads//test/rbkcpkwhjn.mp4,0,4.2988263e-06
/home/tianlong/Downloads//test/wtnloygygs.mp4,0,1.149882e-06
/home/tianlong/Downloads//test/biborxaekt.mp4,0,1.4449918e-07
/home/tianlong/Downloads//test/drlnvwvvuw.mp4,0,5.705706e-05
/home/tianlong/Downloads//test/axutpjywuu.mp4,0,0.19840944
/home/tianlong/Downloads//test/jbcnsmlysc.mp4,0,5.562175e-13
/home/tianlong/Downloads//test/ilzhgraxpl.mp4,0,1.2198736e-14
/home/tianlong/Downloads//test/cwqhzuhjol.mp4,0,0.04318393
/home/tianlong/Downloads//test/tlzordotqw.mp4,0,0.0054313447
/home/tianlong/Downloads//test/hdauuytvhx.mp4,0,0.5321723
/home/tianlong/Downloads//test/rtiyduycrn.mp4,0,0.18970701
/home/tianlong/Downloads//test/mdsmgzaltc.mp4,0,0.27736434
/home/tianlong/Downloads//test/mnlxxoicoo.mp4,0,0.19304082
/home/tianlong/Downloads//test/ksfuiztwuc.mp4,0,0.25313467
/home/tianlong/Downloads//test/tpjydgkvdt.mp4,0,0.2552958
/home/tianlong/Downloads//test/nmjesbwiux.mp4,0,7.3775567e-19
/home/tianlong/Downloads//test/egzfaoiuwo.mp4,0,0.0005785952
/home/tianlong/Downloads//test/ucmfbukrkj.mp4,0,7.360302e-06
/home/tianlong/Downloads//test/aoqzxlwvmi.mp4,0,1.3009084e-06
/home/tianlong/Downloads//test/zzjfzeuizr.mp4,0,0.058199428
/home/tianlong/Downloads//test/aunokqsmrt.mp4,0,0.3615229
/home/tianlong/Downloads//test/kudvvlgiff.mp4,0,5.1611804e-09
/home/tianlong/Downloads//test/qqwsabrgxh.mp4,0,0.2772314
/home/tianlong/Downloads//test/pvsslamopo.mp4,0,0.17859787
/home/tianlong/Downloads//test/kawxnfacqs.mp4,0,6.5434906e-06
/home/tianlong/Downloads//test/lxeqbyddvt.mp4,0,8.62834e-12
/home/tianlong/Downloads//test/zylribcaeu.mp4,0,0.4369324
/home/tianlong/Downloads//test/sghdekqnnn.mp4,0,0.78529584
/home/tianlong/Downloads//test/msbqgoxxlh.mp4,0,0.22525075
/home/tianlong/Downloads//test/ubbzrfgzer.mp4,0,0.016866017
/home/tianlong/Downloads//test/vuofhivyfs.mp4,0,0.57627803
/home/tianlong/Downloads//test/xirrbpmlja.mp4,0,9.87435e-13
/home/tianlong/Downloads//test/appvffejyy.mp4,0,0.40677446
/home/tianlong/Downloads//test/nzepxsbotb.mp4,0,0.0064517558
/home/tianlong/Downloads//test/nkqkvwpghi.mp4,0,0.96058214
/home/tianlong/Downloads//test/vdvffooule.mp4,0,0.8184926
/home/tianlong/Downloads//test/rayhrvqorn.mp4,0,2.9051685e-06
/home/tianlong/Downloads//test/cslfapvyjv.mp4,0,1.5189828e-09
/home/tianlong/Downloads//test/rmygsfjyvt.mp4,0,0.60570616
/home/tianlong/Downloads//test/yhbhhibwzo.mp4,0,0.6473794
/home/tianlong/Downloads//test/vlxfyuzygn.mp4,0,0.4533038
/home/tianlong/Downloads//test/zefqhoewww.mp4,0,0.0014963023
/home/tianlong/Downloads//test/vptrrrmhyb.mp4,0,0.81258297
/home/tianlong/Downloads//test/cefolmrrlx.mp4,0,0.2666371
/home/tianlong/Downloads//test/xzmplldajk.mp4,0,0.94654053
/home/tianlong/Downloads//test/hrznynemfj.mp4,0,0.5661327
/home/tianlong/Downloads//test/tkxblcleyd.mp4,0,0.49674654
/home/tianlong/Downloads//test/tlxgwzheli.mp4,0,0.25072756
/home/tianlong/Downloads//test/qvgutokvct.mp4,0,0.23058447
/home/tianlong/Downloads//test/tcwyxrvdpe.mp4,0,0.06470647
/home/tianlong/Downloads//test/jwrypvpvpx.mp4,0,3.535704e-07
/home/tianlong/Downloads//test/bpyjsrjcro.mp4,0,0.12370445
/home/tianlong/Downloads//test/avteqdmbob.mp4,0,0.1478448
/home/tianlong/Downloads//test/aaivbtdyjn.mp4,0,0.0021211638
/home/tianlong/Downloads//test/pokctfragw.mp4,0,5.8411176e-10
/home/tianlong/Downloads//test/vgdllmzjcw.mp4,0,0.2895992
/home/tianlong/Downloads//test/zdlhavfmit.mp4,0,0.29560307
/home/tianlong/Downloads//test/yupsrmckii.mp4,0,0.34454352
/home/tianlong/Downloads//test/pobpsxjbzg.mp4,0,0.31453162
/home/tianlong/Downloads//test/lkvouattut.mp4,0,2.2474132e-12
/home/tianlong/Downloads//test/anjzzdyhno.mp4,0,0.06455358
/home/tianlong/Downloads//test/jvihmimqca.mp4,0,0.2632969
/home/tianlong/Downloads//test/wnoitecfmf.mp4,0,0.0016782088
/home/tianlong/Downloads//test/gbvllwqbjl.mp4,0,0.5400203
/home/tianlong/Downloads//test/gzabjmglim.mp4,0,0.0020247572
/home/tianlong/Downloads//test/paqcbtdulm.mp4,0,0.0020843796
/home/tianlong/Downloads//test/jcbbrqaaaq.mp4,0,0.001000078
/home/tianlong/Downloads//test/nsavbywhlu.mp4,0,0.21382754
/home/tianlong/Downloads//test/zwfebeiqat.mp4,0,0.06864478
/home/tianlong/Downloads//test/pimrsfwcwm.mp4,0,0.22150493
/home/tianlong/Downloads//test/mrvdmwcblt.mp4,0,0.45548606
/home/tianlong/Downloads//test/hedetzyqpu.mp4,0,0.24941549
/home/tianlong/Downloads//test/qytaiboeep.mp4,0,0.067513816
/home/tianlong/Downloads//test/famavifufv.mp4,0,0.08431088
/home/tianlong/Downloads//test/hnselekxwv.mp4,0,0.13322288
/home/tianlong/Downloads//test/emgciwmtuj.mp4,0,1.1197944e-05
/home/tianlong/Downloads//test/wbmvbetcdm.mp4,0,2.880029e-06
/home/tianlong/Downloads//test/mpvnvvihzp.mp4,0,0.3744431
/home/tianlong/Downloads//test/zelgpxflfe.mp4,0,0.75228417
/home/tianlong/Downloads//test/lhjcdavmmg.mp4,0,0.9971034
/home/tianlong/Downloads//test/rxtqqoncwj.mp4,0,0.0007255214
/home/tianlong/Downloads//test/shrpamtirw.mp4,0,0.12647696
/home/tianlong/Downloads//test/qhzlgrtgto.mp4,0,8.383863e-08
/home/tianlong/Downloads//test/uuzyzglejw.mp4,0,0.5707788
/home/tianlong/Downloads//test/bmnpqrwnex.mp4,0,2.4496103e-05
/home/tianlong/Downloads//test/dtssdnhgiw.mp4,0,0.8054541
/home/tianlong/Downloads//test/rlhmppiklf.mp4,0,0.53468883
/home/tianlong/Downloads//test/sswhgeqjrt.mp4,0,0.1901013
/home/tianlong/Downloads//test/emxqsgqtdz.mp4,0,0.13827808
/home/tianlong/Downloads//test/bcwtjzsutw.mp4,0,0.57589173
/home/tianlong/Downloads//test/uomfimsutw.mp4,0,0.7285073
/home/tianlong/Downloads//test/mztlucosuc.mp4,0,0.30665913
/home/tianlong/Downloads//test/ntcfyojagi.mp4,0,2.8525125e-07
/home/tianlong/Downloads//test/wrbuiboyat.mp4,0,0.985126
/home/tianlong/Downloads//test/xiqecarvpb.mp4,0,0.050660335
/home/tianlong/Downloads//test/fcvzlzfufb.mp4,0,0.78172445
/home/tianlong/Downloads//test/savqrjnncg.mp4,0,0.07024996
/home/tianlong/Downloads//test/icqmqztbry.mp4,0,0.21805087
/home/tianlong/Downloads//test/zzrmokkxka.mp4,0,0.105815426
/home/tianlong/Downloads//test/btgxrrldio.mp4,0,0.110541224
/home/tianlong/Downloads//test/zdnepyqjiy.mp4,0,0.40183568
/home/tianlong/Downloads//test/fybiztpnrc.mp4,0,0.67901176
/home/tianlong/Downloads//test/parqhrknkf.mp4,0,0.43986169
/home/tianlong/Downloads//test/tvffpggbrc.mp4,0,0.5674941
/home/tianlong/Downloads//test/rtpuwtrxsr.mp4,0,0.090951756
/home/tianlong/Downloads//test/tgmqfzsznf.mp4,0,5.0520408e-05
/home/tianlong/Downloads//test/eqabuehals.mp4,0,0.00066040974
/home/tianlong/Downloads//test/ikebomnsiq.mp4,0,0.1458016
/home/tianlong/Downloads//test/wfzxrfxohw.mp4,0,0.065398045
/home/tianlong/Downloads//test/dqfgwejsvm.mp4,0,6.6911e-10
/home/tianlong/Downloads//test/lxadgjqzbf.mp4,0,0.31745753
/home/tianlong/Downloads//test/tdahgbtenl.mp4,0,0.06091128
/home/tianlong/Downloads//test/bivzhsmrqo.mp4,0,0.37206477
/home/tianlong/Downloads//test/vzxluflrhn.mp4,0,6.920789e-06
/home/tianlong/Downloads//test/ikmsdmynbf.mp4,0,0.54819214
/home/tianlong/Downloads//test/kuqbgbrypa.mp4,0,0.9842021
/home/tianlong/Downloads//test/nfstajzaot.mp4,0,2.584919e-10
/home/tianlong/Downloads//test/dultiznosk.mp4,0,9.426019e-05
/home/tianlong/Downloads//test/ckqfqernbf.mp4,0,0.15394107
/home/tianlong/Downloads//test/kbdwudhhwf.mp4,0,1.3746117e-07
/home/tianlong/Downloads//test/hqpjmwyygq.mp4,0,7.261246e-14
/home/tianlong/Downloads//test/tjyuudtkme.mp4,0,0.13317795
/home/tianlong/Downloads//test/tihgxlmfcj.mp4,0,0.008209267
/home/tianlong/Downloads//test/sgdnbofecu.mp4,0,0.4181901
/home/tianlong/Downloads//test/pgamqeolau.mp4,0,6.9918954e-10
/home/tianlong/Downloads//test/ijeqomctsa.mp4,0,3.4804753e-08
/home/tianlong/Downloads//test/ppruxbqpmc.mp4,0,0.47550473
/home/tianlong/Downloads//test/hkvfyeacje.mp4,0,7.174611e-06
/home/tianlong/Downloads//test/zqrzqekofe.mp4,0,0.48508295
/home/tianlong/Downloads//test/iwzbgmtsuh.mp4,0,0.3149135
/home/tianlong/Downloads//test/dbixwxtuxs.mp4,0,0.7047672
/home/tianlong/Downloads//test/cepqcoseaj.mp4,0,0.22025962
/home/tianlong/Downloads//test/gypapuqdrx.mp4,0,0.010229615
/home/tianlong/Downloads//test/djhhnixfyi.mp4,0,0.06575812
/home/tianlong/Downloads//test/fkarxowzuf.mp4,0,0.36522347
/home/tianlong/Downloads//test/gfxnuidfgl.mp4,0,0.167047
/home/tianlong/Downloads//test/vsreebjsfs.mp4,0,0.01323746
/home/tianlong/Downloads//test/manqchicur.mp4,0,0.93254936
/home/tianlong/Downloads//test/gztffgsxpt.mp4,0,5.2158293e-07
/home/tianlong/Downloads//test/jdzkykqgsx.mp4,0,4.5234337e-08
/home/tianlong/Downloads//test/cvbubcwkkl.mp4,0,1.6447915e-20
/home/tianlong/Downloads//test/bgqhldvsgc.mp4,0,0.00021114302
/home/tianlong/Downloads//test/blqgpxokwq.mp4,0,0.16444203
/home/tianlong/Downloads//test/cxvayntesu.mp4,0,0.027188217
/home/tianlong/Downloads//test/dxepehnhgm.mp4,0,0.6609277
/home/tianlong/Downloads//test/bcgjlsupne.mp4,0,0.04468619
/home/tianlong/Downloads//test/uhynwthfhf.mp4,0,0.19586506
/home/tianlong/Downloads//test/gocrdvihos.mp4,0,0.0005803202
/home/tianlong/Downloads//test/gtyvtbojpp.mp4,0,0.003518816
/home/tianlong/Downloads//test/eqtwkqxolz.mp4,0,0.0018600241
/home/tianlong/Downloads//test/arwiyweadv.mp4,0,0.0077277296
/home/tianlong/Downloads//test/mlizcisxro.mp4,0,3.7767318e-08
/home/tianlong/Downloads//test/miiymgajty.mp4,0,0.80921143
/home/tianlong/Downloads//test/ragjclplkx.mp4,0,0.727806
/home/tianlong/Downloads//test/wxrfuemtxj.mp4,0,0.20314607
/home/tianlong/Downloads//test/xxupwwukoh.mp4,0,0.012727344
/home/tianlong/Downloads//test/qdantvtdji.mp4,0,0.00036330707
/home/tianlong/Downloads//test/oqehnuhbwa.mp4,0,0.21666262
/home/tianlong/Downloads//test/yzqbwkwxsn.mp4,0,0.066697754
/home/tianlong/Downloads//test/osjaqtkkdt.mp4,0,0.16912678
/home/tianlong/Downloads//test/nthlmvjxac.mp4,0,0.025285047
/home/tianlong/Downloads//test/dpegbdzijf.mp4,0,0.0002791785
/home/tianlong/Downloads//test/ezgusylcyf.mp4,0,0.73258466
/home/tianlong/Downloads//test/isxxybhuls.mp4,0,0.082812145
/home/tianlong/Downloads//test/dbqbwrcvjk.mp4,0,0.40041867
/home/tianlong/Downloads//test/qqrvyhjznq.mp4,0,0.40393448
/home/tianlong/Downloads//test/ohdtmpzbtp.mp4,0,0.0009491773
/home/tianlong/Downloads//test/oupztxzdln.mp4,0,2.8854337e-09
/home/tianlong/Downloads//test/snidpujjti.mp4,0,0.44481483
/home/tianlong/Downloads//test/yoxdseoukl.mp4,0,0.324315
/home/tianlong/Downloads//test/bxsdnqizii.mp4,0,0.7701038
/home/tianlong/Downloads//test/ihszkmcwvw.mp4,0,4.831701e-07
/home/tianlong/Downloads//test/rgrqhjtoby.mp4,0,0.12080878
/home/tianlong/Downloads//test/vqibhetnwa.mp4,0,0.050088614
/home/tianlong/Downloads//test/rkqqgwurqt.mp4,0,1.242805e-15
/home/tianlong/Downloads//test/axdepsfowg.mp4,0,0.0113976495
/home/tianlong/Downloads//test/dcpmipuapc.mp4,0,8.7595447e-07
/home/tianlong/Downloads//test/ncjqganhal.mp4,0,0.55575025
/home/tianlong/Downloads//test/qnbnlmpqpu.mp4,0,0.23012272
/home/tianlong/Downloads//test/ieoervpooz.mp4,0,4.1107045e-17
/home/tianlong/Downloads//test/fscyfygpyk.mp4,0,0.070416465
/home/tianlong/Downloads//test/pitpjawwwp.mp4,0,0.015656946
/home/tianlong/Downloads//test/geturetbpy.mp4,0,0.17271289
/home/tianlong/Downloads//test/kwsraaqime.mp4,0,0.7238463
/home/tianlong/Downloads//test/lhgoghqmub.mp4,0,0.066200234
/home/tianlong/Downloads//test/kdmonvkpqd.mp4,0,0.14729837
/home/tianlong/Downloads//test/wrcelewmpa.mp4,0,0.08997444
/home/tianlong/Downloads//test/bxqgvzamnx.mp4,0,0.67968357
/home/tianlong/Downloads//test/nliofvksed.mp4,0,0.1297875
/home/tianlong/Downloads//test/mwjnvghsbe.mp4,0,0.09026938
/home/tianlong/Downloads//test/ygiscbckjl.mp4,0,0.987795
/home/tianlong/Downloads//test/wscclwhfsr.mp4,0,0.0002763961
/home/tianlong/Downloads//test/hddminxrhw.mp4,0,0.000114912305
/home/tianlong/Downloads//test/ncrkggcdqp.mp4,0,0.018541511
/home/tianlong/Downloads//test/xjinzawywt.mp4,0,0.06566602
/home/tianlong/Downloads//test/korrsqtkke.mp4,0,0.81844556
/home/tianlong/Downloads//test/tskjnnvjsa.mp4,0,0.09261099
/home/tianlong/Downloads//test/tyjxmknivy.mp4,0,0.70847833
/home/tianlong/Downloads//test/qyvqrtscbk.mp4,0,9.683744e-10
/home/tianlong/Downloads//test/kxnybtbpkl.mp4,0,0.017326158
/home/tianlong/Downloads//test/wiqtkqwfsw.mp4,0,0.91461515
/home/tianlong/Downloads//test/bevjclbhuo.mp4,0,2.217754e-12
/home/tianlong/Downloads//test/shwulrbsfx.mp4,0,0.34315282
/home/tianlong/Downloads//test/mohtuktaaq.mp4,0,5.9963777e-06
/home/tianlong/Downloads//test/fwsypadiom.mp4,0,0.17682251
/home/tianlong/Downloads//test/buywrbgfqy.mp4,0,3.0860792e-07
/home/tianlong/Downloads//test/bljpdykszf.mp4,0,0.004776812
/home/tianlong/Downloads//test/ztxdkcoxvx.mp4,0,0.4065
/home/tianlong/Downloads//test/oqeoibjbim.mp4,0,2.0770405e-10
/home/tianlong/Downloads//test/szwhgmrrhm.mp4,0,0.61581576
/home/tianlong/Downloads//test/xnydmgdhum.mp4,0,0.12086542
/home/tianlong/Downloads//test/fltaysfwct.mp4,0,0.1328943
/home/tianlong/Downloads//test/akdvkdoyoh.mp4,0,0.4607491
/home/tianlong/Downloads//test/ftfemkjnot.mp4,0,0.53097486
/home/tianlong/Downloads//test/gmbckelbzp.mp4,0,0.0001499982
/home/tianlong/Downloads//test/jjzveabagf.mp4,0,0.2877122
/home/tianlong/Downloads//test/dfqwasrdvq.mp4,0,0.85792434
/home/tianlong/Downloads//test/diskzkrrph.mp4,0,0.00040659355
/home/tianlong/Downloads//test/jtwpwdqmxz.mp4,0,0.0026510898
/home/tianlong/Downloads//test/qivnumuetu.mp4,0,0.0003303557
/home/tianlong/Downloads//test/blmuzhjygg.mp4,0,1.0118059e-05
/home/tianlong/Downloads//test/sbxlfehzjc.mp4,0,0.022890218
/home/tianlong/Downloads//test/tcwhwssdnv.mp4,0,0.90957224
/home/tianlong/Downloads//test/bkbokyebco.mp4,0,0.48342744
/home/tianlong/Downloads//test/vojsghpebv.mp4,0,0.5939194
/home/tianlong/Downloads//test/opuhoerhxb.mp4,0,0.7071942
/home/tianlong/Downloads//test/mmhdcoqsve.mp4,0,0.5460622
/home/tianlong/Downloads//test/ewxddjqzml.mp4,0,0.008141929
/home/tianlong/Downloads//test/dznchaiaqh.mp4,0,0.6041056
/home/tianlong/Downloads//test/mloeefokyq.mp4,0,3.158854e-12
/home/tianlong/Downloads//test/fgkpembbpv.mp4,0,9.594264e-07
/home/tianlong/Downloads//test/orqafstesq.mp4,0,0.7058694
/home/tianlong/Downloads//test/ckgabgjnca.mp4,0,0.2227726
/home/tianlong/Downloads//test/iuvhrgckrt.mp4,0,0.3539003
/home/tianlong/Downloads//test/vlzwcejywm.mp4,0,0.42181754
/home/tianlong/Downloads//test/cpucjmfawf.mp4,0,0.58944637
/home/tianlong/Downloads//test/ekvhyeycpr.mp4,0,0.38781983
/home/tianlong/Downloads//test/tazlckybzu.mp4,0,0.08371599
/home/tianlong/Downloads//test/clxgzkdgta.mp4,0,0.21433544
/home/tianlong/Downloads//test/zlfbumxcxs.mp4,0,0.19225974
/home/tianlong/Downloads//test/plhcceboag.mp4,0,0.059145786
/home/tianlong/Downloads//test/extihvlsxg.mp4,0,3.6194603e-11
/home/tianlong/Downloads//test/olebnvxoyl.mp4,0,0.019561114
/home/tianlong/Downloads//test/opdqcwqxzy.mp4,0,0.012588995
/home/tianlong/Downloads//test/stwaypekwh.mp4,0,0.13649532
/home/tianlong/Downloads//test/xogwctpikv.mp4,0,0.5548607
/home/tianlong/Downloads//test/cjiwxfwcit.mp4,0,0.99962646
/home/tianlong/Downloads//test/txshgvrava.mp4,0,3.1512215e-08
/home/tianlong/Downloads//test/ggpuxwhpri.mp4,0,0.9107049
/home/tianlong/Downloads//test/jlxnzxtopm.mp4,0,0.48817426
/home/tianlong/Downloads//test/thjugpbwcv.mp4,0,0.2989797
/home/tianlong/Downloads//test/pkititkein.mp4,0,0.17532939
/home/tianlong/Downloads//test/hjiwmybauf.mp4,0,0.13371862
/home/tianlong/Downloads//test/efazuieysm.mp4,0,0.33592877
/home/tianlong/Downloads//test/tdzsgrdneg.mp4,0,0.23691526
/home/tianlong/Downloads//test/mkxmvreoth.mp4,0,0.14449331
/home/tianlong/Downloads//test/ofbjiuemkr.mp4,0,0.066633396
/home/tianlong/Downloads//test/dogotzkdiw.mp4,0,0.53933376
/home/tianlong/Downloads//test/qdmvzknbua.mp4,0,0.15273228
/home/tianlong/Downloads//test/pnauelqbxq.mp4,0,6.4961175e-11
/home/tianlong/Downloads//test/sytddqezij.mp4,0,0.27336589
/home/tianlong/Downloads//test/bhpddnqauc.mp4,0,0.001621356
/home/tianlong/Downloads//test/imtkdzkypf.mp4,0,0.3436124
/home/tianlong/Downloads//test/kbodjivgqu.mp4,0,1.8079375e-06
/home/tianlong/Downloads//test/qtxraeaxeh.mp4,0,0.19021828
/home/tianlong/Downloads//test/uaxmqpmswz.mp4,0,6.6531294e-11
/home/tianlong/Downloads//test/qlbapiibba.mp4,0,0.12774917
/home/tianlong/Downloads//test/mzurunkulx.mp4,0,0.00074451417
/home/tianlong/Downloads//test/aujoxrpddn.mp4,0,0.14673941
/home/tianlong/Downloads//test/ebenvuuxld.mp4,0,0.5082215
/home/tianlong/Downloads//test/fsfjlwwsen.mp4,0,0.009779535
/home/tianlong/Downloads//test/zwgaptzuqt.mp4,0,0.003978422
/home/tianlong/Downloads//test/gldpafckwo.mp4,0,0.02319626
/home/tianlong/Downloads//test/nvkzpexyzg.mp4,0,0.615599
/home/tianlong/Downloads//test/vnrmxwtsmf.mp4,0,0.017385576
/home/tianlong/Downloads//test/hmofiqjzxe.mp4,0,0.8389802
/home/tianlong/Downloads//test/ucryyubbqk.mp4,0,0.41382113
/home/tianlong/Downloads//test/gwqdrapybq.mp4,0,0.8246126
/home/tianlong/Downloads//test/avttogwbyz.mp4,0,0.06481609
/home/tianlong/Downloads//test/hbmvxgonmq.mp4,0,0.028881341
/home/tianlong/Downloads//test/gxxlbjuyza.mp4,0,0.4281326
/home/tianlong/Downloads//test/jhzozsurac.mp4,0,0.07194697
/home/tianlong/Downloads//test/opyqudaics.mp4,0,0.5321456
/home/tianlong/Downloads//test/vigbdgmudk.mp4,0,1.0197588e-05
/home/tianlong/Downloads//test/viidhkoxyv.mp4,0,6.3479404e-09
/home/tianlong/Downloads//test/dmpvbeyuqb.mp4,0,0.014977738
/home/tianlong/Downloads//test/wgycqahjww.mp4,0,0.40788808
/home/tianlong/Downloads//test/wwgmzeavbd.mp4,0,0.6915513
/home/tianlong/Downloads//test/qtqyglbdem.mp4,0,0.38185072
/home/tianlong/Downloads//test/nqynuhnklk.mp4,0,7.2321507e-07
/home/tianlong/Downloads//test/jygbqsigcr.mp4,0,0.012611456
/home/tianlong/Downloads//test/nsozqvhalr.mp4,0,0.6822818
/home/tianlong/Downloads//test/yvmrwdyxby.mp4,0,0.23857991
/home/tianlong/Downloads//test/kvhbyuklfv.mp4,0,0.90995854
/home/tianlong/Downloads//test/iwnfvkmktq.mp4,0,0.36044818
/home/tianlong/Downloads//test/qzfmctgxcs.mp4,0,0.24145198
/home/tianlong/Downloads//test/vhipamioud.mp4,0,0.0712839
/home/tianlong/Downloads//test/lmbvoxhowe.mp4,0,0.00628163
/home/tianlong/Downloads//test/ziqjamfzlv.mp4,0,0.41166186
/home/tianlong/Downloads//test/kqnwutdvpd.mp4,0,0.013749294
/home/tianlong/Downloads//test/lucpbeexdk.mp4,0,0.06347262
/home/tianlong/Downloads//test/pnotaniiuh.mp4,0,5.784366e-05
/home/tianlong/Downloads//test/qohtjkzity.mp4,0,0.13447076
/home/tianlong/Downloads//test/bkjhfcvsig.mp4,0,2.9059245e-13
/home/tianlong/Downloads//test/kpcrdurodw.mp4,0,0.20421462
/home/tianlong/Downloads//test/nmphdbflzj.mp4,0,0.24262771
/home/tianlong/Downloads//test/fmsxomanga.mp4,0,0.08656773
/home/tianlong/Downloads//test/tgwpcoljin.mp4,0,0.053572796
/home/tianlong/Downloads//test/foynwjsqeh.mp4,0,0.3590172
/home/tianlong/Downloads//test/vdqritvjfl.mp4,0,0.004760879
/home/tianlong/Downloads//test/egyemqrvna.mp4,0,0.011366522
/home/tianlong/Downloads//test/xrtmepdfyh.mp4,0,0.55206174
/home/tianlong/Downloads//test/zfgjechdto.mp4,0,8.8352945e-06
/home/tianlong/Downloads//test/jujpqsrgll.mp4,0,0.012630319
/home/tianlong/Downloads//test/iakzgqqova.mp4,0,0.5506754
/home/tianlong/Downloads//test/fqdklzzkfj.mp4,0,0.5388334
/home/tianlong/Downloads//test/dnfnxwbsoi.mp4,0,0.033476178
/home/tianlong/Downloads//test/lynaeydofd.mp4,0,1.04477486e-17
/home/tianlong/Downloads//test/relrfifywa.mp4,0,4.715571e-10
/home/tianlong/Downloads//test/imsacxixmv.mp4,0,0.002424119
/home/tianlong/Downloads//test/rfbwukxpye.mp4,0,0.020449068
/home/tianlong/Downloads//test/atixaudngu.mp4,0,0.828179
/home/tianlong/Downloads//test/tcychsyltm.mp4,0,1.12003406e-07
/home/tianlong/Downloads//test/kifyfzqzjj.mp4,0,0.2717117
/home/tianlong/Downloads//test/irjbukzjqt.mp4,0,0.013397639
/home/tianlong/Downloads//test/jmkkbkvbjo.mp4,0,0.37093154
/home/tianlong/Downloads//test/gflhlvhqyl.mp4,0,0.3240098
/home/tianlong/Downloads//test/myebjqbxsl.mp4,0,0.25939876
/home/tianlong/Downloads//test/mqeqiytluf.mp4,0,1.2506834e-07
/home/tianlong/Downloads//test/zbsjlcsetv.mp4,0,0.42993903
/home/tianlong/Downloads//test/lzmxqxrruv.mp4,0,0.71878326
/home/tianlong/Downloads//test/neotrnwthu.mp4,0,3.6248315e-09
/home/tianlong/Downloads//test/vwigtbeivy.mp4,0,0.01943308
/home/tianlong/Downloads//test/ldtscpryms.mp4,0,0.71167254
/home/tianlong/Downloads//test/sjgmmecazy.mp4,0,0.49542174
/home/tianlong/Downloads//test/jkrbsekajk.mp4,0,0.21687776
/home/tianlong/Downloads//test/iahzcxmuck.mp4,0,0.0060347095
/home/tianlong/Downloads//test/cteqlloxwu.mp4,0,0.021518081
/home/tianlong/Downloads//test/pgqxsteufx.mp4,0,0.34265375
/home/tianlong/Downloads//test/cmuzrrlaiy.mp4,1,0.55449325
/home/tianlong/Downloads//test/jxeqhujuvh.mp4,1,0.76988065
/home/tianlong/Downloads//test/ntaqujyzes.mp4,1,0.99640447
/home/tianlong/Downloads//test/ghxzsygiou.mp4,1,0.005297242
/home/tianlong/Downloads//test/lvxzjwiklq.mp4,1,0.007368397
/home/tianlong/Downloads//test/wlyvvvjgnv.mp4,1,0.39800978
/home/tianlong/Downloads//test/hexxuigzdl.mp4,1,0.8637346
/home/tianlong/Downloads//test/zynrdvlrwv.mp4,1,4.9137573e-12
/home/tianlong/Downloads//test/kbvqzihgan.mp4,1,0.6821722
/home/tianlong/Downloads//test/razacdewcv.mp4,1,0.631193
/home/tianlong/Downloads//test/tjlrvidbxw.mp4,1,0.89016455
/home/tianlong/Downloads//test/gcbyurxhbz.mp4,1,1.5043265e-16
/home/tianlong/Downloads//test/xticvyqqjn.mp4,1,0.0024942835
/home/tianlong/Downloads//test/gqpayiddqv.mp4,1,0.0054857386
/home/tianlong/Downloads//test/zmrnjhfxed.mp4,1,0.29847687
/home/tianlong/Downloads//test/slpxqmwuqm.mp4,1,0.46310496
/home/tianlong/Downloads//test/upwsvjdtgo.mp4,1,0.99997854
/home/tianlong/Downloads//test/zpnjiswgdt.mp4,1,0.9778997
/home/tianlong/Downloads//test/rayxtqfosv.mp4,1,5.7907927e-13
/home/tianlong/Downloads//test/cfhoqpdzqb.mp4,1,0.015248175
/home/tianlong/Downloads//test/okyufzgvay.mp4,1,0.00055292936
/home/tianlong/Downloads//test/wgyxtquovo.mp4,1,0.9788904
/home/tianlong/Downloads//test/kicgvgukqs.mp4,1,0.5699719
/home/tianlong/Downloads//test/aolhuwcdwv.mp4,1,0.79901946
/home/tianlong/Downloads//test/clzcvdsuyp.mp4,1,0.59282255
/home/tianlong/Downloads//test/jibhugdfbs.mp4,1,0.671204
/home/tianlong/Downloads//test/kfiszsbzob.mp4,1,0.9380525
/home/tianlong/Downloads//test/mgwtoqonaf.mp4,1,0.63445675
/home/tianlong/Downloads//test/buzqmuifod.mp4,1,0.13092889
/home/tianlong/Downloads//test/bofmetrgfm.mp4,1,0.033189304
/home/tianlong/Downloads//test/chlshvbday.mp4,1,0.48335695
/home/tianlong/Downloads//test/vxcjkgerao.mp4,1,0.59844875
/home/tianlong/Downloads//test/qxwqqhruvz.mp4,1,0.37336642
/home/tianlong/Downloads//test/hytdcdixlv.mp4,1,0.022164369
/home/tianlong/Downloads//test/buejhiahpy.mp4,1,4.2420302e-07
/home/tianlong/Downloads//test/omotodymgb.mp4,1,0.24210186
/home/tianlong/Downloads//test/gmcvyrferj.mp4,1,8.8911065e-09
/home/tianlong/Downloads//test/ycoaclsdov.mp4,1,0.038180213
/home/tianlong/Downloads//test/scaljzcpcf.mp4,1,0.69725597
/home/tianlong/Downloads//test/uhbxhharht.mp4,1,0.42529216
/home/tianlong/Downloads//test/tmmakbzbqw.mp4,1,0.6268973
/home/tianlong/Downloads//test/mvfvefsgik.mp4,1,0.75041896
/home/tianlong/Downloads//test/inesnaprwm.mp4,1,0.044219233
/home/tianlong/Downloads//test/qqxelyjmmw.mp4,1,0.19276525
/home/tianlong/Downloads//test/dllkubdbbd.mp4,1,0.6480432
/home/tianlong/Downloads//test/ttnajmkchw.mp4,1,0.8944893
/home/tianlong/Downloads//test/kaffwaiexj.mp4,1,0.051347375
/home/tianlong/Downloads//test/dpfuqzdtrs.mp4,1,0.80491114
/home/tianlong/Downloads//test/hfvexodpht.mp4,1,0.03149545
/home/tianlong/Downloads//test/vmxjsdkuju.mp4,1,0.37667227
/home/tianlong/Downloads//test/afaxsgqksm.mp4,1,0.12852655
/home/tianlong/Downloads//test/pgkipgmpgm.mp4,1,0.85505855
/home/tianlong/Downloads//test/ltkesswcyn.mp4,1,0.060224306
/home/tianlong/Downloads//test/dffkcrccsj.mp4,1,0.34950048
/home/tianlong/Downloads//test/svtnilogao.mp4,1,0.8164091
/home/tianlong/Downloads//test/bzobkqewtt.mp4,1,0.0373139
/home/tianlong/Downloads//test/vemnbnqoqk.mp4,1,0.2676322
/home/tianlong/Downloads//test/nobrvdftmd.mp4,1,0.59085053
/home/tianlong/Downloads//test/qepgiaxgpc.mp4,1,0.02466933
/home/tianlong/Downloads//test/bogjubshbr.mp4,1,0.9196294
/home/tianlong/Downloads//test/uyoqozgdcy.mp4,1,0.012554812
/home/tianlong/Downloads//test/cvmmtklgst.mp4,1,0.059145104
/home/tianlong/Downloads//test/qharxzhzpl.mp4,1,0.0049397955
/home/tianlong/Downloads//test/sprejlmapw.mp4,1,0.17068316
/home/tianlong/Downloads//test/crzrsezocr.mp4,1,0.0025818008
/home/tianlong/Downloads//test/wyqhadmmcy.mp4,1,0.20224075
/home/tianlong/Downloads//test/jrjxehotww.mp4,1,0.0029204574
/home/tianlong/Downloads//test/xctpdujlok.mp4,1,1.4230778e-12
/home/tianlong/Downloads//test/hfspenqmpw.mp4,1,0.08207105
/home/tianlong/Downloads//test/jkfukzcjxd.mp4,1,0.98540086
/home/tianlong/Downloads//test/knafngkgen.mp4,1,0.37480232
/home/tianlong/Downloads//test/tswmtnhfmn.mp4,1,0.038391653
/home/tianlong/Downloads//test/qoasfzksgo.mp4,1,0.00020290902
/home/tianlong/Downloads//test/hnrzuoqnkz.mp4,1,0.44562525
/home/tianlong/Downloads//test/nussrkyuzy.mp4,1,8.011352e-11
/home/tianlong/Downloads//test/ciwzwmlyxz.mp4,1,0.00016287657
/home/tianlong/Downloads//test/dbauiiupef.mp4,1,0.77331924
/home/tianlong/Downloads//test/ywxfnlxtjg.mp4,1,1.1048714e-05
/home/tianlong/Downloads//test/pryqgrbtnu.mp4,1,0.7887409
/home/tianlong/Downloads//test/mbjpaydogy.mp4,1,0.30936307
/home/tianlong/Downloads//test/ihdopxhysr.mp4,1,0.030800024
/home/tianlong/Downloads//test/rgasvymjrj.mp4,1,0.02588503
/home/tianlong/Downloads//test/eclpgjjies.mp4,1,0.20739682
/home/tianlong/Downloads//test/kxptuwngop.mp4,1,0.07388711
/home/tianlong/Downloads//test/uaqvffouxp.mp4,1,0.20027515
/home/tianlong/Downloads//test/xvqzzgoabm.mp4,1,3.139658e-07
/home/tianlong/Downloads//test/tkgbjtcxyl.mp4,1,0.94439304
/home/tianlong/Downloads//test/xlnaxrwvcx.mp4,1,0.18689962
/home/tianlong/Downloads//test/kphfzaullq.mp4,1,0.15619235
/home/tianlong/Downloads//test/rkezgzxnoo.mp4,1,0.6362007
/home/tianlong/Downloads//test/fromclsodq.mp4,1,0.1371391
/home/tianlong/Downloads//test/nrscfrjxpb.mp4,1,0.024856087
/home/tianlong/Downloads//test/ygobagrhmg.mp4,1,0.28039747
/home/tianlong/Downloads//test/hisfrixnbu.mp4,1,0.3713383
/home/tianlong/Downloads//test/duzueyonao.mp4,1,0.26857248
/home/tianlong/Downloads//test/gkknsyqbnz.mp4,1,0.7896644
/home/tianlong/Downloads//test/tmgdrjjalz.mp4,1,0.24141261
/home/tianlong/Downloads//test/iajblozgtx.mp4,1,6.542889e-08
/home/tianlong/Downloads//test/ahkcchuwqq.mp4,1,0.005046101
/home/tianlong/Downloads//test/zmfiveruie.mp4,1,0.3332736
/home/tianlong/Downloads//test/xptgnpgfkn.mp4,1,4.402629e-09
/home/tianlong/Downloads//test/aebhowazav.mp4,1,0.7170378
/home/tianlong/Downloads//test/geulcwvfuy.mp4,1,0.57408
/home/tianlong/Downloads//test/glzyifzrql.mp4,1,0.8849964
/home/tianlong/Downloads//test/wvmrsucbsq.mp4,1,0.94564027
/home/tianlong/Downloads//test/moetggyxsc.mp4,1,0.113346875
/home/tianlong/Downloads//test/jfvnwpcjrm.mp4,1,0.7323382
/home/tianlong/Downloads//test/kaggpclkjm.mp4,1,0.9307265
/home/tianlong/Downloads//test/nacldwtuwp.mp4,1,0.7808703
/home/tianlong/Downloads//test/upwyvqbjlq.mp4,1,0.9164295
/home/tianlong/Downloads//test/tdmyjvptzv.mp4,1,0.8214968
/home/tianlong/Downloads//test/fzurflflwv.mp4,1,0.07377003
/home/tianlong/Downloads//test/aakjukgjme.mp4,1,8.452192e-11
/home/tianlong/Downloads//test/ypepsyuwmo.mp4,1,0.39702293
/home/tianlong/Downloads//test/qxhyhhkywc.mp4,1,0.008744043
/home/tianlong/Downloads//test/iqvfopywpa.mp4,1,0.0016568953
/home/tianlong/Downloads//test/xfncslssic.mp4,1,0.17506236
/home/tianlong/Downloads//test/jesstfspwv.mp4,1,0.030924216
/home/tianlong/Downloads//test/xiraodtgnt.mp4,1,0.5217542
/home/tianlong/Downloads//test/xeuzubpylq.mp4,1,0.94593513
/home/tianlong/Downloads//test/xszpbtciwo.mp4,1,0.18468067
/home/tianlong/Downloads//test/fkksbgaibl.mp4,1,0.71289426
/home/tianlong/Downloads//test/ntqzfgmhnj.mp4,1,0.633448
/home/tianlong/Downloads//test/bizbjxafzr.mp4,1,0.032500837
/home/tianlong/Downloads//test/bxfwiuvafo.mp4,1,0.6292483
/home/tianlong/Downloads//test/jfcglbovmo.mp4,1,0.010052858
/home/tianlong/Downloads//test/odidbykbar.mp4,1,0.76482683
/home/tianlong/Downloads//test/qarbtmjwhm.mp4,1,0.6088873
/home/tianlong/Downloads//test/jeierullea.mp4,1,0.29777172
/home/tianlong/Downloads//test/lrckqkzekj.mp4,1,1.5853145e-10
/home/tianlong/Downloads//test/riizlqngim.mp4,1,0.38919812
/home/tianlong/Downloads//test/lmcnonfhgz.mp4,1,0.011245491
/home/tianlong/Downloads//test/lkhszpabzv.mp4,1,0.4220523
/home/tianlong/Downloads//test/njqbwiajss.mp4,1,0.0006967388
/home/tianlong/Downloads//test/ksqybmrwyg.mp4,1,0.6497585
/home/tianlong/Downloads//test/dxphlwcvan.mp4,1,0.8537323
/home/tianlong/Downloads//test/dgjssccxhx.mp4,1,0.0035910024
/home/tianlong/Downloads//test/sbfxzmhzyv.mp4,1,0.24301036
/home/tianlong/Downloads//test/rlvgpdrgvi.mp4,1,0.64189774
/home/tianlong/Downloads//test/uzdmxmfcqe.mp4,1,0.009575027
/home/tianlong/Downloads//test/afixxjdxef.mp4,1,0.3691675
/home/tianlong/Downloads//test/fwvxtssltw.mp4,1,3.828445e-05
/home/tianlong/Downloads//test/jyzlvivrmr.mp4,1,0.086588964
/home/tianlong/Downloads//test/byavookkdu.mp4,1,3.2252064e-14
/home/tianlong/Downloads//test/agyawnxlmv.mp4,1,0.543036
/home/tianlong/Downloads//test/zjoonppreb.mp4,1,0.040965125
/home/tianlong/Downloads//test/sjzwpqupnm.mp4,1,1.897316e-05
/home/tianlong/Downloads//test/pobrnbspcf.mp4,1,0.51038337
/home/tianlong/Downloads//test/qdkpphviay.mp4,1,0.350326
/home/tianlong/Downloads//test/nbyaxzmueg.mp4,1,0.81035745
/home/tianlong/Downloads//test/vfszaqentw.mp4,1,0.3461937
/home/tianlong/Downloads//test/fosovipqkg.mp4,1,0.035183918
/home/tianlong/Downloads//test/grwcxofqrx.mp4,1,0.7531083
/home/tianlong/Downloads//test/koqxhnmkjl.mp4,1,0.45086446
/home/tianlong/Downloads//test/xkukyjokbg.mp4,1,0.73863256
/home/tianlong/Downloads//test/fmnzbwtjep.mp4,1,0.0037739736
/home/tianlong/Downloads//test/aruyyclubn.mp4,1,0.0060302773
/home/tianlong/Downloads//test/eluhuvocwr.mp4,1,0.4069848
/home/tianlong/Downloads//test/iiwffwiyrg.mp4,1,1.0741921e-09
/home/tianlong/Downloads//test/fsbabrxhqy.mp4,1,0.51269186
/home/tianlong/Downloads//test/ymqadbkafj.mp4,1,0.0051974826
/home/tianlong/Downloads//test/nptmqvfuhz.mp4,1,0.8518203
/home/tianlong/Downloads//test/usjnlahlcj.mp4,1,0.4242308
/home/tianlong/Downloads//test/hbozjjcafn.mp4,1,3.4343368e-06
/home/tianlong/Downloads//test/cizxmeztny.mp4,1,0.029591788
/home/tianlong/Downloads//test/syxlmynhsi.mp4,1,0.007993296
/home/tianlong/Downloads//test/ezadehoecy.mp4,1,2.2309341e-06
/home/tianlong/Downloads//test/fpliemtlco.mp4,1,0.02836794
/home/tianlong/Downloads//test/arflgfcnkg.mp4,1,0.1770823
/home/tianlong/Downloads//test/occelhylxf.mp4,1,6.974489e-14
/home/tianlong/Downloads//test/uqntkvpntd.mp4,1,1.08354e-07
/home/tianlong/Downloads//test/iatevqworc.mp4,1,0.0022316067
/home/tianlong/Downloads//test/xzsmgydcub.mp4,1,9.566532e-05
/home/tianlong/Downloads//test/qbffpkpmkf.mp4,1,0.20180604
/home/tianlong/Downloads//test/pzbpgfmroj.mp4,1,0.25214523
/home/tianlong/Downloads//test/oundixpyst.mp4,1,0.00568718
/home/tianlong/Downloads//test/hnxhwfttpy.mp4,1,0.16007575
/home/tianlong/Downloads//test/rdjwlvvwtv.mp4,1,0.5169815
/home/tianlong/Downloads//test/tcmstiljkk.mp4,1,0.4690528
/home/tianlong/Downloads//test/qbfdtumuct.mp4,1,0.07984628
/home/tianlong/Downloads//test/mxnquwuszt.mp4,1,0.21990626
/home/tianlong/Downloads//test/sjooumwlzb.mp4,1,0.7504022
/home/tianlong/Downloads//test/twhwouycfg.mp4,1,0.007830915
/home/tianlong/Downloads//test/wytpaehszj.mp4,1,0.0033267867
/home/tianlong/Downloads//test/srtwhbzzlr.mp4,1,0.1281744
/home/tianlong/Downloads//test/jqjfpkuckf.mp4,1,0.6992316
/home/tianlong/Downloads//test/yxjjfaekev.mp4,1,0.35059008
/home/tianlong/Downloads//test/cyokqrzbol.mp4,1,2.6491858e-08
/home/tianlong/Downloads//test/mtilpvablx.mp4,1,0.6067293
/home/tianlong/Downloads//test/njwsmltmvb.mp4,1,0.431171
/home/tianlong/Downloads//test/xkksfulade.mp4,1,0.8747568
/home/tianlong/Downloads//test/dtfgsvfmjq.mp4,1,0.695048
/home/tianlong/Downloads//test/onaewxqqkd.mp4,1,0.5977288
/home/tianlong/Downloads//test/pazpnfrbbc.mp4,1,0.0006232707
/home/tianlong/Downloads//test/kgowzoxjfq.mp4,1,0.53819203
/home/tianlong/Downloads//test/ltdwtgrads.mp4,1,0.70611924
/home/tianlong/Downloads//test/znistrajpw.mp4,1,3.05152e-09
/home/tianlong/Downloads//test/yfhzmfhojv.mp4,1,0.9999746
/home/tianlong/Downloads//test/spkorcenyh.mp4,1,0.42433715
/home/tianlong/Downloads//test/axopbbxwzr.mp4,1,0.14317897
/home/tianlong/Downloads//test/hxrruqinnh.mp4,1,0.9296216
/home/tianlong/Downloads//test/tkaybnjwhg.mp4,1,0.9874462
/home/tianlong/Downloads//test/lhwwhjhyqx.mp4,1,2.0166208e-06
/home/tianlong/Downloads//test/btxjufhiaz.mp4,1,0.05289167
/home/tianlong/Downloads//test/dnhaskulaj.mp4,1,0.054130435
/home/tianlong/Downloads//test/vxqofldgze.mp4,1,7.1631206e-05
/home/tianlong/Downloads//test/ddjzmyabyu.mp4,1,0.038501684
/home/tianlong/Downloads//test/mgahaaogif.mp4,1,0.006746333
/home/tianlong/Downloads//test/ktmdpragph.mp4,1,3.2438283e-13
/home/tianlong/Downloads//test/xazdhdnwhh.mp4,1,0.5055839
/home/tianlong/Downloads//test/qnslgeajnt.mp4,1,0.7312638
/home/tianlong/Downloads//test/sivrgbsaog.mp4,1,0.6020866
/home/tianlong/Downloads//test/uzmuovkewv.mp4,1,0.75474983
/home/tianlong/Downloads//test/tvazrcdkpq.mp4,1,5.4929027e-05
/home/tianlong/Downloads//test/jbatiwjmzh.mp4,1,0.82185316
/home/tianlong/Downloads//test/hmiylncrva.mp4,1,0.04980412
/home/tianlong/Downloads//test/uxkojffbsr.mp4,1,0.9012634
/home/tianlong/Downloads//test/crbcrxqftw.mp4,1,0.0019777622
/home/tianlong/Downloads//test/yermnsnlgf.mp4,1,0.65773773
/home/tianlong/Downloads//test/gipcvghjiy.mp4,1,0.2722265
/home/tianlong/Downloads//test/iwcfxyoimw.mp4,1,0.26672074
/home/tianlong/Downloads//test/kozaofkgvk.mp4,1,0.504249
/home/tianlong/Downloads//test/xlgevjtsog.mp4,1,0.00026550848
/home/tianlong/Downloads//test/bpjkimtqtz.mp4,1,2.4385134e-08
/home/tianlong/Downloads//test/pdnwaekrtn.mp4,1,0.08892597
/home/tianlong/Downloads//test/toxsrzsksc.mp4,1,0.0011982772
/home/tianlong/Downloads//test/oejfypsbfh.mp4,1,0.7905425
/home/tianlong/Downloads//test/hwyuwbnszo.mp4,1,0.2653717
/home/tianlong/Downloads//test/acgyspwyqr.mp4,1,7.1988365e-15
/home/tianlong/Downloads//test/oitcqmvnsa.mp4,1,2.9528246e-05
/home/tianlong/Downloads//test/pdqqkuclvd.mp4,1,0.074899204
/home/tianlong/Downloads//test/slsyjvgfpu.mp4,1,0.28914753
/home/tianlong/Downloads//test/xmdfnldfyc.mp4,1,0.17068124
/home/tianlong/Downloads//test/ynkzlkahux.mp4,1,0.0022130723
/home/tianlong/Downloads//test/szjbkskyph.mp4,1,0.0009313389
/home/tianlong/Downloads//test/yyiiywtiry.mp4,1,0.20782821
/home/tianlong/Downloads//test/crvotfojeq.mp4,1,0.2674679
/home/tianlong/Downloads//test/rsqblsfgli.mp4,1,1.5137167e-10
/home/tianlong/Downloads//test/becqadbtkb.mp4,1,0.06318449
/home/tianlong/Downloads//test/afqaubpglg.mp4,1,0.19460526
/home/tianlong/Downloads//test/pwplooonzr.mp4,1,1.1325849e-06
/home/tianlong/Downloads//test/vjegxiyvla.mp4,1,2.2752974e-07
/home/tianlong/Downloads//test/jbwtbfbdko.mp4,1,0.8219613
/home/tianlong/Downloads//test/toggbitvfd.mp4,1,0.955211
/home/tianlong/Downloads//test/xpfhawmzbe.mp4,1,0.11781279
/home/tianlong/Downloads//test/kjwdinzplo.mp4,1,0.21889225
/home/tianlong/Downloads//test/jrkdzpijpb.mp4,1,0.31664264
/home/tianlong/Downloads//test/lbnuxynggy.mp4,1,1.1495567e-19
/home/tianlong/Downloads//test/iorrylopzn.mp4,1,0.85168135
/home/tianlong/Downloads//test/yasxapunrf.mp4,1,0.29631722
/home/tianlong/Downloads//test/suohrphvbe.mp4,1,0.2942998
/home/tianlong/Downloads//test/salsuwvckq.mp4,1,0.0022679777
/home/tianlong/Downloads//test/eclnowceyi.mp4,1,8.6834405e-08
/home/tianlong/Downloads//test/wvtymfvbwq.mp4,1,8.2500327e-07
/home/tianlong/Downloads//test/rsjhmrvdwg.mp4,1,0.0006099938
/home/tianlong/Downloads//test/qtvhpmoukj.mp4,1,0.32496843
/home/tianlong/Downloads//test/svqkfjfucw.mp4,1,1.1686677e-06
/home/tianlong/Downloads//test/jdlqmnhuix.mp4,1,0.90131056
/home/tianlong/Downloads//test/ltmkgkppwx.mp4,1,0.00030867517
/home/tianlong/Downloads//test/zaoyocjkgw.mp4,1,0.07377885
/home/tianlong/Downloads//test/vgrhobnbfo.mp4,1,0.16525182
/home/tianlong/Downloads//test/eeeuzozcdc.mp4,1,0.31125477
/home/tianlong/Downloads//test/ikgxqbhmlv.mp4,1,0.44798535
/home/tianlong/Downloads//test/zyeakowujw.mp4,1,0.99414206
/home/tianlong/Downloads//test/uerapqglmr.mp4,1,0.50541115
/home/tianlong/Downloads//test/fmuncwjpej.mp4,1,0.5050283
/home/tianlong/Downloads//test/xllzvdxwiv.mp4,1,0.5206957
/home/tianlong/Downloads//test/giuymhlbyo.mp4,1,0.010451714
/home/tianlong/Downloads//test/bubbmjnmge.mp4,1,0.4278125
/home/tianlong/Downloads//test/qwqefbalkv.mp4,1,0.0044508665
/home/tianlong/Downloads//test/aupsxowdcp.mp4,1,0.25301152
/home/tianlong/Downloads//test/apjovfzzft.mp4,1,0.4830025
/home/tianlong/Downloads//test/yjbnaqwxyf.mp4,1,0.8071722
/home/tianlong/Downloads//test/dajlkmlvch.mp4,1,4.9938797e-05
/home/tianlong/Downloads//test/egwzzhemvk.mp4,1,0.15276933
/home/tianlong/Downloads//test/vlhrgeyvqy.mp4,1,6.3003904e-09
/home/tianlong/Downloads//test/vpolvvzwsw.mp4,1,1.3313937e-15
/home/tianlong/Downloads//test/ddkcxrncmq.mp4,1,0.5920526
/home/tianlong/Downloads//test/fncnobpzzx.mp4,1,0.08450128
/home/tianlong/Downloads//test/lhayhvqjmg.mp4,1,0.10922305
/home/tianlong/Downloads//test/yboofyemks.mp4,1,1.1638469e-09
/home/tianlong/Downloads//test/wzkovvmdkq.mp4,1,0.94309074
/home/tianlong/Downloads//test/axxldpmbat.mp4,1,0.36191684
/home/tianlong/Downloads//test/piovymzozl.mp4,1,0.34801462
/home/tianlong/Downloads//test/ymjrnwsjxt.mp4,1,0.737225
/home/tianlong/Downloads//test/jfxroglrst.mp4,1,0.7473588
/home/tianlong/Downloads//test/qzyaijdbfe.mp4,1,0.351017
/home/tianlong/Downloads//test/gzwzxbtkpd.mp4,1,0.49913016
/home/tianlong/Downloads//test/bgssriyozb.mp4,1,0.66726136
/home/tianlong/Downloads//test/wqtraebanl.mp4,1,0.44722694
/home/tianlong/Downloads//test/lovkthgavz.mp4,1,0.008175254
/home/tianlong/Downloads//test/vpgjaoyvir.mp4,1,2.7713999e-12
/home/tianlong/Downloads//test/btlqqvfuck.mp4,1,0.3526916
/home/tianlong/Downloads//test/zzxidpsxmv.mp4,1,0.67140377
/home/tianlong/Downloads//test/qzuhjrhozy.mp4,1,9.182033e-17
/home/tianlong/Downloads//test/rtuaxyuvqs.mp4,1,2.3719733e-06
/home/tianlong/Downloads//test/vybbullejj.mp4,1,0.12564299
/home/tianlong/Downloads//test/lblweiecpx.mp4,1,0.08992587
/home/tianlong/Downloads//test/qkchcuiljp.mp4,1,0.995855
/home/tianlong/Downloads//test/roivdutkrz.mp4,1,0.9931032
/home/tianlong/Downloads//test/rziziscker.mp4,1,0.025878984
/home/tianlong/Downloads//test/zsdmgllhck.mp4,1,0.09165915
/home/tianlong/Downloads//test/kpkzqbpivj.mp4,1,0.20506017
/home/tianlong/Downloads//test/tgkjhdyxww.mp4,1,0.09954615
/home/tianlong/Downloads//test/zubaiztkag.mp4,1,0.9981124
/home/tianlong/Downloads//test/figxvsdmsb.mp4,1,0.4338149
/home/tianlong/Downloads//test/enzlliylet.mp4,1,0.7589158
/home/tianlong/Downloads//test/acekgkqgdg.mp4,1,0.0037270114
/home/tianlong/Downloads//test/ljrikjsgis.mp4,1,0.6056488
/home/tianlong/Downloads//test/vawotznxqn.mp4,1,0.31862503
/home/tianlong/Downloads//test/jsqtbnxnpb.mp4,1,0.025062988
/home/tianlong/Downloads//test/yibeqxcadd.mp4,1,0.18314606
/home/tianlong/Downloads//test/zvgekhyszq.mp4,1,0.7706106
/home/tianlong/Downloads//test/luisdnrumh.mp4,1,0.6186193
/home/tianlong/Downloads//test/xffjesgeey.mp4,1,0.35036683
/home/tianlong/Downloads//test/haesrhzukc.mp4,1,0.9663929
/home/tianlong/Downloads//test/uwccodyhgh.mp4,1,0.3907245
/home/tianlong/Downloads//test/msdtzpmmae.mp4,1,6.6423663e-06
/home/tianlong/Downloads//test/zgiypcmpic.mp4,1,0.018763412
/home/tianlong/Downloads//test/olkcmrmvbh.mp4,1,0.17213643
/home/tianlong/Downloads//test/kiffbbtjfe.mp4,1,0.0057940297
/home/tianlong/Downloads//test/junzzlnlfw.mp4,1,0.37285927
/home/tianlong/Downloads//test/qkgicklwyn.mp4,1,0.007777707
/home/tianlong/Downloads//test/wluigkzjdl.mp4,1,3.6448357e-05
/home/tianlong/Downloads//test/rsnrcisldc.mp4,1,0.65954417
/home/tianlong/Downloads//test/asiuftijhs.mp4,1,0.020878265
/home/tianlong/Downloads//test/yjloopcthi.mp4,1,0.7728039
/home/tianlong/Downloads//test/tzzwqaxtrk.mp4,1,0.96650445
/home/tianlong/Downloads//test/tmfvsxrxnk.mp4,1,0.56197673
/home/tianlong/Downloads//test/dlsdmdraln.mp4,1,0.010534219
/home/tianlong/Downloads//test/rkygzeyegz.mp4,1,0.19805212
/home/tianlong/Downloads//test/truremwrti.mp4,1,0.0004074131
/home/tianlong/Downloads//test/depcrcqwai.mp4,1,0.55248785
/home/tianlong/Downloads//test/jovohczybs.mp4,1,0.9129351
/home/tianlong/Downloads//test/udcpjfvqro.mp4,1,0.18655728
/home/tianlong/Downloads//test/yxlkovjssa.mp4,1,0.99433213
/home/tianlong/Downloads//test/trltdpitif.mp4,1,0.55385333
/home/tianlong/Downloads//test/hwufwjdaai.mp4,1,0.7451892
/home/tianlong/Downloads//test/vgfxjwupga.mp4,1,0.51976264
/home/tianlong/Downloads//test/jejjcsijvc.mp4,1,0.33819884
/home/tianlong/Downloads//test/yjpfhrfyfn.mp4,1,8.2177866e-07
/home/tianlong/Downloads//test/izyqqybmcq.mp4,1,9.097994e-07
/home/tianlong/Downloads//test/xjnflcfxhn.mp4,1,0.10344279
/home/tianlong/Downloads//test/zidsbdilrm.mp4,1,0.5320935
/home/tianlong/Downloads//test/lepqvhstws.mp4,1,0.23194845
/home/tianlong/Downloads//test/eabghyltka.mp4,1,0.013506494
/home/tianlong/Downloads//test/qxgwcsugvd.mp4,1,0.73228776
/home/tianlong/Downloads//test/oitqddnspw.mp4,1,6.6281666e-07
/home/tianlong/Downloads//test/jiddesrgoi.mp4,1,0.45564622
/home/tianlong/Downloads//test/whsqzlklam.mp4,1,0.004484148
/home/tianlong/Downloads//test/hwspklkjol.mp4,1,0.02557928
/home/tianlong/Downloads//test/mgxdtegobh.mp4,1,0.29019997
/home/tianlong/Downloads//test/dkvxzocpnx.mp4,1,0.423096
/home/tianlong/Downloads//test/zxjiwvyzbs.mp4,1,0.86116993
/home/tianlong/Downloads//test/qysxqoredd.mp4,1,0.43810263
/home/tianlong/Downloads//test/angqjpzdts.mp4,1,0.23440468
/home/tianlong/Downloads//test/slbhiftdwk.mp4,1,4.8233873e-12
/home/tianlong/Downloads//test/ctsjalmkpx.mp4,1,0.05255211
/home/tianlong/Downloads//test/jrwqouwlzc.mp4,1,0.029696727
/home/tianlong/Downloads//test/vcqcervdzi.mp4,1,0.028826222
/home/tianlong/Downloads//test/mxczokbutl.mp4,1,0.90854436
/home/tianlong/Downloads//test/qawqquinvi.mp4,1,0.879702
/home/tianlong/Downloads//test/cqiyijvrcj.mp4,1,0.8164073
/home/tianlong/Downloads//test/wypdykzzma.mp4,1,2.7868185e-07
/home/tianlong/Downloads//test/zdurkznxhi.mp4,1,0.020926792
/home/tianlong/Downloads//test/llwjpzzrur.mp4,1,0.7528526
/home/tianlong/Downloads//test/stmqpsakem.mp4,1,0.23170784
/home/tianlong/Downloads//test/hqfxruqynj.mp4,1,4.9530745e-06
/home/tianlong/Downloads//test/cotxffvovx.mp4,1,0.03693183
/home/tianlong/Downloads//test/yiwyejujhz.mp4,1,0.59638435
/home/tianlong/Downloads//test/azkhkminwu.mp4,1,0.043747522
/home/tianlong/Downloads//test/yoicqcpxgm.mp4,1,0.4377872
/home/tianlong/Downloads//test/kcpamicxjs.mp4,1,0.44383988
/home/tianlong/Downloads//test/mbnvlpwewk.mp4,1,0.7485817
/home/tianlong/Downloads//test/wjqdwzowcg.mp4,1,0.083451286
/home/tianlong/Downloads//test/vqtspwkgwe.mp4,1,0.6420394
/home/tianlong/Downloads//test/rurhyzsnyi.mp4,1,0.9986602
/home/tianlong/Downloads//test/sipuxpudya.mp4,1,0.0019040403
/home/tianlong/Downloads//test/scchmtbzar.mp4,1,0.6364257
/home/tianlong/Downloads//test/qyhlzalxzm.mp4,1,0.11785016
/home/tianlong/Downloads//test/ektrtuwidv.mp4,1,0.26866376
/home/tianlong/Downloads//test/scbfkrlytb.mp4,1,0.005695135
/home/tianlong/Downloads//test/kxnsmwhqtl.mp4,1,0.08824983
/home/tianlong/Downloads//test/fiayeurvwb.mp4,1,0.376443
/home/tianlong/Downloads//test/xpuntxtdbs.mp4,1,0.9191777
/home/tianlong/Downloads//test/edvyxmzpoy.mp4,1,0.011507421
/home/tianlong/Downloads//test/thnywrwayf.mp4,1,0.2732126
/home/tianlong/Downloads//test/xojauzdavy.mp4,1,0.7754329
/home/tianlong/Downloads//test/kaajaxzivt.mp4,1,0.43118858
/home/tianlong/Downloads//test/fmvdkhucsz.mp4,1,0.52214533
/home/tianlong/Downloads//test/mdkqmouddq.mp4,1,0.10258709
/home/tianlong/Downloads//test/ehtvcnlsfl.mp4,1,3.4921697e-09
/home/tianlong/Downloads//test/iizsrcugyd.mp4,1,0.38472137
/home/tianlong/Downloads//test/hurlxdpsxl.mp4,1,0.33356607
/home/tianlong/Downloads//test/rvfhfbutlx.mp4,1,0.5131097
/home/tianlong/Downloads//test/ycxkcnwrbw.mp4,1,0.027723838
/home/tianlong/Downloads//test/jrmgqzgcmj.mp4,1,0.00020998584
/home/tianlong/Downloads//test/cinrseylyp.mp4,1,0.055223655
/home/tianlong/Downloads//test/uhvmrfksax.mp4,1,0.051597916
/home/tianlong/Downloads//test/djjdzsivvi.mp4,1,0.07488711
/home/tianlong/Downloads//test/pmulgdcejl.mp4,1,0.8489021
/home/tianlong/Downloads//test/ngvbaolyub.mp4,1,0.0051400415
/home/tianlong/Downloads//test/kpyyjmxmoj.mp4,1,0.018388052
/home/tianlong/Downloads//test/xhizcimlzp.mp4,1,0.15341373
/home/tianlong/Downloads//test/ulygywporv.mp4,1,0.30864096
/home/tianlong/Downloads//test/psunkvudmg.mp4,1,0.0060002436
/home/tianlong/Downloads//test/ctarrlrgdy.mp4,1,0.08279016
/home/tianlong/Downloads//test/hdzygqltzu.mp4,1,0.4092335
/home/tianlong/Downloads//test/rvtfddfweu.mp4,1,0.024340712
/home/tianlong/Downloads//test/kaeouvuasm.mp4,1,0.13986257
/home/tianlong/Downloads//test/rzivzpozjr.mp4,1,2.5012205e-05
/home/tianlong/Downloads//test/stfqbsbvfy.mp4,1,0.1306909
/home/tianlong/Downloads//test/qbhoufagsa.mp4,1,0.25835738
/home/tianlong/Downloads//test/xycfzkbnhy.mp4,1,0.605146
/home/tianlong/Downloads//test/zudnvkagjk.mp4,1,0.9904043
/home/tianlong/Downloads//test/feaqnlczwc.mp4,1,3.5085158e-08
/home/tianlong/Downloads//test/rqviqcsbzw.mp4,1,0.29112825
/home/tianlong/Downloads//test/dhfcwchsir.mp4,1,0.4013059
/home/tianlong/Downloads//test/cglpyitrzw.mp4,1,0.059757005
/home/tianlong/Downloads//test/yjypqyrhyi.mp4,1,0.9997903
/home/tianlong/Downloads//test/fokuimoqkh.mp4,1,0.14616203
/home/tianlong/Downloads//test/xzouvgiqha.mp4,1,0.50845075
/home/tianlong/Downloads//test/qyjbhkeqes.mp4,1,0.00047576806
/home/tianlong/Downloads//test/phngwcpbqw.mp4,1,0.21204734
/home/tianlong/Downloads//test/rjcjcdkzkw.mp4,1,0.03967536
/home/tianlong/Downloads//test/legilvljip.mp4,1,0.9999682
/home/tianlong/Downloads//test/bukegrztbb.mp4,1,5.2515457e-12
/home/tianlong/Downloads//test/yvaxmtbtgx.mp4,1,0.8166564
/home/tianlong/Downloads//test/saljlsmnet.mp4,1,0.98981917
/home/tianlong/Downloads//test/ezupajzwdl.mp4,1,0.95703685
/home/tianlong/Downloads//test/xeszevnech.mp4,1,3.1616007e-26
/home/tianlong/Downloads//test/fbqwomdehr.mp4,1,0.0004270763
/home/tianlong/Downloads//test/itdywxjknn.mp4,1,0.677528
/home/tianlong/Downloads//test/zwupuzlefv.mp4,1,0.1488155
/home/tianlong/Downloads//test/qcrofjquht.mp4,1,0.34012136
/home/tianlong/Downloads//test/jblkcfejih.mp4,1,1.0957116e-05
/home/tianlong/Downloads//test/howruupkxw.mp4,1,0.04997127
/home/tianlong/Downloads//test/xslxboadvn.mp4,1,0.5492791
/home/tianlong/Downloads//test/rzykslnkdi.mp4,1,0.21560276
/home/tianlong/Downloads//test/govjvzfbcj.mp4,1,0.30962116
/home/tianlong/Downloads//test/fwbvksfidm.mp4,1,0.39115041
/home/tianlong/Downloads//test/khokwspqph.mp4,1,0.6772156
/home/tianlong/Downloads//test/sslrtrxyaj.mp4,1,0.087414265
/home/tianlong/Downloads//test/zdmknyhzoo.mp4,1,6.722189e-11
/home/tianlong/Downloads//test/rzjpckpslj.mp4,1,1.2610079e-22
/home/tianlong/Downloads//test/pscilvlcfe.mp4,1,0.000586384
/home/tianlong/Downloads//test/rlwkdhgoqw.mp4,1,0.8154311
/home/tianlong/Downloads//test/cmpkopoabr.mp4,1,0.549236
/home/tianlong/Downloads//test/dbljnexmlf.mp4,1,0.34005776
/home/tianlong/Downloads//test/atfuphvjft.mp4,1,0.7804528
/home/tianlong/Downloads//test/zdldobedod.mp4,1,4.6997748e-06
/home/tianlong/Downloads//test/iknfqmugud.mp4,1,0.58994806
/home/tianlong/Downloads//test/whusuiiqmt.mp4,1,0.4327879
/home/tianlong/Downloads//test/ksrnzzbcsz.mp4,1,0.14952528
/home/tianlong/Downloads//test/xxhuecshhw.mp4,1,0.0001921182
/home/tianlong/Downloads//test/okmlcbefeu.mp4,1,0.46663314
/home/tianlong/Downloads//test/xryrhuskyd.mp4,1,0.10444627
/home/tianlong/Downloads//test/wevygelkrl.mp4,1,0.020983402
/home/tianlong/Downloads//test/rdpausigpg.mp4,1,0.09550892
/home/tianlong/Downloads//test/fdziwiuoer.mp4,1,0.0128778815
/home/tianlong/Downloads//test/kykmrtoitd.mp4,1,0.7456711
/home/tianlong/Downloads//test/eacsjvcmlp.mp4,1,0.3000517
/home/tianlong/Downloads//test/asvuutypvz.mp4,1,0.21257122
/home/tianlong/Downloads//test/nucqorkejg.mp4,1,0.5458181
/home/tianlong/Downloads//test/ctpexqamtx.mp4,1,0.7881683
/home/tianlong/Downloads//test/vnsxdkjjtk.mp4,1,0.15129495
/home/tianlong/Downloads//test/cktsyobheu.mp4,1,0.14454782
/home/tianlong/Downloads//test/kccicuhxgk.mp4,1,0.9429822
/home/tianlong/Downloads//test/qckjihxoze.mp4,1,0.00072267355
/home/tianlong/Downloads//test/gvqtnedfso.mp4,1,0.07035624
/home/tianlong/Downloads//test/ajxkvlpgov.mp4,1,0.17163728
/home/tianlong/Downloads//test/srlilcjhaf.mp4,1,0.77320254
/home/tianlong/Downloads//test/qfjxksudna.mp4,1,0.17963745
/home/tianlong/Downloads//test/hstvglyexy.mp4,1,0.14419243
/home/tianlong/Downloads//test/jyyvhnsyys.mp4,1,0.49463183
/home/tianlong/Downloads//test/whxqigkgyk.mp4,1,0.6240341
/home/tianlong/Downloads//test/mqzrlecakr.mp4,1,0.15817656
/home/tianlong/Downloads//test/aeplbqxnge.mp4,1,0.032841805
/home/tianlong/Downloads//test/inwaznexiv.mp4,1,0.18154868
/home/tianlong/Downloads//test/anfupdhmyr.mp4,1,0.86886185
/home/tianlong/Downloads//test/wbvlgevkmb.mp4,1,0.11723945
/home/tianlong/Downloads//test/uiykwgaarz.mp4,1,0.2972229
/home/tianlong/Downloads//test/nvarnevska.mp4,1,0.6604165
/home/tianlong/Downloads//test/ooczenomzk.mp4,1,0.28996363
/home/tianlong/Downloads//test/qtjuhlppot.mp4,1,0.34899342
/home/tianlong/Downloads//test/drqtyzvhdd.mp4,1,0.44655037
/home/tianlong/Downloads//test/ytljvippwv.mp4,1,0.56773424
/home/tianlong/Downloads//test/skrqoagxle.mp4,1,0.8536314
/home/tianlong/Downloads//test/shwkznunyp.mp4,1,0.00014495317
/home/tianlong/Downloads//test/tlsoagxovk.mp4,1,0.43247882
/home/tianlong/Downloads//test/enpshnkugu.mp4,1,0.4507862
/home/tianlong/Downloads//test/vitjdpnfpi.mp4,1,0.014702228
/home/tianlong/Downloads//test/jovrnujurf.mp4,1,0.0063359467
/home/tianlong/Downloads//test/sbwemwjlsl.mp4,1,0.31242102
/home/tianlong/Downloads//test/uclzxnftij.mp4,1,0.0014603116
/home/tianlong/Downloads//test/sdqjjttckw.mp4,1,0.005728649
/home/tianlong/Downloads//test/wtmggpeiom.mp4,1,0.85781
