Video,Label,Prediction
/home/tianlong/Downloads//test/myvwyfdnxu.mp4,0,0.5112321
/home/tianlong/Downloads//test/uxgkqpiykp.mp4,0,0.3731679
/home/tianlong/Downloads//test/qyscponfaf.mp4,0,0.3528265
/home/tianlong/Downloads//test/tmgmbnzrrz.mp4,0,0.6046608
/home/tianlong/Downloads//test/wfmeffvvce.mp4,0,0.524333
/home/tianlong/Downloads//test/fwrcfaglhz.mp4,0,0.52417177
/home/tianlong/Downloads//test/itfzfpuilx.mp4,0,0.5615041
/home/tianlong/Downloads//test/wupoiiknff.mp4,0,0.38445637
/home/tianlong/Downloads//test/dscprfjses.mp4,0,0.49280506
/home/tianlong/Downloads//test/ofntcunuqn.mp4,0,0.40994757
/home/tianlong/Downloads//test/imnzannmcr.mp4,0,0.56744903
/home/tianlong/Downloads//test/jidkzoagws.mp4,0,0.5371523
/home/tianlong/Downloads//test/nkpqkddsgt.mp4,0,0.52671665
/home/tianlong/Downloads//test/xqmrrciral.mp4,0,0.4402265
/home/tianlong/Downloads//test/ykfllpyawg.mp4,0,0.48507476
/home/tianlong/Downloads//test/bpieoyctzo.mp4,0,0.47833365
/home/tianlong/Downloads//test/wjrepvzlsv.mp4,0,0.4842463
/home/tianlong/Downloads//test/voucpidonq.mp4,0,0.54320025
/home/tianlong/Downloads//test/fxfxtrrkeq.mp4,0,0.4859622
/home/tianlong/Downloads//test/qggfpdkyzi.mp4,0,0.49188146
/home/tianlong/Downloads//test/xyucutnxhz.mp4,0,0.41670528
/home/tianlong/Downloads//test/rkxepdkger.mp4,0,0.4255332
/home/tianlong/Downloads//test/fxxpxoqoxp.mp4,0,0.44785625
/home/tianlong/Downloads//test/jkxxwfycsj.mp4,0,0.57111263
/home/tianlong/Downloads//test/qbearsyziz.mp4,0,0.49892431
/home/tianlong/Downloads//test/kyrbveruev.mp4,0,0.46039256
/home/tianlong/Downloads//test/pdyrvsvwyi.mp4,0,0.5359958
/home/tianlong/Downloads//test/bpxxmxuvuy.mp4,0,0.5230384
/home/tianlong/Downloads//test/ekxsduhvwh.mp4,0,0.41813183
/home/tianlong/Downloads//test/ocsqqqduxx.mp4,0,0.32173777
/home/tianlong/Downloads//test/qufzdwetss.mp4,0,0.5915288
/home/tianlong/Downloads//test/vwqrtxbwye.mp4,0,0.5829562
/home/tianlong/Downloads//test/zuduvanawx.mp4,0,0.44523567
/home/tianlong/Downloads//test/rkjhxvdnsv.mp4,0,0.52612126
/home/tianlong/Downloads//test/hpcivouyku.mp4,0,0.4944617
/home/tianlong/Downloads//test/vgndywbmgf.mp4,0,0.5966601
/home/tianlong/Downloads//test/hfgczdzbix.mp4,0,0.48692656
/home/tianlong/Downloads//test/rwehwmmutn.mp4,0,0.41619772
/home/tianlong/Downloads//test/jyfnzyvznx.mp4,0,0.44179353
/home/tianlong/Downloads//test/jxpodcendq.mp4,0,0.47520685
/home/tianlong/Downloads//test/kgynainlug.mp4,0,0.5154499
/home/tianlong/Downloads//test/hqgervpkkf.mp4,0,0.5958544
/home/tianlong/Downloads//test/defeqlyysh.mp4,0,0.5696975
/home/tianlong/Downloads//test/xzkwbswkao.mp4,0,0.46544108
/home/tianlong/Downloads//test/hhdblnxhtj.mp4,0,0.39089546
/home/tianlong/Downloads//test/oaptmwroki.mp4,0,0.5328008
/home/tianlong/Downloads//test/djlkkqmjkk.mp4,0,0.54194295
/home/tianlong/Downloads//test/motfposykz.mp4,0,0.56543505
/home/tianlong/Downloads//test/shvfupmrho.mp4,0,0.55424875
/home/tianlong/Downloads//test/escwmsthiz.mp4,0,0.5013316
/home/tianlong/Downloads//test/ctpypmzfnl.mp4,0,0.4004604
/home/tianlong/Downloads//test/sjqrdyzkgl.mp4,0,0.554342
/home/tianlong/Downloads//test/ddrjnwlugg.mp4,0,0.49985385
/home/tianlong/Downloads//test/hxfqltenqh.mp4,0,0.38143423
/home/tianlong/Downloads//test/umerhoubxw.mp4,0,0.33128232
/home/tianlong/Downloads//test/jxrpqynwlt.mp4,0,0.51858556
/home/tianlong/Downloads//test/hprzotbjtj.mp4,0,0.53403646
/home/tianlong/Downloads//test/cqewayywpg.mp4,0,0.4119134
/home/tianlong/Downloads//test/nvptcoxzah.mp4,0,0.53312194
/home/tianlong/Downloads//test/uvzlfuxalu.mp4,0,0.583424
/home/tianlong/Downloads//test/mfcbgbcuvb.mp4,0,0.3967111
/home/tianlong/Downloads//test/tmtoypmqwt.mp4,0,0.5589011
/home/tianlong/Downloads//test/bsjucwhlrj.mp4,0,0.4311668
/home/tianlong/Downloads//test/hlsubhyoea.mp4,0,0.4157539
/home/tianlong/Downloads//test/deslnszgpy.mp4,0,0.395197
/home/tianlong/Downloads//test/tfwdbkwvgz.mp4,0,0.5984712
/home/tianlong/Downloads//test/ufxafdxpat.mp4,0,0.3861727
/home/tianlong/Downloads//test/lmacrzidyh.mp4,0,0.5142103
/home/tianlong/Downloads//test/wyiajvmitt.mp4,0,0.541644
/home/tianlong/Downloads//test/xbdnqfbxcv.mp4,0,0.46957126
/home/tianlong/Downloads//test/mhfnldxixw.mp4,0,0.4989292
/home/tianlong/Downloads//test/pfiigjlcct.mp4,0,0.40781957
/home/tianlong/Downloads//test/ldtibsniik.mp4,0,0.37569782
/home/tianlong/Downloads//test/gwzttezkpv.mp4,0,0.47729167
/home/tianlong/Downloads//test/pevmkpamhv.mp4,0,0.47905093
/home/tianlong/Downloads//test/zcfpsnaujx.mp4,0,0.5290016
/home/tianlong/Downloads//test/slvcfpalev.mp4,0,0.4852294
/home/tianlong/Downloads//test/ctdwtfcjei.mp4,0,0.48351735
/home/tianlong/Downloads//test/vxwsisekmb.mp4,0,0.56431264
/home/tianlong/Downloads//test/pkoadvlpga.mp4,0,0.37318283
/home/tianlong/Downloads//test/ofapaanpkl.mp4,0,0.47707552
/home/tianlong/Downloads//test/huzryvwrfa.mp4,0,0.5268439
/home/tianlong/Downloads//test/knjoasqzvt.mp4,0,0.5908032
/home/tianlong/Downloads//test/cedpyannqf.mp4,0,0.47934836
/home/tianlong/Downloads//test/mdwtpvlbrz.mp4,0,0.52662504
/home/tianlong/Downloads//test/hfcxlucrbj.mp4,0,0.4790339
/home/tianlong/Downloads//test/wbsajsyaej.mp4,0,0.5210516
/home/tianlong/Downloads//test/tbqrwehekx.mp4,0,0.5405004
/home/tianlong/Downloads//test/shslgpeisw.mp4,0,0.49789387
/home/tianlong/Downloads//test/epgfqrvwlr.mp4,0,0.38703325
/home/tianlong/Downloads//test/fduhwlydlg.mp4,0,0.51055354
/home/tianlong/Downloads//test/cpmridjxbc.mp4,0,0.5059742
/home/tianlong/Downloads//test/kphflojove.mp4,0,0.5246397
/home/tianlong/Downloads//test/hlcpwfwcyw.mp4,0,0.56327784
/home/tianlong/Downloads//test/bpeemkcxad.mp4,0,0.5785179
/home/tianlong/Downloads//test/jkadnvoqhk.mp4,0,0.5495396
/home/tianlong/Downloads//test/lzzpsosige.mp4,0,0.22164583
/home/tianlong/Downloads//test/pxtwhbaxjq.mp4,0,0.50039035
/home/tianlong/Downloads//test/pxgcsltbuo.mp4,0,0.43472624
/home/tianlong/Downloads//test/gmepmwcgwg.mp4,0,0.548209
/home/tianlong/Downloads//test/tnetytnegv.mp4,0,0.3219406
/home/tianlong/Downloads//test/sxmqvznwwq.mp4,0,0.5037197
/home/tianlong/Downloads//test/partcfzlbj.mp4,0,0.27569732
/home/tianlong/Downloads//test/tnkmovifrb.mp4,0,0.6001181
/home/tianlong/Downloads//test/dpgznlwvpx.mp4,0,0.35398817
/home/tianlong/Downloads//test/mbpbbekqks.mp4,0,0.49349323
/home/tianlong/Downloads//test/hdbejalgtx.mp4,0,0.46581155
/home/tianlong/Downloads//test/bmdiaytrcm.mp4,0,0.5226843
/home/tianlong/Downloads//test/yghxoihrle.mp4,0,0.4982832
/home/tianlong/Downloads//test/vcgelshrli.mp4,0,0.5830846
/home/tianlong/Downloads//test/yvdnbmbwyh.mp4,0,0.5863354
/home/tianlong/Downloads//test/kmakhupeac.mp4,0,0.5432884
/home/tianlong/Downloads//test/ccevbixrwu.mp4,0,0.46739942
/home/tianlong/Downloads//test/edavfjsjzw.mp4,0,0.4773634
/home/tianlong/Downloads//test/znmzmierff.mp4,0,0.54881173
/home/tianlong/Downloads//test/kiotoqmmfj.mp4,0,0.5910536
/home/tianlong/Downloads//test/nqctdktbtb.mp4,0,0.52096343
/home/tianlong/Downloads//test/inneixkosf.mp4,0,0.51296175
/home/tianlong/Downloads//test/occrrsyizc.mp4,0,0.37339061
/home/tianlong/Downloads//test/zfecmsiodq.mp4,0,0.51565075
/home/tianlong/Downloads//test/haknpmhigp.mp4,0,0.4535946
/home/tianlong/Downloads//test/zjbwxmmrgk.mp4,0,0.36257675
/home/tianlong/Downloads//test/qgpabkriss.mp4,0,0.5939077
/home/tianlong/Downloads//test/liureznisp.mp4,0,0.59058553
/home/tianlong/Downloads//test/bzdywpajvr.mp4,0,0.54947716
/home/tianlong/Downloads//test/jniytngcmy.mp4,0,0.47595215
/home/tianlong/Downloads//test/idklchvhxp.mp4,0,0.52790844
/home/tianlong/Downloads//test/pijzjjchqn.mp4,0,0.61158866
/home/tianlong/Downloads//test/pjnsejazpl.mp4,0,0.4904464
/home/tianlong/Downloads//test/gpaqoqegbn.mp4,0,0.5152434
/home/tianlong/Downloads//test/xsxwrwvfkg.mp4,0,0.4837107
/home/tianlong/Downloads//test/arwefyghir.mp4,0,0.49629593
/home/tianlong/Downloads//test/ptgvxdueef.mp4,0,0.41096658
/home/tianlong/Downloads//test/plljpjscih.mp4,0,0.47878045
/home/tianlong/Downloads//test/jozfaxodnx.mp4,0,0.56572664
/home/tianlong/Downloads//test/girdwtjwsr.mp4,0,0.54482096
/home/tianlong/Downloads//test/jbaahohsns.mp4,0,0.57568145
/home/tianlong/Downloads//test/uetfcmaryk.mp4,0,0.4867838
/home/tianlong/Downloads//test/oqbltrmhvt.mp4,0,0.5433234
/home/tianlong/Downloads//test/dvtzvkcrku.mp4,0,0.54634446
/home/tianlong/Downloads//test/qjilklnynm.mp4,0,0.4403955
/home/tianlong/Downloads//test/tcsdjwbihw.mp4,0,0.57020533
/home/tianlong/Downloads//test/zhftwvtutp.mp4,0,0.5066132
/home/tianlong/Downloads//test/xgktqwvknw.mp4,0,0.41345534
/home/tianlong/Downloads//test/cdeesuuuqz.mp4,0,0.48962313
/home/tianlong/Downloads//test/ymngcysczs.mp4,0,0.49830738
/home/tianlong/Downloads//test/gctyynjruz.mp4,0,0.42884216
/home/tianlong/Downloads//test/vkirqaiuoc.mp4,0,0.43764782
/home/tianlong/Downloads//test/ykywskdwlc.mp4,0,0.56766546
/home/tianlong/Downloads//test/verpxkucoi.mp4,0,0.52025515
/home/tianlong/Downloads//test/gpsqelalbp.mp4,0,0.34001994
/home/tianlong/Downloads//test/paorozwtbf.mp4,0,0.2661286
/home/tianlong/Downloads//test/iaaecuquha.mp4,0,0.48929572
/home/tianlong/Downloads//test/lmgdjtzwau.mp4,0,0.56867343
/home/tianlong/Downloads//test/tayykmblhg.mp4,0,0.42085028
/home/tianlong/Downloads//test/hpurahupjh.mp4,0,0.34793797
/home/tianlong/Downloads//test/uutxmgqajd.mp4,0,0.57807547
/home/tianlong/Downloads//test/rbkcpkwhjn.mp4,0,0.4277634
/home/tianlong/Downloads//test/wtnloygygs.mp4,0,0.4304088
/home/tianlong/Downloads//test/biborxaekt.mp4,0,0.46258754
/home/tianlong/Downloads//test/drlnvwvvuw.mp4,0,0.20289168
/home/tianlong/Downloads//test/axutpjywuu.mp4,0,0.47342712
/home/tianlong/Downloads//test/jbcnsmlysc.mp4,0,0.29545495
/home/tianlong/Downloads//test/ilzhgraxpl.mp4,0,0.28869835
/home/tianlong/Downloads//test/cwqhzuhjol.mp4,0,0.41069847
/home/tianlong/Downloads//test/tlzordotqw.mp4,0,0.53252286
/home/tianlong/Downloads//test/hdauuytvhx.mp4,0,0.55848634
/home/tianlong/Downloads//test/rtiyduycrn.mp4,0,0.5326873
/home/tianlong/Downloads//test/mdsmgzaltc.mp4,0,0.52075183
/home/tianlong/Downloads//test/mnlxxoicoo.mp4,0,0.5332607
/home/tianlong/Downloads//test/ksfuiztwuc.mp4,0,0.47586775
/home/tianlong/Downloads//test/tpjydgkvdt.mp4,0,0.43772545
/home/tianlong/Downloads//test/nmjesbwiux.mp4,0,0.35921016
/home/tianlong/Downloads//test/egzfaoiuwo.mp4,0,0.4335003
/home/tianlong/Downloads//test/ucmfbukrkj.mp4,0,0.31592658
/home/tianlong/Downloads//test/aoqzxlwvmi.mp4,0,0.25390604
/home/tianlong/Downloads//test/zzjfzeuizr.mp4,0,0.5537029
/home/tianlong/Downloads//test/aunokqsmrt.mp4,0,0.44468814
/home/tianlong/Downloads//test/kudvvlgiff.mp4,0,0.4030191
/home/tianlong/Downloads//test/qqwsabrgxh.mp4,0,0.3706187
/home/tianlong/Downloads//test/pvsslamopo.mp4,0,0.47838274
/home/tianlong/Downloads//test/kawxnfacqs.mp4,0,0.38831344
/home/tianlong/Downloads//test/lxeqbyddvt.mp4,0,0.3723805
/home/tianlong/Downloads//test/zylribcaeu.mp4,0,0.5731239
/home/tianlong/Downloads//test/sghdekqnnn.mp4,0,0.503856
/home/tianlong/Downloads//test/msbqgoxxlh.mp4,0,0.4732906
/home/tianlong/Downloads//test/ubbzrfgzer.mp4,0,0.5112041
/home/tianlong/Downloads//test/vuofhivyfs.mp4,0,0.549517
/home/tianlong/Downloads//test/xirrbpmlja.mp4,0,0.24649414
/home/tianlong/Downloads//test/appvffejyy.mp4,0,0.55908936
/home/tianlong/Downloads//test/nzepxsbotb.mp4,0,0.48102933
/home/tianlong/Downloads//test/nkqkvwpghi.mp4,0,0.60317224
/home/tianlong/Downloads//test/vdvffooule.mp4,0,0.52463216
/home/tianlong/Downloads//test/rayhrvqorn.mp4,0,0.36350492
/home/tianlong/Downloads//test/cslfapvyjv.mp4,0,0.4468113
/home/tianlong/Downloads//test/rmygsfjyvt.mp4,0,0.53961164
/home/tianlong/Downloads//test/yhbhhibwzo.mp4,0,0.59716004
/home/tianlong/Downloads//test/vlxfyuzygn.mp4,0,0.5707215
/home/tianlong/Downloads//test/zefqhoewww.mp4,0,0.54045033
/home/tianlong/Downloads//test/vptrrrmhyb.mp4,0,0.61430883
/home/tianlong/Downloads//test/cefolmrrlx.mp4,0,0.5734318
/home/tianlong/Downloads//test/xzmplldajk.mp4,0,0.5392412
/home/tianlong/Downloads//test/hrznynemfj.mp4,0,0.5044223
/home/tianlong/Downloads//test/tkxblcleyd.mp4,0,0.5810561
/home/tianlong/Downloads//test/tlxgwzheli.mp4,0,0.4976688
/home/tianlong/Downloads//test/qvgutokvct.mp4,0,0.29317942
/home/tianlong/Downloads//test/tcwyxrvdpe.mp4,0,0.47247523
/home/tianlong/Downloads//test/jwrypvpvpx.mp4,0,0.39522964
/home/tianlong/Downloads//test/bpyjsrjcro.mp4,0,0.5358303
/home/tianlong/Downloads//test/avteqdmbob.mp4,0,0.5693295
/home/tianlong/Downloads//test/aaivbtdyjn.mp4,0,0.53495497
/home/tianlong/Downloads//test/pokctfragw.mp4,0,0.45814323
/home/tianlong/Downloads//test/vgdllmzjcw.mp4,0,0.45904452
/home/tianlong/Downloads//test/zdlhavfmit.mp4,0,0.5115191
/home/tianlong/Downloads//test/yupsrmckii.mp4,0,0.5257513
/home/tianlong/Downloads//test/pobpsxjbzg.mp4,0,0.46067733
/home/tianlong/Downloads//test/lkvouattut.mp4,0,0.3334701
/home/tianlong/Downloads//test/anjzzdyhno.mp4,0,0.34780702
/home/tianlong/Downloads//test/jvihmimqca.mp4,0,0.53815305
/home/tianlong/Downloads//test/wnoitecfmf.mp4,0,0.42937607
/home/tianlong/Downloads//test/gbvllwqbjl.mp4,0,0.5812442
/home/tianlong/Downloads//test/gzabjmglim.mp4,0,0.42688552
/home/tianlong/Downloads//test/paqcbtdulm.mp4,0,0.44891733
/home/tianlong/Downloads//test/jcbbrqaaaq.mp4,0,0.4612804
/home/tianlong/Downloads//test/nsavbywhlu.mp4,0,0.5061802
/home/tianlong/Downloads//test/zwfebeiqat.mp4,0,0.34739575
/home/tianlong/Downloads//test/pimrsfwcwm.mp4,0,0.45995054
/home/tianlong/Downloads//test/mrvdmwcblt.mp4,0,0.53861046
/home/tianlong/Downloads//test/hedetzyqpu.mp4,0,0.5894804
/home/tianlong/Downloads//test/qytaiboeep.mp4,0,0.48514098
/home/tianlong/Downloads//test/famavifufv.mp4,0,0.50422704
/home/tianlong/Downloads//test/hnselekxwv.mp4,0,0.5385589
/home/tianlong/Downloads//test/emgciwmtuj.mp4,0,0.3757485
/home/tianlong/Downloads//test/wbmvbetcdm.mp4,0,0.4572808
/home/tianlong/Downloads//test/mpvnvvihzp.mp4,0,0.5479499
/home/tianlong/Downloads//test/zelgpxflfe.mp4,0,0.5876939
/home/tianlong/Downloads//test/lhjcdavmmg.mp4,0,0.51378965
/home/tianlong/Downloads//test/rxtqqoncwj.mp4,0,0.4648269
/home/tianlong/Downloads//test/shrpamtirw.mp4,0,0.4113652
/home/tianlong/Downloads//test/qhzlgrtgto.mp4,0,0.42463845
/home/tianlong/Downloads//test/uuzyzglejw.mp4,0,0.64847827
/home/tianlong/Downloads//test/bmnpqrwnex.mp4,0,0.5780528
/home/tianlong/Downloads//test/dtssdnhgiw.mp4,0,0.5874579
/home/tianlong/Downloads//test/rlhmppiklf.mp4,0,0.5657849
/home/tianlong/Downloads//test/sswhgeqjrt.mp4,0,0.4284851
/home/tianlong/Downloads//test/emxqsgqtdz.mp4,0,0.4809528
/home/tianlong/Downloads//test/bcwtjzsutw.mp4,0,0.5931678
/home/tianlong/Downloads//test/uomfimsutw.mp4,0,0.5324152
/home/tianlong/Downloads//test/mztlucosuc.mp4,0,0.52596235
/home/tianlong/Downloads//test/ntcfyojagi.mp4,0,0.39812326
/home/tianlong/Downloads//test/wrbuiboyat.mp4,0,0.6075161
/home/tianlong/Downloads//test/xiqecarvpb.mp4,0,0.5173009
/home/tianlong/Downloads//test/fcvzlzfufb.mp4,0,0.58279353
/home/tianlong/Downloads//test/savqrjnncg.mp4,0,0.46137005
/home/tianlong/Downloads//test/icqmqztbry.mp4,0,0.36191463
/home/tianlong/Downloads//test/zzrmokkxka.mp4,0,0.55048615
/home/tianlong/Downloads//test/btgxrrldio.mp4,0,0.49629205
/home/tianlong/Downloads//test/zdnepyqjiy.mp4,0,0.52908814
/home/tianlong/Downloads//test/fybiztpnrc.mp4,0,0.5687785
/home/tianlong/Downloads//test/parqhrknkf.mp4,0,0.50865495
/home/tianlong/Downloads//test/tvffpggbrc.mp4,0,0.5132183
/home/tianlong/Downloads//test/rtpuwtrxsr.mp4,0,0.4968472
/home/tianlong/Downloads//test/tgmqfzsznf.mp4,0,0.3801978
/home/tianlong/Downloads//test/eqabuehals.mp4,0,0.3190628
/home/tianlong/Downloads//test/ikebomnsiq.mp4,0,0.4948412
/home/tianlong/Downloads//test/wfzxrfxohw.mp4,0,0.47630388
/home/tianlong/Downloads//test/dqfgwejsvm.mp4,0,0.3217479
/home/tianlong/Downloads//test/lxadgjqzbf.mp4,0,0.5307067
/home/tianlong/Downloads//test/tdahgbtenl.mp4,0,0.5552588
/home/tianlong/Downloads//test/bivzhsmrqo.mp4,0,0.5210279
/home/tianlong/Downloads//test/vzxluflrhn.mp4,0,0.39897993
/home/tianlong/Downloads//test/ikmsdmynbf.mp4,0,0.5511422
/home/tianlong/Downloads//test/kuqbgbrypa.mp4,0,0.60213107
/home/tianlong/Downloads//test/nfstajzaot.mp4,0,0.41346574
/home/tianlong/Downloads//test/dultiznosk.mp4,0,0.3456473
/home/tianlong/Downloads//test/ckqfqernbf.mp4,0,0.4836437
/home/tianlong/Downloads//test/kbdwudhhwf.mp4,0,0.42974377
/home/tianlong/Downloads//test/hqpjmwyygq.mp4,0,0.36659324
/home/tianlong/Downloads//test/tjyuudtkme.mp4,0,0.43543577
/home/tianlong/Downloads//test/tihgxlmfcj.mp4,0,0.42479998
/home/tianlong/Downloads//test/sgdnbofecu.mp4,0,0.51031274
/home/tianlong/Downloads//test/pgamqeolau.mp4,0,0.29133055
/home/tianlong/Downloads//test/ijeqomctsa.mp4,0,0.38712737
/home/tianlong/Downloads//test/ppruxbqpmc.mp4,0,0.49791306
/home/tianlong/Downloads//test/hkvfyeacje.mp4,0,0.40834087
/home/tianlong/Downloads//test/zqrzqekofe.mp4,0,0.4956872
/home/tianlong/Downloads//test/iwzbgmtsuh.mp4,0,0.5062121
/home/tianlong/Downloads//test/dbixwxtuxs.mp4,0,0.51378787
/home/tianlong/Downloads//test/cepqcoseaj.mp4,0,0.5210015
/home/tianlong/Downloads//test/gypapuqdrx.mp4,0,0.5416845
/home/tianlong/Downloads//test/djhhnixfyi.mp4,0,0.48463315
/home/tianlong/Downloads//test/fkarxowzuf.mp4,0,0.5776221
/home/tianlong/Downloads//test/gfxnuidfgl.mp4,0,0.49384898
/home/tianlong/Downloads//test/vsreebjsfs.mp4,0,0.5419121
/home/tianlong/Downloads//test/manqchicur.mp4,0,0.6131751
/home/tianlong/Downloads//test/gztffgsxpt.mp4,0,0.3462134
/home/tianlong/Downloads//test/jdzkykqgsx.mp4,0,0.39131555
/home/tianlong/Downloads//test/cvbubcwkkl.mp4,0,0.34101802
/home/tianlong/Downloads//test/bgqhldvsgc.mp4,0,0.39835635
/home/tianlong/Downloads//test/blqgpxokwq.mp4,0,0.5497271
/home/tianlong/Downloads//test/cxvayntesu.mp4,0,0.5392357
/home/tianlong/Downloads//test/dxepehnhgm.mp4,0,0.31991887
/home/tianlong/Downloads//test/bcgjlsupne.mp4,0,0.50719273
/home/tianlong/Downloads//test/uhynwthfhf.mp4,0,0.5750615
/home/tianlong/Downloads//test/gocrdvihos.mp4,0,0.5147759
/home/tianlong/Downloads//test/gtyvtbojpp.mp4,0,0.47056764
/home/tianlong/Downloads//test/eqtwkqxolz.mp4,0,0.5434146
/home/tianlong/Downloads//test/arwiyweadv.mp4,0,0.47910053
/home/tianlong/Downloads//test/mlizcisxro.mp4,0,0.39800367
/home/tianlong/Downloads//test/miiymgajty.mp4,0,0.53011525
/home/tianlong/Downloads//test/ragjclplkx.mp4,0,0.5599234
/home/tianlong/Downloads//test/wxrfuemtxj.mp4,0,0.55584663
/home/tianlong/Downloads//test/xxupwwukoh.mp4,0,0.38814443
/home/tianlong/Downloads//test/qdantvtdji.mp4,0,0.49990433
/home/tianlong/Downloads//test/oqehnuhbwa.mp4,0,0.4942956
/home/tianlong/Downloads//test/yzqbwkwxsn.mp4,0,0.47694105
/home/tianlong/Downloads//test/osjaqtkkdt.mp4,0,0.56309766
/home/tianlong/Downloads//test/nthlmvjxac.mp4,0,0.5201374
/home/tianlong/Downloads//test/dpegbdzijf.mp4,0,0.49119163
/home/tianlong/Downloads//test/ezgusylcyf.mp4,0,0.5988961
/home/tianlong/Downloads//test/isxxybhuls.mp4,0,0.6028864
/home/tianlong/Downloads//test/dbqbwrcvjk.mp4,0,0.54201376
/home/tianlong/Downloads//test/qqrvyhjznq.mp4,0,0.5154943
/home/tianlong/Downloads//test/ohdtmpzbtp.mp4,0,0.34723118
/home/tianlong/Downloads//test/oupztxzdln.mp4,0,0.34413812
/home/tianlong/Downloads//test/snidpujjti.mp4,0,0.48022634
/home/tianlong/Downloads//test/yoxdseoukl.mp4,0,0.5872515
/home/tianlong/Downloads//test/bxsdnqizii.mp4,0,0.55113804
/home/tianlong/Downloads//test/ihszkmcwvw.mp4,0,0.35129896
/home/tianlong/Downloads//test/rgrqhjtoby.mp4,0,0.5239745
/home/tianlong/Downloads//test/vqibhetnwa.mp4,0,0.5518769
/home/tianlong/Downloads//test/rkqqgwurqt.mp4,0,0.3485562
/home/tianlong/Downloads//test/axdepsfowg.mp4,0,0.35436168
/home/tianlong/Downloads//test/dcpmipuapc.mp4,0,0.45031375
/home/tianlong/Downloads//test/ncjqganhal.mp4,0,0.5912555
/home/tianlong/Downloads//test/qnbnlmpqpu.mp4,0,0.5695938
/home/tianlong/Downloads//test/ieoervpooz.mp4,0,0.41404065
/home/tianlong/Downloads//test/fscyfygpyk.mp4,0,0.52175283
/home/tianlong/Downloads//test/pitpjawwwp.mp4,0,0.5525852
/home/tianlong/Downloads//test/geturetbpy.mp4,0,0.5102869
/home/tianlong/Downloads//test/kwsraaqime.mp4,0,0.4988742
/home/tianlong/Downloads//test/lhgoghqmub.mp4,0,0.40522748
/home/tianlong/Downloads//test/kdmonvkpqd.mp4,0,0.4908855
/home/tianlong/Downloads//test/wrcelewmpa.mp4,0,0.45077258
/home/tianlong/Downloads//test/bxqgvzamnx.mp4,0,0.5045142
/home/tianlong/Downloads//test/nliofvksed.mp4,0,0.5642842
/home/tianlong/Downloads//test/mwjnvghsbe.mp4,0,0.5217101
/home/tianlong/Downloads//test/ygiscbckjl.mp4,0,0.56469697
/home/tianlong/Downloads//test/wscclwhfsr.mp4,0,0.3761477
/home/tianlong/Downloads//test/hddminxrhw.mp4,0,0.48225775
/home/tianlong/Downloads//test/ncrkggcdqp.mp4,0,0.53159755
/home/tianlong/Downloads//test/xjinzawywt.mp4,0,0.52974
/home/tianlong/Downloads//test/korrsqtkke.mp4,0,0.26801008
/home/tianlong/Downloads//test/tskjnnvjsa.mp4,0,0.5598386
/home/tianlong/Downloads//test/tyjxmknivy.mp4,0,0.5476819
/home/tianlong/Downloads//test/qyvqrtscbk.mp4,0,0.371915
/home/tianlong/Downloads//test/kxnybtbpkl.mp4,0,0.3633756
/home/tianlong/Downloads//test/wiqtkqwfsw.mp4,0,0.5884652
/home/tianlong/Downloads//test/bevjclbhuo.mp4,0,0.35378745
/home/tianlong/Downloads//test/shwulrbsfx.mp4,0,0.63145447
/home/tianlong/Downloads//test/mohtuktaaq.mp4,0,0.37091118
/home/tianlong/Downloads//test/fwsypadiom.mp4,0,0.5286826
/home/tianlong/Downloads//test/buywrbgfqy.mp4,0,0.3912741
/home/tianlong/Downloads//test/bljpdykszf.mp4,0,0.52718204
/home/tianlong/Downloads//test/ztxdkcoxvx.mp4,0,0.49656996
/home/tianlong/Downloads//test/oqeoibjbim.mp4,0,0.37425876
/home/tianlong/Downloads//test/szwhgmrrhm.mp4,0,0.5211081
/home/tianlong/Downloads//test/xnydmgdhum.mp4,0,0.5178205
/home/tianlong/Downloads//test/fltaysfwct.mp4,0,0.5679914
/home/tianlong/Downloads//test/akdvkdoyoh.mp4,0,0.57985103
/home/tianlong/Downloads//test/ftfemkjnot.mp4,0,0.52929544
/home/tianlong/Downloads//test/gmbckelbzp.mp4,0,0.49993688
/home/tianlong/Downloads//test/jjzveabagf.mp4,0,0.43011722
/home/tianlong/Downloads//test/dfqwasrdvq.mp4,0,0.6164113
/home/tianlong/Downloads//test/diskzkrrph.mp4,0,0.5146998
/home/tianlong/Downloads//test/jtwpwdqmxz.mp4,0,0.54881763
/home/tianlong/Downloads//test/qivnumuetu.mp4,0,0.3786046
/home/tianlong/Downloads//test/blmuzhjygg.mp4,0,0.3670206
/home/tianlong/Downloads//test/sbxlfehzjc.mp4,0,0.5606046
/home/tianlong/Downloads//test/tcwhwssdnv.mp4,0,0.50470024
/home/tianlong/Downloads//test/bkbokyebco.mp4,0,0.5005627
/home/tianlong/Downloads//test/vojsghpebv.mp4,0,0.48562846
/home/tianlong/Downloads//test/opuhoerhxb.mp4,0,0.49918288
/home/tianlong/Downloads//test/mmhdcoqsve.mp4,0,0.5611903
/home/tianlong/Downloads//test/ewxddjqzml.mp4,0,0.47535142
/home/tianlong/Downloads//test/dznchaiaqh.mp4,0,0.48952213
/home/tianlong/Downloads//test/mloeefokyq.mp4,0,0.36142868
/home/tianlong/Downloads//test/fgkpembbpv.mp4,0,0.4398119
/home/tianlong/Downloads//test/orqafstesq.mp4,0,0.5289409
/home/tianlong/Downloads//test/ckgabgjnca.mp4,0,0.5603252
/home/tianlong/Downloads//test/iuvhrgckrt.mp4,0,0.46271577
/home/tianlong/Downloads//test/vlzwcejywm.mp4,0,0.54674596
/home/tianlong/Downloads//test/cpucjmfawf.mp4,0,0.5993002
/home/tianlong/Downloads//test/ekvhyeycpr.mp4,0,0.49970746
/home/tianlong/Downloads//test/tazlckybzu.mp4,0,0.5350501
/home/tianlong/Downloads//test/clxgzkdgta.mp4,0,0.53121847
/home/tianlong/Downloads//test/zlfbumxcxs.mp4,0,0.49507397
/home/tianlong/Downloads//test/plhcceboag.mp4,0,0.49370536
/home/tianlong/Downloads//test/extihvlsxg.mp4,0,0.34011456
/home/tianlong/Downloads//test/olebnvxoyl.mp4,0,0.37952513
/home/tianlong/Downloads//test/opdqcwqxzy.mp4,0,0.55570376
/home/tianlong/Downloads//test/stwaypekwh.mp4,0,0.4490715
/home/tianlong/Downloads//test/xogwctpikv.mp4,0,0.5113176
/home/tianlong/Downloads//test/cjiwxfwcit.mp4,0,0.56869805
/home/tianlong/Downloads//test/txshgvrava.mp4,0,0.45935494
/home/tianlong/Downloads//test/ggpuxwhpri.mp4,0,0.58017594
/home/tianlong/Downloads//test/jlxnzxtopm.mp4,0,0.4385129
/home/tianlong/Downloads//test/thjugpbwcv.mp4,0,0.55122757
/home/tianlong/Downloads//test/pkititkein.mp4,0,0.52148545
/home/tianlong/Downloads//test/hjiwmybauf.mp4,0,0.4947645
/home/tianlong/Downloads//test/efazuieysm.mp4,0,0.53345764
/home/tianlong/Downloads//test/tdzsgrdneg.mp4,0,0.5742343
/home/tianlong/Downloads//test/mkxmvreoth.mp4,0,0.39346212
/home/tianlong/Downloads//test/ofbjiuemkr.mp4,0,0.4629105
/home/tianlong/Downloads//test/dogotzkdiw.mp4,0,0.53874123
/home/tianlong/Downloads//test/qdmvzknbua.mp4,0,0.56744534
/home/tianlong/Downloads//test/pnauelqbxq.mp4,0,0.39469516
/home/tianlong/Downloads//test/sytddqezij.mp4,0,0.45727485
/home/tianlong/Downloads//test/bhpddnqauc.mp4,0,0.47372413
/home/tianlong/Downloads//test/imtkdzkypf.mp4,0,0.57664114
/home/tianlong/Downloads//test/kbodjivgqu.mp4,0,0.43735218
/home/tianlong/Downloads//test/qtxraeaxeh.mp4,0,0.5448972
/home/tianlong/Downloads//test/uaxmqpmswz.mp4,0,0.416326
/home/tianlong/Downloads//test/qlbapiibba.mp4,0,0.5639773
/home/tianlong/Downloads//test/mzurunkulx.mp4,0,0.4145853
/home/tianlong/Downloads//test/aujoxrpddn.mp4,0,0.6094737
/home/tianlong/Downloads//test/ebenvuuxld.mp4,0,0.38907483
/home/tianlong/Downloads//test/fsfjlwwsen.mp4,0,0.54210675
/home/tianlong/Downloads//test/zwgaptzuqt.mp4,0,0.36771426
/home/tianlong/Downloads//test/gldpafckwo.mp4,0,0.5580142
/home/tianlong/Downloads//test/nvkzpexyzg.mp4,0,0.5306951
/home/tianlong/Downloads//test/vnrmxwtsmf.mp4,0,0.35205632
/home/tianlong/Downloads//test/hmofiqjzxe.mp4,0,0.57648075
/home/tianlong/Downloads//test/ucryyubbqk.mp4,0,0.5281748
/home/tianlong/Downloads//test/gwqdrapybq.mp4,0,0.53810465
/home/tianlong/Downloads//test/avttogwbyz.mp4,0,0.46650547
/home/tianlong/Downloads//test/hbmvxgonmq.mp4,0,0.41095895
/home/tianlong/Downloads//test/gxxlbjuyza.mp4,0,0.46851262
/home/tianlong/Downloads//test/jhzozsurac.mp4,0,0.48626128
/home/tianlong/Downloads//test/opyqudaics.mp4,0,0.45400634
/home/tianlong/Downloads//test/vigbdgmudk.mp4,0,0.42983422
/home/tianlong/Downloads//test/viidhkoxyv.mp4,0,0.38420358
/home/tianlong/Downloads//test/dmpvbeyuqb.mp4,0,0.5047408
/home/tianlong/Downloads//test/wgycqahjww.mp4,0,0.5958463
/home/tianlong/Downloads//test/wwgmzeavbd.mp4,0,0.49441665
/home/tianlong/Downloads//test/qtqyglbdem.mp4,0,0.5902175
/home/tianlong/Downloads//test/nqynuhnklk.mp4,0,0.4119625
/home/tianlong/Downloads//test/jygbqsigcr.mp4,0,0.5254482
/home/tianlong/Downloads//test/nsozqvhalr.mp4,0,0.55729544
/home/tianlong/Downloads//test/yvmrwdyxby.mp4,0,0.5033053
/home/tianlong/Downloads//test/kvhbyuklfv.mp4,0,0.51129514
/home/tianlong/Downloads//test/iwnfvkmktq.mp4,0,0.5811576
/home/tianlong/Downloads//test/qzfmctgxcs.mp4,0,0.57964003
/home/tianlong/Downloads//test/vhipamioud.mp4,0,0.573528
/home/tianlong/Downloads//test/lmbvoxhowe.mp4,0,0.3668782
/home/tianlong/Downloads//test/ziqjamfzlv.mp4,0,0.5574265
/home/tianlong/Downloads//test/kqnwutdvpd.mp4,0,0.40324035
/home/tianlong/Downloads//test/lucpbeexdk.mp4,0,0.6010287
/home/tianlong/Downloads//test/pnotaniiuh.mp4,0,0.40574616
/home/tianlong/Downloads//test/qohtjkzity.mp4,0,0.53036296
/home/tianlong/Downloads//test/bkjhfcvsig.mp4,0,0.28094354
/home/tianlong/Downloads//test/kpcrdurodw.mp4,0,0.56961644
/home/tianlong/Downloads//test/nmphdbflzj.mp4,0,0.5497056
/home/tianlong/Downloads//test/fmsxomanga.mp4,0,0.5522051
/home/tianlong/Downloads//test/tgwpcoljin.mp4,0,0.51597965
/home/tianlong/Downloads//test/foynwjsqeh.mp4,0,0.55217326
/home/tianlong/Downloads//test/vdqritvjfl.mp4,0,0.5062629
/home/tianlong/Downloads//test/egyemqrvna.mp4,0,0.5548428
/home/tianlong/Downloads//test/xrtmepdfyh.mp4,0,0.50040805
/home/tianlong/Downloads//test/zfgjechdto.mp4,0,0.29355407
/home/tianlong/Downloads//test/jujpqsrgll.mp4,0,0.57329905
/home/tianlong/Downloads//test/iakzgqqova.mp4,0,0.5654258
/home/tianlong/Downloads//test/fqdklzzkfj.mp4,0,0.52743125
/home/tianlong/Downloads//test/dnfnxwbsoi.mp4,0,0.4345224
/home/tianlong/Downloads//test/lynaeydofd.mp4,0,0.3296958
/home/tianlong/Downloads//test/relrfifywa.mp4,0,0.37525612
/home/tianlong/Downloads//test/imsacxixmv.mp4,0,0.53215885
/home/tianlong/Downloads//test/rfbwukxpye.mp4,0,0.45129594
/home/tianlong/Downloads//test/atixaudngu.mp4,0,0.5309291
/home/tianlong/Downloads//test/tcychsyltm.mp4,0,0.3556748
/home/tianlong/Downloads//test/kifyfzqzjj.mp4,0,0.48774028
/home/tianlong/Downloads//test/irjbukzjqt.mp4,0,0.45357522
/home/tianlong/Downloads//test/jmkkbkvbjo.mp4,0,0.55833393
/home/tianlong/Downloads//test/gflhlvhqyl.mp4,0,0.57398206
/home/tianlong/Downloads//test/myebjqbxsl.mp4,0,0.45999092
/home/tianlong/Downloads//test/mqeqiytluf.mp4,0,0.35919982
/home/tianlong/Downloads//test/zbsjlcsetv.mp4,0,0.5013441
/home/tianlong/Downloads//test/lzmxqxrruv.mp4,0,0.5248916
/home/tianlong/Downloads//test/neotrnwthu.mp4,0,0.35522428
/home/tianlong/Downloads//test/vwigtbeivy.mp4,0,0.4975341
/home/tianlong/Downloads//test/ldtscpryms.mp4,0,0.61499906
/home/tianlong/Downloads//test/sjgmmecazy.mp4,0,0.56403697
/home/tianlong/Downloads//test/jkrbsekajk.mp4,0,0.46463558
/home/tianlong/Downloads//test/iahzcxmuck.mp4,0,0.25770578
/home/tianlong/Downloads//test/cteqlloxwu.mp4,0,0.50075126
/home/tianlong/Downloads//test/pgqxsteufx.mp4,0,0.5578028
/home/tianlong/Downloads//test/cmuzrrlaiy.mp4,1,0.5916155
/home/tianlong/Downloads//test/jxeqhujuvh.mp4,1,0.55343276
/home/tianlong/Downloads//test/ntaqujyzes.mp4,1,0.58769476
/home/tianlong/Downloads//test/ghxzsygiou.mp4,1,0.4915885
/home/tianlong/Downloads//test/lvxzjwiklq.mp4,1,0.5052107
/home/tianlong/Downloads//test/wlyvvvjgnv.mp4,1,0.55598366
/home/tianlong/Downloads//test/hexxuigzdl.mp4,1,0.6781295
/home/tianlong/Downloads//test/zynrdvlrwv.mp4,1,0.55174553
/home/tianlong/Downloads//test/kbvqzihgan.mp4,1,0.45684415
/home/tianlong/Downloads//test/razacdewcv.mp4,1,0.5048448
/home/tianlong/Downloads//test/tjlrvidbxw.mp4,1,0.56552327
/home/tianlong/Downloads//test/gcbyurxhbz.mp4,1,0.41146407
/home/tianlong/Downloads//test/xticvyqqjn.mp4,1,0.52890855
/home/tianlong/Downloads//test/gqpayiddqv.mp4,1,0.4729313
/home/tianlong/Downloads//test/zmrnjhfxed.mp4,1,0.49782047
/home/tianlong/Downloads//test/slpxqmwuqm.mp4,1,0.5954312
/home/tianlong/Downloads//test/upwsvjdtgo.mp4,1,0.5704087
/home/tianlong/Downloads//test/zpnjiswgdt.mp4,1,0.5412229
/home/tianlong/Downloads//test/rayxtqfosv.mp4,1,0.2372907
/home/tianlong/Downloads//test/cfhoqpdzqb.mp4,1,0.48722306
/home/tianlong/Downloads//test/okyufzgvay.mp4,1,0.4192706
/home/tianlong/Downloads//test/wgyxtquovo.mp4,1,0.5659717
/home/tianlong/Downloads//test/kicgvgukqs.mp4,1,0.617313
/home/tianlong/Downloads//test/aolhuwcdwv.mp4,1,0.6185402
/home/tianlong/Downloads//test/clzcvdsuyp.mp4,1,0.55897987
/home/tianlong/Downloads//test/jibhugdfbs.mp4,1,0.58725804
/home/tianlong/Downloads//test/kfiszsbzob.mp4,1,0.62086403
/home/tianlong/Downloads//test/mgwtoqonaf.mp4,1,0.543784
/home/tianlong/Downloads//test/buzqmuifod.mp4,1,0.5098964
/home/tianlong/Downloads//test/bofmetrgfm.mp4,1,0.5319255
/home/tianlong/Downloads//test/chlshvbday.mp4,1,0.54164433
/home/tianlong/Downloads//test/vxcjkgerao.mp4,1,0.60893667
/home/tianlong/Downloads//test/qxwqqhruvz.mp4,1,0.5397574
/home/tianlong/Downloads//test/hytdcdixlv.mp4,1,0.51475394
/home/tianlong/Downloads//test/buejhiahpy.mp4,1,0.48531437
/home/tianlong/Downloads//test/omotodymgb.mp4,1,0.47401524
/home/tianlong/Downloads//test/gmcvyrferj.mp4,1,0.40067452
/home/tianlong/Downloads//test/ycoaclsdov.mp4,1,0.5029883
/home/tianlong/Downloads//test/scaljzcpcf.mp4,1,0.5693361
/home/tianlong/Downloads//test/uhbxhharht.mp4,1,0.49553695
/home/tianlong/Downloads//test/tmmakbzbqw.mp4,1,0.6114472
/home/tianlong/Downloads//test/mvfvefsgik.mp4,1,0.73498666
/home/tianlong/Downloads//test/inesnaprwm.mp4,1,0.5191655
/home/tianlong/Downloads//test/qqxelyjmmw.mp4,1,0.59427625
/home/tianlong/Downloads//test/dllkubdbbd.mp4,1,0.6030933
/home/tianlong/Downloads//test/ttnajmkchw.mp4,1,0.56472534
/home/tianlong/Downloads//test/kaffwaiexj.mp4,1,0.49080405
/home/tianlong/Downloads//test/dpfuqzdtrs.mp4,1,0.58383834
/home/tianlong/Downloads//test/hfvexodpht.mp4,1,0.5283329
/home/tianlong/Downloads//test/vmxjsdkuju.mp4,1,0.50710213
/home/tianlong/Downloads//test/afaxsgqksm.mp4,1,0.46162376
/home/tianlong/Downloads//test/pgkipgmpgm.mp4,1,0.6074104
/home/tianlong/Downloads//test/ltkesswcyn.mp4,1,0.5383443
/home/tianlong/Downloads//test/dffkcrccsj.mp4,1,0.47697973
/home/tianlong/Downloads//test/svtnilogao.mp4,1,0.5471746
/home/tianlong/Downloads//test/bzobkqewtt.mp4,1,0.5541588
/home/tianlong/Downloads//test/vemnbnqoqk.mp4,1,0.5761157
/home/tianlong/Downloads//test/nobrvdftmd.mp4,1,0.5721717
/home/tianlong/Downloads//test/qepgiaxgpc.mp4,1,0.5044302
/home/tianlong/Downloads//test/bogjubshbr.mp4,1,0.5832255
/home/tianlong/Downloads//test/uyoqozgdcy.mp4,1,0.47870022
/home/tianlong/Downloads//test/cvmmtklgst.mp4,1,0.5430013
/home/tianlong/Downloads//test/qharxzhzpl.mp4,1,0.5391296
/home/tianlong/Downloads//test/sprejlmapw.mp4,1,0.5021228
/home/tianlong/Downloads//test/crzrsezocr.mp4,1,0.5347243
/home/tianlong/Downloads//test/wyqhadmmcy.mp4,1,0.5632056
/home/tianlong/Downloads//test/jrjxehotww.mp4,1,0.5146379
/home/tianlong/Downloads//test/xctpdujlok.mp4,1,0.38331702
/home/tianlong/Downloads//test/hfspenqmpw.mp4,1,0.5101248
/home/tianlong/Downloads//test/jkfukzcjxd.mp4,1,0.6311393
/home/tianlong/Downloads//test/knafngkgen.mp4,1,0.5033535
/home/tianlong/Downloads//test/tswmtnhfmn.mp4,1,0.39715603
/home/tianlong/Downloads//test/qoasfzksgo.mp4,1,0.51071006
/home/tianlong/Downloads//test/hnrzuoqnkz.mp4,1,0.48544973
/home/tianlong/Downloads//test/nussrkyuzy.mp4,1,0.43160945
/home/tianlong/Downloads//test/ciwzwmlyxz.mp4,1,0.47818342
/home/tianlong/Downloads//test/dbauiiupef.mp4,1,0.6194295
/home/tianlong/Downloads//test/ywxfnlxtjg.mp4,1,0.47321516
/home/tianlong/Downloads//test/pryqgrbtnu.mp4,1,0.55587137
/home/tianlong/Downloads//test/mbjpaydogy.mp4,1,0.4747942
/home/tianlong/Downloads//test/ihdopxhysr.mp4,1,0.5159769
/home/tianlong/Downloads//test/rgasvymjrj.mp4,1,0.49408895
/home/tianlong/Downloads//test/eclpgjjies.mp4,1,0.50738525
/home/tianlong/Downloads//test/kxptuwngop.mp4,1,0.4747467
/home/tianlong/Downloads//test/uaqvffouxp.mp4,1,0.58254063
/home/tianlong/Downloads//test/xvqzzgoabm.mp4,1,0.39913404
/home/tianlong/Downloads//test/tkgbjtcxyl.mp4,1,0.5539545
/home/tianlong/Downloads//test/xlnaxrwvcx.mp4,1,0.5052274
/home/tianlong/Downloads//test/kphfzaullq.mp4,1,0.5595786
/home/tianlong/Downloads//test/rkezgzxnoo.mp4,1,0.53135127
/home/tianlong/Downloads//test/fromclsodq.mp4,1,0.54451716
/home/tianlong/Downloads//test/nrscfrjxpb.mp4,1,0.43444777
/home/tianlong/Downloads//test/ygobagrhmg.mp4,1,0.5955514
/home/tianlong/Downloads//test/hisfrixnbu.mp4,1,0.52709466
/home/tianlong/Downloads//test/duzueyonao.mp4,1,0.47811547
/home/tianlong/Downloads//test/gkknsyqbnz.mp4,1,0.65184677
/home/tianlong/Downloads//test/tmgdrjjalz.mp4,1,0.48609644
/home/tianlong/Downloads//test/iajblozgtx.mp4,1,0.46608195
/home/tianlong/Downloads//test/ahkcchuwqq.mp4,1,0.520871
/home/tianlong/Downloads//test/zmfiveruie.mp4,1,0.6151098
/home/tianlong/Downloads//test/xptgnpgfkn.mp4,1,0.3087116
/home/tianlong/Downloads//test/aebhowazav.mp4,1,0.5138245
/home/tianlong/Downloads//test/geulcwvfuy.mp4,1,0.61518127
/home/tianlong/Downloads//test/glzyifzrql.mp4,1,0.5109598
/home/tianlong/Downloads//test/wvmrsucbsq.mp4,1,0.5401084
/home/tianlong/Downloads//test/moetggyxsc.mp4,1,0.5016525
/home/tianlong/Downloads//test/jfvnwpcjrm.mp4,1,0.5217918
/home/tianlong/Downloads//test/kaggpclkjm.mp4,1,0.63806856
/home/tianlong/Downloads//test/nacldwtuwp.mp4,1,0.56482816
/home/tianlong/Downloads//test/upwyvqbjlq.mp4,1,0.5597786
/home/tianlong/Downloads//test/tdmyjvptzv.mp4,1,0.53437936
/home/tianlong/Downloads//test/fzurflflwv.mp4,1,0.49981308
/home/tianlong/Downloads//test/aakjukgjme.mp4,1,0.5447478
/home/tianlong/Downloads//test/ypepsyuwmo.mp4,1,0.4426046
/home/tianlong/Downloads//test/qxhyhhkywc.mp4,1,0.42747602
/home/tianlong/Downloads//test/iqvfopywpa.mp4,1,0.28573412
/home/tianlong/Downloads//test/xfncslssic.mp4,1,0.5086782
/home/tianlong/Downloads//test/jesstfspwv.mp4,1,0.5842955
/home/tianlong/Downloads//test/xiraodtgnt.mp4,1,0.55240273
/home/tianlong/Downloads//test/xeuzubpylq.mp4,1,0.5208706
/home/tianlong/Downloads//test/xszpbtciwo.mp4,1,0.55554616
/home/tianlong/Downloads//test/fkksbgaibl.mp4,1,0.65226114
/home/tianlong/Downloads//test/ntqzfgmhnj.mp4,1,0.6491965
/home/tianlong/Downloads//test/bizbjxafzr.mp4,1,0.54844916
/home/tianlong/Downloads//test/bxfwiuvafo.mp4,1,0.58289874
/home/tianlong/Downloads//test/jfcglbovmo.mp4,1,0.5377997
/home/tianlong/Downloads//test/odidbykbar.mp4,1,0.5522107
/home/tianlong/Downloads//test/qarbtmjwhm.mp4,1,0.5761172
/home/tianlong/Downloads//test/jeierullea.mp4,1,0.5138694
/home/tianlong/Downloads//test/lrckqkzekj.mp4,1,0.39438754
/home/tianlong/Downloads//test/riizlqngim.mp4,1,0.50195557
/home/tianlong/Downloads//test/lmcnonfhgz.mp4,1,0.5128038
/home/tianlong/Downloads//test/lkhszpabzv.mp4,1,0.5460041
/home/tianlong/Downloads//test/njqbwiajss.mp4,1,0.44128403
/home/tianlong/Downloads//test/ksqybmrwyg.mp4,1,0.5140836
/home/tianlong/Downloads//test/dxphlwcvan.mp4,1,0.53820664
/home/tianlong/Downloads//test/dgjssccxhx.mp4,1,0.51357937
/home/tianlong/Downloads//test/sbfxzmhzyv.mp4,1,0.4696854
/home/tianlong/Downloads//test/rlvgpdrgvi.mp4,1,0.5849596
/home/tianlong/Downloads//test/uzdmxmfcqe.mp4,1,0.5236799
/home/tianlong/Downloads//test/afixxjdxef.mp4,1,0.57147235
/home/tianlong/Downloads//test/fwvxtssltw.mp4,1,0.4998579
/home/tianlong/Downloads//test/jyzlvivrmr.mp4,1,0.5069064
/home/tianlong/Downloads//test/byavookkdu.mp4,1,0.4186462
/home/tianlong/Downloads//test/agyawnxlmv.mp4,1,0.56098175
/home/tianlong/Downloads//test/zjoonppreb.mp4,1,0.52973473
/home/tianlong/Downloads//test/sjzwpqupnm.mp4,1,0.49825507
/home/tianlong/Downloads//test/pobrnbspcf.mp4,1,0.5759462
/home/tianlong/Downloads//test/qdkpphviay.mp4,1,0.5349671
/home/tianlong/Downloads//test/nbyaxzmueg.mp4,1,0.5393992
/home/tianlong/Downloads//test/vfszaqentw.mp4,1,0.54368335
/home/tianlong/Downloads//test/fosovipqkg.mp4,1,0.44054404
/home/tianlong/Downloads//test/grwcxofqrx.mp4,1,0.5319361
/home/tianlong/Downloads//test/koqxhnmkjl.mp4,1,0.5378719
/home/tianlong/Downloads//test/xkukyjokbg.mp4,1,0.57190293
/home/tianlong/Downloads//test/fmnzbwtjep.mp4,1,0.408626
/home/tianlong/Downloads//test/aruyyclubn.mp4,1,0.43868098
/home/tianlong/Downloads//test/eluhuvocwr.mp4,1,0.57941484
/home/tianlong/Downloads//test/iiwffwiyrg.mp4,1,0.36409503
/home/tianlong/Downloads//test/fsbabrxhqy.mp4,1,0.53312284
/home/tianlong/Downloads//test/ymqadbkafj.mp4,1,0.47109732
/home/tianlong/Downloads//test/nptmqvfuhz.mp4,1,0.5257606
/home/tianlong/Downloads//test/usjnlahlcj.mp4,1,0.555163
/home/tianlong/Downloads//test/hbozjjcafn.mp4,1,0.39558795
/home/tianlong/Downloads//test/cizxmeztny.mp4,1,0.4890608
/home/tianlong/Downloads//test/syxlmynhsi.mp4,1,0.5256883
/home/tianlong/Downloads//test/ezadehoecy.mp4,1,0.54521817
/home/tianlong/Downloads//test/fpliemtlco.mp4,1,0.516039
/home/tianlong/Downloads//test/arflgfcnkg.mp4,1,0.47055346
/home/tianlong/Downloads//test/occelhylxf.mp4,1,0.504797
/home/tianlong/Downloads//test/uqntkvpntd.mp4,1,0.3797978
/home/tianlong/Downloads//test/iatevqworc.mp4,1,0.41596285
/home/tianlong/Downloads//test/xzsmgydcub.mp4,1,0.54482603
/home/tianlong/Downloads//test/qbffpkpmkf.mp4,1,0.5498706
/home/tianlong/Downloads//test/pzbpgfmroj.mp4,1,0.56347466
/home/tianlong/Downloads//test/oundixpyst.mp4,1,0.48580965
/home/tianlong/Downloads//test/hnxhwfttpy.mp4,1,0.4828011
/home/tianlong/Downloads//test/rdjwlvvwtv.mp4,1,0.5920783
/home/tianlong/Downloads//test/tcmstiljkk.mp4,1,0.5825261
/home/tianlong/Downloads//test/qbfdtumuct.mp4,1,0.5484407
/home/tianlong/Downloads//test/mxnquwuszt.mp4,1,0.57109356
/home/tianlong/Downloads//test/sjooumwlzb.mp4,1,0.61455476
/home/tianlong/Downloads//test/twhwouycfg.mp4,1,0.40573478
/home/tianlong/Downloads//test/wytpaehszj.mp4,1,0.5117906
/home/tianlong/Downloads//test/srtwhbzzlr.mp4,1,0.5738836
/home/tianlong/Downloads//test/jqjfpkuckf.mp4,1,0.49784452
/home/tianlong/Downloads//test/yxjjfaekev.mp4,1,0.5157685
/home/tianlong/Downloads//test/cyokqrzbol.mp4,1,0.43784794
/home/tianlong/Downloads//test/mtilpvablx.mp4,1,0.5574219
/home/tianlong/Downloads//test/njwsmltmvb.mp4,1,0.55990493
/home/tianlong/Downloads//test/xkksfulade.mp4,1,0.6067006
/home/tianlong/Downloads//test/dtfgsvfmjq.mp4,1,0.60915947
/home/tianlong/Downloads//test/onaewxqqkd.mp4,1,0.6308722
/home/tianlong/Downloads//test/pazpnfrbbc.mp4,1,0.5184061
/home/tianlong/Downloads//test/kgowzoxjfq.mp4,1,0.53247404
/home/tianlong/Downloads//test/ltdwtgrads.mp4,1,0.532298
/home/tianlong/Downloads//test/znistrajpw.mp4,1,0.38301668
/home/tianlong/Downloads//test/yfhzmfhojv.mp4,1,0.6485564
/home/tianlong/Downloads//test/spkorcenyh.mp4,1,0.5533897
/home/tianlong/Downloads//test/axopbbxwzr.mp4,1,0.46553183
/home/tianlong/Downloads//test/hxrruqinnh.mp4,1,0.591076
/home/tianlong/Downloads//test/tkaybnjwhg.mp4,1,0.5213257
/home/tianlong/Downloads//test/lhwwhjhyqx.mp4,1,0.35616806
/home/tianlong/Downloads//test/btxjufhiaz.mp4,1,0.4481615
/home/tianlong/Downloads//test/dnhaskulaj.mp4,1,0.55077374
/home/tianlong/Downloads//test/vxqofldgze.mp4,1,0.41833633
/home/tianlong/Downloads//test/ddjzmyabyu.mp4,1,0.44735318
/home/tianlong/Downloads//test/mgahaaogif.mp4,1,0.5393995
/home/tianlong/Downloads//test/ktmdpragph.mp4,1,0.50859904
/home/tianlong/Downloads//test/xazdhdnwhh.mp4,1,0.503895
/home/tianlong/Downloads//test/qnslgeajnt.mp4,1,0.5315344
/home/tianlong/Downloads//test/sivrgbsaog.mp4,1,0.5456338
/home/tianlong/Downloads//test/uzmuovkewv.mp4,1,0.57352173
/home/tianlong/Downloads//test/tvazrcdkpq.mp4,1,0.42690316
/home/tianlong/Downloads//test/jbatiwjmzh.mp4,1,0.6090748
/home/tianlong/Downloads//test/hmiylncrva.mp4,1,0.5335206
/home/tianlong/Downloads//test/uxkojffbsr.mp4,1,0.59799397
/home/tianlong/Downloads//test/crbcrxqftw.mp4,1,0.3972776
/home/tianlong/Downloads//test/yermnsnlgf.mp4,1,0.60883963
/home/tianlong/Downloads//test/gipcvghjiy.mp4,1,0.58100116
/home/tianlong/Downloads//test/iwcfxyoimw.mp4,1,0.57235825
/home/tianlong/Downloads//test/kozaofkgvk.mp4,1,0.49508095
/home/tianlong/Downloads//test/xlgevjtsog.mp4,1,0.61887485
/home/tianlong/Downloads//test/bpjkimtqtz.mp4,1,0.32954043
/home/tianlong/Downloads//test/pdnwaekrtn.mp4,1,0.44338337
/home/tianlong/Downloads//test/toxsrzsksc.mp4,1,0.51837194
/home/tianlong/Downloads//test/oejfypsbfh.mp4,1,0.523633
/home/tianlong/Downloads//test/hwyuwbnszo.mp4,1,0.5678561
/home/tianlong/Downloads//test/acgyspwyqr.mp4,1,0.43116713
/home/tianlong/Downloads//test/oitcqmvnsa.mp4,1,0.4826644
/home/tianlong/Downloads//test/pdqqkuclvd.mp4,1,0.43401927
/home/tianlong/Downloads//test/slsyjvgfpu.mp4,1,0.483532
/home/tianlong/Downloads//test/xmdfnldfyc.mp4,1,0.5674775
/home/tianlong/Downloads//test/ynkzlkahux.mp4,1,0.50761336
/home/tianlong/Downloads//test/szjbkskyph.mp4,1,0.39796242
/home/tianlong/Downloads//test/yyiiywtiry.mp4,1,0.45686308
/home/tianlong/Downloads//test/crvotfojeq.mp4,1,0.47280088
/home/tianlong/Downloads//test/rsqblsfgli.mp4,1,0.360781
/home/tianlong/Downloads//test/becqadbtkb.mp4,1,0.5552549
/home/tianlong/Downloads//test/afqaubpglg.mp4,1,0.5657857
/home/tianlong/Downloads//test/pwplooonzr.mp4,1,0.5249057
/home/tianlong/Downloads//test/vjegxiyvla.mp4,1,0.43592367
/home/tianlong/Downloads//test/jbwtbfbdko.mp4,1,0.54277915
/home/tianlong/Downloads//test/toggbitvfd.mp4,1,0.5873882
/home/tianlong/Downloads//test/xpfhawmzbe.mp4,1,0.4391505
/home/tianlong/Downloads//test/kjwdinzplo.mp4,1,0.54685766
/home/tianlong/Downloads//test/jrkdzpijpb.mp4,1,0.57689595
/home/tianlong/Downloads//test/lbnuxynggy.mp4,1,0.36670855
/home/tianlong/Downloads//test/iorrylopzn.mp4,1,0.56938004
/home/tianlong/Downloads//test/yasxapunrf.mp4,1,0.5338636
/home/tianlong/Downloads//test/suohrphvbe.mp4,1,0.50953484
/home/tianlong/Downloads//test/salsuwvckq.mp4,1,0.52457416
/home/tianlong/Downloads//test/eclnowceyi.mp4,1,0.43637663
/home/tianlong/Downloads//test/wvtymfvbwq.mp4,1,0.34116384
/home/tianlong/Downloads//test/rsjhmrvdwg.mp4,1,0.45756704
/home/tianlong/Downloads//test/qtvhpmoukj.mp4,1,0.45885736
/home/tianlong/Downloads//test/svqkfjfucw.mp4,1,0.56310135
/home/tianlong/Downloads//test/jdlqmnhuix.mp4,1,0.5669587
/home/tianlong/Downloads//test/ltmkgkppwx.mp4,1,0.49169898
/home/tianlong/Downloads//test/zaoyocjkgw.mp4,1,0.5072342
/home/tianlong/Downloads//test/vgrhobnbfo.mp4,1,0.43349776
/home/tianlong/Downloads//test/eeeuzozcdc.mp4,1,0.5265926
/home/tianlong/Downloads//test/ikgxqbhmlv.mp4,1,0.52905697
/home/tianlong/Downloads//test/zyeakowujw.mp4,1,0.6193888
/home/tianlong/Downloads//test/uerapqglmr.mp4,1,0.5234102
/home/tianlong/Downloads//test/fmuncwjpej.mp4,1,0.6076015
/home/tianlong/Downloads//test/xllzvdxwiv.mp4,1,0.5251703
/home/tianlong/Downloads//test/giuymhlbyo.mp4,1,0.5222498
/home/tianlong/Downloads//test/bubbmjnmge.mp4,1,0.5789794
/home/tianlong/Downloads//test/qwqefbalkv.mp4,1,0.4394834
/home/tianlong/Downloads//test/aupsxowdcp.mp4,1,0.4883411
/home/tianlong/Downloads//test/apjovfzzft.mp4,1,0.45872283
/home/tianlong/Downloads//test/yjbnaqwxyf.mp4,1,0.6389532
/home/tianlong/Downloads//test/dajlkmlvch.mp4,1,0.4207603
/home/tianlong/Downloads//test/egwzzhemvk.mp4,1,0.61556095
/home/tianlong/Downloads//test/vlhrgeyvqy.mp4,1,0.33917132
/home/tianlong/Downloads//test/vpolvvzwsw.mp4,1,0.30865493
/home/tianlong/Downloads//test/ddkcxrncmq.mp4,1,0.6191188
/home/tianlong/Downloads//test/fncnobpzzx.mp4,1,0.5332903
/home/tianlong/Downloads//test/lhayhvqjmg.mp4,1,0.5739773
/home/tianlong/Downloads//test/yboofyemks.mp4,1,0.37073508
/home/tianlong/Downloads//test/wzkovvmdkq.mp4,1,0.5669754
/home/tianlong/Downloads//test/axxldpmbat.mp4,1,0.56832755
/home/tianlong/Downloads//test/piovymzozl.mp4,1,0.492272
/home/tianlong/Downloads//test/ymjrnwsjxt.mp4,1,0.4902924
/home/tianlong/Downloads//test/jfxroglrst.mp4,1,0.48194426
/home/tianlong/Downloads//test/qzyaijdbfe.mp4,1,0.56450844
/home/tianlong/Downloads//test/gzwzxbtkpd.mp4,1,0.5335957
/home/tianlong/Downloads//test/bgssriyozb.mp4,1,0.47487593
/home/tianlong/Downloads//test/wqtraebanl.mp4,1,0.5607072
/home/tianlong/Downloads//test/lovkthgavz.mp4,1,0.39666012
/home/tianlong/Downloads//test/vpgjaoyvir.mp4,1,0.42415208
/home/tianlong/Downloads//test/btlqqvfuck.mp4,1,0.5748545
/home/tianlong/Downloads//test/zzxidpsxmv.mp4,1,0.49538612
/home/tianlong/Downloads//test/qzuhjrhozy.mp4,1,0.46140695
/home/tianlong/Downloads//test/rtuaxyuvqs.mp4,1,0.39500028
/home/tianlong/Downloads//test/vybbullejj.mp4,1,0.5180644
/home/tianlong/Downloads//test/lblweiecpx.mp4,1,0.5760324
/home/tianlong/Downloads//test/qkchcuiljp.mp4,1,0.613876
/home/tianlong/Downloads//test/roivdutkrz.mp4,1,0.744245
/home/tianlong/Downloads//test/rziziscker.mp4,1,0.44030103
/home/tianlong/Downloads//test/zsdmgllhck.mp4,1,0.5797246
/home/tianlong/Downloads//test/kpkzqbpivj.mp4,1,0.48003912
/home/tianlong/Downloads//test/tgkjhdyxww.mp4,1,0.5650005
/home/tianlong/Downloads//test/zubaiztkag.mp4,1,0.6061226
/home/tianlong/Downloads//test/figxvsdmsb.mp4,1,0.5162447
/home/tianlong/Downloads//test/enzlliylet.mp4,1,0.6221442
/home/tianlong/Downloads//test/acekgkqgdg.mp4,1,0.45427623
/home/tianlong/Downloads//test/ljrikjsgis.mp4,1,0.5048807
/home/tianlong/Downloads//test/vawotznxqn.mp4,1,0.5684896
/home/tianlong/Downloads//test/jsqtbnxnpb.mp4,1,0.51284647
/home/tianlong/Downloads//test/yibeqxcadd.mp4,1,0.55897677
/home/tianlong/Downloads//test/zvgekhyszq.mp4,1,0.5599942
/home/tianlong/Downloads//test/luisdnrumh.mp4,1,0.60193986
/home/tianlong/Downloads//test/xffjesgeey.mp4,1,0.524387
/home/tianlong/Downloads//test/haesrhzukc.mp4,1,0.5962686
/home/tianlong/Downloads//test/uwccodyhgh.mp4,1,0.5696166
/home/tianlong/Downloads//test/msdtzpmmae.mp4,1,0.35224366
/home/tianlong/Downloads//test/zgiypcmpic.mp4,1,0.3940444
/home/tianlong/Downloads//test/olkcmrmvbh.mp4,1,0.4865055
/home/tianlong/Downloads//test/kiffbbtjfe.mp4,1,0.5506677
/home/tianlong/Downloads//test/junzzlnlfw.mp4,1,0.5849486
/home/tianlong/Downloads//test/qkgicklwyn.mp4,1,0.37437695
/home/tianlong/Downloads//test/wluigkzjdl.mp4,1,0.46953458
/home/tianlong/Downloads//test/rsnrcisldc.mp4,1,0.60281134
/home/tianlong/Downloads//test/asiuftijhs.mp4,1,0.54114026
/home/tianlong/Downloads//test/yjloopcthi.mp4,1,0.5475254
/home/tianlong/Downloads//test/tzzwqaxtrk.mp4,1,0.6386118
/home/tianlong/Downloads//test/tmfvsxrxnk.mp4,1,0.59533453
/home/tianlong/Downloads//test/dlsdmdraln.mp4,1,0.42207184
/home/tianlong/Downloads//test/rkygzeyegz.mp4,1,0.46165103
/home/tianlong/Downloads//test/truremwrti.mp4,1,0.48373803
/home/tianlong/Downloads//test/depcrcqwai.mp4,1,0.5709538
/home/tianlong/Downloads//test/jovohczybs.mp4,1,0.5006412
/home/tianlong/Downloads//test/udcpjfvqro.mp4,1,0.45241433
/home/tianlong/Downloads//test/yxlkovjssa.mp4,1,0.59529006
/home/tianlong/Downloads//test/trltdpitif.mp4,1,0.65262175
/home/tianlong/Downloads//test/hwufwjdaai.mp4,1,0.5527658
/home/tianlong/Downloads//test/vgfxjwupga.mp4,1,0.59015596
/home/tianlong/Downloads//test/jejjcsijvc.mp4,1,0.5880664
/home/tianlong/Downloads//test/yjpfhrfyfn.mp4,1,0.442396
/home/tianlong/Downloads//test/izyqqybmcq.mp4,1,0.41903394
/home/tianlong/Downloads//test/xjnflcfxhn.mp4,1,0.5672504
/home/tianlong/Downloads//test/zidsbdilrm.mp4,1,0.596518
/home/tianlong/Downloads//test/lepqvhstws.mp4,1,0.52941245
/home/tianlong/Downloads//test/eabghyltka.mp4,1,0.38749087
/home/tianlong/Downloads//test/qxgwcsugvd.mp4,1,0.6495261
/home/tianlong/Downloads//test/oitqddnspw.mp4,1,0.596289
/home/tianlong/Downloads//test/jiddesrgoi.mp4,1,0.5444151
/home/tianlong/Downloads//test/whsqzlklam.mp4,1,0.49491993
/home/tianlong/Downloads//test/hwspklkjol.mp4,1,0.5573031
/home/tianlong/Downloads//test/mgxdtegobh.mp4,1,0.53041106
/home/tianlong/Downloads//test/dkvxzocpnx.mp4,1,0.62276536
/home/tianlong/Downloads//test/zxjiwvyzbs.mp4,1,0.5081682
/home/tianlong/Downloads//test/qysxqoredd.mp4,1,0.55747473
/home/tianlong/Downloads//test/angqjpzdts.mp4,1,0.57206726
/home/tianlong/Downloads//test/slbhiftdwk.mp4,1,0.45952028
/home/tianlong/Downloads//test/ctsjalmkpx.mp4,1,0.4470833
/home/tianlong/Downloads//test/jrwqouwlzc.mp4,1,0.5635527
/home/tianlong/Downloads//test/vcqcervdzi.mp4,1,0.49295574
/home/tianlong/Downloads//test/mxczokbutl.mp4,1,0.6677228
/home/tianlong/Downloads//test/qawqquinvi.mp4,1,0.5635773
/home/tianlong/Downloads//test/cqiyijvrcj.mp4,1,0.64010555
/home/tianlong/Downloads//test/wypdykzzma.mp4,1,0.47366387
/home/tianlong/Downloads//test/zdurkznxhi.mp4,1,0.48405498
/home/tianlong/Downloads//test/llwjpzzrur.mp4,1,0.6277262
/home/tianlong/Downloads//test/stmqpsakem.mp4,1,0.4927712
/home/tianlong/Downloads//test/hqfxruqynj.mp4,1,0.52903366
/home/tianlong/Downloads//test/cotxffvovx.mp4,1,0.504029
/home/tianlong/Downloads//test/yiwyejujhz.mp4,1,0.58213997
/home/tianlong/Downloads//test/azkhkminwu.mp4,1,0.53237075
/home/tianlong/Downloads//test/yoicqcpxgm.mp4,1,0.55094707
/home/tianlong/Downloads//test/kcpamicxjs.mp4,1,0.5488572
/home/tianlong/Downloads//test/mbnvlpwewk.mp4,1,0.54678833
/home/tianlong/Downloads//test/wjqdwzowcg.mp4,1,0.48025924
/home/tianlong/Downloads//test/vqtspwkgwe.mp4,1,0.51882076
/home/tianlong/Downloads//test/rurhyzsnyi.mp4,1,0.600399
/home/tianlong/Downloads//test/sipuxpudya.mp4,1,0.39684027
/home/tianlong/Downloads//test/scchmtbzar.mp4,1,0.6527996
/home/tianlong/Downloads//test/qyhlzalxzm.mp4,1,0.55472726
/home/tianlong/Downloads//test/ektrtuwidv.mp4,1,0.54202056
/home/tianlong/Downloads//test/scbfkrlytb.mp4,1,0.53310126
/home/tianlong/Downloads//test/kxnsmwhqtl.mp4,1,0.51367724
/home/tianlong/Downloads//test/fiayeurvwb.mp4,1,0.51500595
/home/tianlong/Downloads//test/xpuntxtdbs.mp4,1,0.5567307
/home/tianlong/Downloads//test/edvyxmzpoy.mp4,1,0.538859
/home/tianlong/Downloads//test/thnywrwayf.mp4,1,0.45158634
/home/tianlong/Downloads//test/xojauzdavy.mp4,1,0.5406911
/home/tianlong/Downloads//test/kaajaxzivt.mp4,1,0.5076598
/home/tianlong/Downloads//test/fmvdkhucsz.mp4,1,0.5809577
/home/tianlong/Downloads//test/mdkqmouddq.mp4,1,0.56445354
/home/tianlong/Downloads//test/ehtvcnlsfl.mp4,1,0.4560891
/home/tianlong/Downloads//test/iizsrcugyd.mp4,1,0.5547539
/home/tianlong/Downloads//test/hurlxdpsxl.mp4,1,0.57446873
/home/tianlong/Downloads//test/rvfhfbutlx.mp4,1,0.6135616
/home/tianlong/Downloads//test/ycxkcnwrbw.mp4,1,0.4621381
/home/tianlong/Downloads//test/jrmgqzgcmj.mp4,1,0.44064862
/home/tianlong/Downloads//test/cinrseylyp.mp4,1,0.43968025
/home/tianlong/Downloads//test/uhvmrfksax.mp4,1,0.5460772
/home/tianlong/Downloads//test/djjdzsivvi.mp4,1,0.516225
/home/tianlong/Downloads//test/pmulgdcejl.mp4,1,0.57106084
/home/tianlong/Downloads//test/ngvbaolyub.mp4,1,0.50055164
/home/tianlong/Downloads//test/kpyyjmxmoj.mp4,1,0.41041535
/home/tianlong/Downloads//test/xhizcimlzp.mp4,1,0.5092465
/home/tianlong/Downloads//test/ulygywporv.mp4,1,0.5447932
/home/tianlong/Downloads//test/psunkvudmg.mp4,1,0.530611
/home/tianlong/Downloads//test/ctarrlrgdy.mp4,1,0.4752075
/home/tianlong/Downloads//test/hdzygqltzu.mp4,1,0.569979
/home/tianlong/Downloads//test/rvtfddfweu.mp4,1,0.46081147
/home/tianlong/Downloads//test/kaeouvuasm.mp4,1,0.53609353
/home/tianlong/Downloads//test/rzivzpozjr.mp4,1,0.41828394
/home/tianlong/Downloads//test/stfqbsbvfy.mp4,1,0.5560862
/home/tianlong/Downloads//test/qbhoufagsa.mp4,1,0.48370472
/home/tianlong/Downloads//test/xycfzkbnhy.mp4,1,0.54165506
/home/tianlong/Downloads//test/zudnvkagjk.mp4,1,0.69943076
/home/tianlong/Downloads//test/feaqnlczwc.mp4,1,0.53703296
/home/tianlong/Downloads//test/rqviqcsbzw.mp4,1,0.46060896
/home/tianlong/Downloads//test/dhfcwchsir.mp4,1,0.48826274
/home/tianlong/Downloads//test/cglpyitrzw.mp4,1,0.52569324
/home/tianlong/Downloads//test/yjypqyrhyi.mp4,1,0.7159119
/home/tianlong/Downloads//test/fokuimoqkh.mp4,1,0.4972539
/home/tianlong/Downloads//test/xzouvgiqha.mp4,1,0.5661582
/home/tianlong/Downloads//test/qyjbhkeqes.mp4,1,0.44927916
/home/tianlong/Downloads//test/phngwcpbqw.mp4,1,0.5054307
/home/tianlong/Downloads//test/rjcjcdkzkw.mp4,1,0.54780686
/home/tianlong/Downloads//test/legilvljip.mp4,1,0.6818777
/home/tianlong/Downloads//test/bukegrztbb.mp4,1,0.42264563
/home/tianlong/Downloads//test/yvaxmtbtgx.mp4,1,0.5789044
/home/tianlong/Downloads//test/saljlsmnet.mp4,1,0.5803068
/home/tianlong/Downloads//test/ezupajzwdl.mp4,1,0.6663914
/home/tianlong/Downloads//test/xeszevnech.mp4,1,0.38146052
/home/tianlong/Downloads//test/fbqwomdehr.mp4,1,0.3681714
/home/tianlong/Downloads//test/itdywxjknn.mp4,1,0.57245713
/home/tianlong/Downloads//test/zwupuzlefv.mp4,1,0.5154231
/home/tianlong/Downloads//test/qcrofjquht.mp4,1,0.5437145
/home/tianlong/Downloads//test/jblkcfejih.mp4,1,0.44567767
/home/tianlong/Downloads//test/howruupkxw.mp4,1,0.47211418
/home/tianlong/Downloads//test/xslxboadvn.mp4,1,0.5307705
/home/tianlong/Downloads//test/rzykslnkdi.mp4,1,0.57089007
/home/tianlong/Downloads//test/govjvzfbcj.mp4,1,0.48582345
/home/tianlong/Downloads//test/fwbvksfidm.mp4,1,0.5333401
/home/tianlong/Downloads//test/khokwspqph.mp4,1,0.51994723
/home/tianlong/Downloads//test/sslrtrxyaj.mp4,1,0.5524069
/home/tianlong/Downloads//test/zdmknyhzoo.mp4,1,0.5326991
/home/tianlong/Downloads//test/rzjpckpslj.mp4,1,0.33515593
/home/tianlong/Downloads//test/pscilvlcfe.mp4,1,0.5023196
/home/tianlong/Downloads//test/rlwkdhgoqw.mp4,1,0.61108875
/home/tianlong/Downloads//test/cmpkopoabr.mp4,1,0.57670623
/home/tianlong/Downloads//test/dbljnexmlf.mp4,1,0.51269025
/home/tianlong/Downloads//test/atfuphvjft.mp4,1,0.54916036
/home/tianlong/Downloads//test/zdldobedod.mp4,1,0.4566638
/home/tianlong/Downloads//test/iknfqmugud.mp4,1,0.59323275
/home/tianlong/Downloads//test/whusuiiqmt.mp4,1,0.5892401
/home/tianlong/Downloads//test/ksrnzzbcsz.mp4,1,0.5253007
/home/tianlong/Downloads//test/xxhuecshhw.mp4,1,0.4128098
/home/tianlong/Downloads//test/okmlcbefeu.mp4,1,0.53882235
/home/tianlong/Downloads//test/xryrhuskyd.mp4,1,0.51437104
/home/tianlong/Downloads//test/wevygelkrl.mp4,1,0.55827296
/home/tianlong/Downloads//test/rdpausigpg.mp4,1,0.5040396
/home/tianlong/Downloads//test/fdziwiuoer.mp4,1,0.5380328
/home/tianlong/Downloads//test/kykmrtoitd.mp4,1,0.62876225
/home/tianlong/Downloads//test/eacsjvcmlp.mp4,1,0.6154837
/home/tianlong/Downloads//test/asvuutypvz.mp4,1,0.46623158
/home/tianlong/Downloads//test/nucqorkejg.mp4,1,0.552104
/home/tianlong/Downloads//test/ctpexqamtx.mp4,1,0.59569824
/home/tianlong/Downloads//test/vnsxdkjjtk.mp4,1,0.4946247
/home/tianlong/Downloads//test/cktsyobheu.mp4,1,0.5551206
/home/tianlong/Downloads//test/kccicuhxgk.mp4,1,0.7124505
/home/tianlong/Downloads//test/qckjihxoze.mp4,1,0.44378597
/home/tianlong/Downloads//test/gvqtnedfso.mp4,1,0.4560325
/home/tianlong/Downloads//test/ajxkvlpgov.mp4,1,0.54748696
/home/tianlong/Downloads//test/srlilcjhaf.mp4,1,0.5685452
/home/tianlong/Downloads//test/qfjxksudna.mp4,1,0.47604766
/home/tianlong/Downloads//test/hstvglyexy.mp4,1,0.51610345
/home/tianlong/Downloads//test/jyyvhnsyys.mp4,1,0.56844103
/home/tianlong/Downloads//test/whxqigkgyk.mp4,1,0.7016699
/home/tianlong/Downloads//test/mqzrlecakr.mp4,1,0.5879493
/home/tianlong/Downloads//test/aeplbqxnge.mp4,1,0.42809954
/home/tianlong/Downloads//test/inwaznexiv.mp4,1,0.5421407
/home/tianlong/Downloads//test/anfupdhmyr.mp4,1,0.5613061
/home/tianlong/Downloads//test/wbvlgevkmb.mp4,1,0.560206
/home/tianlong/Downloads//test/uiykwgaarz.mp4,1,0.47708344
/home/tianlong/Downloads//test/nvarnevska.mp4,1,0.47303423
/home/tianlong/Downloads//test/ooczenomzk.mp4,1,0.49916083
/home/tianlong/Downloads//test/qtjuhlppot.mp4,1,0.5577407
/home/tianlong/Downloads//test/drqtyzvhdd.mp4,1,0.49682522
/home/tianlong/Downloads//test/ytljvippwv.mp4,1,0.5575812
/home/tianlong/Downloads//test/skrqoagxle.mp4,1,0.5970262
/home/tianlong/Downloads//test/shwkznunyp.mp4,1,0.37999564
/home/tianlong/Downloads//test/tlsoagxovk.mp4,1,0.5332898
/home/tianlong/Downloads//test/enpshnkugu.mp4,1,0.5448841
/home/tianlong/Downloads//test/vitjdpnfpi.mp4,1,0.5477576
/home/tianlong/Downloads//test/jovrnujurf.mp4,1,0.5251468
/home/tianlong/Downloads//test/sbwemwjlsl.mp4,1,0.54479295
/home/tianlong/Downloads//test/uclzxnftij.mp4,1,0.45346135
/home/tianlong/Downloads//test/sdqjjttckw.mp4,1,0.48319206
/home/tianlong/Downloads//test/wtmggpeiom.mp4,1,0.37941617
