Video,Label,Prediction
/home/tianlong/Downloads//test/myvwyfdnxu.mp4,0,0.3918697
/home/tianlong/Downloads//test/uxgkqpiykp.mp4,0,6.122972e-26
/home/tianlong/Downloads//test/qyscponfaf.mp4,0,8.598433e-28
/home/tianlong/Downloads//test/tmgmbnzrrz.mp4,0,0.8017419
/home/tianlong/Downloads//test/wfmeffvvce.mp4,0,2.4802602e-09
/home/tianlong/Downloads//test/fwrcfaglhz.mp4,0,0.12337823
/home/tianlong/Downloads//test/itfzfpuilx.mp4,0,2.4554297e-38
/home/tianlong/Downloads//test/wupoiiknff.mp4,0,0.0
/home/tianlong/Downloads//test/dscprfjses.mp4,0,0.3804334
/home/tianlong/Downloads//test/ofntcunuqn.mp4,0,1.8816851e-12
/home/tianlong/Downloads//test/imnzannmcr.mp4,0,0.19999048
/home/tianlong/Downloads//test/jidkzoagws.mp4,0,1.6250367e-11
/home/tianlong/Downloads//test/nkpqkddsgt.mp4,0,0.00015318024
/home/tianlong/Downloads//test/xqmrrciral.mp4,0,0.0
/home/tianlong/Downloads//test/ykfllpyawg.mp4,0,0.121366605
/home/tianlong/Downloads//test/bpieoyctzo.mp4,0,3.3496914e-11
/home/tianlong/Downloads//test/wjrepvzlsv.mp4,0,0.00019240391
/home/tianlong/Downloads//test/voucpidonq.mp4,0,2.0396704e-09
/home/tianlong/Downloads//test/fxfxtrrkeq.mp4,0,0.0049417284
/home/tianlong/Downloads//test/qggfpdkyzi.mp4,0,7.856449e-06
/home/tianlong/Downloads//test/xyucutnxhz.mp4,0,0.0
/home/tianlong/Downloads//test/rkxepdkger.mp4,0,1.503259e-29
/home/tianlong/Downloads//test/fxxpxoqoxp.mp4,0,0.0
/home/tianlong/Downloads//test/jkxxwfycsj.mp4,0,0.7991884
/home/tianlong/Downloads//test/qbearsyziz.mp4,0,0.5557923
/home/tianlong/Downloads//test/kyrbveruev.mp4,0,1.0502376e-31
/home/tianlong/Downloads//test/pdyrvsvwyi.mp4,0,0.57590646
/home/tianlong/Downloads//test/bpxxmxuvuy.mp4,0,0.4000012
/home/tianlong/Downloads//test/ekxsduhvwh.mp4,0,0.0
/home/tianlong/Downloads//test/ocsqqqduxx.mp4,0,0.0
/home/tianlong/Downloads//test/qufzdwetss.mp4,0,5.011823e-14
/home/tianlong/Downloads//test/vwqrtxbwye.mp4,0,1.0
/home/tianlong/Downloads//test/zuduvanawx.mp4,0,2.0666855e-16
/home/tianlong/Downloads//test/rkjhxvdnsv.mp4,0,0.613095
/home/tianlong/Downloads//test/hpcivouyku.mp4,0,0.39999998
/home/tianlong/Downloads//test/vgndywbmgf.mp4,0,2.7226546e-05
/home/tianlong/Downloads//test/hfgczdzbix.mp4,0,9.63932e-21
/home/tianlong/Downloads//test/rwehwmmutn.mp4,0,2.324109e-10
/home/tianlong/Downloads//test/jyfnzyvznx.mp4,0,1.5774681e-13
/home/tianlong/Downloads//test/jxpodcendq.mp4,0,0.102878846
/home/tianlong/Downloads//test/kgynainlug.mp4,0,0.0010929661
/home/tianlong/Downloads//test/hqgervpkkf.mp4,0,1.1380624e-17
/home/tianlong/Downloads//test/defeqlyysh.mp4,0,0.7211399
/home/tianlong/Downloads//test/xzkwbswkao.mp4,0,0.58748025
/home/tianlong/Downloads//test/hhdblnxhtj.mp4,0,8.625391e-25
/home/tianlong/Downloads//test/oaptmwroki.mp4,0,1.2256872e-08
/home/tianlong/Downloads//test/djlkkqmjkk.mp4,0,1.6935846e-06
/home/tianlong/Downloads//test/motfposykz.mp4,0,0.58699197
/home/tianlong/Downloads//test/shvfupmrho.mp4,0,0.0006348936
/home/tianlong/Downloads//test/escwmsthiz.mp4,0,0.0009565024
/home/tianlong/Downloads//test/ctpypmzfnl.mp4,0,1.1798464e-35
/home/tianlong/Downloads//test/sjqrdyzkgl.mp4,0,0.2084558
/home/tianlong/Downloads//test/ddrjnwlugg.mp4,0,2.5980466e-22
/home/tianlong/Downloads//test/hxfqltenqh.mp4,0,1.138229e-25
/home/tianlong/Downloads//test/umerhoubxw.mp4,0,0.0
/home/tianlong/Downloads//test/jxrpqynwlt.mp4,0,4.06946e-09
/home/tianlong/Downloads//test/hprzotbjtj.mp4,0,3.6108227e-07
/home/tianlong/Downloads//test/cqewayywpg.mp4,0,1.5792491e-06
/home/tianlong/Downloads//test/nvptcoxzah.mp4,0,0.22800794
/home/tianlong/Downloads//test/uvzlfuxalu.mp4,0,0.90355176
/home/tianlong/Downloads//test/mfcbgbcuvb.mp4,0,0.0
/home/tianlong/Downloads//test/tmtoypmqwt.mp4,0,0.2006568
/home/tianlong/Downloads//test/bsjucwhlrj.mp4,0,5.972661e-09
/home/tianlong/Downloads//test/hlsubhyoea.mp4,0,0.0
/home/tianlong/Downloads//test/deslnszgpy.mp4,0,0.0
/home/tianlong/Downloads//test/tfwdbkwvgz.mp4,0,0.3137614
/home/tianlong/Downloads//test/ufxafdxpat.mp4,0,0.0
/home/tianlong/Downloads//test/lmacrzidyh.mp4,0,1.9065162e-16
/home/tianlong/Downloads//test/wyiajvmitt.mp4,0,1.3210193e-25
/home/tianlong/Downloads//test/xbdnqfbxcv.mp4,0,1.01031284e-19
/home/tianlong/Downloads//test/mhfnldxixw.mp4,0,2.4930972e-05
/home/tianlong/Downloads//test/pfiigjlcct.mp4,0,4.8349403e-16
/home/tianlong/Downloads//test/ldtibsniik.mp4,0,1.0618865e-34
/home/tianlong/Downloads//test/gwzttezkpv.mp4,0,0.40204972
/home/tianlong/Downloads//test/pevmkpamhv.mp4,0,0.0
/home/tianlong/Downloads//test/zcfpsnaujx.mp4,0,0.0066519207
/home/tianlong/Downloads//test/slvcfpalev.mp4,0,0.8367756
/home/tianlong/Downloads//test/ctdwtfcjei.mp4,0,1.440396e-05
/home/tianlong/Downloads//test/vxwsisekmb.mp4,0,2.348204e-09
/home/tianlong/Downloads//test/pkoadvlpga.mp4,0,0.0
/home/tianlong/Downloads//test/ofapaanpkl.mp4,0,1.8374729e-33
/home/tianlong/Downloads//test/huzryvwrfa.mp4,0,0.3003918
/home/tianlong/Downloads//test/knjoasqzvt.mp4,0,0.19878176
/home/tianlong/Downloads//test/cedpyannqf.mp4,0,0.000696838
/home/tianlong/Downloads//test/mdwtpvlbrz.mp4,0,0.0
/home/tianlong/Downloads//test/hfcxlucrbj.mp4,0,1.1536541e-08
/home/tianlong/Downloads//test/wbsajsyaej.mp4,0,1.0461085e-36
/home/tianlong/Downloads//test/tbqrwehekx.mp4,0,0.0023677554
/home/tianlong/Downloads//test/shslgpeisw.mp4,0,9.873627e-07
/home/tianlong/Downloads//test/epgfqrvwlr.mp4,0,3.8657757e-32
/home/tianlong/Downloads//test/fduhwlydlg.mp4,0,3.498955e-05
/home/tianlong/Downloads//test/cpmridjxbc.mp4,0,1.7765156e-17
/home/tianlong/Downloads//test/kphflojove.mp4,0,2.3164379e-05
/home/tianlong/Downloads//test/hlcpwfwcyw.mp4,0,0.99997836
/home/tianlong/Downloads//test/bpeemkcxad.mp4,0,0.1067644
/home/tianlong/Downloads//test/jkadnvoqhk.mp4,0,0.19608699
/home/tianlong/Downloads//test/lzzpsosige.mp4,0,1.6439263e-15
/home/tianlong/Downloads//test/pxtwhbaxjq.mp4,0,0.0010554743
/home/tianlong/Downloads//test/pxgcsltbuo.mp4,0,0.0
/home/tianlong/Downloads//test/gmepmwcgwg.mp4,0,1.4773457e-12
/home/tianlong/Downloads//test/tnetytnegv.mp4,0,0.0
/home/tianlong/Downloads//test/sxmqvznwwq.mp4,0,6.5501345e-06
/home/tianlong/Downloads//test/partcfzlbj.mp4,0,0.0
/home/tianlong/Downloads//test/tnkmovifrb.mp4,0,1.0
/home/tianlong/Downloads//test/dpgznlwvpx.mp4,0,0.0
/home/tianlong/Downloads//test/mbpbbekqks.mp4,0,0.032334566
/home/tianlong/Downloads//test/hdbejalgtx.mp4,0,1.0839313e-29
/home/tianlong/Downloads//test/bmdiaytrcm.mp4,0,8.344996e-09
/home/tianlong/Downloads//test/yghxoihrle.mp4,0,1.9519087e-08
/home/tianlong/Downloads//test/vcgelshrli.mp4,0,0.14516212
/home/tianlong/Downloads//test/yvdnbmbwyh.mp4,0,0.45882052
/home/tianlong/Downloads//test/kmakhupeac.mp4,0,0.15564135
/home/tianlong/Downloads//test/ccevbixrwu.mp4,0,2.4334115e-14
/home/tianlong/Downloads//test/edavfjsjzw.mp4,0,6.9269503e-13
/home/tianlong/Downloads//test/znmzmierff.mp4,0,2.6167924e-32
/home/tianlong/Downloads//test/kiotoqmmfj.mp4,0,1.0
/home/tianlong/Downloads//test/nqctdktbtb.mp4,0,0.20024022
/home/tianlong/Downloads//test/inneixkosf.mp4,0,0.4102307
/home/tianlong/Downloads//test/occrrsyizc.mp4,0,2.5934757e-16
/home/tianlong/Downloads//test/zfecmsiodq.mp4,0,0.20148432
/home/tianlong/Downloads//test/haknpmhigp.mp4,0,2.5228366e-29
/home/tianlong/Downloads//test/zjbwxmmrgk.mp4,0,0.0
/home/tianlong/Downloads//test/qgpabkriss.mp4,0,0.769472
/home/tianlong/Downloads//test/liureznisp.mp4,0,0.5696041
/home/tianlong/Downloads//test/bzdywpajvr.mp4,0,0.046229124
/home/tianlong/Downloads//test/jniytngcmy.mp4,0,0.572199
/home/tianlong/Downloads//test/idklchvhxp.mp4,0,0.7650717
/home/tianlong/Downloads//test/pijzjjchqn.mp4,0,1.0
/home/tianlong/Downloads//test/pjnsejazpl.mp4,0,1.3865182e-11
/home/tianlong/Downloads//test/gpaqoqegbn.mp4,0,8.50844e-14
/home/tianlong/Downloads//test/xsxwrwvfkg.mp4,0,1.9619952e-20
/home/tianlong/Downloads//test/arwefyghir.mp4,0,0.79578185
/home/tianlong/Downloads//test/ptgvxdueef.mp4,0,0.0
/home/tianlong/Downloads//test/plljpjscih.mp4,0,3.744157e-20
/home/tianlong/Downloads//test/jozfaxodnx.mp4,0,0.006218748
/home/tianlong/Downloads//test/girdwtjwsr.mp4,0,1.0753581e-05
/home/tianlong/Downloads//test/jbaahohsns.mp4,0,1.694581e-09
/home/tianlong/Downloads//test/uetfcmaryk.mp4,0,0.5851386
/home/tianlong/Downloads//test/oqbltrmhvt.mp4,0,0.00018439772
/home/tianlong/Downloads//test/dvtzvkcrku.mp4,0,0.96479017
/home/tianlong/Downloads//test/qjilklnynm.mp4,0,1.9153631e-32
/home/tianlong/Downloads//test/tcsdjwbihw.mp4,0,9.215041e-07
/home/tianlong/Downloads//test/zhftwvtutp.mp4,0,5.255979e-12
/home/tianlong/Downloads//test/xgktqwvknw.mp4,0,0.0
/home/tianlong/Downloads//test/cdeesuuuqz.mp4,0,1.742436e-06
/home/tianlong/Downloads//test/ymngcysczs.mp4,0,6.8441996e-25
/home/tianlong/Downloads//test/gctyynjruz.mp4,0,7.7284985e-33
/home/tianlong/Downloads//test/vkirqaiuoc.mp4,0,0.0
/home/tianlong/Downloads//test/ykywskdwlc.mp4,0,0.21276066
/home/tianlong/Downloads//test/verpxkucoi.mp4,0,0.3774909
/home/tianlong/Downloads//test/gpsqelalbp.mp4,0,3.2576002e-28
/home/tianlong/Downloads//test/paorozwtbf.mp4,0,0.0
/home/tianlong/Downloads//test/iaaecuquha.mp4,0,1.4413989e-11
/home/tianlong/Downloads//test/lmgdjtzwau.mp4,0,0.80236006
/home/tianlong/Downloads//test/tayykmblhg.mp4,0,1.2058299e-08
/home/tianlong/Downloads//test/hpurahupjh.mp4,0,0.0
/home/tianlong/Downloads//test/uutxmgqajd.mp4,0,2.6349685e-13
/home/tianlong/Downloads//test/rbkcpkwhjn.mp4,0,1.724285e-39
/home/tianlong/Downloads//test/wtnloygygs.mp4,0,5.6544003e-28
/home/tianlong/Downloads//test/biborxaekt.mp4,0,7.0794366e-24
/home/tianlong/Downloads//test/drlnvwvvuw.mp4,0,1.2686926e-20
/home/tianlong/Downloads//test/axutpjywuu.mp4,0,0.19999978
/home/tianlong/Downloads//test/jbcnsmlysc.mp4,0,0.0
/home/tianlong/Downloads//test/ilzhgraxpl.mp4,0,0.0
/home/tianlong/Downloads//test/cwqhzuhjol.mp4,0,1.1566344e-18
/home/tianlong/Downloads//test/tlzordotqw.mp4,0,2.8047865e-05
/home/tianlong/Downloads//test/hdauuytvhx.mp4,0,0.1971836
/home/tianlong/Downloads//test/rtiyduycrn.mp4,0,0.1682343
/home/tianlong/Downloads//test/mdsmgzaltc.mp4,0,0.20040989
/home/tianlong/Downloads//test/mnlxxoicoo.mp4,0,9.6649035e-27
/home/tianlong/Downloads//test/ksfuiztwuc.mp4,0,0.77048
/home/tianlong/Downloads//test/tpjydgkvdt.mp4,0,1.6725137e-30
/home/tianlong/Downloads//test/nmjesbwiux.mp4,0,0.0
/home/tianlong/Downloads//test/egzfaoiuwo.mp4,0,0.0
/home/tianlong/Downloads//test/ucmfbukrkj.mp4,0,2.5784456e-25
/home/tianlong/Downloads//test/aoqzxlwvmi.mp4,0,7.223566e-14
/home/tianlong/Downloads//test/zzjfzeuizr.mp4,0,0.0004497795
/home/tianlong/Downloads//test/aunokqsmrt.mp4,0,0.18040577
/home/tianlong/Downloads//test/kudvvlgiff.mp4,0,0.0
/home/tianlong/Downloads//test/qqwsabrgxh.mp4,0,2.513397e-14
/home/tianlong/Downloads//test/pvsslamopo.mp4,0,1.0193148e-14
/home/tianlong/Downloads//test/kawxnfacqs.mp4,0,0.0
/home/tianlong/Downloads//test/lxeqbyddvt.mp4,0,0.0
/home/tianlong/Downloads//test/zylribcaeu.mp4,0,1.0120478e-12
/home/tianlong/Downloads//test/sghdekqnnn.mp4,0,0.0068834433
/home/tianlong/Downloads//test/msbqgoxxlh.mp4,0,1.5282974e-05
/home/tianlong/Downloads//test/ubbzrfgzer.mp4,0,4.870483e-06
/home/tianlong/Downloads//test/vuofhivyfs.mp4,0,0.9653905
/home/tianlong/Downloads//test/xirrbpmlja.mp4,0,1.4707924e-30
/home/tianlong/Downloads//test/appvffejyy.mp4,0,0.553401
/home/tianlong/Downloads//test/nzepxsbotb.mp4,0,1.4358904e-31
/home/tianlong/Downloads//test/nkqkvwpghi.mp4,0,0.8029442
/home/tianlong/Downloads//test/vdvffooule.mp4,0,1.0
/home/tianlong/Downloads//test/rayhrvqorn.mp4,0,0.0
/home/tianlong/Downloads//test/cslfapvyjv.mp4,0,0.0
/home/tianlong/Downloads//test/rmygsfjyvt.mp4,0,0.5109186
/home/tianlong/Downloads//test/yhbhhibwzo.mp4,0,0.33369103
/home/tianlong/Downloads//test/vlxfyuzygn.mp4,0,0.79509556
/home/tianlong/Downloads//test/zefqhoewww.mp4,0,4.6438174e-21
/home/tianlong/Downloads//test/vptrrrmhyb.mp4,0,3.4252045e-24
/home/tianlong/Downloads//test/cefolmrrlx.mp4,0,0.030880038
/home/tianlong/Downloads//test/xzmplldajk.mp4,0,6.765438e-08
/home/tianlong/Downloads//test/hrznynemfj.mp4,0,1.5499768e-07
/home/tianlong/Downloads//test/tkxblcleyd.mp4,0,5.0968e-18
/home/tianlong/Downloads//test/tlxgwzheli.mp4,0,1.99527e-27
/home/tianlong/Downloads//test/qvgutokvct.mp4,0,3.445221e-09
/home/tianlong/Downloads//test/tcwyxrvdpe.mp4,0,3.7820418e-28
/home/tianlong/Downloads//test/jwrypvpvpx.mp4,0,4.9855555e-33
/home/tianlong/Downloads//test/bpyjsrjcro.mp4,0,0.02133234
/home/tianlong/Downloads//test/avteqdmbob.mp4,0,0.19959715
/home/tianlong/Downloads//test/aaivbtdyjn.mp4,0,3.7261347e-07
/home/tianlong/Downloads//test/pokctfragw.mp4,0,0.0
/home/tianlong/Downloads//test/vgdllmzjcw.mp4,0,0.061691213
/home/tianlong/Downloads//test/zdlhavfmit.mp4,0,8.6451047e-07
/home/tianlong/Downloads//test/yupsrmckii.mp4,0,0.98356277
/home/tianlong/Downloads//test/pobpsxjbzg.mp4,0,4.4557898e-36
/home/tianlong/Downloads//test/lkvouattut.mp4,0,0.0
/home/tianlong/Downloads//test/anjzzdyhno.mp4,0,9.995921e-27
/home/tianlong/Downloads//test/jvihmimqca.mp4,0,0.1642812
/home/tianlong/Downloads//test/wnoitecfmf.mp4,0,7.538722e-36
/home/tianlong/Downloads//test/gbvllwqbjl.mp4,0,0.19436193
/home/tianlong/Downloads//test/gzabjmglim.mp4,0,8.426271e-33
/home/tianlong/Downloads//test/paqcbtdulm.mp4,0,2.3615067e-37
/home/tianlong/Downloads//test/jcbbrqaaaq.mp4,0,4.2186663e-26
/home/tianlong/Downloads//test/nsavbywhlu.mp4,0,0.24424744
/home/tianlong/Downloads//test/zwfebeiqat.mp4,0,1.2264163e-29
/home/tianlong/Downloads//test/pimrsfwcwm.mp4,0,0.025743067
/home/tianlong/Downloads//test/mrvdmwcblt.mp4,0,0.45296377
/home/tianlong/Downloads//test/hedetzyqpu.mp4,0,0.6182322
/home/tianlong/Downloads//test/qytaiboeep.mp4,0,0.003268582
/home/tianlong/Downloads//test/famavifufv.mp4,0,2.8697997e-13
/home/tianlong/Downloads//test/hnselekxwv.mp4,0,0.019342544
/home/tianlong/Downloads//test/emgciwmtuj.mp4,0,5.702934e-29
/home/tianlong/Downloads//test/wbmvbetcdm.mp4,0,0.0
/home/tianlong/Downloads//test/mpvnvvihzp.mp4,0,0.42475647
/home/tianlong/Downloads//test/zelgpxflfe.mp4,0,1.0
/home/tianlong/Downloads//test/lhjcdavmmg.mp4,0,0.76516044
/home/tianlong/Downloads//test/rxtqqoncwj.mp4,0,3.299384e-19
/home/tianlong/Downloads//test/shrpamtirw.mp4,0,3.488193e-10
/home/tianlong/Downloads//test/qhzlgrtgto.mp4,0,0.0
/home/tianlong/Downloads//test/uuzyzglejw.mp4,0,0.7998312
/home/tianlong/Downloads//test/bmnpqrwnex.mp4,0,0.0
/home/tianlong/Downloads//test/dtssdnhgiw.mp4,0,0.39896506
/home/tianlong/Downloads//test/rlhmppiklf.mp4,0,0.25000933
/home/tianlong/Downloads//test/sswhgeqjrt.mp4,0,1.6838816e-10
/home/tianlong/Downloads//test/emxqsgqtdz.mp4,0,4.4110575e-06
/home/tianlong/Downloads//test/bcwtjzsutw.mp4,0,0.9886888
/home/tianlong/Downloads//test/uomfimsutw.mp4,0,0.9998867
/home/tianlong/Downloads//test/mztlucosuc.mp4,0,0.1978558
/home/tianlong/Downloads//test/ntcfyojagi.mp4,0,1.0682364e-35
/home/tianlong/Downloads//test/wrbuiboyat.mp4,0,0.4414989
/home/tianlong/Downloads//test/xiqecarvpb.mp4,0,9.042531e-07
/home/tianlong/Downloads//test/fcvzlzfufb.mp4,0,0.07646208
/home/tianlong/Downloads//test/savqrjnncg.mp4,0,0.15888491
/home/tianlong/Downloads//test/icqmqztbry.mp4,0,4.09343e-13
/home/tianlong/Downloads//test/zzrmokkxka.mp4,0,0.01829417
/home/tianlong/Downloads//test/btgxrrldio.mp4,0,0.00038166644
/home/tianlong/Downloads//test/zdnepyqjiy.mp4,0,1.2057416e-09
/home/tianlong/Downloads//test/fybiztpnrc.mp4,0,6.515067e-09
/home/tianlong/Downloads//test/parqhrknkf.mp4,0,0.7354655
/home/tianlong/Downloads//test/tvffpggbrc.mp4,0,0.20001729
/home/tianlong/Downloads//test/rtpuwtrxsr.mp4,0,0.00373503
/home/tianlong/Downloads//test/tgmqfzsznf.mp4,0,6.323048e-21
/home/tianlong/Downloads//test/eqabuehals.mp4,0,1.3517941e-33
/home/tianlong/Downloads//test/ikebomnsiq.mp4,0,1.8574303e-08
/home/tianlong/Downloads//test/wfzxrfxohw.mp4,0,2.2001425e-14
/home/tianlong/Downloads//test/dqfgwejsvm.mp4,0,0.0
/home/tianlong/Downloads//test/lxadgjqzbf.mp4,0,0.26879853
/home/tianlong/Downloads//test/tdahgbtenl.mp4,0,0.010968016
/home/tianlong/Downloads//test/bivzhsmrqo.mp4,0,7.4120914e-09
/home/tianlong/Downloads//test/vzxluflrhn.mp4,0,3.1827335e-36
/home/tianlong/Downloads//test/ikmsdmynbf.mp4,0,1.1907389e-21
/home/tianlong/Downloads//test/kuqbgbrypa.mp4,0,1.0
/home/tianlong/Downloads//test/nfstajzaot.mp4,0,0.0
/home/tianlong/Downloads//test/dultiznosk.mp4,0,0.0
/home/tianlong/Downloads//test/ckqfqernbf.mp4,0,6.8074385e-08
/home/tianlong/Downloads//test/kbdwudhhwf.mp4,0,0.0
/home/tianlong/Downloads//test/hqpjmwyygq.mp4,0,0.0
/home/tianlong/Downloads//test/tjyuudtkme.mp4,0,1.2977559e-24
/home/tianlong/Downloads//test/tihgxlmfcj.mp4,0,9.632441e-24
/home/tianlong/Downloads//test/sgdnbofecu.mp4,0,0.096860774
/home/tianlong/Downloads//test/pgamqeolau.mp4,0,0.0
/home/tianlong/Downloads//test/ijeqomctsa.mp4,0,0.0
/home/tianlong/Downloads//test/ppruxbqpmc.mp4,0,4.597005e-10
/home/tianlong/Downloads//test/hkvfyeacje.mp4,0,5.0836156e-33
/home/tianlong/Downloads//test/zqrzqekofe.mp4,0,0.032897
/home/tianlong/Downloads//test/iwzbgmtsuh.mp4,0,0.02168725
/home/tianlong/Downloads//test/dbixwxtuxs.mp4,0,0.20328827
/home/tianlong/Downloads//test/cepqcoseaj.mp4,0,0.0
/home/tianlong/Downloads//test/gypapuqdrx.mp4,0,0.00026826686
/home/tianlong/Downloads//test/djhhnixfyi.mp4,0,6.2686506e-10
/home/tianlong/Downloads//test/fkarxowzuf.mp4,0,0.010425161
/home/tianlong/Downloads//test/gfxnuidfgl.mp4,0,5.00395e-30
/home/tianlong/Downloads//test/vsreebjsfs.mp4,0,2.0756911e-17
/home/tianlong/Downloads//test/manqchicur.mp4,0,0.7999406
/home/tianlong/Downloads//test/gztffgsxpt.mp4,0,0.0
/home/tianlong/Downloads//test/jdzkykqgsx.mp4,0,0.0
/home/tianlong/Downloads//test/cvbubcwkkl.mp4,0,0.0
/home/tianlong/Downloads//test/bgqhldvsgc.mp4,0,4.1162303e-32
/home/tianlong/Downloads//test/blqgpxokwq.mp4,0,0.08775481
/home/tianlong/Downloads//test/cxvayntesu.mp4,0,6.562974e-13
/home/tianlong/Downloads//test/dxepehnhgm.mp4,0,0.0027237476
/home/tianlong/Downloads//test/bcgjlsupne.mp4,0,0.0
/home/tianlong/Downloads//test/uhynwthfhf.mp4,0,0.21408224
/home/tianlong/Downloads//test/gocrdvihos.mp4,0,0.0
/home/tianlong/Downloads//test/gtyvtbojpp.mp4,0,3.5828236e-11
/home/tianlong/Downloads//test/eqtwkqxolz.mp4,0,0.0
/home/tianlong/Downloads//test/arwiyweadv.mp4,0,1.0720353e-09
/home/tianlong/Downloads//test/mlizcisxro.mp4,0,0.0
/home/tianlong/Downloads//test/miiymgajty.mp4,0,0.5338086
/home/tianlong/Downloads//test/ragjclplkx.mp4,0,1.8350304e-29
/home/tianlong/Downloads//test/wxrfuemtxj.mp4,0,2.310862e-17
/home/tianlong/Downloads//test/xxupwwukoh.mp4,0,0.0
/home/tianlong/Downloads//test/qdantvtdji.mp4,0,3.0509366e-08
/home/tianlong/Downloads//test/oqehnuhbwa.mp4,0,0.13114032
/home/tianlong/Downloads//test/yzqbwkwxsn.mp4,0,1.00511825e-05
/home/tianlong/Downloads//test/osjaqtkkdt.mp4,0,0.03218309
/home/tianlong/Downloads//test/nthlmvjxac.mp4,0,9.829461e-16
/home/tianlong/Downloads//test/dpegbdzijf.mp4,0,1.9529338e-37
/home/tianlong/Downloads//test/ezgusylcyf.mp4,0,1.0
/home/tianlong/Downloads//test/isxxybhuls.mp4,0,0.4738997
/home/tianlong/Downloads//test/dbqbwrcvjk.mp4,0,0.005584576
/home/tianlong/Downloads//test/qqrvyhjznq.mp4,0,3.2131334e-10
/home/tianlong/Downloads//test/ohdtmpzbtp.mp4,0,1.2123905e-22
/home/tianlong/Downloads//test/oupztxzdln.mp4,0,0.0
/home/tianlong/Downloads//test/snidpujjti.mp4,0,1.5972863e-07
/home/tianlong/Downloads//test/yoxdseoukl.mp4,0,0.977773
/home/tianlong/Downloads//test/bxsdnqizii.mp4,0,0.1504124
/home/tianlong/Downloads//test/ihszkmcwvw.mp4,0,2.2073059e-38
/home/tianlong/Downloads//test/rgrqhjtoby.mp4,0,2.2023338e-24
/home/tianlong/Downloads//test/vqibhetnwa.mp4,0,0.17563114
/home/tianlong/Downloads//test/rkqqgwurqt.mp4,0,0.0
/home/tianlong/Downloads//test/axdepsfowg.mp4,0,0.0
/home/tianlong/Downloads//test/dcpmipuapc.mp4,0,5.989363e-35
/home/tianlong/Downloads//test/ncjqganhal.mp4,0,6.4241314e-05
/home/tianlong/Downloads//test/qnbnlmpqpu.mp4,0,0.35918987
/home/tianlong/Downloads//test/ieoervpooz.mp4,0,0.0
/home/tianlong/Downloads//test/fscyfygpyk.mp4,0,0.0
/home/tianlong/Downloads//test/pitpjawwwp.mp4,0,2.874533e-11
/home/tianlong/Downloads//test/geturetbpy.mp4,0,0.0021126021
/home/tianlong/Downloads//test/kwsraaqime.mp4,0,0.7720585
/home/tianlong/Downloads//test/lhgoghqmub.mp4,0,6.792259e-18
/home/tianlong/Downloads//test/kdmonvkpqd.mp4,0,0.012903157
/home/tianlong/Downloads//test/wrcelewmpa.mp4,0,6.820013e-14
/home/tianlong/Downloads//test/bxqgvzamnx.mp4,0,0.99999726
/home/tianlong/Downloads//test/nliofvksed.mp4,0,1.8885357e-08
/home/tianlong/Downloads//test/mwjnvghsbe.mp4,0,5.681538e-17
/home/tianlong/Downloads//test/ygiscbckjl.mp4,0,3.2027611e-07
/home/tianlong/Downloads//test/wscclwhfsr.mp4,0,1.5708214e-05
/home/tianlong/Downloads//test/hddminxrhw.mp4,0,2.8498e-28
/home/tianlong/Downloads//test/ncrkggcdqp.mp4,0,0.0008214853
/home/tianlong/Downloads//test/xjinzawywt.mp4,0,0.19997008
/home/tianlong/Downloads//test/korrsqtkke.mp4,0,4.452044e-08
/home/tianlong/Downloads//test/tskjnnvjsa.mp4,0,0.0003354479
/home/tianlong/Downloads//test/tyjxmknivy.mp4,0,0.00010074039
/home/tianlong/Downloads//test/qyvqrtscbk.mp4,0,3.948005e-31
/home/tianlong/Downloads//test/kxnybtbpkl.mp4,0,5.9819736e-28
/home/tianlong/Downloads//test/wiqtkqwfsw.mp4,0,0.66050494
/home/tianlong/Downloads//test/bevjclbhuo.mp4,0,0.0
/home/tianlong/Downloads//test/shwulrbsfx.mp4,0,0.9982688
/home/tianlong/Downloads//test/mohtuktaaq.mp4,0,3.8398957e-26
/home/tianlong/Downloads//test/fwsypadiom.mp4,0,1.7123099e-05
/home/tianlong/Downloads//test/buywrbgfqy.mp4,0,0.0
/home/tianlong/Downloads//test/bljpdykszf.mp4,0,3.12459e-05
/home/tianlong/Downloads//test/ztxdkcoxvx.mp4,0,0.62233275
/home/tianlong/Downloads//test/oqeoibjbim.mp4,0,0.0
/home/tianlong/Downloads//test/szwhgmrrhm.mp4,0,0.0006820259
/home/tianlong/Downloads//test/xnydmgdhum.mp4,0,3.9201913e-07
/home/tianlong/Downloads//test/fltaysfwct.mp4,0,0.0
/home/tianlong/Downloads//test/akdvkdoyoh.mp4,0,0.318733
/home/tianlong/Downloads//test/ftfemkjnot.mp4,0,0.23270841
/home/tianlong/Downloads//test/gmbckelbzp.mp4,0,2.9824416e-19
/home/tianlong/Downloads//test/jjzveabagf.mp4,0,0.23019052
/home/tianlong/Downloads//test/dfqwasrdvq.mp4,0,0.7894619
/home/tianlong/Downloads//test/diskzkrrph.mp4,0,9.912992e-21
/home/tianlong/Downloads//test/jtwpwdqmxz.mp4,0,2.9735878e-32
/home/tianlong/Downloads//test/qivnumuetu.mp4,0,0.0
/home/tianlong/Downloads//test/blmuzhjygg.mp4,0,0.0
/home/tianlong/Downloads//test/sbxlfehzjc.mp4,0,0.00015755663
/home/tianlong/Downloads//test/tcwhwssdnv.mp4,0,0.9999999
/home/tianlong/Downloads//test/bkbokyebco.mp4,0,0.7967645
/home/tianlong/Downloads//test/vojsghpebv.mp4,0,0.9999998
/home/tianlong/Downloads//test/opuhoerhxb.mp4,0,0.19168963
/home/tianlong/Downloads//test/mmhdcoqsve.mp4,0,6.614326e-05
/home/tianlong/Downloads//test/ewxddjqzml.mp4,0,2.157716e-05
/home/tianlong/Downloads//test/dznchaiaqh.mp4,0,0.014551696
/home/tianlong/Downloads//test/mloeefokyq.mp4,0,0.0
/home/tianlong/Downloads//test/fgkpembbpv.mp4,0,4.4596644e-36
/home/tianlong/Downloads//test/orqafstesq.mp4,0,2.5389292e-07
/home/tianlong/Downloads//test/ckgabgjnca.mp4,0,0.43074888
/home/tianlong/Downloads//test/iuvhrgckrt.mp4,0,0.4487648
/home/tianlong/Downloads//test/vlzwcejywm.mp4,0,0.00010190528
/home/tianlong/Downloads//test/cpucjmfawf.mp4,0,0.69596165
/home/tianlong/Downloads//test/ekvhyeycpr.mp4,0,4.023471e-07
/home/tianlong/Downloads//test/tazlckybzu.mp4,0,0.20019749
/home/tianlong/Downloads//test/clxgzkdgta.mp4,0,0.0671823
/home/tianlong/Downloads//test/zlfbumxcxs.mp4,0,0.036800016
/home/tianlong/Downloads//test/plhcceboag.mp4,0,0.0
/home/tianlong/Downloads//test/extihvlsxg.mp4,0,0.0
/home/tianlong/Downloads//test/olebnvxoyl.mp4,0,2.3466365e-16
/home/tianlong/Downloads//test/opdqcwqxzy.mp4,0,0.0
/home/tianlong/Downloads//test/stwaypekwh.mp4,0,5.90389e-12
/home/tianlong/Downloads//test/xogwctpikv.mp4,0,0.00021810136
/home/tianlong/Downloads//test/cjiwxfwcit.mp4,0,1.0
/home/tianlong/Downloads//test/txshgvrava.mp4,0,0.0
/home/tianlong/Downloads//test/ggpuxwhpri.mp4,0,0.9994424
/home/tianlong/Downloads//test/jlxnzxtopm.mp4,0,1.4373172e-10
/home/tianlong/Downloads//test/thjugpbwcv.mp4,0,0.88937485
/home/tianlong/Downloads//test/pkititkein.mp4,0,4.5560772e-20
/home/tianlong/Downloads//test/hjiwmybauf.mp4,0,0.20171878
/home/tianlong/Downloads//test/efazuieysm.mp4,0,0.3999994
/home/tianlong/Downloads//test/tdzsgrdneg.mp4,0,0.00030045165
/home/tianlong/Downloads//test/mkxmvreoth.mp4,0,1.7666143e-27
/home/tianlong/Downloads//test/ofbjiuemkr.mp4,0,2.1648741e-08
/home/tianlong/Downloads//test/dogotzkdiw.mp4,0,0.53657
/home/tianlong/Downloads//test/qdmvzknbua.mp4,0,2.6119335e-25
/home/tianlong/Downloads//test/pnauelqbxq.mp4,0,0.0
/home/tianlong/Downloads//test/sytddqezij.mp4,0,0.20001368
/home/tianlong/Downloads//test/bhpddnqauc.mp4,0,3.95704e-18
/home/tianlong/Downloads//test/imtkdzkypf.mp4,0,0.028086329
/home/tianlong/Downloads//test/kbodjivgqu.mp4,0,9.900232e-31
/home/tianlong/Downloads//test/qtxraeaxeh.mp4,0,0.1993712
/home/tianlong/Downloads//test/uaxmqpmswz.mp4,0,0.0
/home/tianlong/Downloads//test/qlbapiibba.mp4,0,1.2586823e-09
/home/tianlong/Downloads//test/mzurunkulx.mp4,0,0.0
/home/tianlong/Downloads//test/aujoxrpddn.mp4,0,0.101677574
/home/tianlong/Downloads//test/ebenvuuxld.mp4,0,5.1665294e-10
/home/tianlong/Downloads//test/fsfjlwwsen.mp4,0,0.00027559456
/home/tianlong/Downloads//test/zwgaptzuqt.mp4,0,1.06299315e-26
/home/tianlong/Downloads//test/gldpafckwo.mp4,0,2.3505948e-12
/home/tianlong/Downloads//test/nvkzpexyzg.mp4,0,0.2019633
/home/tianlong/Downloads//test/vnrmxwtsmf.mp4,0,0.0
/home/tianlong/Downloads//test/hmofiqjzxe.mp4,0,0.82692444
/home/tianlong/Downloads//test/ucryyubbqk.mp4,0,0.98012733
/home/tianlong/Downloads//test/gwqdrapybq.mp4,0,0.4627326
/home/tianlong/Downloads//test/avttogwbyz.mp4,0,7.937795e-08
/home/tianlong/Downloads//test/hbmvxgonmq.mp4,0,6.6765792e-18
/home/tianlong/Downloads//test/gxxlbjuyza.mp4,0,1.8434943e-13
/home/tianlong/Downloads//test/jhzozsurac.mp4,0,3.755597e-07
/home/tianlong/Downloads//test/opyqudaics.mp4,0,6.254001e-15
/home/tianlong/Downloads//test/vigbdgmudk.mp4,0,0.0
/home/tianlong/Downloads//test/viidhkoxyv.mp4,0,0.0
/home/tianlong/Downloads//test/dmpvbeyuqb.mp4,0,0.0
/home/tianlong/Downloads//test/wgycqahjww.mp4,0,0.61067265
/home/tianlong/Downloads//test/wwgmzeavbd.mp4,0,0.00023399503
/home/tianlong/Downloads//test/qtqyglbdem.mp4,0,0.9442499
/home/tianlong/Downloads//test/nqynuhnklk.mp4,0,0.0
/home/tianlong/Downloads//test/jygbqsigcr.mp4,0,3.837415e-06
/home/tianlong/Downloads//test/nsozqvhalr.mp4,0,7.523198e-07
/home/tianlong/Downloads//test/yvmrwdyxby.mp4,0,0.76841944
/home/tianlong/Downloads//test/kvhbyuklfv.mp4,0,0.79948306
/home/tianlong/Downloads//test/iwnfvkmktq.mp4,0,0.462041
/home/tianlong/Downloads//test/qzfmctgxcs.mp4,0,9.595715e-05
/home/tianlong/Downloads//test/vhipamioud.mp4,0,1.0467671e-10
/home/tianlong/Downloads//test/lmbvoxhowe.mp4,0,4.417058e-28
/home/tianlong/Downloads//test/ziqjamfzlv.mp4,0,0.5642629
/home/tianlong/Downloads//test/kqnwutdvpd.mp4,0,5.091033e-24
/home/tianlong/Downloads//test/lucpbeexdk.mp4,0,2.551597e-08
/home/tianlong/Downloads//test/pnotaniiuh.mp4,0,2.9624386e-11
/home/tianlong/Downloads//test/qohtjkzity.mp4,0,0.060496755
/home/tianlong/Downloads//test/bkjhfcvsig.mp4,0,0.0
/home/tianlong/Downloads//test/kpcrdurodw.mp4,0,0.00034976355
/home/tianlong/Downloads//test/nmphdbflzj.mp4,0,0.20290089
/home/tianlong/Downloads//test/fmsxomanga.mp4,0,1.3232603e-15
/home/tianlong/Downloads//test/tgwpcoljin.mp4,0,0.0023239271
/home/tianlong/Downloads//test/foynwjsqeh.mp4,0,0.49384746
/home/tianlong/Downloads//test/vdqritvjfl.mp4,0,1.3321971e-07
/home/tianlong/Downloads//test/egyemqrvna.mp4,0,0.00016063315
/home/tianlong/Downloads//test/xrtmepdfyh.mp4,0,0.19972019
/home/tianlong/Downloads//test/zfgjechdto.mp4,0,0.0
/home/tianlong/Downloads//test/jujpqsrgll.mp4,0,0.0
/home/tianlong/Downloads//test/iakzgqqova.mp4,0,0.20000008
/home/tianlong/Downloads//test/fqdklzzkfj.mp4,0,9.129494e-14
/home/tianlong/Downloads//test/dnfnxwbsoi.mp4,0,6.329726e-20
/home/tianlong/Downloads//test/lynaeydofd.mp4,0,0.0
/home/tianlong/Downloads//test/relrfifywa.mp4,0,1.575488e-30
/home/tianlong/Downloads//test/imsacxixmv.mp4,0,9.1825495e-07
/home/tianlong/Downloads//test/rfbwukxpye.mp4,0,7.1725846e-20
/home/tianlong/Downloads//test/atixaudngu.mp4,0,0.9297215
/home/tianlong/Downloads//test/tcychsyltm.mp4,0,0.0
/home/tianlong/Downloads//test/kifyfzqzjj.mp4,0,2.8010263e-08
/home/tianlong/Downloads//test/irjbukzjqt.mp4,0,1.002972e-05
/home/tianlong/Downloads//test/jmkkbkvbjo.mp4,0,0.38596547
/home/tianlong/Downloads//test/gflhlvhqyl.mp4,0,0.008457871
/home/tianlong/Downloads//test/myebjqbxsl.mp4,0,0.0
/home/tianlong/Downloads//test/mqeqiytluf.mp4,0,3.5223074e-16
/home/tianlong/Downloads//test/zbsjlcsetv.mp4,0,0.0
/home/tianlong/Downloads//test/lzmxqxrruv.mp4,0,0.9999901
/home/tianlong/Downloads//test/neotrnwthu.mp4,0,5.777034e-35
/home/tianlong/Downloads//test/vwigtbeivy.mp4,0,2.3172813e-09
/home/tianlong/Downloads//test/ldtscpryms.mp4,0,0.42719668
/home/tianlong/Downloads//test/sjgmmecazy.mp4,0,0.24374577
/home/tianlong/Downloads//test/jkrbsekajk.mp4,0,0.11534223
/home/tianlong/Downloads//test/iahzcxmuck.mp4,0,1.3756262e-11
/home/tianlong/Downloads//test/cteqlloxwu.mp4,0,0.0059767505
/home/tianlong/Downloads//test/pgqxsteufx.mp4,0,0.6236094
/home/tianlong/Downloads//test/cmuzrrlaiy.mp4,1,1.0
/home/tianlong/Downloads//test/jxeqhujuvh.mp4,1,0.8009515
/home/tianlong/Downloads//test/ntaqujyzes.mp4,1,0.0019363321
/home/tianlong/Downloads//test/ghxzsygiou.mp4,1,0.00016114228
/home/tianlong/Downloads//test/lvxzjwiklq.mp4,1,0.13633993
/home/tianlong/Downloads//test/wlyvvvjgnv.mp4,1,0.23098822
/home/tianlong/Downloads//test/hexxuigzdl.mp4,1,1.0
/home/tianlong/Downloads//test/zynrdvlrwv.mp4,1,0.0
/home/tianlong/Downloads//test/kbvqzihgan.mp4,1,0.04133583
/home/tianlong/Downloads//test/razacdewcv.mp4,1,3.9329632e-05
/home/tianlong/Downloads//test/tjlrvidbxw.mp4,1,0.7999584
/home/tianlong/Downloads//test/gcbyurxhbz.mp4,1,0.0
/home/tianlong/Downloads//test/xticvyqqjn.mp4,1,5.903891e-06
/home/tianlong/Downloads//test/gqpayiddqv.mp4,1,1.4961778e-11
/home/tianlong/Downloads//test/zmrnjhfxed.mp4,1,0.40065986
/home/tianlong/Downloads//test/slpxqmwuqm.mp4,1,0.80198973
/home/tianlong/Downloads//test/upwsvjdtgo.mp4,1,0.249806
/home/tianlong/Downloads//test/zpnjiswgdt.mp4,1,3.029201e-07
/home/tianlong/Downloads//test/rayxtqfosv.mp4,1,0.0
/home/tianlong/Downloads//test/cfhoqpdzqb.mp4,1,0.0
/home/tianlong/Downloads//test/okyufzgvay.mp4,1,0.0
/home/tianlong/Downloads//test/wgyxtquovo.mp4,1,1.0
/home/tianlong/Downloads//test/kicgvgukqs.mp4,1,0.99859965
/home/tianlong/Downloads//test/aolhuwcdwv.mp4,1,0.8041495
/home/tianlong/Downloads//test/clzcvdsuyp.mp4,1,0.51564145
/home/tianlong/Downloads//test/jibhugdfbs.mp4,1,0.39935422
/home/tianlong/Downloads//test/kfiszsbzob.mp4,1,1.0
/home/tianlong/Downloads//test/mgwtoqonaf.mp4,1,0.9999262
/home/tianlong/Downloads//test/buzqmuifod.mp4,1,0.20000157
/home/tianlong/Downloads//test/bofmetrgfm.mp4,1,5.8535172e-30
/home/tianlong/Downloads//test/chlshvbday.mp4,1,0.24416795
/home/tianlong/Downloads//test/vxcjkgerao.mp4,1,0.9971534
/home/tianlong/Downloads//test/qxwqqhruvz.mp4,1,4.2866287e-07
/home/tianlong/Downloads//test/hytdcdixlv.mp4,1,2.1515835e-20
/home/tianlong/Downloads//test/buejhiahpy.mp4,1,0.0
/home/tianlong/Downloads//test/omotodymgb.mp4,1,0.08474508
/home/tianlong/Downloads//test/gmcvyrferj.mp4,1,0.0
/home/tianlong/Downloads//test/ycoaclsdov.mp4,1,0.002610455
/home/tianlong/Downloads//test/scaljzcpcf.mp4,1,0.9999507
/home/tianlong/Downloads//test/uhbxhharht.mp4,1,0.5968684
/home/tianlong/Downloads//test/tmmakbzbqw.mp4,1,0.99999017
/home/tianlong/Downloads//test/mvfvefsgik.mp4,1,0.9995124
/home/tianlong/Downloads//test/inesnaprwm.mp4,1,0.15338446
/home/tianlong/Downloads//test/qqxelyjmmw.mp4,1,7.021501e-05
/home/tianlong/Downloads//test/dllkubdbbd.mp4,1,1.0
/home/tianlong/Downloads//test/ttnajmkchw.mp4,1,7.99733e-12
/home/tianlong/Downloads//test/kaffwaiexj.mp4,1,3.0440324e-14
/home/tianlong/Downloads//test/dpfuqzdtrs.mp4,1,0.20281704
/home/tianlong/Downloads//test/hfvexodpht.mp4,1,0.06929002
/home/tianlong/Downloads//test/vmxjsdkuju.mp4,1,0.7663347
/home/tianlong/Downloads//test/afaxsgqksm.mp4,1,0.23200445
/home/tianlong/Downloads//test/pgkipgmpgm.mp4,1,1.0
/home/tianlong/Downloads//test/ltkesswcyn.mp4,1,3.28724e-19
/home/tianlong/Downloads//test/dffkcrccsj.mp4,1,1.0846664e-13
/home/tianlong/Downloads//test/svtnilogao.mp4,1,0.999998
/home/tianlong/Downloads//test/bzobkqewtt.mp4,1,1.3586035e-06
/home/tianlong/Downloads//test/vemnbnqoqk.mp4,1,0.9443204
/home/tianlong/Downloads//test/nobrvdftmd.mp4,1,0.20444247
/home/tianlong/Downloads//test/qepgiaxgpc.mp4,1,0.025466498
/home/tianlong/Downloads//test/bogjubshbr.mp4,1,1.0
/home/tianlong/Downloads//test/uyoqozgdcy.mp4,1,1.0320388e-26
/home/tianlong/Downloads//test/cvmmtklgst.mp4,1,0.069802
/home/tianlong/Downloads//test/qharxzhzpl.mp4,1,0.00014986216
/home/tianlong/Downloads//test/sprejlmapw.mp4,1,0.0009774145
/home/tianlong/Downloads//test/crzrsezocr.mp4,1,0.0
/home/tianlong/Downloads//test/wyqhadmmcy.mp4,1,0.72188985
/home/tianlong/Downloads//test/jrjxehotww.mp4,1,1.4458147e-05
/home/tianlong/Downloads//test/xctpdujlok.mp4,1,0.0
/home/tianlong/Downloads//test/hfspenqmpw.mp4,1,0.00012678523
/home/tianlong/Downloads//test/jkfukzcjxd.mp4,1,1.0
/home/tianlong/Downloads//test/knafngkgen.mp4,1,4.4874747e-17
/home/tianlong/Downloads//test/tswmtnhfmn.mp4,1,4.6186547e-23
/home/tianlong/Downloads//test/qoasfzksgo.mp4,1,4.2138996e-12
/home/tianlong/Downloads//test/hnrzuoqnkz.mp4,1,1.6297365e-05
/home/tianlong/Downloads//test/nussrkyuzy.mp4,1,0.0
/home/tianlong/Downloads//test/ciwzwmlyxz.mp4,1,6.7768666e-38
/home/tianlong/Downloads//test/dbauiiupef.mp4,1,0.999965
/home/tianlong/Downloads//test/ywxfnlxtjg.mp4,1,3.256855e-30
/home/tianlong/Downloads//test/pryqgrbtnu.mp4,1,0.80139655
/home/tianlong/Downloads//test/mbjpaydogy.mp4,1,0.29799247
/home/tianlong/Downloads//test/ihdopxhysr.mp4,1,5.882579e-10
/home/tianlong/Downloads//test/rgasvymjrj.mp4,1,0.026305426
/home/tianlong/Downloads//test/eclpgjjies.mp4,1,2.3125663e-08
/home/tianlong/Downloads//test/kxptuwngop.mp4,1,7.6524315e-10
/home/tianlong/Downloads//test/uaqvffouxp.mp4,1,0.19988796
/home/tianlong/Downloads//test/xvqzzgoabm.mp4,1,0.0
/home/tianlong/Downloads//test/tkgbjtcxyl.mp4,1,1.0
/home/tianlong/Downloads//test/xlnaxrwvcx.mp4,1,5.7313526e-05
/home/tianlong/Downloads//test/kphfzaullq.mp4,1,0.1677214
/home/tianlong/Downloads//test/rkezgzxnoo.mp4,1,7.570429e-15
/home/tianlong/Downloads//test/fromclsodq.mp4,1,1.5551056e-09
/home/tianlong/Downloads//test/nrscfrjxpb.mp4,1,1.3414344e-26
/home/tianlong/Downloads//test/ygobagrhmg.mp4,1,0.20014612
/home/tianlong/Downloads//test/hisfrixnbu.mp4,1,0.19256388
/home/tianlong/Downloads//test/duzueyonao.mp4,1,0.0010263313
/home/tianlong/Downloads//test/gkknsyqbnz.mp4,1,0.99999964
/home/tianlong/Downloads//test/tmgdrjjalz.mp4,1,7.309501e-05
/home/tianlong/Downloads//test/iajblozgtx.mp4,1,2.852904e-39
/home/tianlong/Downloads//test/ahkcchuwqq.mp4,1,2.3201747e-34
/home/tianlong/Downloads//test/zmfiveruie.mp4,1,0.0035315435
/home/tianlong/Downloads//test/xptgnpgfkn.mp4,1,0.0
/home/tianlong/Downloads//test/aebhowazav.mp4,1,0.771472
/home/tianlong/Downloads//test/geulcwvfuy.mp4,1,0.7677079
/home/tianlong/Downloads//test/glzyifzrql.mp4,1,0.6985479
/home/tianlong/Downloads//test/wvmrsucbsq.mp4,1,0.9999978
/home/tianlong/Downloads//test/moetggyxsc.mp4,1,1.5465938e-17
/home/tianlong/Downloads//test/jfvnwpcjrm.mp4,1,0.5612955
/home/tianlong/Downloads//test/kaggpclkjm.mp4,1,0.9999992
/home/tianlong/Downloads//test/nacldwtuwp.mp4,1,0.7443191
/home/tianlong/Downloads//test/upwyvqbjlq.mp4,1,1.0
/home/tianlong/Downloads//test/tdmyjvptzv.mp4,1,0.99997747
/home/tianlong/Downloads//test/fzurflflwv.mp4,1,2.2684155e-07
/home/tianlong/Downloads//test/aakjukgjme.mp4,1,0.0
/home/tianlong/Downloads//test/ypepsyuwmo.mp4,1,2.1982314e-11
/home/tianlong/Downloads//test/qxhyhhkywc.mp4,1,7.173287e-18
/home/tianlong/Downloads//test/iqvfopywpa.mp4,1,5.6460804e-13
/home/tianlong/Downloads//test/xfncslssic.mp4,1,5.31883e-26
/home/tianlong/Downloads//test/jesstfspwv.mp4,1,1.153857e-30
/home/tianlong/Downloads//test/xiraodtgnt.mp4,1,0.80565965
/home/tianlong/Downloads//test/xeuzubpylq.mp4,1,1.6243151e-09
/home/tianlong/Downloads//test/xszpbtciwo.mp4,1,0.00076000707
/home/tianlong/Downloads//test/fkksbgaibl.mp4,1,0.76159203
/home/tianlong/Downloads//test/ntqzfgmhnj.mp4,1,1.0
/home/tianlong/Downloads//test/bizbjxafzr.mp4,1,6.379487e-20
/home/tianlong/Downloads//test/bxfwiuvafo.mp4,1,0.9999987
/home/tianlong/Downloads//test/jfcglbovmo.mp4,1,0.00046844935
/home/tianlong/Downloads//test/odidbykbar.mp4,1,0.80003774
/home/tianlong/Downloads//test/qarbtmjwhm.mp4,1,0.7915257
/home/tianlong/Downloads//test/jeierullea.mp4,1,0.200002
/home/tianlong/Downloads//test/lrckqkzekj.mp4,1,1.7998134e-37
/home/tianlong/Downloads//test/riizlqngim.mp4,1,2.2160764e-07
/home/tianlong/Downloads//test/lmcnonfhgz.mp4,1,7.2268074e-07
/home/tianlong/Downloads//test/lkhszpabzv.mp4,1,0.47192082
/home/tianlong/Downloads//test/njqbwiajss.mp4,1,4.3915693e-34
/home/tianlong/Downloads//test/ksqybmrwyg.mp4,1,1.0
/home/tianlong/Downloads//test/dxphlwcvan.mp4,1,1.0
/home/tianlong/Downloads//test/dgjssccxhx.mp4,1,2.0040959e-07
/home/tianlong/Downloads//test/sbfxzmhzyv.mp4,1,0.1636364
/home/tianlong/Downloads//test/rlvgpdrgvi.mp4,1,0.9990794
/home/tianlong/Downloads//test/uzdmxmfcqe.mp4,1,0.07546805
/home/tianlong/Downloads//test/afixxjdxef.mp4,1,0.6066337
/home/tianlong/Downloads//test/fwvxtssltw.mp4,1,1.606585e-32
/home/tianlong/Downloads//test/jyzlvivrmr.mp4,1,5.1523593e-06
/home/tianlong/Downloads//test/byavookkdu.mp4,1,0.0
/home/tianlong/Downloads//test/agyawnxlmv.mp4,1,0.000118247364
/home/tianlong/Downloads//test/zjoonppreb.mp4,1,0.0048678173
/home/tianlong/Downloads//test/sjzwpqupnm.mp4,1,4.945362e-16
/home/tianlong/Downloads//test/pobrnbspcf.mp4,1,2.2152145e-11
/home/tianlong/Downloads//test/qdkpphviay.mp4,1,0.5894707
/home/tianlong/Downloads//test/nbyaxzmueg.mp4,1,0.28713244
/home/tianlong/Downloads//test/vfszaqentw.mp4,1,0.96134377
/home/tianlong/Downloads//test/fosovipqkg.mp4,1,4.128917e-25
/home/tianlong/Downloads//test/grwcxofqrx.mp4,1,1.0
/home/tianlong/Downloads//test/koqxhnmkjl.mp4,1,0.66075426
/home/tianlong/Downloads//test/xkukyjokbg.mp4,1,0.9999997
/home/tianlong/Downloads//test/fmnzbwtjep.mp4,1,0.0
/home/tianlong/Downloads//test/aruyyclubn.mp4,1,4.3873926e-05
/home/tianlong/Downloads//test/eluhuvocwr.mp4,1,0.8000041
/home/tianlong/Downloads//test/iiwffwiyrg.mp4,1,0.0
/home/tianlong/Downloads//test/fsbabrxhqy.mp4,1,0.4006887
/home/tianlong/Downloads//test/ymqadbkafj.mp4,1,3.4325962e-30
/home/tianlong/Downloads//test/nptmqvfuhz.mp4,1,1.0
/home/tianlong/Downloads//test/usjnlahlcj.mp4,1,0.60911655
/home/tianlong/Downloads//test/hbozjjcafn.mp4,1,0.0
/home/tianlong/Downloads//test/cizxmeztny.mp4,1,0.000101771744
/home/tianlong/Downloads//test/syxlmynhsi.mp4,1,5.895009e-05
/home/tianlong/Downloads//test/ezadehoecy.mp4,1,1.5625481e-37
/home/tianlong/Downloads//test/fpliemtlco.mp4,1,0.00028826736
/home/tianlong/Downloads//test/arflgfcnkg.mp4,1,0.007112292
/home/tianlong/Downloads//test/occelhylxf.mp4,1,0.0
/home/tianlong/Downloads//test/uqntkvpntd.mp4,1,4.8576264e-30
/home/tianlong/Downloads//test/iatevqworc.mp4,1,1.8735614e-28
/home/tianlong/Downloads//test/xzsmgydcub.mp4,1,9.548884e-14
/home/tianlong/Downloads//test/qbffpkpmkf.mp4,1,0.003881211
/home/tianlong/Downloads//test/pzbpgfmroj.mp4,1,0.071144
/home/tianlong/Downloads//test/oundixpyst.mp4,1,1.1159795e-10
/home/tianlong/Downloads//test/hnxhwfttpy.mp4,1,0.20017913
/home/tianlong/Downloads//test/rdjwlvvwtv.mp4,1,0.8454052
/home/tianlong/Downloads//test/tcmstiljkk.mp4,1,0.99999714
/home/tianlong/Downloads//test/qbfdtumuct.mp4,1,4.3876507e-06
/home/tianlong/Downloads//test/mxnquwuszt.mp4,1,0.0012167224
/home/tianlong/Downloads//test/sjooumwlzb.mp4,1,0.99999076
/home/tianlong/Downloads//test/twhwouycfg.mp4,1,4.860606e-23
/home/tianlong/Downloads//test/wytpaehszj.mp4,1,0.054317765
/home/tianlong/Downloads//test/srtwhbzzlr.mp4,1,0.51810384
/home/tianlong/Downloads//test/jqjfpkuckf.mp4,1,8.537411e-11
/home/tianlong/Downloads//test/yxjjfaekev.mp4,1,0.0
/home/tianlong/Downloads//test/cyokqrzbol.mp4,1,0.0
/home/tianlong/Downloads//test/mtilpvablx.mp4,1,0.59998596
/home/tianlong/Downloads//test/njwsmltmvb.mp4,1,9.027208e-11
/home/tianlong/Downloads//test/xkksfulade.mp4,1,1.0
/home/tianlong/Downloads//test/dtfgsvfmjq.mp4,1,0.98927957
/home/tianlong/Downloads//test/onaewxqqkd.mp4,1,0.48732096
/home/tianlong/Downloads//test/pazpnfrbbc.mp4,1,1.4019252e-12
/home/tianlong/Downloads//test/kgowzoxjfq.mp4,1,0.24224465
/home/tianlong/Downloads//test/ltdwtgrads.mp4,1,2.7133287e-11
/home/tianlong/Downloads//test/znistrajpw.mp4,1,1.9978188e-32
/home/tianlong/Downloads//test/yfhzmfhojv.mp4,1,1.0
/home/tianlong/Downloads//test/spkorcenyh.mp4,1,0.3938285
/home/tianlong/Downloads//test/axopbbxwzr.mp4,1,1.895232e-27
/home/tianlong/Downloads//test/hxrruqinnh.mp4,1,1.0
/home/tianlong/Downloads//test/tkaybnjwhg.mp4,1,1.0
/home/tianlong/Downloads//test/lhwwhjhyqx.mp4,1,0.0
/home/tianlong/Downloads//test/btxjufhiaz.mp4,1,6.5376745e-21
/home/tianlong/Downloads//test/dnhaskulaj.mp4,1,0.0012458069
/home/tianlong/Downloads//test/vxqofldgze.mp4,1,1.4974008e-24
/home/tianlong/Downloads//test/ddjzmyabyu.mp4,1,0.0
/home/tianlong/Downloads//test/mgahaaogif.mp4,1,0.03553378
/home/tianlong/Downloads//test/ktmdpragph.mp4,1,0.0
/home/tianlong/Downloads//test/xazdhdnwhh.mp4,1,1.5879521e-15
/home/tianlong/Downloads//test/qnslgeajnt.mp4,1,2.415998e-05
/home/tianlong/Downloads//test/sivrgbsaog.mp4,1,0.9995831
/home/tianlong/Downloads//test/uzmuovkewv.mp4,1,0.99998057
/home/tianlong/Downloads//test/tvazrcdkpq.mp4,1,7.089837e-22
/home/tianlong/Downloads//test/jbatiwjmzh.mp4,1,1.0
/home/tianlong/Downloads//test/hmiylncrva.mp4,1,6.5098556e-07
/home/tianlong/Downloads//test/uxkojffbsr.mp4,1,0.33333763
/home/tianlong/Downloads//test/crbcrxqftw.mp4,1,1.1184476e-09
/home/tianlong/Downloads//test/yermnsnlgf.mp4,1,0.6617466
/home/tianlong/Downloads//test/gipcvghjiy.mp4,1,0.5988962
/home/tianlong/Downloads//test/iwcfxyoimw.mp4,1,0.6846393
/home/tianlong/Downloads//test/kozaofkgvk.mp4,1,1.04950545e-11
/home/tianlong/Downloads//test/xlgevjtsog.mp4,1,0.0
/home/tianlong/Downloads//test/bpjkimtqtz.mp4,1,0.0
/home/tianlong/Downloads//test/pdnwaekrtn.mp4,1,0.17867702
/home/tianlong/Downloads//test/toxsrzsksc.mp4,1,6.406557e-08
/home/tianlong/Downloads//test/oejfypsbfh.mp4,1,1.0
/home/tianlong/Downloads//test/hwyuwbnszo.mp4,1,2.6968573e-35
/home/tianlong/Downloads//test/acgyspwyqr.mp4,1,1.2512343e-38
/home/tianlong/Downloads//test/oitcqmvnsa.mp4,1,7.9345405e-14
/home/tianlong/Downloads//test/pdqqkuclvd.mp4,1,0.024826055
/home/tianlong/Downloads//test/slsyjvgfpu.mp4,1,1.2975811e-06
/home/tianlong/Downloads//test/xmdfnldfyc.mp4,1,0.97947884
/home/tianlong/Downloads//test/ynkzlkahux.mp4,1,3.285375e-17
/home/tianlong/Downloads//test/szjbkskyph.mp4,1,1.1986251e-12
/home/tianlong/Downloads//test/yyiiywtiry.mp4,1,0.19999306
/home/tianlong/Downloads//test/crvotfojeq.mp4,1,0.0
/home/tianlong/Downloads//test/rsqblsfgli.mp4,1,0.0
/home/tianlong/Downloads//test/becqadbtkb.mp4,1,0.00011991655
/home/tianlong/Downloads//test/afqaubpglg.mp4,1,0.0021579037
/home/tianlong/Downloads//test/pwplooonzr.mp4,1,1.5983811e-17
/home/tianlong/Downloads//test/vjegxiyvla.mp4,1,4.032199e-35
/home/tianlong/Downloads//test/jbwtbfbdko.mp4,1,0.662317
/home/tianlong/Downloads//test/toggbitvfd.mp4,1,1.0
/home/tianlong/Downloads//test/xpfhawmzbe.mp4,1,9.466742e-39
/home/tianlong/Downloads//test/kjwdinzplo.mp4,1,0.0
/home/tianlong/Downloads//test/jrkdzpijpb.mp4,1,0.20012183
/home/tianlong/Downloads//test/lbnuxynggy.mp4,1,0.0
/home/tianlong/Downloads//test/iorrylopzn.mp4,1,0.9999212
/home/tianlong/Downloads//test/yasxapunrf.mp4,1,0.3997916
/home/tianlong/Downloads//test/suohrphvbe.mp4,1,0.02747783
/home/tianlong/Downloads//test/salsuwvckq.mp4,1,4.5823263e-06
/home/tianlong/Downloads//test/eclnowceyi.mp4,1,0.0
/home/tianlong/Downloads//test/wvtymfvbwq.mp4,1,0.0
/home/tianlong/Downloads//test/rsjhmrvdwg.mp4,1,0.0
/home/tianlong/Downloads//test/qtvhpmoukj.mp4,1,0.0055648396
/home/tianlong/Downloads//test/svqkfjfucw.mp4,1,3.695924e-25
/home/tianlong/Downloads//test/jdlqmnhuix.mp4,1,0.9999958
/home/tianlong/Downloads//test/ltmkgkppwx.mp4,1,1.2697236e-21
/home/tianlong/Downloads//test/zaoyocjkgw.mp4,1,3.1735922e-36
/home/tianlong/Downloads//test/vgrhobnbfo.mp4,1,1.0607307e-30
/home/tianlong/Downloads//test/eeeuzozcdc.mp4,1,0.00038962907
/home/tianlong/Downloads//test/ikgxqbhmlv.mp4,1,0.9999998
/home/tianlong/Downloads//test/zyeakowujw.mp4,1,1.0
/home/tianlong/Downloads//test/uerapqglmr.mp4,1,0.51641786
/home/tianlong/Downloads//test/fmuncwjpej.mp4,1,0.9103648
/home/tianlong/Downloads//test/xllzvdxwiv.mp4,1,0.4000117
/home/tianlong/Downloads//test/giuymhlbyo.mp4,1,0.00089648075
/home/tianlong/Downloads//test/bubbmjnmge.mp4,1,0.9841627
/home/tianlong/Downloads//test/qwqefbalkv.mp4,1,8.5628215e-30
/home/tianlong/Downloads//test/aupsxowdcp.mp4,1,3.9974e-15
/home/tianlong/Downloads//test/apjovfzzft.mp4,1,0.001511588
/home/tianlong/Downloads//test/yjbnaqwxyf.mp4,1,0.8
/home/tianlong/Downloads//test/dajlkmlvch.mp4,1,2.8641652e-18
/home/tianlong/Downloads//test/egwzzhemvk.mp4,1,0.9039213
/home/tianlong/Downloads//test/vlhrgeyvqy.mp4,1,0.0
/home/tianlong/Downloads//test/vpolvvzwsw.mp4,1,0.0
/home/tianlong/Downloads//test/ddkcxrncmq.mp4,1,0.99998987
/home/tianlong/Downloads//test/fncnobpzzx.mp4,1,0.008785201
/home/tianlong/Downloads//test/lhayhvqjmg.mp4,1,0.4049061
/home/tianlong/Downloads//test/yboofyemks.mp4,1,0.0
/home/tianlong/Downloads//test/wzkovvmdkq.mp4,1,1.0
/home/tianlong/Downloads//test/axxldpmbat.mp4,1,0.36467218
/home/tianlong/Downloads//test/piovymzozl.mp4,1,5.6462907e-12
/home/tianlong/Downloads//test/ymjrnwsjxt.mp4,1,6.6437977e-22
/home/tianlong/Downloads//test/jfxroglrst.mp4,1,4.2837814e-18
/home/tianlong/Downloads//test/qzyaijdbfe.mp4,1,0.5444607
/home/tianlong/Downloads//test/gzwzxbtkpd.mp4,1,1.0
/home/tianlong/Downloads//test/bgssriyozb.mp4,1,0.0035654884
/home/tianlong/Downloads//test/wqtraebanl.mp4,1,0.9999937
/home/tianlong/Downloads//test/lovkthgavz.mp4,1,1.8973435e-16
/home/tianlong/Downloads//test/vpgjaoyvir.mp4,1,0.0
/home/tianlong/Downloads//test/btlqqvfuck.mp4,1,0.9671978
/home/tianlong/Downloads//test/zzxidpsxmv.mp4,1,0.4840024
/home/tianlong/Downloads//test/qzuhjrhozy.mp4,1,0.0
/home/tianlong/Downloads//test/rtuaxyuvqs.mp4,1,2.2004503e-26
/home/tianlong/Downloads//test/vybbullejj.mp4,1,0.59803027
/home/tianlong/Downloads//test/lblweiecpx.mp4,1,0.083772704
/home/tianlong/Downloads//test/qkchcuiljp.mp4,1,1.0
/home/tianlong/Downloads//test/roivdutkrz.mp4,1,0.7907582
/home/tianlong/Downloads//test/rziziscker.mp4,1,7.207547e-18
/home/tianlong/Downloads//test/zsdmgllhck.mp4,1,0.21874051
/home/tianlong/Downloads//test/kpkzqbpivj.mp4,1,0.38150397
/home/tianlong/Downloads//test/tgkjhdyxww.mp4,1,0.5072862
/home/tianlong/Downloads//test/zubaiztkag.mp4,1,1.0
/home/tianlong/Downloads//test/figxvsdmsb.mp4,1,1.7835858e-12
/home/tianlong/Downloads//test/enzlliylet.mp4,1,1.0
/home/tianlong/Downloads//test/acekgkqgdg.mp4,1,8.1939234e-08
/home/tianlong/Downloads//test/ljrikjsgis.mp4,1,0.014753303
/home/tianlong/Downloads//test/vawotznxqn.mp4,1,0.8011352
/home/tianlong/Downloads//test/jsqtbnxnpb.mp4,1,3.10515e-06
/home/tianlong/Downloads//test/yibeqxcadd.mp4,1,0.99998415
/home/tianlong/Downloads//test/zvgekhyszq.mp4,1,0.40207344
/home/tianlong/Downloads//test/luisdnrumh.mp4,1,1.0
/home/tianlong/Downloads//test/xffjesgeey.mp4,1,0.019080346
/home/tianlong/Downloads//test/haesrhzukc.mp4,1,1.0
/home/tianlong/Downloads//test/uwccodyhgh.mp4,1,0.41131824
/home/tianlong/Downloads//test/msdtzpmmae.mp4,1,0.0
/home/tianlong/Downloads//test/zgiypcmpic.mp4,1,3.8557675e-21
/home/tianlong/Downloads//test/olkcmrmvbh.mp4,1,0.011164044
/home/tianlong/Downloads//test/kiffbbtjfe.mp4,1,1.2156975e-05
/home/tianlong/Downloads//test/junzzlnlfw.mp4,1,0.6
/home/tianlong/Downloads//test/qkgicklwyn.mp4,1,8.2451586e-20
/home/tianlong/Downloads//test/wluigkzjdl.mp4,1,4.0067766e-23
/home/tianlong/Downloads//test/rsnrcisldc.mp4,1,0.6000961
/home/tianlong/Downloads//test/asiuftijhs.mp4,1,0.0048719062
/home/tianlong/Downloads//test/yjloopcthi.mp4,1,0.19999845
/home/tianlong/Downloads//test/tzzwqaxtrk.mp4,1,1.0
/home/tianlong/Downloads//test/tmfvsxrxnk.mp4,1,1.0
/home/tianlong/Downloads//test/dlsdmdraln.mp4,1,4.1150582e-27
/home/tianlong/Downloads//test/rkygzeyegz.mp4,1,0.17456064
/home/tianlong/Downloads//test/truremwrti.mp4,1,9.3680884e-27
/home/tianlong/Downloads//test/depcrcqwai.mp4,1,0.6
/home/tianlong/Downloads//test/jovohczybs.mp4,1,0.7178604
/home/tianlong/Downloads//test/udcpjfvqro.mp4,1,0.00010109301
/home/tianlong/Downloads//test/yxlkovjssa.mp4,1,0.25348482
/home/tianlong/Downloads//test/trltdpitif.mp4,1,0.99989986
/home/tianlong/Downloads//test/hwufwjdaai.mp4,1,0.4541854
/home/tianlong/Downloads//test/vgfxjwupga.mp4,1,0.9343217
/home/tianlong/Downloads//test/jejjcsijvc.mp4,1,0.6564822
/home/tianlong/Downloads//test/yjpfhrfyfn.mp4,1,0.0
/home/tianlong/Downloads//test/izyqqybmcq.mp4,1,1.4976012e-36
/home/tianlong/Downloads//test/xjnflcfxhn.mp4,1,5.6224882e-15
/home/tianlong/Downloads//test/zidsbdilrm.mp4,1,0.79813063
/home/tianlong/Downloads//test/lepqvhstws.mp4,1,8.0848334e-10
/home/tianlong/Downloads//test/eabghyltka.mp4,1,1.914526e-06
/home/tianlong/Downloads//test/qxgwcsugvd.mp4,1,0.5907483
/home/tianlong/Downloads//test/oitqddnspw.mp4,1,0.0
/home/tianlong/Downloads//test/jiddesrgoi.mp4,1,1.0
/home/tianlong/Downloads//test/whsqzlklam.mp4,1,6.384829e-20
/home/tianlong/Downloads//test/hwspklkjol.mp4,1,0.031767868
/home/tianlong/Downloads//test/mgxdtegobh.mp4,1,0.19998316
/home/tianlong/Downloads//test/dkvxzocpnx.mp4,1,1.0
/home/tianlong/Downloads//test/zxjiwvyzbs.mp4,1,0.8
/home/tianlong/Downloads//test/qysxqoredd.mp4,1,0.4
/home/tianlong/Downloads//test/angqjpzdts.mp4,1,0.8157114
/home/tianlong/Downloads//test/slbhiftdwk.mp4,1,0.0
/home/tianlong/Downloads//test/ctsjalmkpx.mp4,1,2.1139298e-37
/home/tianlong/Downloads//test/jrwqouwlzc.mp4,1,0.008354725
/home/tianlong/Downloads//test/vcqcervdzi.mp4,1,2.9562443e-15
/home/tianlong/Downloads//test/mxczokbutl.mp4,1,1.0
/home/tianlong/Downloads//test/qawqquinvi.mp4,1,1.0
/home/tianlong/Downloads//test/cqiyijvrcj.mp4,1,0.99999726
/home/tianlong/Downloads//test/wypdykzzma.mp4,1,5.7014277e-22
/home/tianlong/Downloads//test/zdurkznxhi.mp4,1,1.4524648e-12
/home/tianlong/Downloads//test/llwjpzzrur.mp4,1,0.97483146
/home/tianlong/Downloads//test/stmqpsakem.mp4,1,0.39773518
/home/tianlong/Downloads//test/hqfxruqynj.mp4,1,2.8833047e-09
/home/tianlong/Downloads//test/cotxffvovx.mp4,1,3.4020782e-37
/home/tianlong/Downloads//test/yiwyejujhz.mp4,1,0.7586533
/home/tianlong/Downloads//test/azkhkminwu.mp4,1,2.5142938e-15
/home/tianlong/Downloads//test/yoicqcpxgm.mp4,1,0.1407403
/home/tianlong/Downloads//test/kcpamicxjs.mp4,1,0.0007102288
/home/tianlong/Downloads//test/mbnvlpwewk.mp4,1,1.0
/home/tianlong/Downloads//test/wjqdwzowcg.mp4,1,8.6834476e-17
/home/tianlong/Downloads//test/vqtspwkgwe.mp4,1,0.4537066
/home/tianlong/Downloads//test/rurhyzsnyi.mp4,1,1.0
/home/tianlong/Downloads//test/sipuxpudya.mp4,1,1.477369e-26
/home/tianlong/Downloads//test/scchmtbzar.mp4,1,1.0
/home/tianlong/Downloads//test/qyhlzalxzm.mp4,1,0.19794942
/home/tianlong/Downloads//test/ektrtuwidv.mp4,1,0.40033633
/home/tianlong/Downloads//test/scbfkrlytb.mp4,1,0.00012233674
/home/tianlong/Downloads//test/kxnsmwhqtl.mp4,1,0.33356267
/home/tianlong/Downloads//test/fiayeurvwb.mp4,1,0.380507
/home/tianlong/Downloads//test/xpuntxtdbs.mp4,1,1.0
/home/tianlong/Downloads//test/edvyxmzpoy.mp4,1,0.00047565345
/home/tianlong/Downloads//test/thnywrwayf.mp4,1,1.06451635e-05
/home/tianlong/Downloads//test/xojauzdavy.mp4,1,0.9850534
/home/tianlong/Downloads//test/kaajaxzivt.mp4,1,9.952197e-08
/home/tianlong/Downloads//test/fmvdkhucsz.mp4,1,0.7114111
/home/tianlong/Downloads//test/mdkqmouddq.mp4,1,0.20575531
/home/tianlong/Downloads//test/ehtvcnlsfl.mp4,1,4.9391234e-32
/home/tianlong/Downloads//test/iizsrcugyd.mp4,1,0.5996801
/home/tianlong/Downloads//test/hurlxdpsxl.mp4,1,8.061851e-25
/home/tianlong/Downloads//test/rvfhfbutlx.mp4,1,1.0
/home/tianlong/Downloads//test/ycxkcnwrbw.mp4,1,0.00015721668
/home/tianlong/Downloads//test/jrmgqzgcmj.mp4,1,1.2244303e-28
/home/tianlong/Downloads//test/cinrseylyp.mp4,1,7.806737e-11
/home/tianlong/Downloads//test/uhvmrfksax.mp4,1,4.6067777e-07
/home/tianlong/Downloads//test/djjdzsivvi.mp4,1,3.578191e-17
/home/tianlong/Downloads//test/pmulgdcejl.mp4,1,0.9999922
/home/tianlong/Downloads//test/ngvbaolyub.mp4,1,1.270943e-23
/home/tianlong/Downloads//test/kpyyjmxmoj.mp4,1,4.0759006e-16
/home/tianlong/Downloads//test/xhizcimlzp.mp4,1,3.130533e-06
/home/tianlong/Downloads//test/ulygywporv.mp4,1,0.2
/home/tianlong/Downloads//test/psunkvudmg.mp4,1,0.000101993384
/home/tianlong/Downloads//test/ctarrlrgdy.mp4,1,6.5582955e-23
/home/tianlong/Downloads//test/hdzygqltzu.mp4,1,0.98636705
/home/tianlong/Downloads//test/rvtfddfweu.mp4,1,0.1818051
/home/tianlong/Downloads//test/kaeouvuasm.mp4,1,4.9706045e-13
/home/tianlong/Downloads//test/rzivzpozjr.mp4,1,2.881318e-24
/home/tianlong/Downloads//test/stfqbsbvfy.mp4,1,8.9992467e-13
/home/tianlong/Downloads//test/qbhoufagsa.mp4,1,4.158544e-32
/home/tianlong/Downloads//test/xycfzkbnhy.mp4,1,0.39997593
/home/tianlong/Downloads//test/zudnvkagjk.mp4,1,0.99972373
/home/tianlong/Downloads//test/feaqnlczwc.mp4,1,0.0
/home/tianlong/Downloads//test/rqviqcsbzw.mp4,1,0.52432597
/home/tianlong/Downloads//test/dhfcwchsir.mp4,1,3.3458845e-20
/home/tianlong/Downloads//test/cglpyitrzw.mp4,1,0.20000052
/home/tianlong/Downloads//test/yjypqyrhyi.mp4,1,0.99999917
/home/tianlong/Downloads//test/fokuimoqkh.mp4,1,0.24192712
/home/tianlong/Downloads//test/xzouvgiqha.mp4,1,0.8065809
/home/tianlong/Downloads//test/qyjbhkeqes.mp4,1,4.6781984e-06
/home/tianlong/Downloads//test/phngwcpbqw.mp4,1,4.182236e-10
/home/tianlong/Downloads//test/rjcjcdkzkw.mp4,1,0.03270753
/home/tianlong/Downloads//test/legilvljip.mp4,1,1.0
/home/tianlong/Downloads//test/bukegrztbb.mp4,1,1.0916133e-33
/home/tianlong/Downloads//test/yvaxmtbtgx.mp4,1,0.28895503
/home/tianlong/Downloads//test/saljlsmnet.mp4,1,1.0
/home/tianlong/Downloads//test/ezupajzwdl.mp4,1,0.9848598
/home/tianlong/Downloads//test/xeszevnech.mp4,1,0.0
/home/tianlong/Downloads//test/fbqwomdehr.mp4,1,7.6077864e-24
/home/tianlong/Downloads//test/itdywxjknn.mp4,1,0.6984186
/home/tianlong/Downloads//test/zwupuzlefv.mp4,1,6.4012774e-20
/home/tianlong/Downloads//test/qcrofjquht.mp4,1,0.6010428
/home/tianlong/Downloads//test/jblkcfejih.mp4,1,0.0
/home/tianlong/Downloads//test/howruupkxw.mp4,1,5.0059125e-06
/home/tianlong/Downloads//test/xslxboadvn.mp4,1,8.433528e-09
/home/tianlong/Downloads//test/rzykslnkdi.mp4,1,0.19925451
/home/tianlong/Downloads//test/govjvzfbcj.mp4,1,0.18160316
/home/tianlong/Downloads//test/fwbvksfidm.mp4,1,0.99500906
/home/tianlong/Downloads//test/khokwspqph.mp4,1,0.9958998
/home/tianlong/Downloads//test/sslrtrxyaj.mp4,1,9.888906e-24
/home/tianlong/Downloads//test/zdmknyhzoo.mp4,1,0.0
/home/tianlong/Downloads//test/rzjpckpslj.mp4,1,0.0
/home/tianlong/Downloads//test/pscilvlcfe.mp4,1,1.8735975e-06
/home/tianlong/Downloads//test/rlwkdhgoqw.mp4,1,1.0
/home/tianlong/Downloads//test/cmpkopoabr.mp4,1,0.19936886
/home/tianlong/Downloads//test/dbljnexmlf.mp4,1,0.16033229
/home/tianlong/Downloads//test/atfuphvjft.mp4,1,0.7999805
/home/tianlong/Downloads//test/zdldobedod.mp4,1,2.0788636e-21
/home/tianlong/Downloads//test/iknfqmugud.mp4,1,7.842115e-07
/home/tianlong/Downloads//test/whusuiiqmt.mp4,1,0.731263
/home/tianlong/Downloads//test/ksrnzzbcsz.mp4,1,4.15794e-08
/home/tianlong/Downloads//test/xxhuecshhw.mp4,1,1.4145558e-33
/home/tianlong/Downloads//test/okmlcbefeu.mp4,1,0.20108886
/home/tianlong/Downloads//test/xryrhuskyd.mp4,1,0.7077535
/home/tianlong/Downloads//test/wevygelkrl.mp4,1,0.0003893164
/home/tianlong/Downloads//test/rdpausigpg.mp4,1,5.187019e-13
/home/tianlong/Downloads//test/fdziwiuoer.mp4,1,5.673252e-07
/home/tianlong/Downloads//test/kykmrtoitd.mp4,1,0.8019331
/home/tianlong/Downloads//test/eacsjvcmlp.mp4,1,0.8093797
/home/tianlong/Downloads//test/asvuutypvz.mp4,1,1.634735e-25
/home/tianlong/Downloads//test/nucqorkejg.mp4,1,0.9999546
/home/tianlong/Downloads//test/ctpexqamtx.mp4,1,0.9999973
/home/tianlong/Downloads//test/vnsxdkjjtk.mp4,1,0.19941011
/home/tianlong/Downloads//test/cktsyobheu.mp4,1,0.3281905
/home/tianlong/Downloads//test/kccicuhxgk.mp4,1,0.9948703
/home/tianlong/Downloads//test/qckjihxoze.mp4,1,2.9128507e-05
/home/tianlong/Downloads//test/gvqtnedfso.mp4,1,3.434127e-13
/home/tianlong/Downloads//test/ajxkvlpgov.mp4,1,0.37212294
/home/tianlong/Downloads//test/srlilcjhaf.mp4,1,0.71355075
/home/tianlong/Downloads//test/qfjxksudna.mp4,1,0.34709316
/home/tianlong/Downloads//test/hstvglyexy.mp4,1,0.0026678606
/home/tianlong/Downloads//test/jyyvhnsyys.mp4,1,2.4922742e-06
/home/tianlong/Downloads//test/whxqigkgyk.mp4,1,0.982813
/home/tianlong/Downloads//test/mqzrlecakr.mp4,1,0.41968268
/home/tianlong/Downloads//test/aeplbqxnge.mp4,1,0.0
/home/tianlong/Downloads//test/inwaznexiv.mp4,1,0.31403375
/home/tianlong/Downloads//test/anfupdhmyr.mp4,1,0.9354088
/home/tianlong/Downloads//test/wbvlgevkmb.mp4,1,2.2560127e-11
/home/tianlong/Downloads//test/uiykwgaarz.mp4,1,0.011603279
/home/tianlong/Downloads//test/nvarnevska.mp4,1,0.30591384
/home/tianlong/Downloads//test/ooczenomzk.mp4,1,0.48070353
/home/tianlong/Downloads//test/qtjuhlppot.mp4,1,0.205319
/home/tianlong/Downloads//test/drqtyzvhdd.mp4,1,7.352532e-12
/home/tianlong/Downloads//test/ytljvippwv.mp4,1,0.66339034
/home/tianlong/Downloads//test/skrqoagxle.mp4,1,0.81454754
/home/tianlong/Downloads//test/shwkznunyp.mp4,1,2.5279106e-21
/home/tianlong/Downloads//test/tlsoagxovk.mp4,1,0.5991156
/home/tianlong/Downloads//test/enpshnkugu.mp4,1,1.0703268e-10
/home/tianlong/Downloads//test/vitjdpnfpi.mp4,1,0.00029039106
/home/tianlong/Downloads//test/jovrnujurf.mp4,1,0.00022811163
/home/tianlong/Downloads//test/sbwemwjlsl.mp4,1,0.3862361
/home/tianlong/Downloads//test/uclzxnftij.mp4,1,1.913071e-39
/home/tianlong/Downloads//test/sdqjjttckw.mp4,1,0.19903362
/home/tianlong/Downloads//test/wtmggpeiom.mp4,1,0.27523857
