Video,Label,Prediction
/home/tianlong/Downloads//test/myvwyfdnxu.mp4,0,0.09361641
/home/tianlong/Downloads//test/uxgkqpiykp.mp4,0,2.8093505e-10
/home/tianlong/Downloads//test/qyscponfaf.mp4,0,6.8597194e-07
/home/tianlong/Downloads//test/tmgmbnzrrz.mp4,0,0.4708763
/home/tianlong/Downloads//test/wfmeffvvce.mp4,0,0.02461262
/home/tianlong/Downloads//test/fwrcfaglhz.mp4,0,0.3458331
/home/tianlong/Downloads//test/itfzfpuilx.mp4,0,1.8144451e-08
/home/tianlong/Downloads//test/wupoiiknff.mp4,0,1.6644188e-12
/home/tianlong/Downloads//test/dscprfjses.mp4,0,0.6484008
/home/tianlong/Downloads//test/ofntcunuqn.mp4,0,0.06245913
/home/tianlong/Downloads//test/imnzannmcr.mp4,0,0.014565167
/home/tianlong/Downloads//test/jidkzoagws.mp4,0,0.17229103
/home/tianlong/Downloads//test/nkpqkddsgt.mp4,0,0.33082092
/home/tianlong/Downloads//test/xqmrrciral.mp4,0,0.0056324257
/home/tianlong/Downloads//test/ykfllpyawg.mp4,0,0.03461119
/home/tianlong/Downloads//test/bpieoyctzo.mp4,0,0.20949598
/home/tianlong/Downloads//test/wjrepvzlsv.mp4,0,0.27943596
/home/tianlong/Downloads//test/voucpidonq.mp4,0,1.526829e-06
/home/tianlong/Downloads//test/fxfxtrrkeq.mp4,0,0.04345848
/home/tianlong/Downloads//test/qggfpdkyzi.mp4,0,0.08626987
/home/tianlong/Downloads//test/xyucutnxhz.mp4,0,0.021567965
/home/tianlong/Downloads//test/rkxepdkger.mp4,0,0.0037243627
/home/tianlong/Downloads//test/fxxpxoqoxp.mp4,0,0.0015350909
/home/tianlong/Downloads//test/jkxxwfycsj.mp4,0,0.17631161
/home/tianlong/Downloads//test/qbearsyziz.mp4,0,0.59752405
/home/tianlong/Downloads//test/kyrbveruev.mp4,0,0.00018722664
/home/tianlong/Downloads//test/pdyrvsvwyi.mp4,0,0.1309121
/home/tianlong/Downloads//test/bpxxmxuvuy.mp4,0,0.67258465
/home/tianlong/Downloads//test/ekxsduhvwh.mp4,0,0.0042613647
/home/tianlong/Downloads//test/ocsqqqduxx.mp4,0,4.609434e-05
/home/tianlong/Downloads//test/qufzdwetss.mp4,0,0.0161587
/home/tianlong/Downloads//test/vwqrtxbwye.mp4,0,0.51150256
/home/tianlong/Downloads//test/zuduvanawx.mp4,0,0.001269806
/home/tianlong/Downloads//test/rkjhxvdnsv.mp4,0,0.014778662
/home/tianlong/Downloads//test/hpcivouyku.mp4,0,0.23986873
/home/tianlong/Downloads//test/vgndywbmgf.mp4,0,7.4948664e-05
/home/tianlong/Downloads//test/hfgczdzbix.mp4,0,0.00020626471
/home/tianlong/Downloads//test/rwehwmmutn.mp4,0,0.023190018
/home/tianlong/Downloads//test/jyfnzyvznx.mp4,0,0.0020762396
/home/tianlong/Downloads//test/jxpodcendq.mp4,0,0.48547754
/home/tianlong/Downloads//test/kgynainlug.mp4,0,0.057387132
/home/tianlong/Downloads//test/hqgervpkkf.mp4,0,0.0583149
/home/tianlong/Downloads//test/defeqlyysh.mp4,0,0.23809505
/home/tianlong/Downloads//test/xzkwbswkao.mp4,0,0.28715044
/home/tianlong/Downloads//test/hhdblnxhtj.mp4,0,0.010848943
/home/tianlong/Downloads//test/oaptmwroki.mp4,0,0.23161177
/home/tianlong/Downloads//test/djlkkqmjkk.mp4,0,0.16805553
/home/tianlong/Downloads//test/motfposykz.mp4,0,0.28922135
/home/tianlong/Downloads//test/shvfupmrho.mp4,0,0.022242527
/home/tianlong/Downloads//test/escwmsthiz.mp4,0,0.3734693
/home/tianlong/Downloads//test/ctpypmzfnl.mp4,0,2.2117774e-10
/home/tianlong/Downloads//test/sjqrdyzkgl.mp4,0,0.31058446
/home/tianlong/Downloads//test/ddrjnwlugg.mp4,0,1.5672202e-05
/home/tianlong/Downloads//test/hxfqltenqh.mp4,0,2.9627898e-08
/home/tianlong/Downloads//test/umerhoubxw.mp4,0,1.6425497e-10
/home/tianlong/Downloads//test/jxrpqynwlt.mp4,0,4.7154856e-05
/home/tianlong/Downloads//test/hprzotbjtj.mp4,0,0.04353851
/home/tianlong/Downloads//test/cqewayywpg.mp4,0,7.651787e-05
/home/tianlong/Downloads//test/nvptcoxzah.mp4,0,0.2053622
/home/tianlong/Downloads//test/uvzlfuxalu.mp4,0,0.2797136
/home/tianlong/Downloads//test/mfcbgbcuvb.mp4,0,1.2348342e-10
/home/tianlong/Downloads//test/tmtoypmqwt.mp4,0,0.33456513
/home/tianlong/Downloads//test/bsjucwhlrj.mp4,0,0.012913587
/home/tianlong/Downloads//test/hlsubhyoea.mp4,0,3.1954005e-05
/home/tianlong/Downloads//test/deslnszgpy.mp4,0,3.20747e-12
/home/tianlong/Downloads//test/tfwdbkwvgz.mp4,0,0.37780398
/home/tianlong/Downloads//test/ufxafdxpat.mp4,0,1.1334983e-10
/home/tianlong/Downloads//test/lmacrzidyh.mp4,0,0.02115456
/home/tianlong/Downloads//test/wyiajvmitt.mp4,0,0.0025423493
/home/tianlong/Downloads//test/xbdnqfbxcv.mp4,0,2.1985439e-07
/home/tianlong/Downloads//test/mhfnldxixw.mp4,0,0.065314524
/home/tianlong/Downloads//test/pfiigjlcct.mp4,0,0.008919168
/home/tianlong/Downloads//test/ldtibsniik.mp4,0,5.143387e-08
/home/tianlong/Downloads//test/gwzttezkpv.mp4,0,0.3010833
/home/tianlong/Downloads//test/pevmkpamhv.mp4,0,7.111221e-09
/home/tianlong/Downloads//test/zcfpsnaujx.mp4,0,0.012040186
/home/tianlong/Downloads//test/slvcfpalev.mp4,0,0.199869
/home/tianlong/Downloads//test/ctdwtfcjei.mp4,0,0.31877595
/home/tianlong/Downloads//test/vxwsisekmb.mp4,0,0.11123127
/home/tianlong/Downloads//test/pkoadvlpga.mp4,0,4.5750645e-07
/home/tianlong/Downloads//test/ofapaanpkl.mp4,0,6.909868e-06
/home/tianlong/Downloads//test/huzryvwrfa.mp4,0,0.15305814
/home/tianlong/Downloads//test/knjoasqzvt.mp4,0,0.28492433
/home/tianlong/Downloads//test/cedpyannqf.mp4,0,0.5058166
/home/tianlong/Downloads//test/mdwtpvlbrz.mp4,0,9.238662e-10
/home/tianlong/Downloads//test/hfcxlucrbj.mp4,0,0.004033996
/home/tianlong/Downloads//test/wbsajsyaej.mp4,0,0.008630299
/home/tianlong/Downloads//test/tbqrwehekx.mp4,0,0.34981638
/home/tianlong/Downloads//test/shslgpeisw.mp4,0,0.05269459
/home/tianlong/Downloads//test/epgfqrvwlr.mp4,0,1.0352231e-11
/home/tianlong/Downloads//test/fduhwlydlg.mp4,0,5.4258864e-05
/home/tianlong/Downloads//test/cpmridjxbc.mp4,0,0.0076543493
/home/tianlong/Downloads//test/kphflojove.mp4,0,0.32899985
/home/tianlong/Downloads//test/hlcpwfwcyw.mp4,0,0.2518525
/home/tianlong/Downloads//test/bpeemkcxad.mp4,0,0.46834445
/home/tianlong/Downloads//test/jkadnvoqhk.mp4,0,0.14672384
/home/tianlong/Downloads//test/lzzpsosige.mp4,0,0.09514351
/home/tianlong/Downloads//test/pxtwhbaxjq.mp4,0,0.1672916
/home/tianlong/Downloads//test/pxgcsltbuo.mp4,0,0.0069532664
/home/tianlong/Downloads//test/gmepmwcgwg.mp4,0,0.04179185
/home/tianlong/Downloads//test/tnetytnegv.mp4,0,1.9292658e-12
/home/tianlong/Downloads//test/sxmqvznwwq.mp4,0,0.13299163
/home/tianlong/Downloads//test/partcfzlbj.mp4,0,0.012125881
/home/tianlong/Downloads//test/tnkmovifrb.mp4,0,0.6054643
/home/tianlong/Downloads//test/dpgznlwvpx.mp4,0,1.9256459e-10
/home/tianlong/Downloads//test/mbpbbekqks.mp4,0,0.27344596
/home/tianlong/Downloads//test/hdbejalgtx.mp4,0,1.38378455e-05
/home/tianlong/Downloads//test/bmdiaytrcm.mp4,0,0.13915102
/home/tianlong/Downloads//test/yghxoihrle.mp4,0,0.22018702
/home/tianlong/Downloads//test/vcgelshrli.mp4,0,0.34277552
/home/tianlong/Downloads//test/yvdnbmbwyh.mp4,0,0.3004045
/home/tianlong/Downloads//test/kmakhupeac.mp4,0,0.39948604
/home/tianlong/Downloads//test/ccevbixrwu.mp4,0,0.07834456
/home/tianlong/Downloads//test/edavfjsjzw.mp4,0,0.20789354
/home/tianlong/Downloads//test/znmzmierff.mp4,0,2.5317236e-06
/home/tianlong/Downloads//test/kiotoqmmfj.mp4,0,0.42701203
/home/tianlong/Downloads//test/nqctdktbtb.mp4,0,0.16313525
/home/tianlong/Downloads//test/inneixkosf.mp4,0,0.03905395
/home/tianlong/Downloads//test/occrrsyizc.mp4,0,0.019012973
/home/tianlong/Downloads//test/zfecmsiodq.mp4,0,0.100214265
/home/tianlong/Downloads//test/haknpmhigp.mp4,0,0.0022375535
/home/tianlong/Downloads//test/zjbwxmmrgk.mp4,0,3.4109454e-10
/home/tianlong/Downloads//test/qgpabkriss.mp4,0,0.37006313
/home/tianlong/Downloads//test/liureznisp.mp4,0,0.35474163
/home/tianlong/Downloads//test/bzdywpajvr.mp4,0,0.10800421
/home/tianlong/Downloads//test/jniytngcmy.mp4,0,0.41822392
/home/tianlong/Downloads//test/idklchvhxp.mp4,0,0.12615468
/home/tianlong/Downloads//test/pijzjjchqn.mp4,0,0.58814746
/home/tianlong/Downloads//test/pjnsejazpl.mp4,0,0.0018606277
/home/tianlong/Downloads//test/gpaqoqegbn.mp4,0,0.0003501925
/home/tianlong/Downloads//test/xsxwrwvfkg.mp4,0,6.419877e-11
/home/tianlong/Downloads//test/arwefyghir.mp4,0,0.3472137
/home/tianlong/Downloads//test/ptgvxdueef.mp4,0,6.989913e-06
/home/tianlong/Downloads//test/plljpjscih.mp4,0,0.0093906205
/home/tianlong/Downloads//test/jozfaxodnx.mp4,0,0.3346073
/home/tianlong/Downloads//test/girdwtjwsr.mp4,0,0.01239851
/home/tianlong/Downloads//test/jbaahohsns.mp4,0,0.1899354
/home/tianlong/Downloads//test/uetfcmaryk.mp4,0,0.68714434
/home/tianlong/Downloads//test/oqbltrmhvt.mp4,0,0.4402286
/home/tianlong/Downloads//test/dvtzvkcrku.mp4,0,0.2913354
/home/tianlong/Downloads//test/qjilklnynm.mp4,0,0.0021504615
/home/tianlong/Downloads//test/tcsdjwbihw.mp4,0,0.00019773748
/home/tianlong/Downloads//test/zhftwvtutp.mp4,0,0.022196483
/home/tianlong/Downloads//test/xgktqwvknw.mp4,0,3.2383644e-11
/home/tianlong/Downloads//test/cdeesuuuqz.mp4,0,0.0005274772
/home/tianlong/Downloads//test/ymngcysczs.mp4,0,0.00022148962
/home/tianlong/Downloads//test/gctyynjruz.mp4,0,1.7288603e-08
/home/tianlong/Downloads//test/vkirqaiuoc.mp4,0,6.4262125e-09
/home/tianlong/Downloads//test/ykywskdwlc.mp4,0,0.20164545
/home/tianlong/Downloads//test/verpxkucoi.mp4,0,0.11539362
/home/tianlong/Downloads//test/gpsqelalbp.mp4,0,1.6827138e-07
/home/tianlong/Downloads//test/paorozwtbf.mp4,0,0.0002904564
/home/tianlong/Downloads//test/iaaecuquha.mp4,0,0.26647717
/home/tianlong/Downloads//test/lmgdjtzwau.mp4,0,0.27294922
/home/tianlong/Downloads//test/tayykmblhg.mp4,0,0.0030975365
/home/tianlong/Downloads//test/hpurahupjh.mp4,0,2.6804287e-07
/home/tianlong/Downloads//test/uutxmgqajd.mp4,0,0.0006169361
/home/tianlong/Downloads//test/rbkcpkwhjn.mp4,0,0.03510121
/home/tianlong/Downloads//test/wtnloygygs.mp4,0,5.9476326e-12
/home/tianlong/Downloads//test/biborxaekt.mp4,0,0.0006103313
/home/tianlong/Downloads//test/drlnvwvvuw.mp4,0,0.0002190327
/home/tianlong/Downloads//test/axutpjywuu.mp4,0,0.28605384
/home/tianlong/Downloads//test/jbcnsmlysc.mp4,0,1.0733423e-07
/home/tianlong/Downloads//test/ilzhgraxpl.mp4,0,4.239571e-11
/home/tianlong/Downloads//test/cwqhzuhjol.mp4,0,0.15753879
/home/tianlong/Downloads//test/tlzordotqw.mp4,0,0.34927613
/home/tianlong/Downloads//test/hdauuytvhx.mp4,0,0.1794991
/home/tianlong/Downloads//test/rtiyduycrn.mp4,0,0.11686359
/home/tianlong/Downloads//test/mdsmgzaltc.mp4,0,0.2696008
/home/tianlong/Downloads//test/mnlxxoicoo.mp4,0,0.013500527
/home/tianlong/Downloads//test/ksfuiztwuc.mp4,0,0.3074479
/home/tianlong/Downloads//test/tpjydgkvdt.mp4,0,0.029862458
/home/tianlong/Downloads//test/nmjesbwiux.mp4,0,2.1296736e-12
/home/tianlong/Downloads//test/egzfaoiuwo.mp4,0,0.00454992
/home/tianlong/Downloads//test/ucmfbukrkj.mp4,0,0.0008461792
/home/tianlong/Downloads//test/aoqzxlwvmi.mp4,0,1.860876e-05
/home/tianlong/Downloads//test/zzjfzeuizr.mp4,0,0.47963294
/home/tianlong/Downloads//test/aunokqsmrt.mp4,0,0.16548544
/home/tianlong/Downloads//test/kudvvlgiff.mp4,0,1.9633605e-08
/home/tianlong/Downloads//test/qqwsabrgxh.mp4,0,0.0055895327
/home/tianlong/Downloads//test/pvsslamopo.mp4,0,0.00022613483
/home/tianlong/Downloads//test/kawxnfacqs.mp4,0,1.1146202e-15
/home/tianlong/Downloads//test/lxeqbyddvt.mp4,0,2.0471636e-05
/home/tianlong/Downloads//test/zylribcaeu.mp4,0,0.21661456
/home/tianlong/Downloads//test/sghdekqnnn.mp4,0,0.16371064
/home/tianlong/Downloads//test/msbqgoxxlh.mp4,0,0.19628015
/home/tianlong/Downloads//test/ubbzrfgzer.mp4,0,0.20648547
/home/tianlong/Downloads//test/vuofhivyfs.mp4,0,0.37685326
/home/tianlong/Downloads//test/xirrbpmlja.mp4,0,1.05774025e-05
/home/tianlong/Downloads//test/appvffejyy.mp4,0,0.23434286
/home/tianlong/Downloads//test/nzepxsbotb.mp4,0,0.002583959
/home/tianlong/Downloads//test/nkqkvwpghi.mp4,0,0.37735257
/home/tianlong/Downloads//test/vdvffooule.mp4,0,0.46959823
/home/tianlong/Downloads//test/rayhrvqorn.mp4,0,3.884774e-07
/home/tianlong/Downloads//test/cslfapvyjv.mp4,0,5.3480917e-09
/home/tianlong/Downloads//test/rmygsfjyvt.mp4,0,0.19198288
/home/tianlong/Downloads//test/yhbhhibwzo.mp4,0,0.54222345
/home/tianlong/Downloads//test/vlxfyuzygn.mp4,0,0.29575783
/home/tianlong/Downloads//test/zefqhoewww.mp4,0,0.037806608
/home/tianlong/Downloads//test/vptrrrmhyb.mp4,0,0.0019274637
/home/tianlong/Downloads//test/cefolmrrlx.mp4,0,0.1919634
/home/tianlong/Downloads//test/xzmplldajk.mp4,0,0.37229806
/home/tianlong/Downloads//test/hrznynemfj.mp4,0,0.024901252
/home/tianlong/Downloads//test/tkxblcleyd.mp4,0,0.029289018
/home/tianlong/Downloads//test/tlxgwzheli.mp4,0,0.018449334
/home/tianlong/Downloads//test/qvgutokvct.mp4,0,0.06322202
/home/tianlong/Downloads//test/tcwyxrvdpe.mp4,0,0.00043822709
/home/tianlong/Downloads//test/jwrypvpvpx.mp4,0,8.4033054e-08
/home/tianlong/Downloads//test/bpyjsrjcro.mp4,0,0.028401326
/home/tianlong/Downloads//test/avteqdmbob.mp4,0,0.019682262
/home/tianlong/Downloads//test/aaivbtdyjn.mp4,0,0.21411613
/home/tianlong/Downloads//test/pokctfragw.mp4,0,1.5518411e-06
/home/tianlong/Downloads//test/vgdllmzjcw.mp4,0,0.37633815
/home/tianlong/Downloads//test/zdlhavfmit.mp4,0,0.28513807
/home/tianlong/Downloads//test/yupsrmckii.mp4,0,0.34278986
/home/tianlong/Downloads//test/pobpsxjbzg.mp4,0,0.055743158
/home/tianlong/Downloads//test/lkvouattut.mp4,0,2.3855509e-09
/home/tianlong/Downloads//test/anjzzdyhno.mp4,0,0.022905448
/home/tianlong/Downloads//test/jvihmimqca.mp4,0,0.10233569
/home/tianlong/Downloads//test/wnoitecfmf.mp4,0,2.9421545e-07
/home/tianlong/Downloads//test/gbvllwqbjl.mp4,0,0.00017772634
/home/tianlong/Downloads//test/gzabjmglim.mp4,0,3.6436287e-15
/home/tianlong/Downloads//test/paqcbtdulm.mp4,0,0.00031982147
/home/tianlong/Downloads//test/jcbbrqaaaq.mp4,0,9.5143287e-07
/home/tianlong/Downloads//test/nsavbywhlu.mp4,0,0.4267063
/home/tianlong/Downloads//test/zwfebeiqat.mp4,0,0.06995983
/home/tianlong/Downloads//test/pimrsfwcwm.mp4,0,0.15339465
/home/tianlong/Downloads//test/mrvdmwcblt.mp4,0,0.16454181
/home/tianlong/Downloads//test/hedetzyqpu.mp4,0,0.33930922
/home/tianlong/Downloads//test/qytaiboeep.mp4,0,0.30301785
/home/tianlong/Downloads//test/famavifufv.mp4,0,0.12845163
/home/tianlong/Downloads//test/hnselekxwv.mp4,0,0.43416443
/home/tianlong/Downloads//test/emgciwmtuj.mp4,0,1.9170446e-07
/home/tianlong/Downloads//test/wbmvbetcdm.mp4,0,2.7655531e-08
/home/tianlong/Downloads//test/mpvnvvihzp.mp4,0,0.08278851
/home/tianlong/Downloads//test/zelgpxflfe.mp4,0,7.961781e-06
/home/tianlong/Downloads//test/lhjcdavmmg.mp4,0,0.14394638
/home/tianlong/Downloads//test/rxtqqoncwj.mp4,0,1.3157932e-08
/home/tianlong/Downloads//test/shrpamtirw.mp4,0,0.30410877
/home/tianlong/Downloads//test/qhzlgrtgto.mp4,0,5.4878286e-11
/home/tianlong/Downloads//test/uuzyzglejw.mp4,0,0.3366136
/home/tianlong/Downloads//test/bmnpqrwnex.mp4,0,3.716208e-08
/home/tianlong/Downloads//test/dtssdnhgiw.mp4,0,0.25763604
/home/tianlong/Downloads//test/rlhmppiklf.mp4,0,0.19344422
/home/tianlong/Downloads//test/sswhgeqjrt.mp4,0,6.255507e-06
/home/tianlong/Downloads//test/emxqsgqtdz.mp4,0,0.18170068
/home/tianlong/Downloads//test/bcwtjzsutw.mp4,0,0.3496605
/home/tianlong/Downloads//test/uomfimsutw.mp4,0,0.34291273
/home/tianlong/Downloads//test/mztlucosuc.mp4,0,0.20031977
/home/tianlong/Downloads//test/ntcfyojagi.mp4,0,0.0009672906
/home/tianlong/Downloads//test/wrbuiboyat.mp4,0,0.36555457
/home/tianlong/Downloads//test/xiqecarvpb.mp4,0,0.05221195
/home/tianlong/Downloads//test/fcvzlzfufb.mp4,0,0.30106354
/home/tianlong/Downloads//test/savqrjnncg.mp4,0,0.5210998
/home/tianlong/Downloads//test/icqmqztbry.mp4,0,0.041461416
/home/tianlong/Downloads//test/zzrmokkxka.mp4,0,0.25460023
/home/tianlong/Downloads//test/btgxrrldio.mp4,0,0.022197466
/home/tianlong/Downloads//test/zdnepyqjiy.mp4,0,0.2664393
/home/tianlong/Downloads//test/fybiztpnrc.mp4,0,0.029983755
/home/tianlong/Downloads//test/parqhrknkf.mp4,0,0.1179404
/home/tianlong/Downloads//test/tvffpggbrc.mp4,0,0.24303778
/home/tianlong/Downloads//test/rtpuwtrxsr.mp4,0,0.000101463775
/home/tianlong/Downloads//test/tgmqfzsznf.mp4,0,0.04194256
/home/tianlong/Downloads//test/eqabuehals.mp4,0,8.53888e-07
/home/tianlong/Downloads//test/ikebomnsiq.mp4,0,0.0012508684
/home/tianlong/Downloads//test/wfzxrfxohw.mp4,0,0.07031729
/home/tianlong/Downloads//test/dqfgwejsvm.mp4,0,8.345934e-06
/home/tianlong/Downloads//test/lxadgjqzbf.mp4,0,0.5565738
/home/tianlong/Downloads//test/tdahgbtenl.mp4,0,0.3545257
/home/tianlong/Downloads//test/bivzhsmrqo.mp4,0,0.20512752
/home/tianlong/Downloads//test/vzxluflrhn.mp4,0,3.570029e-08
/home/tianlong/Downloads//test/ikmsdmynbf.mp4,0,0.015910244
/home/tianlong/Downloads//test/kuqbgbrypa.mp4,0,0.49683532
/home/tianlong/Downloads//test/nfstajzaot.mp4,0,1.5954368e-10
/home/tianlong/Downloads//test/dultiznosk.mp4,0,1.10511436e-07
/home/tianlong/Downloads//test/ckqfqernbf.mp4,0,0.002636629
/home/tianlong/Downloads//test/kbdwudhhwf.mp4,0,4.77958e-10
/home/tianlong/Downloads//test/hqpjmwyygq.mp4,0,1.697791e-08
/home/tianlong/Downloads//test/tjyuudtkme.mp4,0,0.13528757
/home/tianlong/Downloads//test/tihgxlmfcj.mp4,0,1.5343656e-07
/home/tianlong/Downloads//test/sgdnbofecu.mp4,0,0.36830562
/home/tianlong/Downloads//test/pgamqeolau.mp4,0,2.35989e-06
/home/tianlong/Downloads//test/ijeqomctsa.mp4,0,0.00020405054
/home/tianlong/Downloads//test/ppruxbqpmc.mp4,0,0.035392758
/home/tianlong/Downloads//test/hkvfyeacje.mp4,0,7.045541e-10
/home/tianlong/Downloads//test/zqrzqekofe.mp4,0,0.32125345
/home/tianlong/Downloads//test/iwzbgmtsuh.mp4,0,0.1887769
/home/tianlong/Downloads//test/dbixwxtuxs.mp4,0,0.17699197
/home/tianlong/Downloads//test/cepqcoseaj.mp4,0,9.316865e-08
/home/tianlong/Downloads//test/gypapuqdrx.mp4,0,0.4322056
/home/tianlong/Downloads//test/djhhnixfyi.mp4,0,0.28638023
/home/tianlong/Downloads//test/fkarxowzuf.mp4,0,0.08856306
/home/tianlong/Downloads//test/gfxnuidfgl.mp4,0,0.0008562143
/home/tianlong/Downloads//test/vsreebjsfs.mp4,0,0.033311136
/home/tianlong/Downloads//test/manqchicur.mp4,0,0.44148177
/home/tianlong/Downloads//test/gztffgsxpt.mp4,0,0.02896222
/home/tianlong/Downloads//test/jdzkykqgsx.mp4,0,2.2247386e-06
/home/tianlong/Downloads//test/cvbubcwkkl.mp4,0,7.302508e-15
/home/tianlong/Downloads//test/bgqhldvsgc.mp4,0,9.328307e-06
/home/tianlong/Downloads//test/blqgpxokwq.mp4,0,0.02165007
/home/tianlong/Downloads//test/cxvayntesu.mp4,0,0.013922522
/home/tianlong/Downloads//test/dxepehnhgm.mp4,0,0.7325777
/home/tianlong/Downloads//test/bcgjlsupne.mp4,0,0.00011521792
/home/tianlong/Downloads//test/uhynwthfhf.mp4,0,0.20139885
/home/tianlong/Downloads//test/gocrdvihos.mp4,0,3.0634445e-07
/home/tianlong/Downloads//test/gtyvtbojpp.mp4,0,0.11174227
/home/tianlong/Downloads//test/eqtwkqxolz.mp4,0,2.4024769e-09
/home/tianlong/Downloads//test/arwiyweadv.mp4,0,0.009905489
/home/tianlong/Downloads//test/mlizcisxro.mp4,0,4.1948778e-07
/home/tianlong/Downloads//test/miiymgajty.mp4,0,0.13587445
/home/tianlong/Downloads//test/ragjclplkx.mp4,0,0.03791807
/home/tianlong/Downloads//test/wxrfuemtxj.mp4,0,0.029047858
/home/tianlong/Downloads//test/xxupwwukoh.mp4,0,0.013909499
/home/tianlong/Downloads//test/qdantvtdji.mp4,0,0.10531137
/home/tianlong/Downloads//test/oqehnuhbwa.mp4,0,0.00062621327
/home/tianlong/Downloads//test/yzqbwkwxsn.mp4,0,0.29322785
/home/tianlong/Downloads//test/osjaqtkkdt.mp4,0,0.1601979
/home/tianlong/Downloads//test/nthlmvjxac.mp4,0,0.068133205
/home/tianlong/Downloads//test/dpegbdzijf.mp4,0,0.096061565
/home/tianlong/Downloads//test/ezgusylcyf.mp4,0,3.572836e-06
/home/tianlong/Downloads//test/isxxybhuls.mp4,0,0.47599784
/home/tianlong/Downloads//test/dbqbwrcvjk.mp4,0,0.07817205
/home/tianlong/Downloads//test/qqrvyhjznq.mp4,0,0.029946437
/home/tianlong/Downloads//test/ohdtmpzbtp.mp4,0,0.027937073
/home/tianlong/Downloads//test/oupztxzdln.mp4,0,3.6753693e-09
/home/tianlong/Downloads//test/snidpujjti.mp4,0,0.0072922683
/home/tianlong/Downloads//test/yoxdseoukl.mp4,0,0.09882685
/home/tianlong/Downloads//test/bxsdnqizii.mp4,0,0.27600548
/home/tianlong/Downloads//test/ihszkmcwvw.mp4,0,0.0033872444
/home/tianlong/Downloads//test/rgrqhjtoby.mp4,0,5.3381733e-05
/home/tianlong/Downloads//test/vqibhetnwa.mp4,0,0.27139056
/home/tianlong/Downloads//test/rkqqgwurqt.mp4,0,1.6240049e-09
/home/tianlong/Downloads//test/axdepsfowg.mp4,0,2.8126244e-09
/home/tianlong/Downloads//test/dcpmipuapc.mp4,0,1.6006583e-05
/home/tianlong/Downloads//test/ncjqganhal.mp4,0,0.30047083
/home/tianlong/Downloads//test/qnbnlmpqpu.mp4,0,1.0404445e-05
/home/tianlong/Downloads//test/ieoervpooz.mp4,0,2.9894576e-10
/home/tianlong/Downloads//test/fscyfygpyk.mp4,0,1.7853421e-06
/home/tianlong/Downloads//test/pitpjawwwp.mp4,0,0.18894517
/home/tianlong/Downloads//test/geturetbpy.mp4,0,0.10775839
/home/tianlong/Downloads//test/kwsraaqime.mp4,0,0.3108181
/home/tianlong/Downloads//test/lhgoghqmub.mp4,0,0.20104161
/home/tianlong/Downloads//test/kdmonvkpqd.mp4,0,0.0017011756
/home/tianlong/Downloads//test/wrcelewmpa.mp4,0,0.006185536
/home/tianlong/Downloads//test/bxqgvzamnx.mp4,0,0.33295608
/home/tianlong/Downloads//test/nliofvksed.mp4,0,0.035172485
/home/tianlong/Downloads//test/mwjnvghsbe.mp4,0,0.09328745
/home/tianlong/Downloads//test/ygiscbckjl.mp4,0,0.28970733
/home/tianlong/Downloads//test/wscclwhfsr.mp4,0,0.004375736
/home/tianlong/Downloads//test/hddminxrhw.mp4,0,0.057368487
/home/tianlong/Downloads//test/ncrkggcdqp.mp4,0,0.33812138
/home/tianlong/Downloads//test/xjinzawywt.mp4,0,0.24027304
/home/tianlong/Downloads//test/korrsqtkke.mp4,0,0.7004861
/home/tianlong/Downloads//test/tskjnnvjsa.mp4,0,0.09220068
/home/tianlong/Downloads//test/tyjxmknivy.mp4,0,0.35684368
/home/tianlong/Downloads//test/qyvqrtscbk.mp4,0,1.3689508e-10
/home/tianlong/Downloads//test/kxnybtbpkl.mp4,0,8.135879e-07
/home/tianlong/Downloads//test/wiqtkqwfsw.mp4,0,0.3725109
/home/tianlong/Downloads//test/bevjclbhuo.mp4,0,1.3580454e-11
/home/tianlong/Downloads//test/shwulrbsfx.mp4,0,0.49145165
/home/tianlong/Downloads//test/mohtuktaaq.mp4,0,0.002610445
/home/tianlong/Downloads//test/fwsypadiom.mp4,0,0.05413481
/home/tianlong/Downloads//test/buywrbgfqy.mp4,0,1.99145e-11
/home/tianlong/Downloads//test/bljpdykszf.mp4,0,0.33462423
/home/tianlong/Downloads//test/ztxdkcoxvx.mp4,0,0.43157855
/home/tianlong/Downloads//test/oqeoibjbim.mp4,0,6.0026714e-06
/home/tianlong/Downloads//test/szwhgmrrhm.mp4,0,0.28351775
/home/tianlong/Downloads//test/xnydmgdhum.mp4,0,0.1674602
/home/tianlong/Downloads//test/fltaysfwct.mp4,0,6.343364e-08
/home/tianlong/Downloads//test/akdvkdoyoh.mp4,0,0.263928
/home/tianlong/Downloads//test/ftfemkjnot.mp4,0,0.04365909
/home/tianlong/Downloads//test/gmbckelbzp.mp4,0,0.080604084
/home/tianlong/Downloads//test/jjzveabagf.mp4,0,0.0009662577
/home/tianlong/Downloads//test/dfqwasrdvq.mp4,0,0.37898698
/home/tianlong/Downloads//test/diskzkrrph.mp4,0,0.0034536787
/home/tianlong/Downloads//test/jtwpwdqmxz.mp4,0,0.034508567
/home/tianlong/Downloads//test/qivnumuetu.mp4,0,0.00027105724
/home/tianlong/Downloads//test/blmuzhjygg.mp4,0,1.4991328e-17
/home/tianlong/Downloads//test/sbxlfehzjc.mp4,0,0.463008
/home/tianlong/Downloads//test/tcwhwssdnv.mp4,0,0.40571946
/home/tianlong/Downloads//test/bkbokyebco.mp4,0,0.28392008
/home/tianlong/Downloads//test/vojsghpebv.mp4,0,0.37003013
/home/tianlong/Downloads//test/opuhoerhxb.mp4,0,0.06169697
/home/tianlong/Downloads//test/mmhdcoqsve.mp4,0,0.13941064
/home/tianlong/Downloads//test/ewxddjqzml.mp4,0,0.0019992664
/home/tianlong/Downloads//test/dznchaiaqh.mp4,0,0.18142617
/home/tianlong/Downloads//test/mloeefokyq.mp4,0,2.0688521e-08
/home/tianlong/Downloads//test/fgkpembbpv.mp4,0,1.5070724e-05
/home/tianlong/Downloads//test/orqafstesq.mp4,0,0.24185295
/home/tianlong/Downloads//test/ckgabgjnca.mp4,0,0.26810846
/home/tianlong/Downloads//test/iuvhrgckrt.mp4,0,0.052642643
/home/tianlong/Downloads//test/vlzwcejywm.mp4,0,0.033651613
/home/tianlong/Downloads//test/cpucjmfawf.mp4,0,0.39138085
/home/tianlong/Downloads//test/ekvhyeycpr.mp4,0,0.009115725
/home/tianlong/Downloads//test/tazlckybzu.mp4,0,0.124934435
/home/tianlong/Downloads//test/clxgzkdgta.mp4,0,0.47383946
/home/tianlong/Downloads//test/zlfbumxcxs.mp4,0,0.005945967
/home/tianlong/Downloads//test/plhcceboag.mp4,0,5.174929e-08
/home/tianlong/Downloads//test/extihvlsxg.mp4,0,1.0429854e-06
/home/tianlong/Downloads//test/olebnvxoyl.mp4,0,0.0045130625
/home/tianlong/Downloads//test/opdqcwqxzy.mp4,0,2.7152343e-08
/home/tianlong/Downloads//test/stwaypekwh.mp4,0,0.14026967
/home/tianlong/Downloads//test/xogwctpikv.mp4,0,0.03659837
/home/tianlong/Downloads//test/cjiwxfwcit.mp4,0,0.7280183
/home/tianlong/Downloads//test/txshgvrava.mp4,0,1.5996821e-07
/home/tianlong/Downloads//test/ggpuxwhpri.mp4,0,0.30952582
/home/tianlong/Downloads//test/jlxnzxtopm.mp4,0,1.0300244e-05
/home/tianlong/Downloads//test/thjugpbwcv.mp4,0,0.2863242
/home/tianlong/Downloads//test/pkititkein.mp4,0,0.019348148
/home/tianlong/Downloads//test/hjiwmybauf.mp4,0,0.120059595
/home/tianlong/Downloads//test/efazuieysm.mp4,0,0.49731812
/home/tianlong/Downloads//test/tdzsgrdneg.mp4,0,0.1809765
/home/tianlong/Downloads//test/mkxmvreoth.mp4,0,1.6884215e-08
/home/tianlong/Downloads//test/ofbjiuemkr.mp4,0,0.32989508
/home/tianlong/Downloads//test/dogotzkdiw.mp4,0,0.1396676
/home/tianlong/Downloads//test/qdmvzknbua.mp4,0,0.0028071145
/home/tianlong/Downloads//test/pnauelqbxq.mp4,0,5.4859203e-08
/home/tianlong/Downloads//test/sytddqezij.mp4,0,0.30336198
/home/tianlong/Downloads//test/bhpddnqauc.mp4,0,0.028732702
/home/tianlong/Downloads//test/imtkdzkypf.mp4,0,0.22598083
/home/tianlong/Downloads//test/kbodjivgqu.mp4,0,0.00037538048
/home/tianlong/Downloads//test/qtxraeaxeh.mp4,0,0.12857404
/home/tianlong/Downloads//test/uaxmqpmswz.mp4,0,2.2070208e-06
/home/tianlong/Downloads//test/qlbapiibba.mp4,0,0.19701494
/home/tianlong/Downloads//test/mzurunkulx.mp4,0,0.00048486126
/home/tianlong/Downloads//test/aujoxrpddn.mp4,0,0.30673522
/home/tianlong/Downloads//test/ebenvuuxld.mp4,0,0.027195374
/home/tianlong/Downloads//test/fsfjlwwsen.mp4,0,0.4361032
/home/tianlong/Downloads//test/zwgaptzuqt.mp4,0,0.18497185
/home/tianlong/Downloads//test/gldpafckwo.mp4,0,0.0012387397
/home/tianlong/Downloads//test/nvkzpexyzg.mp4,0,5.882285e-05
/home/tianlong/Downloads//test/vnrmxwtsmf.mp4,0,0.0006590654
/home/tianlong/Downloads//test/hmofiqjzxe.mp4,0,0.47311798
/home/tianlong/Downloads//test/ucryyubbqk.mp4,0,0.32302886
/home/tianlong/Downloads//test/gwqdrapybq.mp4,0,0.08451457
/home/tianlong/Downloads//test/avttogwbyz.mp4,0,0.0023536503
/home/tianlong/Downloads//test/hbmvxgonmq.mp4,0,0.06062237
/home/tianlong/Downloads//test/gxxlbjuyza.mp4,0,0.06221477
/home/tianlong/Downloads//test/jhzozsurac.mp4,0,0.1964484
/home/tianlong/Downloads//test/opyqudaics.mp4,0,1.7358678e-05
/home/tianlong/Downloads//test/vigbdgmudk.mp4,0,1.6003427e-06
/home/tianlong/Downloads//test/viidhkoxyv.mp4,0,3.834943e-07
/home/tianlong/Downloads//test/dmpvbeyuqb.mp4,0,2.9326515e-08
/home/tianlong/Downloads//test/wgycqahjww.mp4,0,0.3349554
/home/tianlong/Downloads//test/wwgmzeavbd.mp4,0,0.2831449
/home/tianlong/Downloads//test/qtqyglbdem.mp4,0,0.37148172
/home/tianlong/Downloads//test/nqynuhnklk.mp4,0,0.0029514707
/home/tianlong/Downloads//test/jygbqsigcr.mp4,0,0.0007921223
/home/tianlong/Downloads//test/nsozqvhalr.mp4,0,0.089241415
/home/tianlong/Downloads//test/yvmrwdyxby.mp4,0,0.0076898285
/home/tianlong/Downloads//test/kvhbyuklfv.mp4,0,0.23301244
/home/tianlong/Downloads//test/iwnfvkmktq.mp4,0,0.24839368
/home/tianlong/Downloads//test/qzfmctgxcs.mp4,0,4.9943856e-06
/home/tianlong/Downloads//test/vhipamioud.mp4,0,0.010003792
/home/tianlong/Downloads//test/lmbvoxhowe.mp4,0,0.0006611768
/home/tianlong/Downloads//test/ziqjamfzlv.mp4,0,0.1491159
/home/tianlong/Downloads//test/kqnwutdvpd.mp4,0,0.00089800433
/home/tianlong/Downloads//test/lucpbeexdk.mp4,0,0.07462007
/home/tianlong/Downloads//test/pnotaniiuh.mp4,0,0.13757554
/home/tianlong/Downloads//test/qohtjkzity.mp4,0,0.32364154
/home/tianlong/Downloads//test/bkjhfcvsig.mp4,0,1.1897138e-14
/home/tianlong/Downloads//test/kpcrdurodw.mp4,0,0.14417803
/home/tianlong/Downloads//test/nmphdbflzj.mp4,0,0.32576895
/home/tianlong/Downloads//test/fmsxomanga.mp4,0,3.6755532e-07
/home/tianlong/Downloads//test/tgwpcoljin.mp4,0,0.33916122
/home/tianlong/Downloads//test/foynwjsqeh.mp4,0,0.35090715
/home/tianlong/Downloads//test/vdqritvjfl.mp4,0,0.11224036
/home/tianlong/Downloads//test/egyemqrvna.mp4,0,0.41648245
/home/tianlong/Downloads//test/xrtmepdfyh.mp4,0,0.21738
/home/tianlong/Downloads//test/zfgjechdto.mp4,0,2.4010471e-06
/home/tianlong/Downloads//test/jujpqsrgll.mp4,0,5.4518688e-11
/home/tianlong/Downloads//test/iakzgqqova.mp4,0,0.082147285
/home/tianlong/Downloads//test/fqdklzzkfj.mp4,0,0.09731555
/home/tianlong/Downloads//test/dnfnxwbsoi.mp4,0,0.050904155
/home/tianlong/Downloads//test/lynaeydofd.mp4,0,2.3376962e-12
/home/tianlong/Downloads//test/relrfifywa.mp4,0,1.6929075e-08
/home/tianlong/Downloads//test/imsacxixmv.mp4,0,0.00046815135
/home/tianlong/Downloads//test/rfbwukxpye.mp4,0,0.015800554
/home/tianlong/Downloads//test/atixaudngu.mp4,0,0.029387504
/home/tianlong/Downloads//test/tcychsyltm.mp4,0,6.7969745e-07
/home/tianlong/Downloads//test/kifyfzqzjj.mp4,0,0.36569008
/home/tianlong/Downloads//test/irjbukzjqt.mp4,0,0.47872058
/home/tianlong/Downloads//test/jmkkbkvbjo.mp4,0,0.5968751
/home/tianlong/Downloads//test/gflhlvhqyl.mp4,0,0.15489972
/home/tianlong/Downloads//test/myebjqbxsl.mp4,0,3.9030325e-05
/home/tianlong/Downloads//test/mqeqiytluf.mp4,0,2.3951623e-07
/home/tianlong/Downloads//test/zbsjlcsetv.mp4,0,0.00011540788
/home/tianlong/Downloads//test/lzmxqxrruv.mp4,0,0.50629264
/home/tianlong/Downloads//test/neotrnwthu.mp4,0,7.4480877e-10
/home/tianlong/Downloads//test/vwigtbeivy.mp4,0,0.0002872196
/home/tianlong/Downloads//test/ldtscpryms.mp4,0,0.15156075
/home/tianlong/Downloads//test/sjgmmecazy.mp4,0,0.22014347
/home/tianlong/Downloads//test/jkrbsekajk.mp4,0,0.015164581
/home/tianlong/Downloads//test/iahzcxmuck.mp4,0,0.018273601
/home/tianlong/Downloads//test/cteqlloxwu.mp4,0,0.3414347
/home/tianlong/Downloads//test/pgqxsteufx.mp4,0,0.28258246
/home/tianlong/Downloads//test/cmuzrrlaiy.mp4,1,0.47839046
/home/tianlong/Downloads//test/jxeqhujuvh.mp4,1,0.1978398
/home/tianlong/Downloads//test/ntaqujyzes.mp4,1,0.40202206
/home/tianlong/Downloads//test/ghxzsygiou.mp4,1,0.08511045
/home/tianlong/Downloads//test/lvxzjwiklq.mp4,1,0.0868244
/home/tianlong/Downloads//test/wlyvvvjgnv.mp4,1,0.28418607
/home/tianlong/Downloads//test/hexxuigzdl.mp4,1,0.50501204
/home/tianlong/Downloads//test/zynrdvlrwv.mp4,1,4.4421892e-08
/home/tianlong/Downloads//test/kbvqzihgan.mp4,1,0.62317866
/home/tianlong/Downloads//test/razacdewcv.mp4,1,0.6475717
/home/tianlong/Downloads//test/tjlrvidbxw.mp4,1,0.45850006
/home/tianlong/Downloads//test/gcbyurxhbz.mp4,1,4.683634e-08
/home/tianlong/Downloads//test/xticvyqqjn.mp4,1,0.29307896
/home/tianlong/Downloads//test/gqpayiddqv.mp4,1,0.21732566
/home/tianlong/Downloads//test/zmrnjhfxed.mp4,1,0.6019697
/home/tianlong/Downloads//test/slpxqmwuqm.mp4,1,0.37485576
/home/tianlong/Downloads//test/upwsvjdtgo.mp4,1,0.2731386
/home/tianlong/Downloads//test/zpnjiswgdt.mp4,1,0.37827045
/home/tianlong/Downloads//test/rayxtqfosv.mp4,1,0.00034433178
/home/tianlong/Downloads//test/cfhoqpdzqb.mp4,1,6.604532e-11
/home/tianlong/Downloads//test/okyufzgvay.mp4,1,5.067523e-05
/home/tianlong/Downloads//test/wgyxtquovo.mp4,1,0.28917363
/home/tianlong/Downloads//test/kicgvgukqs.mp4,1,0.0003653586
/home/tianlong/Downloads//test/aolhuwcdwv.mp4,1,0.30705646
/home/tianlong/Downloads//test/clzcvdsuyp.mp4,1,0.30489764
/home/tianlong/Downloads//test/jibhugdfbs.mp4,1,0.43415242
/home/tianlong/Downloads//test/kfiszsbzob.mp4,1,0.8188249
/home/tianlong/Downloads//test/mgwtoqonaf.mp4,1,0.44175234
/home/tianlong/Downloads//test/buzqmuifod.mp4,1,0.19254068
/home/tianlong/Downloads//test/bofmetrgfm.mp4,1,0.1539327
/home/tianlong/Downloads//test/chlshvbday.mp4,1,0.35469776
/home/tianlong/Downloads//test/vxcjkgerao.mp4,1,0.40409118
/home/tianlong/Downloads//test/qxwqqhruvz.mp4,1,0.3968751
/home/tianlong/Downloads//test/hytdcdixlv.mp4,1,0.048423637
/home/tianlong/Downloads//test/buejhiahpy.mp4,1,0.09343551
/home/tianlong/Downloads//test/omotodymgb.mp4,1,0.3390569
/home/tianlong/Downloads//test/gmcvyrferj.mp4,1,2.2499482e-06
/home/tianlong/Downloads//test/ycoaclsdov.mp4,1,4.161086e-05
/home/tianlong/Downloads//test/scaljzcpcf.mp4,1,0.437584
/home/tianlong/Downloads//test/uhbxhharht.mp4,1,0.22592422
/home/tianlong/Downloads//test/tmmakbzbqw.mp4,1,0.45158377
/home/tianlong/Downloads//test/mvfvefsgik.mp4,1,0.56021535
/home/tianlong/Downloads//test/inesnaprwm.mp4,1,0.50419265
/home/tianlong/Downloads//test/qqxelyjmmw.mp4,1,0.22270003
/home/tianlong/Downloads//test/dllkubdbbd.mp4,1,0.03141524
/home/tianlong/Downloads//test/ttnajmkchw.mp4,1,0.21236293
/home/tianlong/Downloads//test/kaffwaiexj.mp4,1,0.0026639104
/home/tianlong/Downloads//test/dpfuqzdtrs.mp4,1,0.60727435
/home/tianlong/Downloads//test/hfvexodpht.mp4,1,0.16977933
/home/tianlong/Downloads//test/vmxjsdkuju.mp4,1,0.69397587
/home/tianlong/Downloads//test/afaxsgqksm.mp4,1,0.1648263
/home/tianlong/Downloads//test/pgkipgmpgm.mp4,1,0.00012278967
/home/tianlong/Downloads//test/ltkesswcyn.mp4,1,0.00059287745
/home/tianlong/Downloads//test/dffkcrccsj.mp4,1,0.3182431
/home/tianlong/Downloads//test/svtnilogao.mp4,1,0.61140925
/home/tianlong/Downloads//test/bzobkqewtt.mp4,1,0.0040242802
/home/tianlong/Downloads//test/vemnbnqoqk.mp4,1,0.3051249
/home/tianlong/Downloads//test/nobrvdftmd.mp4,1,0.10435915
/home/tianlong/Downloads//test/qepgiaxgpc.mp4,1,0.096724465
/home/tianlong/Downloads//test/bogjubshbr.mp4,1,0.0017271901
/home/tianlong/Downloads//test/uyoqozgdcy.mp4,1,0.0076593063
/home/tianlong/Downloads//test/cvmmtklgst.mp4,1,0.39821514
/home/tianlong/Downloads//test/qharxzhzpl.mp4,1,0.43406263
/home/tianlong/Downloads//test/sprejlmapw.mp4,1,0.02614249
/home/tianlong/Downloads//test/crzrsezocr.mp4,1,1.2324863e-05
/home/tianlong/Downloads//test/wyqhadmmcy.mp4,1,0.0002815945
/home/tianlong/Downloads//test/jrjxehotww.mp4,1,0.18557394
/home/tianlong/Downloads//test/xctpdujlok.mp4,1,2.841097e-08
/home/tianlong/Downloads//test/hfspenqmpw.mp4,1,0.1632076
/home/tianlong/Downloads//test/jkfukzcjxd.mp4,1,0.9873549
/home/tianlong/Downloads//test/knafngkgen.mp4,1,0.012055164
/home/tianlong/Downloads//test/tswmtnhfmn.mp4,1,0.003049946
/home/tianlong/Downloads//test/qoasfzksgo.mp4,1,0.0449845
/home/tianlong/Downloads//test/hnrzuoqnkz.mp4,1,0.09200035
/home/tianlong/Downloads//test/nussrkyuzy.mp4,1,4.283211e-10
/home/tianlong/Downloads//test/ciwzwmlyxz.mp4,1,0.0002817997
/home/tianlong/Downloads//test/dbauiiupef.mp4,1,0.00011131315
/home/tianlong/Downloads//test/ywxfnlxtjg.mp4,1,9.333853e-06
/home/tianlong/Downloads//test/pryqgrbtnu.mp4,1,0.5705142
/home/tianlong/Downloads//test/mbjpaydogy.mp4,1,0.39885455
/home/tianlong/Downloads//test/ihdopxhysr.mp4,1,0.036544017
/home/tianlong/Downloads//test/rgasvymjrj.mp4,1,0.12026875
/home/tianlong/Downloads//test/eclpgjjies.mp4,1,0.0659316
/home/tianlong/Downloads//test/kxptuwngop.mp4,1,0.0030960334
/home/tianlong/Downloads//test/uaqvffouxp.mp4,1,0.43046474
/home/tianlong/Downloads//test/xvqzzgoabm.mp4,1,4.39448e-09
/home/tianlong/Downloads//test/tkgbjtcxyl.mp4,1,0.45404625
/home/tianlong/Downloads//test/xlnaxrwvcx.mp4,1,0.23833063
/home/tianlong/Downloads//test/kphfzaullq.mp4,1,0.36288968
/home/tianlong/Downloads//test/rkezgzxnoo.mp4,1,0.020358982
/home/tianlong/Downloads//test/fromclsodq.mp4,1,0.12504211
/home/tianlong/Downloads//test/nrscfrjxpb.mp4,1,1.0415355e-05
/home/tianlong/Downloads//test/ygobagrhmg.mp4,1,0.1931647
/home/tianlong/Downloads//test/hisfrixnbu.mp4,1,0.07872181
/home/tianlong/Downloads//test/duzueyonao.mp4,1,0.20107989
/home/tianlong/Downloads//test/gkknsyqbnz.mp4,1,0.46068296
/home/tianlong/Downloads//test/tmgdrjjalz.mp4,1,0.4667104
/home/tianlong/Downloads//test/iajblozgtx.mp4,1,4.906028e-06
/home/tianlong/Downloads//test/ahkcchuwqq.mp4,1,0.0558633
/home/tianlong/Downloads//test/zmfiveruie.mp4,1,0.053096883
/home/tianlong/Downloads//test/xptgnpgfkn.mp4,1,0.0007354559
/home/tianlong/Downloads//test/aebhowazav.mp4,1,0.37221307
/home/tianlong/Downloads//test/geulcwvfuy.mp4,1,0.60533583
/home/tianlong/Downloads//test/glzyifzrql.mp4,1,0.557029
/home/tianlong/Downloads//test/wvmrsucbsq.mp4,1,0.6756837
/home/tianlong/Downloads//test/moetggyxsc.mp4,1,3.6113397e-07
/home/tianlong/Downloads//test/jfvnwpcjrm.mp4,1,0.09976154
/home/tianlong/Downloads//test/kaggpclkjm.mp4,1,0.3830916
/home/tianlong/Downloads//test/nacldwtuwp.mp4,1,0.5625566
/home/tianlong/Downloads//test/upwyvqbjlq.mp4,1,0.9791859
/home/tianlong/Downloads//test/tdmyjvptzv.mp4,1,0.39659527
/home/tianlong/Downloads//test/fzurflflwv.mp4,1,0.24615857
/home/tianlong/Downloads//test/aakjukgjme.mp4,1,3.5581643e-10
/home/tianlong/Downloads//test/ypepsyuwmo.mp4,1,0.17285278
/home/tianlong/Downloads//test/qxhyhhkywc.mp4,1,0.009610998
/home/tianlong/Downloads//test/iqvfopywpa.mp4,1,0.01991616
/home/tianlong/Downloads//test/xfncslssic.mp4,1,0.00014010587
/home/tianlong/Downloads//test/jesstfspwv.mp4,1,0.00014479496
/home/tianlong/Downloads//test/xiraodtgnt.mp4,1,0.08410843
/home/tianlong/Downloads//test/xeuzubpylq.mp4,1,0.2384297
/home/tianlong/Downloads//test/xszpbtciwo.mp4,1,0.0012521038
/home/tianlong/Downloads//test/fkksbgaibl.mp4,1,0.7935991
/home/tianlong/Downloads//test/ntqzfgmhnj.mp4,1,0.5743219
/home/tianlong/Downloads//test/bizbjxafzr.mp4,1,0.020174842
/home/tianlong/Downloads//test/bxfwiuvafo.mp4,1,0.64593315
/home/tianlong/Downloads//test/jfcglbovmo.mp4,1,0.45761734
/home/tianlong/Downloads//test/odidbykbar.mp4,1,0.59831095
/home/tianlong/Downloads//test/qarbtmjwhm.mp4,1,0.123000525
/home/tianlong/Downloads//test/jeierullea.mp4,1,0.26100183
/home/tianlong/Downloads//test/lrckqkzekj.mp4,1,0.10459231
/home/tianlong/Downloads//test/riizlqngim.mp4,1,0.15709507
/home/tianlong/Downloads//test/lmcnonfhgz.mp4,1,0.055062793
/home/tianlong/Downloads//test/lkhszpabzv.mp4,1,0.40029827
/home/tianlong/Downloads//test/njqbwiajss.mp4,1,2.851217e-08
/home/tianlong/Downloads//test/ksqybmrwyg.mp4,1,0.7366196
/home/tianlong/Downloads//test/dxphlwcvan.mp4,1,0.3497147
/home/tianlong/Downloads//test/dgjssccxhx.mp4,1,0.072896555
/home/tianlong/Downloads//test/sbfxzmhzyv.mp4,1,0.66187227
/home/tianlong/Downloads//test/rlvgpdrgvi.mp4,1,0.14933677
/home/tianlong/Downloads//test/uzdmxmfcqe.mp4,1,0.23145434
/home/tianlong/Downloads//test/afixxjdxef.mp4,1,0.47154492
/home/tianlong/Downloads//test/fwvxtssltw.mp4,1,7.699221e-06
/home/tianlong/Downloads//test/jyzlvivrmr.mp4,1,0.20534602
/home/tianlong/Downloads//test/byavookkdu.mp4,1,1.694112e-05
/home/tianlong/Downloads//test/agyawnxlmv.mp4,1,0.15411788
/home/tianlong/Downloads//test/zjoonppreb.mp4,1,5.688874e-05
/home/tianlong/Downloads//test/sjzwpqupnm.mp4,1,0.009184727
/home/tianlong/Downloads//test/pobrnbspcf.mp4,1,0.114939734
/home/tianlong/Downloads//test/qdkpphviay.mp4,1,0.21059331
/home/tianlong/Downloads//test/nbyaxzmueg.mp4,1,0.48747104
/home/tianlong/Downloads//test/vfszaqentw.mp4,1,0.38693702
/home/tianlong/Downloads//test/fosovipqkg.mp4,1,0.03342916
/home/tianlong/Downloads//test/grwcxofqrx.mp4,1,0.43341002
/home/tianlong/Downloads//test/koqxhnmkjl.mp4,1,0.063673794
/home/tianlong/Downloads//test/xkukyjokbg.mp4,1,0.41748038
/home/tianlong/Downloads//test/fmnzbwtjep.mp4,1,7.601066e-05
/home/tianlong/Downloads//test/aruyyclubn.mp4,1,0.057154797
/home/tianlong/Downloads//test/eluhuvocwr.mp4,1,0.58113176
/home/tianlong/Downloads//test/iiwffwiyrg.mp4,1,7.5620665e-09
/home/tianlong/Downloads//test/fsbabrxhqy.mp4,1,0.6939107
/home/tianlong/Downloads//test/ymqadbkafj.mp4,1,0.012863701
/home/tianlong/Downloads//test/nptmqvfuhz.mp4,1,0.51262444
/home/tianlong/Downloads//test/usjnlahlcj.mp4,1,0.44484115
/home/tianlong/Downloads//test/hbozjjcafn.mp4,1,3.191713e-05
/home/tianlong/Downloads//test/cizxmeztny.mp4,1,0.40900764
/home/tianlong/Downloads//test/syxlmynhsi.mp4,1,0.46374878
/home/tianlong/Downloads//test/ezadehoecy.mp4,1,3.2949345e-08
/home/tianlong/Downloads//test/fpliemtlco.mp4,1,0.045145486
/home/tianlong/Downloads//test/arflgfcnkg.mp4,1,0.51487803
/home/tianlong/Downloads//test/occelhylxf.mp4,1,4.871616e-10
/home/tianlong/Downloads//test/uqntkvpntd.mp4,1,0.00038690772
/home/tianlong/Downloads//test/iatevqworc.mp4,1,0.107201256
/home/tianlong/Downloads//test/xzsmgydcub.mp4,1,0.0075820787
/home/tianlong/Downloads//test/qbffpkpmkf.mp4,1,0.17604318
/home/tianlong/Downloads//test/pzbpgfmroj.mp4,1,0.16123864
/home/tianlong/Downloads//test/oundixpyst.mp4,1,0.013629394
/home/tianlong/Downloads//test/hnxhwfttpy.mp4,1,0.22427113
/home/tianlong/Downloads//test/rdjwlvvwtv.mp4,1,0.002289192
/home/tianlong/Downloads//test/tcmstiljkk.mp4,1,0.34486103
/home/tianlong/Downloads//test/qbfdtumuct.mp4,1,0.04769718
/home/tianlong/Downloads//test/mxnquwuszt.mp4,1,0.062065024
/home/tianlong/Downloads//test/sjooumwlzb.mp4,1,0.25639838
/home/tianlong/Downloads//test/twhwouycfg.mp4,1,0.018417997
/home/tianlong/Downloads//test/wytpaehszj.mp4,1,0.14912406
/home/tianlong/Downloads//test/srtwhbzzlr.mp4,1,0.26293117
/home/tianlong/Downloads//test/jqjfpkuckf.mp4,1,0.095497765
/home/tianlong/Downloads//test/yxjjfaekev.mp4,1,0.11392118
/home/tianlong/Downloads//test/cyokqrzbol.mp4,1,0.011527322
/home/tianlong/Downloads//test/mtilpvablx.mp4,1,0.21533021
/home/tianlong/Downloads//test/njwsmltmvb.mp4,1,0.044222925
/home/tianlong/Downloads//test/xkksfulade.mp4,1,0.4627571
/home/tianlong/Downloads//test/dtfgsvfmjq.mp4,1,0.30939764
/home/tianlong/Downloads//test/onaewxqqkd.mp4,1,0.34696084
/home/tianlong/Downloads//test/pazpnfrbbc.mp4,1,0.03054133
/home/tianlong/Downloads//test/kgowzoxjfq.mp4,1,0.28717747
/home/tianlong/Downloads//test/ltdwtgrads.mp4,1,0.0046961433
/home/tianlong/Downloads//test/znistrajpw.mp4,1,0.05152607
/home/tianlong/Downloads//test/yfhzmfhojv.mp4,1,0.69105935
/home/tianlong/Downloads//test/spkorcenyh.mp4,1,0.12748507
/home/tianlong/Downloads//test/axopbbxwzr.mp4,1,1.6794759e-06
/home/tianlong/Downloads//test/hxrruqinnh.mp4,1,0.61672294
/home/tianlong/Downloads//test/tkaybnjwhg.mp4,1,0.872146
/home/tianlong/Downloads//test/lhwwhjhyqx.mp4,1,1.7468068e-07
/home/tianlong/Downloads//test/btxjufhiaz.mp4,1,0.24589725
/home/tianlong/Downloads//test/dnhaskulaj.mp4,1,0.48011094
/home/tianlong/Downloads//test/vxqofldgze.mp4,1,3.9122864e-05
/home/tianlong/Downloads//test/ddjzmyabyu.mp4,1,0.013022791
/home/tianlong/Downloads//test/mgahaaogif.mp4,1,1.7549842e-08
/home/tianlong/Downloads//test/ktmdpragph.mp4,1,2.4791839e-11
/home/tianlong/Downloads//test/xazdhdnwhh.mp4,1,0.28273883
/home/tianlong/Downloads//test/qnslgeajnt.mp4,1,0.070055515
/home/tianlong/Downloads//test/sivrgbsaog.mp4,1,0.46246853
/home/tianlong/Downloads//test/uzmuovkewv.mp4,1,0.051066585
/home/tianlong/Downloads//test/tvazrcdkpq.mp4,1,0.03660292
/home/tianlong/Downloads//test/jbatiwjmzh.mp4,1,0.3222997
/home/tianlong/Downloads//test/hmiylncrva.mp4,1,0.08712129
/home/tianlong/Downloads//test/uxkojffbsr.mp4,1,0.2885405
/home/tianlong/Downloads//test/crbcrxqftw.mp4,1,0.049263883
/home/tianlong/Downloads//test/yermnsnlgf.mp4,1,0.28771982
/home/tianlong/Downloads//test/gipcvghjiy.mp4,1,0.2611772
/home/tianlong/Downloads//test/iwcfxyoimw.mp4,1,0.31205073
/home/tianlong/Downloads//test/kozaofkgvk.mp4,1,0.24854656
/home/tianlong/Downloads//test/xlgevjtsog.mp4,1,7.106491e-06
/home/tianlong/Downloads//test/bpjkimtqtz.mp4,1,9.845445e-05
/home/tianlong/Downloads//test/pdnwaekrtn.mp4,1,0.41845784
/home/tianlong/Downloads//test/toxsrzsksc.mp4,1,0.17578462
/home/tianlong/Downloads//test/oejfypsbfh.mp4,1,0.42337745
/home/tianlong/Downloads//test/hwyuwbnszo.mp4,1,2.6683335e-07
/home/tianlong/Downloads//test/acgyspwyqr.mp4,1,1.1238522e-05
/home/tianlong/Downloads//test/oitcqmvnsa.mp4,1,0.057553787
/home/tianlong/Downloads//test/pdqqkuclvd.mp4,1,0.45437747
/home/tianlong/Downloads//test/slsyjvgfpu.mp4,1,0.16364121
/home/tianlong/Downloads//test/xmdfnldfyc.mp4,1,0.00040992367
/home/tianlong/Downloads//test/ynkzlkahux.mp4,1,0.053964436
/home/tianlong/Downloads//test/szjbkskyph.mp4,1,0.06310009
/home/tianlong/Downloads//test/yyiiywtiry.mp4,1,0.07592958
/home/tianlong/Downloads//test/crvotfojeq.mp4,1,0.13170812
/home/tianlong/Downloads//test/rsqblsfgli.mp4,1,8.840515e-18
/home/tianlong/Downloads//test/becqadbtkb.mp4,1,0.04741909
/home/tianlong/Downloads//test/afqaubpglg.mp4,1,0.15575895
/home/tianlong/Downloads//test/pwplooonzr.mp4,1,0.017989835
/home/tianlong/Downloads//test/vjegxiyvla.mp4,1,0.009889787
/home/tianlong/Downloads//test/jbwtbfbdko.mp4,1,0.52873784
/home/tianlong/Downloads//test/toggbitvfd.mp4,1,0.44930643
/home/tianlong/Downloads//test/xpfhawmzbe.mp4,1,0.12011983
/home/tianlong/Downloads//test/kjwdinzplo.mp4,1,2.13979e-06
/home/tianlong/Downloads//test/jrkdzpijpb.mp4,1,0.34304002
/home/tianlong/Downloads//test/lbnuxynggy.mp4,1,3.8785952e-08
/home/tianlong/Downloads//test/iorrylopzn.mp4,1,0.43682256
/home/tianlong/Downloads//test/yasxapunrf.mp4,1,0.32649794
/home/tianlong/Downloads//test/suohrphvbe.mp4,1,0.18131056
/home/tianlong/Downloads//test/salsuwvckq.mp4,1,0.30646196
/home/tianlong/Downloads//test/eclnowceyi.mp4,1,0.03979827
/home/tianlong/Downloads//test/wvtymfvbwq.mp4,1,1.786448e-05
/home/tianlong/Downloads//test/rsjhmrvdwg.mp4,1,0.5163277
/home/tianlong/Downloads//test/qtvhpmoukj.mp4,1,0.19042806
/home/tianlong/Downloads//test/svqkfjfucw.mp4,1,0.005798968
/home/tianlong/Downloads//test/jdlqmnhuix.mp4,1,0.22778091
/home/tianlong/Downloads//test/ltmkgkppwx.mp4,1,0.005859192
/home/tianlong/Downloads//test/zaoyocjkgw.mp4,1,0.00039017724
/home/tianlong/Downloads//test/vgrhobnbfo.mp4,1,0.09675435
/home/tianlong/Downloads//test/eeeuzozcdc.mp4,1,0.06660403
/home/tianlong/Downloads//test/ikgxqbhmlv.mp4,1,0.04743776
/home/tianlong/Downloads//test/zyeakowujw.mp4,1,0.43108645
/home/tianlong/Downloads//test/uerapqglmr.mp4,1,0.4746657
/home/tianlong/Downloads//test/fmuncwjpej.mp4,1,0.538309
/home/tianlong/Downloads//test/xllzvdxwiv.mp4,1,0.6631485
/home/tianlong/Downloads//test/giuymhlbyo.mp4,1,0.21673656
/home/tianlong/Downloads//test/bubbmjnmge.mp4,1,0.5351461
/home/tianlong/Downloads//test/qwqefbalkv.mp4,1,1.6804597e-05
/home/tianlong/Downloads//test/aupsxowdcp.mp4,1,0.025631541
/home/tianlong/Downloads//test/apjovfzzft.mp4,1,0.3673653
/home/tianlong/Downloads//test/yjbnaqwxyf.mp4,1,0.510144
/home/tianlong/Downloads//test/dajlkmlvch.mp4,1,1.0890118e-06
/home/tianlong/Downloads//test/egwzzhemvk.mp4,1,0.02141967
/home/tianlong/Downloads//test/vlhrgeyvqy.mp4,1,0.00016526475
/home/tianlong/Downloads//test/vpolvvzwsw.mp4,1,2.8081892e-10
/home/tianlong/Downloads//test/ddkcxrncmq.mp4,1,0.45057702
/home/tianlong/Downloads//test/fncnobpzzx.mp4,1,0.30351916
/home/tianlong/Downloads//test/lhayhvqjmg.mp4,1,0.5227556
/home/tianlong/Downloads//test/yboofyemks.mp4,1,2.114991e-05
/home/tianlong/Downloads//test/wzkovvmdkq.mp4,1,0.5571863
/home/tianlong/Downloads//test/axxldpmbat.mp4,1,0.27560395
/home/tianlong/Downloads//test/piovymzozl.mp4,1,0.29864684
/home/tianlong/Downloads//test/ymjrnwsjxt.mp4,1,0.07938463
/home/tianlong/Downloads//test/jfxroglrst.mp4,1,0.07067183
/home/tianlong/Downloads//test/qzyaijdbfe.mp4,1,0.4345971
/home/tianlong/Downloads//test/gzwzxbtkpd.mp4,1,0.34151644
/home/tianlong/Downloads//test/bgssriyozb.mp4,1,0.33228725
/home/tianlong/Downloads//test/wqtraebanl.mp4,1,0.5519017
/home/tianlong/Downloads//test/lovkthgavz.mp4,1,0.00033495593
/home/tianlong/Downloads//test/vpgjaoyvir.mp4,1,0.00024011375
/home/tianlong/Downloads//test/btlqqvfuck.mp4,1,0.5995955
/home/tianlong/Downloads//test/zzxidpsxmv.mp4,1,0.30965295
/home/tianlong/Downloads//test/qzuhjrhozy.mp4,1,2.5071012e-07
/home/tianlong/Downloads//test/rtuaxyuvqs.mp4,1,0.06632776
/home/tianlong/Downloads//test/vybbullejj.mp4,1,0.38775024
/home/tianlong/Downloads//test/lblweiecpx.mp4,1,0.45724383
/home/tianlong/Downloads//test/qkchcuiljp.mp4,1,0.4696887
/home/tianlong/Downloads//test/roivdutkrz.mp4,1,0.48053685
/home/tianlong/Downloads//test/rziziscker.mp4,1,0.10088949
/home/tianlong/Downloads//test/zsdmgllhck.mp4,1,1.4078904e-06
/home/tianlong/Downloads//test/kpkzqbpivj.mp4,1,0.43154708
/home/tianlong/Downloads//test/tgkjhdyxww.mp4,1,0.2922346
/home/tianlong/Downloads//test/zubaiztkag.mp4,1,0.0028079704
/home/tianlong/Downloads//test/figxvsdmsb.mp4,1,0.1072891
/home/tianlong/Downloads//test/enzlliylet.mp4,1,0.31487173
/home/tianlong/Downloads//test/acekgkqgdg.mp4,1,0.1303497
/home/tianlong/Downloads//test/ljrikjsgis.mp4,1,0.3211822
/home/tianlong/Downloads//test/vawotznxqn.mp4,1,0.28432333
/home/tianlong/Downloads//test/jsqtbnxnpb.mp4,1,0.027338535
/home/tianlong/Downloads//test/yibeqxcadd.mp4,1,0.48623744
/home/tianlong/Downloads//test/zvgekhyszq.mp4,1,0.31225017
/home/tianlong/Downloads//test/luisdnrumh.mp4,1,0.45934838
/home/tianlong/Downloads//test/xffjesgeey.mp4,1,0.005837832
/home/tianlong/Downloads//test/haesrhzukc.mp4,1,0.3064577
/home/tianlong/Downloads//test/uwccodyhgh.mp4,1,0.26988825
/home/tianlong/Downloads//test/msdtzpmmae.mp4,1,2.0727042e-10
/home/tianlong/Downloads//test/zgiypcmpic.mp4,1,0.0061314767
/home/tianlong/Downloads//test/olkcmrmvbh.mp4,1,0.43529534
/home/tianlong/Downloads//test/kiffbbtjfe.mp4,1,0.3667453
/home/tianlong/Downloads//test/junzzlnlfw.mp4,1,0.44284114
/home/tianlong/Downloads//test/qkgicklwyn.mp4,1,0.0017706512
/home/tianlong/Downloads//test/wluigkzjdl.mp4,1,0.027527105
/home/tianlong/Downloads//test/rsnrcisldc.mp4,1,0.40265656
/home/tianlong/Downloads//test/asiuftijhs.mp4,1,0.13759382
/home/tianlong/Downloads//test/yjloopcthi.mp4,1,0.3541585
/home/tianlong/Downloads//test/tzzwqaxtrk.mp4,1,0.6894552
/home/tianlong/Downloads//test/tmfvsxrxnk.mp4,1,0.8207531
/home/tianlong/Downloads//test/dlsdmdraln.mp4,1,3.3526016e-05
/home/tianlong/Downloads//test/rkygzeyegz.mp4,1,0.4297813
/home/tianlong/Downloads//test/truremwrti.mp4,1,0.0032524397
/home/tianlong/Downloads//test/depcrcqwai.mp4,1,0.5092061
/home/tianlong/Downloads//test/jovohczybs.mp4,1,0.4850734
/home/tianlong/Downloads//test/udcpjfvqro.mp4,1,0.3358546
/home/tianlong/Downloads//test/yxlkovjssa.mp4,1,0.090071216
/home/tianlong/Downloads//test/trltdpitif.mp4,1,0.7600924
/home/tianlong/Downloads//test/hwufwjdaai.mp4,1,0.12510166
/home/tianlong/Downloads//test/vgfxjwupga.mp4,1,0.0040373877
/home/tianlong/Downloads//test/jejjcsijvc.mp4,1,0.1842767
/home/tianlong/Downloads//test/yjpfhrfyfn.mp4,1,0.017854294
/home/tianlong/Downloads//test/izyqqybmcq.mp4,1,6.034028e-11
/home/tianlong/Downloads//test/xjnflcfxhn.mp4,1,0.06116878
/home/tianlong/Downloads//test/zidsbdilrm.mp4,1,0.35229674
/home/tianlong/Downloads//test/lepqvhstws.mp4,1,0.6966512
/home/tianlong/Downloads//test/eabghyltka.mp4,1,0.18425593
/home/tianlong/Downloads//test/qxgwcsugvd.mp4,1,0.5637988
/home/tianlong/Downloads//test/oitqddnspw.mp4,1,4.212075e-05
/home/tianlong/Downloads//test/jiddesrgoi.mp4,1,0.22928719
/home/tianlong/Downloads//test/whsqzlklam.mp4,1,0.00037906534
/home/tianlong/Downloads//test/hwspklkjol.mp4,1,0.14225748
/home/tianlong/Downloads//test/mgxdtegobh.mp4,1,0.25249845
/home/tianlong/Downloads//test/dkvxzocpnx.mp4,1,0.5219175
/home/tianlong/Downloads//test/zxjiwvyzbs.mp4,1,0.35416594
/home/tianlong/Downloads//test/qysxqoredd.mp4,1,0.048213765
/home/tianlong/Downloads//test/angqjpzdts.mp4,1,0.22249527
/home/tianlong/Downloads//test/slbhiftdwk.mp4,1,1.0086056e-05
/home/tianlong/Downloads//test/ctsjalmkpx.mp4,1,0.018376295
/home/tianlong/Downloads//test/jrwqouwlzc.mp4,1,0.29271552
/home/tianlong/Downloads//test/vcqcervdzi.mp4,1,0.00403361
/home/tianlong/Downloads//test/mxczokbutl.mp4,1,0.487991
/home/tianlong/Downloads//test/qawqquinvi.mp4,1,7.951223e-05
/home/tianlong/Downloads//test/cqiyijvrcj.mp4,1,0.18176767
/home/tianlong/Downloads//test/wypdykzzma.mp4,1,0.17183626
/home/tianlong/Downloads//test/zdurkznxhi.mp4,1,0.00021912604
/home/tianlong/Downloads//test/llwjpzzrur.mp4,1,0.32374254
/home/tianlong/Downloads//test/stmqpsakem.mp4,1,0.20087448
/home/tianlong/Downloads//test/hqfxruqynj.mp4,1,0.023352897
/home/tianlong/Downloads//test/cotxffvovx.mp4,1,9.050366e-09
/home/tianlong/Downloads//test/yiwyejujhz.mp4,1,0.16803388
/home/tianlong/Downloads//test/azkhkminwu.mp4,1,0.049452133
/home/tianlong/Downloads//test/yoicqcpxgm.mp4,1,0.39175987
/home/tianlong/Downloads//test/kcpamicxjs.mp4,1,0.09269685
/home/tianlong/Downloads//test/mbnvlpwewk.mp4,1,0.6093155
/home/tianlong/Downloads//test/wjqdwzowcg.mp4,1,0.020101368
/home/tianlong/Downloads//test/vqtspwkgwe.mp4,1,0.34082717
/home/tianlong/Downloads//test/rurhyzsnyi.mp4,1,0.6324938
/home/tianlong/Downloads//test/sipuxpudya.mp4,1,0.009118169
/home/tianlong/Downloads//test/scchmtbzar.mp4,1,0.7765336
/home/tianlong/Downloads//test/qyhlzalxzm.mp4,1,0.054027162
/home/tianlong/Downloads//test/ektrtuwidv.mp4,1,0.06955071
/home/tianlong/Downloads//test/scbfkrlytb.mp4,1,0.34839794
/home/tianlong/Downloads//test/kxnsmwhqtl.mp4,1,0.24850507
/home/tianlong/Downloads//test/fiayeurvwb.mp4,1,0.23053117
/home/tianlong/Downloads//test/xpuntxtdbs.mp4,1,0.31504267
/home/tianlong/Downloads//test/edvyxmzpoy.mp4,1,0.43781644
/home/tianlong/Downloads//test/thnywrwayf.mp4,1,0.03664338
/home/tianlong/Downloads//test/xojauzdavy.mp4,1,0.41740623
/home/tianlong/Downloads//test/kaajaxzivt.mp4,1,0.17267898
/home/tianlong/Downloads//test/fmvdkhucsz.mp4,1,0.26102614
/home/tianlong/Downloads//test/mdkqmouddq.mp4,1,0.32232717
/home/tianlong/Downloads//test/ehtvcnlsfl.mp4,1,0.0061695706
/home/tianlong/Downloads//test/iizsrcugyd.mp4,1,0.21392588
/home/tianlong/Downloads//test/hurlxdpsxl.mp4,1,0.025531799
/home/tianlong/Downloads//test/rvfhfbutlx.mp4,1,0.59619474
/home/tianlong/Downloads//test/ycxkcnwrbw.mp4,1,0.3605698
/home/tianlong/Downloads//test/jrmgqzgcmj.mp4,1,0.07356831
/home/tianlong/Downloads//test/cinrseylyp.mp4,1,0.25254172
/home/tianlong/Downloads//test/uhvmrfksax.mp4,1,0.2953422
/home/tianlong/Downloads//test/djjdzsivvi.mp4,1,0.19910508
/home/tianlong/Downloads//test/pmulgdcejl.mp4,1,0.41194576
/home/tianlong/Downloads//test/ngvbaolyub.mp4,1,0.271332
/home/tianlong/Downloads//test/kpyyjmxmoj.mp4,1,0.10344274
/home/tianlong/Downloads//test/xhizcimlzp.mp4,1,0.0040975856
/home/tianlong/Downloads//test/ulygywporv.mp4,1,0.15861632
/home/tianlong/Downloads//test/psunkvudmg.mp4,1,0.1459955
/home/tianlong/Downloads//test/ctarrlrgdy.mp4,1,0.13876647
/home/tianlong/Downloads//test/hdzygqltzu.mp4,1,0.62442464
/home/tianlong/Downloads//test/rvtfddfweu.mp4,1,0.07730386
/home/tianlong/Downloads//test/kaeouvuasm.mp4,1,0.06192111
/home/tianlong/Downloads//test/rzivzpozjr.mp4,1,0.0002606237
/home/tianlong/Downloads//test/stfqbsbvfy.mp4,1,9.121799e-05
/home/tianlong/Downloads//test/qbhoufagsa.mp4,1,0.00036925537
/home/tianlong/Downloads//test/xycfzkbnhy.mp4,1,0.31156546
/home/tianlong/Downloads//test/zudnvkagjk.mp4,1,0.47667727
/home/tianlong/Downloads//test/feaqnlczwc.mp4,1,7.430851e-08
/home/tianlong/Downloads//test/rqviqcsbzw.mp4,1,0.5406377
/home/tianlong/Downloads//test/dhfcwchsir.mp4,1,0.05467114
/home/tianlong/Downloads//test/cglpyitrzw.mp4,1,0.13246636
/home/tianlong/Downloads//test/yjypqyrhyi.mp4,1,0.50836325
/home/tianlong/Downloads//test/fokuimoqkh.mp4,1,0.36855796
/home/tianlong/Downloads//test/xzouvgiqha.mp4,1,0.012165903
/home/tianlong/Downloads//test/qyjbhkeqes.mp4,1,0.049498703
/home/tianlong/Downloads//test/phngwcpbqw.mp4,1,0.32515925
/home/tianlong/Downloads//test/rjcjcdkzkw.mp4,1,0.188556
/home/tianlong/Downloads//test/legilvljip.mp4,1,0.8137684
/home/tianlong/Downloads//test/bukegrztbb.mp4,1,0.16489166
/home/tianlong/Downloads//test/yvaxmtbtgx.mp4,1,0.292303
/home/tianlong/Downloads//test/saljlsmnet.mp4,1,0.8325359
/home/tianlong/Downloads//test/ezupajzwdl.mp4,1,0.49352735
/home/tianlong/Downloads//test/xeszevnech.mp4,1,1.4862249e-07
/home/tianlong/Downloads//test/fbqwomdehr.mp4,1,1.0840978e-07
/home/tianlong/Downloads//test/itdywxjknn.mp4,1,0.41733846
/home/tianlong/Downloads//test/zwupuzlefv.mp4,1,0.020168895
/home/tianlong/Downloads//test/qcrofjquht.mp4,1,0.23865882
/home/tianlong/Downloads//test/jblkcfejih.mp4,1,3.9834554e-06
/home/tianlong/Downloads//test/howruupkxw.mp4,1,0.20437348
/home/tianlong/Downloads//test/xslxboadvn.mp4,1,0.28562388
/home/tianlong/Downloads//test/rzykslnkdi.mp4,1,0.22342555
/home/tianlong/Downloads//test/govjvzfbcj.mp4,1,1.0600625e-05
/home/tianlong/Downloads//test/fwbvksfidm.mp4,1,0.28044432
/home/tianlong/Downloads//test/khokwspqph.mp4,1,0.5516936
/home/tianlong/Downloads//test/sslrtrxyaj.mp4,1,0.00011570137
/home/tianlong/Downloads//test/zdmknyhzoo.mp4,1,6.005253e-08
/home/tianlong/Downloads//test/rzjpckpslj.mp4,1,3.3825447e-12
/home/tianlong/Downloads//test/pscilvlcfe.mp4,1,0.124243304
/home/tianlong/Downloads//test/rlwkdhgoqw.mp4,1,0.6034824
/home/tianlong/Downloads//test/cmpkopoabr.mp4,1,0.5032408
/home/tianlong/Downloads//test/dbljnexmlf.mp4,1,0.4164942
/home/tianlong/Downloads//test/atfuphvjft.mp4,1,0.3743252
/home/tianlong/Downloads//test/zdldobedod.mp4,1,0.04095922
/home/tianlong/Downloads//test/iknfqmugud.mp4,1,0.11588216
/home/tianlong/Downloads//test/whusuiiqmt.mp4,1,0.36785227
/home/tianlong/Downloads//test/ksrnzzbcsz.mp4,1,0.013980935
/home/tianlong/Downloads//test/xxhuecshhw.mp4,1,0.034207813
/home/tianlong/Downloads//test/okmlcbefeu.mp4,1,0.1901615
/home/tianlong/Downloads//test/xryrhuskyd.mp4,1,0.29623857
/home/tianlong/Downloads//test/wevygelkrl.mp4,1,0.36135426
/home/tianlong/Downloads//test/rdpausigpg.mp4,1,3.3970675e-05
/home/tianlong/Downloads//test/fdziwiuoer.mp4,1,0.33571085
/home/tianlong/Downloads//test/kykmrtoitd.mp4,1,0.5805758
/home/tianlong/Downloads//test/eacsjvcmlp.mp4,1,0.32463494
/home/tianlong/Downloads//test/asvuutypvz.mp4,1,0.03305679
/home/tianlong/Downloads//test/nucqorkejg.mp4,1,0.3979718
/home/tianlong/Downloads//test/ctpexqamtx.mp4,1,0.46504515
/home/tianlong/Downloads//test/vnsxdkjjtk.mp4,1,0.3390324
/home/tianlong/Downloads//test/cktsyobheu.mp4,1,0.29398474
/home/tianlong/Downloads//test/kccicuhxgk.mp4,1,0.58806276
/home/tianlong/Downloads//test/qckjihxoze.mp4,1,0.19971743
/home/tianlong/Downloads//test/gvqtnedfso.mp4,1,0.34590644
/home/tianlong/Downloads//test/ajxkvlpgov.mp4,1,0.20163162
/home/tianlong/Downloads//test/srlilcjhaf.mp4,1,0.29096898
/home/tianlong/Downloads//test/qfjxksudna.mp4,1,0.3632133
/home/tianlong/Downloads//test/hstvglyexy.mp4,1,0.013782528
/home/tianlong/Downloads//test/jyyvhnsyys.mp4,1,0.3888046
/home/tianlong/Downloads//test/whxqigkgyk.mp4,1,0.5256502
/home/tianlong/Downloads//test/mqzrlecakr.mp4,1,0.256131
/home/tianlong/Downloads//test/aeplbqxnge.mp4,1,2.072342e-06
/home/tianlong/Downloads//test/inwaznexiv.mp4,1,0.34814674
/home/tianlong/Downloads//test/anfupdhmyr.mp4,1,0.60730267
/home/tianlong/Downloads//test/wbvlgevkmb.mp4,1,0.08131456
/home/tianlong/Downloads//test/uiykwgaarz.mp4,1,0.5687562
/home/tianlong/Downloads//test/nvarnevska.mp4,1,0.24617925
/home/tianlong/Downloads//test/ooczenomzk.mp4,1,0.29581222
/home/tianlong/Downloads//test/qtjuhlppot.mp4,1,0.17012587
/home/tianlong/Downloads//test/drqtyzvhdd.mp4,1,0.0056436323
/home/tianlong/Downloads//test/ytljvippwv.mp4,1,0.25794646
/home/tianlong/Downloads//test/skrqoagxle.mp4,1,0.47269702
/home/tianlong/Downloads//test/shwkznunyp.mp4,1,0.024780873
/home/tianlong/Downloads//test/tlsoagxovk.mp4,1,0.29806694
/home/tianlong/Downloads//test/enpshnkugu.mp4,1,0.18704797
/home/tianlong/Downloads//test/vitjdpnfpi.mp4,1,0.29741102
/home/tianlong/Downloads//test/jovrnujurf.mp4,1,0.2664265
/home/tianlong/Downloads//test/sbwemwjlsl.mp4,1,0.22713938
/home/tianlong/Downloads//test/uclzxnftij.mp4,1,0.09662079
/home/tianlong/Downloads//test/sdqjjttckw.mp4,1,0.40252414
/home/tianlong/Downloads//test/wtmggpeiom.mp4,1,0.89362526
