Video,Label,Prediction
/home/tianlong/Downloads//test/myvwyfdnxu.mp4,0,0.9959941
/home/tianlong/Downloads//test/uxgkqpiykp.mp4,0,0.9963354
/home/tianlong/Downloads//test/qyscponfaf.mp4,0,0.99978226
/home/tianlong/Downloads//test/tmgmbnzrrz.mp4,0,0.9976119
/home/tianlong/Downloads//test/wfmeffvvce.mp4,0,0.9973105
/home/tianlong/Downloads//test/fwrcfaglhz.mp4,0,0.99503857
/home/tianlong/Downloads//test/itfzfpuilx.mp4,0,0.99120986
/home/tianlong/Downloads//test/wupoiiknff.mp4,0,0.9798401
/home/tianlong/Downloads//test/dscprfjses.mp4,0,0.9053824
/home/tianlong/Downloads//test/ofntcunuqn.mp4,0,0.9917351
/home/tianlong/Downloads//test/imnzannmcr.mp4,0,0.98995334
/home/tianlong/Downloads//test/jidkzoagws.mp4,0,0.6245879
/home/tianlong/Downloads//test/nkpqkddsgt.mp4,0,0.5187248
/home/tianlong/Downloads//test/xqmrrciral.mp4,0,0.7171632
/home/tianlong/Downloads//test/ykfllpyawg.mp4,0,0.9990638
/home/tianlong/Downloads//test/bpieoyctzo.mp4,0,0.9936638
/home/tianlong/Downloads//test/wjrepvzlsv.mp4,0,0.99870217
/home/tianlong/Downloads//test/voucpidonq.mp4,0,0.99531096
/home/tianlong/Downloads//test/fxfxtrrkeq.mp4,0,0.9999218
/home/tianlong/Downloads//test/qggfpdkyzi.mp4,0,0.999121
/home/tianlong/Downloads//test/xyucutnxhz.mp4,0,0.3234095
/home/tianlong/Downloads//test/rkxepdkger.mp4,0,0.8168128
/home/tianlong/Downloads//test/fxxpxoqoxp.mp4,0,0.3117336
/home/tianlong/Downloads//test/jkxxwfycsj.mp4,0,0.99728584
/home/tianlong/Downloads//test/qbearsyziz.mp4,0,0.82388616
/home/tianlong/Downloads//test/kyrbveruev.mp4,0,0.90823597
/home/tianlong/Downloads//test/pdyrvsvwyi.mp4,0,0.7273112
/home/tianlong/Downloads//test/bpxxmxuvuy.mp4,0,0.99684155
/home/tianlong/Downloads//test/ekxsduhvwh.mp4,0,0.9969881
/home/tianlong/Downloads//test/ocsqqqduxx.mp4,0,0.9986343
/home/tianlong/Downloads//test/qufzdwetss.mp4,0,0.30992535
/home/tianlong/Downloads//test/vwqrtxbwye.mp4,0,0.99905485
/home/tianlong/Downloads//test/zuduvanawx.mp4,0,0.9987576
/home/tianlong/Downloads//test/rkjhxvdnsv.mp4,0,0.5384211
/home/tianlong/Downloads//test/hpcivouyku.mp4,0,0.8772693
/home/tianlong/Downloads//test/vgndywbmgf.mp4,0,0.97426105
/home/tianlong/Downloads//test/hfgczdzbix.mp4,0,0.9993104
/home/tianlong/Downloads//test/rwehwmmutn.mp4,0,0.98476404
/home/tianlong/Downloads//test/jyfnzyvznx.mp4,0,0.7998555
/home/tianlong/Downloads//test/jxpodcendq.mp4,0,0.8242486
/home/tianlong/Downloads//test/kgynainlug.mp4,0,0.5509599
/home/tianlong/Downloads//test/hqgervpkkf.mp4,0,0.75547206
/home/tianlong/Downloads//test/defeqlyysh.mp4,0,0.99741435
/home/tianlong/Downloads//test/xzkwbswkao.mp4,0,0.9888488
/home/tianlong/Downloads//test/hhdblnxhtj.mp4,0,0.98922336
/home/tianlong/Downloads//test/oaptmwroki.mp4,0,0.7870092
/home/tianlong/Downloads//test/djlkkqmjkk.mp4,0,0.5195509
/home/tianlong/Downloads//test/motfposykz.mp4,0,0.61274755
/home/tianlong/Downloads//test/shvfupmrho.mp4,0,0.53798336
/home/tianlong/Downloads//test/escwmsthiz.mp4,0,0.99979573
/home/tianlong/Downloads//test/ctpypmzfnl.mp4,0,0.55526567
/home/tianlong/Downloads//test/sjqrdyzkgl.mp4,0,0.75734025
/home/tianlong/Downloads//test/ddrjnwlugg.mp4,0,0.98782164
/home/tianlong/Downloads//test/hxfqltenqh.mp4,0,0.998089
/home/tianlong/Downloads//test/umerhoubxw.mp4,0,0.95756996
/home/tianlong/Downloads//test/jxrpqynwlt.mp4,0,0.9961278
/home/tianlong/Downloads//test/hprzotbjtj.mp4,0,0.99639064
/home/tianlong/Downloads//test/cqewayywpg.mp4,0,0.97097677
/home/tianlong/Downloads//test/nvptcoxzah.mp4,0,0.9988524
/home/tianlong/Downloads//test/uvzlfuxalu.mp4,0,0.5313416
/home/tianlong/Downloads//test/mfcbgbcuvb.mp4,0,0.96372473
/home/tianlong/Downloads//test/tmtoypmqwt.mp4,0,0.9530861
/home/tianlong/Downloads//test/bsjucwhlrj.mp4,0,0.9998908
/home/tianlong/Downloads//test/hlsubhyoea.mp4,0,0.9901832
/home/tianlong/Downloads//test/deslnszgpy.mp4,0,0.9904744
/home/tianlong/Downloads//test/tfwdbkwvgz.mp4,0,0.95808256
/home/tianlong/Downloads//test/ufxafdxpat.mp4,0,0.94886416
/home/tianlong/Downloads//test/lmacrzidyh.mp4,0,0.9690318
/home/tianlong/Downloads//test/wyiajvmitt.mp4,0,0.6381502
/home/tianlong/Downloads//test/xbdnqfbxcv.mp4,0,0.9977106
/home/tianlong/Downloads//test/mhfnldxixw.mp4,0,0.96517545
/home/tianlong/Downloads//test/pfiigjlcct.mp4,0,0.9898489
/home/tianlong/Downloads//test/ldtibsniik.mp4,0,0.99984884
/home/tianlong/Downloads//test/gwzttezkpv.mp4,0,0.5202646
/home/tianlong/Downloads//test/pevmkpamhv.mp4,0,0.9994178
/home/tianlong/Downloads//test/zcfpsnaujx.mp4,0,0.70480543
/home/tianlong/Downloads//test/slvcfpalev.mp4,0,0.99900705
/home/tianlong/Downloads//test/ctdwtfcjei.mp4,0,0.99951196
/home/tianlong/Downloads//test/vxwsisekmb.mp4,0,0.9747276
/home/tianlong/Downloads//test/pkoadvlpga.mp4,0,0.5416353
/home/tianlong/Downloads//test/ofapaanpkl.mp4,0,0.9985934
/home/tianlong/Downloads//test/huzryvwrfa.mp4,0,0.9976037
/home/tianlong/Downloads//test/knjoasqzvt.mp4,0,0.99933594
/home/tianlong/Downloads//test/cedpyannqf.mp4,0,0.9364505
/home/tianlong/Downloads//test/mdwtpvlbrz.mp4,0,0.28496355
/home/tianlong/Downloads//test/hfcxlucrbj.mp4,0,0.9596434
/home/tianlong/Downloads//test/wbsajsyaej.mp4,0,0.99989665
/home/tianlong/Downloads//test/tbqrwehekx.mp4,0,0.56130534
/home/tianlong/Downloads//test/shslgpeisw.mp4,0,0.52322966
/home/tianlong/Downloads//test/epgfqrvwlr.mp4,0,0.6619856
/home/tianlong/Downloads//test/fduhwlydlg.mp4,0,0.9997148
/home/tianlong/Downloads//test/cpmridjxbc.mp4,0,0.98965144
/home/tianlong/Downloads//test/kphflojove.mp4,0,0.518692
/home/tianlong/Downloads//test/hlcpwfwcyw.mp4,0,0.88626677
/home/tianlong/Downloads//test/bpeemkcxad.mp4,0,0.69814384
/home/tianlong/Downloads//test/jkadnvoqhk.mp4,0,0.9878996
/home/tianlong/Downloads//test/lzzpsosige.mp4,0,0.6165023
/home/tianlong/Downloads//test/pxtwhbaxjq.mp4,0,0.9689324
/home/tianlong/Downloads//test/pxgcsltbuo.mp4,0,0.952448
/home/tianlong/Downloads//test/gmepmwcgwg.mp4,0,0.99456894
/home/tianlong/Downloads//test/tnetytnegv.mp4,0,0.7135296
/home/tianlong/Downloads//test/sxmqvznwwq.mp4,0,0.8500646
/home/tianlong/Downloads//test/partcfzlbj.mp4,0,0.92558116
/home/tianlong/Downloads//test/tnkmovifrb.mp4,0,0.9961306
/home/tianlong/Downloads//test/dpgznlwvpx.mp4,0,0.7343408
/home/tianlong/Downloads//test/mbpbbekqks.mp4,0,0.5186456
/home/tianlong/Downloads//test/hdbejalgtx.mp4,0,0.99816954
/home/tianlong/Downloads//test/bmdiaytrcm.mp4,0,0.6767959
/home/tianlong/Downloads//test/yghxoihrle.mp4,0,0.9308168
/home/tianlong/Downloads//test/vcgelshrli.mp4,0,0.9864231
/home/tianlong/Downloads//test/yvdnbmbwyh.mp4,0,0.5203556
/home/tianlong/Downloads//test/kmakhupeac.mp4,0,0.5188869
/home/tianlong/Downloads//test/ccevbixrwu.mp4,0,0.71976125
/home/tianlong/Downloads//test/edavfjsjzw.mp4,0,0.9976077
/home/tianlong/Downloads//test/znmzmierff.mp4,0,0.9960704
/home/tianlong/Downloads//test/kiotoqmmfj.mp4,0,0.99940205
/home/tianlong/Downloads//test/nqctdktbtb.mp4,0,0.99836224
/home/tianlong/Downloads//test/inneixkosf.mp4,0,0.61734533
/home/tianlong/Downloads//test/occrrsyizc.mp4,0,0.9993875
/home/tianlong/Downloads//test/zfecmsiodq.mp4,0,0.741984
/home/tianlong/Downloads//test/haknpmhigp.mp4,0,0.9942345
/home/tianlong/Downloads//test/zjbwxmmrgk.mp4,0,0.99583215
/home/tianlong/Downloads//test/qgpabkriss.mp4,0,0.9711297
/home/tianlong/Downloads//test/liureznisp.mp4,0,0.99691087
/home/tianlong/Downloads//test/bzdywpajvr.mp4,0,0.9106765
/home/tianlong/Downloads//test/jniytngcmy.mp4,0,0.71342146
/home/tianlong/Downloads//test/idklchvhxp.mp4,0,0.67163086
/home/tianlong/Downloads//test/pijzjjchqn.mp4,0,0.9992625
/home/tianlong/Downloads//test/pjnsejazpl.mp4,0,0.9403447
/home/tianlong/Downloads//test/gpaqoqegbn.mp4,0,0.9858395
/home/tianlong/Downloads//test/xsxwrwvfkg.mp4,0,0.99930763
/home/tianlong/Downloads//test/arwefyghir.mp4,0,0.7062001
/home/tianlong/Downloads//test/ptgvxdueef.mp4,0,0.5979979
/home/tianlong/Downloads//test/plljpjscih.mp4,0,0.9910663
/home/tianlong/Downloads//test/jozfaxodnx.mp4,0,0.9639706
/home/tianlong/Downloads//test/girdwtjwsr.mp4,0,0.9836556
/home/tianlong/Downloads//test/jbaahohsns.mp4,0,0.97917217
/home/tianlong/Downloads//test/uetfcmaryk.mp4,0,0.625209
/home/tianlong/Downloads//test/oqbltrmhvt.mp4,0,0.51850206
/home/tianlong/Downloads//test/dvtzvkcrku.mp4,0,0.75275874
/home/tianlong/Downloads//test/qjilklnynm.mp4,0,0.80362767
/home/tianlong/Downloads//test/tcsdjwbihw.mp4,0,0.99596196
/home/tianlong/Downloads//test/zhftwvtutp.mp4,0,0.99636155
/home/tianlong/Downloads//test/xgktqwvknw.mp4,0,0.94881445
/home/tianlong/Downloads//test/cdeesuuuqz.mp4,0,0.98847324
/home/tianlong/Downloads//test/ymngcysczs.mp4,0,0.9295183
/home/tianlong/Downloads//test/gctyynjruz.mp4,0,0.99890244
/home/tianlong/Downloads//test/vkirqaiuoc.mp4,0,0.94666576
/home/tianlong/Downloads//test/ykywskdwlc.mp4,0,0.45880184
/home/tianlong/Downloads//test/verpxkucoi.mp4,0,0.99988616
/home/tianlong/Downloads//test/gpsqelalbp.mp4,0,0.9998591
/home/tianlong/Downloads//test/paorozwtbf.mp4,0,0.86315864
/home/tianlong/Downloads//test/iaaecuquha.mp4,0,0.332683
/home/tianlong/Downloads//test/lmgdjtzwau.mp4,0,0.7621856
/home/tianlong/Downloads//test/tayykmblhg.mp4,0,0.97388524
/home/tianlong/Downloads//test/hpurahupjh.mp4,0,0.97417307
/home/tianlong/Downloads//test/uutxmgqajd.mp4,0,0.897613
/home/tianlong/Downloads//test/rbkcpkwhjn.mp4,0,0.4092733
/home/tianlong/Downloads//test/wtnloygygs.mp4,0,0.9393845
/home/tianlong/Downloads//test/biborxaekt.mp4,0,0.9576547
/home/tianlong/Downloads//test/drlnvwvvuw.mp4,0,0.45331085
/home/tianlong/Downloads//test/axutpjywuu.mp4,0,0.41856873
/home/tianlong/Downloads//test/jbcnsmlysc.mp4,0,0.9983646
/home/tianlong/Downloads//test/ilzhgraxpl.mp4,0,0.9577075
/home/tianlong/Downloads//test/cwqhzuhjol.mp4,0,0.2600027
/home/tianlong/Downloads//test/tlzordotqw.mp4,0,0.51876134
/home/tianlong/Downloads//test/hdauuytvhx.mp4,0,0.99983704
/home/tianlong/Downloads//test/rtiyduycrn.mp4,0,0.9960879
/home/tianlong/Downloads//test/mdsmgzaltc.mp4,0,0.74836236
/home/tianlong/Downloads//test/mnlxxoicoo.mp4,0,0.9486675
/home/tianlong/Downloads//test/ksfuiztwuc.mp4,0,0.52012014
/home/tianlong/Downloads//test/tpjydgkvdt.mp4,0,0.714986
/home/tianlong/Downloads//test/nmjesbwiux.mp4,0,0.8598883
/home/tianlong/Downloads//test/egzfaoiuwo.mp4,0,0.9549983
/home/tianlong/Downloads//test/ucmfbukrkj.mp4,0,0.9909897
/home/tianlong/Downloads//test/aoqzxlwvmi.mp4,0,0.9959461
/home/tianlong/Downloads//test/zzjfzeuizr.mp4,0,0.52968925
/home/tianlong/Downloads//test/aunokqsmrt.mp4,0,0.99972063
/home/tianlong/Downloads//test/kudvvlgiff.mp4,0,0.81034756
/home/tianlong/Downloads//test/qqwsabrgxh.mp4,0,0.99924266
/home/tianlong/Downloads//test/pvsslamopo.mp4,0,0.9171242
/home/tianlong/Downloads//test/kawxnfacqs.mp4,0,0.99765694
/home/tianlong/Downloads//test/lxeqbyddvt.mp4,0,0.99614245
/home/tianlong/Downloads//test/zylribcaeu.mp4,0,0.9866181
/home/tianlong/Downloads//test/sghdekqnnn.mp4,0,0.93128985
/home/tianlong/Downloads//test/msbqgoxxlh.mp4,0,0.53332436
/home/tianlong/Downloads//test/ubbzrfgzer.mp4,0,0.9997656
/home/tianlong/Downloads//test/vuofhivyfs.mp4,0,0.78808177
/home/tianlong/Downloads//test/xirrbpmlja.mp4,0,0.91077805
/home/tianlong/Downloads//test/appvffejyy.mp4,0,0.60024416
/home/tianlong/Downloads//test/nzepxsbotb.mp4,0,0.9439564
/home/tianlong/Downloads//test/nkqkvwpghi.mp4,0,0.9547009
/home/tianlong/Downloads//test/vdvffooule.mp4,0,0.52906495
/home/tianlong/Downloads//test/rayhrvqorn.mp4,0,0.96194094
/home/tianlong/Downloads//test/cslfapvyjv.mp4,0,0.6845148
/home/tianlong/Downloads//test/rmygsfjyvt.mp4,0,0.68562496
/home/tianlong/Downloads//test/yhbhhibwzo.mp4,0,0.9175846
/home/tianlong/Downloads//test/vlxfyuzygn.mp4,0,0.99653167
/home/tianlong/Downloads//test/zefqhoewww.mp4,0,0.78986305
/home/tianlong/Downloads//test/vptrrrmhyb.mp4,0,0.9299876
/home/tianlong/Downloads//test/cefolmrrlx.mp4,0,0.7669835
/home/tianlong/Downloads//test/xzmplldajk.mp4,0,0.92662364
/home/tianlong/Downloads//test/hrznynemfj.mp4,0,0.99875224
/home/tianlong/Downloads//test/tkxblcleyd.mp4,0,0.95665354
/home/tianlong/Downloads//test/tlxgwzheli.mp4,0,0.99978
/home/tianlong/Downloads//test/qvgutokvct.mp4,0,0.98569876
/home/tianlong/Downloads//test/tcwyxrvdpe.mp4,0,0.949071
/home/tianlong/Downloads//test/jwrypvpvpx.mp4,0,0.927137
/home/tianlong/Downloads//test/bpyjsrjcro.mp4,0,0.9998485
/home/tianlong/Downloads//test/avteqdmbob.mp4,0,0.9800812
/home/tianlong/Downloads//test/aaivbtdyjn.mp4,0,0.5192858
/home/tianlong/Downloads//test/pokctfragw.mp4,0,0.6631958
/home/tianlong/Downloads//test/vgdllmzjcw.mp4,0,0.6317474
/home/tianlong/Downloads//test/zdlhavfmit.mp4,0,0.9975988
/home/tianlong/Downloads//test/yupsrmckii.mp4,0,0.64754874
/home/tianlong/Downloads//test/pobpsxjbzg.mp4,0,0.7851715
/home/tianlong/Downloads//test/lkvouattut.mp4,0,0.5519799
/home/tianlong/Downloads//test/anjzzdyhno.mp4,0,0.9146237
/home/tianlong/Downloads//test/jvihmimqca.mp4,0,0.6262334
/home/tianlong/Downloads//test/wnoitecfmf.mp4,0,0.9758009
/home/tianlong/Downloads//test/gbvllwqbjl.mp4,0,0.9975654
/home/tianlong/Downloads//test/gzabjmglim.mp4,0,0.9845477
/home/tianlong/Downloads//test/paqcbtdulm.mp4,0,0.9938075
/home/tianlong/Downloads//test/jcbbrqaaaq.mp4,0,0.9960467
/home/tianlong/Downloads//test/nsavbywhlu.mp4,0,0.48497298
/home/tianlong/Downloads//test/zwfebeiqat.mp4,0,0.99693394
/home/tianlong/Downloads//test/pimrsfwcwm.mp4,0,0.9861826
/home/tianlong/Downloads//test/mrvdmwcblt.mp4,0,0.996521
/home/tianlong/Downloads//test/hedetzyqpu.mp4,0,0.96200734
/home/tianlong/Downloads//test/qytaiboeep.mp4,0,0.41136816
/home/tianlong/Downloads//test/famavifufv.mp4,0,0.5563999
/home/tianlong/Downloads//test/hnselekxwv.mp4,0,0.57007855
/home/tianlong/Downloads//test/emgciwmtuj.mp4,0,0.6475023
/home/tianlong/Downloads//test/wbmvbetcdm.mp4,0,0.99505335
/home/tianlong/Downloads//test/mpvnvvihzp.mp4,0,0.96215767
/home/tianlong/Downloads//test/zelgpxflfe.mp4,0,0.5284388
/home/tianlong/Downloads//test/lhjcdavmmg.mp4,0,0.74990207
/home/tianlong/Downloads//test/rxtqqoncwj.mp4,0,0.998596
/home/tianlong/Downloads//test/shrpamtirw.mp4,0,0.17828594
/home/tianlong/Downloads//test/qhzlgrtgto.mp4,0,0.969948
/home/tianlong/Downloads//test/uuzyzglejw.mp4,0,0.99912876
/home/tianlong/Downloads//test/bmnpqrwnex.mp4,0,0.9964701
/home/tianlong/Downloads//test/dtssdnhgiw.mp4,0,0.9844132
/home/tianlong/Downloads//test/rlhmppiklf.mp4,0,0.9893624
/home/tianlong/Downloads//test/sswhgeqjrt.mp4,0,0.99429166
/home/tianlong/Downloads//test/emxqsgqtdz.mp4,0,0.99361885
/home/tianlong/Downloads//test/bcwtjzsutw.mp4,0,0.99567586
/home/tianlong/Downloads//test/uomfimsutw.mp4,0,0.64258146
/home/tianlong/Downloads//test/mztlucosuc.mp4,0,0.8655156
/home/tianlong/Downloads//test/ntcfyojagi.mp4,0,0.47448573
/home/tianlong/Downloads//test/wrbuiboyat.mp4,0,0.9534185
/home/tianlong/Downloads//test/xiqecarvpb.mp4,0,0.5404727
/home/tianlong/Downloads//test/fcvzlzfufb.mp4,0,0.99966156
/home/tianlong/Downloads//test/savqrjnncg.mp4,0,0.94316274
/home/tianlong/Downloads//test/icqmqztbry.mp4,0,0.9997507
/home/tianlong/Downloads//test/zzrmokkxka.mp4,0,0.5239927
/home/tianlong/Downloads//test/btgxrrldio.mp4,0,0.6140318
/home/tianlong/Downloads//test/zdnepyqjiy.mp4,0,0.9975327
/home/tianlong/Downloads//test/fybiztpnrc.mp4,0,0.97551256
/home/tianlong/Downloads//test/parqhrknkf.mp4,0,0.5189357
/home/tianlong/Downloads//test/tvffpggbrc.mp4,0,0.8573597
/home/tianlong/Downloads//test/rtpuwtrxsr.mp4,0,0.9958988
/home/tianlong/Downloads//test/tgmqfzsznf.mp4,0,0.99866295
/home/tianlong/Downloads//test/eqabuehals.mp4,0,0.9647697
/home/tianlong/Downloads//test/ikebomnsiq.mp4,0,0.67892504
/home/tianlong/Downloads//test/wfzxrfxohw.mp4,0,0.9540763
/home/tianlong/Downloads//test/dqfgwejsvm.mp4,0,0.97833186
/home/tianlong/Downloads//test/lxadgjqzbf.mp4,0,0.70491695
/home/tianlong/Downloads//test/tdahgbtenl.mp4,0,0.5193668
/home/tianlong/Downloads//test/bivzhsmrqo.mp4,0,0.98946524
/home/tianlong/Downloads//test/vzxluflrhn.mp4,0,0.8529382
/home/tianlong/Downloads//test/ikmsdmynbf.mp4,0,0.9974655
/home/tianlong/Downloads//test/kuqbgbrypa.mp4,0,0.99835974
/home/tianlong/Downloads//test/nfstajzaot.mp4,0,0.99768806
/home/tianlong/Downloads//test/dultiznosk.mp4,0,0.9997917
/home/tianlong/Downloads//test/ckqfqernbf.mp4,0,0.9988072
/home/tianlong/Downloads//test/kbdwudhhwf.mp4,0,0.76106435
/home/tianlong/Downloads//test/hqpjmwyygq.mp4,0,0.9994399
/home/tianlong/Downloads//test/tjyuudtkme.mp4,0,0.99535936
/home/tianlong/Downloads//test/tihgxlmfcj.mp4,0,0.9998429
/home/tianlong/Downloads//test/sgdnbofecu.mp4,0,0.9034964
/home/tianlong/Downloads//test/pgamqeolau.mp4,0,0.99493766
/home/tianlong/Downloads//test/ijeqomctsa.mp4,0,0.7377273
/home/tianlong/Downloads//test/ppruxbqpmc.mp4,0,0.918656
/home/tianlong/Downloads//test/hkvfyeacje.mp4,0,0.9749811
/home/tianlong/Downloads//test/zqrzqekofe.mp4,0,0.23185386
/home/tianlong/Downloads//test/iwzbgmtsuh.mp4,0,0.63330954
/home/tianlong/Downloads//test/dbixwxtuxs.mp4,0,0.7494898
/home/tianlong/Downloads//test/cepqcoseaj.mp4,0,0.98392093
/home/tianlong/Downloads//test/gypapuqdrx.mp4,0,0.51943094
/home/tianlong/Downloads//test/djhhnixfyi.mp4,0,0.38145474
/home/tianlong/Downloads//test/fkarxowzuf.mp4,0,0.97078955
/home/tianlong/Downloads//test/gfxnuidfgl.mp4,0,0.9996532
/home/tianlong/Downloads//test/vsreebjsfs.mp4,0,0.5818548
/home/tianlong/Downloads//test/manqchicur.mp4,0,0.9765138
/home/tianlong/Downloads//test/gztffgsxpt.mp4,0,0.9979658
/home/tianlong/Downloads//test/jdzkykqgsx.mp4,0,0.9316922
/home/tianlong/Downloads//test/cvbubcwkkl.mp4,0,0.9805716
/home/tianlong/Downloads//test/bgqhldvsgc.mp4,0,0.99973756
/home/tianlong/Downloads//test/blqgpxokwq.mp4,0,0.9993094
/home/tianlong/Downloads//test/cxvayntesu.mp4,0,0.6873317
/home/tianlong/Downloads//test/dxepehnhgm.mp4,0,0.99860245
/home/tianlong/Downloads//test/bcgjlsupne.mp4,0,0.9270073
/home/tianlong/Downloads//test/uhynwthfhf.mp4,0,0.4719995
/home/tianlong/Downloads//test/gocrdvihos.mp4,0,0.7976344
/home/tianlong/Downloads//test/gtyvtbojpp.mp4,0,0.31327292
/home/tianlong/Downloads//test/eqtwkqxolz.mp4,0,0.9933494
/home/tianlong/Downloads//test/arwiyweadv.mp4,0,0.9711683
/home/tianlong/Downloads//test/mlizcisxro.mp4,0,0.9017754
/home/tianlong/Downloads//test/miiymgajty.mp4,0,0.99980885
/home/tianlong/Downloads//test/ragjclplkx.mp4,0,0.99972314
/home/tianlong/Downloads//test/wxrfuemtxj.mp4,0,0.9650105
/home/tianlong/Downloads//test/xxupwwukoh.mp4,0,0.9231634
/home/tianlong/Downloads//test/qdantvtdji.mp4,0,0.86906445
/home/tianlong/Downloads//test/oqehnuhbwa.mp4,0,0.52636373
/home/tianlong/Downloads//test/yzqbwkwxsn.mp4,0,0.50811565
/home/tianlong/Downloads//test/osjaqtkkdt.mp4,0,0.9997118
/home/tianlong/Downloads//test/nthlmvjxac.mp4,0,0.9942761
/home/tianlong/Downloads//test/dpegbdzijf.mp4,0,0.27802125
/home/tianlong/Downloads//test/ezgusylcyf.mp4,0,0.5389989
/home/tianlong/Downloads//test/isxxybhuls.mp4,0,0.61299455
/home/tianlong/Downloads//test/dbqbwrcvjk.mp4,0,0.99806505
/home/tianlong/Downloads//test/qqrvyhjznq.mp4,0,0.94815135
/home/tianlong/Downloads//test/ohdtmpzbtp.mp4,0,0.99370754
/home/tianlong/Downloads//test/oupztxzdln.mp4,0,0.96644115
/home/tianlong/Downloads//test/snidpujjti.mp4,0,0.9841611
/home/tianlong/Downloads//test/yoxdseoukl.mp4,0,0.9993536
/home/tianlong/Downloads//test/bxsdnqizii.mp4,0,0.98367774
/home/tianlong/Downloads//test/ihszkmcwvw.mp4,0,0.9274953
/home/tianlong/Downloads//test/rgrqhjtoby.mp4,0,0.9997284
/home/tianlong/Downloads//test/vqibhetnwa.mp4,0,0.5197626
/home/tianlong/Downloads//test/rkqqgwurqt.mp4,0,0.9995943
/home/tianlong/Downloads//test/axdepsfowg.mp4,0,0.18297075
/home/tianlong/Downloads//test/dcpmipuapc.mp4,0,0.59927773
/home/tianlong/Downloads//test/ncjqganhal.mp4,0,0.9717026
/home/tianlong/Downloads//test/qnbnlmpqpu.mp4,0,0.57970506
/home/tianlong/Downloads//test/ieoervpooz.mp4,0,0.27214268
/home/tianlong/Downloads//test/fscyfygpyk.mp4,0,0.9305375
/home/tianlong/Downloads//test/pitpjawwwp.mp4,0,0.94632274
/home/tianlong/Downloads//test/geturetbpy.mp4,0,0.638518
/home/tianlong/Downloads//test/kwsraaqime.mp4,0,0.9134851
/home/tianlong/Downloads//test/lhgoghqmub.mp4,0,0.42217258
/home/tianlong/Downloads//test/kdmonvkpqd.mp4,0,0.678165
/home/tianlong/Downloads//test/wrcelewmpa.mp4,0,0.9571076
/home/tianlong/Downloads//test/bxqgvzamnx.mp4,0,0.37181273
/home/tianlong/Downloads//test/nliofvksed.mp4,0,0.85686
/home/tianlong/Downloads//test/mwjnvghsbe.mp4,0,0.39194435
/home/tianlong/Downloads//test/ygiscbckjl.mp4,0,0.91079265
/home/tianlong/Downloads//test/wscclwhfsr.mp4,0,0.99216
/home/tianlong/Downloads//test/hddminxrhw.mp4,0,0.9734884
/home/tianlong/Downloads//test/ncrkggcdqp.mp4,0,0.5186532
/home/tianlong/Downloads//test/xjinzawywt.mp4,0,0.82634425
/home/tianlong/Downloads//test/korrsqtkke.mp4,0,0.99437124
/home/tianlong/Downloads//test/tskjnnvjsa.mp4,0,0.9390802
/home/tianlong/Downloads//test/tyjxmknivy.mp4,0,0.9656908
/home/tianlong/Downloads//test/qyvqrtscbk.mp4,0,0.74148244
/home/tianlong/Downloads//test/kxnybtbpkl.mp4,0,0.9996401
/home/tianlong/Downloads//test/wiqtkqwfsw.mp4,0,0.8863442
/home/tianlong/Downloads//test/bevjclbhuo.mp4,0,0.99928254
/home/tianlong/Downloads//test/shwulrbsfx.mp4,0,0.13257116
/home/tianlong/Downloads//test/mohtuktaaq.mp4,0,0.99983
/home/tianlong/Downloads//test/fwsypadiom.mp4,0,0.69546074
/home/tianlong/Downloads//test/buywrbgfqy.mp4,0,0.6980179
/home/tianlong/Downloads//test/bljpdykszf.mp4,0,0.5187952
/home/tianlong/Downloads//test/ztxdkcoxvx.mp4,0,0.9888075
/home/tianlong/Downloads//test/oqeoibjbim.mp4,0,0.9997062
/home/tianlong/Downloads//test/szwhgmrrhm.mp4,0,0.86912155
/home/tianlong/Downloads//test/xnydmgdhum.mp4,0,0.46523714
/home/tianlong/Downloads//test/fltaysfwct.mp4,0,0.97415066
/home/tianlong/Downloads//test/akdvkdoyoh.mp4,0,0.5206042
/home/tianlong/Downloads//test/ftfemkjnot.mp4,0,0.9960063
/home/tianlong/Downloads//test/gmbckelbzp.mp4,0,0.5350904
/home/tianlong/Downloads//test/jjzveabagf.mp4,0,0.49734244
/home/tianlong/Downloads//test/dfqwasrdvq.mp4,0,0.34682587
/home/tianlong/Downloads//test/diskzkrrph.mp4,0,0.38600546
/home/tianlong/Downloads//test/jtwpwdqmxz.mp4,0,0.995181
/home/tianlong/Downloads//test/qivnumuetu.mp4,0,0.9934861
/home/tianlong/Downloads//test/blmuzhjygg.mp4,0,0.9898303
/home/tianlong/Downloads//test/sbxlfehzjc.mp4,0,0.51897454
/home/tianlong/Downloads//test/tcwhwssdnv.mp4,0,0.6144923
/home/tianlong/Downloads//test/bkbokyebco.mp4,0,0.99968016
/home/tianlong/Downloads//test/vojsghpebv.mp4,0,0.6066148
/home/tianlong/Downloads//test/opuhoerhxb.mp4,0,0.99989283
/home/tianlong/Downloads//test/mmhdcoqsve.mp4,0,0.99843913
/home/tianlong/Downloads//test/ewxddjqzml.mp4,0,0.9887239
/home/tianlong/Downloads//test/dznchaiaqh.mp4,0,0.98504424
/home/tianlong/Downloads//test/mloeefokyq.mp4,0,0.9984927
/home/tianlong/Downloads//test/fgkpembbpv.mp4,0,0.6126097
/home/tianlong/Downloads//test/orqafstesq.mp4,0,0.9754286
/home/tianlong/Downloads//test/ckgabgjnca.mp4,0,0.99831223
/home/tianlong/Downloads//test/iuvhrgckrt.mp4,0,0.58899367
/home/tianlong/Downloads//test/vlzwcejywm.mp4,0,0.9833597
/home/tianlong/Downloads//test/cpucjmfawf.mp4,0,0.9970071
/home/tianlong/Downloads//test/ekvhyeycpr.mp4,0,0.9220365
/home/tianlong/Downloads//test/tazlckybzu.mp4,0,0.8112817
/home/tianlong/Downloads//test/clxgzkdgta.mp4,0,0.95494336
/home/tianlong/Downloads//test/zlfbumxcxs.mp4,0,0.9110166
/home/tianlong/Downloads//test/plhcceboag.mp4,0,0.22698507
/home/tianlong/Downloads//test/extihvlsxg.mp4,0,0.9996216
/home/tianlong/Downloads//test/olebnvxoyl.mp4,0,0.9997991
/home/tianlong/Downloads//test/opdqcwqxzy.mp4,0,0.9462462
/home/tianlong/Downloads//test/stwaypekwh.mp4,0,0.9976599
/home/tianlong/Downloads//test/xogwctpikv.mp4,0,0.99988294
/home/tianlong/Downloads//test/cjiwxfwcit.mp4,0,0.80079234
/home/tianlong/Downloads//test/txshgvrava.mp4,0,0.9800483
/home/tianlong/Downloads//test/ggpuxwhpri.mp4,0,0.9607843
/home/tianlong/Downloads//test/jlxnzxtopm.mp4,0,0.85345167
/home/tianlong/Downloads//test/thjugpbwcv.mp4,0,0.6912325
/home/tianlong/Downloads//test/pkititkein.mp4,0,0.88019884
/home/tianlong/Downloads//test/hjiwmybauf.mp4,0,0.652677
/home/tianlong/Downloads//test/efazuieysm.mp4,0,0.7216671
/home/tianlong/Downloads//test/tdzsgrdneg.mp4,0,0.5206623
/home/tianlong/Downloads//test/mkxmvreoth.mp4,0,0.99654275
/home/tianlong/Downloads//test/ofbjiuemkr.mp4,0,0.48624042
/home/tianlong/Downloads//test/dogotzkdiw.mp4,0,0.569201
/home/tianlong/Downloads//test/qdmvzknbua.mp4,0,0.90970963
/home/tianlong/Downloads//test/pnauelqbxq.mp4,0,0.9988783
/home/tianlong/Downloads//test/sytddqezij.mp4,0,0.26731953
/home/tianlong/Downloads//test/bhpddnqauc.mp4,0,0.6162911
/home/tianlong/Downloads//test/imtkdzkypf.mp4,0,0.5189662
/home/tianlong/Downloads//test/kbodjivgqu.mp4,0,0.6585339
/home/tianlong/Downloads//test/qtxraeaxeh.mp4,0,0.9319496
/home/tianlong/Downloads//test/uaxmqpmswz.mp4,0,0.43492833
/home/tianlong/Downloads//test/qlbapiibba.mp4,0,0.9522945
/home/tianlong/Downloads//test/mzurunkulx.mp4,0,0.9160409
/home/tianlong/Downloads//test/aujoxrpddn.mp4,0,0.9676694
/home/tianlong/Downloads//test/ebenvuuxld.mp4,0,0.9952245
/home/tianlong/Downloads//test/fsfjlwwsen.mp4,0,0.51913154
/home/tianlong/Downloads//test/zwgaptzuqt.mp4,0,0.84524214
/home/tianlong/Downloads//test/gldpafckwo.mp4,0,0.78679866
/home/tianlong/Downloads//test/nvkzpexyzg.mp4,0,0.99317414
/home/tianlong/Downloads//test/vnrmxwtsmf.mp4,0,0.99920374
/home/tianlong/Downloads//test/hmofiqjzxe.mp4,0,0.99773884
/home/tianlong/Downloads//test/ucryyubbqk.mp4,0,0.7361598
/home/tianlong/Downloads//test/gwqdrapybq.mp4,0,0.99991524
/home/tianlong/Downloads//test/avttogwbyz.mp4,0,0.997572
/home/tianlong/Downloads//test/hbmvxgonmq.mp4,0,0.92882544
/home/tianlong/Downloads//test/gxxlbjuyza.mp4,0,0.999432
/home/tianlong/Downloads//test/jhzozsurac.mp4,0,0.79208463
/home/tianlong/Downloads//test/opyqudaics.mp4,0,0.8785832
/home/tianlong/Downloads//test/vigbdgmudk.mp4,0,0.4989871
/home/tianlong/Downloads//test/viidhkoxyv.mp4,0,0.57527876
/home/tianlong/Downloads//test/dmpvbeyuqb.mp4,0,0.9992686
/home/tianlong/Downloads//test/wgycqahjww.mp4,0,0.97503346
/home/tianlong/Downloads//test/wwgmzeavbd.mp4,0,0.9993331
/home/tianlong/Downloads//test/qtqyglbdem.mp4,0,0.9904819
/home/tianlong/Downloads//test/nqynuhnklk.mp4,0,0.6669144
/home/tianlong/Downloads//test/jygbqsigcr.mp4,0,0.9973164
/home/tianlong/Downloads//test/nsozqvhalr.mp4,0,0.9798552
/home/tianlong/Downloads//test/yvmrwdyxby.mp4,0,0.77564853
/home/tianlong/Downloads//test/kvhbyuklfv.mp4,0,0.92278385
/home/tianlong/Downloads//test/iwnfvkmktq.mp4,0,0.4780329
/home/tianlong/Downloads//test/qzfmctgxcs.mp4,0,0.9960276
/home/tianlong/Downloads//test/vhipamioud.mp4,0,0.8778336
/home/tianlong/Downloads//test/lmbvoxhowe.mp4,0,0.94288146
/home/tianlong/Downloads//test/ziqjamfzlv.mp4,0,0.9974439
/home/tianlong/Downloads//test/kqnwutdvpd.mp4,0,0.9818318
/home/tianlong/Downloads//test/lucpbeexdk.mp4,0,0.9864049
/home/tianlong/Downloads//test/pnotaniiuh.mp4,0,0.21465075
/home/tianlong/Downloads//test/qohtjkzity.mp4,0,0.5194035
/home/tianlong/Downloads//test/bkjhfcvsig.mp4,0,0.9925924
/home/tianlong/Downloads//test/kpcrdurodw.mp4,0,0.98177284
/home/tianlong/Downloads//test/nmphdbflzj.mp4,0,0.95719796
/home/tianlong/Downloads//test/fmsxomanga.mp4,0,0.99887246
/home/tianlong/Downloads//test/tgwpcoljin.mp4,0,0.99325633
/home/tianlong/Downloads//test/foynwjsqeh.mp4,0,0.8661594
/home/tianlong/Downloads//test/vdqritvjfl.mp4,0,0.5207854
/home/tianlong/Downloads//test/egyemqrvna.mp4,0,0.5187712
/home/tianlong/Downloads//test/xrtmepdfyh.mp4,0,0.9879153
/home/tianlong/Downloads//test/zfgjechdto.mp4,0,0.95788455
/home/tianlong/Downloads//test/jujpqsrgll.mp4,0,0.9933883
/home/tianlong/Downloads//test/iakzgqqova.mp4,0,0.77904123
/home/tianlong/Downloads//test/fqdklzzkfj.mp4,0,0.95349807
/home/tianlong/Downloads//test/dnfnxwbsoi.mp4,0,0.7433382
/home/tianlong/Downloads//test/lynaeydofd.mp4,0,0.9591293
/home/tianlong/Downloads//test/relrfifywa.mp4,0,0.7475272
/home/tianlong/Downloads//test/imsacxixmv.mp4,0,0.9969501
/home/tianlong/Downloads//test/rfbwukxpye.mp4,0,0.999711
/home/tianlong/Downloads//test/atixaudngu.mp4,0,0.9812153
/home/tianlong/Downloads//test/tcychsyltm.mp4,0,0.99963534
/home/tianlong/Downloads//test/kifyfzqzjj.mp4,0,0.24589452
/home/tianlong/Downloads//test/irjbukzjqt.mp4,0,0.9782234
/home/tianlong/Downloads//test/jmkkbkvbjo.mp4,0,0.9837622
/home/tianlong/Downloads//test/gflhlvhqyl.mp4,0,0.52064604
/home/tianlong/Downloads//test/myebjqbxsl.mp4,0,0.83790433
/home/tianlong/Downloads//test/mqeqiytluf.mp4,0,0.99971586
/home/tianlong/Downloads//test/zbsjlcsetv.mp4,0,0.99983394
/home/tianlong/Downloads//test/lzmxqxrruv.mp4,0,0.7079374
/home/tianlong/Downloads//test/neotrnwthu.mp4,0,0.99857605
/home/tianlong/Downloads//test/vwigtbeivy.mp4,0,0.99786144
/home/tianlong/Downloads//test/ldtscpryms.mp4,0,0.9964753
/home/tianlong/Downloads//test/sjgmmecazy.mp4,0,0.88227963
/home/tianlong/Downloads//test/jkrbsekajk.mp4,0,0.6962772
/home/tianlong/Downloads//test/iahzcxmuck.mp4,0,0.98749846
/home/tianlong/Downloads//test/cteqlloxwu.mp4,0,0.99397767
/home/tianlong/Downloads//test/pgqxsteufx.mp4,0,0.87222135
/home/tianlong/Downloads//test/cmuzrrlaiy.mp4,1,0.9986443
/home/tianlong/Downloads//test/jxeqhujuvh.mp4,1,0.9966137
/home/tianlong/Downloads//test/ntaqujyzes.mp4,1,0.9953282
/home/tianlong/Downloads//test/ghxzsygiou.mp4,1,0.8417032
/home/tianlong/Downloads//test/lvxzjwiklq.mp4,1,0.7027942
/home/tianlong/Downloads//test/wlyvvvjgnv.mp4,1,0.8924137
/home/tianlong/Downloads//test/hexxuigzdl.mp4,1,0.99903774
/home/tianlong/Downloads//test/zynrdvlrwv.mp4,1,0.9988261
/home/tianlong/Downloads//test/kbvqzihgan.mp4,1,0.99440116
/home/tianlong/Downloads//test/razacdewcv.mp4,1,0.9828896
/home/tianlong/Downloads//test/tjlrvidbxw.mp4,1,0.7838882
/home/tianlong/Downloads//test/gcbyurxhbz.mp4,1,0.71218
/home/tianlong/Downloads//test/xticvyqqjn.mp4,1,0.68921137
/home/tianlong/Downloads//test/gqpayiddqv.mp4,1,0.32829028
/home/tianlong/Downloads//test/zmrnjhfxed.mp4,1,0.92224705
/home/tianlong/Downloads//test/slpxqmwuqm.mp4,1,0.98376715
/home/tianlong/Downloads//test/upwsvjdtgo.mp4,1,0.863711
/home/tianlong/Downloads//test/zpnjiswgdt.mp4,1,0.93542343
/home/tianlong/Downloads//test/rayxtqfosv.mp4,1,0.9988825
/home/tianlong/Downloads//test/cfhoqpdzqb.mp4,1,0.9631937
/home/tianlong/Downloads//test/okyufzgvay.mp4,1,0.644421
/home/tianlong/Downloads//test/wgyxtquovo.mp4,1,0.9874443
/home/tianlong/Downloads//test/kicgvgukqs.mp4,1,0.52668077
/home/tianlong/Downloads//test/aolhuwcdwv.mp4,1,0.99962366
/home/tianlong/Downloads//test/clzcvdsuyp.mp4,1,0.6342695
/home/tianlong/Downloads//test/jibhugdfbs.mp4,1,0.45420712
/home/tianlong/Downloads//test/kfiszsbzob.mp4,1,0.9901653
/home/tianlong/Downloads//test/mgwtoqonaf.mp4,1,0.53461856
/home/tianlong/Downloads//test/buzqmuifod.mp4,1,0.78325856
/home/tianlong/Downloads//test/bofmetrgfm.mp4,1,0.9297102
/home/tianlong/Downloads//test/chlshvbday.mp4,1,0.5665409
/home/tianlong/Downloads//test/vxcjkgerao.mp4,1,0.9984805
/home/tianlong/Downloads//test/qxwqqhruvz.mp4,1,0.9924306
/home/tianlong/Downloads//test/hytdcdixlv.mp4,1,0.94119376
/home/tianlong/Downloads//test/buejhiahpy.mp4,1,0.33440596
/home/tianlong/Downloads//test/omotodymgb.mp4,1,0.95394135
/home/tianlong/Downloads//test/gmcvyrferj.mp4,1,0.9970431
/home/tianlong/Downloads//test/ycoaclsdov.mp4,1,0.9985146
/home/tianlong/Downloads//test/scaljzcpcf.mp4,1,0.59037304
/home/tianlong/Downloads//test/uhbxhharht.mp4,1,0.999866
/home/tianlong/Downloads//test/tmmakbzbqw.mp4,1,0.9997539
/home/tianlong/Downloads//test/mvfvefsgik.mp4,1,0.9986695
/home/tianlong/Downloads//test/inesnaprwm.mp4,1,0.99771035
/home/tianlong/Downloads//test/qqxelyjmmw.mp4,1,0.99959594
/home/tianlong/Downloads//test/dllkubdbbd.mp4,1,0.6550078
/home/tianlong/Downloads//test/ttnajmkchw.mp4,1,0.45532662
/home/tianlong/Downloads//test/kaffwaiexj.mp4,1,0.42743814
/home/tianlong/Downloads//test/dpfuqzdtrs.mp4,1,0.9922597
/home/tianlong/Downloads//test/hfvexodpht.mp4,1,0.58991337
/home/tianlong/Downloads//test/vmxjsdkuju.mp4,1,0.9489714
/home/tianlong/Downloads//test/afaxsgqksm.mp4,1,0.99838746
/home/tianlong/Downloads//test/pgkipgmpgm.mp4,1,0.5397489
/home/tianlong/Downloads//test/ltkesswcyn.mp4,1,0.96476305
/home/tianlong/Downloads//test/dffkcrccsj.mp4,1,0.9610421
/home/tianlong/Downloads//test/svtnilogao.mp4,1,0.6256916
/home/tianlong/Downloads//test/bzobkqewtt.mp4,1,0.9988883
/home/tianlong/Downloads//test/vemnbnqoqk.mp4,1,0.5802563
/home/tianlong/Downloads//test/nobrvdftmd.mp4,1,0.9865427
/home/tianlong/Downloads//test/qepgiaxgpc.mp4,1,0.9582014
/home/tianlong/Downloads//test/bogjubshbr.mp4,1,0.53743356
/home/tianlong/Downloads//test/uyoqozgdcy.mp4,1,0.33170325
/home/tianlong/Downloads//test/cvmmtklgst.mp4,1,0.51898485
/home/tianlong/Downloads//test/qharxzhzpl.mp4,1,0.5189968
/home/tianlong/Downloads//test/sprejlmapw.mp4,1,0.9998615
/home/tianlong/Downloads//test/crzrsezocr.mp4,1,0.9008686
/home/tianlong/Downloads//test/wyqhadmmcy.mp4,1,0.55811435
/home/tianlong/Downloads//test/jrjxehotww.mp4,1,0.5195721
/home/tianlong/Downloads//test/xctpdujlok.mp4,1,0.668387
/home/tianlong/Downloads//test/hfspenqmpw.mp4,1,0.9994609
/home/tianlong/Downloads//test/jkfukzcjxd.mp4,1,0.97779864
/home/tianlong/Downloads//test/knafngkgen.mp4,1,0.9987729
/home/tianlong/Downloads//test/tswmtnhfmn.mp4,1,0.9978702
/home/tianlong/Downloads//test/qoasfzksgo.mp4,1,0.968746
/home/tianlong/Downloads//test/hnrzuoqnkz.mp4,1,0.586885
/home/tianlong/Downloads//test/nussrkyuzy.mp4,1,0.6003912
/home/tianlong/Downloads//test/ciwzwmlyxz.mp4,1,0.9972692
/home/tianlong/Downloads//test/dbauiiupef.mp4,1,0.52327573
/home/tianlong/Downloads//test/ywxfnlxtjg.mp4,1,0.9996313
/home/tianlong/Downloads//test/pryqgrbtnu.mp4,1,0.99903536
/home/tianlong/Downloads//test/mbjpaydogy.mp4,1,0.9957391
/home/tianlong/Downloads//test/ihdopxhysr.mp4,1,0.85525006
/home/tianlong/Downloads//test/rgasvymjrj.mp4,1,0.81618434
/home/tianlong/Downloads//test/eclpgjjies.mp4,1,0.7545893
/home/tianlong/Downloads//test/kxptuwngop.mp4,1,0.9964736
/home/tianlong/Downloads//test/uaqvffouxp.mp4,1,0.6527422
/home/tianlong/Downloads//test/xvqzzgoabm.mp4,1,0.99920255
/home/tianlong/Downloads//test/tkgbjtcxyl.mp4,1,0.87611103
/home/tianlong/Downloads//test/xlnaxrwvcx.mp4,1,0.068498
/home/tianlong/Downloads//test/kphfzaullq.mp4,1,0.16426973
/home/tianlong/Downloads//test/rkezgzxnoo.mp4,1,0.99982303
/home/tianlong/Downloads//test/fromclsodq.mp4,1,0.43282652
/home/tianlong/Downloads//test/nrscfrjxpb.mp4,1,0.9993506
/home/tianlong/Downloads//test/ygobagrhmg.mp4,1,0.64372015
/home/tianlong/Downloads//test/hisfrixnbu.mp4,1,0.99910384
/home/tianlong/Downloads//test/duzueyonao.mp4,1,0.9165194
/home/tianlong/Downloads//test/gkknsyqbnz.mp4,1,0.99893266
/home/tianlong/Downloads//test/tmgdrjjalz.mp4,1,0.99409276
/home/tianlong/Downloads//test/iajblozgtx.mp4,1,0.8214138
/home/tianlong/Downloads//test/ahkcchuwqq.mp4,1,0.73901767
/home/tianlong/Downloads//test/zmfiveruie.mp4,1,0.7927158
/home/tianlong/Downloads//test/xptgnpgfkn.mp4,1,0.9019156
/home/tianlong/Downloads//test/aebhowazav.mp4,1,0.8318722
/home/tianlong/Downloads//test/geulcwvfuy.mp4,1,0.99739456
/home/tianlong/Downloads//test/glzyifzrql.mp4,1,0.8124145
/home/tianlong/Downloads//test/wvmrsucbsq.mp4,1,0.9817908
/home/tianlong/Downloads//test/moetggyxsc.mp4,1,0.9950777
/home/tianlong/Downloads//test/jfvnwpcjrm.mp4,1,0.9474254
/home/tianlong/Downloads//test/kaggpclkjm.mp4,1,0.47499633
/home/tianlong/Downloads//test/nacldwtuwp.mp4,1,0.9789129
/home/tianlong/Downloads//test/upwyvqbjlq.mp4,1,0.99063474
/home/tianlong/Downloads//test/tdmyjvptzv.mp4,1,0.7000554
/home/tianlong/Downloads//test/fzurflflwv.mp4,1,0.5062241
/home/tianlong/Downloads//test/aakjukgjme.mp4,1,0.99938715
/home/tianlong/Downloads//test/ypepsyuwmo.mp4,1,0.8768375
/home/tianlong/Downloads//test/qxhyhhkywc.mp4,1,0.66063017
/home/tianlong/Downloads//test/iqvfopywpa.mp4,1,0.988171
/home/tianlong/Downloads//test/xfncslssic.mp4,1,0.99943227
/home/tianlong/Downloads//test/jesstfspwv.mp4,1,0.9941234
/home/tianlong/Downloads//test/xiraodtgnt.mp4,1,0.5156276
/home/tianlong/Downloads//test/xeuzubpylq.mp4,1,0.99531025
/home/tianlong/Downloads//test/xszpbtciwo.mp4,1,0.978832
/home/tianlong/Downloads//test/fkksbgaibl.mp4,1,0.98248476
/home/tianlong/Downloads//test/ntqzfgmhnj.mp4,1,0.9708104
/home/tianlong/Downloads//test/bizbjxafzr.mp4,1,0.9973454
/home/tianlong/Downloads//test/bxfwiuvafo.mp4,1,0.84678364
/home/tianlong/Downloads//test/jfcglbovmo.mp4,1,0.5190207
/home/tianlong/Downloads//test/odidbykbar.mp4,1,0.93343014
/home/tianlong/Downloads//test/qarbtmjwhm.mp4,1,0.737778
/home/tianlong/Downloads//test/jeierullea.mp4,1,0.9760696
/home/tianlong/Downloads//test/lrckqkzekj.mp4,1,0.11868341
/home/tianlong/Downloads//test/riizlqngim.mp4,1,0.9995596
/home/tianlong/Downloads//test/lmcnonfhgz.mp4,1,0.68603206
/home/tianlong/Downloads//test/lkhszpabzv.mp4,1,0.9873675
/home/tianlong/Downloads//test/njqbwiajss.mp4,1,0.9954509
/home/tianlong/Downloads//test/ksqybmrwyg.mp4,1,0.99179465
/home/tianlong/Downloads//test/dxphlwcvan.mp4,1,0.95338255
/home/tianlong/Downloads//test/dgjssccxhx.mp4,1,0.7878188
/home/tianlong/Downloads//test/sbfxzmhzyv.mp4,1,0.98330367
/home/tianlong/Downloads//test/rlvgpdrgvi.mp4,1,0.5318283
/home/tianlong/Downloads//test/uzdmxmfcqe.mp4,1,0.77770597
/home/tianlong/Downloads//test/afixxjdxef.mp4,1,0.3428408
/home/tianlong/Downloads//test/fwvxtssltw.mp4,1,0.35914615
/home/tianlong/Downloads//test/jyzlvivrmr.mp4,1,0.53887403
/home/tianlong/Downloads//test/byavookkdu.mp4,1,0.9898963
/home/tianlong/Downloads//test/agyawnxlmv.mp4,1,0.9655821
/home/tianlong/Downloads//test/zjoonppreb.mp4,1,0.9981675
/home/tianlong/Downloads//test/sjzwpqupnm.mp4,1,0.7313593
/home/tianlong/Downloads//test/pobrnbspcf.mp4,1,0.69722927
/home/tianlong/Downloads//test/qdkpphviay.mp4,1,0.9953994
/home/tianlong/Downloads//test/nbyaxzmueg.mp4,1,0.9993554
/home/tianlong/Downloads//test/vfszaqentw.mp4,1,0.64612794
/home/tianlong/Downloads//test/fosovipqkg.mp4,1,0.99790657
/home/tianlong/Downloads//test/grwcxofqrx.mp4,1,0.534475
/home/tianlong/Downloads//test/koqxhnmkjl.mp4,1,0.99660134
/home/tianlong/Downloads//test/xkukyjokbg.mp4,1,0.8283047
/home/tianlong/Downloads//test/fmnzbwtjep.mp4,1,0.9483617
/home/tianlong/Downloads//test/aruyyclubn.mp4,1,0.99887425
/home/tianlong/Downloads//test/eluhuvocwr.mp4,1,0.9274057
/home/tianlong/Downloads//test/iiwffwiyrg.mp4,1,0.9867181
/home/tianlong/Downloads//test/fsbabrxhqy.mp4,1,0.9955878
/home/tianlong/Downloads//test/ymqadbkafj.mp4,1,0.9824744
/home/tianlong/Downloads//test/nptmqvfuhz.mp4,1,0.98754126
/home/tianlong/Downloads//test/usjnlahlcj.mp4,1,0.5300797
/home/tianlong/Downloads//test/hbozjjcafn.mp4,1,0.1315499
/home/tianlong/Downloads//test/cizxmeztny.mp4,1,0.6949477
/home/tianlong/Downloads//test/syxlmynhsi.mp4,1,0.51805055
/home/tianlong/Downloads//test/ezadehoecy.mp4,1,0.9875553
/home/tianlong/Downloads//test/fpliemtlco.mp4,1,0.9940454
/home/tianlong/Downloads//test/arflgfcnkg.mp4,1,0.5472806
/home/tianlong/Downloads//test/occelhylxf.mp4,1,0.99942905
/home/tianlong/Downloads//test/uqntkvpntd.mp4,1,0.9999194
/home/tianlong/Downloads//test/iatevqworc.mp4,1,0.9988587
/home/tianlong/Downloads//test/xzsmgydcub.mp4,1,0.9470839
/home/tianlong/Downloads//test/qbffpkpmkf.mp4,1,0.9547201
/home/tianlong/Downloads//test/pzbpgfmroj.mp4,1,0.99187356
/home/tianlong/Downloads//test/oundixpyst.mp4,1,0.9894633
/home/tianlong/Downloads//test/hnxhwfttpy.mp4,1,0.68850386
/home/tianlong/Downloads//test/rdjwlvvwtv.mp4,1,0.43427667
/home/tianlong/Downloads//test/tcmstiljkk.mp4,1,0.92940295
/home/tianlong/Downloads//test/qbfdtumuct.mp4,1,0.99842775
/home/tianlong/Downloads//test/mxnquwuszt.mp4,1,0.9961676
/home/tianlong/Downloads//test/sjooumwlzb.mp4,1,0.985698
/home/tianlong/Downloads//test/twhwouycfg.mp4,1,0.96030873
/home/tianlong/Downloads//test/wytpaehszj.mp4,1,0.5212164
/home/tianlong/Downloads//test/srtwhbzzlr.mp4,1,0.5721389
/home/tianlong/Downloads//test/jqjfpkuckf.mp4,1,0.9992052
/home/tianlong/Downloads//test/yxjjfaekev.mp4,1,0.96599215
/home/tianlong/Downloads//test/cyokqrzbol.mp4,1,0.99972326
/home/tianlong/Downloads//test/mtilpvablx.mp4,1,0.9888154
/home/tianlong/Downloads//test/njwsmltmvb.mp4,1,0.99532974
/home/tianlong/Downloads//test/xkksfulade.mp4,1,0.99278367
/home/tianlong/Downloads//test/dtfgsvfmjq.mp4,1,0.9853731
/home/tianlong/Downloads//test/onaewxqqkd.mp4,1,0.93473697
/home/tianlong/Downloads//test/pazpnfrbbc.mp4,1,0.31941995
/home/tianlong/Downloads//test/kgowzoxjfq.mp4,1,0.5517997
/home/tianlong/Downloads//test/ltdwtgrads.mp4,1,0.9954672
/home/tianlong/Downloads//test/znistrajpw.mp4,1,0.98385483
/home/tianlong/Downloads//test/yfhzmfhojv.mp4,1,0.9392214
/home/tianlong/Downloads//test/spkorcenyh.mp4,1,0.95608056
/home/tianlong/Downloads//test/axopbbxwzr.mp4,1,0.9993542
/home/tianlong/Downloads//test/hxrruqinnh.mp4,1,0.89796007
/home/tianlong/Downloads//test/tkaybnjwhg.mp4,1,0.9973847
/home/tianlong/Downloads//test/lhwwhjhyqx.mp4,1,0.9763649
/home/tianlong/Downloads//test/btxjufhiaz.mp4,1,0.6698286
/home/tianlong/Downloads//test/dnhaskulaj.mp4,1,0.5294093
/home/tianlong/Downloads//test/vxqofldgze.mp4,1,0.999387
/home/tianlong/Downloads//test/ddjzmyabyu.mp4,1,0.9982961
/home/tianlong/Downloads//test/mgahaaogif.mp4,1,0.59359574
/home/tianlong/Downloads//test/ktmdpragph.mp4,1,0.8111995
/home/tianlong/Downloads//test/xazdhdnwhh.mp4,1,0.96814406
/home/tianlong/Downloads//test/qnslgeajnt.mp4,1,0.9997955
/home/tianlong/Downloads//test/sivrgbsaog.mp4,1,0.9989778
/home/tianlong/Downloads//test/uzmuovkewv.mp4,1,0.59088844
/home/tianlong/Downloads//test/tvazrcdkpq.mp4,1,0.4344607
/home/tianlong/Downloads//test/jbatiwjmzh.mp4,1,0.52016085
/home/tianlong/Downloads//test/hmiylncrva.mp4,1,0.8379131
/home/tianlong/Downloads//test/uxkojffbsr.mp4,1,0.98381585
/home/tianlong/Downloads//test/crbcrxqftw.mp4,1,0.98912245
/home/tianlong/Downloads//test/yermnsnlgf.mp4,1,0.9983588
/home/tianlong/Downloads//test/gipcvghjiy.mp4,1,0.99342716
/home/tianlong/Downloads//test/iwcfxyoimw.mp4,1,0.81630737
/home/tianlong/Downloads//test/kozaofkgvk.mp4,1,0.9854204
/home/tianlong/Downloads//test/xlgevjtsog.mp4,1,0.99864763
/home/tianlong/Downloads//test/bpjkimtqtz.mp4,1,0.8114324
/home/tianlong/Downloads//test/pdnwaekrtn.mp4,1,0.9476236
/home/tianlong/Downloads//test/toxsrzsksc.mp4,1,0.9995322
/home/tianlong/Downloads//test/oejfypsbfh.mp4,1,0.9980463
/home/tianlong/Downloads//test/hwyuwbnszo.mp4,1,0.78669876
/home/tianlong/Downloads//test/acgyspwyqr.mp4,1,0.33795974
/home/tianlong/Downloads//test/oitcqmvnsa.mp4,1,0.9293911
/home/tianlong/Downloads//test/pdqqkuclvd.mp4,1,0.9805181
/home/tianlong/Downloads//test/slsyjvgfpu.mp4,1,0.9984819
/home/tianlong/Downloads//test/xmdfnldfyc.mp4,1,0.5218224
/home/tianlong/Downloads//test/ynkzlkahux.mp4,1,0.7902059
/home/tianlong/Downloads//test/szjbkskyph.mp4,1,0.9972941
/home/tianlong/Downloads//test/yyiiywtiry.mp4,1,0.6478739
/home/tianlong/Downloads//test/crvotfojeq.mp4,1,0.91511786
/home/tianlong/Downloads//test/rsqblsfgli.mp4,1,0.9515917
/home/tianlong/Downloads//test/becqadbtkb.mp4,1,0.99983954
/home/tianlong/Downloads//test/afqaubpglg.mp4,1,0.3623438
/home/tianlong/Downloads//test/pwplooonzr.mp4,1,0.93401986
/home/tianlong/Downloads//test/vjegxiyvla.mp4,1,0.95841056
/home/tianlong/Downloads//test/jbwtbfbdko.mp4,1,0.97840434
/home/tianlong/Downloads//test/toggbitvfd.mp4,1,0.99951875
/home/tianlong/Downloads//test/xpfhawmzbe.mp4,1,0.76587224
/home/tianlong/Downloads//test/kjwdinzplo.mp4,1,0.9865248
/home/tianlong/Downloads//test/jrkdzpijpb.mp4,1,0.9994235
/home/tianlong/Downloads//test/lbnuxynggy.mp4,1,0.95164394
/home/tianlong/Downloads//test/iorrylopzn.mp4,1,0.9887477
/home/tianlong/Downloads//test/yasxapunrf.mp4,1,0.9236496
/home/tianlong/Downloads//test/suohrphvbe.mp4,1,0.9982572
/home/tianlong/Downloads//test/salsuwvckq.mp4,1,0.76099855
/home/tianlong/Downloads//test/eclnowceyi.mp4,1,0.9968592
/home/tianlong/Downloads//test/wvtymfvbwq.mp4,1,0.8974046
/home/tianlong/Downloads//test/rsjhmrvdwg.mp4,1,0.9819142
/home/tianlong/Downloads//test/qtvhpmoukj.mp4,1,0.9940142
/home/tianlong/Downloads//test/svqkfjfucw.mp4,1,0.6604948
/home/tianlong/Downloads//test/jdlqmnhuix.mp4,1,0.5472334
/home/tianlong/Downloads//test/ltmkgkppwx.mp4,1,0.94800144
/home/tianlong/Downloads//test/zaoyocjkgw.mp4,1,0.9657043
/home/tianlong/Downloads//test/vgrhobnbfo.mp4,1,0.74947417
/home/tianlong/Downloads//test/eeeuzozcdc.mp4,1,0.999308
/home/tianlong/Downloads//test/ikgxqbhmlv.mp4,1,0.79859495
/home/tianlong/Downloads//test/zyeakowujw.mp4,1,0.8804368
/home/tianlong/Downloads//test/uerapqglmr.mp4,1,0.9943575
/home/tianlong/Downloads//test/fmuncwjpej.mp4,1,0.85093325
/home/tianlong/Downloads//test/xllzvdxwiv.mp4,1,0.9970642
/home/tianlong/Downloads//test/giuymhlbyo.mp4,1,0.54636455
/home/tianlong/Downloads//test/bubbmjnmge.mp4,1,0.9993765
/home/tianlong/Downloads//test/qwqefbalkv.mp4,1,0.99847513
/home/tianlong/Downloads//test/aupsxowdcp.mp4,1,0.9962721
/home/tianlong/Downloads//test/apjovfzzft.mp4,1,0.94181025
/home/tianlong/Downloads//test/yjbnaqwxyf.mp4,1,0.96444905
/home/tianlong/Downloads//test/dajlkmlvch.mp4,1,0.9988815
/home/tianlong/Downloads//test/egwzzhemvk.mp4,1,0.9026864
/home/tianlong/Downloads//test/vlhrgeyvqy.mp4,1,0.15268607
/home/tianlong/Downloads//test/vpolvvzwsw.mp4,1,0.9979741
/home/tianlong/Downloads//test/ddkcxrncmq.mp4,1,0.51195323
/home/tianlong/Downloads//test/fncnobpzzx.mp4,1,0.5219068
/home/tianlong/Downloads//test/lhayhvqjmg.mp4,1,0.63315535
/home/tianlong/Downloads//test/yboofyemks.mp4,1,0.5782787
/home/tianlong/Downloads//test/wzkovvmdkq.mp4,1,0.56337357
/home/tianlong/Downloads//test/axxldpmbat.mp4,1,0.9201958
/home/tianlong/Downloads//test/piovymzozl.mp4,1,0.9985024
/home/tianlong/Downloads//test/ymjrnwsjxt.mp4,1,0.98534274
/home/tianlong/Downloads//test/jfxroglrst.mp4,1,0.95575184
/home/tianlong/Downloads//test/qzyaijdbfe.mp4,1,0.9748087
/home/tianlong/Downloads//test/gzwzxbtkpd.mp4,1,0.76012695
/home/tianlong/Downloads//test/bgssriyozb.mp4,1,0.9995029
/home/tianlong/Downloads//test/wqtraebanl.mp4,1,0.805851
/home/tianlong/Downloads//test/lovkthgavz.mp4,1,0.8126604
/home/tianlong/Downloads//test/vpgjaoyvir.mp4,1,0.99984086
/home/tianlong/Downloads//test/btlqqvfuck.mp4,1,0.9989893
/home/tianlong/Downloads//test/zzxidpsxmv.mp4,1,0.9990933
/home/tianlong/Downloads//test/qzuhjrhozy.mp4,1,0.99156076
/home/tianlong/Downloads//test/rtuaxyuvqs.mp4,1,0.8435294
/home/tianlong/Downloads//test/vybbullejj.mp4,1,0.32600835
/home/tianlong/Downloads//test/lblweiecpx.mp4,1,0.72874206
/home/tianlong/Downloads//test/qkchcuiljp.mp4,1,0.9419617
/home/tianlong/Downloads//test/roivdutkrz.mp4,1,0.9995333
/home/tianlong/Downloads//test/rziziscker.mp4,1,0.99303114
/home/tianlong/Downloads//test/zsdmgllhck.mp4,1,0.69832015
/home/tianlong/Downloads//test/kpkzqbpivj.mp4,1,0.56880355
/home/tianlong/Downloads//test/tgkjhdyxww.mp4,1,0.8278839
/home/tianlong/Downloads//test/zubaiztkag.mp4,1,0.5213998
/home/tianlong/Downloads//test/figxvsdmsb.mp4,1,0.9989318
/home/tianlong/Downloads//test/enzlliylet.mp4,1,0.7843038
/home/tianlong/Downloads//test/acekgkqgdg.mp4,1,0.9980331
/home/tianlong/Downloads//test/ljrikjsgis.mp4,1,0.99936205
/home/tianlong/Downloads//test/vawotznxqn.mp4,1,0.52559125
/home/tianlong/Downloads//test/jsqtbnxnpb.mp4,1,0.7949303
/home/tianlong/Downloads//test/yibeqxcadd.mp4,1,0.9794189
/home/tianlong/Downloads//test/zvgekhyszq.mp4,1,0.99972075
/home/tianlong/Downloads//test/luisdnrumh.mp4,1,0.74675405
/home/tianlong/Downloads//test/xffjesgeey.mp4,1,0.9991215
/home/tianlong/Downloads//test/haesrhzukc.mp4,1,0.5384626
/home/tianlong/Downloads//test/uwccodyhgh.mp4,1,0.95541745
/home/tianlong/Downloads//test/msdtzpmmae.mp4,1,0.99990547
/home/tianlong/Downloads//test/zgiypcmpic.mp4,1,0.9992712
/home/tianlong/Downloads//test/olkcmrmvbh.mp4,1,0.736586
/home/tianlong/Downloads//test/kiffbbtjfe.mp4,1,0.5361605
/home/tianlong/Downloads//test/junzzlnlfw.mp4,1,0.96448386
/home/tianlong/Downloads//test/qkgicklwyn.mp4,1,0.9994473
/home/tianlong/Downloads//test/wluigkzjdl.mp4,1,0.9532087
/home/tianlong/Downloads//test/rsnrcisldc.mp4,1,0.9738689
/home/tianlong/Downloads//test/asiuftijhs.mp4,1,0.9013067
/home/tianlong/Downloads//test/yjloopcthi.mp4,1,0.9925444
/home/tianlong/Downloads//test/tzzwqaxtrk.mp4,1,0.99955004
/home/tianlong/Downloads//test/tmfvsxrxnk.mp4,1,0.98657507
/home/tianlong/Downloads//test/dlsdmdraln.mp4,1,0.9406224
/home/tianlong/Downloads//test/rkygzeyegz.mp4,1,0.55160224
/home/tianlong/Downloads//test/truremwrti.mp4,1,0.69877315
/home/tianlong/Downloads//test/depcrcqwai.mp4,1,0.66079473
/home/tianlong/Downloads//test/jovohczybs.mp4,1,0.91673344
/home/tianlong/Downloads//test/udcpjfvqro.mp4,1,0.1699159
/home/tianlong/Downloads//test/yxlkovjssa.mp4,1,0.72134256
/home/tianlong/Downloads//test/trltdpitif.mp4,1,0.9710378
/home/tianlong/Downloads//test/hwufwjdaai.mp4,1,0.98552275
/home/tianlong/Downloads//test/vgfxjwupga.mp4,1,0.4543758
/home/tianlong/Downloads//test/jejjcsijvc.mp4,1,0.99396074
/home/tianlong/Downloads//test/yjpfhrfyfn.mp4,1,0.9998275
/home/tianlong/Downloads//test/izyqqybmcq.mp4,1,0.99974006
/home/tianlong/Downloads//test/xjnflcfxhn.mp4,1,0.99937004
/home/tianlong/Downloads//test/zidsbdilrm.mp4,1,0.99684215
/home/tianlong/Downloads//test/lepqvhstws.mp4,1,0.9962923
/home/tianlong/Downloads//test/eabghyltka.mp4,1,0.08112854
/home/tianlong/Downloads//test/qxgwcsugvd.mp4,1,0.96212804
/home/tianlong/Downloads//test/oitqddnspw.mp4,1,0.9992478
/home/tianlong/Downloads//test/jiddesrgoi.mp4,1,0.750568
/home/tianlong/Downloads//test/whsqzlklam.mp4,1,0.9148819
/home/tianlong/Downloads//test/hwspklkjol.mp4,1,0.8133422
/home/tianlong/Downloads//test/mgxdtegobh.mp4,1,0.96557873
/home/tianlong/Downloads//test/dkvxzocpnx.mp4,1,0.892399
/home/tianlong/Downloads//test/zxjiwvyzbs.mp4,1,0.9962191
/home/tianlong/Downloads//test/qysxqoredd.mp4,1,0.98532987
/home/tianlong/Downloads//test/angqjpzdts.mp4,1,0.047081053
/home/tianlong/Downloads//test/slbhiftdwk.mp4,1,0.9070897
/home/tianlong/Downloads//test/ctsjalmkpx.mp4,1,0.98941505
/home/tianlong/Downloads//test/jrwqouwlzc.mp4,1,0.93765664
/home/tianlong/Downloads//test/vcqcervdzi.mp4,1,0.9869818
/home/tianlong/Downloads//test/mxczokbutl.mp4,1,0.98396045
/home/tianlong/Downloads//test/qawqquinvi.mp4,1,0.52199745
/home/tianlong/Downloads//test/cqiyijvrcj.mp4,1,0.999691
/home/tianlong/Downloads//test/wypdykzzma.mp4,1,0.48760092
/home/tianlong/Downloads//test/zdurkznxhi.mp4,1,0.7966383
/home/tianlong/Downloads//test/llwjpzzrur.mp4,1,0.972815
/home/tianlong/Downloads//test/stmqpsakem.mp4,1,0.9311478
/home/tianlong/Downloads//test/hqfxruqynj.mp4,1,0.99144405
/home/tianlong/Downloads//test/cotxffvovx.mp4,1,0.9861718
/home/tianlong/Downloads//test/yiwyejujhz.mp4,1,0.5671614
/home/tianlong/Downloads//test/azkhkminwu.mp4,1,0.99886346
/home/tianlong/Downloads//test/yoicqcpxgm.mp4,1,0.9786315
/home/tianlong/Downloads//test/kcpamicxjs.mp4,1,0.987399
/home/tianlong/Downloads//test/mbnvlpwewk.mp4,1,0.83766437
/home/tianlong/Downloads//test/wjqdwzowcg.mp4,1,0.63446367
/home/tianlong/Downloads//test/vqtspwkgwe.mp4,1,0.7500438
/home/tianlong/Downloads//test/rurhyzsnyi.mp4,1,0.99860257
/home/tianlong/Downloads//test/sipuxpudya.mp4,1,0.5160375
/home/tianlong/Downloads//test/scchmtbzar.mp4,1,0.9963169
/home/tianlong/Downloads//test/qyhlzalxzm.mp4,1,0.987375
/home/tianlong/Downloads//test/ektrtuwidv.mp4,1,0.9807325
/home/tianlong/Downloads//test/scbfkrlytb.mp4,1,0.5189086
/home/tianlong/Downloads//test/kxnsmwhqtl.mp4,1,0.8792901
/home/tianlong/Downloads//test/fiayeurvwb.mp4,1,0.93297076
/home/tianlong/Downloads//test/xpuntxtdbs.mp4,1,0.9527216
/home/tianlong/Downloads//test/edvyxmzpoy.mp4,1,0.51919305
/home/tianlong/Downloads//test/thnywrwayf.mp4,1,0.96039647
/home/tianlong/Downloads//test/xojauzdavy.mp4,1,0.54753083
/home/tianlong/Downloads//test/kaajaxzivt.mp4,1,0.8535824
/home/tianlong/Downloads//test/fmvdkhucsz.mp4,1,0.52132946
/home/tianlong/Downloads//test/mdkqmouddq.mp4,1,0.54992807
/home/tianlong/Downloads//test/ehtvcnlsfl.mp4,1,0.27032688
/home/tianlong/Downloads//test/iizsrcugyd.mp4,1,0.99937785
/home/tianlong/Downloads//test/hurlxdpsxl.mp4,1,0.99922
/home/tianlong/Downloads//test/rvfhfbutlx.mp4,1,0.99705136
/home/tianlong/Downloads//test/ycxkcnwrbw.mp4,1,0.9859622
/home/tianlong/Downloads//test/jrmgqzgcmj.mp4,1,0.8581789
/home/tianlong/Downloads//test/cinrseylyp.mp4,1,0.63459295
/home/tianlong/Downloads//test/uhvmrfksax.mp4,1,0.1847754
/home/tianlong/Downloads//test/djjdzsivvi.mp4,1,0.9318875
/home/tianlong/Downloads//test/pmulgdcejl.mp4,1,0.61098856
/home/tianlong/Downloads//test/ngvbaolyub.mp4,1,0.3965347
/home/tianlong/Downloads//test/kpyyjmxmoj.mp4,1,0.97789085
/home/tianlong/Downloads//test/xhizcimlzp.mp4,1,0.9742809
/home/tianlong/Downloads//test/ulygywporv.mp4,1,0.8191663
/home/tianlong/Downloads//test/psunkvudmg.mp4,1,0.5193949
/home/tianlong/Downloads//test/ctarrlrgdy.mp4,1,0.996082
/home/tianlong/Downloads//test/hdzygqltzu.mp4,1,0.87330073
/home/tianlong/Downloads//test/rvtfddfweu.mp4,1,0.54813874
/home/tianlong/Downloads//test/kaeouvuasm.mp4,1,0.9996455
/home/tianlong/Downloads//test/rzivzpozjr.mp4,1,0.93741256
/home/tianlong/Downloads//test/stfqbsbvfy.mp4,1,0.999603
/home/tianlong/Downloads//test/qbhoufagsa.mp4,1,0.87144715
/home/tianlong/Downloads//test/xycfzkbnhy.mp4,1,0.9992275
/home/tianlong/Downloads//test/zudnvkagjk.mp4,1,0.9710659
/home/tianlong/Downloads//test/feaqnlczwc.mp4,1,0.3646772
/home/tianlong/Downloads//test/rqviqcsbzw.mp4,1,0.9200784
/home/tianlong/Downloads//test/dhfcwchsir.mp4,1,0.999252
/home/tianlong/Downloads//test/cglpyitrzw.mp4,1,0.35474104
/home/tianlong/Downloads//test/yjypqyrhyi.mp4,1,0.50567937
/home/tianlong/Downloads//test/fokuimoqkh.mp4,1,0.74821407
/home/tianlong/Downloads//test/xzouvgiqha.mp4,1,0.99930334
/home/tianlong/Downloads//test/qyjbhkeqes.mp4,1,0.73143625
/home/tianlong/Downloads//test/phngwcpbqw.mp4,1,0.99817085
/home/tianlong/Downloads//test/rjcjcdkzkw.mp4,1,0.52014923
/home/tianlong/Downloads//test/legilvljip.mp4,1,0.9954202
/home/tianlong/Downloads//test/bukegrztbb.mp4,1,0.103324786
/home/tianlong/Downloads//test/yvaxmtbtgx.mp4,1,0.15125553
/home/tianlong/Downloads//test/saljlsmnet.mp4,1,0.99194145
/home/tianlong/Downloads//test/ezupajzwdl.mp4,1,0.6923902
/home/tianlong/Downloads//test/xeszevnech.mp4,1,0.89884794
/home/tianlong/Downloads//test/fbqwomdehr.mp4,1,0.9970452
/home/tianlong/Downloads//test/itdywxjknn.mp4,1,0.637079
/home/tianlong/Downloads//test/zwupuzlefv.mp4,1,0.9909507
/home/tianlong/Downloads//test/qcrofjquht.mp4,1,0.99421847
/home/tianlong/Downloads//test/jblkcfejih.mp4,1,0.9538155
/home/tianlong/Downloads//test/howruupkxw.mp4,1,0.80414706
/home/tianlong/Downloads//test/xslxboadvn.mp4,1,0.99840987
/home/tianlong/Downloads//test/rzykslnkdi.mp4,1,0.98028517
/home/tianlong/Downloads//test/govjvzfbcj.mp4,1,0.9986204
/home/tianlong/Downloads//test/fwbvksfidm.mp4,1,0.6623119
/home/tianlong/Downloads//test/khokwspqph.mp4,1,0.92297906
/home/tianlong/Downloads//test/sslrtrxyaj.mp4,1,0.9987619
/home/tianlong/Downloads//test/zdmknyhzoo.mp4,1,0.99792165
/home/tianlong/Downloads//test/rzjpckpslj.mp4,1,0.92493373
/home/tianlong/Downloads//test/pscilvlcfe.mp4,1,0.52407956
/home/tianlong/Downloads//test/rlwkdhgoqw.mp4,1,0.9982803
/home/tianlong/Downloads//test/cmpkopoabr.mp4,1,0.90924853
/home/tianlong/Downloads//test/dbljnexmlf.mp4,1,0.9885378
/home/tianlong/Downloads//test/atfuphvjft.mp4,1,0.8094126
/home/tianlong/Downloads//test/zdldobedod.mp4,1,0.9465631
/home/tianlong/Downloads//test/iknfqmugud.mp4,1,0.99031305
/home/tianlong/Downloads//test/whusuiiqmt.mp4,1,0.9994962
/home/tianlong/Downloads//test/ksrnzzbcsz.mp4,1,0.7627956
/home/tianlong/Downloads//test/xxhuecshhw.mp4,1,0.4370426
/home/tianlong/Downloads//test/okmlcbefeu.mp4,1,0.9904157
/home/tianlong/Downloads//test/xryrhuskyd.mp4,1,0.7216351
/home/tianlong/Downloads//test/wevygelkrl.mp4,1,0.5353242
/home/tianlong/Downloads//test/rdpausigpg.mp4,1,0.87097967
/home/tianlong/Downloads//test/fdziwiuoer.mp4,1,0.52194256
/home/tianlong/Downloads//test/kykmrtoitd.mp4,1,0.9817686
/home/tianlong/Downloads//test/eacsjvcmlp.mp4,1,0.9672015
/home/tianlong/Downloads//test/asvuutypvz.mp4,1,0.9999075
/home/tianlong/Downloads//test/nucqorkejg.mp4,1,0.83550674
/home/tianlong/Downloads//test/ctpexqamtx.mp4,1,0.86677706
/home/tianlong/Downloads//test/vnsxdkjjtk.mp4,1,0.9409568
/home/tianlong/Downloads//test/cktsyobheu.mp4,1,0.53140324
/home/tianlong/Downloads//test/kccicuhxgk.mp4,1,0.9977582
/home/tianlong/Downloads//test/qckjihxoze.mp4,1,0.99951255
/home/tianlong/Downloads//test/gvqtnedfso.mp4,1,0.8879879
/home/tianlong/Downloads//test/ajxkvlpgov.mp4,1,0.96557385
/home/tianlong/Downloads//test/srlilcjhaf.mp4,1,0.6564694
/home/tianlong/Downloads//test/qfjxksudna.mp4,1,0.9946996
/home/tianlong/Downloads//test/hstvglyexy.mp4,1,0.91473246
/home/tianlong/Downloads//test/jyyvhnsyys.mp4,1,0.99645644
/home/tianlong/Downloads//test/whxqigkgyk.mp4,1,0.93750507
/home/tianlong/Downloads//test/mqzrlecakr.mp4,1,0.5238447
/home/tianlong/Downloads//test/aeplbqxnge.mp4,1,0.9637862
/home/tianlong/Downloads//test/inwaznexiv.mp4,1,0.16624445
/home/tianlong/Downloads//test/anfupdhmyr.mp4,1,0.9983937
/home/tianlong/Downloads//test/wbvlgevkmb.mp4,1,0.32662737
/home/tianlong/Downloads//test/uiykwgaarz.mp4,1,0.08149086
/home/tianlong/Downloads//test/nvarnevska.mp4,1,0.905394
/home/tianlong/Downloads//test/ooczenomzk.mp4,1,0.5363888
/home/tianlong/Downloads//test/qtjuhlppot.mp4,1,0.9597003
/home/tianlong/Downloads//test/drqtyzvhdd.mp4,1,0.99985945
/home/tianlong/Downloads//test/ytljvippwv.mp4,1,0.75003654
/home/tianlong/Downloads//test/skrqoagxle.mp4,1,0.45535204
/home/tianlong/Downloads//test/shwkznunyp.mp4,1,0.9901248
/home/tianlong/Downloads//test/tlsoagxovk.mp4,1,0.5981435
/home/tianlong/Downloads//test/enpshnkugu.mp4,1,0.99865216
/home/tianlong/Downloads//test/vitjdpnfpi.mp4,1,0.51941824
/home/tianlong/Downloads//test/jovrnujurf.mp4,1,0.5194579
/home/tianlong/Downloads//test/sbwemwjlsl.mp4,1,0.93711853
/home/tianlong/Downloads//test/uclzxnftij.mp4,1,0.9426103
/home/tianlong/Downloads//test/sdqjjttckw.mp4,1,0.99928457
/home/tianlong/Downloads//test/wtmggpeiom.mp4,1,0.56391954
