Video,Label,Prediction
/home/tianlong/Downloads//test/myvwyfdnxu.mp4,0,0.071880415
/home/tianlong/Downloads//test/uxgkqpiykp.mp4,0,0.0012210923
/home/tianlong/Downloads//test/qyscponfaf.mp4,0,0.013267469
/home/tianlong/Downloads//test/tmgmbnzrrz.mp4,0,0.14222638
/home/tianlong/Downloads//test/wfmeffvvce.mp4,0,0.36587533
/home/tianlong/Downloads//test/fwrcfaglhz.mp4,0,0.44026867
/home/tianlong/Downloads//test/itfzfpuilx.mp4,0,0.029521694
/home/tianlong/Downloads//test/wupoiiknff.mp4,0,0.014935408
/home/tianlong/Downloads//test/dscprfjses.mp4,0,0.18625303
/home/tianlong/Downloads//test/ofntcunuqn.mp4,0,0.028050603
/home/tianlong/Downloads//test/imnzannmcr.mp4,0,0.0045817713
/home/tianlong/Downloads//test/jidkzoagws.mp4,0,0.07746388
/home/tianlong/Downloads//test/nkpqkddsgt.mp4,0,0.43596253
/home/tianlong/Downloads//test/xqmrrciral.mp4,0,0.038650714
/home/tianlong/Downloads//test/ykfllpyawg.mp4,0,0.24455476
/home/tianlong/Downloads//test/bpieoyctzo.mp4,0,0.20342268
/home/tianlong/Downloads//test/wjrepvzlsv.mp4,0,0.010230374
/home/tianlong/Downloads//test/voucpidonq.mp4,0,0.004302267
/home/tianlong/Downloads//test/fxfxtrrkeq.mp4,0,0.022773042
/home/tianlong/Downloads//test/qggfpdkyzi.mp4,0,0.012815121
/home/tianlong/Downloads//test/xyucutnxhz.mp4,0,0.03451234
/home/tianlong/Downloads//test/rkxepdkger.mp4,0,0.009663935
/home/tianlong/Downloads//test/fxxpxoqoxp.mp4,0,0.097765476
/home/tianlong/Downloads//test/jkxxwfycsj.mp4,0,0.31584555
/home/tianlong/Downloads//test/qbearsyziz.mp4,0,0.01506923
/home/tianlong/Downloads//test/kyrbveruev.mp4,0,0.014918046
/home/tianlong/Downloads//test/pdyrvsvwyi.mp4,0,0.0008996462
/home/tianlong/Downloads//test/bpxxmxuvuy.mp4,0,0.120786525
/home/tianlong/Downloads//test/ekxsduhvwh.mp4,0,0.015286338
/home/tianlong/Downloads//test/ocsqqqduxx.mp4,0,0.1239795
/home/tianlong/Downloads//test/qufzdwetss.mp4,0,0.004575979
/home/tianlong/Downloads//test/vwqrtxbwye.mp4,0,0.29517913
/home/tianlong/Downloads//test/zuduvanawx.mp4,0,0.3654445
/home/tianlong/Downloads//test/rkjhxvdnsv.mp4,0,0.029974278
/home/tianlong/Downloads//test/hpcivouyku.mp4,0,0.12353501
/home/tianlong/Downloads//test/vgndywbmgf.mp4,0,0.015385114
/home/tianlong/Downloads//test/hfgczdzbix.mp4,0,0.12117559
/home/tianlong/Downloads//test/rwehwmmutn.mp4,0,0.02957398
/home/tianlong/Downloads//test/jyfnzyvznx.mp4,0,0.00911495
/home/tianlong/Downloads//test/jxpodcendq.mp4,0,0.6325215
/home/tianlong/Downloads//test/kgynainlug.mp4,0,0.010681466
/home/tianlong/Downloads//test/hqgervpkkf.mp4,0,0.13677886
/home/tianlong/Downloads//test/defeqlyysh.mp4,0,0.08993274
/home/tianlong/Downloads//test/xzkwbswkao.mp4,0,0.06263473
/home/tianlong/Downloads//test/hhdblnxhtj.mp4,0,0.07271172
/home/tianlong/Downloads//test/oaptmwroki.mp4,0,0.02531517
/home/tianlong/Downloads//test/djlkkqmjkk.mp4,0,0.031417623
/home/tianlong/Downloads//test/motfposykz.mp4,0,0.07287218
/home/tianlong/Downloads//test/shvfupmrho.mp4,0,0.46563768
/home/tianlong/Downloads//test/escwmsthiz.mp4,0,0.042984396
/home/tianlong/Downloads//test/ctpypmzfnl.mp4,0,0.3931995
/home/tianlong/Downloads//test/sjqrdyzkgl.mp4,0,0.059466176
/home/tianlong/Downloads//test/ddrjnwlugg.mp4,0,0.36479542
/home/tianlong/Downloads//test/hxfqltenqh.mp4,0,0.0009940559
/home/tianlong/Downloads//test/umerhoubxw.mp4,0,0.07544963
/home/tianlong/Downloads//test/jxrpqynwlt.mp4,0,0.5983715
/home/tianlong/Downloads//test/hprzotbjtj.mp4,0,0.06708539
/home/tianlong/Downloads//test/cqewayywpg.mp4,0,0.039257742
/home/tianlong/Downloads//test/nvptcoxzah.mp4,0,0.041331414
/home/tianlong/Downloads//test/uvzlfuxalu.mp4,0,0.8191116
/home/tianlong/Downloads//test/mfcbgbcuvb.mp4,0,0.02214292
/home/tianlong/Downloads//test/tmtoypmqwt.mp4,0,0.1967286
/home/tianlong/Downloads//test/bsjucwhlrj.mp4,0,0.0042950665
/home/tianlong/Downloads//test/hlsubhyoea.mp4,0,0.009137299
/home/tianlong/Downloads//test/deslnszgpy.mp4,0,0.013578196
/home/tianlong/Downloads//test/tfwdbkwvgz.mp4,0,0.18991528
/home/tianlong/Downloads//test/ufxafdxpat.mp4,0,0.16715504
/home/tianlong/Downloads//test/lmacrzidyh.mp4,0,0.011897497
/home/tianlong/Downloads//test/wyiajvmitt.mp4,0,0.09252573
/home/tianlong/Downloads//test/xbdnqfbxcv.mp4,0,0.0005161842
/home/tianlong/Downloads//test/mhfnldxixw.mp4,0,0.007093976
/home/tianlong/Downloads//test/pfiigjlcct.mp4,0,0.14758596
/home/tianlong/Downloads//test/ldtibsniik.mp4,0,0.0045507667
/home/tianlong/Downloads//test/gwzttezkpv.mp4,0,0.0022907092
/home/tianlong/Downloads//test/pevmkpamhv.mp4,0,0.011694007
/home/tianlong/Downloads//test/zcfpsnaujx.mp4,0,0.3870767
/home/tianlong/Downloads//test/slvcfpalev.mp4,0,0.0076911803
/home/tianlong/Downloads//test/ctdwtfcjei.mp4,0,0.21934094
/home/tianlong/Downloads//test/vxwsisekmb.mp4,0,0.15112834
/home/tianlong/Downloads//test/pkoadvlpga.mp4,0,0.0046646027
/home/tianlong/Downloads//test/ofapaanpkl.mp4,0,0.106720984
/home/tianlong/Downloads//test/huzryvwrfa.mp4,0,0.04389288
/home/tianlong/Downloads//test/knjoasqzvt.mp4,0,0.07153846
/home/tianlong/Downloads//test/cedpyannqf.mp4,0,0.02138153
/home/tianlong/Downloads//test/mdwtpvlbrz.mp4,0,0.002057266
/home/tianlong/Downloads//test/hfcxlucrbj.mp4,0,0.4933292
/home/tianlong/Downloads//test/wbsajsyaej.mp4,0,0.0013341334
/home/tianlong/Downloads//test/tbqrwehekx.mp4,0,0.15743473
/home/tianlong/Downloads//test/shslgpeisw.mp4,0,0.12981735
/home/tianlong/Downloads//test/epgfqrvwlr.mp4,0,0.33440048
/home/tianlong/Downloads//test/fduhwlydlg.mp4,0,0.028255902
/home/tianlong/Downloads//test/cpmridjxbc.mp4,0,0.0073252916
/home/tianlong/Downloads//test/kphflojove.mp4,0,0.43591124
/home/tianlong/Downloads//test/hlcpwfwcyw.mp4,0,0.06520455
/home/tianlong/Downloads//test/bpeemkcxad.mp4,0,0.52489406
/home/tianlong/Downloads//test/jkadnvoqhk.mp4,0,0.26434037
/home/tianlong/Downloads//test/lzzpsosige.mp4,0,0.104350485
/home/tianlong/Downloads//test/pxtwhbaxjq.mp4,0,0.22902828
/home/tianlong/Downloads//test/pxgcsltbuo.mp4,0,0.048115794
/home/tianlong/Downloads//test/gmepmwcgwg.mp4,0,0.25036797
/home/tianlong/Downloads//test/tnetytnegv.mp4,0,0.14054741
/home/tianlong/Downloads//test/sxmqvznwwq.mp4,0,0.22134802
/home/tianlong/Downloads//test/partcfzlbj.mp4,0,0.09678147
/home/tianlong/Downloads//test/tnkmovifrb.mp4,0,0.7660503
/home/tianlong/Downloads//test/dpgznlwvpx.mp4,0,0.022754971
/home/tianlong/Downloads//test/mbpbbekqks.mp4,0,0.42864543
/home/tianlong/Downloads//test/hdbejalgtx.mp4,0,0.0033963765
/home/tianlong/Downloads//test/bmdiaytrcm.mp4,0,0.20725189
/home/tianlong/Downloads//test/yghxoihrle.mp4,0,0.0064315847
/home/tianlong/Downloads//test/vcgelshrli.mp4,0,0.2934187
/home/tianlong/Downloads//test/yvdnbmbwyh.mp4,0,0.33705065
/home/tianlong/Downloads//test/kmakhupeac.mp4,0,0.43114334
/home/tianlong/Downloads//test/ccevbixrwu.mp4,0,0.07766253
/home/tianlong/Downloads//test/edavfjsjzw.mp4,0,0.10522103
/home/tianlong/Downloads//test/znmzmierff.mp4,0,0.09899402
/home/tianlong/Downloads//test/kiotoqmmfj.mp4,0,0.122976385
/home/tianlong/Downloads//test/nqctdktbtb.mp4,0,0.07661039
/home/tianlong/Downloads//test/inneixkosf.mp4,0,0.049759664
/home/tianlong/Downloads//test/occrrsyizc.mp4,0,0.030296918
/home/tianlong/Downloads//test/zfecmsiodq.mp4,0,0.10166981
/home/tianlong/Downloads//test/haknpmhigp.mp4,0,0.025671994
/home/tianlong/Downloads//test/zjbwxmmrgk.mp4,0,0.011257728
/home/tianlong/Downloads//test/qgpabkriss.mp4,0,0.029358702
/home/tianlong/Downloads//test/liureznisp.mp4,0,0.08863952
/home/tianlong/Downloads//test/bzdywpajvr.mp4,0,0.07346265
/home/tianlong/Downloads//test/jniytngcmy.mp4,0,0.048608307
/home/tianlong/Downloads//test/idklchvhxp.mp4,0,0.0072893435
/home/tianlong/Downloads//test/pijzjjchqn.mp4,0,0.59470004
/home/tianlong/Downloads//test/pjnsejazpl.mp4,0,0.0058749323
/home/tianlong/Downloads//test/gpaqoqegbn.mp4,0,0.025477583
/home/tianlong/Downloads//test/xsxwrwvfkg.mp4,0,0.37028944
/home/tianlong/Downloads//test/arwefyghir.mp4,0,0.0015764867
/home/tianlong/Downloads//test/ptgvxdueef.mp4,0,0.012890538
/home/tianlong/Downloads//test/plljpjscih.mp4,0,0.047811676
/home/tianlong/Downloads//test/jozfaxodnx.mp4,0,0.21855068
/home/tianlong/Downloads//test/girdwtjwsr.mp4,0,0.0034296724
/home/tianlong/Downloads//test/jbaahohsns.mp4,0,0.39414015
/home/tianlong/Downloads//test/uetfcmaryk.mp4,0,0.6411133
/home/tianlong/Downloads//test/oqbltrmhvt.mp4,0,0.4806215
/home/tianlong/Downloads//test/dvtzvkcrku.mp4,0,0.039810747
/home/tianlong/Downloads//test/qjilklnynm.mp4,0,0.014261928
/home/tianlong/Downloads//test/tcsdjwbihw.mp4,0,0.0066478606
/home/tianlong/Downloads//test/zhftwvtutp.mp4,0,0.042308673
/home/tianlong/Downloads//test/xgktqwvknw.mp4,0,0.031281583
/home/tianlong/Downloads//test/cdeesuuuqz.mp4,0,0.0014728976
/home/tianlong/Downloads//test/ymngcysczs.mp4,0,0.01977443
/home/tianlong/Downloads//test/gctyynjruz.mp4,0,0.18449548
/home/tianlong/Downloads//test/vkirqaiuoc.mp4,0,0.015644412
/home/tianlong/Downloads//test/ykywskdwlc.mp4,0,0.26004004
/home/tianlong/Downloads//test/verpxkucoi.mp4,0,0.015005999
/home/tianlong/Downloads//test/gpsqelalbp.mp4,0,0.014465842
/home/tianlong/Downloads//test/paorozwtbf.mp4,0,0.15635447
/home/tianlong/Downloads//test/iaaecuquha.mp4,0,0.2090477
/home/tianlong/Downloads//test/lmgdjtzwau.mp4,0,0.22631432
/home/tianlong/Downloads//test/tayykmblhg.mp4,0,0.0098368665
/home/tianlong/Downloads//test/hpurahupjh.mp4,0,0.035857774
/home/tianlong/Downloads//test/uutxmgqajd.mp4,0,0.35656607
/home/tianlong/Downloads//test/rbkcpkwhjn.mp4,0,0.063579254
/home/tianlong/Downloads//test/wtnloygygs.mp4,0,0.18135008
/home/tianlong/Downloads//test/biborxaekt.mp4,0,0.1443397
/home/tianlong/Downloads//test/drlnvwvvuw.mp4,0,0.019941034
/home/tianlong/Downloads//test/axutpjywuu.mp4,0,0.040880516
/home/tianlong/Downloads//test/jbcnsmlysc.mp4,0,0.15133113
/home/tianlong/Downloads//test/ilzhgraxpl.mp4,0,0.22125575
/home/tianlong/Downloads//test/cwqhzuhjol.mp4,0,0.042055048
/home/tianlong/Downloads//test/tlzordotqw.mp4,0,0.43499577
/home/tianlong/Downloads//test/hdauuytvhx.mp4,0,0.114193514
/home/tianlong/Downloads//test/rtiyduycrn.mp4,0,0.27453423
/home/tianlong/Downloads//test/mdsmgzaltc.mp4,0,0.11241931
/home/tianlong/Downloads//test/mnlxxoicoo.mp4,0,0.07849032
/home/tianlong/Downloads//test/ksfuiztwuc.mp4,0,0.003157632
/home/tianlong/Downloads//test/tpjydgkvdt.mp4,0,0.103102356
/home/tianlong/Downloads//test/nmjesbwiux.mp4,0,0.033101656
/home/tianlong/Downloads//test/egzfaoiuwo.mp4,0,0.005744843
/home/tianlong/Downloads//test/ucmfbukrkj.mp4,0,0.0019476261
/home/tianlong/Downloads//test/aoqzxlwvmi.mp4,0,0.62751436
/home/tianlong/Downloads//test/zzjfzeuizr.mp4,0,0.41226527
/home/tianlong/Downloads//test/aunokqsmrt.mp4,0,0.5033999
/home/tianlong/Downloads//test/kudvvlgiff.mp4,0,0.19153297
/home/tianlong/Downloads//test/qqwsabrgxh.mp4,0,0.003495731
/home/tianlong/Downloads//test/pvsslamopo.mp4,0,0.13256949
/home/tianlong/Downloads//test/kawxnfacqs.mp4,0,0.0014892834
/home/tianlong/Downloads//test/lxeqbyddvt.mp4,0,0.066790015
/home/tianlong/Downloads//test/zylribcaeu.mp4,0,0.4805701
/home/tianlong/Downloads//test/sghdekqnnn.mp4,0,0.17700823
/home/tianlong/Downloads//test/msbqgoxxlh.mp4,0,0.05347669
/home/tianlong/Downloads//test/ubbzrfgzer.mp4,0,0.00842161
/home/tianlong/Downloads//test/vuofhivyfs.mp4,0,0.024749603
/home/tianlong/Downloads//test/xirrbpmlja.mp4,0,0.06549786
/home/tianlong/Downloads//test/appvffejyy.mp4,0,0.10430705
/home/tianlong/Downloads//test/nzepxsbotb.mp4,0,0.0069883354
/home/tianlong/Downloads//test/nkqkvwpghi.mp4,0,0.18082625
/home/tianlong/Downloads//test/vdvffooule.mp4,0,0.31869486
/home/tianlong/Downloads//test/rayhrvqorn.mp4,0,0.011959994
/home/tianlong/Downloads//test/cslfapvyjv.mp4,0,0.3159671
/home/tianlong/Downloads//test/rmygsfjyvt.mp4,0,0.03550903
/home/tianlong/Downloads//test/yhbhhibwzo.mp4,0,0.19369486
/home/tianlong/Downloads//test/vlxfyuzygn.mp4,0,0.058805708
/home/tianlong/Downloads//test/zefqhoewww.mp4,0,0.03473916
/home/tianlong/Downloads//test/vptrrrmhyb.mp4,0,0.0013492113
/home/tianlong/Downloads//test/cefolmrrlx.mp4,0,0.14219902
/home/tianlong/Downloads//test/xzmplldajk.mp4,0,0.17805795
/home/tianlong/Downloads//test/hrznynemfj.mp4,0,0.02876413
/home/tianlong/Downloads//test/tkxblcleyd.mp4,0,0.010398711
/home/tianlong/Downloads//test/tlxgwzheli.mp4,0,0.013745713
/home/tianlong/Downloads//test/qvgutokvct.mp4,0,0.47425172
/home/tianlong/Downloads//test/tcwyxrvdpe.mp4,0,0.005733589
/home/tianlong/Downloads//test/jwrypvpvpx.mp4,0,0.01484437
/home/tianlong/Downloads//test/bpyjsrjcro.mp4,0,0.0868642
/home/tianlong/Downloads//test/avteqdmbob.mp4,0,0.008740318
/home/tianlong/Downloads//test/aaivbtdyjn.mp4,0,0.4363495
/home/tianlong/Downloads//test/pokctfragw.mp4,0,0.0040917248
/home/tianlong/Downloads//test/vgdllmzjcw.mp4,0,0.19012997
/home/tianlong/Downloads//test/zdlhavfmit.mp4,0,0.0049421974
/home/tianlong/Downloads//test/yupsrmckii.mp4,0,0.03649694
/home/tianlong/Downloads//test/pobpsxjbzg.mp4,0,0.06061573
/home/tianlong/Downloads//test/lkvouattut.mp4,0,0.0033909644
/home/tianlong/Downloads//test/anjzzdyhno.mp4,0,0.024709977
/home/tianlong/Downloads//test/jvihmimqca.mp4,0,0.0057406067
/home/tianlong/Downloads//test/wnoitecfmf.mp4,0,0.11722499
/home/tianlong/Downloads//test/gbvllwqbjl.mp4,0,0.10719609
/home/tianlong/Downloads//test/gzabjmglim.mp4,0,0.0037403016
/home/tianlong/Downloads//test/paqcbtdulm.mp4,0,0.07374008
/home/tianlong/Downloads//test/jcbbrqaaaq.mp4,0,0.0040579014
/home/tianlong/Downloads//test/nsavbywhlu.mp4,0,0.009024564
/home/tianlong/Downloads//test/zwfebeiqat.mp4,0,0.014289657
/home/tianlong/Downloads//test/pimrsfwcwm.mp4,0,0.019014616
/home/tianlong/Downloads//test/mrvdmwcblt.mp4,0,0.050840646
/home/tianlong/Downloads//test/hedetzyqpu.mp4,0,0.5878583
/home/tianlong/Downloads//test/qytaiboeep.mp4,0,0.52218944
/home/tianlong/Downloads//test/famavifufv.mp4,0,0.024085727
/home/tianlong/Downloads//test/hnselekxwv.mp4,0,0.28801742
/home/tianlong/Downloads//test/emgciwmtuj.mp4,0,0.10177379
/home/tianlong/Downloads//test/wbmvbetcdm.mp4,0,0.014085668
/home/tianlong/Downloads//test/mpvnvvihzp.mp4,0,0.0050066127
/home/tianlong/Downloads//test/zelgpxflfe.mp4,0,0.37027058
/home/tianlong/Downloads//test/lhjcdavmmg.mp4,0,0.09440277
/home/tianlong/Downloads//test/rxtqqoncwj.mp4,0,0.0014384668
/home/tianlong/Downloads//test/shrpamtirw.mp4,0,0.05427716
/home/tianlong/Downloads//test/qhzlgrtgto.mp4,0,0.036032952
/home/tianlong/Downloads//test/uuzyzglejw.mp4,0,0.08936572
/home/tianlong/Downloads//test/bmnpqrwnex.mp4,0,0.12255905
/home/tianlong/Downloads//test/dtssdnhgiw.mp4,0,0.034500945
/home/tianlong/Downloads//test/rlhmppiklf.mp4,0,0.132718
/home/tianlong/Downloads//test/sswhgeqjrt.mp4,0,0.021173181
/home/tianlong/Downloads//test/emxqsgqtdz.mp4,0,0.023165304
/home/tianlong/Downloads//test/bcwtjzsutw.mp4,0,0.4996611
/home/tianlong/Downloads//test/uomfimsutw.mp4,0,0.2828112
/home/tianlong/Downloads//test/mztlucosuc.mp4,0,0.029264655
/home/tianlong/Downloads//test/ntcfyojagi.mp4,0,0.007537279
/home/tianlong/Downloads//test/wrbuiboyat.mp4,0,0.105485484
/home/tianlong/Downloads//test/xiqecarvpb.mp4,0,0.057320986
/home/tianlong/Downloads//test/fcvzlzfufb.mp4,0,0.32954994
/home/tianlong/Downloads//test/savqrjnncg.mp4,0,0.036372755
/home/tianlong/Downloads//test/icqmqztbry.mp4,0,0.00310129
/home/tianlong/Downloads//test/zzrmokkxka.mp4,0,0.24250309
/home/tianlong/Downloads//test/btgxrrldio.mp4,0,0.14945234
/home/tianlong/Downloads//test/zdnepyqjiy.mp4,0,0.38634342
/home/tianlong/Downloads//test/fybiztpnrc.mp4,0,0.004137843
/home/tianlong/Downloads//test/parqhrknkf.mp4,0,0.41394618
/home/tianlong/Downloads//test/tvffpggbrc.mp4,0,0.003103284
/home/tianlong/Downloads//test/rtpuwtrxsr.mp4,0,0.2909046
/home/tianlong/Downloads//test/tgmqfzsznf.mp4,0,0.06718188
/home/tianlong/Downloads//test/eqabuehals.mp4,0,0.25013953
/home/tianlong/Downloads//test/ikebomnsiq.mp4,0,0.039639093
/home/tianlong/Downloads//test/wfzxrfxohw.mp4,0,0.009418149
/home/tianlong/Downloads//test/dqfgwejsvm.mp4,0,0.24107562
/home/tianlong/Downloads//test/lxadgjqzbf.mp4,0,0.08547552
/home/tianlong/Downloads//test/tdahgbtenl.mp4,0,0.42662352
/home/tianlong/Downloads//test/bivzhsmrqo.mp4,0,0.055245787
/home/tianlong/Downloads//test/vzxluflrhn.mp4,0,0.0063105663
/home/tianlong/Downloads//test/ikmsdmynbf.mp4,0,0.188849
/home/tianlong/Downloads//test/kuqbgbrypa.mp4,0,0.26152864
/home/tianlong/Downloads//test/nfstajzaot.mp4,0,0.011097628
/home/tianlong/Downloads//test/dultiznosk.mp4,0,0.004313545
/home/tianlong/Downloads//test/ckqfqernbf.mp4,0,0.0028922367
/home/tianlong/Downloads//test/kbdwudhhwf.mp4,0,0.0017799175
/home/tianlong/Downloads//test/hqpjmwyygq.mp4,0,0.40468186
/home/tianlong/Downloads//test/tjyuudtkme.mp4,0,0.00975435
/home/tianlong/Downloads//test/tihgxlmfcj.mp4,0,0.0057864045
/home/tianlong/Downloads//test/sgdnbofecu.mp4,0,0.12403526
/home/tianlong/Downloads//test/pgamqeolau.mp4,0,0.16717857
/home/tianlong/Downloads//test/ijeqomctsa.mp4,0,0.046914086
/home/tianlong/Downloads//test/ppruxbqpmc.mp4,0,0.0061773085
/home/tianlong/Downloads//test/hkvfyeacje.mp4,0,0.09758719
/home/tianlong/Downloads//test/zqrzqekofe.mp4,0,0.0028982328
/home/tianlong/Downloads//test/iwzbgmtsuh.mp4,0,0.039977714
/home/tianlong/Downloads//test/dbixwxtuxs.mp4,0,0.0051157284
/home/tianlong/Downloads//test/cepqcoseaj.mp4,0,0.012555972
/home/tianlong/Downloads//test/gypapuqdrx.mp4,0,0.4422412
/home/tianlong/Downloads//test/djhhnixfyi.mp4,0,0.0023491501
/home/tianlong/Downloads//test/fkarxowzuf.mp4,0,0.14915237
/home/tianlong/Downloads//test/gfxnuidfgl.mp4,0,0.0058468888
/home/tianlong/Downloads//test/vsreebjsfs.mp4,0,0.2787171
/home/tianlong/Downloads//test/manqchicur.mp4,0,0.10125663
/home/tianlong/Downloads//test/gztffgsxpt.mp4,0,0.060476657
/home/tianlong/Downloads//test/jdzkykqgsx.mp4,0,0.30235362
/home/tianlong/Downloads//test/cvbubcwkkl.mp4,0,0.061715793
/home/tianlong/Downloads//test/bgqhldvsgc.mp4,0,0.0020417112
/home/tianlong/Downloads//test/blqgpxokwq.mp4,0,0.023368452
/home/tianlong/Downloads//test/cxvayntesu.mp4,0,0.13616988
/home/tianlong/Downloads//test/dxepehnhgm.mp4,0,0.11517295
/home/tianlong/Downloads//test/bcgjlsupne.mp4,0,0.18473333
/home/tianlong/Downloads//test/uhynwthfhf.mp4,0,0.4053461
/home/tianlong/Downloads//test/gocrdvihos.mp4,0,0.3050183
/home/tianlong/Downloads//test/gtyvtbojpp.mp4,0,0.005444767
/home/tianlong/Downloads//test/eqtwkqxolz.mp4,0,0.09868045
/home/tianlong/Downloads//test/arwiyweadv.mp4,0,0.40529478
/home/tianlong/Downloads//test/mlizcisxro.mp4,0,0.051533442
/home/tianlong/Downloads//test/miiymgajty.mp4,0,0.015131823
/home/tianlong/Downloads//test/ragjclplkx.mp4,0,0.005665343
/home/tianlong/Downloads//test/wxrfuemtxj.mp4,0,0.008657439
/home/tianlong/Downloads//test/xxupwwukoh.mp4,0,0.5277817
/home/tianlong/Downloads//test/qdantvtdji.mp4,0,0.36309314
/home/tianlong/Downloads//test/oqehnuhbwa.mp4,0,0.07266946
/home/tianlong/Downloads//test/yzqbwkwxsn.mp4,0,0.0062637525
/home/tianlong/Downloads//test/osjaqtkkdt.mp4,0,0.09517868
/home/tianlong/Downloads//test/nthlmvjxac.mp4,0,0.1811346
/home/tianlong/Downloads//test/dpegbdzijf.mp4,0,0.0073285
/home/tianlong/Downloads//test/ezgusylcyf.mp4,0,0.36334547
/home/tianlong/Downloads//test/isxxybhuls.mp4,0,0.52059317
/home/tianlong/Downloads//test/dbqbwrcvjk.mp4,0,0.08736386
/home/tianlong/Downloads//test/qqrvyhjznq.mp4,0,0.020061843
/home/tianlong/Downloads//test/ohdtmpzbtp.mp4,0,0.0058474266
/home/tianlong/Downloads//test/oupztxzdln.mp4,0,0.0058254744
/home/tianlong/Downloads//test/snidpujjti.mp4,0,0.011939445
/home/tianlong/Downloads//test/yoxdseoukl.mp4,0,0.49432802
/home/tianlong/Downloads//test/bxsdnqizii.mp4,0,0.16019735
/home/tianlong/Downloads//test/ihszkmcwvw.mp4,0,0.0147655485
/home/tianlong/Downloads//test/rgrqhjtoby.mp4,0,0.07202628
/home/tianlong/Downloads//test/vqibhetnwa.mp4,0,0.38146126
/home/tianlong/Downloads//test/rkqqgwurqt.mp4,0,0.33945483
/home/tianlong/Downloads//test/axdepsfowg.mp4,0,0.010063169
/home/tianlong/Downloads//test/dcpmipuapc.mp4,0,0.0060727713
/home/tianlong/Downloads//test/ncjqganhal.mp4,0,0.20684747
/home/tianlong/Downloads//test/qnbnlmpqpu.mp4,0,0.21193428
/home/tianlong/Downloads//test/ieoervpooz.mp4,0,0.055282343
/home/tianlong/Downloads//test/fscyfygpyk.mp4,0,0.067603275
/home/tianlong/Downloads//test/pitpjawwwp.mp4,0,0.2446839
/home/tianlong/Downloads//test/geturetbpy.mp4,0,0.11677035
/home/tianlong/Downloads//test/kwsraaqime.mp4,0,0.051627602
/home/tianlong/Downloads//test/lhgoghqmub.mp4,0,0.039420757
/home/tianlong/Downloads//test/kdmonvkpqd.mp4,0,0.2993687
/home/tianlong/Downloads//test/wrcelewmpa.mp4,0,0.24443357
/home/tianlong/Downloads//test/bxqgvzamnx.mp4,0,0.038759943
/home/tianlong/Downloads//test/nliofvksed.mp4,0,0.23163153
/home/tianlong/Downloads//test/mwjnvghsbe.mp4,0,0.041322593
/home/tianlong/Downloads//test/ygiscbckjl.mp4,0,0.09800749
/home/tianlong/Downloads//test/wscclwhfsr.mp4,0,0.38265473
/home/tianlong/Downloads//test/hddminxrhw.mp4,0,0.19396135
/home/tianlong/Downloads//test/ncrkggcdqp.mp4,0,0.42956266
/home/tianlong/Downloads//test/xjinzawywt.mp4,0,0.3808264
/home/tianlong/Downloads//test/korrsqtkke.mp4,0,0.17735079
/home/tianlong/Downloads//test/tskjnnvjsa.mp4,0,0.07917794
/home/tianlong/Downloads//test/tyjxmknivy.mp4,0,0.18615611
/home/tianlong/Downloads//test/qyvqrtscbk.mp4,0,0.0023669738
/home/tianlong/Downloads//test/kxnybtbpkl.mp4,0,0.0039687036
/home/tianlong/Downloads//test/wiqtkqwfsw.mp4,0,0.15227324
/home/tianlong/Downloads//test/bevjclbhuo.mp4,0,0.044538327
/home/tianlong/Downloads//test/shwulrbsfx.mp4,0,0.18551989
/home/tianlong/Downloads//test/mohtuktaaq.mp4,0,0.0033063088
/home/tianlong/Downloads//test/fwsypadiom.mp4,0,0.20564842
/home/tianlong/Downloads//test/buywrbgfqy.mp4,0,0.24601094
/home/tianlong/Downloads//test/bljpdykszf.mp4,0,0.43622598
/home/tianlong/Downloads//test/ztxdkcoxvx.mp4,0,0.010643138
/home/tianlong/Downloads//test/oqeoibjbim.mp4,0,0.008206774
/home/tianlong/Downloads//test/szwhgmrrhm.mp4,0,0.072626375
/home/tianlong/Downloads//test/xnydmgdhum.mp4,0,0.10894826
/home/tianlong/Downloads//test/fltaysfwct.mp4,0,0.09734293
/home/tianlong/Downloads//test/akdvkdoyoh.mp4,0,0.47407746
/home/tianlong/Downloads//test/ftfemkjnot.mp4,0,0.016607733
/home/tianlong/Downloads//test/gmbckelbzp.mp4,0,0.20255062
/home/tianlong/Downloads//test/jjzveabagf.mp4,0,0.0102355415
/home/tianlong/Downloads//test/dfqwasrdvq.mp4,0,0.0030102762
/home/tianlong/Downloads//test/diskzkrrph.mp4,0,0.31279013
/home/tianlong/Downloads//test/jtwpwdqmxz.mp4,0,0.35116935
/home/tianlong/Downloads//test/qivnumuetu.mp4,0,0.006680461
/home/tianlong/Downloads//test/blmuzhjygg.mp4,0,0.01721181
/home/tianlong/Downloads//test/sbxlfehzjc.mp4,0,0.4565276
/home/tianlong/Downloads//test/tcwhwssdnv.mp4,0,0.040670574
/home/tianlong/Downloads//test/bkbokyebco.mp4,0,0.038707513
/home/tianlong/Downloads//test/vojsghpebv.mp4,0,0.11829122
/home/tianlong/Downloads//test/opuhoerhxb.mp4,0,0.048272632
/home/tianlong/Downloads//test/mmhdcoqsve.mp4,0,0.2779049
/home/tianlong/Downloads//test/ewxddjqzml.mp4,0,0.015624335
/home/tianlong/Downloads//test/dznchaiaqh.mp4,0,0.036443174
/home/tianlong/Downloads//test/mloeefokyq.mp4,0,0.39354917
/home/tianlong/Downloads//test/fgkpembbpv.mp4,0,0.01617123
/home/tianlong/Downloads//test/orqafstesq.mp4,0,0.07555236
/home/tianlong/Downloads//test/ckgabgjnca.mp4,0,0.29522976
/home/tianlong/Downloads//test/iuvhrgckrt.mp4,0,0.4040408
/home/tianlong/Downloads//test/vlzwcejywm.mp4,0,0.0016648932
/home/tianlong/Downloads//test/cpucjmfawf.mp4,0,0.21223782
/home/tianlong/Downloads//test/ekvhyeycpr.mp4,0,0.020711634
/home/tianlong/Downloads//test/tazlckybzu.mp4,0,0.04351329
/home/tianlong/Downloads//test/clxgzkdgta.mp4,0,0.5627649
/home/tianlong/Downloads//test/zlfbumxcxs.mp4,0,0.019730905
/home/tianlong/Downloads//test/plhcceboag.mp4,0,0.16003437
/home/tianlong/Downloads//test/extihvlsxg.mp4,0,0.007778872
/home/tianlong/Downloads//test/olebnvxoyl.mp4,0,0.0038094963
/home/tianlong/Downloads//test/opdqcwqxzy.mp4,0,0.012763748
/home/tianlong/Downloads//test/stwaypekwh.mp4,0,0.0071430937
/home/tianlong/Downloads//test/xogwctpikv.mp4,0,0.19778247
/home/tianlong/Downloads//test/cjiwxfwcit.mp4,0,0.02489471
/home/tianlong/Downloads//test/txshgvrava.mp4,0,0.009994383
/home/tianlong/Downloads//test/ggpuxwhpri.mp4,0,0.5289532
/home/tianlong/Downloads//test/jlxnzxtopm.mp4,0,0.00069966953
/home/tianlong/Downloads//test/thjugpbwcv.mp4,0,0.21001898
/home/tianlong/Downloads//test/pkititkein.mp4,0,0.0118048685
/home/tianlong/Downloads//test/hjiwmybauf.mp4,0,0.15861359
/home/tianlong/Downloads//test/efazuieysm.mp4,0,0.005363082
/home/tianlong/Downloads//test/tdzsgrdneg.mp4,0,0.39390296
/home/tianlong/Downloads//test/mkxmvreoth.mp4,0,0.001988343
/home/tianlong/Downloads//test/ofbjiuemkr.mp4,0,0.007150022
/home/tianlong/Downloads//test/dogotzkdiw.mp4,0,0.0030808481
/home/tianlong/Downloads//test/qdmvzknbua.mp4,0,0.006690027
/home/tianlong/Downloads//test/pnauelqbxq.mp4,0,0.38534743
/home/tianlong/Downloads//test/sytddqezij.mp4,0,0.016928049
/home/tianlong/Downloads//test/bhpddnqauc.mp4,0,0.017497635
/home/tianlong/Downloads//test/imtkdzkypf.mp4,0,0.326682
/home/tianlong/Downloads//test/kbodjivgqu.mp4,0,0.011771723
/home/tianlong/Downloads//test/qtxraeaxeh.mp4,0,0.25348267
/home/tianlong/Downloads//test/uaxmqpmswz.mp4,0,0.023178082
/home/tianlong/Downloads//test/qlbapiibba.mp4,0,0.062615834
/home/tianlong/Downloads//test/mzurunkulx.mp4,0,0.19245082
/home/tianlong/Downloads//test/aujoxrpddn.mp4,0,0.14079611
/home/tianlong/Downloads//test/ebenvuuxld.mp4,0,0.01433265
/home/tianlong/Downloads//test/fsfjlwwsen.mp4,0,0.44295081
/home/tianlong/Downloads//test/zwgaptzuqt.mp4,0,0.050980162
/home/tianlong/Downloads//test/gldpafckwo.mp4,0,0.186938
/home/tianlong/Downloads//test/nvkzpexyzg.mp4,0,0.0130830435
/home/tianlong/Downloads//test/vnrmxwtsmf.mp4,0,0.005979174
/home/tianlong/Downloads//test/hmofiqjzxe.mp4,0,0.61019224
/home/tianlong/Downloads//test/ucryyubbqk.mp4,0,0.05818014
/home/tianlong/Downloads//test/gwqdrapybq.mp4,0,0.018897997
/home/tianlong/Downloads//test/avttogwbyz.mp4,0,0.028630124
/home/tianlong/Downloads//test/hbmvxgonmq.mp4,0,0.20819677
/home/tianlong/Downloads//test/gxxlbjuyza.mp4,0,0.015494416
/home/tianlong/Downloads//test/jhzozsurac.mp4,0,0.1917715
/home/tianlong/Downloads//test/opyqudaics.mp4,0,0.0012689529
/home/tianlong/Downloads//test/vigbdgmudk.mp4,0,0.006795388
/home/tianlong/Downloads//test/viidhkoxyv.mp4,0,0.057341304
/home/tianlong/Downloads//test/dmpvbeyuqb.mp4,0,0.03404284
/home/tianlong/Downloads//test/wgycqahjww.mp4,0,0.38132122
/home/tianlong/Downloads//test/wwgmzeavbd.mp4,0,0.047304396
/home/tianlong/Downloads//test/qtqyglbdem.mp4,0,0.21536526
/home/tianlong/Downloads//test/nqynuhnklk.mp4,0,0.2059645
/home/tianlong/Downloads//test/jygbqsigcr.mp4,0,0.031212067
/home/tianlong/Downloads//test/nsozqvhalr.mp4,0,0.31294975
/home/tianlong/Downloads//test/yvmrwdyxby.mp4,0,0.0040345467
/home/tianlong/Downloads//test/kvhbyuklfv.mp4,0,0.023387723
/home/tianlong/Downloads//test/iwnfvkmktq.mp4,0,0.31781957
/home/tianlong/Downloads//test/qzfmctgxcs.mp4,0,0.29226926
/home/tianlong/Downloads//test/vhipamioud.mp4,0,0.26548317
/home/tianlong/Downloads//test/lmbvoxhowe.mp4,0,0.39901057
/home/tianlong/Downloads//test/ziqjamfzlv.mp4,0,0.110070504
/home/tianlong/Downloads//test/kqnwutdvpd.mp4,0,0.056657508
/home/tianlong/Downloads//test/lucpbeexdk.mp4,0,0.002961884
/home/tianlong/Downloads//test/pnotaniiuh.mp4,0,0.0077401367
/home/tianlong/Downloads//test/qohtjkzity.mp4,0,0.11454612
/home/tianlong/Downloads//test/bkjhfcvsig.mp4,0,0.01778592
/home/tianlong/Downloads//test/kpcrdurodw.mp4,0,0.1780042
/home/tianlong/Downloads//test/nmphdbflzj.mp4,0,0.34657717
/home/tianlong/Downloads//test/fmsxomanga.mp4,0,0.32452375
/home/tianlong/Downloads//test/tgwpcoljin.mp4,0,0.02909382
/home/tianlong/Downloads//test/foynwjsqeh.mp4,0,0.18541294
/home/tianlong/Downloads//test/vdqritvjfl.mp4,0,0.21198398
/home/tianlong/Downloads//test/egyemqrvna.mp4,0,0.4530442
/home/tianlong/Downloads//test/xrtmepdfyh.mp4,0,0.20937881
/home/tianlong/Downloads//test/zfgjechdto.mp4,0,0.003140275
/home/tianlong/Downloads//test/jujpqsrgll.mp4,0,0.10243474
/home/tianlong/Downloads//test/iakzgqqova.mp4,0,0.16672392
/home/tianlong/Downloads//test/fqdklzzkfj.mp4,0,0.79913163
/home/tianlong/Downloads//test/dnfnxwbsoi.mp4,0,0.041095782
/home/tianlong/Downloads//test/lynaeydofd.mp4,0,0.018474966
/home/tianlong/Downloads//test/relrfifywa.mp4,0,0.086956955
/home/tianlong/Downloads//test/imsacxixmv.mp4,0,0.048488818
/home/tianlong/Downloads//test/rfbwukxpye.mp4,0,0.014388584
/home/tianlong/Downloads//test/atixaudngu.mp4,0,0.0017998761
/home/tianlong/Downloads//test/tcychsyltm.mp4,0,0.042937603
/home/tianlong/Downloads//test/kifyfzqzjj.mp4,0,0.043783117
/home/tianlong/Downloads//test/irjbukzjqt.mp4,0,0.3405841
/home/tianlong/Downloads//test/jmkkbkvbjo.mp4,0,0.3389065
/home/tianlong/Downloads//test/gflhlvhqyl.mp4,0,0.3192132
/home/tianlong/Downloads//test/myebjqbxsl.mp4,0,0.0048725754
/home/tianlong/Downloads//test/mqeqiytluf.mp4,0,0.016124943
/home/tianlong/Downloads//test/zbsjlcsetv.mp4,0,0.004277723
/home/tianlong/Downloads//test/lzmxqxrruv.mp4,0,0.008748278
/home/tianlong/Downloads//test/neotrnwthu.mp4,0,0.1242761
/home/tianlong/Downloads//test/vwigtbeivy.mp4,0,0.01699435
/home/tianlong/Downloads//test/ldtscpryms.mp4,0,0.018480837
/home/tianlong/Downloads//test/sjgmmecazy.mp4,0,0.23145509
/home/tianlong/Downloads//test/jkrbsekajk.mp4,0,0.2118864
/home/tianlong/Downloads//test/iahzcxmuck.mp4,0,0.32794315
/home/tianlong/Downloads//test/cteqlloxwu.mp4,0,0.01792263
/home/tianlong/Downloads//test/pgqxsteufx.mp4,0,0.28703716
/home/tianlong/Downloads//test/cmuzrrlaiy.mp4,1,0.14622077
/home/tianlong/Downloads//test/jxeqhujuvh.mp4,1,0.34270763
/home/tianlong/Downloads//test/ntaqujyzes.mp4,1,0.06935095
/home/tianlong/Downloads//test/ghxzsygiou.mp4,1,0.3587572
/home/tianlong/Downloads//test/lvxzjwiklq.mp4,1,0.09180392
/home/tianlong/Downloads//test/wlyvvvjgnv.mp4,1,0.19425066
/home/tianlong/Downloads//test/hexxuigzdl.mp4,1,0.03062574
/home/tianlong/Downloads//test/zynrdvlrwv.mp4,1,0.14739063
/home/tianlong/Downloads//test/kbvqzihgan.mp4,1,0.20166335
/home/tianlong/Downloads//test/razacdewcv.mp4,1,0.91082025
/home/tianlong/Downloads//test/tjlrvidbxw.mp4,1,0.008944275
/home/tianlong/Downloads//test/gcbyurxhbz.mp4,1,0.11569408
/home/tianlong/Downloads//test/xticvyqqjn.mp4,1,0.14536591
/home/tianlong/Downloads//test/gqpayiddqv.mp4,1,0.97077626
/home/tianlong/Downloads//test/zmrnjhfxed.mp4,1,0.041057713
/home/tianlong/Downloads//test/slpxqmwuqm.mp4,1,0.008271579
/home/tianlong/Downloads//test/upwsvjdtgo.mp4,1,0.6082858
/home/tianlong/Downloads//test/zpnjiswgdt.mp4,1,0.3099503
/home/tianlong/Downloads//test/rayxtqfosv.mp4,1,0.035015617
/home/tianlong/Downloads//test/cfhoqpdzqb.mp4,1,0.07405067
/home/tianlong/Downloads//test/okyufzgvay.mp4,1,0.067514546
/home/tianlong/Downloads//test/wgyxtquovo.mp4,1,0.67195904
/home/tianlong/Downloads//test/kicgvgukqs.mp4,1,0.33174917
/home/tianlong/Downloads//test/aolhuwcdwv.mp4,1,0.05331805
/home/tianlong/Downloads//test/clzcvdsuyp.mp4,1,0.016674975
/home/tianlong/Downloads//test/jibhugdfbs.mp4,1,0.0043735136
/home/tianlong/Downloads//test/kfiszsbzob.mp4,1,0.33289292
/home/tianlong/Downloads//test/mgwtoqonaf.mp4,1,0.38064948
/home/tianlong/Downloads//test/buzqmuifod.mp4,1,0.23762566
/home/tianlong/Downloads//test/bofmetrgfm.mp4,1,0.049938306
/home/tianlong/Downloads//test/chlshvbday.mp4,1,0.45588377
/home/tianlong/Downloads//test/vxcjkgerao.mp4,1,0.18818063
/home/tianlong/Downloads//test/qxwqqhruvz.mp4,1,0.24569209
/home/tianlong/Downloads//test/hytdcdixlv.mp4,1,0.113582954
/home/tianlong/Downloads//test/buejhiahpy.mp4,1,0.01008903
/home/tianlong/Downloads//test/omotodymgb.mp4,1,0.19716984
/home/tianlong/Downloads//test/gmcvyrferj.mp4,1,0.07756069
/home/tianlong/Downloads//test/ycoaclsdov.mp4,1,0.33898506
/home/tianlong/Downloads//test/scaljzcpcf.mp4,1,0.37526676
/home/tianlong/Downloads//test/uhbxhharht.mp4,1,0.005924208
/home/tianlong/Downloads//test/tmmakbzbqw.mp4,1,0.09372799
/home/tianlong/Downloads//test/mvfvefsgik.mp4,1,0.06817222
/home/tianlong/Downloads//test/inesnaprwm.mp4,1,0.45374897
/home/tianlong/Downloads//test/qqxelyjmmw.mp4,1,0.2043784
/home/tianlong/Downloads//test/dllkubdbbd.mp4,1,0.42986125
/home/tianlong/Downloads//test/ttnajmkchw.mp4,1,0.48792183
/home/tianlong/Downloads//test/kaffwaiexj.mp4,1,0.04481259
/home/tianlong/Downloads//test/dpfuqzdtrs.mp4,1,0.43754992
/home/tianlong/Downloads//test/hfvexodpht.mp4,1,0.091417044
/home/tianlong/Downloads//test/vmxjsdkuju.mp4,1,0.5510924
/home/tianlong/Downloads//test/afaxsgqksm.mp4,1,0.049147055
/home/tianlong/Downloads//test/pgkipgmpgm.mp4,1,0.39948013
/home/tianlong/Downloads//test/ltkesswcyn.mp4,1,0.046732295
/home/tianlong/Downloads//test/dffkcrccsj.mp4,1,0.11976328
/home/tianlong/Downloads//test/svtnilogao.mp4,1,0.0080162855
/home/tianlong/Downloads//test/bzobkqewtt.mp4,1,0.06733884
/home/tianlong/Downloads//test/vemnbnqoqk.mp4,1,0.30174002
/home/tianlong/Downloads//test/nobrvdftmd.mp4,1,0.6984916
/home/tianlong/Downloads//test/qepgiaxgpc.mp4,1,0.5482168
/home/tianlong/Downloads//test/bogjubshbr.mp4,1,0.475502
/home/tianlong/Downloads//test/uyoqozgdcy.mp4,1,0.004069985
/home/tianlong/Downloads//test/cvmmtklgst.mp4,1,0.42514017
/home/tianlong/Downloads//test/qharxzhzpl.mp4,1,0.4366874
/home/tianlong/Downloads//test/sprejlmapw.mp4,1,0.008862345
/home/tianlong/Downloads//test/crzrsezocr.mp4,1,0.026006483
/home/tianlong/Downloads//test/wyqhadmmcy.mp4,1,0.45975304
/home/tianlong/Downloads//test/jrjxehotww.mp4,1,0.33302498
/home/tianlong/Downloads//test/xctpdujlok.mp4,1,0.03993823
/home/tianlong/Downloads//test/hfspenqmpw.mp4,1,0.26517445
/home/tianlong/Downloads//test/jkfukzcjxd.mp4,1,0.34947327
/home/tianlong/Downloads//test/knafngkgen.mp4,1,0.043221276
/home/tianlong/Downloads//test/tswmtnhfmn.mp4,1,0.017625613
/home/tianlong/Downloads//test/qoasfzksgo.mp4,1,0.3278553
/home/tianlong/Downloads//test/hnrzuoqnkz.mp4,1,0.011686542
/home/tianlong/Downloads//test/nussrkyuzy.mp4,1,0.013421384
/home/tianlong/Downloads//test/ciwzwmlyxz.mp4,1,0.42147988
/home/tianlong/Downloads//test/dbauiiupef.mp4,1,0.3397135
/home/tianlong/Downloads//test/ywxfnlxtjg.mp4,1,0.008844859
/home/tianlong/Downloads//test/pryqgrbtnu.mp4,1,0.19137235
/home/tianlong/Downloads//test/mbjpaydogy.mp4,1,0.5468191
/home/tianlong/Downloads//test/ihdopxhysr.mp4,1,0.06267598
/home/tianlong/Downloads//test/rgasvymjrj.mp4,1,0.10125658
/home/tianlong/Downloads//test/eclpgjjies.mp4,1,0.03152078
/home/tianlong/Downloads//test/kxptuwngop.mp4,1,0.12952913
/home/tianlong/Downloads//test/uaqvffouxp.mp4,1,0.32239905
/home/tianlong/Downloads//test/xvqzzgoabm.mp4,1,0.015020546
/home/tianlong/Downloads//test/tkgbjtcxyl.mp4,1,0.18805876
/home/tianlong/Downloads//test/xlnaxrwvcx.mp4,1,0.27193573
/home/tianlong/Downloads//test/kphfzaullq.mp4,1,0.9254495
/home/tianlong/Downloads//test/rkezgzxnoo.mp4,1,0.006598665
/home/tianlong/Downloads//test/fromclsodq.mp4,1,0.05121359
/home/tianlong/Downloads//test/nrscfrjxpb.mp4,1,0.0048142555
/home/tianlong/Downloads//test/ygobagrhmg.mp4,1,0.59045464
/home/tianlong/Downloads//test/hisfrixnbu.mp4,1,0.020581735
/home/tianlong/Downloads//test/duzueyonao.mp4,1,0.31365904
/home/tianlong/Downloads//test/gkknsyqbnz.mp4,1,0.05399566
/home/tianlong/Downloads//test/tmgdrjjalz.mp4,1,0.079703525
/home/tianlong/Downloads//test/iajblozgtx.mp4,1,0.004115708
/home/tianlong/Downloads//test/ahkcchuwqq.mp4,1,0.043584876
/home/tianlong/Downloads//test/zmfiveruie.mp4,1,0.40096232
/home/tianlong/Downloads//test/xptgnpgfkn.mp4,1,0.0019497464
/home/tianlong/Downloads//test/aebhowazav.mp4,1,0.06594144
/home/tianlong/Downloads//test/geulcwvfuy.mp4,1,0.079109006
/home/tianlong/Downloads//test/glzyifzrql.mp4,1,0.9661251
/home/tianlong/Downloads//test/wvmrsucbsq.mp4,1,0.06964145
/home/tianlong/Downloads//test/moetggyxsc.mp4,1,0.1157964
/home/tianlong/Downloads//test/jfvnwpcjrm.mp4,1,0.38332704
/home/tianlong/Downloads//test/kaggpclkjm.mp4,1,0.10387295
/home/tianlong/Downloads//test/nacldwtuwp.mp4,1,0.16241084
/home/tianlong/Downloads//test/upwyvqbjlq.mp4,1,0.7808995
/home/tianlong/Downloads//test/tdmyjvptzv.mp4,1,0.1883582
/home/tianlong/Downloads//test/fzurflflwv.mp4,1,0.6299728
/home/tianlong/Downloads//test/aakjukgjme.mp4,1,0.24715203
/home/tianlong/Downloads//test/ypepsyuwmo.mp4,1,0.1600696
/home/tianlong/Downloads//test/qxhyhhkywc.mp4,1,0.64266604
/home/tianlong/Downloads//test/iqvfopywpa.mp4,1,0.47113037
/home/tianlong/Downloads//test/xfncslssic.mp4,1,0.13004126
/home/tianlong/Downloads//test/jesstfspwv.mp4,1,0.05584174
/home/tianlong/Downloads//test/xiraodtgnt.mp4,1,0.5094267
/home/tianlong/Downloads//test/xeuzubpylq.mp4,1,0.2282065
/home/tianlong/Downloads//test/xszpbtciwo.mp4,1,0.008127203
/home/tianlong/Downloads//test/fkksbgaibl.mp4,1,0.22223419
/home/tianlong/Downloads//test/ntqzfgmhnj.mp4,1,0.21343905
/home/tianlong/Downloads//test/bizbjxafzr.mp4,1,0.03301374
/home/tianlong/Downloads//test/bxfwiuvafo.mp4,1,0.7486552
/home/tianlong/Downloads//test/jfcglbovmo.mp4,1,0.43632472
/home/tianlong/Downloads//test/odidbykbar.mp4,1,0.36318764
/home/tianlong/Downloads//test/qarbtmjwhm.mp4,1,0.4282723
/home/tianlong/Downloads//test/jeierullea.mp4,1,0.003792522
/home/tianlong/Downloads//test/lrckqkzekj.mp4,1,0.0753461
/home/tianlong/Downloads//test/riizlqngim.mp4,1,0.0025518953
/home/tianlong/Downloads//test/lmcnonfhgz.mp4,1,0.16825469
/home/tianlong/Downloads//test/lkhszpabzv.mp4,1,0.14261258
/home/tianlong/Downloads//test/njqbwiajss.mp4,1,0.0022663323
/home/tianlong/Downloads//test/ksqybmrwyg.mp4,1,0.86028296
/home/tianlong/Downloads//test/dxphlwcvan.mp4,1,0.25930172
/home/tianlong/Downloads//test/dgjssccxhx.mp4,1,0.91808623
/home/tianlong/Downloads//test/sbfxzmhzyv.mp4,1,0.6065413
/home/tianlong/Downloads//test/rlvgpdrgvi.mp4,1,0.53125805
/home/tianlong/Downloads//test/uzdmxmfcqe.mp4,1,0.1683672
/home/tianlong/Downloads//test/afixxjdxef.mp4,1,0.05135696
/home/tianlong/Downloads//test/fwvxtssltw.mp4,1,0.03506076
/home/tianlong/Downloads//test/jyzlvivrmr.mp4,1,0.042534444
/home/tianlong/Downloads//test/byavookkdu.mp4,1,0.054600507
/home/tianlong/Downloads//test/agyawnxlmv.mp4,1,0.4145386
/home/tianlong/Downloads//test/zjoonppreb.mp4,1,0.032009102
/home/tianlong/Downloads//test/sjzwpqupnm.mp4,1,0.28535217
/home/tianlong/Downloads//test/pobrnbspcf.mp4,1,0.0026895439
/home/tianlong/Downloads//test/qdkpphviay.mp4,1,0.27265558
/home/tianlong/Downloads//test/nbyaxzmueg.mp4,1,0.023103045
/home/tianlong/Downloads//test/vfszaqentw.mp4,1,0.08780597
/home/tianlong/Downloads//test/fosovipqkg.mp4,1,0.0062337606
/home/tianlong/Downloads//test/grwcxofqrx.mp4,1,0.37540728
/home/tianlong/Downloads//test/koqxhnmkjl.mp4,1,0.19620532
/home/tianlong/Downloads//test/xkukyjokbg.mp4,1,0.99081814
/home/tianlong/Downloads//test/fmnzbwtjep.mp4,1,0.0026118364
/home/tianlong/Downloads//test/aruyyclubn.mp4,1,0.110637955
/home/tianlong/Downloads//test/eluhuvocwr.mp4,1,0.19646557
/home/tianlong/Downloads//test/iiwffwiyrg.mp4,1,0.25942028
/home/tianlong/Downloads//test/fsbabrxhqy.mp4,1,0.1871869
/home/tianlong/Downloads//test/ymqadbkafj.mp4,1,0.26364902
/home/tianlong/Downloads//test/nptmqvfuhz.mp4,1,0.010068914
/home/tianlong/Downloads//test/usjnlahlcj.mp4,1,0.44298375
/home/tianlong/Downloads//test/hbozjjcafn.mp4,1,0.0027853902
/home/tianlong/Downloads//test/cizxmeztny.mp4,1,0.118818484
/home/tianlong/Downloads//test/syxlmynhsi.mp4,1,0.44675845
/home/tianlong/Downloads//test/ezadehoecy.mp4,1,0.0021698023
/home/tianlong/Downloads//test/fpliemtlco.mp4,1,0.7782342
/home/tianlong/Downloads//test/arflgfcnkg.mp4,1,0.06906666
/home/tianlong/Downloads//test/occelhylxf.mp4,1,0.09610657
/home/tianlong/Downloads//test/uqntkvpntd.mp4,1,0.0031330436
/home/tianlong/Downloads//test/iatevqworc.mp4,1,0.10592835
/home/tianlong/Downloads//test/xzsmgydcub.mp4,1,0.31280735
/home/tianlong/Downloads//test/qbffpkpmkf.mp4,1,0.0213484
/home/tianlong/Downloads//test/pzbpgfmroj.mp4,1,0.55262315
/home/tianlong/Downloads//test/oundixpyst.mp4,1,0.789892
/home/tianlong/Downloads//test/hnxhwfttpy.mp4,1,0.31284666
/home/tianlong/Downloads//test/rdjwlvvwtv.mp4,1,0.5391961
/home/tianlong/Downloads//test/tcmstiljkk.mp4,1,0.05727169
/home/tianlong/Downloads//test/qbfdtumuct.mp4,1,0.22216551
/home/tianlong/Downloads//test/mxnquwuszt.mp4,1,0.0058195624
/home/tianlong/Downloads//test/sjooumwlzb.mp4,1,0.50931364
/home/tianlong/Downloads//test/twhwouycfg.mp4,1,0.089238636
/home/tianlong/Downloads//test/wytpaehszj.mp4,1,0.08227696
/home/tianlong/Downloads//test/srtwhbzzlr.mp4,1,0.31072873
/home/tianlong/Downloads//test/jqjfpkuckf.mp4,1,0.5332375
/home/tianlong/Downloads//test/yxjjfaekev.mp4,1,0.040933345
/home/tianlong/Downloads//test/cyokqrzbol.mp4,1,0.16019075
/home/tianlong/Downloads//test/mtilpvablx.mp4,1,0.19799224
/home/tianlong/Downloads//test/njwsmltmvb.mp4,1,0.020615952
/home/tianlong/Downloads//test/xkksfulade.mp4,1,0.666536
/home/tianlong/Downloads//test/dtfgsvfmjq.mp4,1,0.0015030961
/home/tianlong/Downloads//test/onaewxqqkd.mp4,1,0.4291635
/home/tianlong/Downloads//test/pazpnfrbbc.mp4,1,0.08492655
/home/tianlong/Downloads//test/kgowzoxjfq.mp4,1,0.6376523
/home/tianlong/Downloads//test/ltdwtgrads.mp4,1,0.046055295
/home/tianlong/Downloads//test/znistrajpw.mp4,1,0.029248863
/home/tianlong/Downloads//test/yfhzmfhojv.mp4,1,0.74913275
/home/tianlong/Downloads//test/spkorcenyh.mp4,1,0.06620409
/home/tianlong/Downloads//test/axopbbxwzr.mp4,1,0.034701105
/home/tianlong/Downloads//test/hxrruqinnh.mp4,1,0.07884365
/home/tianlong/Downloads//test/tkaybnjwhg.mp4,1,0.85447496
/home/tianlong/Downloads//test/lhwwhjhyqx.mp4,1,0.13766135
/home/tianlong/Downloads//test/btxjufhiaz.mp4,1,0.00551056
/home/tianlong/Downloads//test/dnhaskulaj.mp4,1,0.45923898
/home/tianlong/Downloads//test/vxqofldgze.mp4,1,0.01571712
/home/tianlong/Downloads//test/ddjzmyabyu.mp4,1,0.0017985085
/home/tianlong/Downloads//test/mgahaaogif.mp4,1,0.13564163
/home/tianlong/Downloads//test/ktmdpragph.mp4,1,0.15209097
/home/tianlong/Downloads//test/xazdhdnwhh.mp4,1,0.47850707
/home/tianlong/Downloads//test/qnslgeajnt.mp4,1,0.07972479
/home/tianlong/Downloads//test/sivrgbsaog.mp4,1,0.20014547
/home/tianlong/Downloads//test/uzmuovkewv.mp4,1,0.4870069
/home/tianlong/Downloads//test/tvazrcdkpq.mp4,1,0.06621488
/home/tianlong/Downloads//test/jbatiwjmzh.mp4,1,0.27179945
/home/tianlong/Downloads//test/hmiylncrva.mp4,1,0.09027404
/home/tianlong/Downloads//test/uxkojffbsr.mp4,1,0.42462042
/home/tianlong/Downloads//test/crbcrxqftw.mp4,1,0.35596797
/home/tianlong/Downloads//test/yermnsnlgf.mp4,1,0.033193395
/home/tianlong/Downloads//test/gipcvghjiy.mp4,1,0.0030629481
/home/tianlong/Downloads//test/iwcfxyoimw.mp4,1,0.21287072
/home/tianlong/Downloads//test/kozaofkgvk.mp4,1,0.19259715
/home/tianlong/Downloads//test/xlgevjtsog.mp4,1,0.09016348
/home/tianlong/Downloads//test/bpjkimtqtz.mp4,1,0.013923895
/home/tianlong/Downloads//test/pdnwaekrtn.mp4,1,0.20027342
/home/tianlong/Downloads//test/toxsrzsksc.mp4,1,0.039345242
/home/tianlong/Downloads//test/oejfypsbfh.mp4,1,0.07570699
/home/tianlong/Downloads//test/hwyuwbnszo.mp4,1,0.03606254
/home/tianlong/Downloads//test/acgyspwyqr.mp4,1,0.002458262
/home/tianlong/Downloads//test/oitcqmvnsa.mp4,1,0.96154755
/home/tianlong/Downloads//test/pdqqkuclvd.mp4,1,0.020168712
/home/tianlong/Downloads//test/slsyjvgfpu.mp4,1,0.2226692
/home/tianlong/Downloads//test/xmdfnldfyc.mp4,1,0.5398621
/home/tianlong/Downloads//test/ynkzlkahux.mp4,1,0.071669236
/home/tianlong/Downloads//test/szjbkskyph.mp4,1,0.035048563
/home/tianlong/Downloads//test/yyiiywtiry.mp4,1,0.18725058
/home/tianlong/Downloads//test/crvotfojeq.mp4,1,0.3845231
/home/tianlong/Downloads//test/rsqblsfgli.mp4,1,0.3727587
/home/tianlong/Downloads//test/becqadbtkb.mp4,1,0.3430675
/home/tianlong/Downloads//test/afqaubpglg.mp4,1,0.36157724
/home/tianlong/Downloads//test/pwplooonzr.mp4,1,0.09103222
/home/tianlong/Downloads//test/vjegxiyvla.mp4,1,0.8260191
/home/tianlong/Downloads//test/jbwtbfbdko.mp4,1,0.0140286805
/home/tianlong/Downloads//test/toggbitvfd.mp4,1,0.57815987
/home/tianlong/Downloads//test/xpfhawmzbe.mp4,1,0.112462215
/home/tianlong/Downloads//test/kjwdinzplo.mp4,1,0.0230024
/home/tianlong/Downloads//test/jrkdzpijpb.mp4,1,0.07470022
/home/tianlong/Downloads//test/lbnuxynggy.mp4,1,0.060458507
/home/tianlong/Downloads//test/iorrylopzn.mp4,1,0.008789858
/home/tianlong/Downloads//test/yasxapunrf.mp4,1,0.26476344
/home/tianlong/Downloads//test/suohrphvbe.mp4,1,0.4314015
/home/tianlong/Downloads//test/salsuwvckq.mp4,1,0.88607514
/home/tianlong/Downloads//test/eclnowceyi.mp4,1,0.0075139445
/home/tianlong/Downloads//test/wvtymfvbwq.mp4,1,0.12414909
/home/tianlong/Downloads//test/rsjhmrvdwg.mp4,1,0.39638406
/home/tianlong/Downloads//test/qtvhpmoukj.mp4,1,0.019567482
/home/tianlong/Downloads//test/svqkfjfucw.mp4,1,0.39962932
/home/tianlong/Downloads//test/jdlqmnhuix.mp4,1,0.13017413
/home/tianlong/Downloads//test/ltmkgkppwx.mp4,1,0.027940841
/home/tianlong/Downloads//test/zaoyocjkgw.mp4,1,0.38789037
/home/tianlong/Downloads//test/vgrhobnbfo.mp4,1,0.0040449873
/home/tianlong/Downloads//test/eeeuzozcdc.mp4,1,0.37577036
/home/tianlong/Downloads//test/ikgxqbhmlv.mp4,1,0.82009834
/home/tianlong/Downloads//test/zyeakowujw.mp4,1,0.031559862
/home/tianlong/Downloads//test/uerapqglmr.mp4,1,0.103394866
/home/tianlong/Downloads//test/fmuncwjpej.mp4,1,0.21019684
/home/tianlong/Downloads//test/xllzvdxwiv.mp4,1,0.15430129
/home/tianlong/Downloads//test/giuymhlbyo.mp4,1,0.31779262
/home/tianlong/Downloads//test/bubbmjnmge.mp4,1,0.012741781
/home/tianlong/Downloads//test/qwqefbalkv.mp4,1,0.2558619
/home/tianlong/Downloads//test/aupsxowdcp.mp4,1,0.06877151
/home/tianlong/Downloads//test/apjovfzzft.mp4,1,0.009517809
/home/tianlong/Downloads//test/yjbnaqwxyf.mp4,1,0.15696028
/home/tianlong/Downloads//test/dajlkmlvch.mp4,1,0.024748946
/home/tianlong/Downloads//test/egwzzhemvk.mp4,1,0.07599436
/home/tianlong/Downloads//test/vlhrgeyvqy.mp4,1,0.582754
/home/tianlong/Downloads//test/vpolvvzwsw.mp4,1,0.0040367697
/home/tianlong/Downloads//test/ddkcxrncmq.mp4,1,0.032886036
/home/tianlong/Downloads//test/fncnobpzzx.mp4,1,0.31251344
/home/tianlong/Downloads//test/lhayhvqjmg.mp4,1,0.6016687
/home/tianlong/Downloads//test/yboofyemks.mp4,1,0.0028176405
/home/tianlong/Downloads//test/wzkovvmdkq.mp4,1,0.04311264
/home/tianlong/Downloads//test/axxldpmbat.mp4,1,0.02012971
/home/tianlong/Downloads//test/piovymzozl.mp4,1,0.2458718
/home/tianlong/Downloads//test/ymjrnwsjxt.mp4,1,0.06580862
/home/tianlong/Downloads//test/jfxroglrst.mp4,1,0.03614667
/home/tianlong/Downloads//test/qzyaijdbfe.mp4,1,0.67387426
/home/tianlong/Downloads//test/gzwzxbtkpd.mp4,1,0.32497528
/home/tianlong/Downloads//test/bgssriyozb.mp4,1,0.16206996
/home/tianlong/Downloads//test/wqtraebanl.mp4,1,0.68845105
/home/tianlong/Downloads//test/lovkthgavz.mp4,1,0.026065508
/home/tianlong/Downloads//test/vpgjaoyvir.mp4,1,0.07632395
/home/tianlong/Downloads//test/btlqqvfuck.mp4,1,0.35194057
/home/tianlong/Downloads//test/zzxidpsxmv.mp4,1,0.30248728
/home/tianlong/Downloads//test/qzuhjrhozy.mp4,1,0.20363842
/home/tianlong/Downloads//test/rtuaxyuvqs.mp4,1,0.22716089
/home/tianlong/Downloads//test/vybbullejj.mp4,1,0.0345862
/home/tianlong/Downloads//test/lblweiecpx.mp4,1,0.5277223
/home/tianlong/Downloads//test/qkchcuiljp.mp4,1,0.33538678
/home/tianlong/Downloads//test/roivdutkrz.mp4,1,0.018274598
/home/tianlong/Downloads//test/rziziscker.mp4,1,0.0018636743
/home/tianlong/Downloads//test/zsdmgllhck.mp4,1,0.1704964
/home/tianlong/Downloads//test/kpkzqbpivj.mp4,1,0.017307188
/home/tianlong/Downloads//test/tgkjhdyxww.mp4,1,0.20728089
/home/tianlong/Downloads//test/zubaiztkag.mp4,1,0.46993718
/home/tianlong/Downloads//test/figxvsdmsb.mp4,1,0.273217
/home/tianlong/Downloads//test/enzlliylet.mp4,1,0.08581215
/home/tianlong/Downloads//test/acekgkqgdg.mp4,1,0.6529872
/home/tianlong/Downloads//test/ljrikjsgis.mp4,1,0.07655926
/home/tianlong/Downloads//test/vawotznxqn.mp4,1,0.3761361
/home/tianlong/Downloads//test/jsqtbnxnpb.mp4,1,0.94450694
/home/tianlong/Downloads//test/yibeqxcadd.mp4,1,0.78679836
/home/tianlong/Downloads//test/zvgekhyszq.mp4,1,0.068017334
/home/tianlong/Downloads//test/luisdnrumh.mp4,1,0.23839541
/home/tianlong/Downloads//test/xffjesgeey.mp4,1,0.009208888
/home/tianlong/Downloads//test/haesrhzukc.mp4,1,0.76589894
/home/tianlong/Downloads//test/uwccodyhgh.mp4,1,0.5663475
/home/tianlong/Downloads//test/msdtzpmmae.mp4,1,0.007906853
/home/tianlong/Downloads//test/zgiypcmpic.mp4,1,0.2002284
/home/tianlong/Downloads//test/olkcmrmvbh.mp4,1,0.23065265
/home/tianlong/Downloads//test/kiffbbtjfe.mp4,1,0.58209264
/home/tianlong/Downloads//test/junzzlnlfw.mp4,1,0.30615637
/home/tianlong/Downloads//test/qkgicklwyn.mp4,1,0.036027882
/home/tianlong/Downloads//test/wluigkzjdl.mp4,1,0.04403209
/home/tianlong/Downloads//test/rsnrcisldc.mp4,1,0.5310146
/home/tianlong/Downloads//test/asiuftijhs.mp4,1,0.39823017
/home/tianlong/Downloads//test/yjloopcthi.mp4,1,0.43742415
/home/tianlong/Downloads//test/tzzwqaxtrk.mp4,1,0.47766486
/home/tianlong/Downloads//test/tmfvsxrxnk.mp4,1,0.1125209
/home/tianlong/Downloads//test/dlsdmdraln.mp4,1,0.009846774
/home/tianlong/Downloads//test/rkygzeyegz.mp4,1,0.2668337
/home/tianlong/Downloads//test/truremwrti.mp4,1,0.010128647
/home/tianlong/Downloads//test/depcrcqwai.mp4,1,0.010790735
/home/tianlong/Downloads//test/jovohczybs.mp4,1,0.86292815
/home/tianlong/Downloads//test/udcpjfvqro.mp4,1,0.3959452
/home/tianlong/Downloads//test/yxlkovjssa.mp4,1,0.009373956
/home/tianlong/Downloads//test/trltdpitif.mp4,1,0.39656964
/home/tianlong/Downloads//test/hwufwjdaai.mp4,1,0.18609817
/home/tianlong/Downloads//test/vgfxjwupga.mp4,1,0.55023843
/home/tianlong/Downloads//test/jejjcsijvc.mp4,1,0.027002573
/home/tianlong/Downloads//test/yjpfhrfyfn.mp4,1,0.014529186
/home/tianlong/Downloads//test/izyqqybmcq.mp4,1,0.010998861
/home/tianlong/Downloads//test/xjnflcfxhn.mp4,1,0.8510836
/home/tianlong/Downloads//test/zidsbdilrm.mp4,1,0.20134869
/home/tianlong/Downloads//test/lepqvhstws.mp4,1,0.06708713
/home/tianlong/Downloads//test/eabghyltka.mp4,1,0.55241805
/home/tianlong/Downloads//test/qxgwcsugvd.mp4,1,0.027802587
/home/tianlong/Downloads//test/oitqddnspw.mp4,1,0.21677256
/home/tianlong/Downloads//test/jiddesrgoi.mp4,1,0.6657258
/home/tianlong/Downloads//test/whsqzlklam.mp4,1,0.17360502
/home/tianlong/Downloads//test/hwspklkjol.mp4,1,0.026286729
/home/tianlong/Downloads//test/mgxdtegobh.mp4,1,0.25183406
/home/tianlong/Downloads//test/dkvxzocpnx.mp4,1,0.2419408
/home/tianlong/Downloads//test/zxjiwvyzbs.mp4,1,0.7842318
/home/tianlong/Downloads//test/qysxqoredd.mp4,1,0.024575545
/home/tianlong/Downloads//test/angqjpzdts.mp4,1,0.8383113
/home/tianlong/Downloads//test/slbhiftdwk.mp4,1,0.0010849413
/home/tianlong/Downloads//test/ctsjalmkpx.mp4,1,0.001500062
/home/tianlong/Downloads//test/jrwqouwlzc.mp4,1,0.016214134
/home/tianlong/Downloads//test/vcqcervdzi.mp4,1,0.08391448
/home/tianlong/Downloads//test/mxczokbutl.mp4,1,0.10342009
/home/tianlong/Downloads//test/qawqquinvi.mp4,1,0.47803953
/home/tianlong/Downloads//test/cqiyijvrcj.mp4,1,0.00941463
/home/tianlong/Downloads//test/wypdykzzma.mp4,1,0.6608751
/home/tianlong/Downloads//test/zdurkznxhi.mp4,1,0.016106825
/home/tianlong/Downloads//test/llwjpzzrur.mp4,1,0.0076680155
/home/tianlong/Downloads//test/stmqpsakem.mp4,1,0.062252536
/home/tianlong/Downloads//test/hqfxruqynj.mp4,1,0.22940247
/home/tianlong/Downloads//test/cotxffvovx.mp4,1,0.047073215
/home/tianlong/Downloads//test/yiwyejujhz.mp4,1,0.41774487
/home/tianlong/Downloads//test/azkhkminwu.mp4,1,0.025315216
/home/tianlong/Downloads//test/yoicqcpxgm.mp4,1,0.6797925
/home/tianlong/Downloads//test/kcpamicxjs.mp4,1,0.14452294
/home/tianlong/Downloads//test/mbnvlpwewk.mp4,1,0.54928386
/home/tianlong/Downloads//test/wjqdwzowcg.mp4,1,0.35856217
/home/tianlong/Downloads//test/vqtspwkgwe.mp4,1,0.025685268
/home/tianlong/Downloads//test/rurhyzsnyi.mp4,1,0.15009204
/home/tianlong/Downloads//test/sipuxpudya.mp4,1,0.01563176
/home/tianlong/Downloads//test/scchmtbzar.mp4,1,0.15628545
/home/tianlong/Downloads//test/qyhlzalxzm.mp4,1,0.012918637
/home/tianlong/Downloads//test/ektrtuwidv.mp4,1,0.3596108
/home/tianlong/Downloads//test/scbfkrlytb.mp4,1,0.4510992
/home/tianlong/Downloads//test/kxnsmwhqtl.mp4,1,0.5591382
/home/tianlong/Downloads//test/fiayeurvwb.mp4,1,0.22687346
/home/tianlong/Downloads//test/xpuntxtdbs.mp4,1,0.22385576
/home/tianlong/Downloads//test/edvyxmzpoy.mp4,1,0.43601367
/home/tianlong/Downloads//test/thnywrwayf.mp4,1,0.15743665
/home/tianlong/Downloads//test/xojauzdavy.mp4,1,0.12795906
/home/tianlong/Downloads//test/kaajaxzivt.mp4,1,0.18072827
/home/tianlong/Downloads//test/fmvdkhucsz.mp4,1,0.44483003
/home/tianlong/Downloads//test/mdkqmouddq.mp4,1,0.419848
/home/tianlong/Downloads//test/ehtvcnlsfl.mp4,1,0.14086999
/home/tianlong/Downloads//test/iizsrcugyd.mp4,1,0.34003803
/home/tianlong/Downloads//test/hurlxdpsxl.mp4,1,0.53996855
/home/tianlong/Downloads//test/rvfhfbutlx.mp4,1,0.11885513
/home/tianlong/Downloads//test/ycxkcnwrbw.mp4,1,0.94499433
/home/tianlong/Downloads//test/jrmgqzgcmj.mp4,1,0.11824526
/home/tianlong/Downloads//test/cinrseylyp.mp4,1,0.2928098
/home/tianlong/Downloads//test/uhvmrfksax.mp4,1,0.0034239795
/home/tianlong/Downloads//test/djjdzsivvi.mp4,1,0.645137
/home/tianlong/Downloads//test/pmulgdcejl.mp4,1,0.00805991
/home/tianlong/Downloads//test/ngvbaolyub.mp4,1,0.2583567
/home/tianlong/Downloads//test/kpyyjmxmoj.mp4,1,0.01120181
/home/tianlong/Downloads//test/xhizcimlzp.mp4,1,0.020484516
/home/tianlong/Downloads//test/ulygywporv.mp4,1,0.45071584
/home/tianlong/Downloads//test/psunkvudmg.mp4,1,0.37435773
/home/tianlong/Downloads//test/ctarrlrgdy.mp4,1,0.053902306
/home/tianlong/Downloads//test/hdzygqltzu.mp4,1,0.50515634
/home/tianlong/Downloads//test/rvtfddfweu.mp4,1,0.24963693
/home/tianlong/Downloads//test/kaeouvuasm.mp4,1,0.26863927
/home/tianlong/Downloads//test/rzivzpozjr.mp4,1,0.1292558
/home/tianlong/Downloads//test/stfqbsbvfy.mp4,1,0.13621731
/home/tianlong/Downloads//test/qbhoufagsa.mp4,1,0.0024445355
/home/tianlong/Downloads//test/xycfzkbnhy.mp4,1,0.06047807
/home/tianlong/Downloads//test/zudnvkagjk.mp4,1,0.07948043
/home/tianlong/Downloads//test/feaqnlczwc.mp4,1,0.0986605
/home/tianlong/Downloads//test/rqviqcsbzw.mp4,1,0.22559509
/home/tianlong/Downloads//test/dhfcwchsir.mp4,1,0.0019909428
/home/tianlong/Downloads//test/cglpyitrzw.mp4,1,0.063116685
/home/tianlong/Downloads//test/yjypqyrhyi.mp4,1,0.019235864
/home/tianlong/Downloads//test/fokuimoqkh.mp4,1,0.4607977
/home/tianlong/Downloads//test/xzouvgiqha.mp4,1,0.006140143
/home/tianlong/Downloads//test/qyjbhkeqes.mp4,1,0.6760712
/home/tianlong/Downloads//test/phngwcpbqw.mp4,1,0.2143688
/home/tianlong/Downloads//test/rjcjcdkzkw.mp4,1,0.3888354
/home/tianlong/Downloads//test/legilvljip.mp4,1,0.34207395
/home/tianlong/Downloads//test/bukegrztbb.mp4,1,0.15872374
/home/tianlong/Downloads//test/yvaxmtbtgx.mp4,1,0.0012895659
/home/tianlong/Downloads//test/saljlsmnet.mp4,1,0.8313456
/home/tianlong/Downloads//test/ezupajzwdl.mp4,1,0.5902493
/home/tianlong/Downloads//test/xeszevnech.mp4,1,0.00710143
/home/tianlong/Downloads//test/fbqwomdehr.mp4,1,0.48073497
/home/tianlong/Downloads//test/itdywxjknn.mp4,1,0.3622063
/home/tianlong/Downloads//test/zwupuzlefv.mp4,1,0.48439482
/home/tianlong/Downloads//test/qcrofjquht.mp4,1,0.11624944
/home/tianlong/Downloads//test/jblkcfejih.mp4,1,0.0008448468
/home/tianlong/Downloads//test/howruupkxw.mp4,1,0.9048357
/home/tianlong/Downloads//test/xslxboadvn.mp4,1,0.23088536
/home/tianlong/Downloads//test/rzykslnkdi.mp4,1,0.022339955
/home/tianlong/Downloads//test/govjvzfbcj.mp4,1,0.22727282
/home/tianlong/Downloads//test/fwbvksfidm.mp4,1,0.11099076
/home/tianlong/Downloads//test/khokwspqph.mp4,1,0.0042348034
/home/tianlong/Downloads//test/sslrtrxyaj.mp4,1,0.09831761
/home/tianlong/Downloads//test/zdmknyhzoo.mp4,1,0.087984435
/home/tianlong/Downloads//test/rzjpckpslj.mp4,1,0.42829728
/home/tianlong/Downloads//test/pscilvlcfe.mp4,1,0.29918385
/home/tianlong/Downloads//test/rlwkdhgoqw.mp4,1,0.7715754
/home/tianlong/Downloads//test/cmpkopoabr.mp4,1,0.36215758
/home/tianlong/Downloads//test/dbljnexmlf.mp4,1,0.75156605
/home/tianlong/Downloads//test/atfuphvjft.mp4,1,0.18393782
/home/tianlong/Downloads//test/zdldobedod.mp4,1,0.86938745
/home/tianlong/Downloads//test/iknfqmugud.mp4,1,0.13515207
/home/tianlong/Downloads//test/whusuiiqmt.mp4,1,0.10100096
/home/tianlong/Downloads//test/ksrnzzbcsz.mp4,1,0.08208079
/home/tianlong/Downloads//test/xxhuecshhw.mp4,1,0.006496217
/home/tianlong/Downloads//test/okmlcbefeu.mp4,1,0.64149046
/home/tianlong/Downloads//test/xryrhuskyd.mp4,1,0.5525341
/home/tianlong/Downloads//test/wevygelkrl.mp4,1,0.34523556
/home/tianlong/Downloads//test/rdpausigpg.mp4,1,0.13017458
/home/tianlong/Downloads//test/fdziwiuoer.mp4,1,0.62545925
/home/tianlong/Downloads//test/kykmrtoitd.mp4,1,0.21012823
/home/tianlong/Downloads//test/eacsjvcmlp.mp4,1,0.20955527
/home/tianlong/Downloads//test/asvuutypvz.mp4,1,0.21102567
/home/tianlong/Downloads//test/nucqorkejg.mp4,1,0.8588686
/home/tianlong/Downloads//test/ctpexqamtx.mp4,1,0.5322282
/home/tianlong/Downloads//test/vnsxdkjjtk.mp4,1,0.26644826
/home/tianlong/Downloads//test/cktsyobheu.mp4,1,0.42152047
/home/tianlong/Downloads//test/kccicuhxgk.mp4,1,0.51682925
/home/tianlong/Downloads//test/qckjihxoze.mp4,1,0.1940002
/home/tianlong/Downloads//test/gvqtnedfso.mp4,1,0.6957612
/home/tianlong/Downloads//test/ajxkvlpgov.mp4,1,0.24618927
/home/tianlong/Downloads//test/srlilcjhaf.mp4,1,0.27122587
/home/tianlong/Downloads//test/qfjxksudna.mp4,1,0.92367995
/home/tianlong/Downloads//test/hstvglyexy.mp4,1,0.25884047
/home/tianlong/Downloads//test/jyyvhnsyys.mp4,1,0.0023452109
/home/tianlong/Downloads//test/whxqigkgyk.mp4,1,0.34406775
/home/tianlong/Downloads//test/mqzrlecakr.mp4,1,0.5037099
/home/tianlong/Downloads//test/aeplbqxnge.mp4,1,0.092454515
/home/tianlong/Downloads//test/inwaznexiv.mp4,1,0.13820489
/home/tianlong/Downloads//test/anfupdhmyr.mp4,1,0.13607438
/home/tianlong/Downloads//test/wbvlgevkmb.mp4,1,0.6888236
/home/tianlong/Downloads//test/uiykwgaarz.mp4,1,0.04694716
/home/tianlong/Downloads//test/nvarnevska.mp4,1,0.44878405
/home/tianlong/Downloads//test/ooczenomzk.mp4,1,0.011918548
/home/tianlong/Downloads//test/qtjuhlppot.mp4,1,0.119667046
/home/tianlong/Downloads//test/drqtyzvhdd.mp4,1,0.16618174
/home/tianlong/Downloads//test/ytljvippwv.mp4,1,0.35047942
/home/tianlong/Downloads//test/skrqoagxle.mp4,1,0.27990285
/home/tianlong/Downloads//test/shwkznunyp.mp4,1,0.25517717
/home/tianlong/Downloads//test/tlsoagxovk.mp4,1,0.41513845
/home/tianlong/Downloads//test/enpshnkugu.mp4,1,0.024264716
/home/tianlong/Downloads//test/vitjdpnfpi.mp4,1,0.42203778
/home/tianlong/Downloads//test/jovrnujurf.mp4,1,0.3703457
/home/tianlong/Downloads//test/sbwemwjlsl.mp4,1,0.43983147
/home/tianlong/Downloads//test/uclzxnftij.mp4,1,0.015018952
/home/tianlong/Downloads//test/sdqjjttckw.mp4,1,0.66740316
/home/tianlong/Downloads//test/wtmggpeiom.mp4,1,0.046222933
