Video,Label,Prediction
/home/tianlong/Downloads//test/myvwyfdnxu.mp4,0,0.32083517
/home/tianlong/Downloads//test/uxgkqpiykp.mp4,0,0.2943313
/home/tianlong/Downloads//test/qyscponfaf.mp4,0,0.13331483
/home/tianlong/Downloads//test/tmgmbnzrrz.mp4,0,0.56901205
/home/tianlong/Downloads//test/wfmeffvvce.mp4,0,0.32293805
/home/tianlong/Downloads//test/fwrcfaglhz.mp4,0,0.40025803
/home/tianlong/Downloads//test/itfzfpuilx.mp4,0,0.24528971
/home/tianlong/Downloads//test/wupoiiknff.mp4,0,0.28972518
/home/tianlong/Downloads//test/dscprfjses.mp4,0,0.33774534
/home/tianlong/Downloads//test/ofntcunuqn.mp4,0,0.2911054
/home/tianlong/Downloads//test/imnzannmcr.mp4,0,0.30672607
/home/tianlong/Downloads//test/jidkzoagws.mp4,0,0.22956711
/home/tianlong/Downloads//test/nkpqkddsgt.mp4,0,0.7879414
/home/tianlong/Downloads//test/xqmrrciral.mp4,0,0.22473033
/home/tianlong/Downloads//test/ykfllpyawg.mp4,0,0.091471784
/home/tianlong/Downloads//test/bpieoyctzo.mp4,0,0.20042172
/home/tianlong/Downloads//test/wjrepvzlsv.mp4,0,0.49856254
/home/tianlong/Downloads//test/voucpidonq.mp4,0,0.19692728
/home/tianlong/Downloads//test/fxfxtrrkeq.mp4,0,0.31709224
/home/tianlong/Downloads//test/qggfpdkyzi.mp4,0,0.4542914
/home/tianlong/Downloads//test/xyucutnxhz.mp4,0,0.16867086
/home/tianlong/Downloads//test/rkxepdkger.mp4,0,0.066504516
/home/tianlong/Downloads//test/fxxpxoqoxp.mp4,0,0.045912236
/home/tianlong/Downloads//test/jkxxwfycsj.mp4,0,0.375766
/home/tianlong/Downloads//test/qbearsyziz.mp4,0,0.20781188
/home/tianlong/Downloads//test/kyrbveruev.mp4,0,0.27851048
/home/tianlong/Downloads//test/pdyrvsvwyi.mp4,0,0.20078266
/home/tianlong/Downloads//test/bpxxmxuvuy.mp4,0,0.64604414
/home/tianlong/Downloads//test/ekxsduhvwh.mp4,0,0.15783876
/home/tianlong/Downloads//test/ocsqqqduxx.mp4,0,0.33192
/home/tianlong/Downloads//test/qufzdwetss.mp4,0,0.71041226
/home/tianlong/Downloads//test/vwqrtxbwye.mp4,0,0.64709127
/home/tianlong/Downloads//test/zuduvanawx.mp4,0,0.19771816
/home/tianlong/Downloads//test/rkjhxvdnsv.mp4,0,0.19701034
/home/tianlong/Downloads//test/hpcivouyku.mp4,0,0.26028314
/home/tianlong/Downloads//test/vgndywbmgf.mp4,0,0.2379657
/home/tianlong/Downloads//test/hfgczdzbix.mp4,0,0.14969584
/home/tianlong/Downloads//test/rwehwmmutn.mp4,0,0.48263496
/home/tianlong/Downloads//test/jyfnzyvznx.mp4,0,0.52734613
/home/tianlong/Downloads//test/jxpodcendq.mp4,0,0.48956692
/home/tianlong/Downloads//test/kgynainlug.mp4,0,0.33627078
/home/tianlong/Downloads//test/hqgervpkkf.mp4,0,0.16850223
/home/tianlong/Downloads//test/defeqlyysh.mp4,0,0.41125754
/home/tianlong/Downloads//test/xzkwbswkao.mp4,0,0.52076405
/home/tianlong/Downloads//test/hhdblnxhtj.mp4,0,0.32335198
/home/tianlong/Downloads//test/oaptmwroki.mp4,0,0.18482274
/home/tianlong/Downloads//test/djlkkqmjkk.mp4,0,0.7429263
/home/tianlong/Downloads//test/motfposykz.mp4,0,0.54936045
/home/tianlong/Downloads//test/shvfupmrho.mp4,0,0.54631907
/home/tianlong/Downloads//test/escwmsthiz.mp4,0,0.22064972
/home/tianlong/Downloads//test/ctpypmzfnl.mp4,0,0.4552226
/home/tianlong/Downloads//test/sjqrdyzkgl.mp4,0,0.40861988
/home/tianlong/Downloads//test/ddrjnwlugg.mp4,0,0.23144758
/home/tianlong/Downloads//test/hxfqltenqh.mp4,0,0.20301643
/home/tianlong/Downloads//test/umerhoubxw.mp4,0,0.25262353
/home/tianlong/Downloads//test/jxrpqynwlt.mp4,0,0.53033787
/home/tianlong/Downloads//test/hprzotbjtj.mp4,0,0.33663324
/home/tianlong/Downloads//test/cqewayywpg.mp4,0,0.20640102
/home/tianlong/Downloads//test/nvptcoxzah.mp4,0,0.42845726
/home/tianlong/Downloads//test/uvzlfuxalu.mp4,0,0.7197998
/home/tianlong/Downloads//test/mfcbgbcuvb.mp4,0,0.14442788
/home/tianlong/Downloads//test/tmtoypmqwt.mp4,0,0.3167232
/home/tianlong/Downloads//test/bsjucwhlrj.mp4,0,0.18488452
/home/tianlong/Downloads//test/hlsubhyoea.mp4,0,0.2022761
/home/tianlong/Downloads//test/deslnszgpy.mp4,0,0.3292734
/home/tianlong/Downloads//test/tfwdbkwvgz.mp4,0,0.64641565
/home/tianlong/Downloads//test/ufxafdxpat.mp4,0,0.21592316
/home/tianlong/Downloads//test/lmacrzidyh.mp4,0,0.22975984
/home/tianlong/Downloads//test/wyiajvmitt.mp4,0,0.17702639
/home/tianlong/Downloads//test/xbdnqfbxcv.mp4,0,0.069518164
/home/tianlong/Downloads//test/mhfnldxixw.mp4,0,0.25961962
/home/tianlong/Downloads//test/pfiigjlcct.mp4,0,0.24339408
/home/tianlong/Downloads//test/ldtibsniik.mp4,0,0.09753278
/home/tianlong/Downloads//test/gwzttezkpv.mp4,0,0.2592873
/home/tianlong/Downloads//test/pevmkpamhv.mp4,0,0.20341927
/home/tianlong/Downloads//test/zcfpsnaujx.mp4,0,0.6746552
/home/tianlong/Downloads//test/slvcfpalev.mp4,0,0.25751653
/home/tianlong/Downloads//test/ctdwtfcjei.mp4,0,0.276354
/home/tianlong/Downloads//test/vxwsisekmb.mp4,0,0.24037024
/home/tianlong/Downloads//test/pkoadvlpga.mp4,0,0.4048821
/home/tianlong/Downloads//test/ofapaanpkl.mp4,0,0.33396545
/home/tianlong/Downloads//test/huzryvwrfa.mp4,0,0.26149482
/home/tianlong/Downloads//test/knjoasqzvt.mp4,0,0.56104463
/home/tianlong/Downloads//test/cedpyannqf.mp4,0,0.14619254
/home/tianlong/Downloads//test/mdwtpvlbrz.mp4,0,0.1705488
/home/tianlong/Downloads//test/hfcxlucrbj.mp4,0,0.43370384
/home/tianlong/Downloads//test/wbsajsyaej.mp4,0,0.16945098
/home/tianlong/Downloads//test/tbqrwehekx.mp4,0,0.51337105
/home/tianlong/Downloads//test/shslgpeisw.mp4,0,0.62280464
/home/tianlong/Downloads//test/epgfqrvwlr.mp4,0,0.46416464
/home/tianlong/Downloads//test/fduhwlydlg.mp4,0,0.44495574
/home/tianlong/Downloads//test/cpmridjxbc.mp4,0,0.28392807
/home/tianlong/Downloads//test/kphflojove.mp4,0,0.7897739
/home/tianlong/Downloads//test/hlcpwfwcyw.mp4,0,0.51900256
/home/tianlong/Downloads//test/bpeemkcxad.mp4,0,0.7131721
/home/tianlong/Downloads//test/jkadnvoqhk.mp4,0,0.41472197
/home/tianlong/Downloads//test/lzzpsosige.mp4,0,0.3434996
/home/tianlong/Downloads//test/pxtwhbaxjq.mp4,0,0.49412012
/home/tianlong/Downloads//test/pxgcsltbuo.mp4,0,0.055842735
/home/tianlong/Downloads//test/gmepmwcgwg.mp4,0,0.4213754
/home/tianlong/Downloads//test/tnetytnegv.mp4,0,0.5607567
/home/tianlong/Downloads//test/sxmqvznwwq.mp4,0,0.23076676
/home/tianlong/Downloads//test/partcfzlbj.mp4,0,0.6857945
/home/tianlong/Downloads//test/tnkmovifrb.mp4,0,0.45292738
/home/tianlong/Downloads//test/dpgznlwvpx.mp4,0,0.39189103
/home/tianlong/Downloads//test/mbpbbekqks.mp4,0,0.8012676
/home/tianlong/Downloads//test/hdbejalgtx.mp4,0,0.339117
/home/tianlong/Downloads//test/bmdiaytrcm.mp4,0,0.5337302
/home/tianlong/Downloads//test/yghxoihrle.mp4,0,0.21386905
/home/tianlong/Downloads//test/vcgelshrli.mp4,0,0.5975725
/home/tianlong/Downloads//test/yvdnbmbwyh.mp4,0,0.71098787
/home/tianlong/Downloads//test/kmakhupeac.mp4,0,0.76418203
/home/tianlong/Downloads//test/ccevbixrwu.mp4,0,0.29261324
/home/tianlong/Downloads//test/edavfjsjzw.mp4,0,0.17975368
/home/tianlong/Downloads//test/znmzmierff.mp4,0,0.17985447
/home/tianlong/Downloads//test/kiotoqmmfj.mp4,0,0.6480776
/home/tianlong/Downloads//test/nqctdktbtb.mp4,0,0.22568095
/home/tianlong/Downloads//test/inneixkosf.mp4,0,0.6259161
/home/tianlong/Downloads//test/occrrsyizc.mp4,0,0.3714993
/home/tianlong/Downloads//test/zfecmsiodq.mp4,0,0.3422208
/home/tianlong/Downloads//test/haknpmhigp.mp4,0,0.14411213
/home/tianlong/Downloads//test/zjbwxmmrgk.mp4,0,0.19518326
/home/tianlong/Downloads//test/qgpabkriss.mp4,0,0.5043544
/home/tianlong/Downloads//test/liureznisp.mp4,0,0.38568497
/home/tianlong/Downloads//test/bzdywpajvr.mp4,0,0.602716
/home/tianlong/Downloads//test/jniytngcmy.mp4,0,0.42201224
/home/tianlong/Downloads//test/idklchvhxp.mp4,0,0.7169858
/home/tianlong/Downloads//test/pijzjjchqn.mp4,0,0.45794013
/home/tianlong/Downloads//test/pjnsejazpl.mp4,0,0.30023444
/home/tianlong/Downloads//test/gpaqoqegbn.mp4,0,0.27369162
/home/tianlong/Downloads//test/xsxwrwvfkg.mp4,0,0.2864261
/home/tianlong/Downloads//test/arwefyghir.mp4,0,0.688013
/home/tianlong/Downloads//test/ptgvxdueef.mp4,0,0.21901086
/home/tianlong/Downloads//test/plljpjscih.mp4,0,0.21778075
/home/tianlong/Downloads//test/jozfaxodnx.mp4,0,0.57292384
/home/tianlong/Downloads//test/girdwtjwsr.mp4,0,0.24815072
/home/tianlong/Downloads//test/jbaahohsns.mp4,0,0.34047183
/home/tianlong/Downloads//test/uetfcmaryk.mp4,0,0.5557185
/home/tianlong/Downloads//test/oqbltrmhvt.mp4,0,0.76664597
/home/tianlong/Downloads//test/dvtzvkcrku.mp4,0,0.66128683
/home/tianlong/Downloads//test/qjilklnynm.mp4,0,0.20632029
/home/tianlong/Downloads//test/tcsdjwbihw.mp4,0,0.08000374
/home/tianlong/Downloads//test/zhftwvtutp.mp4,0,0.24806193
/home/tianlong/Downloads//test/xgktqwvknw.mp4,0,0.19114837
/home/tianlong/Downloads//test/cdeesuuuqz.mp4,0,0.073643595
/home/tianlong/Downloads//test/ymngcysczs.mp4,0,0.22314633
/home/tianlong/Downloads//test/gctyynjruz.mp4,0,0.24372827
/home/tianlong/Downloads//test/vkirqaiuoc.mp4,0,0.32718357
/home/tianlong/Downloads//test/ykywskdwlc.mp4,0,0.3799472
/home/tianlong/Downloads//test/verpxkucoi.mp4,0,0.25065026
/home/tianlong/Downloads//test/gpsqelalbp.mp4,0,0.12033792
/home/tianlong/Downloads//test/paorozwtbf.mp4,0,0.3332367
/home/tianlong/Downloads//test/iaaecuquha.mp4,0,0.57039356
/home/tianlong/Downloads//test/lmgdjtzwau.mp4,0,0.72764397
/home/tianlong/Downloads//test/tayykmblhg.mp4,0,0.27341592
/home/tianlong/Downloads//test/hpurahupjh.mp4,0,0.5990931
/home/tianlong/Downloads//test/uutxmgqajd.mp4,0,0.64436466
/home/tianlong/Downloads//test/rbkcpkwhjn.mp4,0,0.20896472
/home/tianlong/Downloads//test/wtnloygygs.mp4,0,0.28801134
/home/tianlong/Downloads//test/biborxaekt.mp4,0,0.48145384
/home/tianlong/Downloads//test/drlnvwvvuw.mp4,0,0.3713239
/home/tianlong/Downloads//test/axutpjywuu.mp4,0,0.16057071
/home/tianlong/Downloads//test/jbcnsmlysc.mp4,0,0.39108378
/home/tianlong/Downloads//test/ilzhgraxpl.mp4,0,0.3616554
/home/tianlong/Downloads//test/cwqhzuhjol.mp4,0,0.12285527
/home/tianlong/Downloads//test/tlzordotqw.mp4,0,0.7882418
/home/tianlong/Downloads//test/hdauuytvhx.mp4,0,0.59617007
/home/tianlong/Downloads//test/rtiyduycrn.mp4,0,0.33558372
/home/tianlong/Downloads//test/mdsmgzaltc.mp4,0,0.6425959
/home/tianlong/Downloads//test/mnlxxoicoo.mp4,0,0.25719896
/home/tianlong/Downloads//test/ksfuiztwuc.mp4,0,0.7431723
/home/tianlong/Downloads//test/tpjydgkvdt.mp4,0,0.22194518
/home/tianlong/Downloads//test/nmjesbwiux.mp4,0,0.18268159
/home/tianlong/Downloads//test/egzfaoiuwo.mp4,0,0.1592054
/home/tianlong/Downloads//test/ucmfbukrkj.mp4,0,0.1650153
/home/tianlong/Downloads//test/aoqzxlwvmi.mp4,0,0.30160955
/home/tianlong/Downloads//test/zzjfzeuizr.mp4,0,0.75600684
/home/tianlong/Downloads//test/aunokqsmrt.mp4,0,0.48210657
/home/tianlong/Downloads//test/kudvvlgiff.mp4,0,0.6077908
/home/tianlong/Downloads//test/qqwsabrgxh.mp4,0,0.27524817
/home/tianlong/Downloads//test/pvsslamopo.mp4,0,0.7716096
/home/tianlong/Downloads//test/kawxnfacqs.mp4,0,0.17334825
/home/tianlong/Downloads//test/lxeqbyddvt.mp4,0,0.32399565
/home/tianlong/Downloads//test/zylribcaeu.mp4,0,0.24541768
/home/tianlong/Downloads//test/sghdekqnnn.mp4,0,0.37013093
/home/tianlong/Downloads//test/msbqgoxxlh.mp4,0,0.18810423
/home/tianlong/Downloads//test/ubbzrfgzer.mp4,0,0.2991621
/home/tianlong/Downloads//test/vuofhivyfs.mp4,0,0.7707029
/home/tianlong/Downloads//test/xirrbpmlja.mp4,0,0.33822513
/home/tianlong/Downloads//test/appvffejyy.mp4,0,0.5891334
/home/tianlong/Downloads//test/nzepxsbotb.mp4,0,0.14551312
/home/tianlong/Downloads//test/nkqkvwpghi.mp4,0,0.3352058
/home/tianlong/Downloads//test/vdvffooule.mp4,0,0.45437127
/home/tianlong/Downloads//test/rayhrvqorn.mp4,0,0.26686767
/home/tianlong/Downloads//test/cslfapvyjv.mp4,0,0.44956088
/home/tianlong/Downloads//test/rmygsfjyvt.mp4,0,0.34742585
/home/tianlong/Downloads//test/yhbhhibwzo.mp4,0,0.4969134
/home/tianlong/Downloads//test/vlxfyuzygn.mp4,0,0.60330236
/home/tianlong/Downloads//test/zefqhoewww.mp4,0,0.17524816
/home/tianlong/Downloads//test/vptrrrmhyb.mp4,0,0.67322236
/home/tianlong/Downloads//test/cefolmrrlx.mp4,0,0.16769202
/home/tianlong/Downloads//test/xzmplldajk.mp4,0,0.164143
/home/tianlong/Downloads//test/hrznynemfj.mp4,0,0.22320637
/home/tianlong/Downloads//test/tkxblcleyd.mp4,0,0.6785021
/home/tianlong/Downloads//test/tlxgwzheli.mp4,0,0.15021193
/home/tianlong/Downloads//test/qvgutokvct.mp4,0,0.40246403
/home/tianlong/Downloads//test/tcwyxrvdpe.mp4,0,0.37532306
/home/tianlong/Downloads//test/jwrypvpvpx.mp4,0,0.36119214
/home/tianlong/Downloads//test/bpyjsrjcro.mp4,0,0.5176045
/home/tianlong/Downloads//test/avteqdmbob.mp4,0,0.4899557
/home/tianlong/Downloads//test/aaivbtdyjn.mp4,0,0.72435665
/home/tianlong/Downloads//test/pokctfragw.mp4,0,0.18511629
/home/tianlong/Downloads//test/vgdllmzjcw.mp4,0,0.31667966
/home/tianlong/Downloads//test/zdlhavfmit.mp4,0,0.14759813
/home/tianlong/Downloads//test/yupsrmckii.mp4,0,0.717492
/home/tianlong/Downloads//test/pobpsxjbzg.mp4,0,0.11170058
/home/tianlong/Downloads//test/lkvouattut.mp4,0,0.27265394
/home/tianlong/Downloads//test/anjzzdyhno.mp4,0,0.27071726
/home/tianlong/Downloads//test/jvihmimqca.mp4,0,0.1572994
/home/tianlong/Downloads//test/wnoitecfmf.mp4,0,0.3067957
/home/tianlong/Downloads//test/gbvllwqbjl.mp4,0,0.26342726
/home/tianlong/Downloads//test/gzabjmglim.mp4,0,0.04541504
/home/tianlong/Downloads//test/paqcbtdulm.mp4,0,0.2960128
/home/tianlong/Downloads//test/jcbbrqaaaq.mp4,0,0.05030699
/home/tianlong/Downloads//test/nsavbywhlu.mp4,0,0.34838942
/home/tianlong/Downloads//test/zwfebeiqat.mp4,0,0.27820128
/home/tianlong/Downloads//test/pimrsfwcwm.mp4,0,0.46198118
/home/tianlong/Downloads//test/mrvdmwcblt.mp4,0,0.16821606
/home/tianlong/Downloads//test/hedetzyqpu.mp4,0,0.6622426
/home/tianlong/Downloads//test/qytaiboeep.mp4,0,0.33073023
/home/tianlong/Downloads//test/famavifufv.mp4,0,0.2603864
/home/tianlong/Downloads//test/hnselekxwv.mp4,0,0.77627724
/home/tianlong/Downloads//test/emgciwmtuj.mp4,0,0.4554082
/home/tianlong/Downloads//test/wbmvbetcdm.mp4,0,0.36246315
/home/tianlong/Downloads//test/mpvnvvihzp.mp4,0,0.52539986
/home/tianlong/Downloads//test/zelgpxflfe.mp4,0,0.7420514
/home/tianlong/Downloads//test/lhjcdavmmg.mp4,0,0.4577639
/home/tianlong/Downloads//test/rxtqqoncwj.mp4,0,0.081382416
/home/tianlong/Downloads//test/shrpamtirw.mp4,0,0.17203994
/home/tianlong/Downloads//test/qhzlgrtgto.mp4,0,0.35756356
/home/tianlong/Downloads//test/uuzyzglejw.mp4,0,0.37791637
/home/tianlong/Downloads//test/bmnpqrwnex.mp4,0,0.24884568
/home/tianlong/Downloads//test/dtssdnhgiw.mp4,0,0.28187427
/home/tianlong/Downloads//test/rlhmppiklf.mp4,0,0.3069231
/home/tianlong/Downloads//test/sswhgeqjrt.mp4,0,0.32052004
/home/tianlong/Downloads//test/emxqsgqtdz.mp4,0,0.21753617
/home/tianlong/Downloads//test/bcwtjzsutw.mp4,0,0.4516117
/home/tianlong/Downloads//test/uomfimsutw.mp4,0,0.45469105
/home/tianlong/Downloads//test/mztlucosuc.mp4,0,0.4694766
/home/tianlong/Downloads//test/ntcfyojagi.mp4,0,0.13126652
/home/tianlong/Downloads//test/wrbuiboyat.mp4,0,0.3582472
/home/tianlong/Downloads//test/xiqecarvpb.mp4,0,0.32212394
/home/tianlong/Downloads//test/fcvzlzfufb.mp4,0,0.5969942
/home/tianlong/Downloads//test/savqrjnncg.mp4,0,0.36386332
/home/tianlong/Downloads//test/icqmqztbry.mp4,0,0.3872623
/home/tianlong/Downloads//test/zzrmokkxka.mp4,0,0.5675289
/home/tianlong/Downloads//test/btgxrrldio.mp4,0,0.22705358
/home/tianlong/Downloads//test/zdnepyqjiy.mp4,0,0.39254245
/home/tianlong/Downloads//test/fybiztpnrc.mp4,0,0.0787767
/home/tianlong/Downloads//test/parqhrknkf.mp4,0,0.4531697
/home/tianlong/Downloads//test/tvffpggbrc.mp4,0,0.22492194
/home/tianlong/Downloads//test/rtpuwtrxsr.mp4,0,0.6891769
/home/tianlong/Downloads//test/tgmqfzsznf.mp4,0,0.16997428
/home/tianlong/Downloads//test/eqabuehals.mp4,0,0.5224776
/home/tianlong/Downloads//test/ikebomnsiq.mp4,0,0.30915672
/home/tianlong/Downloads//test/wfzxrfxohw.mp4,0,0.112596974
/home/tianlong/Downloads//test/dqfgwejsvm.mp4,0,0.2877075
/home/tianlong/Downloads//test/lxadgjqzbf.mp4,0,0.70086086
/home/tianlong/Downloads//test/tdahgbtenl.mp4,0,0.7698261
/home/tianlong/Downloads//test/bivzhsmrqo.mp4,0,0.2715329
/home/tianlong/Downloads//test/vzxluflrhn.mp4,0,0.23560397
/home/tianlong/Downloads//test/ikmsdmynbf.mp4,0,0.350486
/home/tianlong/Downloads//test/kuqbgbrypa.mp4,0,0.45556578
/home/tianlong/Downloads//test/nfstajzaot.mp4,0,0.35350868
/home/tianlong/Downloads//test/dultiznosk.mp4,0,0.032092728
/home/tianlong/Downloads//test/ckqfqernbf.mp4,0,0.2081024
/home/tianlong/Downloads//test/kbdwudhhwf.mp4,0,0.1620783
/home/tianlong/Downloads//test/hqpjmwyygq.mp4,0,0.38586584
/home/tianlong/Downloads//test/tjyuudtkme.mp4,0,0.24494432
/home/tianlong/Downloads//test/tihgxlmfcj.mp4,0,0.104346655
/home/tianlong/Downloads//test/sgdnbofecu.mp4,0,0.4038917
/home/tianlong/Downloads//test/pgamqeolau.mp4,0,0.4459388
/home/tianlong/Downloads//test/ijeqomctsa.mp4,0,0.1999877
/home/tianlong/Downloads//test/ppruxbqpmc.mp4,0,0.24397369
/home/tianlong/Downloads//test/hkvfyeacje.mp4,0,0.2772082
/home/tianlong/Downloads//test/zqrzqekofe.mp4,0,0.31127977
/home/tianlong/Downloads//test/iwzbgmtsuh.mp4,0,0.33937463
/home/tianlong/Downloads//test/dbixwxtuxs.mp4,0,0.3877531
/home/tianlong/Downloads//test/cepqcoseaj.mp4,0,0.6244017
/home/tianlong/Downloads//test/gypapuqdrx.mp4,0,0.7600437
/home/tianlong/Downloads//test/djhhnixfyi.mp4,0,0.25980172
/home/tianlong/Downloads//test/fkarxowzuf.mp4,0,0.5807333
/home/tianlong/Downloads//test/gfxnuidfgl.mp4,0,0.1738814
/home/tianlong/Downloads//test/vsreebjsfs.mp4,0,0.23787919
/home/tianlong/Downloads//test/manqchicur.mp4,0,0.50629044
/home/tianlong/Downloads//test/gztffgsxpt.mp4,0,0.2572128
/home/tianlong/Downloads//test/jdzkykqgsx.mp4,0,0.57290494
/home/tianlong/Downloads//test/cvbubcwkkl.mp4,0,0.30478707
/home/tianlong/Downloads//test/bgqhldvsgc.mp4,0,0.06893522
/home/tianlong/Downloads//test/blqgpxokwq.mp4,0,0.61177975
/home/tianlong/Downloads//test/cxvayntesu.mp4,0,0.20939265
/home/tianlong/Downloads//test/dxepehnhgm.mp4,0,0.68289506
/home/tianlong/Downloads//test/bcgjlsupne.mp4,0,0.054032452
/home/tianlong/Downloads//test/uhynwthfhf.mp4,0,0.6963694
/home/tianlong/Downloads//test/gocrdvihos.mp4,0,0.5429115
/home/tianlong/Downloads//test/gtyvtbojpp.mp4,0,0.20018648
/home/tianlong/Downloads//test/eqtwkqxolz.mp4,0,0.38377234
/home/tianlong/Downloads//test/arwiyweadv.mp4,0,0.5221881
/home/tianlong/Downloads//test/mlizcisxro.mp4,0,0.18837991
/home/tianlong/Downloads//test/miiymgajty.mp4,0,0.609874
/home/tianlong/Downloads//test/ragjclplkx.mp4,0,0.10917534
/home/tianlong/Downloads//test/wxrfuemtxj.mp4,0,0.27087414
/home/tianlong/Downloads//test/xxupwwukoh.mp4,0,0.16194662
/home/tianlong/Downloads//test/qdantvtdji.mp4,0,0.6034138
/home/tianlong/Downloads//test/oqehnuhbwa.mp4,0,0.3483627
/home/tianlong/Downloads//test/yzqbwkwxsn.mp4,0,0.25193915
/home/tianlong/Downloads//test/osjaqtkkdt.mp4,0,0.34480983
/home/tianlong/Downloads//test/nthlmvjxac.mp4,0,0.2808243
/home/tianlong/Downloads//test/dpegbdzijf.mp4,0,0.092884764
/home/tianlong/Downloads//test/ezgusylcyf.mp4,0,0.74511135
/home/tianlong/Downloads//test/isxxybhuls.mp4,0,0.75801486
/home/tianlong/Downloads//test/dbqbwrcvjk.mp4,0,0.30978206
/home/tianlong/Downloads//test/qqrvyhjznq.mp4,0,0.13655448
/home/tianlong/Downloads//test/ohdtmpzbtp.mp4,0,0.16248254
/home/tianlong/Downloads//test/oupztxzdln.mp4,0,0.36614633
/home/tianlong/Downloads//test/snidpujjti.mp4,0,0.740616
/home/tianlong/Downloads//test/yoxdseoukl.mp4,0,0.37935284
/home/tianlong/Downloads//test/bxsdnqizii.mp4,0,0.27801344
/home/tianlong/Downloads//test/ihszkmcwvw.mp4,0,0.37577483
/home/tianlong/Downloads//test/rgrqhjtoby.mp4,0,0.08040853
/home/tianlong/Downloads//test/vqibhetnwa.mp4,0,0.68840235
/home/tianlong/Downloads//test/rkqqgwurqt.mp4,0,0.48873863
/home/tianlong/Downloads//test/axdepsfowg.mp4,0,0.31652972
/home/tianlong/Downloads//test/dcpmipuapc.mp4,0,0.58703864
/home/tianlong/Downloads//test/ncjqganhal.mp4,0,0.23332374
/home/tianlong/Downloads//test/qnbnlmpqpu.mp4,0,0.7513098
/home/tianlong/Downloads//test/ieoervpooz.mp4,0,0.780875
/home/tianlong/Downloads//test/fscyfygpyk.mp4,0,0.0932899
/home/tianlong/Downloads//test/pitpjawwwp.mp4,0,0.2932747
/home/tianlong/Downloads//test/geturetbpy.mp4,0,0.46913716
/home/tianlong/Downloads//test/kwsraaqime.mp4,0,0.7232659
/home/tianlong/Downloads//test/lhgoghqmub.mp4,0,0.15710615
/home/tianlong/Downloads//test/kdmonvkpqd.mp4,0,0.59636676
/home/tianlong/Downloads//test/wrcelewmpa.mp4,0,0.4146571
/home/tianlong/Downloads//test/bxqgvzamnx.mp4,0,0.33811262
/home/tianlong/Downloads//test/nliofvksed.mp4,0,0.7119359
/home/tianlong/Downloads//test/mwjnvghsbe.mp4,0,0.106316894
/home/tianlong/Downloads//test/ygiscbckjl.mp4,0,0.2577999
/home/tianlong/Downloads//test/wscclwhfsr.mp4,0,0.3164742
/home/tianlong/Downloads//test/hddminxrhw.mp4,0,0.42252463
/home/tianlong/Downloads//test/ncrkggcdqp.mp4,0,0.75186837
/home/tianlong/Downloads//test/xjinzawywt.mp4,0,0.44687638
/home/tianlong/Downloads//test/korrsqtkke.mp4,0,0.6084276
/home/tianlong/Downloads//test/tskjnnvjsa.mp4,0,0.42063034
/home/tianlong/Downloads//test/tyjxmknivy.mp4,0,0.34765017
/home/tianlong/Downloads//test/qyvqrtscbk.mp4,0,0.16643378
/home/tianlong/Downloads//test/kxnybtbpkl.mp4,0,0.0643274
/home/tianlong/Downloads//test/wiqtkqwfsw.mp4,0,0.3468
/home/tianlong/Downloads//test/bevjclbhuo.mp4,0,0.22482844
/home/tianlong/Downloads//test/shwulrbsfx.mp4,0,0.45511836
/home/tianlong/Downloads//test/mohtuktaaq.mp4,0,0.12709893
/home/tianlong/Downloads//test/fwsypadiom.mp4,0,0.16332398
/home/tianlong/Downloads//test/buywrbgfqy.mp4,0,0.13295464
/home/tianlong/Downloads//test/bljpdykszf.mp4,0,0.7895392
/home/tianlong/Downloads//test/ztxdkcoxvx.mp4,0,0.8226332
/home/tianlong/Downloads//test/oqeoibjbim.mp4,0,0.29438674
/home/tianlong/Downloads//test/szwhgmrrhm.mp4,0,0.48180354
/home/tianlong/Downloads//test/xnydmgdhum.mp4,0,0.13081312
/home/tianlong/Downloads//test/fltaysfwct.mp4,0,0.4581392
/home/tianlong/Downloads//test/akdvkdoyoh.mp4,0,0.66803473
/home/tianlong/Downloads//test/ftfemkjnot.mp4,0,0.5721981
/home/tianlong/Downloads//test/gmbckelbzp.mp4,0,0.3007687
/home/tianlong/Downloads//test/jjzveabagf.mp4,0,0.20636584
/home/tianlong/Downloads//test/dfqwasrdvq.mp4,0,0.4914501
/home/tianlong/Downloads//test/diskzkrrph.mp4,0,0.12127361
/home/tianlong/Downloads//test/jtwpwdqmxz.mp4,0,0.3810332
/home/tianlong/Downloads//test/qivnumuetu.mp4,0,0.2017217
/home/tianlong/Downloads//test/blmuzhjygg.mp4,0,0.63149035
/home/tianlong/Downloads//test/sbxlfehzjc.mp4,0,0.76000714
/home/tianlong/Downloads//test/tcwhwssdnv.mp4,0,0.57157063
/home/tianlong/Downloads//test/bkbokyebco.mp4,0,0.5339425
/home/tianlong/Downloads//test/vojsghpebv.mp4,0,0.71986425
/home/tianlong/Downloads//test/opuhoerhxb.mp4,0,0.49200946
/home/tianlong/Downloads//test/mmhdcoqsve.mp4,0,0.2667274
/home/tianlong/Downloads//test/ewxddjqzml.mp4,0,0.17944187
/home/tianlong/Downloads//test/dznchaiaqh.mp4,0,0.26926857
/home/tianlong/Downloads//test/mloeefokyq.mp4,0,0.3609498
/home/tianlong/Downloads//test/fgkpembbpv.mp4,0,0.19503853
/home/tianlong/Downloads//test/orqafstesq.mp4,0,0.31530055
/home/tianlong/Downloads//test/ckgabgjnca.mp4,0,0.6180855
/home/tianlong/Downloads//test/iuvhrgckrt.mp4,0,0.45329744
/home/tianlong/Downloads//test/vlzwcejywm.mp4,0,0.07077641
/home/tianlong/Downloads//test/cpucjmfawf.mp4,0,0.45505542
/home/tianlong/Downloads//test/ekvhyeycpr.mp4,0,0.22760715
/home/tianlong/Downloads//test/tazlckybzu.mp4,0,0.6194783
/home/tianlong/Downloads//test/clxgzkdgta.mp4,0,0.40978977
/home/tianlong/Downloads//test/zlfbumxcxs.mp4,0,0.3823985
/home/tianlong/Downloads//test/plhcceboag.mp4,0,0.34572056
/home/tianlong/Downloads//test/extihvlsxg.mp4,0,0.37482697
/home/tianlong/Downloads//test/olebnvxoyl.mp4,0,0.21787426
/home/tianlong/Downloads//test/opdqcwqxzy.mp4,0,0.0689689
/home/tianlong/Downloads//test/stwaypekwh.mp4,0,0.16372949
/home/tianlong/Downloads//test/xogwctpikv.mp4,0,0.31445926
/home/tianlong/Downloads//test/cjiwxfwcit.mp4,0,0.71268576
/home/tianlong/Downloads//test/txshgvrava.mp4,0,0.20651288
/home/tianlong/Downloads//test/ggpuxwhpri.mp4,0,0.52465916
/home/tianlong/Downloads//test/jlxnzxtopm.mp4,0,0.36752045
/home/tianlong/Downloads//test/thjugpbwcv.mp4,0,0.6088142
/home/tianlong/Downloads//test/pkititkein.mp4,0,0.27480313
/home/tianlong/Downloads//test/hjiwmybauf.mp4,0,0.59927773
/home/tianlong/Downloads//test/efazuieysm.mp4,0,0.42398742
/home/tianlong/Downloads//test/tdzsgrdneg.mp4,0,0.7579803
/home/tianlong/Downloads//test/mkxmvreoth.mp4,0,0.21894431
/home/tianlong/Downloads//test/ofbjiuemkr.mp4,0,0.2633661
/home/tianlong/Downloads//test/dogotzkdiw.mp4,0,0.38081798
/home/tianlong/Downloads//test/qdmvzknbua.mp4,0,0.34049657
/home/tianlong/Downloads//test/pnauelqbxq.mp4,0,0.5190398
/home/tianlong/Downloads//test/sytddqezij.mp4,0,0.29038304
/home/tianlong/Downloads//test/bhpddnqauc.mp4,0,0.1822621
/home/tianlong/Downloads//test/imtkdzkypf.mp4,0,0.6954731
/home/tianlong/Downloads//test/kbodjivgqu.mp4,0,0.6411644
/home/tianlong/Downloads//test/qtxraeaxeh.mp4,0,0.44468194
/home/tianlong/Downloads//test/uaxmqpmswz.mp4,0,0.14679042
/home/tianlong/Downloads//test/qlbapiibba.mp4,0,0.26755553
/home/tianlong/Downloads//test/mzurunkulx.mp4,0,0.5960857
/home/tianlong/Downloads//test/aujoxrpddn.mp4,0,0.6281886
/home/tianlong/Downloads//test/ebenvuuxld.mp4,0,0.45969716
/home/tianlong/Downloads//test/fsfjlwwsen.mp4,0,0.7670977
/home/tianlong/Downloads//test/zwgaptzuqt.mp4,0,0.14489922
/home/tianlong/Downloads//test/gldpafckwo.mp4,0,0.71971065
/home/tianlong/Downloads//test/nvkzpexyzg.mp4,0,0.63852847
/home/tianlong/Downloads//test/vnrmxwtsmf.mp4,0,0.30703384
/home/tianlong/Downloads//test/hmofiqjzxe.mp4,0,0.34785026
/home/tianlong/Downloads//test/ucryyubbqk.mp4,0,0.6680181
/home/tianlong/Downloads//test/gwqdrapybq.mp4,0,0.23701218
/home/tianlong/Downloads//test/avttogwbyz.mp4,0,0.28882775
/home/tianlong/Downloads//test/hbmvxgonmq.mp4,0,0.60469234
/home/tianlong/Downloads//test/gxxlbjuyza.mp4,0,0.299284
/home/tianlong/Downloads//test/jhzozsurac.mp4,0,0.16615933
/home/tianlong/Downloads//test/opyqudaics.mp4,0,0.38866112
/home/tianlong/Downloads//test/vigbdgmudk.mp4,0,0.16053835
/home/tianlong/Downloads//test/viidhkoxyv.mp4,0,0.53751284
/home/tianlong/Downloads//test/dmpvbeyuqb.mp4,0,0.19273223
/home/tianlong/Downloads//test/wgycqahjww.mp4,0,0.71005476
/home/tianlong/Downloads//test/wwgmzeavbd.mp4,0,0.1548345
/home/tianlong/Downloads//test/qtqyglbdem.mp4,0,0.7071297
/home/tianlong/Downloads//test/nqynuhnklk.mp4,0,0.122280374
/home/tianlong/Downloads//test/jygbqsigcr.mp4,0,0.38969946
/home/tianlong/Downloads//test/nsozqvhalr.mp4,0,0.25969243
/home/tianlong/Downloads//test/yvmrwdyxby.mp4,0,0.7790892
/home/tianlong/Downloads//test/kvhbyuklfv.mp4,0,0.43632182
/home/tianlong/Downloads//test/iwnfvkmktq.mp4,0,0.75421524
/home/tianlong/Downloads//test/qzfmctgxcs.mp4,0,0.22952686
/home/tianlong/Downloads//test/vhipamioud.mp4,0,0.24976948
/home/tianlong/Downloads//test/lmbvoxhowe.mp4,0,0.516464
/home/tianlong/Downloads//test/ziqjamfzlv.mp4,0,0.31705022
/home/tianlong/Downloads//test/kqnwutdvpd.mp4,0,0.34676233
/home/tianlong/Downloads//test/lucpbeexdk.mp4,0,0.25595528
/home/tianlong/Downloads//test/pnotaniiuh.mp4,0,0.2985512
/home/tianlong/Downloads//test/qohtjkzity.mp4,0,0.7475472
/home/tianlong/Downloads//test/bkjhfcvsig.mp4,0,0.08247727
/home/tianlong/Downloads//test/kpcrdurodw.mp4,0,0.1787224
/home/tianlong/Downloads//test/nmphdbflzj.mp4,0,0.53033483
/home/tianlong/Downloads//test/fmsxomanga.mp4,0,0.17678566
/home/tianlong/Downloads//test/tgwpcoljin.mp4,0,0.70477235
/home/tianlong/Downloads//test/foynwjsqeh.mp4,0,0.6749412
/home/tianlong/Downloads//test/vdqritvjfl.mp4,0,0.68431383
/home/tianlong/Downloads//test/egyemqrvna.mp4,0,0.7794836
/home/tianlong/Downloads//test/xrtmepdfyh.mp4,0,0.27651876
/home/tianlong/Downloads//test/zfgjechdto.mp4,0,0.25904864
/home/tianlong/Downloads//test/jujpqsrgll.mp4,0,0.49274412
/home/tianlong/Downloads//test/iakzgqqova.mp4,0,0.23258764
/home/tianlong/Downloads//test/fqdklzzkfj.mp4,0,0.44744158
/home/tianlong/Downloads//test/dnfnxwbsoi.mp4,0,0.7324103
/home/tianlong/Downloads//test/lynaeydofd.mp4,0,0.22107768
/home/tianlong/Downloads//test/relrfifywa.mp4,0,0.30845666
/home/tianlong/Downloads//test/imsacxixmv.mp4,0,0.34922692
/home/tianlong/Downloads//test/rfbwukxpye.mp4,0,0.21133843
/home/tianlong/Downloads//test/atixaudngu.mp4,0,0.080994345
/home/tianlong/Downloads//test/tcychsyltm.mp4,0,0.23733708
/home/tianlong/Downloads//test/kifyfzqzjj.mp4,0,0.464496
/home/tianlong/Downloads//test/irjbukzjqt.mp4,0,0.33857563
/home/tianlong/Downloads//test/jmkkbkvbjo.mp4,0,0.28839472
/home/tianlong/Downloads//test/gflhlvhqyl.mp4,0,0.719448
/home/tianlong/Downloads//test/myebjqbxsl.mp4,0,0.030688267
/home/tianlong/Downloads//test/mqeqiytluf.mp4,0,0.10165459
/home/tianlong/Downloads//test/zbsjlcsetv.mp4,0,0.13307723
/home/tianlong/Downloads//test/lzmxqxrruv.mp4,0,0.45568785
/home/tianlong/Downloads//test/neotrnwthu.mp4,0,0.22420543
/home/tianlong/Downloads//test/vwigtbeivy.mp4,0,0.27771947
/home/tianlong/Downloads//test/ldtscpryms.mp4,0,0.43256855
/home/tianlong/Downloads//test/sjgmmecazy.mp4,0,0.6523111
/home/tianlong/Downloads//test/jkrbsekajk.mp4,0,0.40992233
/home/tianlong/Downloads//test/iahzcxmuck.mp4,0,0.2773429
/home/tianlong/Downloads//test/cteqlloxwu.mp4,0,0.6561869
/home/tianlong/Downloads//test/pgqxsteufx.mp4,0,0.6025643
/home/tianlong/Downloads//test/cmuzrrlaiy.mp4,1,0.6594326
/home/tianlong/Downloads//test/jxeqhujuvh.mp4,1,0.5796858
/home/tianlong/Downloads//test/ntaqujyzes.mp4,1,0.63685244
/home/tianlong/Downloads//test/ghxzsygiou.mp4,1,0.40738958
/home/tianlong/Downloads//test/lvxzjwiklq.mp4,1,0.51742965
/home/tianlong/Downloads//test/wlyvvvjgnv.mp4,1,0.20390894
/home/tianlong/Downloads//test/hexxuigzdl.mp4,1,0.5928085
/home/tianlong/Downloads//test/zynrdvlrwv.mp4,1,0.21744706
/home/tianlong/Downloads//test/kbvqzihgan.mp4,1,0.17909068
/home/tianlong/Downloads//test/razacdewcv.mp4,1,0.47707966
/home/tianlong/Downloads//test/tjlrvidbxw.mp4,1,0.57576406
/home/tianlong/Downloads//test/gcbyurxhbz.mp4,1,0.094316304
/home/tianlong/Downloads//test/xticvyqqjn.mp4,1,0.7112959
/home/tianlong/Downloads//test/gqpayiddqv.mp4,1,0.48683685
/home/tianlong/Downloads//test/zmrnjhfxed.mp4,1,0.31413528
/home/tianlong/Downloads//test/slpxqmwuqm.mp4,1,0.55841875
/home/tianlong/Downloads//test/upwsvjdtgo.mp4,1,0.43479735
/home/tianlong/Downloads//test/zpnjiswgdt.mp4,1,0.1376758
/home/tianlong/Downloads//test/rayxtqfosv.mp4,1,0.22391574
/home/tianlong/Downloads//test/cfhoqpdzqb.mp4,1,0.4050438
/home/tianlong/Downloads//test/okyufzgvay.mp4,1,0.26045662
/home/tianlong/Downloads//test/wgyxtquovo.mp4,1,0.4166823
/home/tianlong/Downloads//test/kicgvgukqs.mp4,1,0.7630898
/home/tianlong/Downloads//test/aolhuwcdwv.mp4,1,0.63844025
/home/tianlong/Downloads//test/clzcvdsuyp.mp4,1,0.3461161
/home/tianlong/Downloads//test/jibhugdfbs.mp4,1,0.21832566
/home/tianlong/Downloads//test/kfiszsbzob.mp4,1,0.72545093
/home/tianlong/Downloads//test/mgwtoqonaf.mp4,1,0.45471448
/home/tianlong/Downloads//test/buzqmuifod.mp4,1,0.49910086
/home/tianlong/Downloads//test/bofmetrgfm.mp4,1,0.12697892
/home/tianlong/Downloads//test/chlshvbday.mp4,1,0.59117377
/home/tianlong/Downloads//test/vxcjkgerao.mp4,1,0.45326105
/home/tianlong/Downloads//test/qxwqqhruvz.mp4,1,0.24816816
/home/tianlong/Downloads//test/hytdcdixlv.mp4,1,0.13144551
/home/tianlong/Downloads//test/buejhiahpy.mp4,1,0.053049833
/home/tianlong/Downloads//test/omotodymgb.mp4,1,0.17200407
/home/tianlong/Downloads//test/gmcvyrferj.mp4,1,0.120701365
/home/tianlong/Downloads//test/ycoaclsdov.mp4,1,0.69327646
/home/tianlong/Downloads//test/scaljzcpcf.mp4,1,0.4543572
/home/tianlong/Downloads//test/uhbxhharht.mp4,1,0.35447738
/home/tianlong/Downloads//test/tmmakbzbqw.mp4,1,0.6752752
/home/tianlong/Downloads//test/mvfvefsgik.mp4,1,0.7722756
/home/tianlong/Downloads//test/inesnaprwm.mp4,1,0.6268751
/home/tianlong/Downloads//test/qqxelyjmmw.mp4,1,0.32959327
/home/tianlong/Downloads//test/dllkubdbbd.mp4,1,0.45400718
/home/tianlong/Downloads//test/ttnajmkchw.mp4,1,0.26946458
/home/tianlong/Downloads//test/kaffwaiexj.mp4,1,0.16143602
/home/tianlong/Downloads//test/dpfuqzdtrs.mp4,1,0.52580065
/home/tianlong/Downloads//test/hfvexodpht.mp4,1,0.2838848
/home/tianlong/Downloads//test/vmxjsdkuju.mp4,1,0.5531513
/home/tianlong/Downloads//test/afaxsgqksm.mp4,1,0.3164669
/home/tianlong/Downloads//test/pgkipgmpgm.mp4,1,0.76412576
/home/tianlong/Downloads//test/ltkesswcyn.mp4,1,0.26538473
/home/tianlong/Downloads//test/dffkcrccsj.mp4,1,0.3260246
/home/tianlong/Downloads//test/svtnilogao.mp4,1,0.64776945
/home/tianlong/Downloads//test/bzobkqewtt.mp4,1,0.39561486
/home/tianlong/Downloads//test/vemnbnqoqk.mp4,1,0.7211374
/home/tianlong/Downloads//test/nobrvdftmd.mp4,1,0.2908702
/home/tianlong/Downloads//test/qepgiaxgpc.mp4,1,0.37910938
/home/tianlong/Downloads//test/bogjubshbr.mp4,1,0.758266
/home/tianlong/Downloads//test/uyoqozgdcy.mp4,1,0.090479314
/home/tianlong/Downloads//test/cvmmtklgst.mp4,1,0.76308453
/home/tianlong/Downloads//test/qharxzhzpl.mp4,1,0.7725599
/home/tianlong/Downloads//test/sprejlmapw.mp4,1,0.3864725
/home/tianlong/Downloads//test/crzrsezocr.mp4,1,0.28930473
/home/tianlong/Downloads//test/wyqhadmmcy.mp4,1,0.6745476
/home/tianlong/Downloads//test/jrjxehotww.mp4,1,0.6861988
/home/tianlong/Downloads//test/xctpdujlok.mp4,1,0.48007843
/home/tianlong/Downloads//test/hfspenqmpw.mp4,1,0.44812214
/home/tianlong/Downloads//test/jkfukzcjxd.mp4,1,0.72342825
/home/tianlong/Downloads//test/knafngkgen.mp4,1,0.6232475
/home/tianlong/Downloads//test/tswmtnhfmn.mp4,1,0.15469053
/home/tianlong/Downloads//test/qoasfzksgo.mp4,1,0.60655403
/home/tianlong/Downloads//test/hnrzuoqnkz.mp4,1,0.26521462
/home/tianlong/Downloads//test/nussrkyuzy.mp4,1,0.32685548
/home/tianlong/Downloads//test/ciwzwmlyxz.mp4,1,0.250625
/home/tianlong/Downloads//test/dbauiiupef.mp4,1,0.766327
/home/tianlong/Downloads//test/ywxfnlxtjg.mp4,1,0.20934713
/home/tianlong/Downloads//test/pryqgrbtnu.mp4,1,0.39368746
/home/tianlong/Downloads//test/mbjpaydogy.mp4,1,0.31095588
/home/tianlong/Downloads//test/ihdopxhysr.mp4,1,0.3753224
/home/tianlong/Downloads//test/rgasvymjrj.mp4,1,0.36525238
/home/tianlong/Downloads//test/eclpgjjies.mp4,1,0.26017424
/home/tianlong/Downloads//test/kxptuwngop.mp4,1,0.189464
/home/tianlong/Downloads//test/uaqvffouxp.mp4,1,0.4183856
/home/tianlong/Downloads//test/xvqzzgoabm.mp4,1,0.31151003
/home/tianlong/Downloads//test/tkgbjtcxyl.mp4,1,0.7822399
/home/tianlong/Downloads//test/xlnaxrwvcx.mp4,1,0.4499355
/home/tianlong/Downloads//test/kphfzaullq.mp4,1,0.33377707
/home/tianlong/Downloads//test/rkezgzxnoo.mp4,1,0.34287667
/home/tianlong/Downloads//test/fromclsodq.mp4,1,0.20085332
/home/tianlong/Downloads//test/nrscfrjxpb.mp4,1,0.082190506
/home/tianlong/Downloads//test/ygobagrhmg.mp4,1,0.62163687
/home/tianlong/Downloads//test/hisfrixnbu.mp4,1,0.26617646
/home/tianlong/Downloads//test/duzueyonao.mp4,1,0.69779015
/home/tianlong/Downloads//test/gkknsyqbnz.mp4,1,0.55129564
/home/tianlong/Downloads//test/tmgdrjjalz.mp4,1,0.46948314
/home/tianlong/Downloads//test/iajblozgtx.mp4,1,0.25275275
/home/tianlong/Downloads//test/ahkcchuwqq.mp4,1,0.2136788
/home/tianlong/Downloads//test/zmfiveruie.mp4,1,0.76665103
/home/tianlong/Downloads//test/xptgnpgfkn.mp4,1,0.16516873
/home/tianlong/Downloads//test/aebhowazav.mp4,1,0.76417154
/home/tianlong/Downloads//test/geulcwvfuy.mp4,1,0.45211956
/home/tianlong/Downloads//test/glzyifzrql.mp4,1,0.43741798
/home/tianlong/Downloads//test/wvmrsucbsq.mp4,1,0.67565197
/home/tianlong/Downloads//test/moetggyxsc.mp4,1,0.32823065
/home/tianlong/Downloads//test/jfvnwpcjrm.mp4,1,0.44913465
/home/tianlong/Downloads//test/kaggpclkjm.mp4,1,0.6456986
/home/tianlong/Downloads//test/nacldwtuwp.mp4,1,0.6838174
/home/tianlong/Downloads//test/upwyvqbjlq.mp4,1,0.847134
/home/tianlong/Downloads//test/tdmyjvptzv.mp4,1,0.7324916
/home/tianlong/Downloads//test/fzurflflwv.mp4,1,0.3142481
/home/tianlong/Downloads//test/aakjukgjme.mp4,1,0.26386833
/home/tianlong/Downloads//test/ypepsyuwmo.mp4,1,0.6128464
/home/tianlong/Downloads//test/qxhyhhkywc.mp4,1,0.24685986
/home/tianlong/Downloads//test/iqvfopywpa.mp4,1,0.23618862
/home/tianlong/Downloads//test/xfncslssic.mp4,1,0.14804932
/home/tianlong/Downloads//test/jesstfspwv.mp4,1,0.39287463
/home/tianlong/Downloads//test/xiraodtgnt.mp4,1,0.7045972
/home/tianlong/Downloads//test/xeuzubpylq.mp4,1,0.08073368
/home/tianlong/Downloads//test/xszpbtciwo.mp4,1,0.29076767
/home/tianlong/Downloads//test/fkksbgaibl.mp4,1,0.5288802
/home/tianlong/Downloads//test/ntqzfgmhnj.mp4,1,0.5796455
/home/tianlong/Downloads//test/bizbjxafzr.mp4,1,0.38908547
/home/tianlong/Downloads//test/bxfwiuvafo.mp4,1,0.5372935
/home/tianlong/Downloads//test/jfcglbovmo.mp4,1,0.77040833
/home/tianlong/Downloads//test/odidbykbar.mp4,1,0.70196956
/home/tianlong/Downloads//test/qarbtmjwhm.mp4,1,0.75407076
/home/tianlong/Downloads//test/jeierullea.mp4,1,0.4445936
/home/tianlong/Downloads//test/lrckqkzekj.mp4,1,0.17598975
/home/tianlong/Downloads//test/riizlqngim.mp4,1,0.53665376
/home/tianlong/Downloads//test/lmcnonfhgz.mp4,1,0.498386
/home/tianlong/Downloads//test/lkhszpabzv.mp4,1,0.5764402
/home/tianlong/Downloads//test/njqbwiajss.mp4,1,0.06043426
/home/tianlong/Downloads//test/ksqybmrwyg.mp4,1,0.89531285
/home/tianlong/Downloads//test/dxphlwcvan.mp4,1,0.4782608
/home/tianlong/Downloads//test/dgjssccxhx.mp4,1,0.3532018
/home/tianlong/Downloads//test/sbfxzmhzyv.mp4,1,0.3782799
/home/tianlong/Downloads//test/rlvgpdrgvi.mp4,1,0.6425766
/home/tianlong/Downloads//test/uzdmxmfcqe.mp4,1,0.44839233
/home/tianlong/Downloads//test/afixxjdxef.mp4,1,0.65468436
/home/tianlong/Downloads//test/fwvxtssltw.mp4,1,0.3710502
/home/tianlong/Downloads//test/jyzlvivrmr.mp4,1,0.335615
/home/tianlong/Downloads//test/byavookkdu.mp4,1,0.27577946
/home/tianlong/Downloads//test/agyawnxlmv.mp4,1,0.28824475
/home/tianlong/Downloads//test/zjoonppreb.mp4,1,0.255441
/home/tianlong/Downloads//test/sjzwpqupnm.mp4,1,0.53445315
/home/tianlong/Downloads//test/pobrnbspcf.mp4,1,0.53516126
/home/tianlong/Downloads//test/qdkpphviay.mp4,1,0.33079618
/home/tianlong/Downloads//test/nbyaxzmueg.mp4,1,0.38112116
/home/tianlong/Downloads//test/vfszaqentw.mp4,1,0.7200998
/home/tianlong/Downloads//test/fosovipqkg.mp4,1,0.11233488
/home/tianlong/Downloads//test/grwcxofqrx.mp4,1,0.45457515
/home/tianlong/Downloads//test/koqxhnmkjl.mp4,1,0.4400453
/home/tianlong/Downloads//test/xkukyjokbg.mp4,1,0.75064534
/home/tianlong/Downloads//test/fmnzbwtjep.mp4,1,0.14602835
/home/tianlong/Downloads//test/aruyyclubn.mp4,1,0.22325519
/home/tianlong/Downloads//test/eluhuvocwr.mp4,1,0.49257052
/home/tianlong/Downloads//test/iiwffwiyrg.mp4,1,0.38606626
/home/tianlong/Downloads//test/fsbabrxhqy.mp4,1,0.67721987
/home/tianlong/Downloads//test/ymqadbkafj.mp4,1,0.47289464
/home/tianlong/Downloads//test/nptmqvfuhz.mp4,1,0.71486497
/home/tianlong/Downloads//test/usjnlahlcj.mp4,1,0.5174523
/home/tianlong/Downloads//test/hbozjjcafn.mp4,1,0.06784066
/home/tianlong/Downloads//test/cizxmeztny.mp4,1,0.15488677
/home/tianlong/Downloads//test/syxlmynhsi.mp4,1,0.78351766
/home/tianlong/Downloads//test/ezadehoecy.mp4,1,0.055150755
/home/tianlong/Downloads//test/fpliemtlco.mp4,1,0.5230284
/home/tianlong/Downloads//test/arflgfcnkg.mp4,1,0.347413
/home/tianlong/Downloads//test/occelhylxf.mp4,1,0.18104383
/home/tianlong/Downloads//test/uqntkvpntd.mp4,1,0.26324126
/home/tianlong/Downloads//test/iatevqworc.mp4,1,0.16949266
/home/tianlong/Downloads//test/xzsmgydcub.mp4,1,0.6469018
/home/tianlong/Downloads//test/qbffpkpmkf.mp4,1,0.5067828
/home/tianlong/Downloads//test/pzbpgfmroj.mp4,1,0.59686536
/home/tianlong/Downloads//test/oundixpyst.mp4,1,0.29092312
/home/tianlong/Downloads//test/hnxhwfttpy.mp4,1,0.38530302
/home/tianlong/Downloads//test/rdjwlvvwtv.mp4,1,0.7646885
/home/tianlong/Downloads//test/tcmstiljkk.mp4,1,0.73246914
/home/tianlong/Downloads//test/qbfdtumuct.mp4,1,0.69101423
/home/tianlong/Downloads//test/mxnquwuszt.mp4,1,0.3099167
/home/tianlong/Downloads//test/sjooumwlzb.mp4,1,0.5098272
/home/tianlong/Downloads//test/twhwouycfg.mp4,1,0.16711566
/home/tianlong/Downloads//test/wytpaehszj.mp4,1,0.5056755
/home/tianlong/Downloads//test/srtwhbzzlr.mp4,1,0.715943
/home/tianlong/Downloads//test/jqjfpkuckf.mp4,1,0.19567807
/home/tianlong/Downloads//test/yxjjfaekev.mp4,1,0.072222725
/home/tianlong/Downloads//test/cyokqrzbol.mp4,1,0.2138427
/home/tianlong/Downloads//test/mtilpvablx.mp4,1,0.26706874
/home/tianlong/Downloads//test/njwsmltmvb.mp4,1,0.19405527
/home/tianlong/Downloads//test/xkksfulade.mp4,1,0.5968204
/home/tianlong/Downloads//test/dtfgsvfmjq.mp4,1,0.5450241
/home/tianlong/Downloads//test/onaewxqqkd.mp4,1,0.6049199
/home/tianlong/Downloads//test/pazpnfrbbc.mp4,1,0.24607277
/home/tianlong/Downloads//test/kgowzoxjfq.mp4,1,0.43226075
/home/tianlong/Downloads//test/ltdwtgrads.mp4,1,0.104008265
/home/tianlong/Downloads//test/znistrajpw.mp4,1,0.32839876
/home/tianlong/Downloads//test/yfhzmfhojv.mp4,1,0.6060294
/home/tianlong/Downloads//test/spkorcenyh.mp4,1,0.43885964
/home/tianlong/Downloads//test/axopbbxwzr.mp4,1,0.3583415
/home/tianlong/Downloads//test/hxrruqinnh.mp4,1,0.5953355
/home/tianlong/Downloads//test/tkaybnjwhg.mp4,1,0.85462713
/home/tianlong/Downloads//test/lhwwhjhyqx.mp4,1,0.03364147
/home/tianlong/Downloads//test/btxjufhiaz.mp4,1,0.22659978
/home/tianlong/Downloads//test/dnhaskulaj.mp4,1,0.75866944
/home/tianlong/Downloads//test/vxqofldgze.mp4,1,0.1076622
/home/tianlong/Downloads//test/ddjzmyabyu.mp4,1,0.10866954
/home/tianlong/Downloads//test/mgahaaogif.mp4,1,0.7537191
/home/tianlong/Downloads//test/ktmdpragph.mp4,1,0.3560664
/home/tianlong/Downloads//test/xazdhdnwhh.mp4,1,0.24940507
/home/tianlong/Downloads//test/qnslgeajnt.mp4,1,0.7797902
/home/tianlong/Downloads//test/sivrgbsaog.mp4,1,0.70242566
/home/tianlong/Downloads//test/uzmuovkewv.mp4,1,0.73879844
/home/tianlong/Downloads//test/tvazrcdkpq.mp4,1,0.15361
/home/tianlong/Downloads//test/jbatiwjmzh.mp4,1,0.5116989
/home/tianlong/Downloads//test/hmiylncrva.mp4,1,0.5742782
/home/tianlong/Downloads//test/uxkojffbsr.mp4,1,0.410484
/home/tianlong/Downloads//test/crbcrxqftw.mp4,1,0.2219846
/home/tianlong/Downloads//test/yermnsnlgf.mp4,1,0.38495782
/home/tianlong/Downloads//test/gipcvghjiy.mp4,1,0.48992857
/home/tianlong/Downloads//test/iwcfxyoimw.mp4,1,0.74553514
/home/tianlong/Downloads//test/kozaofkgvk.mp4,1,0.27201578
/home/tianlong/Downloads//test/xlgevjtsog.mp4,1,0.54335
/home/tianlong/Downloads//test/bpjkimtqtz.mp4,1,0.37415928
/home/tianlong/Downloads//test/pdnwaekrtn.mp4,1,0.22701585
/home/tianlong/Downloads//test/toxsrzsksc.mp4,1,0.2989242
/home/tianlong/Downloads//test/oejfypsbfh.mp4,1,0.68131554
/home/tianlong/Downloads//test/hwyuwbnszo.mp4,1,0.7054112
/home/tianlong/Downloads//test/acgyspwyqr.mp4,1,0.07419833
/home/tianlong/Downloads//test/oitcqmvnsa.mp4,1,0.46432105
/home/tianlong/Downloads//test/pdqqkuclvd.mp4,1,0.2102037
/home/tianlong/Downloads//test/slsyjvgfpu.mp4,1,0.2706622
/home/tianlong/Downloads//test/xmdfnldfyc.mp4,1,0.67429686
/home/tianlong/Downloads//test/ynkzlkahux.mp4,1,0.26552466
/home/tianlong/Downloads//test/szjbkskyph.mp4,1,0.25390744
/home/tianlong/Downloads//test/yyiiywtiry.mp4,1,0.71032506
/home/tianlong/Downloads//test/crvotfojeq.mp4,1,0.067762785
/home/tianlong/Downloads//test/rsqblsfgli.mp4,1,0.4336519
/home/tianlong/Downloads//test/becqadbtkb.mp4,1,0.3071018
/home/tianlong/Downloads//test/afqaubpglg.mp4,1,0.5875802
/home/tianlong/Downloads//test/pwplooonzr.mp4,1,0.36956003
/home/tianlong/Downloads//test/vjegxiyvla.mp4,1,0.15455072
/home/tianlong/Downloads//test/jbwtbfbdko.mp4,1,0.7022129
/home/tianlong/Downloads//test/toggbitvfd.mp4,1,0.4585864
/home/tianlong/Downloads//test/xpfhawmzbe.mp4,1,0.06114192
/home/tianlong/Downloads//test/kjwdinzplo.mp4,1,0.3950598
/home/tianlong/Downloads//test/jrkdzpijpb.mp4,1,0.2111624
/home/tianlong/Downloads//test/lbnuxynggy.mp4,1,0.061194494
/home/tianlong/Downloads//test/iorrylopzn.mp4,1,0.5472948
/home/tianlong/Downloads//test/yasxapunrf.mp4,1,0.38987884
/home/tianlong/Downloads//test/suohrphvbe.mp4,1,0.3766543
/home/tianlong/Downloads//test/salsuwvckq.mp4,1,0.65798926
/home/tianlong/Downloads//test/eclnowceyi.mp4,1,0.09219822
/home/tianlong/Downloads//test/wvtymfvbwq.mp4,1,0.6035192
/home/tianlong/Downloads//test/rsjhmrvdwg.mp4,1,0.15632845
/home/tianlong/Downloads//test/qtvhpmoukj.mp4,1,0.12968141
/home/tianlong/Downloads//test/svqkfjfucw.mp4,1,0.40077153
/home/tianlong/Downloads//test/jdlqmnhuix.mp4,1,0.4362093
/home/tianlong/Downloads//test/ltmkgkppwx.mp4,1,0.080615275
/home/tianlong/Downloads//test/zaoyocjkgw.mp4,1,0.21806416
/home/tianlong/Downloads//test/vgrhobnbfo.mp4,1,0.6900809
/home/tianlong/Downloads//test/eeeuzozcdc.mp4,1,0.719611
/home/tianlong/Downloads//test/ikgxqbhmlv.mp4,1,0.7494211
/home/tianlong/Downloads//test/zyeakowujw.mp4,1,0.6996463
/home/tianlong/Downloads//test/uerapqglmr.mp4,1,0.51485854
/home/tianlong/Downloads//test/fmuncwjpej.mp4,1,0.7239068
/home/tianlong/Downloads//test/xllzvdxwiv.mp4,1,0.6521171
/home/tianlong/Downloads//test/giuymhlbyo.mp4,1,0.7386854
/home/tianlong/Downloads//test/bubbmjnmge.mp4,1,0.7557868
/home/tianlong/Downloads//test/qwqefbalkv.mp4,1,0.21398412
/home/tianlong/Downloads//test/aupsxowdcp.mp4,1,0.22692718
/home/tianlong/Downloads//test/apjovfzzft.mp4,1,0.62752384
/home/tianlong/Downloads//test/yjbnaqwxyf.mp4,1,0.401705
/home/tianlong/Downloads//test/dajlkmlvch.mp4,1,0.3184036
/home/tianlong/Downloads//test/egwzzhemvk.mp4,1,0.36098343
/home/tianlong/Downloads//test/vlhrgeyvqy.mp4,1,0.18730281
/home/tianlong/Downloads//test/vpolvvzwsw.mp4,1,0.138645
/home/tianlong/Downloads//test/ddkcxrncmq.mp4,1,0.46405783
/home/tianlong/Downloads//test/fncnobpzzx.mp4,1,0.7651502
/home/tianlong/Downloads//test/lhayhvqjmg.mp4,1,0.7093941
/home/tianlong/Downloads//test/yboofyemks.mp4,1,0.12612952
/home/tianlong/Downloads//test/wzkovvmdkq.mp4,1,0.67892575
/home/tianlong/Downloads//test/axxldpmbat.mp4,1,0.46261474
/home/tianlong/Downloads//test/piovymzozl.mp4,1,0.18862358
/home/tianlong/Downloads//test/ymjrnwsjxt.mp4,1,0.076074965
/home/tianlong/Downloads//test/jfxroglrst.mp4,1,0.13479672
/home/tianlong/Downloads//test/qzyaijdbfe.mp4,1,0.70565623
/home/tianlong/Downloads//test/gzwzxbtkpd.mp4,1,0.754665
/home/tianlong/Downloads//test/bgssriyozb.mp4,1,0.23809882
/home/tianlong/Downloads//test/wqtraebanl.mp4,1,0.5989518
/home/tianlong/Downloads//test/lovkthgavz.mp4,1,0.23512964
/home/tianlong/Downloads//test/vpgjaoyvir.mp4,1,0.16414447
/home/tianlong/Downloads//test/btlqqvfuck.mp4,1,0.39190266
/home/tianlong/Downloads//test/zzxidpsxmv.mp4,1,0.40847057
/home/tianlong/Downloads//test/qzuhjrhozy.mp4,1,0.15401095
/home/tianlong/Downloads//test/rtuaxyuvqs.mp4,1,0.229977
/home/tianlong/Downloads//test/vybbullejj.mp4,1,0.31601888
/home/tianlong/Downloads//test/lblweiecpx.mp4,1,0.71539974
/home/tianlong/Downloads//test/qkchcuiljp.mp4,1,0.6770125
/home/tianlong/Downloads//test/roivdutkrz.mp4,1,0.5364068
/home/tianlong/Downloads//test/rziziscker.mp4,1,0.34379625
/home/tianlong/Downloads//test/zsdmgllhck.mp4,1,0.6331633
/home/tianlong/Downloads//test/kpkzqbpivj.mp4,1,0.28757444
/home/tianlong/Downloads//test/tgkjhdyxww.mp4,1,0.5234947
/home/tianlong/Downloads//test/zubaiztkag.mp4,1,0.7604502
/home/tianlong/Downloads//test/figxvsdmsb.mp4,1,0.21729898
/home/tianlong/Downloads//test/enzlliylet.mp4,1,0.7307915
/home/tianlong/Downloads//test/acekgkqgdg.mp4,1,0.444332
/home/tianlong/Downloads//test/ljrikjsgis.mp4,1,0.40489402
/home/tianlong/Downloads//test/vawotznxqn.mp4,1,0.76624185
/home/tianlong/Downloads//test/jsqtbnxnpb.mp4,1,0.38265496
/home/tianlong/Downloads//test/yibeqxcadd.mp4,1,0.7396403
/home/tianlong/Downloads//test/zvgekhyszq.mp4,1,0.48493034
/home/tianlong/Downloads//test/luisdnrumh.mp4,1,0.7009411
/home/tianlong/Downloads//test/xffjesgeey.mp4,1,0.38427937
/home/tianlong/Downloads//test/haesrhzukc.mp4,1,0.5487034
/home/tianlong/Downloads//test/uwccodyhgh.mp4,1,0.5389008
/home/tianlong/Downloads//test/msdtzpmmae.mp4,1,0.2508214
/home/tianlong/Downloads//test/zgiypcmpic.mp4,1,0.63902915
/home/tianlong/Downloads//test/olkcmrmvbh.mp4,1,0.34436354
/home/tianlong/Downloads//test/kiffbbtjfe.mp4,1,0.6084373
/home/tianlong/Downloads//test/junzzlnlfw.mp4,1,0.551978
/home/tianlong/Downloads//test/qkgicklwyn.mp4,1,0.17101443
/home/tianlong/Downloads//test/wluigkzjdl.mp4,1,0.07708039
/home/tianlong/Downloads//test/rsnrcisldc.mp4,1,0.4125926
/home/tianlong/Downloads//test/asiuftijhs.mp4,1,0.5840356
/home/tianlong/Downloads//test/yjloopcthi.mp4,1,0.36008027
/home/tianlong/Downloads//test/tzzwqaxtrk.mp4,1,0.73047835
/home/tianlong/Downloads//test/tmfvsxrxnk.mp4,1,0.45850644
/home/tianlong/Downloads//test/dlsdmdraln.mp4,1,0.30321586
/home/tianlong/Downloads//test/rkygzeyegz.mp4,1,0.29770947
/home/tianlong/Downloads//test/truremwrti.mp4,1,0.08264954
/home/tianlong/Downloads//test/depcrcqwai.mp4,1,0.36397147
/home/tianlong/Downloads//test/jovohczybs.mp4,1,0.48784104
/home/tianlong/Downloads//test/udcpjfvqro.mp4,1,0.33983725
/home/tianlong/Downloads//test/yxlkovjssa.mp4,1,0.43717688
/home/tianlong/Downloads//test/trltdpitif.mp4,1,0.50992453
/home/tianlong/Downloads//test/hwufwjdaai.mp4,1,0.3418549
/home/tianlong/Downloads//test/vgfxjwupga.mp4,1,0.75667
/home/tianlong/Downloads//test/jejjcsijvc.mp4,1,0.6237082
/home/tianlong/Downloads//test/yjpfhrfyfn.mp4,1,0.16503386
/home/tianlong/Downloads//test/izyqqybmcq.mp4,1,0.25969264
/home/tianlong/Downloads//test/xjnflcfxhn.mp4,1,0.28304705
/home/tianlong/Downloads//test/zidsbdilrm.mp4,1,0.45383027
/home/tianlong/Downloads//test/lepqvhstws.mp4,1,0.21668743
/home/tianlong/Downloads//test/eabghyltka.mp4,1,0.20105012
/home/tianlong/Downloads//test/qxgwcsugvd.mp4,1,0.42413568
/home/tianlong/Downloads//test/oitqddnspw.mp4,1,0.2395329
/home/tianlong/Downloads//test/jiddesrgoi.mp4,1,0.726757
/home/tianlong/Downloads//test/whsqzlklam.mp4,1,0.12188195
/home/tianlong/Downloads//test/hwspklkjol.mp4,1,0.49669993
/home/tianlong/Downloads//test/mgxdtegobh.mp4,1,0.20341483
/home/tianlong/Downloads//test/dkvxzocpnx.mp4,1,0.5543285
/home/tianlong/Downloads//test/zxjiwvyzbs.mp4,1,0.3685582
/home/tianlong/Downloads//test/qysxqoredd.mp4,1,0.30452323
/home/tianlong/Downloads//test/angqjpzdts.mp4,1,0.45729148
/home/tianlong/Downloads//test/slbhiftdwk.mp4,1,0.1285341
/home/tianlong/Downloads//test/ctsjalmkpx.mp4,1,0.14373377
/home/tianlong/Downloads//test/jrwqouwlzc.mp4,1,0.5936032
/home/tianlong/Downloads//test/vcqcervdzi.mp4,1,0.3174162
/home/tianlong/Downloads//test/mxczokbutl.mp4,1,0.45260304
/home/tianlong/Downloads//test/qawqquinvi.mp4,1,0.7599799
/home/tianlong/Downloads//test/cqiyijvrcj.mp4,1,0.70558596
/home/tianlong/Downloads//test/wypdykzzma.mp4,1,0.35525626
/home/tianlong/Downloads//test/zdurkznxhi.mp4,1,0.24559766
/home/tianlong/Downloads//test/llwjpzzrur.mp4,1,0.67869115
/home/tianlong/Downloads//test/stmqpsakem.mp4,1,0.25606167
/home/tianlong/Downloads//test/hqfxruqynj.mp4,1,0.3849692
/home/tianlong/Downloads//test/cotxffvovx.mp4,1,0.34643993
/home/tianlong/Downloads//test/yiwyejujhz.mp4,1,0.7530054
/home/tianlong/Downloads//test/azkhkminwu.mp4,1,0.27800265
/home/tianlong/Downloads//test/yoicqcpxgm.mp4,1,0.62094235
/home/tianlong/Downloads//test/kcpamicxjs.mp4,1,0.27761337
/home/tianlong/Downloads//test/mbnvlpwewk.mp4,1,0.39973354
/home/tianlong/Downloads//test/wjqdwzowcg.mp4,1,0.68248343
/home/tianlong/Downloads//test/vqtspwkgwe.mp4,1,0.75939596
/home/tianlong/Downloads//test/rurhyzsnyi.mp4,1,0.77260184
/home/tianlong/Downloads//test/sipuxpudya.mp4,1,0.13513784
/home/tianlong/Downloads//test/scchmtbzar.mp4,1,0.505473
/home/tianlong/Downloads//test/qyhlzalxzm.mp4,1,0.3964129
/home/tianlong/Downloads//test/ektrtuwidv.mp4,1,0.5491857
/home/tianlong/Downloads//test/scbfkrlytb.mp4,1,0.7761818
/home/tianlong/Downloads//test/kxnsmwhqtl.mp4,1,0.3027105
/home/tianlong/Downloads//test/fiayeurvwb.mp4,1,0.17487335
/home/tianlong/Downloads//test/xpuntxtdbs.mp4,1,0.59361184
/home/tianlong/Downloads//test/edvyxmzpoy.mp4,1,0.76193994
/home/tianlong/Downloads//test/thnywrwayf.mp4,1,0.20121136
/home/tianlong/Downloads//test/xojauzdavy.mp4,1,0.5018441
/home/tianlong/Downloads//test/kaajaxzivt.mp4,1,0.69727784
/home/tianlong/Downloads//test/fmvdkhucsz.mp4,1,0.62643397
/home/tianlong/Downloads//test/mdkqmouddq.mp4,1,0.698734
/home/tianlong/Downloads//test/ehtvcnlsfl.mp4,1,0.23338361
/home/tianlong/Downloads//test/iizsrcugyd.mp4,1,0.27229565
/home/tianlong/Downloads//test/hurlxdpsxl.mp4,1,0.32754707
/home/tianlong/Downloads//test/rvfhfbutlx.mp4,1,0.6893632
/home/tianlong/Downloads//test/ycxkcnwrbw.mp4,1,0.5813882
/home/tianlong/Downloads//test/jrmgqzgcmj.mp4,1,0.26917145
/home/tianlong/Downloads//test/cinrseylyp.mp4,1,0.276514
/home/tianlong/Downloads//test/uhvmrfksax.mp4,1,0.32896134
/home/tianlong/Downloads//test/djjdzsivvi.mp4,1,0.19566838
/home/tianlong/Downloads//test/pmulgdcejl.mp4,1,0.34054437
/home/tianlong/Downloads//test/ngvbaolyub.mp4,1,0.10533025
/home/tianlong/Downloads//test/kpyyjmxmoj.mp4,1,0.35676983
/home/tianlong/Downloads//test/xhizcimlzp.mp4,1,0.22187924
/home/tianlong/Downloads//test/ulygywporv.mp4,1,0.066246204
/home/tianlong/Downloads//test/psunkvudmg.mp4,1,0.76389724
/home/tianlong/Downloads//test/ctarrlrgdy.mp4,1,0.13497984
/home/tianlong/Downloads//test/hdzygqltzu.mp4,1,0.5187871
/home/tianlong/Downloads//test/rvtfddfweu.mp4,1,0.43984318
/home/tianlong/Downloads//test/kaeouvuasm.mp4,1,0.10561053
/home/tianlong/Downloads//test/rzivzpozjr.mp4,1,0.27007914
/home/tianlong/Downloads//test/stfqbsbvfy.mp4,1,0.31925786
/home/tianlong/Downloads//test/qbhoufagsa.mp4,1,0.38790563
/home/tianlong/Downloads//test/xycfzkbnhy.mp4,1,0.45327362
/home/tianlong/Downloads//test/zudnvkagjk.mp4,1,0.6213451
/home/tianlong/Downloads//test/feaqnlczwc.mp4,1,0.2906599
/home/tianlong/Downloads//test/rqviqcsbzw.mp4,1,0.33280727
/home/tianlong/Downloads//test/dhfcwchsir.mp4,1,0.05745668
/home/tianlong/Downloads//test/cglpyitrzw.mp4,1,0.26466626
/home/tianlong/Downloads//test/yjypqyrhyi.mp4,1,0.84835714
/home/tianlong/Downloads//test/fokuimoqkh.mp4,1,0.64371896
/home/tianlong/Downloads//test/xzouvgiqha.mp4,1,0.81172985
/home/tianlong/Downloads//test/qyjbhkeqes.mp4,1,0.12551379
/home/tianlong/Downloads//test/phngwcpbqw.mp4,1,0.18358134
/home/tianlong/Downloads//test/rjcjcdkzkw.mp4,1,0.6634383
/home/tianlong/Downloads//test/legilvljip.mp4,1,0.7582763
/home/tianlong/Downloads//test/bukegrztbb.mp4,1,0.112351224
/home/tianlong/Downloads//test/yvaxmtbtgx.mp4,1,0.44738173
/home/tianlong/Downloads//test/saljlsmnet.mp4,1,0.6426523
/home/tianlong/Downloads//test/ezupajzwdl.mp4,1,0.7659611
/home/tianlong/Downloads//test/xeszevnech.mp4,1,0.10563935
/home/tianlong/Downloads//test/fbqwomdehr.mp4,1,0.31246454
/home/tianlong/Downloads//test/itdywxjknn.mp4,1,0.5898057
/home/tianlong/Downloads//test/zwupuzlefv.mp4,1,0.43274242
/home/tianlong/Downloads//test/qcrofjquht.mp4,1,0.22710843
/home/tianlong/Downloads//test/jblkcfejih.mp4,1,0.13541485
/home/tianlong/Downloads//test/howruupkxw.mp4,1,0.6205053
/home/tianlong/Downloads//test/xslxboadvn.mp4,1,0.38442326
/home/tianlong/Downloads//test/rzykslnkdi.mp4,1,0.21842586
/home/tianlong/Downloads//test/govjvzfbcj.mp4,1,0.31099156
/home/tianlong/Downloads//test/fwbvksfidm.mp4,1,0.6464236
/home/tianlong/Downloads//test/khokwspqph.mp4,1,0.45490527
/home/tianlong/Downloads//test/sslrtrxyaj.mp4,1,0.08734926
/home/tianlong/Downloads//test/zdmknyhzoo.mp4,1,0.21319176
/home/tianlong/Downloads//test/rzjpckpslj.mp4,1,0.2696511
/home/tianlong/Downloads//test/pscilvlcfe.mp4,1,0.7017515
/home/tianlong/Downloads//test/rlwkdhgoqw.mp4,1,0.69629323
/home/tianlong/Downloads//test/cmpkopoabr.mp4,1,0.3610124
/home/tianlong/Downloads//test/dbljnexmlf.mp4,1,0.48250943
/home/tianlong/Downloads//test/atfuphvjft.mp4,1,0.67737144
/home/tianlong/Downloads//test/zdldobedod.mp4,1,0.3564238
/home/tianlong/Downloads//test/iknfqmugud.mp4,1,0.7122943
/home/tianlong/Downloads//test/whusuiiqmt.mp4,1,0.32639349
/home/tianlong/Downloads//test/ksrnzzbcsz.mp4,1,0.4510079
/home/tianlong/Downloads//test/xxhuecshhw.mp4,1,0.1346371
/home/tianlong/Downloads//test/okmlcbefeu.mp4,1,0.40289012
/home/tianlong/Downloads//test/xryrhuskyd.mp4,1,0.62238413
/home/tianlong/Downloads//test/wevygelkrl.mp4,1,0.5446983
/home/tianlong/Downloads//test/rdpausigpg.mp4,1,0.5787547
/home/tianlong/Downloads//test/fdziwiuoer.mp4,1,0.5667852
/home/tianlong/Downloads//test/kykmrtoitd.mp4,1,0.549858
/home/tianlong/Downloads//test/eacsjvcmlp.mp4,1,0.7612927
/home/tianlong/Downloads//test/asvuutypvz.mp4,1,0.57778656
/home/tianlong/Downloads//test/nucqorkejg.mp4,1,0.70039326
/home/tianlong/Downloads//test/ctpexqamtx.mp4,1,0.72382826
/home/tianlong/Downloads//test/vnsxdkjjtk.mp4,1,0.20124759
/home/tianlong/Downloads//test/cktsyobheu.mp4,1,0.58985144
/home/tianlong/Downloads//test/kccicuhxgk.mp4,1,0.6985343
/home/tianlong/Downloads//test/qckjihxoze.mp4,1,0.3251157
/home/tianlong/Downloads//test/gvqtnedfso.mp4,1,0.17982143
/home/tianlong/Downloads//test/ajxkvlpgov.mp4,1,0.5140975
/home/tianlong/Downloads//test/srlilcjhaf.mp4,1,0.45577103
/home/tianlong/Downloads//test/qfjxksudna.mp4,1,0.3192559
/home/tianlong/Downloads//test/hstvglyexy.mp4,1,0.34271398
/home/tianlong/Downloads//test/jyyvhnsyys.mp4,1,0.15607518
/home/tianlong/Downloads//test/whxqigkgyk.mp4,1,0.7458599
/home/tianlong/Downloads//test/mqzrlecakr.mp4,1,0.7259843
/home/tianlong/Downloads//test/aeplbqxnge.mp4,1,0.11385735
/home/tianlong/Downloads//test/inwaznexiv.mp4,1,0.30012462
/home/tianlong/Downloads//test/anfupdhmyr.mp4,1,0.37343693
/home/tianlong/Downloads//test/wbvlgevkmb.mp4,1,0.32820246
/home/tianlong/Downloads//test/uiykwgaarz.mp4,1,0.20046195
/home/tianlong/Downloads//test/nvarnevska.mp4,1,0.68858105
/home/tianlong/Downloads//test/ooczenomzk.mp4,1,0.51275045
/home/tianlong/Downloads//test/qtjuhlppot.mp4,1,0.26241833
/home/tianlong/Downloads//test/drqtyzvhdd.mp4,1,0.44379717
/home/tianlong/Downloads//test/ytljvippwv.mp4,1,0.7185773
/home/tianlong/Downloads//test/skrqoagxle.mp4,1,0.70631516
/home/tianlong/Downloads//test/shwkznunyp.mp4,1,0.35131523
/home/tianlong/Downloads//test/tlsoagxovk.mp4,1,0.5220751
/home/tianlong/Downloads//test/enpshnkugu.mp4,1,0.15682785
/home/tianlong/Downloads//test/vitjdpnfpi.mp4,1,0.7758807
/home/tianlong/Downloads//test/jovrnujurf.mp4,1,0.7244887
/home/tianlong/Downloads//test/sbwemwjlsl.mp4,1,0.70597243
/home/tianlong/Downloads//test/uclzxnftij.mp4,1,0.09162136
/home/tianlong/Downloads//test/sdqjjttckw.mp4,1,0.50296336
/home/tianlong/Downloads//test/wtmggpeiom.mp4,1,0.46065637
