Video,Label,Prediction
/home/tianlong/Downloads//test/myvwyfdnxu.mp4,0,0.28116578
/home/tianlong/Downloads//test/uxgkqpiykp.mp4,0,0.06975223
/home/tianlong/Downloads//test/qyscponfaf.mp4,0,0.07157128
/home/tianlong/Downloads//test/tmgmbnzrrz.mp4,0,0.5318422
/home/tianlong/Downloads//test/wfmeffvvce.mp4,0,0.40806013
/home/tianlong/Downloads//test/fwrcfaglhz.mp4,0,0.5002995
/home/tianlong/Downloads//test/itfzfpuilx.mp4,0,0.20692588
/home/tianlong/Downloads//test/wupoiiknff.mp4,0,0.28579414
/home/tianlong/Downloads//test/dscprfjses.mp4,0,0.29882455
/home/tianlong/Downloads//test/ofntcunuqn.mp4,0,0.083360866
/home/tianlong/Downloads//test/imnzannmcr.mp4,0,0.3792166
/home/tianlong/Downloads//test/jidkzoagws.mp4,0,0.22938988
/home/tianlong/Downloads//test/nkpqkddsgt.mp4,0,0.49548742
/home/tianlong/Downloads//test/xqmrrciral.mp4,0,0.08870001
/home/tianlong/Downloads//test/ykfllpyawg.mp4,0,0.3099783
/home/tianlong/Downloads//test/bpieoyctzo.mp4,0,0.06759622
/home/tianlong/Downloads//test/wjrepvzlsv.mp4,0,0.11647838
/home/tianlong/Downloads//test/voucpidonq.mp4,0,0.39564416
/home/tianlong/Downloads//test/fxfxtrrkeq.mp4,0,0.08807842
/home/tianlong/Downloads//test/qggfpdkyzi.mp4,0,0.2789549
/home/tianlong/Downloads//test/xyucutnxhz.mp4,0,0.19209106
/home/tianlong/Downloads//test/rkxepdkger.mp4,0,0.09920096
/home/tianlong/Downloads//test/fxxpxoqoxp.mp4,0,0.12945534
/home/tianlong/Downloads//test/jkxxwfycsj.mp4,0,0.37598482
/home/tianlong/Downloads//test/qbearsyziz.mp4,0,0.25493255
/home/tianlong/Downloads//test/kyrbveruev.mp4,0,0.25351617
/home/tianlong/Downloads//test/pdyrvsvwyi.mp4,0,0.27715015
/home/tianlong/Downloads//test/bpxxmxuvuy.mp4,0,0.3872377
/home/tianlong/Downloads//test/ekxsduhvwh.mp4,0,0.06677661
/home/tianlong/Downloads//test/ocsqqqduxx.mp4,0,0.027798329
/home/tianlong/Downloads//test/qufzdwetss.mp4,0,0.39898485
/home/tianlong/Downloads//test/vwqrtxbwye.mp4,0,0.5368208
/home/tianlong/Downloads//test/zuduvanawx.mp4,0,0.059825663
/home/tianlong/Downloads//test/rkjhxvdnsv.mp4,0,0.904696
/home/tianlong/Downloads//test/hpcivouyku.mp4,0,0.3712629
/home/tianlong/Downloads//test/vgndywbmgf.mp4,0,0.096913405
/home/tianlong/Downloads//test/hfgczdzbix.mp4,0,0.44112882
/home/tianlong/Downloads//test/rwehwmmutn.mp4,0,0.054589048
/home/tianlong/Downloads//test/jyfnzyvznx.mp4,0,0.2868526
/home/tianlong/Downloads//test/jxpodcendq.mp4,0,0.25528774
/home/tianlong/Downloads//test/kgynainlug.mp4,0,0.23693565
/home/tianlong/Downloads//test/hqgervpkkf.mp4,0,0.34756178
/home/tianlong/Downloads//test/defeqlyysh.mp4,0,0.6335036
/home/tianlong/Downloads//test/xzkwbswkao.mp4,0,0.22618002
/home/tianlong/Downloads//test/hhdblnxhtj.mp4,0,0.05112461
/home/tianlong/Downloads//test/oaptmwroki.mp4,0,0.10404196
/home/tianlong/Downloads//test/djlkkqmjkk.mp4,0,0.42005476
/home/tianlong/Downloads//test/motfposykz.mp4,0,0.42704582
/home/tianlong/Downloads//test/shvfupmrho.mp4,0,0.8314941
/home/tianlong/Downloads//test/escwmsthiz.mp4,0,0.100852095
/home/tianlong/Downloads//test/ctpypmzfnl.mp4,0,0.07516765
/home/tianlong/Downloads//test/sjqrdyzkgl.mp4,0,0.436402
/home/tianlong/Downloads//test/ddrjnwlugg.mp4,0,0.30479348
/home/tianlong/Downloads//test/hxfqltenqh.mp4,0,0.080046915
/home/tianlong/Downloads//test/umerhoubxw.mp4,0,0.025450177
/home/tianlong/Downloads//test/jxrpqynwlt.mp4,0,0.0881629
/home/tianlong/Downloads//test/hprzotbjtj.mp4,0,0.345889
/home/tianlong/Downloads//test/cqewayywpg.mp4,0,0.20985307
/home/tianlong/Downloads//test/nvptcoxzah.mp4,0,0.10742221
/home/tianlong/Downloads//test/uvzlfuxalu.mp4,0,0.8081871
/home/tianlong/Downloads//test/mfcbgbcuvb.mp4,0,0.1887032
/home/tianlong/Downloads//test/tmtoypmqwt.mp4,0,0.17894794
/home/tianlong/Downloads//test/bsjucwhlrj.mp4,0,0.06248417
/home/tianlong/Downloads//test/hlsubhyoea.mp4,0,0.07424516
/home/tianlong/Downloads//test/deslnszgpy.mp4,0,0.35722217
/home/tianlong/Downloads//test/tfwdbkwvgz.mp4,0,0.51167893
/home/tianlong/Downloads//test/ufxafdxpat.mp4,0,0.030212848
/home/tianlong/Downloads//test/lmacrzidyh.mp4,0,0.07481666
/home/tianlong/Downloads//test/wyiajvmitt.mp4,0,0.17880535
/home/tianlong/Downloads//test/xbdnqfbxcv.mp4,0,0.0655727
/home/tianlong/Downloads//test/mhfnldxixw.mp4,0,0.35842717
/home/tianlong/Downloads//test/pfiigjlcct.mp4,0,0.13608038
/home/tianlong/Downloads//test/ldtibsniik.mp4,0,0.05711092
/home/tianlong/Downloads//test/gwzttezkpv.mp4,0,0.3364229
/home/tianlong/Downloads//test/pevmkpamhv.mp4,0,0.107222185
/home/tianlong/Downloads//test/zcfpsnaujx.mp4,0,0.78760666
/home/tianlong/Downloads//test/slvcfpalev.mp4,0,0.06059302
/home/tianlong/Downloads//test/ctdwtfcjei.mp4,0,0.1333468
/home/tianlong/Downloads//test/vxwsisekmb.mp4,0,0.5567784
/home/tianlong/Downloads//test/pkoadvlpga.mp4,0,0.1427366
/home/tianlong/Downloads//test/ofapaanpkl.mp4,0,0.32068488
/home/tianlong/Downloads//test/huzryvwrfa.mp4,0,0.34747356
/home/tianlong/Downloads//test/knjoasqzvt.mp4,0,0.09530092
/home/tianlong/Downloads//test/cedpyannqf.mp4,0,0.15971622
/home/tianlong/Downloads//test/mdwtpvlbrz.mp4,0,0.0880431
/home/tianlong/Downloads//test/hfcxlucrbj.mp4,0,0.40201688
/home/tianlong/Downloads//test/wbsajsyaej.mp4,0,0.038631056
/home/tianlong/Downloads//test/tbqrwehekx.mp4,0,0.37345123
/home/tianlong/Downloads//test/shslgpeisw.mp4,0,0.46082026
/home/tianlong/Downloads//test/epgfqrvwlr.mp4,0,0.12581852
/home/tianlong/Downloads//test/fduhwlydlg.mp4,0,0.18077637
/home/tianlong/Downloads//test/cpmridjxbc.mp4,0,0.050740242
/home/tianlong/Downloads//test/kphflojove.mp4,0,0.49548894
/home/tianlong/Downloads//test/hlcpwfwcyw.mp4,0,0.529722
/home/tianlong/Downloads//test/bpeemkcxad.mp4,0,0.4934232
/home/tianlong/Downloads//test/jkadnvoqhk.mp4,0,0.27757055
/home/tianlong/Downloads//test/lzzpsosige.mp4,0,0.22509697
/home/tianlong/Downloads//test/pxtwhbaxjq.mp4,0,0.4786169
/home/tianlong/Downloads//test/pxgcsltbuo.mp4,0,0.18083231
/home/tianlong/Downloads//test/gmepmwcgwg.mp4,0,0.4099942
/home/tianlong/Downloads//test/tnetytnegv.mp4,0,0.02852085
/home/tianlong/Downloads//test/sxmqvznwwq.mp4,0,0.15344374
/home/tianlong/Downloads//test/partcfzlbj.mp4,0,0.06346789
/home/tianlong/Downloads//test/tnkmovifrb.mp4,0,0.69780684
/home/tianlong/Downloads//test/dpgznlwvpx.mp4,0,0.032451324
/home/tianlong/Downloads//test/mbpbbekqks.mp4,0,0.49573982
/home/tianlong/Downloads//test/hdbejalgtx.mp4,0,0.07902524
/home/tianlong/Downloads//test/bmdiaytrcm.mp4,0,0.36734256
/home/tianlong/Downloads//test/yghxoihrle.mp4,0,0.07472356
/home/tianlong/Downloads//test/vcgelshrli.mp4,0,0.43118718
/home/tianlong/Downloads//test/yvdnbmbwyh.mp4,0,0.50504947
/home/tianlong/Downloads//test/kmakhupeac.mp4,0,0.49244747
/home/tianlong/Downloads//test/ccevbixrwu.mp4,0,0.26787156
/home/tianlong/Downloads//test/edavfjsjzw.mp4,0,0.123320244
/home/tianlong/Downloads//test/znmzmierff.mp4,0,0.18653561
/home/tianlong/Downloads//test/kiotoqmmfj.mp4,0,0.50631887
/home/tianlong/Downloads//test/nqctdktbtb.mp4,0,0.41738862
/home/tianlong/Downloads//test/inneixkosf.mp4,0,0.8008423
/home/tianlong/Downloads//test/occrrsyizc.mp4,0,0.4508966
/home/tianlong/Downloads//test/zfecmsiodq.mp4,0,0.318714
/home/tianlong/Downloads//test/haknpmhigp.mp4,0,0.2277356
/home/tianlong/Downloads//test/zjbwxmmrgk.mp4,0,0.053653974
/home/tianlong/Downloads//test/qgpabkriss.mp4,0,0.20237209
/home/tianlong/Downloads//test/liureznisp.mp4,0,0.42056105
/home/tianlong/Downloads//test/bzdywpajvr.mp4,0,0.4576775
/home/tianlong/Downloads//test/jniytngcmy.mp4,0,0.3204676
/home/tianlong/Downloads//test/idklchvhxp.mp4,0,0.9410337
/home/tianlong/Downloads//test/pijzjjchqn.mp4,0,0.61603606
/home/tianlong/Downloads//test/pjnsejazpl.mp4,0,0.1625387
/home/tianlong/Downloads//test/gpaqoqegbn.mp4,0,0.06488262
/home/tianlong/Downloads//test/xsxwrwvfkg.mp4,0,0.20599444
/home/tianlong/Downloads//test/arwefyghir.mp4,0,0.31282967
/home/tianlong/Downloads//test/ptgvxdueef.mp4,0,0.09359162
/home/tianlong/Downloads//test/plljpjscih.mp4,0,0.15235706
/home/tianlong/Downloads//test/jozfaxodnx.mp4,0,0.51775014
/home/tianlong/Downloads//test/girdwtjwsr.mp4,0,0.07178739
/home/tianlong/Downloads//test/jbaahohsns.mp4,0,0.43266162
/home/tianlong/Downloads//test/uetfcmaryk.mp4,0,0.4978588
/home/tianlong/Downloads//test/oqbltrmhvt.mp4,0,0.49531808
/home/tianlong/Downloads//test/dvtzvkcrku.mp4,0,0.60291857
/home/tianlong/Downloads//test/qjilklnynm.mp4,0,0.12539126
/home/tianlong/Downloads//test/tcsdjwbihw.mp4,0,0.39028764
/home/tianlong/Downloads//test/zhftwvtutp.mp4,0,0.12623283
/home/tianlong/Downloads//test/xgktqwvknw.mp4,0,0.23872694
/home/tianlong/Downloads//test/cdeesuuuqz.mp4,0,0.16551548
/home/tianlong/Downloads//test/ymngcysczs.mp4,0,0.107693836
/home/tianlong/Downloads//test/gctyynjruz.mp4,0,0.15150806
/home/tianlong/Downloads//test/vkirqaiuoc.mp4,0,0.3805
/home/tianlong/Downloads//test/ykywskdwlc.mp4,0,0.6970156
/home/tianlong/Downloads//test/verpxkucoi.mp4,0,0.08305959
/home/tianlong/Downloads//test/gpsqelalbp.mp4,0,0.08867507
/home/tianlong/Downloads//test/paorozwtbf.mp4,0,0.069473706
/home/tianlong/Downloads//test/iaaecuquha.mp4,0,0.42027482
/home/tianlong/Downloads//test/lmgdjtzwau.mp4,0,0.813149
/home/tianlong/Downloads//test/tayykmblhg.mp4,0,0.33709657
/home/tianlong/Downloads//test/hpurahupjh.mp4,0,0.040691826
/home/tianlong/Downloads//test/uutxmgqajd.mp4,0,0.4083574
/home/tianlong/Downloads//test/rbkcpkwhjn.mp4,0,0.19100776
/home/tianlong/Downloads//test/wtnloygygs.mp4,0,0.20397879
/home/tianlong/Downloads//test/biborxaekt.mp4,0,0.25161657
/home/tianlong/Downloads//test/drlnvwvvuw.mp4,0,0.20308515
/home/tianlong/Downloads//test/axutpjywuu.mp4,0,0.12332982
/home/tianlong/Downloads//test/jbcnsmlysc.mp4,0,0.03259981
/home/tianlong/Downloads//test/ilzhgraxpl.mp4,0,0.042934448
/home/tianlong/Downloads//test/cwqhzuhjol.mp4,0,0.10306517
/home/tianlong/Downloads//test/tlzordotqw.mp4,0,0.49548486
/home/tianlong/Downloads//test/hdauuytvhx.mp4,0,0.114614375
/home/tianlong/Downloads//test/rtiyduycrn.mp4,0,0.08047988
/home/tianlong/Downloads//test/mdsmgzaltc.mp4,0,0.2699758
/home/tianlong/Downloads//test/mnlxxoicoo.mp4,0,0.29977676
/home/tianlong/Downloads//test/ksfuiztwuc.mp4,0,0.5886116
/home/tianlong/Downloads//test/tpjydgkvdt.mp4,0,0.10871026
/home/tianlong/Downloads//test/nmjesbwiux.mp4,0,0.24895287
/home/tianlong/Downloads//test/egzfaoiuwo.mp4,0,0.25261682
/home/tianlong/Downloads//test/ucmfbukrkj.mp4,0,0.15918268
/home/tianlong/Downloads//test/aoqzxlwvmi.mp4,0,0.39489532
/home/tianlong/Downloads//test/zzjfzeuizr.mp4,0,0.49205685
/home/tianlong/Downloads//test/aunokqsmrt.mp4,0,0.08518315
/home/tianlong/Downloads//test/kudvvlgiff.mp4,0,0.026989382
/home/tianlong/Downloads//test/qqwsabrgxh.mp4,0,0.17766795
/home/tianlong/Downloads//test/pvsslamopo.mp4,0,0.27565745
/home/tianlong/Downloads//test/kawxnfacqs.mp4,0,0.079484165
/home/tianlong/Downloads//test/lxeqbyddvt.mp4,0,0.030596577
/home/tianlong/Downloads//test/zylribcaeu.mp4,0,0.35310227
/home/tianlong/Downloads//test/sghdekqnnn.mp4,0,0.48722854
/home/tianlong/Downloads//test/msbqgoxxlh.mp4,0,0.19910072
/home/tianlong/Downloads//test/ubbzrfgzer.mp4,0,0.11162998
/home/tianlong/Downloads//test/vuofhivyfs.mp4,0,0.95649856
/home/tianlong/Downloads//test/xirrbpmlja.mp4,0,0.48886776
/home/tianlong/Downloads//test/appvffejyy.mp4,0,0.2697947
/home/tianlong/Downloads//test/nzepxsbotb.mp4,0,0.14146928
/home/tianlong/Downloads//test/nkqkvwpghi.mp4,0,0.48958212
/home/tianlong/Downloads//test/vdvffooule.mp4,0,0.69736236
/home/tianlong/Downloads//test/rayhrvqorn.mp4,0,0.05068751
/home/tianlong/Downloads//test/cslfapvyjv.mp4,0,0.029286308
/home/tianlong/Downloads//test/rmygsfjyvt.mp4,0,0.34653085
/home/tianlong/Downloads//test/yhbhhibwzo.mp4,0,0.49008325
/home/tianlong/Downloads//test/vlxfyuzygn.mp4,0,0.39164513
/home/tianlong/Downloads//test/zefqhoewww.mp4,0,0.14166713
/home/tianlong/Downloads//test/vptrrrmhyb.mp4,0,0.5242069
/home/tianlong/Downloads//test/cefolmrrlx.mp4,0,0.0662845
/home/tianlong/Downloads//test/xzmplldajk.mp4,0,0.13023925
/home/tianlong/Downloads//test/hrznynemfj.mp4,0,0.28933954
/home/tianlong/Downloads//test/tkxblcleyd.mp4,0,0.21503168
/home/tianlong/Downloads//test/tlxgwzheli.mp4,0,0.05135084
/home/tianlong/Downloads//test/qvgutokvct.mp4,0,0.45813882
/home/tianlong/Downloads//test/tcwyxrvdpe.mp4,0,0.32693225
/home/tianlong/Downloads//test/jwrypvpvpx.mp4,0,0.38207394
/home/tianlong/Downloads//test/bpyjsrjcro.mp4,0,0.44595438
/home/tianlong/Downloads//test/avteqdmbob.mp4,0,0.10239257
/home/tianlong/Downloads//test/aaivbtdyjn.mp4,0,0.4929058
/home/tianlong/Downloads//test/pokctfragw.mp4,0,0.14597087
/home/tianlong/Downloads//test/vgdllmzjcw.mp4,0,0.3181262
/home/tianlong/Downloads//test/zdlhavfmit.mp4,0,0.13376138
/home/tianlong/Downloads//test/yupsrmckii.mp4,0,0.5571443
/home/tianlong/Downloads//test/pobpsxjbzg.mp4,0,0.20527269
/home/tianlong/Downloads//test/lkvouattut.mp4,0,0.11139743
/home/tianlong/Downloads//test/anjzzdyhno.mp4,0,0.058187358
/home/tianlong/Downloads//test/jvihmimqca.mp4,0,0.22246014
/home/tianlong/Downloads//test/wnoitecfmf.mp4,0,0.061607644
/home/tianlong/Downloads//test/gbvllwqbjl.mp4,0,0.3283622
/home/tianlong/Downloads//test/gzabjmglim.mp4,0,0.054875646
/home/tianlong/Downloads//test/paqcbtdulm.mp4,0,0.04087381
/home/tianlong/Downloads//test/jcbbrqaaaq.mp4,0,0.21761626
/home/tianlong/Downloads//test/nsavbywhlu.mp4,0,0.44958362
/home/tianlong/Downloads//test/zwfebeiqat.mp4,0,0.18260984
/home/tianlong/Downloads//test/pimrsfwcwm.mp4,0,0.2942297
/home/tianlong/Downloads//test/mrvdmwcblt.mp4,0,0.24903072
/home/tianlong/Downloads//test/hedetzyqpu.mp4,0,0.41447133
/home/tianlong/Downloads//test/qytaiboeep.mp4,0,0.2540582
/home/tianlong/Downloads//test/famavifufv.mp4,0,0.2015986
/home/tianlong/Downloads//test/hnselekxwv.mp4,0,0.49320725
/home/tianlong/Downloads//test/emgciwmtuj.mp4,0,0.028038839
/home/tianlong/Downloads//test/wbmvbetcdm.mp4,0,0.14600119
/home/tianlong/Downloads//test/mpvnvvihzp.mp4,0,0.20287755
/home/tianlong/Downloads//test/zelgpxflfe.mp4,0,0.563463
/home/tianlong/Downloads//test/lhjcdavmmg.mp4,0,0.6032437
/home/tianlong/Downloads//test/rxtqqoncwj.mp4,0,0.0604328
/home/tianlong/Downloads//test/shrpamtirw.mp4,0,0.12580803
/home/tianlong/Downloads//test/qhzlgrtgto.mp4,0,0.294877
/home/tianlong/Downloads//test/uuzyzglejw.mp4,0,0.60527307
/home/tianlong/Downloads//test/bmnpqrwnex.mp4,0,0.22009395
/home/tianlong/Downloads//test/dtssdnhgiw.mp4,0,0.15128249
/home/tianlong/Downloads//test/rlhmppiklf.mp4,0,0.4848617
/home/tianlong/Downloads//test/sswhgeqjrt.mp4,0,0.358659
/home/tianlong/Downloads//test/emxqsgqtdz.mp4,0,0.08612164
/home/tianlong/Downloads//test/bcwtjzsutw.mp4,0,0.60281205
/home/tianlong/Downloads//test/uomfimsutw.mp4,0,0.5722575
/home/tianlong/Downloads//test/mztlucosuc.mp4,0,0.15701234
/home/tianlong/Downloads//test/ntcfyojagi.mp4,0,0.12113581
/home/tianlong/Downloads//test/wrbuiboyat.mp4,0,0.24597427
/home/tianlong/Downloads//test/xiqecarvpb.mp4,0,0.29504186
/home/tianlong/Downloads//test/fcvzlzfufb.mp4,0,0.091567144
/home/tianlong/Downloads//test/savqrjnncg.mp4,0,0.15770182
/home/tianlong/Downloads//test/icqmqztbry.mp4,0,0.19113787
/home/tianlong/Downloads//test/zzrmokkxka.mp4,0,0.48233932
/home/tianlong/Downloads//test/btgxrrldio.mp4,0,0.21717006
/home/tianlong/Downloads//test/zdnepyqjiy.mp4,0,0.082671285
/home/tianlong/Downloads//test/fybiztpnrc.mp4,0,0.41023907
/home/tianlong/Downloads//test/parqhrknkf.mp4,0,0.4925771
/home/tianlong/Downloads//test/tvffpggbrc.mp4,0,0.1883192
/home/tianlong/Downloads//test/rtpuwtrxsr.mp4,0,0.483324
/home/tianlong/Downloads//test/tgmqfzsznf.mp4,0,0.18058434
/home/tianlong/Downloads//test/eqabuehals.mp4,0,0.065754116
/home/tianlong/Downloads//test/ikebomnsiq.mp4,0,0.07267659
/home/tianlong/Downloads//test/wfzxrfxohw.mp4,0,0.14099811
/home/tianlong/Downloads//test/dqfgwejsvm.mp4,0,0.07104275
/home/tianlong/Downloads//test/lxadgjqzbf.mp4,0,0.3834944
/home/tianlong/Downloads//test/tdahgbtenl.mp4,0,0.49523836
/home/tianlong/Downloads//test/bivzhsmrqo.mp4,0,0.37195846
/home/tianlong/Downloads//test/vzxluflrhn.mp4,0,0.35788286
/home/tianlong/Downloads//test/ikmsdmynbf.mp4,0,0.66491103
/home/tianlong/Downloads//test/kuqbgbrypa.mp4,0,0.6127049
/home/tianlong/Downloads//test/nfstajzaot.mp4,0,0.20976646
/home/tianlong/Downloads//test/dultiznosk.mp4,0,0.046788327
/home/tianlong/Downloads//test/ckqfqernbf.mp4,0,0.20199846
/home/tianlong/Downloads//test/kbdwudhhwf.mp4,0,0.05657006
/home/tianlong/Downloads//test/hqpjmwyygq.mp4,0,0.07852978
/home/tianlong/Downloads//test/tjyuudtkme.mp4,0,0.053358562
/home/tianlong/Downloads//test/tihgxlmfcj.mp4,0,0.04635614
/home/tianlong/Downloads//test/sgdnbofecu.mp4,0,0.15349047
/home/tianlong/Downloads//test/pgamqeolau.mp4,0,0.030603537
/home/tianlong/Downloads//test/ijeqomctsa.mp4,0,0.122229636
/home/tianlong/Downloads//test/ppruxbqpmc.mp4,0,0.29882368
/home/tianlong/Downloads//test/hkvfyeacje.mp4,0,0.34006926
/home/tianlong/Downloads//test/zqrzqekofe.mp4,0,0.07132049
/home/tianlong/Downloads//test/iwzbgmtsuh.mp4,0,0.12088813
/home/tianlong/Downloads//test/dbixwxtuxs.mp4,0,0.10852492
/home/tianlong/Downloads//test/cepqcoseaj.mp4,0,0.2926303
/home/tianlong/Downloads//test/gypapuqdrx.mp4,0,0.4953195
/home/tianlong/Downloads//test/djhhnixfyi.mp4,0,0.22554553
/home/tianlong/Downloads//test/fkarxowzuf.mp4,0,0.3214665
/home/tianlong/Downloads//test/gfxnuidfgl.mp4,0,0.049309317
/home/tianlong/Downloads//test/vsreebjsfs.mp4,0,0.2934077
/home/tianlong/Downloads//test/manqchicur.mp4,0,0.36559477
/home/tianlong/Downloads//test/gztffgsxpt.mp4,0,0.039268292
/home/tianlong/Downloads//test/jdzkykqgsx.mp4,0,0.04736089
/home/tianlong/Downloads//test/cvbubcwkkl.mp4,0,0.2092632
/home/tianlong/Downloads//test/bgqhldvsgc.mp4,0,0.05356807
/home/tianlong/Downloads//test/blqgpxokwq.mp4,0,0.06993652
/home/tianlong/Downloads//test/cxvayntesu.mp4,0,0.4995706
/home/tianlong/Downloads//test/dxepehnhgm.mp4,0,0.22955595
/home/tianlong/Downloads//test/bcgjlsupne.mp4,0,0.26435778
/home/tianlong/Downloads//test/uhynwthfhf.mp4,0,0.7704873
/home/tianlong/Downloads//test/gocrdvihos.mp4,0,0.032153767
/home/tianlong/Downloads//test/gtyvtbojpp.mp4,0,0.1777976
/home/tianlong/Downloads//test/eqtwkqxolz.mp4,0,0.31589696
/home/tianlong/Downloads//test/arwiyweadv.mp4,0,0.40320447
/home/tianlong/Downloads//test/mlizcisxro.mp4,0,0.19237947
/home/tianlong/Downloads//test/miiymgajty.mp4,0,0.11347078
/home/tianlong/Downloads//test/ragjclplkx.mp4,0,0.06395046
/home/tianlong/Downloads//test/wxrfuemtxj.mp4,0,0.27040917
/home/tianlong/Downloads//test/xxupwwukoh.mp4,0,0.05038109
/home/tianlong/Downloads//test/qdantvtdji.mp4,0,0.401433
/home/tianlong/Downloads//test/oqehnuhbwa.mp4,0,0.7963054
/home/tianlong/Downloads//test/yzqbwkwxsn.mp4,0,0.4312698
/home/tianlong/Downloads//test/osjaqtkkdt.mp4,0,0.08275505
/home/tianlong/Downloads//test/nthlmvjxac.mp4,0,0.34796444
/home/tianlong/Downloads//test/dpegbdzijf.mp4,0,0.31996047
/home/tianlong/Downloads//test/ezgusylcyf.mp4,0,0.5931131
/home/tianlong/Downloads//test/isxxybhuls.mp4,0,0.49285755
/home/tianlong/Downloads//test/dbqbwrcvjk.mp4,0,0.4998946
/home/tianlong/Downloads//test/qqrvyhjznq.mp4,0,0.07004166
/home/tianlong/Downloads//test/ohdtmpzbtp.mp4,0,0.1147015
/home/tianlong/Downloads//test/oupztxzdln.mp4,0,0.079693295
/home/tianlong/Downloads//test/snidpujjti.mp4,0,0.7262408
/home/tianlong/Downloads//test/yoxdseoukl.mp4,0,0.31354535
/home/tianlong/Downloads//test/bxsdnqizii.mp4,0,0.4019176
/home/tianlong/Downloads//test/ihszkmcwvw.mp4,0,0.03912127
/home/tianlong/Downloads//test/rgrqhjtoby.mp4,0,0.21487306
/home/tianlong/Downloads//test/vqibhetnwa.mp4,0,0.48467246
/home/tianlong/Downloads//test/rkqqgwurqt.mp4,0,0.08629792
/home/tianlong/Downloads//test/axdepsfowg.mp4,0,0.20922111
/home/tianlong/Downloads//test/dcpmipuapc.mp4,0,0.044373695
/home/tianlong/Downloads//test/ncjqganhal.mp4,0,0.4088313
/home/tianlong/Downloads//test/qnbnlmpqpu.mp4,0,0.5503552
/home/tianlong/Downloads//test/ieoervpooz.mp4,0,0.16755277
/home/tianlong/Downloads//test/fscyfygpyk.mp4,0,0.22176977
/home/tianlong/Downloads//test/pitpjawwwp.mp4,0,0.32161102
/home/tianlong/Downloads//test/geturetbpy.mp4,0,0.79598355
/home/tianlong/Downloads//test/kwsraaqime.mp4,0,0.5453521
/home/tianlong/Downloads//test/lhgoghqmub.mp4,0,0.116206795
/home/tianlong/Downloads//test/kdmonvkpqd.mp4,0,0.9534908
/home/tianlong/Downloads//test/wrcelewmpa.mp4,0,0.58893263
/home/tianlong/Downloads//test/bxqgvzamnx.mp4,0,0.46488982
/home/tianlong/Downloads//test/nliofvksed.mp4,0,0.46066907
/home/tianlong/Downloads//test/mwjnvghsbe.mp4,0,0.16585054
/home/tianlong/Downloads//test/ygiscbckjl.mp4,0,0.2888866
/home/tianlong/Downloads//test/wscclwhfsr.mp4,0,0.36579672
/home/tianlong/Downloads//test/hddminxrhw.mp4,0,0.40095428
/home/tianlong/Downloads//test/ncrkggcdqp.mp4,0,0.49545243
/home/tianlong/Downloads//test/xjinzawywt.mp4,0,0.4277123
/home/tianlong/Downloads//test/korrsqtkke.mp4,0,0.3323314
/home/tianlong/Downloads//test/tskjnnvjsa.mp4,0,0.48876852
/home/tianlong/Downloads//test/tyjxmknivy.mp4,0,0.36648837
/home/tianlong/Downloads//test/qyvqrtscbk.mp4,0,0.29502457
/home/tianlong/Downloads//test/kxnybtbpkl.mp4,0,0.05108535
/home/tianlong/Downloads//test/wiqtkqwfsw.mp4,0,0.34202266
/home/tianlong/Downloads//test/bevjclbhuo.mp4,0,0.16224122
/home/tianlong/Downloads//test/shwulrbsfx.mp4,0,0.7235469
/home/tianlong/Downloads//test/mohtuktaaq.mp4,0,0.13593064
/home/tianlong/Downloads//test/fwsypadiom.mp4,0,0.4426525
/home/tianlong/Downloads//test/buywrbgfqy.mp4,0,0.4014465
/home/tianlong/Downloads//test/bljpdykszf.mp4,0,0.49542597
/home/tianlong/Downloads//test/ztxdkcoxvx.mp4,0,0.20887798
/home/tianlong/Downloads//test/oqeoibjbim.mp4,0,0.07044128
/home/tianlong/Downloads//test/szwhgmrrhm.mp4,0,0.37698317
/home/tianlong/Downloads//test/xnydmgdhum.mp4,0,0.39457732
/home/tianlong/Downloads//test/fltaysfwct.mp4,0,0.25250417
/home/tianlong/Downloads//test/akdvkdoyoh.mp4,0,0.4968362
/home/tianlong/Downloads//test/ftfemkjnot.mp4,0,0.10922743
/home/tianlong/Downloads//test/gmbckelbzp.mp4,0,0.19709699
/home/tianlong/Downloads//test/jjzveabagf.mp4,0,0.86023074
/home/tianlong/Downloads//test/dfqwasrdvq.mp4,0,0.84097266
/home/tianlong/Downloads//test/diskzkrrph.mp4,0,0.26458856
/home/tianlong/Downloads//test/jtwpwdqmxz.mp4,0,0.09362201
/home/tianlong/Downloads//test/qivnumuetu.mp4,0,0.056959942
/home/tianlong/Downloads//test/blmuzhjygg.mp4,0,0.049559705
/home/tianlong/Downloads//test/sbxlfehzjc.mp4,0,0.4945421
/home/tianlong/Downloads//test/tcwhwssdnv.mp4,0,0.90839183
/home/tianlong/Downloads//test/bkbokyebco.mp4,0,0.12151139
/home/tianlong/Downloads//test/vojsghpebv.mp4,0,0.8021833
/home/tianlong/Downloads//test/opuhoerhxb.mp4,0,0.093022436
/home/tianlong/Downloads//test/mmhdcoqsve.mp4,0,0.27526632
/home/tianlong/Downloads//test/ewxddjqzml.mp4,0,0.25195646
/home/tianlong/Downloads//test/dznchaiaqh.mp4,0,0.30120692
/home/tianlong/Downloads//test/mloeefokyq.mp4,0,0.13075368
/home/tianlong/Downloads//test/fgkpembbpv.mp4,0,0.25533828
/home/tianlong/Downloads//test/orqafstesq.mp4,0,0.3169357
/home/tianlong/Downloads//test/ckgabgjnca.mp4,0,0.19426362
/home/tianlong/Downloads//test/iuvhrgckrt.mp4,0,0.49263722
/home/tianlong/Downloads//test/vlzwcejywm.mp4,0,0.44009247
/home/tianlong/Downloads//test/cpucjmfawf.mp4,0,0.5749737
/home/tianlong/Downloads//test/ekvhyeycpr.mp4,0,0.53014237
/home/tianlong/Downloads//test/tazlckybzu.mp4,0,0.48154315
/home/tianlong/Downloads//test/clxgzkdgta.mp4,0,0.7728782
/home/tianlong/Downloads//test/zlfbumxcxs.mp4,0,0.31461307
/home/tianlong/Downloads//test/plhcceboag.mp4,0,0.32788128
/home/tianlong/Downloads//test/extihvlsxg.mp4,0,0.067417465
/home/tianlong/Downloads//test/olebnvxoyl.mp4,0,0.10982141
/home/tianlong/Downloads//test/opdqcwqxzy.mp4,0,0.2684549
/home/tianlong/Downloads//test/stwaypekwh.mp4,0,0.06946489
/home/tianlong/Downloads//test/xogwctpikv.mp4,0,0.093591094
/home/tianlong/Downloads//test/cjiwxfwcit.mp4,0,0.695433
/home/tianlong/Downloads//test/txshgvrava.mp4,0,0.16411847
/home/tianlong/Downloads//test/ggpuxwhpri.mp4,0,0.5295335
/home/tianlong/Downloads//test/jlxnzxtopm.mp4,0,0.18121868
/home/tianlong/Downloads//test/thjugpbwcv.mp4,0,0.8106793
/home/tianlong/Downloads//test/pkititkein.mp4,0,0.24157484
/home/tianlong/Downloads//test/hjiwmybauf.mp4,0,0.8487724
/home/tianlong/Downloads//test/efazuieysm.mp4,0,0.4666468
/home/tianlong/Downloads//test/tdzsgrdneg.mp4,0,0.49875298
/home/tianlong/Downloads//test/mkxmvreoth.mp4,0,0.08031296
/home/tianlong/Downloads//test/ofbjiuemkr.mp4,0,0.45239058
/home/tianlong/Downloads//test/dogotzkdiw.mp4,0,0.4074143
/home/tianlong/Downloads//test/qdmvzknbua.mp4,0,0.17600349
/home/tianlong/Downloads//test/pnauelqbxq.mp4,0,0.12132471
/home/tianlong/Downloads//test/sytddqezij.mp4,0,0.4277387
/home/tianlong/Downloads//test/bhpddnqauc.mp4,0,0.1328842
/home/tianlong/Downloads//test/imtkdzkypf.mp4,0,0.5023039
/home/tianlong/Downloads//test/kbodjivgqu.mp4,0,0.052367263
/home/tianlong/Downloads//test/qtxraeaxeh.mp4,0,0.31424338
/home/tianlong/Downloads//test/uaxmqpmswz.mp4,0,0.29194385
/home/tianlong/Downloads//test/qlbapiibba.mp4,0,0.48021093
/home/tianlong/Downloads//test/mzurunkulx.mp4,0,0.07331838
/home/tianlong/Downloads//test/aujoxrpddn.mp4,0,0.47663543
/home/tianlong/Downloads//test/ebenvuuxld.mp4,0,0.41240704
/home/tianlong/Downloads//test/fsfjlwwsen.mp4,0,0.49533457
/home/tianlong/Downloads//test/zwgaptzuqt.mp4,0,0.14376579
/home/tianlong/Downloads//test/gldpafckwo.mp4,0,0.4634591
/home/tianlong/Downloads//test/nvkzpexyzg.mp4,0,0.49239185
/home/tianlong/Downloads//test/vnrmxwtsmf.mp4,0,0.072355375
/home/tianlong/Downloads//test/hmofiqjzxe.mp4,0,0.6179584
/home/tianlong/Downloads//test/ucryyubbqk.mp4,0,0.4348978
/home/tianlong/Downloads//test/gwqdrapybq.mp4,0,0.060182385
/home/tianlong/Downloads//test/avttogwbyz.mp4,0,0.6355103
/home/tianlong/Downloads//test/hbmvxgonmq.mp4,0,0.056406036
/home/tianlong/Downloads//test/gxxlbjuyza.mp4,0,0.08939338
/home/tianlong/Downloads//test/jhzozsurac.mp4,0,0.20392118
/home/tianlong/Downloads//test/opyqudaics.mp4,0,0.18012656
/home/tianlong/Downloads//test/vigbdgmudk.mp4,0,0.11637616
/home/tianlong/Downloads//test/viidhkoxyv.mp4,0,0.038529884
/home/tianlong/Downloads//test/dmpvbeyuqb.mp4,0,0.14198528
/home/tianlong/Downloads//test/wgycqahjww.mp4,0,0.43288615
/home/tianlong/Downloads//test/wwgmzeavbd.mp4,0,0.10095544
/home/tianlong/Downloads//test/qtqyglbdem.mp4,0,0.241363
/home/tianlong/Downloads//test/nqynuhnklk.mp4,0,0.074589275
/home/tianlong/Downloads//test/jygbqsigcr.mp4,0,0.056794908
/home/tianlong/Downloads//test/nsozqvhalr.mp4,0,0.29347908
/home/tianlong/Downloads//test/yvmrwdyxby.mp4,0,0.33176115
/home/tianlong/Downloads//test/kvhbyuklfv.mp4,0,0.4986281
/home/tianlong/Downloads//test/iwnfvkmktq.mp4,0,0.49592024
/home/tianlong/Downloads//test/qzfmctgxcs.mp4,0,0.19681236
/home/tianlong/Downloads//test/vhipamioud.mp4,0,0.3219475
/home/tianlong/Downloads//test/lmbvoxhowe.mp4,0,0.055904135
/home/tianlong/Downloads//test/ziqjamfzlv.mp4,0,0.3191242
/home/tianlong/Downloads//test/kqnwutdvpd.mp4,0,0.03951902
/home/tianlong/Downloads//test/lucpbeexdk.mp4,0,0.108513385
/home/tianlong/Downloads//test/pnotaniiuh.mp4,0,0.41026488
/home/tianlong/Downloads//test/qohtjkzity.mp4,0,0.4938126
/home/tianlong/Downloads//test/bkjhfcvsig.mp4,0,0.036244076
/home/tianlong/Downloads//test/kpcrdurodw.mp4,0,0.45833078
/home/tianlong/Downloads//test/nmphdbflzj.mp4,0,0.2593331
/home/tianlong/Downloads//test/fmsxomanga.mp4,0,0.22767553
/home/tianlong/Downloads//test/tgwpcoljin.mp4,0,0.16906933
/home/tianlong/Downloads//test/foynwjsqeh.mp4,0,0.30948457
/home/tianlong/Downloads//test/vdqritvjfl.mp4,0,0.47547373
/home/tianlong/Downloads//test/egyemqrvna.mp4,0,0.4950051
/home/tianlong/Downloads//test/xrtmepdfyh.mp4,0,0.11086596
/home/tianlong/Downloads//test/zfgjechdto.mp4,0,0.058799207
/home/tianlong/Downloads//test/jujpqsrgll.mp4,0,0.20026526
/home/tianlong/Downloads//test/iakzgqqova.mp4,0,0.446428
/home/tianlong/Downloads//test/fqdklzzkfj.mp4,0,0.22834498
/home/tianlong/Downloads//test/dnfnxwbsoi.mp4,0,0.29224142
/home/tianlong/Downloads//test/lynaeydofd.mp4,0,0.2388669
/home/tianlong/Downloads//test/relrfifywa.mp4,0,0.24156974
/home/tianlong/Downloads//test/imsacxixmv.mp4,0,0.047108646
/home/tianlong/Downloads//test/rfbwukxpye.mp4,0,0.053002987
/home/tianlong/Downloads//test/atixaudngu.mp4,0,0.3704168
/home/tianlong/Downloads//test/tcychsyltm.mp4,0,0.06924447
/home/tianlong/Downloads//test/kifyfzqzjj.mp4,0,0.44467032
/home/tianlong/Downloads//test/irjbukzjqt.mp4,0,0.25572237
/home/tianlong/Downloads//test/jmkkbkvbjo.mp4,0,0.4948166
/home/tianlong/Downloads//test/gflhlvhqyl.mp4,0,0.5130287
/home/tianlong/Downloads//test/myebjqbxsl.mp4,0,0.23806019
/home/tianlong/Downloads//test/mqeqiytluf.mp4,0,0.046073914
/home/tianlong/Downloads//test/zbsjlcsetv.mp4,0,0.054685153
/home/tianlong/Downloads//test/lzmxqxrruv.mp4,0,0.5028934
/home/tianlong/Downloads//test/neotrnwthu.mp4,0,0.05332726
/home/tianlong/Downloads//test/vwigtbeivy.mp4,0,0.040530037
/home/tianlong/Downloads//test/ldtscpryms.mp4,0,0.36997312
/home/tianlong/Downloads//test/sjgmmecazy.mp4,0,0.2918599
/home/tianlong/Downloads//test/jkrbsekajk.mp4,0,0.8444569
/home/tianlong/Downloads//test/iahzcxmuck.mp4,0,0.47568208
/home/tianlong/Downloads//test/cteqlloxwu.mp4,0,0.17719989
/home/tianlong/Downloads//test/pgqxsteufx.mp4,0,0.30478498
/home/tianlong/Downloads//test/cmuzrrlaiy.mp4,1,0.62422603
/home/tianlong/Downloads//test/jxeqhujuvh.mp4,1,0.53754705
/home/tianlong/Downloads//test/ntaqujyzes.mp4,1,0.49149278
/home/tianlong/Downloads//test/ghxzsygiou.mp4,1,0.48267058
/home/tianlong/Downloads//test/lvxzjwiklq.mp4,1,0.30714956
/home/tianlong/Downloads//test/wlyvvvjgnv.mp4,1,0.07604031
/home/tianlong/Downloads//test/hexxuigzdl.mp4,1,0.67487353
/home/tianlong/Downloads//test/zynrdvlrwv.mp4,1,0.13813412
/home/tianlong/Downloads//test/kbvqzihgan.mp4,1,0.07693809
/home/tianlong/Downloads//test/razacdewcv.mp4,1,0.17906557
/home/tianlong/Downloads//test/tjlrvidbxw.mp4,1,0.2931557
/home/tianlong/Downloads//test/gcbyurxhbz.mp4,1,0.11814128
/home/tianlong/Downloads//test/xticvyqqjn.mp4,1,0.4295897
/home/tianlong/Downloads//test/gqpayiddqv.mp4,1,0.35851496
/home/tianlong/Downloads//test/zmrnjhfxed.mp4,1,0.27708766
/home/tianlong/Downloads//test/slpxqmwuqm.mp4,1,0.44913977
/home/tianlong/Downloads//test/upwsvjdtgo.mp4,1,0.58030164
/home/tianlong/Downloads//test/zpnjiswgdt.mp4,1,0.20860696
/home/tianlong/Downloads//test/rayxtqfosv.mp4,1,0.0634015
/home/tianlong/Downloads//test/cfhoqpdzqb.mp4,1,0.2457554
/home/tianlong/Downloads//test/okyufzgvay.mp4,1,0.1834818
/home/tianlong/Downloads//test/wgyxtquovo.mp4,1,0.8275952
/home/tianlong/Downloads//test/kicgvgukqs.mp4,1,0.47825855
/home/tianlong/Downloads//test/aolhuwcdwv.mp4,1,0.50644314
/home/tianlong/Downloads//test/clzcvdsuyp.mp4,1,0.49879086
/home/tianlong/Downloads//test/jibhugdfbs.mp4,1,0.17492333
/home/tianlong/Downloads//test/kfiszsbzob.mp4,1,0.4997302
/home/tianlong/Downloads//test/mgwtoqonaf.mp4,1,0.5662187
/home/tianlong/Downloads//test/buzqmuifod.mp4,1,0.5661552
/home/tianlong/Downloads//test/bofmetrgfm.mp4,1,0.20978552
/home/tianlong/Downloads//test/chlshvbday.mp4,1,0.59830165
/home/tianlong/Downloads//test/vxcjkgerao.mp4,1,0.6538565
/home/tianlong/Downloads//test/qxwqqhruvz.mp4,1,0.16041403
/home/tianlong/Downloads//test/hytdcdixlv.mp4,1,0.19768983
/home/tianlong/Downloads//test/buejhiahpy.mp4,1,0.36440706
/home/tianlong/Downloads//test/omotodymgb.mp4,1,0.38427556
/home/tianlong/Downloads//test/gmcvyrferj.mp4,1,0.05544559
/home/tianlong/Downloads//test/ycoaclsdov.mp4,1,0.49087662
/home/tianlong/Downloads//test/scaljzcpcf.mp4,1,0.59380394
/home/tianlong/Downloads//test/uhbxhharht.mp4,1,0.13863987
/home/tianlong/Downloads//test/tmmakbzbqw.mp4,1,0.49711767
/home/tianlong/Downloads//test/mvfvefsgik.mp4,1,0.49530417
/home/tianlong/Downloads//test/inesnaprwm.mp4,1,0.27099508
/home/tianlong/Downloads//test/qqxelyjmmw.mp4,1,0.3371844
/home/tianlong/Downloads//test/dllkubdbbd.mp4,1,0.4830053
/home/tianlong/Downloads//test/ttnajmkchw.mp4,1,0.30824208
/home/tianlong/Downloads//test/kaffwaiexj.mp4,1,0.37299886
/home/tianlong/Downloads//test/dpfuqzdtrs.mp4,1,0.51936334
/home/tianlong/Downloads//test/hfvexodpht.mp4,1,0.7514254
/home/tianlong/Downloads//test/vmxjsdkuju.mp4,1,0.3905512
/home/tianlong/Downloads//test/afaxsgqksm.mp4,1,0.0669678
/home/tianlong/Downloads//test/pgkipgmpgm.mp4,1,0.49989703
/home/tianlong/Downloads//test/ltkesswcyn.mp4,1,0.20579226
/home/tianlong/Downloads//test/dffkcrccsj.mp4,1,0.123810105
/home/tianlong/Downloads//test/svtnilogao.mp4,1,0.32712817
/home/tianlong/Downloads//test/bzobkqewtt.mp4,1,0.21939628
/home/tianlong/Downloads//test/vemnbnqoqk.mp4,1,0.5507858
/home/tianlong/Downloads//test/nobrvdftmd.mp4,1,0.17724854
/home/tianlong/Downloads//test/qepgiaxgpc.mp4,1,0.52584153
/home/tianlong/Downloads//test/bogjubshbr.mp4,1,0.4940281
/home/tianlong/Downloads//test/uyoqozgdcy.mp4,1,0.14141227
/home/tianlong/Downloads//test/cvmmtklgst.mp4,1,0.49269792
/home/tianlong/Downloads//test/qharxzhzpl.mp4,1,0.49536857
/home/tianlong/Downloads//test/sprejlmapw.mp4,1,0.09166812
/home/tianlong/Downloads//test/crzrsezocr.mp4,1,0.09950621
/home/tianlong/Downloads//test/wyqhadmmcy.mp4,1,0.51011413
/home/tianlong/Downloads//test/jrjxehotww.mp4,1,0.48993522
/home/tianlong/Downloads//test/xctpdujlok.mp4,1,0.43373302
/home/tianlong/Downloads//test/hfspenqmpw.mp4,1,0.22923091
/home/tianlong/Downloads//test/jkfukzcjxd.mp4,1,0.4967964
/home/tianlong/Downloads//test/knafngkgen.mp4,1,0.39297125
/home/tianlong/Downloads//test/tswmtnhfmn.mp4,1,0.03213434
/home/tianlong/Downloads//test/qoasfzksgo.mp4,1,0.47229165
/home/tianlong/Downloads//test/hnrzuoqnkz.mp4,1,0.3164191
/home/tianlong/Downloads//test/nussrkyuzy.mp4,1,0.43540704
/home/tianlong/Downloads//test/ciwzwmlyxz.mp4,1,0.14186879
/home/tianlong/Downloads//test/dbauiiupef.mp4,1,0.5273208
/home/tianlong/Downloads//test/ywxfnlxtjg.mp4,1,0.20052141
/home/tianlong/Downloads//test/pryqgrbtnu.mp4,1,0.4070852
/home/tianlong/Downloads//test/mbjpaydogy.mp4,1,0.5180345
/home/tianlong/Downloads//test/ihdopxhysr.mp4,1,0.25206965
/home/tianlong/Downloads//test/rgasvymjrj.mp4,1,0.3197372
/home/tianlong/Downloads//test/eclpgjjies.mp4,1,0.15909478
/home/tianlong/Downloads//test/kxptuwngop.mp4,1,0.38145384
/home/tianlong/Downloads//test/uaqvffouxp.mp4,1,0.26659933
/home/tianlong/Downloads//test/xvqzzgoabm.mp4,1,0.0764678
/home/tianlong/Downloads//test/tkgbjtcxyl.mp4,1,0.42559704
/home/tianlong/Downloads//test/xlnaxrwvcx.mp4,1,0.49001387
/home/tianlong/Downloads//test/kphfzaullq.mp4,1,0.34087554
/home/tianlong/Downloads//test/rkezgzxnoo.mp4,1,0.11016244
/home/tianlong/Downloads//test/fromclsodq.mp4,1,0.31357569
/home/tianlong/Downloads//test/nrscfrjxpb.mp4,1,0.16613142
/home/tianlong/Downloads//test/ygobagrhmg.mp4,1,0.3075206
/home/tianlong/Downloads//test/hisfrixnbu.mp4,1,0.10188065
/home/tianlong/Downloads//test/duzueyonao.mp4,1,0.25333816
/home/tianlong/Downloads//test/gkknsyqbnz.mp4,1,0.6368317
/home/tianlong/Downloads//test/tmgdrjjalz.mp4,1,0.15712184
/home/tianlong/Downloads//test/iajblozgtx.mp4,1,0.3541253
/home/tianlong/Downloads//test/ahkcchuwqq.mp4,1,0.25954676
/home/tianlong/Downloads//test/zmfiveruie.mp4,1,0.48924622
/home/tianlong/Downloads//test/xptgnpgfkn.mp4,1,0.06806269
/home/tianlong/Downloads//test/aebhowazav.mp4,1,0.32642788
/home/tianlong/Downloads//test/geulcwvfuy.mp4,1,0.4898487
/home/tianlong/Downloads//test/glzyifzrql.mp4,1,0.48934394
/home/tianlong/Downloads//test/wvmrsucbsq.mp4,1,0.58002317
/home/tianlong/Downloads//test/moetggyxsc.mp4,1,0.24283722
/home/tianlong/Downloads//test/jfvnwpcjrm.mp4,1,0.79273874
/home/tianlong/Downloads//test/kaggpclkjm.mp4,1,0.43392694
/home/tianlong/Downloads//test/nacldwtuwp.mp4,1,0.47304344
/home/tianlong/Downloads//test/upwyvqbjlq.mp4,1,0.6471417
/home/tianlong/Downloads//test/tdmyjvptzv.mp4,1,0.5553826
/home/tianlong/Downloads//test/fzurflflwv.mp4,1,0.14214592
/home/tianlong/Downloads//test/aakjukgjme.mp4,1,0.20550236
/home/tianlong/Downloads//test/ypepsyuwmo.mp4,1,0.16032666
/home/tianlong/Downloads//test/qxhyhhkywc.mp4,1,0.09043949
/home/tianlong/Downloads//test/iqvfopywpa.mp4,1,0.47571534
/home/tianlong/Downloads//test/xfncslssic.mp4,1,0.0654053
/home/tianlong/Downloads//test/jesstfspwv.mp4,1,0.31204727
/home/tianlong/Downloads//test/xiraodtgnt.mp4,1,0.4957566
/home/tianlong/Downloads//test/xeuzubpylq.mp4,1,0.24101162
/home/tianlong/Downloads//test/xszpbtciwo.mp4,1,0.17956525
/home/tianlong/Downloads//test/fkksbgaibl.mp4,1,0.54569066
/home/tianlong/Downloads//test/ntqzfgmhnj.mp4,1,0.5000734
/home/tianlong/Downloads//test/bizbjxafzr.mp4,1,0.1981335
/home/tianlong/Downloads//test/bxfwiuvafo.mp4,1,0.7817607
/home/tianlong/Downloads//test/jfcglbovmo.mp4,1,0.49535623
/home/tianlong/Downloads//test/odidbykbar.mp4,1,0.6190262
/home/tianlong/Downloads//test/qarbtmjwhm.mp4,1,0.4577656
/home/tianlong/Downloads//test/jeierullea.mp4,1,0.43080556
/home/tianlong/Downloads//test/lrckqkzekj.mp4,1,0.12517822
/home/tianlong/Downloads//test/riizlqngim.mp4,1,0.07371733
/home/tianlong/Downloads//test/lmcnonfhgz.mp4,1,0.18520914
/home/tianlong/Downloads//test/lkhszpabzv.mp4,1,0.22649512
/home/tianlong/Downloads//test/njqbwiajss.mp4,1,0.028614102
/home/tianlong/Downloads//test/ksqybmrwyg.mp4,1,0.68723315
/home/tianlong/Downloads//test/dxphlwcvan.mp4,1,0.96544594
/home/tianlong/Downloads//test/dgjssccxhx.mp4,1,0.70468324
/home/tianlong/Downloads//test/sbfxzmhzyv.mp4,1,0.3671792
/home/tianlong/Downloads//test/rlvgpdrgvi.mp4,1,0.85755867
/home/tianlong/Downloads//test/uzdmxmfcqe.mp4,1,0.19086838
/home/tianlong/Downloads//test/afixxjdxef.mp4,1,0.48138073
/home/tianlong/Downloads//test/fwvxtssltw.mp4,1,0.36965543
/home/tianlong/Downloads//test/jyzlvivrmr.mp4,1,0.61086017
/home/tianlong/Downloads//test/byavookkdu.mp4,1,0.06547206
/home/tianlong/Downloads//test/agyawnxlmv.mp4,1,0.31689882
/home/tianlong/Downloads//test/zjoonppreb.mp4,1,0.10474578
/home/tianlong/Downloads//test/sjzwpqupnm.mp4,1,0.30158657
/home/tianlong/Downloads//test/pobrnbspcf.mp4,1,0.5485761
/home/tianlong/Downloads//test/qdkpphviay.mp4,1,0.38554716
/home/tianlong/Downloads//test/nbyaxzmueg.mp4,1,0.4824671
/home/tianlong/Downloads//test/vfszaqentw.mp4,1,0.65359867
/home/tianlong/Downloads//test/fosovipqkg.mp4,1,0.038086418
/home/tianlong/Downloads//test/grwcxofqrx.mp4,1,0.5936613
/home/tianlong/Downloads//test/koqxhnmkjl.mp4,1,0.36194327
/home/tianlong/Downloads//test/xkukyjokbg.mp4,1,0.9541975
/home/tianlong/Downloads//test/fmnzbwtjep.mp4,1,0.038117394
/home/tianlong/Downloads//test/aruyyclubn.mp4,1,0.05826371
/home/tianlong/Downloads//test/eluhuvocwr.mp4,1,0.61672026
/home/tianlong/Downloads//test/iiwffwiyrg.mp4,1,0.40869954
/home/tianlong/Downloads//test/fsbabrxhqy.mp4,1,0.4550886
/home/tianlong/Downloads//test/ymqadbkafj.mp4,1,0.06628866
/home/tianlong/Downloads//test/nptmqvfuhz.mp4,1,0.20929563
/home/tianlong/Downloads//test/usjnlahlcj.mp4,1,0.60837096
/home/tianlong/Downloads//test/hbozjjcafn.mp4,1,0.031150639
/home/tianlong/Downloads//test/cizxmeztny.mp4,1,0.36119124
/home/tianlong/Downloads//test/syxlmynhsi.mp4,1,0.49582657
/home/tianlong/Downloads//test/ezadehoecy.mp4,1,0.07154549
/home/tianlong/Downloads//test/fpliemtlco.mp4,1,0.39548892
/home/tianlong/Downloads//test/arflgfcnkg.mp4,1,0.1999213
/home/tianlong/Downloads//test/occelhylxf.mp4,1,0.17699878
/home/tianlong/Downloads//test/uqntkvpntd.mp4,1,0.344473
/home/tianlong/Downloads//test/iatevqworc.mp4,1,0.055051718
/home/tianlong/Downloads//test/xzsmgydcub.mp4,1,0.6965432
/home/tianlong/Downloads//test/qbffpkpmkf.mp4,1,0.29754934
/home/tianlong/Downloads//test/pzbpgfmroj.mp4,1,0.4122256
/home/tianlong/Downloads//test/oundixpyst.mp4,1,0.19362628
/home/tianlong/Downloads//test/hnxhwfttpy.mp4,1,0.26611626
/home/tianlong/Downloads//test/rdjwlvvwtv.mp4,1,0.49274492
/home/tianlong/Downloads//test/tcmstiljkk.mp4,1,0.43258065
/home/tianlong/Downloads//test/qbfdtumuct.mp4,1,0.30785587
/home/tianlong/Downloads//test/mxnquwuszt.mp4,1,0.19847232
/home/tianlong/Downloads//test/sjooumwlzb.mp4,1,0.4951657
/home/tianlong/Downloads//test/twhwouycfg.mp4,1,0.10774246
/home/tianlong/Downloads//test/wytpaehszj.mp4,1,0.29205662
/home/tianlong/Downloads//test/srtwhbzzlr.mp4,1,0.49926567
/home/tianlong/Downloads//test/jqjfpkuckf.mp4,1,0.4740237
/home/tianlong/Downloads//test/yxjjfaekev.mp4,1,0.21257308
/home/tianlong/Downloads//test/cyokqrzbol.mp4,1,0.051491797
/home/tianlong/Downloads//test/mtilpvablx.mp4,1,0.63267934
/home/tianlong/Downloads//test/njwsmltmvb.mp4,1,0.16120157
/home/tianlong/Downloads//test/xkksfulade.mp4,1,0.49412313
/home/tianlong/Downloads//test/dtfgsvfmjq.mp4,1,0.75059783
/home/tianlong/Downloads//test/onaewxqqkd.mp4,1,0.5282724
/home/tianlong/Downloads//test/pazpnfrbbc.mp4,1,0.23954171
/home/tianlong/Downloads//test/kgowzoxjfq.mp4,1,0.44442588
/home/tianlong/Downloads//test/ltdwtgrads.mp4,1,0.07505329
/home/tianlong/Downloads//test/znistrajpw.mp4,1,0.060136583
/home/tianlong/Downloads//test/yfhzmfhojv.mp4,1,0.6727435
/home/tianlong/Downloads//test/spkorcenyh.mp4,1,0.30572814
/home/tianlong/Downloads//test/axopbbxwzr.mp4,1,0.14203145
/home/tianlong/Downloads//test/hxrruqinnh.mp4,1,0.6501464
/home/tianlong/Downloads//test/tkaybnjwhg.mp4,1,0.5461305
/home/tianlong/Downloads//test/lhwwhjhyqx.mp4,1,0.12220328
/home/tianlong/Downloads//test/btxjufhiaz.mp4,1,0.16794989
/home/tianlong/Downloads//test/dnhaskulaj.mp4,1,0.49420652
/home/tianlong/Downloads//test/vxqofldgze.mp4,1,0.05767425
/home/tianlong/Downloads//test/ddjzmyabyu.mp4,1,0.034528296
/home/tianlong/Downloads//test/mgahaaogif.mp4,1,0.4968436
/home/tianlong/Downloads//test/ktmdpragph.mp4,1,0.04784544
/home/tianlong/Downloads//test/xazdhdnwhh.mp4,1,0.17747468
/home/tianlong/Downloads//test/qnslgeajnt.mp4,1,0.8488744
/home/tianlong/Downloads//test/sivrgbsaog.mp4,1,0.27572227
/home/tianlong/Downloads//test/uzmuovkewv.mp4,1,0.50069916
/home/tianlong/Downloads//test/tvazrcdkpq.mp4,1,0.19427268
/home/tianlong/Downloads//test/jbatiwjmzh.mp4,1,0.7767553
/home/tianlong/Downloads//test/hmiylncrva.mp4,1,0.33319876
/home/tianlong/Downloads//test/uxkojffbsr.mp4,1,0.53016984
/home/tianlong/Downloads//test/crbcrxqftw.mp4,1,0.13298206
/home/tianlong/Downloads//test/yermnsnlgf.mp4,1,0.6011292
/home/tianlong/Downloads//test/gipcvghjiy.mp4,1,0.19164863
/home/tianlong/Downloads//test/iwcfxyoimw.mp4,1,0.6423771
/home/tianlong/Downloads//test/kozaofkgvk.mp4,1,0.25080946
/home/tianlong/Downloads//test/xlgevjtsog.mp4,1,0.22971769
/home/tianlong/Downloads//test/bpjkimtqtz.mp4,1,0.041262902
/home/tianlong/Downloads//test/pdnwaekrtn.mp4,1,0.37629226
/home/tianlong/Downloads//test/toxsrzsksc.mp4,1,0.17308076
/home/tianlong/Downloads//test/oejfypsbfh.mp4,1,0.3770163
/home/tianlong/Downloads//test/hwyuwbnszo.mp4,1,0.46721864
/home/tianlong/Downloads//test/acgyspwyqr.mp4,1,0.030752208
/home/tianlong/Downloads//test/oitcqmvnsa.mp4,1,0.63437027
/home/tianlong/Downloads//test/pdqqkuclvd.mp4,1,0.27752894
/home/tianlong/Downloads//test/slsyjvgfpu.mp4,1,0.12706006
/home/tianlong/Downloads//test/xmdfnldfyc.mp4,1,0.4927403
/home/tianlong/Downloads//test/ynkzlkahux.mp4,1,0.48819366
/home/tianlong/Downloads//test/szjbkskyph.mp4,1,0.14381625
/home/tianlong/Downloads//test/yyiiywtiry.mp4,1,0.36454076
/home/tianlong/Downloads//test/crvotfojeq.mp4,1,0.19930492
/home/tianlong/Downloads//test/rsqblsfgli.mp4,1,0.039096184
/home/tianlong/Downloads//test/becqadbtkb.mp4,1,0.21781658
/home/tianlong/Downloads//test/afqaubpglg.mp4,1,0.52130485
/home/tianlong/Downloads//test/pwplooonzr.mp4,1,0.44192207
/home/tianlong/Downloads//test/vjegxiyvla.mp4,1,0.30073047
/home/tianlong/Downloads//test/jbwtbfbdko.mp4,1,0.501984
/home/tianlong/Downloads//test/toggbitvfd.mp4,1,0.6004556
/home/tianlong/Downloads//test/xpfhawmzbe.mp4,1,0.09024711
/home/tianlong/Downloads//test/kjwdinzplo.mp4,1,0.07188881
/home/tianlong/Downloads//test/jrkdzpijpb.mp4,1,0.19656476
/home/tianlong/Downloads//test/lbnuxynggy.mp4,1,0.04696613
/home/tianlong/Downloads//test/iorrylopzn.mp4,1,0.31749582
/home/tianlong/Downloads//test/yasxapunrf.mp4,1,0.4302324
/home/tianlong/Downloads//test/suohrphvbe.mp4,1,0.39517632
/home/tianlong/Downloads//test/salsuwvckq.mp4,1,0.47321573
/home/tianlong/Downloads//test/eclnowceyi.mp4,1,0.123286374
/home/tianlong/Downloads//test/wvtymfvbwq.mp4,1,0.14772081
/home/tianlong/Downloads//test/rsjhmrvdwg.mp4,1,0.05467943
/home/tianlong/Downloads//test/qtvhpmoukj.mp4,1,0.14268856
/home/tianlong/Downloads//test/svqkfjfucw.mp4,1,0.46826625
/home/tianlong/Downloads//test/jdlqmnhuix.mp4,1,0.70118046
/home/tianlong/Downloads//test/ltmkgkppwx.mp4,1,0.14723454
/home/tianlong/Downloads//test/zaoyocjkgw.mp4,1,0.2079787
/home/tianlong/Downloads//test/vgrhobnbfo.mp4,1,0.60822743
/home/tianlong/Downloads//test/eeeuzozcdc.mp4,1,0.24344364
/home/tianlong/Downloads//test/ikgxqbhmlv.mp4,1,0.8422144
/home/tianlong/Downloads//test/zyeakowujw.mp4,1,0.5263896
/home/tianlong/Downloads//test/uerapqglmr.mp4,1,0.1642123
/home/tianlong/Downloads//test/fmuncwjpej.mp4,1,0.5836619
/home/tianlong/Downloads//test/xllzvdxwiv.mp4,1,0.4094958
/home/tianlong/Downloads//test/giuymhlbyo.mp4,1,0.49666405
/home/tianlong/Downloads//test/bubbmjnmge.mp4,1,0.49168378
/home/tianlong/Downloads//test/qwqefbalkv.mp4,1,0.12816241
/home/tianlong/Downloads//test/aupsxowdcp.mp4,1,0.21037726
/home/tianlong/Downloads//test/apjovfzzft.mp4,1,0.14017603
/home/tianlong/Downloads//test/yjbnaqwxyf.mp4,1,0.40653062
/home/tianlong/Downloads//test/dajlkmlvch.mp4,1,0.054643437
/home/tianlong/Downloads//test/egwzzhemvk.mp4,1,0.5565176
/home/tianlong/Downloads//test/vlhrgeyvqy.mp4,1,0.14902532
/home/tianlong/Downloads//test/vpolvvzwsw.mp4,1,0.08673824
/home/tianlong/Downloads//test/ddkcxrncmq.mp4,1,0.5649352
/home/tianlong/Downloads//test/fncnobpzzx.mp4,1,0.48892573
/home/tianlong/Downloads//test/lhayhvqjmg.mp4,1,0.4085249
/home/tianlong/Downloads//test/yboofyemks.mp4,1,0.09308649
/home/tianlong/Downloads//test/wzkovvmdkq.mp4,1,0.40056837
/home/tianlong/Downloads//test/axxldpmbat.mp4,1,0.38761193
/home/tianlong/Downloads//test/piovymzozl.mp4,1,0.115971394
/home/tianlong/Downloads//test/ymjrnwsjxt.mp4,1,0.25537834
/home/tianlong/Downloads//test/jfxroglrst.mp4,1,0.40298095
/home/tianlong/Downloads//test/qzyaijdbfe.mp4,1,0.53261167
/home/tianlong/Downloads//test/gzwzxbtkpd.mp4,1,0.9119223
/home/tianlong/Downloads//test/bgssriyozb.mp4,1,0.21088295
/home/tianlong/Downloads//test/wqtraebanl.mp4,1,0.721905
/home/tianlong/Downloads//test/lovkthgavz.mp4,1,0.10562953
/home/tianlong/Downloads//test/vpgjaoyvir.mp4,1,0.05695356
/home/tianlong/Downloads//test/btlqqvfuck.mp4,1,0.49534062
/home/tianlong/Downloads//test/zzxidpsxmv.mp4,1,0.2302274
/home/tianlong/Downloads//test/qzuhjrhozy.mp4,1,0.22970662
/home/tianlong/Downloads//test/rtuaxyuvqs.mp4,1,0.117299065
/home/tianlong/Downloads//test/vybbullejj.mp4,1,0.5952268
/home/tianlong/Downloads//test/lblweiecpx.mp4,1,0.4931786
/home/tianlong/Downloads//test/qkchcuiljp.mp4,1,0.527996
/home/tianlong/Downloads//test/roivdutkrz.mp4,1,0.51442873
/home/tianlong/Downloads//test/rziziscker.mp4,1,0.49293604
/home/tianlong/Downloads//test/zsdmgllhck.mp4,1,0.5486148
/home/tianlong/Downloads//test/kpkzqbpivj.mp4,1,0.35175246
/home/tianlong/Downloads//test/tgkjhdyxww.mp4,1,0.61649954
/home/tianlong/Downloads//test/zubaiztkag.mp4,1,0.51122314
/home/tianlong/Downloads//test/figxvsdmsb.mp4,1,0.21655062
/home/tianlong/Downloads//test/enzlliylet.mp4,1,0.5402525
/home/tianlong/Downloads//test/acekgkqgdg.mp4,1,0.11744214
/home/tianlong/Downloads//test/ljrikjsgis.mp4,1,0.5648734
/home/tianlong/Downloads//test/vawotznxqn.mp4,1,0.5524488
/home/tianlong/Downloads//test/jsqtbnxnpb.mp4,1,0.40855715
/home/tianlong/Downloads//test/yibeqxcadd.mp4,1,0.5463623
/home/tianlong/Downloads//test/zvgekhyszq.mp4,1,0.67621356
/home/tianlong/Downloads//test/luisdnrumh.mp4,1,0.49295986
/home/tianlong/Downloads//test/xffjesgeey.mp4,1,0.23157993
/home/tianlong/Downloads//test/haesrhzukc.mp4,1,0.6373406
/home/tianlong/Downloads//test/uwccodyhgh.mp4,1,0.4503215
/home/tianlong/Downloads//test/msdtzpmmae.mp4,1,0.046912592
/home/tianlong/Downloads//test/zgiypcmpic.mp4,1,0.18341896
/home/tianlong/Downloads//test/olkcmrmvbh.mp4,1,0.24983315
/home/tianlong/Downloads//test/kiffbbtjfe.mp4,1,0.40205094
/home/tianlong/Downloads//test/junzzlnlfw.mp4,1,0.5593927
/home/tianlong/Downloads//test/qkgicklwyn.mp4,1,0.024843957
/home/tianlong/Downloads//test/wluigkzjdl.mp4,1,0.08902358
/home/tianlong/Downloads//test/rsnrcisldc.mp4,1,0.53243697
/home/tianlong/Downloads//test/asiuftijhs.mp4,1,0.3560837
/home/tianlong/Downloads//test/yjloopcthi.mp4,1,0.35078323
/home/tianlong/Downloads//test/tzzwqaxtrk.mp4,1,0.49572963
/home/tianlong/Downloads//test/tmfvsxrxnk.mp4,1,0.53539276
/home/tianlong/Downloads//test/dlsdmdraln.mp4,1,0.35099265
/home/tianlong/Downloads//test/rkygzeyegz.mp4,1,0.4101392
/home/tianlong/Downloads//test/truremwrti.mp4,1,0.049189296
/home/tianlong/Downloads//test/depcrcqwai.mp4,1,0.48392802
/home/tianlong/Downloads//test/jovohczybs.mp4,1,0.20315315
/home/tianlong/Downloads//test/udcpjfvqro.mp4,1,0.46957815
/home/tianlong/Downloads//test/yxlkovjssa.mp4,1,0.46601212
/home/tianlong/Downloads//test/trltdpitif.mp4,1,0.5025404
/home/tianlong/Downloads//test/hwufwjdaai.mp4,1,0.4174354
/home/tianlong/Downloads//test/vgfxjwupga.mp4,1,0.49276972
/home/tianlong/Downloads//test/jejjcsijvc.mp4,1,0.45588815
/home/tianlong/Downloads//test/yjpfhrfyfn.mp4,1,0.042809457
/home/tianlong/Downloads//test/izyqqybmcq.mp4,1,0.058536157
/home/tianlong/Downloads//test/xjnflcfxhn.mp4,1,0.09794099
/home/tianlong/Downloads//test/zidsbdilrm.mp4,1,0.58341664
/home/tianlong/Downloads//test/lepqvhstws.mp4,1,0.036984134
/home/tianlong/Downloads//test/eabghyltka.mp4,1,0.19094299
/home/tianlong/Downloads//test/qxgwcsugvd.mp4,1,0.55059874
/home/tianlong/Downloads//test/oitqddnspw.mp4,1,0.09095211
/home/tianlong/Downloads//test/jiddesrgoi.mp4,1,0.8815306
/home/tianlong/Downloads//test/whsqzlklam.mp4,1,0.40440345
/home/tianlong/Downloads//test/hwspklkjol.mp4,1,0.46430027
/home/tianlong/Downloads//test/mgxdtegobh.mp4,1,0.5957599
/home/tianlong/Downloads//test/dkvxzocpnx.mp4,1,0.6625351
/home/tianlong/Downloads//test/zxjiwvyzbs.mp4,1,0.09236925
/home/tianlong/Downloads//test/qysxqoredd.mp4,1,0.19227567
/home/tianlong/Downloads//test/angqjpzdts.mp4,1,0.84799266
/home/tianlong/Downloads//test/slbhiftdwk.mp4,1,0.13404135
/home/tianlong/Downloads//test/ctsjalmkpx.mp4,1,0.083896965
/home/tianlong/Downloads//test/jrwqouwlzc.mp4,1,0.46068615
/home/tianlong/Downloads//test/vcqcervdzi.mp4,1,0.63450575
/home/tianlong/Downloads//test/mxczokbutl.mp4,1,0.49565595
/home/tianlong/Downloads//test/qawqquinvi.mp4,1,0.49294648
/home/tianlong/Downloads//test/cqiyijvrcj.mp4,1,0.710585
/home/tianlong/Downloads//test/wypdykzzma.mp4,1,0.3083336
/home/tianlong/Downloads//test/zdurkznxhi.mp4,1,0.40838355
/home/tianlong/Downloads//test/llwjpzzrur.mp4,1,0.47615433
/home/tianlong/Downloads//test/stmqpsakem.mp4,1,0.4155378
/home/tianlong/Downloads//test/hqfxruqynj.mp4,1,0.49205318
/home/tianlong/Downloads//test/cotxffvovx.mp4,1,0.25925133
/home/tianlong/Downloads//test/yiwyejujhz.mp4,1,0.49268416
/home/tianlong/Downloads//test/azkhkminwu.mp4,1,0.10820545
/home/tianlong/Downloads//test/yoicqcpxgm.mp4,1,0.7552232
/home/tianlong/Downloads//test/kcpamicxjs.mp4,1,0.5202315
/home/tianlong/Downloads//test/mbnvlpwewk.mp4,1,0.57571465
/home/tianlong/Downloads//test/wjqdwzowcg.mp4,1,0.27651858
/home/tianlong/Downloads//test/vqtspwkgwe.mp4,1,0.26702845
/home/tianlong/Downloads//test/rurhyzsnyi.mp4,1,0.6306022
/home/tianlong/Downloads//test/sipuxpudya.mp4,1,0.23140574
/home/tianlong/Downloads//test/scchmtbzar.mp4,1,0.49915236
/home/tianlong/Downloads//test/qyhlzalxzm.mp4,1,0.07371945
/home/tianlong/Downloads//test/ektrtuwidv.mp4,1,0.52735317
/home/tianlong/Downloads//test/scbfkrlytb.mp4,1,0.4776678
/home/tianlong/Downloads//test/kxnsmwhqtl.mp4,1,0.44556388
/home/tianlong/Downloads//test/fiayeurvwb.mp4,1,0.69583744
/home/tianlong/Downloads//test/xpuntxtdbs.mp4,1,0.7528584
/home/tianlong/Downloads//test/edvyxmzpoy.mp4,1,0.49534276
/home/tianlong/Downloads//test/thnywrwayf.mp4,1,0.1639938
/home/tianlong/Downloads//test/xojauzdavy.mp4,1,0.50154537
/home/tianlong/Downloads//test/kaajaxzivt.mp4,1,0.3601515
/home/tianlong/Downloads//test/fmvdkhucsz.mp4,1,0.57752496
/home/tianlong/Downloads//test/mdkqmouddq.mp4,1,0.4818858
/home/tianlong/Downloads//test/ehtvcnlsfl.mp4,1,0.10938061
/home/tianlong/Downloads//test/iizsrcugyd.mp4,1,0.43288106
/home/tianlong/Downloads//test/hurlxdpsxl.mp4,1,0.44932738
/home/tianlong/Downloads//test/rvfhfbutlx.mp4,1,0.49686813
/home/tianlong/Downloads//test/ycxkcnwrbw.mp4,1,0.38352644
/home/tianlong/Downloads//test/jrmgqzgcmj.mp4,1,0.10277346
/home/tianlong/Downloads//test/cinrseylyp.mp4,1,0.3300459
/home/tianlong/Downloads//test/uhvmrfksax.mp4,1,0.44383672
/home/tianlong/Downloads//test/djjdzsivvi.mp4,1,0.21868277
/home/tianlong/Downloads//test/pmulgdcejl.mp4,1,0.5240009
/home/tianlong/Downloads//test/ngvbaolyub.mp4,1,0.20821598
/home/tianlong/Downloads//test/kpyyjmxmoj.mp4,1,0.25737256
/home/tianlong/Downloads//test/xhizcimlzp.mp4,1,0.20972653
/home/tianlong/Downloads//test/ulygywporv.mp4,1,0.1809591
/home/tianlong/Downloads//test/psunkvudmg.mp4,1,0.4812621
/home/tianlong/Downloads//test/ctarrlrgdy.mp4,1,0.1874121
/home/tianlong/Downloads//test/hdzygqltzu.mp4,1,0.64585257
/home/tianlong/Downloads//test/rvtfddfweu.mp4,1,0.3411557
/home/tianlong/Downloads//test/kaeouvuasm.mp4,1,0.2243898
/home/tianlong/Downloads//test/rzivzpozjr.mp4,1,0.3070739
/home/tianlong/Downloads//test/stfqbsbvfy.mp4,1,0.09635146
/home/tianlong/Downloads//test/qbhoufagsa.mp4,1,0.12940934
/home/tianlong/Downloads//test/xycfzkbnhy.mp4,1,0.8721809
/home/tianlong/Downloads//test/zudnvkagjk.mp4,1,0.49894497
/home/tianlong/Downloads//test/feaqnlczwc.mp4,1,0.07552954
/home/tianlong/Downloads//test/rqviqcsbzw.mp4,1,0.50597715
/home/tianlong/Downloads//test/dhfcwchsir.mp4,1,0.51357365
/home/tianlong/Downloads//test/cglpyitrzw.mp4,1,0.50712013
/home/tianlong/Downloads//test/yjypqyrhyi.mp4,1,0.8602225
/home/tianlong/Downloads//test/fokuimoqkh.mp4,1,0.3853009
/home/tianlong/Downloads//test/xzouvgiqha.mp4,1,0.5324088
/home/tianlong/Downloads//test/qyjbhkeqes.mp4,1,0.8678227
/home/tianlong/Downloads//test/phngwcpbqw.mp4,1,0.15082675
/home/tianlong/Downloads//test/rjcjcdkzkw.mp4,1,0.48535985
/home/tianlong/Downloads//test/legilvljip.mp4,1,0.5597215
/home/tianlong/Downloads//test/bukegrztbb.mp4,1,0.21720812
/home/tianlong/Downloads//test/yvaxmtbtgx.mp4,1,0.35715714
/home/tianlong/Downloads//test/saljlsmnet.mp4,1,0.9568227
/home/tianlong/Downloads//test/ezupajzwdl.mp4,1,0.4962241
/home/tianlong/Downloads//test/xeszevnech.mp4,1,0.03015651
/home/tianlong/Downloads//test/fbqwomdehr.mp4,1,0.21785186
/home/tianlong/Downloads//test/itdywxjknn.mp4,1,0.5928732
/home/tianlong/Downloads//test/zwupuzlefv.mp4,1,0.2681994
/home/tianlong/Downloads//test/qcrofjquht.mp4,1,0.18990955
/home/tianlong/Downloads//test/jblkcfejih.mp4,1,0.12895724
/home/tianlong/Downloads//test/howruupkxw.mp4,1,0.29591328
/home/tianlong/Downloads//test/xslxboadvn.mp4,1,0.2563483
/home/tianlong/Downloads//test/rzykslnkdi.mp4,1,0.13881566
/home/tianlong/Downloads//test/govjvzfbcj.mp4,1,0.5856587
/home/tianlong/Downloads//test/fwbvksfidm.mp4,1,0.667765
/home/tianlong/Downloads//test/khokwspqph.mp4,1,0.48815337
/home/tianlong/Downloads//test/sslrtrxyaj.mp4,1,0.21056068
/home/tianlong/Downloads//test/zdmknyhzoo.mp4,1,0.1528946
/home/tianlong/Downloads//test/rzjpckpslj.mp4,1,0.05499448
/home/tianlong/Downloads//test/pscilvlcfe.mp4,1,0.49545535
/home/tianlong/Downloads//test/rlwkdhgoqw.mp4,1,0.8171049
/home/tianlong/Downloads//test/cmpkopoabr.mp4,1,0.243339
/home/tianlong/Downloads//test/dbljnexmlf.mp4,1,0.6771092
/home/tianlong/Downloads//test/atfuphvjft.mp4,1,0.38349319
/home/tianlong/Downloads//test/zdldobedod.mp4,1,0.15297118
/home/tianlong/Downloads//test/iknfqmugud.mp4,1,0.24501953
/home/tianlong/Downloads//test/whusuiiqmt.mp4,1,0.3909355
/home/tianlong/Downloads//test/ksrnzzbcsz.mp4,1,0.54879844
/home/tianlong/Downloads//test/xxhuecshhw.mp4,1,0.16135022
/home/tianlong/Downloads//test/okmlcbefeu.mp4,1,0.41627255
/home/tianlong/Downloads//test/xryrhuskyd.mp4,1,0.6372253
/home/tianlong/Downloads//test/wevygelkrl.mp4,1,0.49187008
/home/tianlong/Downloads//test/rdpausigpg.mp4,1,0.24120222
/home/tianlong/Downloads//test/fdziwiuoer.mp4,1,0.41047361
/home/tianlong/Downloads//test/kykmrtoitd.mp4,1,0.4534576
/home/tianlong/Downloads//test/eacsjvcmlp.mp4,1,0.49287358
/home/tianlong/Downloads//test/asvuutypvz.mp4,1,0.29734883
/home/tianlong/Downloads//test/nucqorkejg.mp4,1,0.71670496
/home/tianlong/Downloads//test/ctpexqamtx.mp4,1,0.48237494
/home/tianlong/Downloads//test/vnsxdkjjtk.mp4,1,0.22077088
/home/tianlong/Downloads//test/cktsyobheu.mp4,1,0.48798066
/home/tianlong/Downloads//test/kccicuhxgk.mp4,1,0.545034
/home/tianlong/Downloads//test/qckjihxoze.mp4,1,0.1532098
/home/tianlong/Downloads//test/gvqtnedfso.mp4,1,0.38021618
/home/tianlong/Downloads//test/ajxkvlpgov.mp4,1,0.3344403
/home/tianlong/Downloads//test/srlilcjhaf.mp4,1,0.53345376
/home/tianlong/Downloads//test/qfjxksudna.mp4,1,0.29184696
/home/tianlong/Downloads//test/hstvglyexy.mp4,1,0.81672937
/home/tianlong/Downloads//test/jyyvhnsyys.mp4,1,0.5995905
/home/tianlong/Downloads//test/whxqigkgyk.mp4,1,0.4942199
/home/tianlong/Downloads//test/mqzrlecakr.mp4,1,0.8094127
/home/tianlong/Downloads//test/aeplbqxnge.mp4,1,0.08939079
/home/tianlong/Downloads//test/inwaznexiv.mp4,1,0.2719041
/home/tianlong/Downloads//test/anfupdhmyr.mp4,1,0.41880617
/home/tianlong/Downloads//test/wbvlgevkmb.mp4,1,0.44921315
/home/tianlong/Downloads//test/uiykwgaarz.mp4,1,0.24804324
/home/tianlong/Downloads//test/nvarnevska.mp4,1,0.37387466
/home/tianlong/Downloads//test/ooczenomzk.mp4,1,0.31599715
/home/tianlong/Downloads//test/qtjuhlppot.mp4,1,0.28995472
/home/tianlong/Downloads//test/drqtyzvhdd.mp4,1,0.079921685
/home/tianlong/Downloads//test/ytljvippwv.mp4,1,0.8684422
/home/tianlong/Downloads//test/skrqoagxle.mp4,1,0.5087911
/home/tianlong/Downloads//test/shwkznunyp.mp4,1,0.110777974
/home/tianlong/Downloads//test/tlsoagxovk.mp4,1,0.47776857
/home/tianlong/Downloads//test/enpshnkugu.mp4,1,0.76942813
/home/tianlong/Downloads//test/vitjdpnfpi.mp4,1,0.49523187
/home/tianlong/Downloads//test/jovrnujurf.mp4,1,0.50793135
/home/tianlong/Downloads//test/sbwemwjlsl.mp4,1,0.44864124
/home/tianlong/Downloads//test/uclzxnftij.mp4,1,0.20256458
/home/tianlong/Downloads//test/sdqjjttckw.mp4,1,0.11418844
/home/tianlong/Downloads//test/wtmggpeiom.mp4,1,0.5064965
