Video,Label,Prediction
/home/tianlong/Downloads//test/myvwyfdnxu.mp4,0,0.20420784
/home/tianlong/Downloads//test/uxgkqpiykp.mp4,0,0.2484853
/home/tianlong/Downloads//test/qyscponfaf.mp4,0,0.10384113
/home/tianlong/Downloads//test/tmgmbnzrrz.mp4,0,0.67309576
/home/tianlong/Downloads//test/wfmeffvvce.mp4,0,0.14511846
/home/tianlong/Downloads//test/fwrcfaglhz.mp4,0,0.27528113
/home/tianlong/Downloads//test/itfzfpuilx.mp4,0,0.48692378
/home/tianlong/Downloads//test/wupoiiknff.mp4,0,0.13655739
/home/tianlong/Downloads//test/dscprfjses.mp4,0,0.8029598
/home/tianlong/Downloads//test/ofntcunuqn.mp4,0,0.19274761
/home/tianlong/Downloads//test/imnzannmcr.mp4,0,0.8811624
/home/tianlong/Downloads//test/jidkzoagws.mp4,0,0.43481547
/home/tianlong/Downloads//test/nkpqkddsgt.mp4,0,0.5255048
/home/tianlong/Downloads//test/xqmrrciral.mp4,0,0.1671661
/home/tianlong/Downloads//test/ykfllpyawg.mp4,0,0.31766534
/home/tianlong/Downloads//test/bpieoyctzo.mp4,0,0.25305355
/home/tianlong/Downloads//test/wjrepvzlsv.mp4,0,0.4263029
/home/tianlong/Downloads//test/voucpidonq.mp4,0,0.110851206
/home/tianlong/Downloads//test/fxfxtrrkeq.mp4,0,0.3704597
/home/tianlong/Downloads//test/qggfpdkyzi.mp4,0,0.441837
/home/tianlong/Downloads//test/xyucutnxhz.mp4,0,0.11736545
/home/tianlong/Downloads//test/rkxepdkger.mp4,0,0.1280974
/home/tianlong/Downloads//test/fxxpxoqoxp.mp4,0,0.4049398
/home/tianlong/Downloads//test/jkxxwfycsj.mp4,0,0.8121458
/home/tianlong/Downloads//test/qbearsyziz.mp4,0,0.39345244
/home/tianlong/Downloads//test/kyrbveruev.mp4,0,0.3254362
/home/tianlong/Downloads//test/pdyrvsvwyi.mp4,0,0.6927469
/home/tianlong/Downloads//test/bpxxmxuvuy.mp4,0,0.6422652
/home/tianlong/Downloads//test/ekxsduhvwh.mp4,0,0.18118624
/home/tianlong/Downloads//test/ocsqqqduxx.mp4,0,0.17844579
/home/tianlong/Downloads//test/qufzdwetss.mp4,0,0.3988123
/home/tianlong/Downloads//test/vwqrtxbwye.mp4,0,0.5878082
/home/tianlong/Downloads//test/zuduvanawx.mp4,0,0.39071953
/home/tianlong/Downloads//test/rkjhxvdnsv.mp4,0,0.7978903
/home/tianlong/Downloads//test/hpcivouyku.mp4,0,0.43171155
/home/tianlong/Downloads//test/vgndywbmgf.mp4,0,0.46759993
/home/tianlong/Downloads//test/hfgczdzbix.mp4,0,0.44422442
/home/tianlong/Downloads//test/rwehwmmutn.mp4,0,0.11969298
/home/tianlong/Downloads//test/jyfnzyvznx.mp4,0,0.21427125
/home/tianlong/Downloads//test/jxpodcendq.mp4,0,0.8178515
/home/tianlong/Downloads//test/kgynainlug.mp4,0,0.42252743
/home/tianlong/Downloads//test/hqgervpkkf.mp4,0,0.31831402
/home/tianlong/Downloads//test/defeqlyysh.mp4,0,0.7647474
/home/tianlong/Downloads//test/xzkwbswkao.mp4,0,0.62324214
/home/tianlong/Downloads//test/hhdblnxhtj.mp4,0,0.10501533
/home/tianlong/Downloads//test/oaptmwroki.mp4,0,0.2888735
/home/tianlong/Downloads//test/djlkkqmjkk.mp4,0,0.5363542
/home/tianlong/Downloads//test/motfposykz.mp4,0,0.6442444
/home/tianlong/Downloads//test/shvfupmrho.mp4,0,0.96207577
/home/tianlong/Downloads//test/escwmsthiz.mp4,0,0.31510565
/home/tianlong/Downloads//test/ctpypmzfnl.mp4,0,0.11751731
/home/tianlong/Downloads//test/sjqrdyzkgl.mp4,0,0.5676601
/home/tianlong/Downloads//test/ddrjnwlugg.mp4,0,0.5426276
/home/tianlong/Downloads//test/hxfqltenqh.mp4,0,0.1765162
/home/tianlong/Downloads//test/umerhoubxw.mp4,0,0.10347365
/home/tianlong/Downloads//test/jxrpqynwlt.mp4,0,0.1729617
/home/tianlong/Downloads//test/hprzotbjtj.mp4,0,0.52666754
/home/tianlong/Downloads//test/cqewayywpg.mp4,0,0.61824423
/home/tianlong/Downloads//test/nvptcoxzah.mp4,0,0.90461814
/home/tianlong/Downloads//test/uvzlfuxalu.mp4,0,0.6189501
/home/tianlong/Downloads//test/mfcbgbcuvb.mp4,0,0.13888445
/home/tianlong/Downloads//test/tmtoypmqwt.mp4,0,0.17193684
/home/tianlong/Downloads//test/bsjucwhlrj.mp4,0,0.23593618
/home/tianlong/Downloads//test/hlsubhyoea.mp4,0,0.09916719
/home/tianlong/Downloads//test/deslnszgpy.mp4,0,0.13152394
/home/tianlong/Downloads//test/tfwdbkwvgz.mp4,0,0.49141878
/home/tianlong/Downloads//test/ufxafdxpat.mp4,0,0.12125555
/home/tianlong/Downloads//test/lmacrzidyh.mp4,0,0.14685929
/home/tianlong/Downloads//test/wyiajvmitt.mp4,0,0.31589913
/home/tianlong/Downloads//test/xbdnqfbxcv.mp4,0,0.117715344
/home/tianlong/Downloads//test/mhfnldxixw.mp4,0,0.28896916
/home/tianlong/Downloads//test/pfiigjlcct.mp4,0,0.20242026
/home/tianlong/Downloads//test/ldtibsniik.mp4,0,0.09730913
/home/tianlong/Downloads//test/gwzttezkpv.mp4,0,0.76957476
/home/tianlong/Downloads//test/pevmkpamhv.mp4,0,0.42373094
/home/tianlong/Downloads//test/zcfpsnaujx.mp4,0,0.96509296
/home/tianlong/Downloads//test/slvcfpalev.mp4,0,0.20393927
/home/tianlong/Downloads//test/ctdwtfcjei.mp4,0,0.32477137
/home/tianlong/Downloads//test/vxwsisekmb.mp4,0,0.3769727
/home/tianlong/Downloads//test/pkoadvlpga.mp4,0,0.2586582
/home/tianlong/Downloads//test/ofapaanpkl.mp4,0,0.3043564
/home/tianlong/Downloads//test/huzryvwrfa.mp4,0,0.43792644
/home/tianlong/Downloads//test/knjoasqzvt.mp4,0,0.5306116
/home/tianlong/Downloads//test/cedpyannqf.mp4,0,0.40261233
/home/tianlong/Downloads//test/mdwtpvlbrz.mp4,0,0.36215976
/home/tianlong/Downloads//test/hfcxlucrbj.mp4,0,0.8719345
/home/tianlong/Downloads//test/wbsajsyaej.mp4,0,0.13181457
/home/tianlong/Downloads//test/tbqrwehekx.mp4,0,0.33070496
/home/tianlong/Downloads//test/shslgpeisw.mp4,0,0.4218783
/home/tianlong/Downloads//test/epgfqrvwlr.mp4,0,0.11290384
/home/tianlong/Downloads//test/fduhwlydlg.mp4,0,0.14898196
/home/tianlong/Downloads//test/cpmridjxbc.mp4,0,0.16844057
/home/tianlong/Downloads//test/kphflojove.mp4,0,0.5261805
/home/tianlong/Downloads//test/hlcpwfwcyw.mp4,0,0.51214117
/home/tianlong/Downloads//test/bpeemkcxad.mp4,0,0.5451194
/home/tianlong/Downloads//test/jkadnvoqhk.mp4,0,0.44386545
/home/tianlong/Downloads//test/lzzpsosige.mp4,0,0.5081309
/home/tianlong/Downloads//test/pxtwhbaxjq.mp4,0,0.24881622
/home/tianlong/Downloads//test/pxgcsltbuo.mp4,0,0.34077886
/home/tianlong/Downloads//test/gmepmwcgwg.mp4,0,0.28131217
/home/tianlong/Downloads//test/tnetytnegv.mp4,0,0.09209658
/home/tianlong/Downloads//test/sxmqvznwwq.mp4,0,0.47680762
/home/tianlong/Downloads//test/partcfzlbj.mp4,0,0.11488361
/home/tianlong/Downloads//test/tnkmovifrb.mp4,0,0.48196587
/home/tianlong/Downloads//test/dpgznlwvpx.mp4,0,0.11531113
/home/tianlong/Downloads//test/mbpbbekqks.mp4,0,0.5262341
/home/tianlong/Downloads//test/hdbejalgtx.mp4,0,0.49946412
/home/tianlong/Downloads//test/bmdiaytrcm.mp4,0,0.5010598
/home/tianlong/Downloads//test/yghxoihrle.mp4,0,0.37591594
/home/tianlong/Downloads//test/vcgelshrli.mp4,0,0.452467
/home/tianlong/Downloads//test/yvdnbmbwyh.mp4,0,0.5055347
/home/tianlong/Downloads//test/kmakhupeac.mp4,0,0.5179657
/home/tianlong/Downloads//test/ccevbixrwu.mp4,0,0.36635885
/home/tianlong/Downloads//test/edavfjsjzw.mp4,0,0.3026232
/home/tianlong/Downloads//test/znmzmierff.mp4,0,0.45804265
/home/tianlong/Downloads//test/kiotoqmmfj.mp4,0,0.57284915
/home/tianlong/Downloads//test/nqctdktbtb.mp4,0,0.42900652
/home/tianlong/Downloads//test/inneixkosf.mp4,0,0.6101296
/home/tianlong/Downloads//test/occrrsyizc.mp4,0,0.2509749
/home/tianlong/Downloads//test/zfecmsiodq.mp4,0,0.22412112
/home/tianlong/Downloads//test/haknpmhigp.mp4,0,0.4599901
/home/tianlong/Downloads//test/zjbwxmmrgk.mp4,0,0.092240535
/home/tianlong/Downloads//test/qgpabkriss.mp4,0,0.1884049
/home/tianlong/Downloads//test/liureznisp.mp4,0,0.64494395
/home/tianlong/Downloads//test/bzdywpajvr.mp4,0,0.62067926
/home/tianlong/Downloads//test/jniytngcmy.mp4,0,0.49928945
/home/tianlong/Downloads//test/idklchvhxp.mp4,0,0.6333245
/home/tianlong/Downloads//test/pijzjjchqn.mp4,0,0.5441172
/home/tianlong/Downloads//test/pjnsejazpl.mp4,0,0.4348393
/home/tianlong/Downloads//test/gpaqoqegbn.mp4,0,0.12571913
/home/tianlong/Downloads//test/xsxwrwvfkg.mp4,0,0.27468267
/home/tianlong/Downloads//test/arwefyghir.mp4,0,0.7240947
/home/tianlong/Downloads//test/ptgvxdueef.mp4,0,0.19823968
/home/tianlong/Downloads//test/plljpjscih.mp4,0,0.1736677
/home/tianlong/Downloads//test/jozfaxodnx.mp4,0,0.48939928
/home/tianlong/Downloads//test/girdwtjwsr.mp4,0,0.58127004
/home/tianlong/Downloads//test/jbaahohsns.mp4,0,0.29792014
/home/tianlong/Downloads//test/uetfcmaryk.mp4,0,0.83574986
/home/tianlong/Downloads//test/oqbltrmhvt.mp4,0,0.5297753
/home/tianlong/Downloads//test/dvtzvkcrku.mp4,0,0.8784115
/home/tianlong/Downloads//test/qjilklnynm.mp4,0,0.23679765
/home/tianlong/Downloads//test/tcsdjwbihw.mp4,0,0.11472523
/home/tianlong/Downloads//test/zhftwvtutp.mp4,0,0.13037525
/home/tianlong/Downloads//test/xgktqwvknw.mp4,0,0.14017871
/home/tianlong/Downloads//test/cdeesuuuqz.mp4,0,0.119325265
/home/tianlong/Downloads//test/ymngcysczs.mp4,0,0.52827615
/home/tianlong/Downloads//test/gctyynjruz.mp4,0,0.19354708
/home/tianlong/Downloads//test/vkirqaiuoc.mp4,0,0.11486893
/home/tianlong/Downloads//test/ykywskdwlc.mp4,0,0.50328475
/home/tianlong/Downloads//test/verpxkucoi.mp4,0,0.44073355
/home/tianlong/Downloads//test/gpsqelalbp.mp4,0,0.093240894
/home/tianlong/Downloads//test/paorozwtbf.mp4,0,0.4548732
/home/tianlong/Downloads//test/iaaecuquha.mp4,0,0.37883544
/home/tianlong/Downloads//test/lmgdjtzwau.mp4,0,0.5595926
/home/tianlong/Downloads//test/tayykmblhg.mp4,0,0.35681185
/home/tianlong/Downloads//test/hpurahupjh.mp4,0,0.09478532
/home/tianlong/Downloads//test/uutxmgqajd.mp4,0,0.28527108
/home/tianlong/Downloads//test/rbkcpkwhjn.mp4,0,0.117683716
/home/tianlong/Downloads//test/wtnloygygs.mp4,0,0.17579196
/home/tianlong/Downloads//test/biborxaekt.mp4,0,0.5149708
/home/tianlong/Downloads//test/drlnvwvvuw.mp4,0,0.4198631
/home/tianlong/Downloads//test/axutpjywuu.mp4,0,0.5251773
/home/tianlong/Downloads//test/jbcnsmlysc.mp4,0,0.21072745
/home/tianlong/Downloads//test/ilzhgraxpl.mp4,0,0.19873472
/home/tianlong/Downloads//test/cwqhzuhjol.mp4,0,0.17904833
/home/tianlong/Downloads//test/tlzordotqw.mp4,0,0.5272052
/home/tianlong/Downloads//test/hdauuytvhx.mp4,0,0.23311833
/home/tianlong/Downloads//test/rtiyduycrn.mp4,0,0.91563976
/home/tianlong/Downloads//test/mdsmgzaltc.mp4,0,0.515526
/home/tianlong/Downloads//test/mnlxxoicoo.mp4,0,0.4843554
/home/tianlong/Downloads//test/ksfuiztwuc.mp4,0,0.6783985
/home/tianlong/Downloads//test/tpjydgkvdt.mp4,0,0.44503835
/home/tianlong/Downloads//test/nmjesbwiux.mp4,0,0.16339958
/home/tianlong/Downloads//test/egzfaoiuwo.mp4,0,0.3953159
/home/tianlong/Downloads//test/ucmfbukrkj.mp4,0,0.14601229
/home/tianlong/Downloads//test/aoqzxlwvmi.mp4,0,0.26337638
/home/tianlong/Downloads//test/zzjfzeuizr.mp4,0,0.5331015
/home/tianlong/Downloads//test/aunokqsmrt.mp4,0,0.12101437
/home/tianlong/Downloads//test/kudvvlgiff.mp4,0,0.1197779
/home/tianlong/Downloads//test/qqwsabrgxh.mp4,0,0.28457195
/home/tianlong/Downloads//test/pvsslamopo.mp4,0,0.17022415
/home/tianlong/Downloads//test/kawxnfacqs.mp4,0,0.098989196
/home/tianlong/Downloads//test/lxeqbyddvt.mp4,0,0.1800786
/home/tianlong/Downloads//test/zylribcaeu.mp4,0,0.24141741
/home/tianlong/Downloads//test/sghdekqnnn.mp4,0,0.24966939
/home/tianlong/Downloads//test/msbqgoxxlh.mp4,0,0.24526866
/home/tianlong/Downloads//test/ubbzrfgzer.mp4,0,0.5240998
/home/tianlong/Downloads//test/vuofhivyfs.mp4,0,0.7972035
/home/tianlong/Downloads//test/xirrbpmlja.mp4,0,0.3876618
/home/tianlong/Downloads//test/appvffejyy.mp4,0,0.5119415
/home/tianlong/Downloads//test/nzepxsbotb.mp4,0,0.40047765
/home/tianlong/Downloads//test/nkqkvwpghi.mp4,0,0.28548566
/home/tianlong/Downloads//test/vdvffooule.mp4,0,0.5737931
/home/tianlong/Downloads//test/rayhrvqorn.mp4,0,0.11655864
/home/tianlong/Downloads//test/cslfapvyjv.mp4,0,0.13497847
/home/tianlong/Downloads//test/rmygsfjyvt.mp4,0,0.41552982
/home/tianlong/Downloads//test/yhbhhibwzo.mp4,0,0.40528503
/home/tianlong/Downloads//test/vlxfyuzygn.mp4,0,0.66982514
/home/tianlong/Downloads//test/zefqhoewww.mp4,0,0.48640236
/home/tianlong/Downloads//test/vptrrrmhyb.mp4,0,0.39975566
/home/tianlong/Downloads//test/cefolmrrlx.mp4,0,0.3641332
/home/tianlong/Downloads//test/xzmplldajk.mp4,0,0.49928305
/home/tianlong/Downloads//test/hrznynemfj.mp4,0,0.23196927
/home/tianlong/Downloads//test/tkxblcleyd.mp4,0,0.3283702
/home/tianlong/Downloads//test/tlxgwzheli.mp4,0,0.13914077
/home/tianlong/Downloads//test/qvgutokvct.mp4,0,0.8568799
/home/tianlong/Downloads//test/tcwyxrvdpe.mp4,0,0.35313043
/home/tianlong/Downloads//test/jwrypvpvpx.mp4,0,0.12935904
/home/tianlong/Downloads//test/bpyjsrjcro.mp4,0,0.28010082
/home/tianlong/Downloads//test/avteqdmbob.mp4,0,0.7703259
/home/tianlong/Downloads//test/aaivbtdyjn.mp4,0,0.5539216
/home/tianlong/Downloads//test/pokctfragw.mp4,0,0.2095557
/home/tianlong/Downloads//test/vgdllmzjcw.mp4,0,0.5852122
/home/tianlong/Downloads//test/zdlhavfmit.mp4,0,0.7829086
/home/tianlong/Downloads//test/yupsrmckii.mp4,0,0.6844179
/home/tianlong/Downloads//test/pobpsxjbzg.mp4,0,0.35381755
/home/tianlong/Downloads//test/lkvouattut.mp4,0,0.12433831
/home/tianlong/Downloads//test/anjzzdyhno.mp4,0,0.121427976
/home/tianlong/Downloads//test/jvihmimqca.mp4,0,0.39893064
/home/tianlong/Downloads//test/wnoitecfmf.mp4,0,0.38423088
/home/tianlong/Downloads//test/gbvllwqbjl.mp4,0,0.6427896
/home/tianlong/Downloads//test/gzabjmglim.mp4,0,0.16403438
/home/tianlong/Downloads//test/paqcbtdulm.mp4,0,0.10175981
/home/tianlong/Downloads//test/jcbbrqaaaq.mp4,0,0.15763241
/home/tianlong/Downloads//test/nsavbywhlu.mp4,0,0.8492171
/home/tianlong/Downloads//test/zwfebeiqat.mp4,0,0.21383269
/home/tianlong/Downloads//test/pimrsfwcwm.mp4,0,0.60907644
/home/tianlong/Downloads//test/mrvdmwcblt.mp4,0,0.22916356
/home/tianlong/Downloads//test/hedetzyqpu.mp4,0,0.43169242
/home/tianlong/Downloads//test/qytaiboeep.mp4,0,0.61906475
/home/tianlong/Downloads//test/famavifufv.mp4,0,0.3768595
/home/tianlong/Downloads//test/hnselekxwv.mp4,0,0.6318715
/home/tianlong/Downloads//test/emgciwmtuj.mp4,0,0.13973664
/home/tianlong/Downloads//test/wbmvbetcdm.mp4,0,0.18825823
/home/tianlong/Downloads//test/mpvnvvihzp.mp4,0,0.70881236
/home/tianlong/Downloads//test/zelgpxflfe.mp4,0,0.67767936
/home/tianlong/Downloads//test/lhjcdavmmg.mp4,0,0.6437177
/home/tianlong/Downloads//test/rxtqqoncwj.mp4,0,0.13048916
/home/tianlong/Downloads//test/shrpamtirw.mp4,0,0.13769875
/home/tianlong/Downloads//test/qhzlgrtgto.mp4,0,0.13340831
/home/tianlong/Downloads//test/uuzyzglejw.mp4,0,0.53395605
/home/tianlong/Downloads//test/bmnpqrwnex.mp4,0,0.38716087
/home/tianlong/Downloads//test/dtssdnhgiw.mp4,0,0.20467325
/home/tianlong/Downloads//test/rlhmppiklf.mp4,0,0.54003674
/home/tianlong/Downloads//test/sswhgeqjrt.mp4,0,0.4049596
/home/tianlong/Downloads//test/emxqsgqtdz.mp4,0,0.12719357
/home/tianlong/Downloads//test/bcwtjzsutw.mp4,0,0.9097406
/home/tianlong/Downloads//test/uomfimsutw.mp4,0,0.5291316
/home/tianlong/Downloads//test/mztlucosuc.mp4,0,0.11827828
/home/tianlong/Downloads//test/ntcfyojagi.mp4,0,0.13740297
/home/tianlong/Downloads//test/wrbuiboyat.mp4,0,0.1961374
/home/tianlong/Downloads//test/xiqecarvpb.mp4,0,0.39359593
/home/tianlong/Downloads//test/fcvzlzfufb.mp4,0,0.59736884
/home/tianlong/Downloads//test/savqrjnncg.mp4,0,0.28433856
/home/tianlong/Downloads//test/icqmqztbry.mp4,0,0.16825548
/home/tianlong/Downloads//test/zzrmokkxka.mp4,0,0.51430976
/home/tianlong/Downloads//test/btgxrrldio.mp4,0,0.13109428
/home/tianlong/Downloads//test/zdnepyqjiy.mp4,0,0.2689073
/home/tianlong/Downloads//test/fybiztpnrc.mp4,0,0.17312406
/home/tianlong/Downloads//test/parqhrknkf.mp4,0,0.58884543
/home/tianlong/Downloads//test/tvffpggbrc.mp4,0,0.8001021
/home/tianlong/Downloads//test/rtpuwtrxsr.mp4,0,0.57343364
/home/tianlong/Downloads//test/tgmqfzsznf.mp4,0,0.18660703
/home/tianlong/Downloads//test/eqabuehals.mp4,0,0.094382696
/home/tianlong/Downloads//test/ikebomnsiq.mp4,0,0.23325242
/home/tianlong/Downloads//test/wfzxrfxohw.mp4,0,0.499264
/home/tianlong/Downloads//test/dqfgwejsvm.mp4,0,0.21362062
/home/tianlong/Downloads//test/lxadgjqzbf.mp4,0,0.64560103
/home/tianlong/Downloads//test/tdahgbtenl.mp4,0,0.51075166
/home/tianlong/Downloads//test/bivzhsmrqo.mp4,0,0.32221863
/home/tianlong/Downloads//test/vzxluflrhn.mp4,0,0.10846489
/home/tianlong/Downloads//test/ikmsdmynbf.mp4,0,0.46948487
/home/tianlong/Downloads//test/kuqbgbrypa.mp4,0,0.68527085
/home/tianlong/Downloads//test/nfstajzaot.mp4,0,0.12414719
/home/tianlong/Downloads//test/dultiznosk.mp4,0,0.09797103
/home/tianlong/Downloads//test/ckqfqernbf.mp4,0,0.11057381
/home/tianlong/Downloads//test/kbdwudhhwf.mp4,0,0.18047577
/home/tianlong/Downloads//test/hqpjmwyygq.mp4,0,0.5179778
/home/tianlong/Downloads//test/tjyuudtkme.mp4,0,0.47656637
/home/tianlong/Downloads//test/tihgxlmfcj.mp4,0,0.09332779
/home/tianlong/Downloads//test/sgdnbofecu.mp4,0,0.30470148
/home/tianlong/Downloads//test/pgamqeolau.mp4,0,0.1325419
/home/tianlong/Downloads//test/ijeqomctsa.mp4,0,0.18565615
/home/tianlong/Downloads//test/ppruxbqpmc.mp4,0,0.3298272
/home/tianlong/Downloads//test/hkvfyeacje.mp4,0,0.1402606
/home/tianlong/Downloads//test/zqrzqekofe.mp4,0,0.30800015
/home/tianlong/Downloads//test/iwzbgmtsuh.mp4,0,0.22053194
/home/tianlong/Downloads//test/dbixwxtuxs.mp4,0,0.55278856
/home/tianlong/Downloads//test/cepqcoseaj.mp4,0,0.66745365
/home/tianlong/Downloads//test/gypapuqdrx.mp4,0,0.5308277
/home/tianlong/Downloads//test/djhhnixfyi.mp4,0,0.5288566
/home/tianlong/Downloads//test/fkarxowzuf.mp4,0,0.57901454
/home/tianlong/Downloads//test/gfxnuidfgl.mp4,0,0.14727747
/home/tianlong/Downloads//test/vsreebjsfs.mp4,0,0.20864716
/home/tianlong/Downloads//test/manqchicur.mp4,0,0.33259052
/home/tianlong/Downloads//test/gztffgsxpt.mp4,0,0.2230672
/home/tianlong/Downloads//test/jdzkykqgsx.mp4,0,0.1154912
/home/tianlong/Downloads//test/cvbubcwkkl.mp4,0,0.1795711
/home/tianlong/Downloads//test/bgqhldvsgc.mp4,0,0.108543284
/home/tianlong/Downloads//test/blqgpxokwq.mp4,0,0.8754967
/home/tianlong/Downloads//test/cxvayntesu.mp4,0,0.22773874
/home/tianlong/Downloads//test/dxepehnhgm.mp4,0,0.36185244
/home/tianlong/Downloads//test/bcgjlsupne.mp4,0,0.19781366
/home/tianlong/Downloads//test/uhynwthfhf.mp4,0,0.5629556
/home/tianlong/Downloads//test/gocrdvihos.mp4,0,0.13948293
/home/tianlong/Downloads//test/gtyvtbojpp.mp4,0,0.3454827
/home/tianlong/Downloads//test/eqtwkqxolz.mp4,0,0.33947262
/home/tianlong/Downloads//test/arwiyweadv.mp4,0,0.66909486
/home/tianlong/Downloads//test/mlizcisxro.mp4,0,0.17660928
/home/tianlong/Downloads//test/miiymgajty.mp4,0,0.3524177
/home/tianlong/Downloads//test/ragjclplkx.mp4,0,0.15517884
/home/tianlong/Downloads//test/wxrfuemtxj.mp4,0,0.48901922
/home/tianlong/Downloads//test/xxupwwukoh.mp4,0,0.3706211
/home/tianlong/Downloads//test/qdantvtdji.mp4,0,0.71105456
/home/tianlong/Downloads//test/oqehnuhbwa.mp4,0,0.659237
/home/tianlong/Downloads//test/yzqbwkwxsn.mp4,0,0.5397219
/home/tianlong/Downloads//test/osjaqtkkdt.mp4,0,0.3173169
/home/tianlong/Downloads//test/nthlmvjxac.mp4,0,0.44594494
/home/tianlong/Downloads//test/dpegbdzijf.mp4,0,0.48945576
/home/tianlong/Downloads//test/ezgusylcyf.mp4,0,0.707694
/home/tianlong/Downloads//test/isxxybhuls.mp4,0,0.53973633
/home/tianlong/Downloads//test/dbqbwrcvjk.mp4,0,0.49880302
/home/tianlong/Downloads//test/qqrvyhjznq.mp4,0,0.46422315
/home/tianlong/Downloads//test/ohdtmpzbtp.mp4,0,0.21561734
/home/tianlong/Downloads//test/oupztxzdln.mp4,0,0.09274147
/home/tianlong/Downloads//test/snidpujjti.mp4,0,0.24922617
/home/tianlong/Downloads//test/yoxdseoukl.mp4,0,0.27868497
/home/tianlong/Downloads//test/bxsdnqizii.mp4,0,0.5770381
/home/tianlong/Downloads//test/ihszkmcwvw.mp4,0,0.21593557
/home/tianlong/Downloads//test/rgrqhjtoby.mp4,0,0.34602046
/home/tianlong/Downloads//test/vqibhetnwa.mp4,0,0.5396454
/home/tianlong/Downloads//test/rkqqgwurqt.mp4,0,0.30052465
/home/tianlong/Downloads//test/axdepsfowg.mp4,0,0.2512057
/home/tianlong/Downloads//test/dcpmipuapc.mp4,0,0.50825304
/home/tianlong/Downloads//test/ncjqganhal.mp4,0,0.31471777
/home/tianlong/Downloads//test/qnbnlmpqpu.mp4,0,0.6540634
/home/tianlong/Downloads//test/ieoervpooz.mp4,0,0.29217204
/home/tianlong/Downloads//test/fscyfygpyk.mp4,0,0.2448021
/home/tianlong/Downloads//test/pitpjawwwp.mp4,0,0.512717
/home/tianlong/Downloads//test/geturetbpy.mp4,0,0.6245619
/home/tianlong/Downloads//test/kwsraaqime.mp4,0,0.5912828
/home/tianlong/Downloads//test/lhgoghqmub.mp4,0,0.27024984
/home/tianlong/Downloads//test/kdmonvkpqd.mp4,0,0.4271689
/home/tianlong/Downloads//test/wrcelewmpa.mp4,0,0.37849373
/home/tianlong/Downloads//test/bxqgvzamnx.mp4,0,0.43856174
/home/tianlong/Downloads//test/nliofvksed.mp4,0,0.3436847
/home/tianlong/Downloads//test/mwjnvghsbe.mp4,0,0.6544292
/home/tianlong/Downloads//test/ygiscbckjl.mp4,0,0.5018928
/home/tianlong/Downloads//test/wscclwhfsr.mp4,0,0.46947357
/home/tianlong/Downloads//test/hddminxrhw.mp4,0,0.24282986
/home/tianlong/Downloads//test/ncrkggcdqp.mp4,0,0.5390561
/home/tianlong/Downloads//test/xjinzawywt.mp4,0,0.56031823
/home/tianlong/Downloads//test/korrsqtkke.mp4,0,0.301113
/home/tianlong/Downloads//test/tskjnnvjsa.mp4,0,0.32109693
/home/tianlong/Downloads//test/tyjxmknivy.mp4,0,0.26474237
/home/tianlong/Downloads//test/qyvqrtscbk.mp4,0,0.25577626
/home/tianlong/Downloads//test/kxnybtbpkl.mp4,0,0.10482793
/home/tianlong/Downloads//test/wiqtkqwfsw.mp4,0,0.20316589
/home/tianlong/Downloads//test/bevjclbhuo.mp4,0,0.13805713
/home/tianlong/Downloads//test/shwulrbsfx.mp4,0,0.6871806
/home/tianlong/Downloads//test/mohtuktaaq.mp4,0,0.15517889
/home/tianlong/Downloads//test/fwsypadiom.mp4,0,0.51774305
/home/tianlong/Downloads//test/buywrbgfqy.mp4,0,0.1609479
/home/tianlong/Downloads//test/bljpdykszf.mp4,0,0.5298443
/home/tianlong/Downloads//test/ztxdkcoxvx.mp4,0,0.4424889
/home/tianlong/Downloads//test/oqeoibjbim.mp4,0,0.18623033
/home/tianlong/Downloads//test/szwhgmrrhm.mp4,0,0.34534687
/home/tianlong/Downloads//test/xnydmgdhum.mp4,0,0.6553552
/home/tianlong/Downloads//test/fltaysfwct.mp4,0,0.30668
/home/tianlong/Downloads//test/akdvkdoyoh.mp4,0,0.46200997
/home/tianlong/Downloads//test/ftfemkjnot.mp4,0,0.67599976
/home/tianlong/Downloads//test/gmbckelbzp.mp4,0,0.3700229
/home/tianlong/Downloads//test/jjzveabagf.mp4,0,0.38571498
/home/tianlong/Downloads//test/dfqwasrdvq.mp4,0,0.88404346
/home/tianlong/Downloads//test/diskzkrrph.mp4,0,0.30614847
/home/tianlong/Downloads//test/jtwpwdqmxz.mp4,0,0.2137908
/home/tianlong/Downloads//test/qivnumuetu.mp4,0,0.09080856
/home/tianlong/Downloads//test/blmuzhjygg.mp4,0,0.13774982
/home/tianlong/Downloads//test/sbxlfehzjc.mp4,0,0.5304638
/home/tianlong/Downloads//test/tcwhwssdnv.mp4,0,0.8998082
/home/tianlong/Downloads//test/bkbokyebco.mp4,0,0.61810213
/home/tianlong/Downloads//test/vojsghpebv.mp4,0,0.8789021
/home/tianlong/Downloads//test/opuhoerhxb.mp4,0,0.34617662
/home/tianlong/Downloads//test/mmhdcoqsve.mp4,0,0.28892982
/home/tianlong/Downloads//test/ewxddjqzml.mp4,0,0.25631437
/home/tianlong/Downloads//test/dznchaiaqh.mp4,0,0.15073016
/home/tianlong/Downloads//test/mloeefokyq.mp4,0,0.40444177
/home/tianlong/Downloads//test/fgkpembbpv.mp4,0,0.17359456
/home/tianlong/Downloads//test/orqafstesq.mp4,0,0.38090298
/home/tianlong/Downloads//test/ckgabgjnca.mp4,0,0.4475488
/home/tianlong/Downloads//test/iuvhrgckrt.mp4,0,0.6371316
/home/tianlong/Downloads//test/vlzwcejywm.mp4,0,0.17133954
/home/tianlong/Downloads//test/cpucjmfawf.mp4,0,0.5806548
/home/tianlong/Downloads//test/ekvhyeycpr.mp4,0,0.44330844
/home/tianlong/Downloads//test/tazlckybzu.mp4,0,0.3871482
/home/tianlong/Downloads//test/clxgzkdgta.mp4,0,0.5847391
/home/tianlong/Downloads//test/zlfbumxcxs.mp4,0,0.4821672
/home/tianlong/Downloads//test/plhcceboag.mp4,0,0.5304014
/home/tianlong/Downloads//test/extihvlsxg.mp4,0,0.24041876
/home/tianlong/Downloads//test/olebnvxoyl.mp4,0,0.30235144
/home/tianlong/Downloads//test/opdqcwqxzy.mp4,0,0.17348681
/home/tianlong/Downloads//test/stwaypekwh.mp4,0,0.5873791
/home/tianlong/Downloads//test/xogwctpikv.mp4,0,0.5038325
/home/tianlong/Downloads//test/cjiwxfwcit.mp4,0,0.8601164
/home/tianlong/Downloads//test/txshgvrava.mp4,0,0.15819937
/home/tianlong/Downloads//test/ggpuxwhpri.mp4,0,0.38764495
/home/tianlong/Downloads//test/jlxnzxtopm.mp4,0,0.52017
/home/tianlong/Downloads//test/thjugpbwcv.mp4,0,0.4823195
/home/tianlong/Downloads//test/pkititkein.mp4,0,0.493308
/home/tianlong/Downloads//test/hjiwmybauf.mp4,0,0.87697804
/home/tianlong/Downloads//test/efazuieysm.mp4,0,0.7035534
/home/tianlong/Downloads//test/tdzsgrdneg.mp4,0,0.29334423
/home/tianlong/Downloads//test/mkxmvreoth.mp4,0,0.14360788
/home/tianlong/Downloads//test/ofbjiuemkr.mp4,0,0.5428185
/home/tianlong/Downloads//test/dogotzkdiw.mp4,0,0.63808995
/home/tianlong/Downloads//test/qdmvzknbua.mp4,0,0.48507592
/home/tianlong/Downloads//test/pnauelqbxq.mp4,0,0.58334655
/home/tianlong/Downloads//test/sytddqezij.mp4,0,0.3850022
/home/tianlong/Downloads//test/bhpddnqauc.mp4,0,0.48281658
/home/tianlong/Downloads//test/imtkdzkypf.mp4,0,0.49816948
/home/tianlong/Downloads//test/kbodjivgqu.mp4,0,0.27733672
/home/tianlong/Downloads//test/qtxraeaxeh.mp4,0,0.25006276
/home/tianlong/Downloads//test/uaxmqpmswz.mp4,0,0.13815968
/home/tianlong/Downloads//test/qlbapiibba.mp4,0,0.38798723
/home/tianlong/Downloads//test/mzurunkulx.mp4,0,0.11082993
/home/tianlong/Downloads//test/aujoxrpddn.mp4,0,0.48683482
/home/tianlong/Downloads//test/ebenvuuxld.mp4,0,0.2490671
/home/tianlong/Downloads//test/fsfjlwwsen.mp4,0,0.53026044
/home/tianlong/Downloads//test/zwgaptzuqt.mp4,0,0.26847857
/home/tianlong/Downloads//test/gldpafckwo.mp4,0,0.39745918
/home/tianlong/Downloads//test/nvkzpexyzg.mp4,0,0.6612085
/home/tianlong/Downloads//test/vnrmxwtsmf.mp4,0,0.22326826
/home/tianlong/Downloads//test/hmofiqjzxe.mp4,0,0.6671307
/home/tianlong/Downloads//test/ucryyubbqk.mp4,0,0.8173826
/home/tianlong/Downloads//test/gwqdrapybq.mp4,0,0.48945427
/home/tianlong/Downloads//test/avttogwbyz.mp4,0,0.3364507
/home/tianlong/Downloads//test/hbmvxgonmq.mp4,0,0.098025
/home/tianlong/Downloads//test/gxxlbjuyza.mp4,0,0.32746857
/home/tianlong/Downloads//test/jhzozsurac.mp4,0,0.5679182
/home/tianlong/Downloads//test/opyqudaics.mp4,0,0.570953
/home/tianlong/Downloads//test/vigbdgmudk.mp4,0,0.6466865
/home/tianlong/Downloads//test/viidhkoxyv.mp4,0,0.38621584
/home/tianlong/Downloads//test/dmpvbeyuqb.mp4,0,0.47523013
/home/tianlong/Downloads//test/wgycqahjww.mp4,0,0.64028615
/home/tianlong/Downloads//test/wwgmzeavbd.mp4,0,0.34190115
/home/tianlong/Downloads//test/qtqyglbdem.mp4,0,0.46855375
/home/tianlong/Downloads//test/nqynuhnklk.mp4,0,0.2957551
/home/tianlong/Downloads//test/jygbqsigcr.mp4,0,0.61257297
/home/tianlong/Downloads//test/nsozqvhalr.mp4,0,0.29397127
/home/tianlong/Downloads//test/yvmrwdyxby.mp4,0,0.52154607
/home/tianlong/Downloads//test/kvhbyuklfv.mp4,0,0.6134722
/home/tianlong/Downloads//test/iwnfvkmktq.mp4,0,0.61890525
/home/tianlong/Downloads//test/qzfmctgxcs.mp4,0,0.572837
/home/tianlong/Downloads//test/vhipamioud.mp4,0,0.250735
/home/tianlong/Downloads//test/lmbvoxhowe.mp4,0,0.09975962
/home/tianlong/Downloads//test/ziqjamfzlv.mp4,0,0.18553166
/home/tianlong/Downloads//test/kqnwutdvpd.mp4,0,0.108571954
/home/tianlong/Downloads//test/lucpbeexdk.mp4,0,0.40299845
/home/tianlong/Downloads//test/pnotaniiuh.mp4,0,0.17250639
/home/tianlong/Downloads//test/qohtjkzity.mp4,0,0.44001767
/home/tianlong/Downloads//test/bkjhfcvsig.mp4,0,0.094996326
/home/tianlong/Downloads//test/kpcrdurodw.mp4,0,0.15755951
/home/tianlong/Downloads//test/nmphdbflzj.mp4,0,0.16419248
/home/tianlong/Downloads//test/fmsxomanga.mp4,0,0.6225916
/home/tianlong/Downloads//test/tgwpcoljin.mp4,0,0.38366288
/home/tianlong/Downloads//test/foynwjsqeh.mp4,0,0.15052204
/home/tianlong/Downloads//test/vdqritvjfl.mp4,0,0.4666279
/home/tianlong/Downloads//test/egyemqrvna.mp4,0,0.5300217
/home/tianlong/Downloads//test/xrtmepdfyh.mp4,0,0.43387827
/home/tianlong/Downloads//test/zfgjechdto.mp4,0,0.11497166
/home/tianlong/Downloads//test/jujpqsrgll.mp4,0,0.29926863
/home/tianlong/Downloads//test/iakzgqqova.mp4,0,0.24452819
/home/tianlong/Downloads//test/fqdklzzkfj.mp4,0,0.41214338
/home/tianlong/Downloads//test/dnfnxwbsoi.mp4,0,0.26083443
/home/tianlong/Downloads//test/lynaeydofd.mp4,0,0.18038383
/home/tianlong/Downloads//test/relrfifywa.mp4,0,0.16963905
/home/tianlong/Downloads//test/imsacxixmv.mp4,0,0.51177984
/home/tianlong/Downloads//test/rfbwukxpye.mp4,0,0.31500563
/home/tianlong/Downloads//test/atixaudngu.mp4,0,0.28413206
/home/tianlong/Downloads//test/tcychsyltm.mp4,0,0.29418
/home/tianlong/Downloads//test/kifyfzqzjj.mp4,0,0.43028325
/home/tianlong/Downloads//test/irjbukzjqt.mp4,0,0.77322465
/home/tianlong/Downloads//test/jmkkbkvbjo.mp4,0,0.73048997
/home/tianlong/Downloads//test/gflhlvhqyl.mp4,0,0.40302062
/home/tianlong/Downloads//test/myebjqbxsl.mp4,0,0.37676823
/home/tianlong/Downloads//test/mqeqiytluf.mp4,0,0.15366311
/home/tianlong/Downloads//test/zbsjlcsetv.mp4,0,0.12940952
/home/tianlong/Downloads//test/lzmxqxrruv.mp4,0,0.7899761
/home/tianlong/Downloads//test/neotrnwthu.mp4,0,0.123845875
/home/tianlong/Downloads//test/vwigtbeivy.mp4,0,0.32497674
/home/tianlong/Downloads//test/ldtscpryms.mp4,0,0.5891722
/home/tianlong/Downloads//test/sjgmmecazy.mp4,0,0.50081575
/home/tianlong/Downloads//test/jkrbsekajk.mp4,0,0.7573003
/home/tianlong/Downloads//test/iahzcxmuck.mp4,0,0.48589975
/home/tianlong/Downloads//test/cteqlloxwu.mp4,0,0.35470057
/home/tianlong/Downloads//test/pgqxsteufx.mp4,0,0.2254603
/home/tianlong/Downloads//test/cmuzrrlaiy.mp4,1,0.63853616
/home/tianlong/Downloads//test/jxeqhujuvh.mp4,1,0.79269534
/home/tianlong/Downloads//test/ntaqujyzes.mp4,1,0.8585943
/home/tianlong/Downloads//test/ghxzsygiou.mp4,1,0.47705826
/home/tianlong/Downloads//test/lvxzjwiklq.mp4,1,0.6394514
/home/tianlong/Downloads//test/wlyvvvjgnv.mp4,1,0.677639
/home/tianlong/Downloads//test/hexxuigzdl.mp4,1,0.89150333
/home/tianlong/Downloads//test/zynrdvlrwv.mp4,1,0.6004405
/home/tianlong/Downloads//test/kbvqzihgan.mp4,1,0.5405316
/home/tianlong/Downloads//test/razacdewcv.mp4,1,0.60964864
/home/tianlong/Downloads//test/tjlrvidbxw.mp4,1,0.77907085
/home/tianlong/Downloads//test/gcbyurxhbz.mp4,1,0.32734248
/home/tianlong/Downloads//test/xticvyqqjn.mp4,1,0.5317086
/home/tianlong/Downloads//test/gqpayiddqv.mp4,1,0.49091792
/home/tianlong/Downloads//test/zmrnjhfxed.mp4,1,0.8545352
/home/tianlong/Downloads//test/slpxqmwuqm.mp4,1,0.77046347
/home/tianlong/Downloads//test/upwsvjdtgo.mp4,1,0.69417065
/home/tianlong/Downloads//test/zpnjiswgdt.mp4,1,0.5185129
/home/tianlong/Downloads//test/rayxtqfosv.mp4,1,0.1860652
/home/tianlong/Downloads//test/cfhoqpdzqb.mp4,1,0.7251178
/home/tianlong/Downloads//test/okyufzgvay.mp4,1,0.37216625
/home/tianlong/Downloads//test/wgyxtquovo.mp4,1,0.5040864
/home/tianlong/Downloads//test/kicgvgukqs.mp4,1,0.6281244
/home/tianlong/Downloads//test/aolhuwcdwv.mp4,1,0.907431
/home/tianlong/Downloads//test/clzcvdsuyp.mp4,1,0.61919594
/home/tianlong/Downloads//test/jibhugdfbs.mp4,1,0.68544334
/home/tianlong/Downloads//test/kfiszsbzob.mp4,1,0.9492052
/home/tianlong/Downloads//test/mgwtoqonaf.mp4,1,0.4345349
/home/tianlong/Downloads//test/buzqmuifod.mp4,1,0.5579604
/home/tianlong/Downloads//test/bofmetrgfm.mp4,1,0.7133135
/home/tianlong/Downloads//test/chlshvbday.mp4,1,0.47172126
/home/tianlong/Downloads//test/vxcjkgerao.mp4,1,0.6501817
/home/tianlong/Downloads//test/qxwqqhruvz.mp4,1,0.6213015
/home/tianlong/Downloads//test/hytdcdixlv.mp4,1,0.36838388
/home/tianlong/Downloads//test/buejhiahpy.mp4,1,0.72969395
/home/tianlong/Downloads//test/omotodymgb.mp4,1,0.91050416
/home/tianlong/Downloads//test/gmcvyrferj.mp4,1,0.2473252
/home/tianlong/Downloads//test/ycoaclsdov.mp4,1,0.54956686
/home/tianlong/Downloads//test/scaljzcpcf.mp4,1,0.6675422
/home/tianlong/Downloads//test/uhbxhharht.mp4,1,0.4164349
/home/tianlong/Downloads//test/tmmakbzbqw.mp4,1,0.8758496
/home/tianlong/Downloads//test/mvfvefsgik.mp4,1,0.9409995
/home/tianlong/Downloads//test/inesnaprwm.mp4,1,0.877117
/home/tianlong/Downloads//test/qqxelyjmmw.mp4,1,0.62924373
/home/tianlong/Downloads//test/dllkubdbbd.mp4,1,0.536866
/home/tianlong/Downloads//test/ttnajmkchw.mp4,1,0.8717415
/home/tianlong/Downloads//test/kaffwaiexj.mp4,1,0.5776379
/home/tianlong/Downloads//test/dpfuqzdtrs.mp4,1,0.68365186
/home/tianlong/Downloads//test/hfvexodpht.mp4,1,0.7052137
/home/tianlong/Downloads//test/vmxjsdkuju.mp4,1,0.9560696
/home/tianlong/Downloads//test/afaxsgqksm.mp4,1,0.8277063
/home/tianlong/Downloads//test/pgkipgmpgm.mp4,1,0.6317289
/home/tianlong/Downloads//test/ltkesswcyn.mp4,1,0.8406128
/home/tianlong/Downloads//test/dffkcrccsj.mp4,1,0.29472625
/home/tianlong/Downloads//test/svtnilogao.mp4,1,0.6352687
/home/tianlong/Downloads//test/bzobkqewtt.mp4,1,0.36641458
/home/tianlong/Downloads//test/vemnbnqoqk.mp4,1,0.6515952
/home/tianlong/Downloads//test/nobrvdftmd.mp4,1,0.506122
/home/tianlong/Downloads//test/qepgiaxgpc.mp4,1,0.5844555
/home/tianlong/Downloads//test/bogjubshbr.mp4,1,0.57898474
/home/tianlong/Downloads//test/uyoqozgdcy.mp4,1,0.89547986
/home/tianlong/Downloads//test/cvmmtklgst.mp4,1,0.5168208
/home/tianlong/Downloads//test/qharxzhzpl.mp4,1,0.5306013
/home/tianlong/Downloads//test/sprejlmapw.mp4,1,0.4770843
/home/tianlong/Downloads//test/crzrsezocr.mp4,1,0.6117694
/home/tianlong/Downloads//test/wyqhadmmcy.mp4,1,0.5313762
/home/tianlong/Downloads//test/jrjxehotww.mp4,1,0.5259751
/home/tianlong/Downloads//test/xctpdujlok.mp4,1,0.4957505
/home/tianlong/Downloads//test/hfspenqmpw.mp4,1,0.944348
/home/tianlong/Downloads//test/jkfukzcjxd.mp4,1,0.9773143
/home/tianlong/Downloads//test/knafngkgen.mp4,1,0.44678167
/home/tianlong/Downloads//test/tswmtnhfmn.mp4,1,0.26160482
/home/tianlong/Downloads//test/qoasfzksgo.mp4,1,0.49382964
/home/tianlong/Downloads//test/hnrzuoqnkz.mp4,1,0.31762564
/home/tianlong/Downloads//test/nussrkyuzy.mp4,1,0.6691865
/home/tianlong/Downloads//test/ciwzwmlyxz.mp4,1,0.3172292
/home/tianlong/Downloads//test/dbauiiupef.mp4,1,0.7490243
/home/tianlong/Downloads//test/ywxfnlxtjg.mp4,1,0.22098368
/home/tianlong/Downloads//test/pryqgrbtnu.mp4,1,0.15984817
/home/tianlong/Downloads//test/mbjpaydogy.mp4,1,0.71667826
/home/tianlong/Downloads//test/ihdopxhysr.mp4,1,0.697626
/home/tianlong/Downloads//test/rgasvymjrj.mp4,1,0.89581126
/home/tianlong/Downloads//test/eclpgjjies.mp4,1,0.42873332
/home/tianlong/Downloads//test/kxptuwngop.mp4,1,0.3800527
/home/tianlong/Downloads//test/uaqvffouxp.mp4,1,0.39908755
/home/tianlong/Downloads//test/xvqzzgoabm.mp4,1,0.21691069
/home/tianlong/Downloads//test/tkgbjtcxyl.mp4,1,0.95662236
/home/tianlong/Downloads//test/xlnaxrwvcx.mp4,1,0.52417344
/home/tianlong/Downloads//test/kphfzaullq.mp4,1,0.48589772
/home/tianlong/Downloads//test/rkezgzxnoo.mp4,1,0.13988921
/home/tianlong/Downloads//test/fromclsodq.mp4,1,0.5154511
/home/tianlong/Downloads//test/nrscfrjxpb.mp4,1,0.52772754
/home/tianlong/Downloads//test/ygobagrhmg.mp4,1,0.71552724
/home/tianlong/Downloads//test/hisfrixnbu.mp4,1,0.30208468
/home/tianlong/Downloads//test/duzueyonao.mp4,1,0.3246805
/home/tianlong/Downloads//test/gkknsyqbnz.mp4,1,0.64149404
/home/tianlong/Downloads//test/tmgdrjjalz.mp4,1,0.8100508
/home/tianlong/Downloads//test/iajblozgtx.mp4,1,0.8262385
/home/tianlong/Downloads//test/ahkcchuwqq.mp4,1,0.7932931
/home/tianlong/Downloads//test/zmfiveruie.mp4,1,0.73246396
/home/tianlong/Downloads//test/xptgnpgfkn.mp4,1,0.17492612
/home/tianlong/Downloads//test/aebhowazav.mp4,1,0.8314351
/home/tianlong/Downloads//test/geulcwvfuy.mp4,1,0.5847307
/home/tianlong/Downloads//test/glzyifzrql.mp4,1,0.8010343
/home/tianlong/Downloads//test/wvmrsucbsq.mp4,1,0.87469643
/home/tianlong/Downloads//test/moetggyxsc.mp4,1,0.421863
/home/tianlong/Downloads//test/jfvnwpcjrm.mp4,1,0.757812
/home/tianlong/Downloads//test/kaggpclkjm.mp4,1,0.8949728
/home/tianlong/Downloads//test/nacldwtuwp.mp4,1,0.9139769
/home/tianlong/Downloads//test/upwyvqbjlq.mp4,1,0.9536289
/home/tianlong/Downloads//test/tdmyjvptzv.mp4,1,0.9325932
/home/tianlong/Downloads//test/fzurflflwv.mp4,1,0.6302756
/home/tianlong/Downloads//test/aakjukgjme.mp4,1,0.60580933
/home/tianlong/Downloads//test/ypepsyuwmo.mp4,1,0.30536103
/home/tianlong/Downloads//test/qxhyhhkywc.mp4,1,0.7474041
/home/tianlong/Downloads//test/iqvfopywpa.mp4,1,0.54599
/home/tianlong/Downloads//test/xfncslssic.mp4,1,0.37518933
/home/tianlong/Downloads//test/jesstfspwv.mp4,1,0.4203522
/home/tianlong/Downloads//test/xiraodtgnt.mp4,1,0.7323561
/home/tianlong/Downloads//test/xeuzubpylq.mp4,1,0.47749993
/home/tianlong/Downloads//test/xszpbtciwo.mp4,1,0.6693042
/home/tianlong/Downloads//test/fkksbgaibl.mp4,1,0.9300334
/home/tianlong/Downloads//test/ntqzfgmhnj.mp4,1,0.97579485
/home/tianlong/Downloads//test/bizbjxafzr.mp4,1,0.6684716
/home/tianlong/Downloads//test/bxfwiuvafo.mp4,1,0.5740611
/home/tianlong/Downloads//test/jfcglbovmo.mp4,1,0.5312962
/home/tianlong/Downloads//test/odidbykbar.mp4,1,0.95754766
/home/tianlong/Downloads//test/qarbtmjwhm.mp4,1,0.52591044
/home/tianlong/Downloads//test/jeierullea.mp4,1,0.6368615
/home/tianlong/Downloads//test/lrckqkzekj.mp4,1,0.7812415
/home/tianlong/Downloads//test/riizlqngim.mp4,1,0.6016879
/home/tianlong/Downloads//test/lmcnonfhgz.mp4,1,0.5593856
/home/tianlong/Downloads//test/lkhszpabzv.mp4,1,0.95574063
/home/tianlong/Downloads//test/njqbwiajss.mp4,1,0.6431725
/home/tianlong/Downloads//test/ksqybmrwyg.mp4,1,0.961702
/home/tianlong/Downloads//test/dxphlwcvan.mp4,1,0.93047345
/home/tianlong/Downloads//test/dgjssccxhx.mp4,1,0.9692854
/home/tianlong/Downloads//test/sbfxzmhzyv.mp4,1,0.7104401
/home/tianlong/Downloads//test/rlvgpdrgvi.mp4,1,0.7171301
/home/tianlong/Downloads//test/uzdmxmfcqe.mp4,1,0.6090572
/home/tianlong/Downloads//test/afixxjdxef.mp4,1,0.9284
/home/tianlong/Downloads//test/fwvxtssltw.mp4,1,0.33083242
/home/tianlong/Downloads//test/jyzlvivrmr.mp4,1,0.92196923
/home/tianlong/Downloads//test/byavookkdu.mp4,1,0.9075588
/home/tianlong/Downloads//test/agyawnxlmv.mp4,1,0.37592542
/home/tianlong/Downloads//test/zjoonppreb.mp4,1,0.49723652
/home/tianlong/Downloads//test/sjzwpqupnm.mp4,1,0.38111746
/home/tianlong/Downloads//test/pobrnbspcf.mp4,1,0.4251807
/home/tianlong/Downloads//test/qdkpphviay.mp4,1,0.4012612
/home/tianlong/Downloads//test/nbyaxzmueg.mp4,1,0.53528666
/home/tianlong/Downloads//test/vfszaqentw.mp4,1,0.88063246
/home/tianlong/Downloads//test/fosovipqkg.mp4,1,0.19054715
/home/tianlong/Downloads//test/grwcxofqrx.mp4,1,0.5512597
/home/tianlong/Downloads//test/koqxhnmkjl.mp4,1,0.508207
/home/tianlong/Downloads//test/xkukyjokbg.mp4,1,0.96101326
/home/tianlong/Downloads//test/fmnzbwtjep.mp4,1,0.15165459
/home/tianlong/Downloads//test/aruyyclubn.mp4,1,0.67410004
/home/tianlong/Downloads//test/eluhuvocwr.mp4,1,0.61490864
/home/tianlong/Downloads//test/iiwffwiyrg.mp4,1,0.5339737
/home/tianlong/Downloads//test/fsbabrxhqy.mp4,1,0.8419166
/home/tianlong/Downloads//test/ymqadbkafj.mp4,1,0.68763936
/home/tianlong/Downloads//test/nptmqvfuhz.mp4,1,0.7775692
/home/tianlong/Downloads//test/usjnlahlcj.mp4,1,0.7148208
/home/tianlong/Downloads//test/hbozjjcafn.mp4,1,0.19053853
/home/tianlong/Downloads//test/cizxmeztny.mp4,1,0.88889706
/home/tianlong/Downloads//test/syxlmynhsi.mp4,1,0.53125525
/home/tianlong/Downloads//test/ezadehoecy.mp4,1,0.69485325
/home/tianlong/Downloads//test/fpliemtlco.mp4,1,0.9247687
/home/tianlong/Downloads//test/arflgfcnkg.mp4,1,0.5658654
/home/tianlong/Downloads//test/occelhylxf.mp4,1,0.5974141
/home/tianlong/Downloads//test/uqntkvpntd.mp4,1,0.4241017
/home/tianlong/Downloads//test/iatevqworc.mp4,1,0.2796432
/home/tianlong/Downloads//test/xzsmgydcub.mp4,1,0.37194598
/home/tianlong/Downloads//test/qbffpkpmkf.mp4,1,0.77457106
/home/tianlong/Downloads//test/pzbpgfmroj.mp4,1,0.4992324
/home/tianlong/Downloads//test/oundixpyst.mp4,1,0.958129
/home/tianlong/Downloads//test/hnxhwfttpy.mp4,1,0.9099193
/home/tianlong/Downloads//test/rdjwlvvwtv.mp4,1,0.64841574
/home/tianlong/Downloads//test/tcmstiljkk.mp4,1,0.7553278
/home/tianlong/Downloads//test/qbfdtumuct.mp4,1,0.4302254
/home/tianlong/Downloads//test/mxnquwuszt.mp4,1,0.7279075
/home/tianlong/Downloads//test/sjooumwlzb.mp4,1,0.87929595
/home/tianlong/Downloads//test/twhwouycfg.mp4,1,0.35875043
/home/tianlong/Downloads//test/wytpaehszj.mp4,1,0.71719384
/home/tianlong/Downloads//test/srtwhbzzlr.mp4,1,0.5981542
/home/tianlong/Downloads//test/jqjfpkuckf.mp4,1,0.3811806
/home/tianlong/Downloads//test/yxjjfaekev.mp4,1,0.5169491
/home/tianlong/Downloads//test/cyokqrzbol.mp4,1,0.8267178
/home/tianlong/Downloads//test/mtilpvablx.mp4,1,0.40743273
/home/tianlong/Downloads//test/njwsmltmvb.mp4,1,0.24833725
/home/tianlong/Downloads//test/xkksfulade.mp4,1,0.8751248
/home/tianlong/Downloads//test/dtfgsvfmjq.mp4,1,0.94389284
/home/tianlong/Downloads//test/onaewxqqkd.mp4,1,0.6904216
/home/tianlong/Downloads//test/pazpnfrbbc.mp4,1,0.8799519
/home/tianlong/Downloads//test/kgowzoxjfq.mp4,1,0.46472058
/home/tianlong/Downloads//test/ltdwtgrads.mp4,1,0.3999165
/home/tianlong/Downloads//test/znistrajpw.mp4,1,0.6318414
/home/tianlong/Downloads//test/yfhzmfhojv.mp4,1,0.6882859
/home/tianlong/Downloads//test/spkorcenyh.mp4,1,0.8143498
/home/tianlong/Downloads//test/axopbbxwzr.mp4,1,0.4444549
/home/tianlong/Downloads//test/hxrruqinnh.mp4,1,0.94220454
/home/tianlong/Downloads//test/tkaybnjwhg.mp4,1,0.967001
/home/tianlong/Downloads//test/lhwwhjhyqx.mp4,1,0.5403637
/home/tianlong/Downloads//test/btxjufhiaz.mp4,1,0.40093982
/home/tianlong/Downloads//test/dnhaskulaj.mp4,1,0.5300726
/home/tianlong/Downloads//test/vxqofldgze.mp4,1,0.16077407
/home/tianlong/Downloads//test/ddjzmyabyu.mp4,1,0.18481717
/home/tianlong/Downloads//test/mgahaaogif.mp4,1,0.53679574
/home/tianlong/Downloads//test/ktmdpragph.mp4,1,0.22103146
/home/tianlong/Downloads//test/xazdhdnwhh.mp4,1,0.72778744
/home/tianlong/Downloads//test/qnslgeajnt.mp4,1,0.62006575
/home/tianlong/Downloads//test/sivrgbsaog.mp4,1,0.57282096
/home/tianlong/Downloads//test/uzmuovkewv.mp4,1,0.80058485
/home/tianlong/Downloads//test/tvazrcdkpq.mp4,1,0.44279042
/home/tianlong/Downloads//test/jbatiwjmzh.mp4,1,0.5820802
/home/tianlong/Downloads//test/hmiylncrva.mp4,1,0.91615355
/home/tianlong/Downloads//test/uxkojffbsr.mp4,1,0.54866
/home/tianlong/Downloads//test/crbcrxqftw.mp4,1,0.43707523
/home/tianlong/Downloads//test/yermnsnlgf.mp4,1,0.9649294
/home/tianlong/Downloads//test/gipcvghjiy.mp4,1,0.71152294
/home/tianlong/Downloads//test/iwcfxyoimw.mp4,1,0.5238794
/home/tianlong/Downloads//test/kozaofkgvk.mp4,1,0.5504475
/home/tianlong/Downloads//test/xlgevjtsog.mp4,1,0.3512515
/home/tianlong/Downloads//test/bpjkimtqtz.mp4,1,0.45537695
/home/tianlong/Downloads//test/pdnwaekrtn.mp4,1,0.80911756
/home/tianlong/Downloads//test/toxsrzsksc.mp4,1,0.9381351
/home/tianlong/Downloads//test/oejfypsbfh.mp4,1,0.60105675
/home/tianlong/Downloads//test/hwyuwbnszo.mp4,1,0.6386938
/home/tianlong/Downloads//test/acgyspwyqr.mp4,1,0.5139458
/home/tianlong/Downloads//test/oitcqmvnsa.mp4,1,0.802914
/home/tianlong/Downloads//test/pdqqkuclvd.mp4,1,0.90817595
/home/tianlong/Downloads//test/slsyjvgfpu.mp4,1,0.5231706
/home/tianlong/Downloads//test/xmdfnldfyc.mp4,1,0.532331
/home/tianlong/Downloads//test/ynkzlkahux.mp4,1,0.3833728
/home/tianlong/Downloads//test/szjbkskyph.mp4,1,0.5656484
/home/tianlong/Downloads//test/yyiiywtiry.mp4,1,0.33381438
/home/tianlong/Downloads//test/crvotfojeq.mp4,1,0.52113307
/home/tianlong/Downloads//test/rsqblsfgli.mp4,1,0.103343666
/home/tianlong/Downloads//test/becqadbtkb.mp4,1,0.65452
/home/tianlong/Downloads//test/afqaubpglg.mp4,1,0.5356466
/home/tianlong/Downloads//test/pwplooonzr.mp4,1,0.6900861
/home/tianlong/Downloads//test/vjegxiyvla.mp4,1,0.43113476
/home/tianlong/Downloads//test/jbwtbfbdko.mp4,1,0.93516576
/home/tianlong/Downloads//test/toggbitvfd.mp4,1,0.6091157
/home/tianlong/Downloads//test/xpfhawmzbe.mp4,1,0.5457377
/home/tianlong/Downloads//test/kjwdinzplo.mp4,1,0.45301533
/home/tianlong/Downloads//test/jrkdzpijpb.mp4,1,0.87349606
/home/tianlong/Downloads//test/lbnuxynggy.mp4,1,0.5060273
/home/tianlong/Downloads//test/iorrylopzn.mp4,1,0.9729961
/home/tianlong/Downloads//test/yasxapunrf.mp4,1,0.51219
/home/tianlong/Downloads//test/suohrphvbe.mp4,1,0.50342333
/home/tianlong/Downloads//test/salsuwvckq.mp4,1,0.87752473
/home/tianlong/Downloads//test/eclnowceyi.mp4,1,0.2815114
/home/tianlong/Downloads//test/wvtymfvbwq.mp4,1,0.20064285
/home/tianlong/Downloads//test/rsjhmrvdwg.mp4,1,0.55679137
/home/tianlong/Downloads//test/qtvhpmoukj.mp4,1,0.8376181
/home/tianlong/Downloads//test/svqkfjfucw.mp4,1,0.53467494
/home/tianlong/Downloads//test/jdlqmnhuix.mp4,1,0.8825897
/home/tianlong/Downloads//test/ltmkgkppwx.mp4,1,0.3426326
/home/tianlong/Downloads//test/zaoyocjkgw.mp4,1,0.19217579
/home/tianlong/Downloads//test/vgrhobnbfo.mp4,1,0.22675556
/home/tianlong/Downloads//test/eeeuzozcdc.mp4,1,0.44298908
/home/tianlong/Downloads//test/ikgxqbhmlv.mp4,1,0.81585896
/home/tianlong/Downloads//test/zyeakowujw.mp4,1,0.96418464
/home/tianlong/Downloads//test/uerapqglmr.mp4,1,0.8832197
/home/tianlong/Downloads//test/fmuncwjpej.mp4,1,0.91731983
/home/tianlong/Downloads//test/xllzvdxwiv.mp4,1,0.71040976
/home/tianlong/Downloads//test/giuymhlbyo.mp4,1,0.540398
/home/tianlong/Downloads//test/bubbmjnmge.mp4,1,0.9134213
/home/tianlong/Downloads//test/qwqefbalkv.mp4,1,0.3606583
/home/tianlong/Downloads//test/aupsxowdcp.mp4,1,0.38062713
/home/tianlong/Downloads//test/apjovfzzft.mp4,1,0.45056817
/home/tianlong/Downloads//test/yjbnaqwxyf.mp4,1,0.792741
/home/tianlong/Downloads//test/dajlkmlvch.mp4,1,0.13525051
/home/tianlong/Downloads//test/egwzzhemvk.mp4,1,0.935026
/home/tianlong/Downloads//test/vlhrgeyvqy.mp4,1,0.8328788
/home/tianlong/Downloads//test/vpolvvzwsw.mp4,1,0.81798065
/home/tianlong/Downloads//test/ddkcxrncmq.mp4,1,0.9657647
/home/tianlong/Downloads//test/fncnobpzzx.mp4,1,0.5256284
/home/tianlong/Downloads//test/lhayhvqjmg.mp4,1,0.9176645
/home/tianlong/Downloads//test/yboofyemks.mp4,1,0.4547426
/home/tianlong/Downloads//test/wzkovvmdkq.mp4,1,0.7285102
/home/tianlong/Downloads//test/axxldpmbat.mp4,1,0.5356613
/home/tianlong/Downloads//test/piovymzozl.mp4,1,0.4700916
/home/tianlong/Downloads//test/ymjrnwsjxt.mp4,1,0.31021953
/home/tianlong/Downloads//test/jfxroglrst.mp4,1,0.3666668
/home/tianlong/Downloads//test/qzyaijdbfe.mp4,1,0.88828593
/home/tianlong/Downloads//test/gzwzxbtkpd.mp4,1,0.83946407
/home/tianlong/Downloads//test/bgssriyozb.mp4,1,0.42797965
/home/tianlong/Downloads//test/wqtraebanl.mp4,1,0.651526
/home/tianlong/Downloads//test/lovkthgavz.mp4,1,0.20924023
/home/tianlong/Downloads//test/vpgjaoyvir.mp4,1,0.8167989
/home/tianlong/Downloads//test/btlqqvfuck.mp4,1,0.8239399
/home/tianlong/Downloads//test/zzxidpsxmv.mp4,1,0.54123104
/home/tianlong/Downloads//test/qzuhjrhozy.mp4,1,0.15331295
/home/tianlong/Downloads//test/rtuaxyuvqs.mp4,1,0.84570843
/home/tianlong/Downloads//test/vybbullejj.mp4,1,0.95824105
/home/tianlong/Downloads//test/lblweiecpx.mp4,1,0.5393869
/home/tianlong/Downloads//test/qkchcuiljp.mp4,1,0.8685082
/home/tianlong/Downloads//test/roivdutkrz.mp4,1,0.88318956
/home/tianlong/Downloads//test/rziziscker.mp4,1,0.37907368
/home/tianlong/Downloads//test/zsdmgllhck.mp4,1,0.5621621
/home/tianlong/Downloads//test/kpkzqbpivj.mp4,1,0.7492955
/home/tianlong/Downloads//test/tgkjhdyxww.mp4,1,0.7650006
/home/tianlong/Downloads//test/zubaiztkag.mp4,1,0.658053
/home/tianlong/Downloads//test/figxvsdmsb.mp4,1,0.54737395
/home/tianlong/Downloads//test/enzlliylet.mp4,1,0.82827854
/home/tianlong/Downloads//test/acekgkqgdg.mp4,1,0.5375908
/home/tianlong/Downloads//test/ljrikjsgis.mp4,1,0.39622617
/home/tianlong/Downloads//test/vawotznxqn.mp4,1,0.62550926
/home/tianlong/Downloads//test/jsqtbnxnpb.mp4,1,0.6685847
/home/tianlong/Downloads//test/yibeqxcadd.mp4,1,0.81594086
/home/tianlong/Downloads//test/zvgekhyszq.mp4,1,0.6055955
/home/tianlong/Downloads//test/luisdnrumh.mp4,1,0.74862915
/home/tianlong/Downloads//test/xffjesgeey.mp4,1,0.30818287
/home/tianlong/Downloads//test/haesrhzukc.mp4,1,0.6871558
/home/tianlong/Downloads//test/uwccodyhgh.mp4,1,0.33922663
/home/tianlong/Downloads//test/msdtzpmmae.mp4,1,0.10219646
/home/tianlong/Downloads//test/zgiypcmpic.mp4,1,0.36103907
/home/tianlong/Downloads//test/olkcmrmvbh.mp4,1,0.684905
/home/tianlong/Downloads//test/kiffbbtjfe.mp4,1,0.5327037
/home/tianlong/Downloads//test/junzzlnlfw.mp4,1,0.7581032
/home/tianlong/Downloads//test/qkgicklwyn.mp4,1,0.59341836
/home/tianlong/Downloads//test/wluigkzjdl.mp4,1,0.36484239
/home/tianlong/Downloads//test/rsnrcisldc.mp4,1,0.93287873
/home/tianlong/Downloads//test/asiuftijhs.mp4,1,0.6983838
/home/tianlong/Downloads//test/yjloopcthi.mp4,1,0.4069267
/home/tianlong/Downloads//test/tzzwqaxtrk.mp4,1,0.9373619
/home/tianlong/Downloads//test/tmfvsxrxnk.mp4,1,0.85739267
/home/tianlong/Downloads//test/dlsdmdraln.mp4,1,0.29533097
/home/tianlong/Downloads//test/rkygzeyegz.mp4,1,0.91378844
/home/tianlong/Downloads//test/truremwrti.mp4,1,0.59774446
/home/tianlong/Downloads//test/depcrcqwai.mp4,1,0.9222087
/home/tianlong/Downloads//test/jovohczybs.mp4,1,0.5064939
/home/tianlong/Downloads//test/udcpjfvqro.mp4,1,0.4750843
/home/tianlong/Downloads//test/yxlkovjssa.mp4,1,0.85576653
/home/tianlong/Downloads//test/trltdpitif.mp4,1,0.95422846
/home/tianlong/Downloads//test/hwufwjdaai.mp4,1,0.8695866
/home/tianlong/Downloads//test/vgfxjwupga.mp4,1,0.652277
/home/tianlong/Downloads//test/jejjcsijvc.mp4,1,0.897127
/home/tianlong/Downloads//test/yjpfhrfyfn.mp4,1,0.55419475
/home/tianlong/Downloads//test/izyqqybmcq.mp4,1,0.14536949
/home/tianlong/Downloads//test/xjnflcfxhn.mp4,1,0.93091613
/home/tianlong/Downloads//test/zidsbdilrm.mp4,1,0.6324022
/home/tianlong/Downloads//test/lepqvhstws.mp4,1,0.23080271
/home/tianlong/Downloads//test/eabghyltka.mp4,1,0.9103142
/home/tianlong/Downloads//test/qxgwcsugvd.mp4,1,0.903002
/home/tianlong/Downloads//test/oitqddnspw.mp4,1,0.47516212
/home/tianlong/Downloads//test/jiddesrgoi.mp4,1,0.7325868
/home/tianlong/Downloads//test/whsqzlklam.mp4,1,0.62688255
/home/tianlong/Downloads//test/hwspklkjol.mp4,1,0.7387469
/home/tianlong/Downloads//test/mgxdtegobh.mp4,1,0.59858376
/home/tianlong/Downloads//test/dkvxzocpnx.mp4,1,0.8807665
/home/tianlong/Downloads//test/zxjiwvyzbs.mp4,1,0.48549733
/home/tianlong/Downloads//test/qysxqoredd.mp4,1,0.68731534
/home/tianlong/Downloads//test/angqjpzdts.mp4,1,0.6381958
/home/tianlong/Downloads//test/slbhiftdwk.mp4,1,0.47807032
/home/tianlong/Downloads//test/ctsjalmkpx.mp4,1,0.33178797
/home/tianlong/Downloads//test/jrwqouwlzc.mp4,1,0.7853197
/home/tianlong/Downloads//test/vcqcervdzi.mp4,1,0.42106494
/home/tianlong/Downloads//test/mxczokbutl.mp4,1,0.835017
/home/tianlong/Downloads//test/qawqquinvi.mp4,1,0.75012535
/home/tianlong/Downloads//test/cqiyijvrcj.mp4,1,0.86078817
/home/tianlong/Downloads//test/wypdykzzma.mp4,1,0.8148518
/home/tianlong/Downloads//test/zdurkznxhi.mp4,1,0.20197342
/home/tianlong/Downloads//test/llwjpzzrur.mp4,1,0.93691915
/home/tianlong/Downloads//test/stmqpsakem.mp4,1,0.42072016
/home/tianlong/Downloads//test/hqfxruqynj.mp4,1,0.48378268
/home/tianlong/Downloads//test/cotxffvovx.mp4,1,0.56820637
/home/tianlong/Downloads//test/yiwyejujhz.mp4,1,0.76592577
/home/tianlong/Downloads//test/azkhkminwu.mp4,1,0.92272526
/home/tianlong/Downloads//test/yoicqcpxgm.mp4,1,0.67411333
/home/tianlong/Downloads//test/kcpamicxjs.mp4,1,0.61242825
/home/tianlong/Downloads//test/mbnvlpwewk.mp4,1,0.8136386
/home/tianlong/Downloads//test/wjqdwzowcg.mp4,1,0.2640083
/home/tianlong/Downloads//test/vqtspwkgwe.mp4,1,0.85555
/home/tianlong/Downloads//test/rurhyzsnyi.mp4,1,0.91680276
/home/tianlong/Downloads//test/sipuxpudya.mp4,1,0.6514601
/home/tianlong/Downloads//test/scchmtbzar.mp4,1,0.95802927
/home/tianlong/Downloads//test/qyhlzalxzm.mp4,1,0.68246114
/home/tianlong/Downloads//test/ektrtuwidv.mp4,1,0.9527666
/home/tianlong/Downloads//test/scbfkrlytb.mp4,1,0.5327777
/home/tianlong/Downloads//test/kxnsmwhqtl.mp4,1,0.52799517
/home/tianlong/Downloads//test/fiayeurvwb.mp4,1,0.79249173
/home/tianlong/Downloads//test/xpuntxtdbs.mp4,1,0.5191674
/home/tianlong/Downloads//test/edvyxmzpoy.mp4,1,0.5315767
/home/tianlong/Downloads//test/thnywrwayf.mp4,1,0.29766583
/home/tianlong/Downloads//test/xojauzdavy.mp4,1,0.793073
/home/tianlong/Downloads//test/kaajaxzivt.mp4,1,0.24413535
/home/tianlong/Downloads//test/fmvdkhucsz.mp4,1,0.49308503
/home/tianlong/Downloads//test/mdkqmouddq.mp4,1,0.5246752
/home/tianlong/Downloads//test/ehtvcnlsfl.mp4,1,0.5260075
/home/tianlong/Downloads//test/iizsrcugyd.mp4,1,0.5711891
/home/tianlong/Downloads//test/hurlxdpsxl.mp4,1,0.5162052
/home/tianlong/Downloads//test/rvfhfbutlx.mp4,1,0.9118151
/home/tianlong/Downloads//test/ycxkcnwrbw.mp4,1,0.94551885
/home/tianlong/Downloads//test/jrmgqzgcmj.mp4,1,0.37102926
/home/tianlong/Downloads//test/cinrseylyp.mp4,1,0.8600907
/home/tianlong/Downloads//test/uhvmrfksax.mp4,1,0.84088075
/home/tianlong/Downloads//test/djjdzsivvi.mp4,1,0.88645214
/home/tianlong/Downloads//test/pmulgdcejl.mp4,1,0.8615114
/home/tianlong/Downloads//test/ngvbaolyub.mp4,1,0.6512782
/home/tianlong/Downloads//test/kpyyjmxmoj.mp4,1,0.5664865
/home/tianlong/Downloads//test/xhizcimlzp.mp4,1,0.7681359
/home/tianlong/Downloads//test/ulygywporv.mp4,1,0.35618785
/home/tianlong/Downloads//test/psunkvudmg.mp4,1,0.53517556
/home/tianlong/Downloads//test/ctarrlrgdy.mp4,1,0.46783274
/home/tianlong/Downloads//test/hdzygqltzu.mp4,1,0.9175569
/home/tianlong/Downloads//test/rvtfddfweu.mp4,1,0.6530428
/home/tianlong/Downloads//test/kaeouvuasm.mp4,1,0.46577108
/home/tianlong/Downloads//test/rzivzpozjr.mp4,1,0.21578275
/home/tianlong/Downloads//test/stfqbsbvfy.mp4,1,0.5802413
/home/tianlong/Downloads//test/qbhoufagsa.mp4,1,0.6269926
/home/tianlong/Downloads//test/xycfzkbnhy.mp4,1,0.63604146
/home/tianlong/Downloads//test/zudnvkagjk.mp4,1,0.93281424
/home/tianlong/Downloads//test/feaqnlczwc.mp4,1,0.36425647
/home/tianlong/Downloads//test/rqviqcsbzw.mp4,1,0.81321067
/home/tianlong/Downloads//test/dhfcwchsir.mp4,1,0.71775013
/home/tianlong/Downloads//test/cglpyitrzw.mp4,1,0.6113385
/home/tianlong/Downloads//test/yjypqyrhyi.mp4,1,0.9595983
/home/tianlong/Downloads//test/fokuimoqkh.mp4,1,0.8317839
/home/tianlong/Downloads//test/xzouvgiqha.mp4,1,0.80287373
/home/tianlong/Downloads//test/qyjbhkeqes.mp4,1,0.94080526
/home/tianlong/Downloads//test/phngwcpbqw.mp4,1,0.5032538
/home/tianlong/Downloads//test/rjcjcdkzkw.mp4,1,0.530208
/home/tianlong/Downloads//test/legilvljip.mp4,1,0.96199566
/home/tianlong/Downloads//test/bukegrztbb.mp4,1,0.88749266
/home/tianlong/Downloads//test/yvaxmtbtgx.mp4,1,0.85339105
/home/tianlong/Downloads//test/saljlsmnet.mp4,1,0.769265
/home/tianlong/Downloads//test/ezupajzwdl.mp4,1,0.95347685
/home/tianlong/Downloads//test/xeszevnech.mp4,1,0.57406545
/home/tianlong/Downloads//test/fbqwomdehr.mp4,1,0.5911225
/home/tianlong/Downloads//test/itdywxjknn.mp4,1,0.8000726
/home/tianlong/Downloads//test/zwupuzlefv.mp4,1,0.61097133
/home/tianlong/Downloads//test/qcrofjquht.mp4,1,0.48710594
/home/tianlong/Downloads//test/jblkcfejih.mp4,1,0.65276617
/home/tianlong/Downloads//test/howruupkxw.mp4,1,0.8982504
/home/tianlong/Downloads//test/xslxboadvn.mp4,1,0.54406387
/home/tianlong/Downloads//test/rzykslnkdi.mp4,1,0.94931996
/home/tianlong/Downloads//test/govjvzfbcj.mp4,1,0.5312991
/home/tianlong/Downloads//test/fwbvksfidm.mp4,1,0.79355514
/home/tianlong/Downloads//test/khokwspqph.mp4,1,0.7994861
/home/tianlong/Downloads//test/sslrtrxyaj.mp4,1,0.48336583
/home/tianlong/Downloads//test/zdmknyhzoo.mp4,1,0.45712692
/home/tianlong/Downloads//test/rzjpckpslj.mp4,1,0.57914627
/home/tianlong/Downloads//test/pscilvlcfe.mp4,1,0.46654335
/home/tianlong/Downloads//test/rlwkdhgoqw.mp4,1,0.6690611
/home/tianlong/Downloads//test/cmpkopoabr.mp4,1,0.2754906
/home/tianlong/Downloads//test/dbljnexmlf.mp4,1,0.76591045
/home/tianlong/Downloads//test/atfuphvjft.mp4,1,0.8072744
/home/tianlong/Downloads//test/zdldobedod.mp4,1,0.49226528
/home/tianlong/Downloads//test/iknfqmugud.mp4,1,0.57359415
/home/tianlong/Downloads//test/whusuiiqmt.mp4,1,0.5995775
/home/tianlong/Downloads//test/ksrnzzbcsz.mp4,1,0.8690564
/home/tianlong/Downloads//test/xxhuecshhw.mp4,1,0.4282361
/home/tianlong/Downloads//test/okmlcbefeu.mp4,1,0.5209659
/home/tianlong/Downloads//test/xryrhuskyd.mp4,1,0.7256456
/home/tianlong/Downloads//test/wevygelkrl.mp4,1,0.37436455
/home/tianlong/Downloads//test/rdpausigpg.mp4,1,0.6019649
/home/tianlong/Downloads//test/fdziwiuoer.mp4,1,0.5824952
/home/tianlong/Downloads//test/kykmrtoitd.mp4,1,0.77306366
/home/tianlong/Downloads//test/eacsjvcmlp.mp4,1,0.8598327
/home/tianlong/Downloads//test/asvuutypvz.mp4,1,0.42142203
/home/tianlong/Downloads//test/nucqorkejg.mp4,1,0.9698741
/home/tianlong/Downloads//test/ctpexqamtx.mp4,1,0.67649746
/home/tianlong/Downloads//test/vnsxdkjjtk.mp4,1,0.924744
/home/tianlong/Downloads//test/cktsyobheu.mp4,1,0.542791
/home/tianlong/Downloads//test/kccicuhxgk.mp4,1,0.97596425
/home/tianlong/Downloads//test/qckjihxoze.mp4,1,0.9513315
/home/tianlong/Downloads//test/gvqtnedfso.mp4,1,0.5394066
/home/tianlong/Downloads//test/ajxkvlpgov.mp4,1,0.7405846
/home/tianlong/Downloads//test/srlilcjhaf.mp4,1,0.60126466
/home/tianlong/Downloads//test/qfjxksudna.mp4,1,0.8853585
/home/tianlong/Downloads//test/hstvglyexy.mp4,1,0.75978404
/home/tianlong/Downloads//test/jyyvhnsyys.mp4,1,0.93077564
/home/tianlong/Downloads//test/whxqigkgyk.mp4,1,0.9339126
/home/tianlong/Downloads//test/mqzrlecakr.mp4,1,0.6080111
/home/tianlong/Downloads//test/aeplbqxnge.mp4,1,0.24228054
/home/tianlong/Downloads//test/inwaznexiv.mp4,1,0.7344463
/home/tianlong/Downloads//test/anfupdhmyr.mp4,1,0.2110955
/home/tianlong/Downloads//test/wbvlgevkmb.mp4,1,0.6696441
/home/tianlong/Downloads//test/uiykwgaarz.mp4,1,0.5542708
/home/tianlong/Downloads//test/nvarnevska.mp4,1,0.5278928
/home/tianlong/Downloads//test/ooczenomzk.mp4,1,0.5396344
/home/tianlong/Downloads//test/qtjuhlppot.mp4,1,0.36020723
/home/tianlong/Downloads//test/drqtyzvhdd.mp4,1,0.40184775
/home/tianlong/Downloads//test/ytljvippwv.mp4,1,0.8548941
/home/tianlong/Downloads//test/skrqoagxle.mp4,1,0.8685939
/home/tianlong/Downloads//test/shwkznunyp.mp4,1,0.9179111
/home/tianlong/Downloads//test/tlsoagxovk.mp4,1,0.5217154
/home/tianlong/Downloads//test/enpshnkugu.mp4,1,0.6898709
/home/tianlong/Downloads//test/vitjdpnfpi.mp4,1,0.51717454
/home/tianlong/Downloads//test/jovrnujurf.mp4,1,0.54932666
/home/tianlong/Downloads//test/sbwemwjlsl.mp4,1,0.49101895
/home/tianlong/Downloads//test/uclzxnftij.mp4,1,0.38064116
/home/tianlong/Downloads//test/sdqjjttckw.mp4,1,0.90505624
/home/tianlong/Downloads//test/wtmggpeiom.mp4,1,0.74219984
