Video,Label,Prediction
/home/tianlong/Downloads//test/myvwyfdnxu.mp4,0,0.19938609
/home/tianlong/Downloads//test/uxgkqpiykp.mp4,0,0.023025777
/home/tianlong/Downloads//test/qyscponfaf.mp4,0,0.004120591
/home/tianlong/Downloads//test/tmgmbnzrrz.mp4,0,0.06666379
/home/tianlong/Downloads//test/wfmeffvvce.mp4,0,0.018742673
/home/tianlong/Downloads//test/fwrcfaglhz.mp4,0,0.0654104
/home/tianlong/Downloads//test/itfzfpuilx.mp4,0,0.013991927
/home/tianlong/Downloads//test/wupoiiknff.mp4,0,0.022055265
/home/tianlong/Downloads//test/dscprfjses.mp4,0,0.0073091015
/home/tianlong/Downloads//test/ofntcunuqn.mp4,0,0.0030247464
/home/tianlong/Downloads//test/imnzannmcr.mp4,0,0.013764089
/home/tianlong/Downloads//test/jidkzoagws.mp4,0,0.0056409007
/home/tianlong/Downloads//test/nkpqkddsgt.mp4,0,0.07848724
/home/tianlong/Downloads//test/xqmrrciral.mp4,0,0.034655027
/home/tianlong/Downloads//test/ykfllpyawg.mp4,0,0.013031086
/home/tianlong/Downloads//test/bpieoyctzo.mp4,0,0.004745125
/home/tianlong/Downloads//test/wjrepvzlsv.mp4,0,0.019955415
/home/tianlong/Downloads//test/voucpidonq.mp4,0,0.12846217
/home/tianlong/Downloads//test/fxfxtrrkeq.mp4,0,0.053463034
/home/tianlong/Downloads//test/qggfpdkyzi.mp4,0,0.012628347
/home/tianlong/Downloads//test/xyucutnxhz.mp4,0,0.0133866
/home/tianlong/Downloads//test/rkxepdkger.mp4,0,0.005921615
/home/tianlong/Downloads//test/fxxpxoqoxp.mp4,0,0.0037688098
/home/tianlong/Downloads//test/jkxxwfycsj.mp4,0,0.004607193
/home/tianlong/Downloads//test/qbearsyziz.mp4,0,0.014392328
/home/tianlong/Downloads//test/kyrbveruev.mp4,0,0.011618676
/home/tianlong/Downloads//test/pdyrvsvwyi.mp4,0,0.0059445957
/home/tianlong/Downloads//test/bpxxmxuvuy.mp4,0,0.016594682
/home/tianlong/Downloads//test/ekxsduhvwh.mp4,0,0.005326597
/home/tianlong/Downloads//test/ocsqqqduxx.mp4,0,0.0023747603
/home/tianlong/Downloads//test/qufzdwetss.mp4,0,0.010917991
/home/tianlong/Downloads//test/vwqrtxbwye.mp4,0,0.18685731
/home/tianlong/Downloads//test/zuduvanawx.mp4,0,0.004580771
/home/tianlong/Downloads//test/rkjhxvdnsv.mp4,0,0.43024617
/home/tianlong/Downloads//test/hpcivouyku.mp4,0,0.04350287
/home/tianlong/Downloads//test/vgndywbmgf.mp4,0,0.112029515
/home/tianlong/Downloads//test/hfgczdzbix.mp4,0,0.0030041724
/home/tianlong/Downloads//test/rwehwmmutn.mp4,0,0.018247422
/home/tianlong/Downloads//test/jyfnzyvznx.mp4,0,0.0048685465
/home/tianlong/Downloads//test/jxpodcendq.mp4,0,0.005822251
/home/tianlong/Downloads//test/kgynainlug.mp4,0,0.0047989865
/home/tianlong/Downloads//test/hqgervpkkf.mp4,0,0.0023403508
/home/tianlong/Downloads//test/defeqlyysh.mp4,0,0.006521575
/home/tianlong/Downloads//test/xzkwbswkao.mp4,0,0.0048944526
/home/tianlong/Downloads//test/hhdblnxhtj.mp4,0,0.0302317
/home/tianlong/Downloads//test/oaptmwroki.mp4,0,0.013513366
/home/tianlong/Downloads//test/djlkkqmjkk.mp4,0,0.020864997
/home/tianlong/Downloads//test/motfposykz.mp4,0,0.015705222
/home/tianlong/Downloads//test/shvfupmrho.mp4,0,0.08884042
/home/tianlong/Downloads//test/escwmsthiz.mp4,0,0.0037006526
/home/tianlong/Downloads//test/ctpypmzfnl.mp4,0,0.05306847
/home/tianlong/Downloads//test/sjqrdyzkgl.mp4,0,0.08952337
/home/tianlong/Downloads//test/ddrjnwlugg.mp4,0,0.0424342
/home/tianlong/Downloads//test/hxfqltenqh.mp4,0,0.020049449
/home/tianlong/Downloads//test/umerhoubxw.mp4,0,0.014911043
/home/tianlong/Downloads//test/jxrpqynwlt.mp4,0,0.10033903
/home/tianlong/Downloads//test/hprzotbjtj.mp4,0,0.0032165442
/home/tianlong/Downloads//test/cqewayywpg.mp4,0,0.36955422
/home/tianlong/Downloads//test/nvptcoxzah.mp4,0,0.0045609884
/home/tianlong/Downloads//test/uvzlfuxalu.mp4,0,0.037068505
/home/tianlong/Downloads//test/mfcbgbcuvb.mp4,0,0.004615424
/home/tianlong/Downloads//test/tmtoypmqwt.mp4,0,0.008601318
/home/tianlong/Downloads//test/bsjucwhlrj.mp4,0,0.012232406
/home/tianlong/Downloads//test/hlsubhyoea.mp4,0,0.0037808928
/home/tianlong/Downloads//test/deslnszgpy.mp4,0,0.015034799
/home/tianlong/Downloads//test/tfwdbkwvgz.mp4,0,0.010885526
/home/tianlong/Downloads//test/ufxafdxpat.mp4,0,0.021917358
/home/tianlong/Downloads//test/lmacrzidyh.mp4,0,0.0032034784
/home/tianlong/Downloads//test/wyiajvmitt.mp4,0,0.007434224
/home/tianlong/Downloads//test/xbdnqfbxcv.mp4,0,0.023213657
/home/tianlong/Downloads//test/mhfnldxixw.mp4,0,0.013726421
/home/tianlong/Downloads//test/pfiigjlcct.mp4,0,0.0083251465
/home/tianlong/Downloads//test/ldtibsniik.mp4,0,0.0066419067
/home/tianlong/Downloads//test/gwzttezkpv.mp4,0,0.0037449517
/home/tianlong/Downloads//test/pevmkpamhv.mp4,0,0.0045653516
/home/tianlong/Downloads//test/zcfpsnaujx.mp4,0,0.103537954
/home/tianlong/Downloads//test/slvcfpalev.mp4,0,0.024326047
/home/tianlong/Downloads//test/ctdwtfcjei.mp4,0,0.009292227
/home/tianlong/Downloads//test/vxwsisekmb.mp4,0,0.0024971927
/home/tianlong/Downloads//test/pkoadvlpga.mp4,0,0.06505583
/home/tianlong/Downloads//test/ofapaanpkl.mp4,0,0.036702685
/home/tianlong/Downloads//test/huzryvwrfa.mp4,0,0.017431276
/home/tianlong/Downloads//test/knjoasqzvt.mp4,0,0.0066227033
/home/tianlong/Downloads//test/cedpyannqf.mp4,0,0.009116157
/home/tianlong/Downloads//test/mdwtpvlbrz.mp4,0,0.015443141
/home/tianlong/Downloads//test/hfcxlucrbj.mp4,0,0.011008428
/home/tianlong/Downloads//test/wbsajsyaej.mp4,0,0.0051181233
/home/tianlong/Downloads//test/tbqrwehekx.mp4,0,0.061165947
/home/tianlong/Downloads//test/shslgpeisw.mp4,0,0.47053713
/home/tianlong/Downloads//test/epgfqrvwlr.mp4,0,0.050119955
/home/tianlong/Downloads//test/fduhwlydlg.mp4,0,0.06752852
/home/tianlong/Downloads//test/cpmridjxbc.mp4,0,0.0033093288
/home/tianlong/Downloads//test/kphflojove.mp4,0,0.08689978
/home/tianlong/Downloads//test/hlcpwfwcyw.mp4,0,0.13522762
/home/tianlong/Downloads//test/bpeemkcxad.mp4,0,0.11723262
/home/tianlong/Downloads//test/jkadnvoqhk.mp4,0,0.0037161317
/home/tianlong/Downloads//test/lzzpsosige.mp4,0,0.27596337
/home/tianlong/Downloads//test/pxtwhbaxjq.mp4,0,0.057999354
/home/tianlong/Downloads//test/pxgcsltbuo.mp4,0,0.003868016
/home/tianlong/Downloads//test/gmepmwcgwg.mp4,0,0.0046669245
/home/tianlong/Downloads//test/tnetytnegv.mp4,0,0.01042037
/home/tianlong/Downloads//test/sxmqvznwwq.mp4,0,0.0098840585
/home/tianlong/Downloads//test/partcfzlbj.mp4,0,0.0038069568
/home/tianlong/Downloads//test/tnkmovifrb.mp4,0,0.0070937374
/home/tianlong/Downloads//test/dpgznlwvpx.mp4,0,0.017682392
/home/tianlong/Downloads//test/mbpbbekqks.mp4,0,0.15960829
/home/tianlong/Downloads//test/hdbejalgtx.mp4,0,0.009177663
/home/tianlong/Downloads//test/bmdiaytrcm.mp4,0,0.0066717677
/home/tianlong/Downloads//test/yghxoihrle.mp4,0,0.0059767375
/home/tianlong/Downloads//test/vcgelshrli.mp4,0,0.006209472
/home/tianlong/Downloads//test/yvdnbmbwyh.mp4,0,0.03958092
/home/tianlong/Downloads//test/kmakhupeac.mp4,0,0.48280364
/home/tianlong/Downloads//test/ccevbixrwu.mp4,0,0.0061526615
/home/tianlong/Downloads//test/edavfjsjzw.mp4,0,0.006118038
/home/tianlong/Downloads//test/znmzmierff.mp4,0,0.0076166405
/home/tianlong/Downloads//test/kiotoqmmfj.mp4,0,0.30412227
/home/tianlong/Downloads//test/nqctdktbtb.mp4,0,0.03063034
/home/tianlong/Downloads//test/inneixkosf.mp4,0,0.15748772
/home/tianlong/Downloads//test/occrrsyizc.mp4,0,0.006251935
/home/tianlong/Downloads//test/zfecmsiodq.mp4,0,0.0049324585
/home/tianlong/Downloads//test/haknpmhigp.mp4,0,0.0031160365
/home/tianlong/Downloads//test/zjbwxmmrgk.mp4,0,0.005212281
/home/tianlong/Downloads//test/qgpabkriss.mp4,0,0.022395492
/home/tianlong/Downloads//test/liureznisp.mp4,0,0.021534394
/home/tianlong/Downloads//test/bzdywpajvr.mp4,0,0.008439198
/home/tianlong/Downloads//test/jniytngcmy.mp4,0,0.015282932
/home/tianlong/Downloads//test/idklchvhxp.mp4,0,0.074111834
/home/tianlong/Downloads//test/pijzjjchqn.mp4,0,0.005086593
/home/tianlong/Downloads//test/pjnsejazpl.mp4,0,0.0056805913
/home/tianlong/Downloads//test/gpaqoqegbn.mp4,0,0.0039663063
/home/tianlong/Downloads//test/xsxwrwvfkg.mp4,0,0.017785111
/home/tianlong/Downloads//test/arwefyghir.mp4,0,0.24767902
/home/tianlong/Downloads//test/ptgvxdueef.mp4,0,0.041115172
/home/tianlong/Downloads//test/plljpjscih.mp4,0,0.008816747
/home/tianlong/Downloads//test/jozfaxodnx.mp4,0,0.016678711
/home/tianlong/Downloads//test/girdwtjwsr.mp4,0,0.11134964
/home/tianlong/Downloads//test/jbaahohsns.mp4,0,0.004115152
/home/tianlong/Downloads//test/uetfcmaryk.mp4,0,0.0067501767
/home/tianlong/Downloads//test/oqbltrmhvt.mp4,0,0.056665175
/home/tianlong/Downloads//test/dvtzvkcrku.mp4,0,0.34054285
/home/tianlong/Downloads//test/qjilklnynm.mp4,0,0.0068280594
/home/tianlong/Downloads//test/tcsdjwbihw.mp4,0,0.06765871
/home/tianlong/Downloads//test/zhftwvtutp.mp4,0,0.006177488
/home/tianlong/Downloads//test/xgktqwvknw.mp4,0,0.018206619
/home/tianlong/Downloads//test/cdeesuuuqz.mp4,0,0.025376206
/home/tianlong/Downloads//test/ymngcysczs.mp4,0,0.0026646466
/home/tianlong/Downloads//test/gctyynjruz.mp4,0,0.040986024
/home/tianlong/Downloads//test/vkirqaiuoc.mp4,0,0.02532373
/home/tianlong/Downloads//test/ykywskdwlc.mp4,0,0.022748455
/home/tianlong/Downloads//test/verpxkucoi.mp4,0,0.058543436
/home/tianlong/Downloads//test/gpsqelalbp.mp4,0,0.01214054
/home/tianlong/Downloads//test/paorozwtbf.mp4,0,0.0020054956
/home/tianlong/Downloads//test/iaaecuquha.mp4,0,0.01027414
/home/tianlong/Downloads//test/lmgdjtzwau.mp4,0,0.057338428
/home/tianlong/Downloads//test/tayykmblhg.mp4,0,0.027940575
/home/tianlong/Downloads//test/hpurahupjh.mp4,0,0.06685281
/home/tianlong/Downloads//test/uutxmgqajd.mp4,0,0.30211326
/home/tianlong/Downloads//test/rbkcpkwhjn.mp4,0,0.056671113
/home/tianlong/Downloads//test/wtnloygygs.mp4,0,0.05824433
/home/tianlong/Downloads//test/biborxaekt.mp4,0,0.00527204
/home/tianlong/Downloads//test/drlnvwvvuw.mp4,0,0.25350147
/home/tianlong/Downloads//test/axutpjywuu.mp4,0,0.0020189146
/home/tianlong/Downloads//test/jbcnsmlysc.mp4,0,0.0021104782
/home/tianlong/Downloads//test/ilzhgraxpl.mp4,0,0.014339569
/home/tianlong/Downloads//test/cwqhzuhjol.mp4,0,0.0078032203
/home/tianlong/Downloads//test/tlzordotqw.mp4,0,0.08454535
/home/tianlong/Downloads//test/hdauuytvhx.mp4,0,0.01142558
/home/tianlong/Downloads//test/rtiyduycrn.mp4,0,0.014634429
/home/tianlong/Downloads//test/mdsmgzaltc.mp4,0,0.17151591
/home/tianlong/Downloads//test/mnlxxoicoo.mp4,0,0.0037876207
/home/tianlong/Downloads//test/ksfuiztwuc.mp4,0,0.014797114
/home/tianlong/Downloads//test/tpjydgkvdt.mp4,0,0.006382581
/home/tianlong/Downloads//test/nmjesbwiux.mp4,0,0.013091016
/home/tianlong/Downloads//test/egzfaoiuwo.mp4,0,0.004396216
/home/tianlong/Downloads//test/ucmfbukrkj.mp4,0,0.0057151504
/home/tianlong/Downloads//test/aoqzxlwvmi.mp4,0,0.16640663
/home/tianlong/Downloads//test/zzjfzeuizr.mp4,0,0.0268426
/home/tianlong/Downloads//test/aunokqsmrt.mp4,0,0.012217918
/home/tianlong/Downloads//test/kudvvlgiff.mp4,0,0.009055012
/home/tianlong/Downloads//test/qqwsabrgxh.mp4,0,0.005050498
/home/tianlong/Downloads//test/pvsslamopo.mp4,0,0.039294194
/home/tianlong/Downloads//test/kawxnfacqs.mp4,0,0.038677912
/home/tianlong/Downloads//test/lxeqbyddvt.mp4,0,0.0020411257
/home/tianlong/Downloads//test/zylribcaeu.mp4,0,0.0027258454
/home/tianlong/Downloads//test/sghdekqnnn.mp4,0,0.0031335526
/home/tianlong/Downloads//test/msbqgoxxlh.mp4,0,0.029689569
/home/tianlong/Downloads//test/ubbzrfgzer.mp4,0,0.0024613538
/home/tianlong/Downloads//test/vuofhivyfs.mp4,0,0.13558504
/home/tianlong/Downloads//test/xirrbpmlja.mp4,0,0.45617542
/home/tianlong/Downloads//test/appvffejyy.mp4,0,0.05891776
/home/tianlong/Downloads//test/nzepxsbotb.mp4,0,0.010570679
/home/tianlong/Downloads//test/nkqkvwpghi.mp4,0,0.01457539
/home/tianlong/Downloads//test/vdvffooule.mp4,0,0.021043787
/home/tianlong/Downloads//test/rayhrvqorn.mp4,0,0.004148806
/home/tianlong/Downloads//test/cslfapvyjv.mp4,0,0.014982492
/home/tianlong/Downloads//test/rmygsfjyvt.mp4,0,0.027952936
/home/tianlong/Downloads//test/yhbhhibwzo.mp4,0,0.25181746
/home/tianlong/Downloads//test/vlxfyuzygn.mp4,0,0.015404756
/home/tianlong/Downloads//test/zefqhoewww.mp4,0,0.002797345
/home/tianlong/Downloads//test/vptrrrmhyb.mp4,0,0.0071011954
/home/tianlong/Downloads//test/cefolmrrlx.mp4,0,0.0028277673
/home/tianlong/Downloads//test/xzmplldajk.mp4,0,0.0031806082
/home/tianlong/Downloads//test/hrznynemfj.mp4,0,0.015265052
/home/tianlong/Downloads//test/tkxblcleyd.mp4,0,0.0112996595
/home/tianlong/Downloads//test/tlxgwzheli.mp4,0,0.0055067115
/home/tianlong/Downloads//test/qvgutokvct.mp4,0,0.1630559
/home/tianlong/Downloads//test/tcwyxrvdpe.mp4,0,0.013144329
/home/tianlong/Downloads//test/jwrypvpvpx.mp4,0,0.02930448
/home/tianlong/Downloads//test/bpyjsrjcro.mp4,0,0.032006167
/home/tianlong/Downloads//test/avteqdmbob.mp4,0,0.085395075
/home/tianlong/Downloads//test/aaivbtdyjn.mp4,0,0.037170567
/home/tianlong/Downloads//test/pokctfragw.mp4,0,0.0034555313
/home/tianlong/Downloads//test/vgdllmzjcw.mp4,0,0.004701182
/home/tianlong/Downloads//test/zdlhavfmit.mp4,0,0.006263242
/home/tianlong/Downloads//test/yupsrmckii.mp4,0,0.23730028
/home/tianlong/Downloads//test/pobpsxjbzg.mp4,0,0.00254429
/home/tianlong/Downloads//test/lkvouattut.mp4,0,0.04086108
/home/tianlong/Downloads//test/anjzzdyhno.mp4,0,0.0026420492
/home/tianlong/Downloads//test/jvihmimqca.mp4,0,0.05886348
/home/tianlong/Downloads//test/wnoitecfmf.mp4,0,0.034741614
/home/tianlong/Downloads//test/gbvllwqbjl.mp4,0,0.02700519
/home/tianlong/Downloads//test/gzabjmglim.mp4,0,0.011843696
/home/tianlong/Downloads//test/paqcbtdulm.mp4,0,0.01322986
/home/tianlong/Downloads//test/jcbbrqaaaq.mp4,0,0.053061914
/home/tianlong/Downloads//test/nsavbywhlu.mp4,0,0.0041156756
/home/tianlong/Downloads//test/zwfebeiqat.mp4,0,0.006403882
/home/tianlong/Downloads//test/pimrsfwcwm.mp4,0,0.004412368
/home/tianlong/Downloads//test/mrvdmwcblt.mp4,0,0.08701236
/home/tianlong/Downloads//test/hedetzyqpu.mp4,0,0.009626629
/home/tianlong/Downloads//test/qytaiboeep.mp4,0,0.0022953604
/home/tianlong/Downloads//test/famavifufv.mp4,0,0.0059804376
/home/tianlong/Downloads//test/hnselekxwv.mp4,0,0.08756218
/home/tianlong/Downloads//test/emgciwmtuj.mp4,0,0.0142127825
/home/tianlong/Downloads//test/wbmvbetcdm.mp4,0,0.007382965
/home/tianlong/Downloads//test/mpvnvvihzp.mp4,0,0.02672046
/home/tianlong/Downloads//test/zelgpxflfe.mp4,0,0.12974462
/home/tianlong/Downloads//test/lhjcdavmmg.mp4,0,0.045910813
/home/tianlong/Downloads//test/rxtqqoncwj.mp4,0,0.025796955
/home/tianlong/Downloads//test/shrpamtirw.mp4,0,0.0072245435
/home/tianlong/Downloads//test/qhzlgrtgto.mp4,0,0.016039822
/home/tianlong/Downloads//test/uuzyzglejw.mp4,0,0.0076099248
/home/tianlong/Downloads//test/bmnpqrwnex.mp4,0,0.007018458
/home/tianlong/Downloads//test/dtssdnhgiw.mp4,0,0.0316029
/home/tianlong/Downloads//test/rlhmppiklf.mp4,0,0.044931374
/home/tianlong/Downloads//test/sswhgeqjrt.mp4,0,0.16712585
/home/tianlong/Downloads//test/emxqsgqtdz.mp4,0,0.123434804
/home/tianlong/Downloads//test/bcwtjzsutw.mp4,0,0.0037881478
/home/tianlong/Downloads//test/uomfimsutw.mp4,0,0.20060119
/home/tianlong/Downloads//test/mztlucosuc.mp4,0,0.12310495
/home/tianlong/Downloads//test/ntcfyojagi.mp4,0,0.019636456
/home/tianlong/Downloads//test/wrbuiboyat.mp4,0,0.027147576
/home/tianlong/Downloads//test/xiqecarvpb.mp4,0,0.004586455
/home/tianlong/Downloads//test/fcvzlzfufb.mp4,0,0.0066414597
/home/tianlong/Downloads//test/savqrjnncg.mp4,0,0.005815103
/home/tianlong/Downloads//test/icqmqztbry.mp4,0,0.006109354
/home/tianlong/Downloads//test/zzrmokkxka.mp4,0,0.04956612
/home/tianlong/Downloads//test/btgxrrldio.mp4,0,0.009464595
/home/tianlong/Downloads//test/zdnepyqjiy.mp4,0,0.004735992
/home/tianlong/Downloads//test/fybiztpnrc.mp4,0,0.08128017
/home/tianlong/Downloads//test/parqhrknkf.mp4,0,0.3058444
/home/tianlong/Downloads//test/tvffpggbrc.mp4,0,0.0032683057
/home/tianlong/Downloads//test/rtpuwtrxsr.mp4,0,0.026146138
/home/tianlong/Downloads//test/tgmqfzsznf.mp4,0,0.007596819
/home/tianlong/Downloads//test/eqabuehals.mp4,0,0.020492706
/home/tianlong/Downloads//test/ikebomnsiq.mp4,0,0.11378584
/home/tianlong/Downloads//test/wfzxrfxohw.mp4,0,0.0058337166
/home/tianlong/Downloads//test/dqfgwejsvm.mp4,0,0.0045566773
/home/tianlong/Downloads//test/lxadgjqzbf.mp4,0,0.0036178783
/home/tianlong/Downloads//test/tdahgbtenl.mp4,0,0.29083133
/home/tianlong/Downloads//test/bivzhsmrqo.mp4,0,0.010816951
/home/tianlong/Downloads//test/vzxluflrhn.mp4,0,0.030540561
/home/tianlong/Downloads//test/ikmsdmynbf.mp4,0,0.0054839426
/home/tianlong/Downloads//test/kuqbgbrypa.mp4,0,0.028612545
/home/tianlong/Downloads//test/nfstajzaot.mp4,0,0.00921988
/home/tianlong/Downloads//test/dultiznosk.mp4,0,0.0043861093
/home/tianlong/Downloads//test/ckqfqernbf.mp4,0,0.03985244
/home/tianlong/Downloads//test/kbdwudhhwf.mp4,0,0.007927768
/home/tianlong/Downloads//test/hqpjmwyygq.mp4,0,0.013311207
/home/tianlong/Downloads//test/tjyuudtkme.mp4,0,0.004251206
/home/tianlong/Downloads//test/tihgxlmfcj.mp4,0,0.0041862763
/home/tianlong/Downloads//test/sgdnbofecu.mp4,0,0.010224528
/home/tianlong/Downloads//test/pgamqeolau.mp4,0,0.0036312216
/home/tianlong/Downloads//test/ijeqomctsa.mp4,0,0.009712097
/home/tianlong/Downloads//test/ppruxbqpmc.mp4,0,0.008055418
/home/tianlong/Downloads//test/hkvfyeacje.mp4,0,0.022638932
/home/tianlong/Downloads//test/zqrzqekofe.mp4,0,0.00599673
/home/tianlong/Downloads//test/iwzbgmtsuh.mp4,0,0.012677027
/home/tianlong/Downloads//test/dbixwxtuxs.mp4,0,0.0041184817
/home/tianlong/Downloads//test/cepqcoseaj.mp4,0,0.0060318764
/home/tianlong/Downloads//test/gypapuqdrx.mp4,0,0.3543874
/home/tianlong/Downloads//test/djhhnixfyi.mp4,0,0.0025091097
/home/tianlong/Downloads//test/fkarxowzuf.mp4,0,0.004461481
/home/tianlong/Downloads//test/gfxnuidfgl.mp4,0,0.0072923675
/home/tianlong/Downloads//test/vsreebjsfs.mp4,0,0.008806538
/home/tianlong/Downloads//test/manqchicur.mp4,0,0.011717056
/home/tianlong/Downloads//test/gztffgsxpt.mp4,0,0.0027486223
/home/tianlong/Downloads//test/jdzkykqgsx.mp4,0,0.033893697
/home/tianlong/Downloads//test/cvbubcwkkl.mp4,0,0.014812553
/home/tianlong/Downloads//test/bgqhldvsgc.mp4,0,0.004392943
/home/tianlong/Downloads//test/blqgpxokwq.mp4,0,0.006707034
/home/tianlong/Downloads//test/cxvayntesu.mp4,0,0.0023692506
/home/tianlong/Downloads//test/dxepehnhgm.mp4,0,0.008344802
/home/tianlong/Downloads//test/bcgjlsupne.mp4,0,0.0031149362
/home/tianlong/Downloads//test/uhynwthfhf.mp4,0,0.015308863
/home/tianlong/Downloads//test/gocrdvihos.mp4,0,0.0069171465
/home/tianlong/Downloads//test/gtyvtbojpp.mp4,0,0.0028263018
/home/tianlong/Downloads//test/eqtwkqxolz.mp4,0,0.008372468
/home/tianlong/Downloads//test/arwiyweadv.mp4,0,0.013788666
/home/tianlong/Downloads//test/mlizcisxro.mp4,0,0.00605991
/home/tianlong/Downloads//test/miiymgajty.mp4,0,0.020520229
/home/tianlong/Downloads//test/ragjclplkx.mp4,0,0.005963159
/home/tianlong/Downloads//test/wxrfuemtxj.mp4,0,0.006907115
/home/tianlong/Downloads//test/xxupwwukoh.mp4,0,0.0025818131
/home/tianlong/Downloads//test/qdantvtdji.mp4,0,0.009477948
/home/tianlong/Downloads//test/oqehnuhbwa.mp4,0,0.15348327
/home/tianlong/Downloads//test/yzqbwkwxsn.mp4,0,0.011362379
/home/tianlong/Downloads//test/osjaqtkkdt.mp4,0,0.008724188
/home/tianlong/Downloads//test/nthlmvjxac.mp4,0,0.010231828
/home/tianlong/Downloads//test/dpegbdzijf.mp4,0,0.007994944
/home/tianlong/Downloads//test/ezgusylcyf.mp4,0,0.080396585
/home/tianlong/Downloads//test/isxxybhuls.mp4,0,0.120115474
/home/tianlong/Downloads//test/dbqbwrcvjk.mp4,0,0.06517623
/home/tianlong/Downloads//test/qqrvyhjznq.mp4,0,0.005300269
/home/tianlong/Downloads//test/ohdtmpzbtp.mp4,0,0.007260397
/home/tianlong/Downloads//test/oupztxzdln.mp4,0,0.07107811
/home/tianlong/Downloads//test/snidpujjti.mp4,0,0.091186754
/home/tianlong/Downloads//test/yoxdseoukl.mp4,0,0.16797502
/home/tianlong/Downloads//test/bxsdnqizii.mp4,0,0.06053906
/home/tianlong/Downloads//test/ihszkmcwvw.mp4,0,0.0024240043
/home/tianlong/Downloads//test/rgrqhjtoby.mp4,0,0.008469658
/home/tianlong/Downloads//test/vqibhetnwa.mp4,0,0.036628388
/home/tianlong/Downloads//test/rkqqgwurqt.mp4,0,0.013109842
/home/tianlong/Downloads//test/axdepsfowg.mp4,0,0.0032079238
/home/tianlong/Downloads//test/dcpmipuapc.mp4,0,0.022087703
/home/tianlong/Downloads//test/ncjqganhal.mp4,0,0.0043175616
/home/tianlong/Downloads//test/qnbnlmpqpu.mp4,0,0.15250473
/home/tianlong/Downloads//test/ieoervpooz.mp4,0,0.12157774
/home/tianlong/Downloads//test/fscyfygpyk.mp4,0,0.0028660854
/home/tianlong/Downloads//test/pitpjawwwp.mp4,0,0.011221686
/home/tianlong/Downloads//test/geturetbpy.mp4,0,0.17714733
/home/tianlong/Downloads//test/kwsraaqime.mp4,0,0.029651443
/home/tianlong/Downloads//test/lhgoghqmub.mp4,0,0.005768047
/home/tianlong/Downloads//test/kdmonvkpqd.mp4,0,0.26641947
/home/tianlong/Downloads//test/wrcelewmpa.mp4,0,0.10853596
/home/tianlong/Downloads//test/bxqgvzamnx.mp4,0,0.0052756965
/home/tianlong/Downloads//test/nliofvksed.mp4,0,0.48490173
/home/tianlong/Downloads//test/mwjnvghsbe.mp4,0,0.007270095
/home/tianlong/Downloads//test/ygiscbckjl.mp4,0,0.0021851838
/home/tianlong/Downloads//test/wscclwhfsr.mp4,0,0.079714246
/home/tianlong/Downloads//test/hddminxrhw.mp4,0,0.11225237
/home/tianlong/Downloads//test/ncrkggcdqp.mp4,0,0.13067529
/home/tianlong/Downloads//test/xjinzawywt.mp4,0,0.030245263
/home/tianlong/Downloads//test/korrsqtkke.mp4,0,0.011143228
/home/tianlong/Downloads//test/tskjnnvjsa.mp4,0,0.041943215
/home/tianlong/Downloads//test/tyjxmknivy.mp4,0,0.0065951096
/home/tianlong/Downloads//test/qyvqrtscbk.mp4,0,0.02174228
/home/tianlong/Downloads//test/kxnybtbpkl.mp4,0,0.0064411885
/home/tianlong/Downloads//test/wiqtkqwfsw.mp4,0,0.027811775
/home/tianlong/Downloads//test/bevjclbhuo.mp4,0,0.029806118
/home/tianlong/Downloads//test/shwulrbsfx.mp4,0,0.041749068
/home/tianlong/Downloads//test/mohtuktaaq.mp4,0,0.011733225
/home/tianlong/Downloads//test/fwsypadiom.mp4,0,0.0069625764
/home/tianlong/Downloads//test/buywrbgfqy.mp4,0,0.017652247
/home/tianlong/Downloads//test/bljpdykszf.mp4,0,0.058687
/home/tianlong/Downloads//test/ztxdkcoxvx.mp4,0,0.023468807
/home/tianlong/Downloads//test/oqeoibjbim.mp4,0,0.006027608
/home/tianlong/Downloads//test/szwhgmrrhm.mp4,0,0.014102401
/home/tianlong/Downloads//test/xnydmgdhum.mp4,0,0.007383077
/home/tianlong/Downloads//test/fltaysfwct.mp4,0,0.009835923
/home/tianlong/Downloads//test/akdvkdoyoh.mp4,0,0.068892375
/home/tianlong/Downloads//test/ftfemkjnot.mp4,0,0.03141457
/home/tianlong/Downloads//test/gmbckelbzp.mp4,0,0.012588782
/home/tianlong/Downloads//test/jjzveabagf.mp4,0,0.10009984
/home/tianlong/Downloads//test/dfqwasrdvq.mp4,0,0.11227079
/home/tianlong/Downloads//test/diskzkrrph.mp4,0,0.012267554
/home/tianlong/Downloads//test/jtwpwdqmxz.mp4,0,0.006363266
/home/tianlong/Downloads//test/qivnumuetu.mp4,0,0.004203308
/home/tianlong/Downloads//test/blmuzhjygg.mp4,0,0.029228702
/home/tianlong/Downloads//test/sbxlfehzjc.mp4,0,0.052736543
/home/tianlong/Downloads//test/tcwhwssdnv.mp4,0,0.14330515
/home/tianlong/Downloads//test/bkbokyebco.mp4,0,0.036264382
/home/tianlong/Downloads//test/vojsghpebv.mp4,0,0.039870095
/home/tianlong/Downloads//test/opuhoerhxb.mp4,0,0.019440185
/home/tianlong/Downloads//test/mmhdcoqsve.mp4,0,0.0040878267
/home/tianlong/Downloads//test/ewxddjqzml.mp4,0,0.032121442
/home/tianlong/Downloads//test/dznchaiaqh.mp4,0,0.10836134
/home/tianlong/Downloads//test/mloeefokyq.mp4,0,0.036879703
/home/tianlong/Downloads//test/fgkpembbpv.mp4,0,0.0068749506
/home/tianlong/Downloads//test/orqafstesq.mp4,0,0.00379467
/home/tianlong/Downloads//test/ckgabgjnca.mp4,0,0.007558747
/home/tianlong/Downloads//test/iuvhrgckrt.mp4,0,0.26030052
/home/tianlong/Downloads//test/vlzwcejywm.mp4,0,0.062159777
/home/tianlong/Downloads//test/cpucjmfawf.mp4,0,0.032264277
/home/tianlong/Downloads//test/ekvhyeycpr.mp4,0,0.069687106
/home/tianlong/Downloads//test/tazlckybzu.mp4,0,0.14589849
/home/tianlong/Downloads//test/clxgzkdgta.mp4,0,0.37995407
/home/tianlong/Downloads//test/zlfbumxcxs.mp4,0,0.023593092
/home/tianlong/Downloads//test/plhcceboag.mp4,0,0.0018816071
/home/tianlong/Downloads//test/extihvlsxg.mp4,0,0.008972667
/home/tianlong/Downloads//test/olebnvxoyl.mp4,0,0.0099864835
/home/tianlong/Downloads//test/opdqcwqxzy.mp4,0,0.004211134
/home/tianlong/Downloads//test/stwaypekwh.mp4,0,0.0074934675
/home/tianlong/Downloads//test/xogwctpikv.mp4,0,0.009087221
/home/tianlong/Downloads//test/cjiwxfwcit.mp4,0,0.0062874444
/home/tianlong/Downloads//test/txshgvrava.mp4,0,0.0061347308
/home/tianlong/Downloads//test/ggpuxwhpri.mp4,0,0.0031373084
/home/tianlong/Downloads//test/jlxnzxtopm.mp4,0,0.017909573
/home/tianlong/Downloads//test/thjugpbwcv.mp4,0,0.09989945
/home/tianlong/Downloads//test/pkititkein.mp4,0,0.0061279484
/home/tianlong/Downloads//test/hjiwmybauf.mp4,0,0.14158566
/home/tianlong/Downloads//test/efazuieysm.mp4,0,0.0029602714
/home/tianlong/Downloads//test/tdzsgrdneg.mp4,0,0.019278187
/home/tianlong/Downloads//test/mkxmvreoth.mp4,0,0.029995669
/home/tianlong/Downloads//test/ofbjiuemkr.mp4,0,0.053470217
/home/tianlong/Downloads//test/dogotzkdiw.mp4,0,0.017853003
/home/tianlong/Downloads//test/qdmvzknbua.mp4,0,0.0037344072
/home/tianlong/Downloads//test/pnauelqbxq.mp4,0,0.026044473
/home/tianlong/Downloads//test/sytddqezij.mp4,0,0.0065240227
/home/tianlong/Downloads//test/bhpddnqauc.mp4,0,0.0024904364
/home/tianlong/Downloads//test/imtkdzkypf.mp4,0,0.056208055
/home/tianlong/Downloads//test/kbodjivgqu.mp4,0,0.014306444
/home/tianlong/Downloads//test/qtxraeaxeh.mp4,0,0.040534653
/home/tianlong/Downloads//test/uaxmqpmswz.mp4,0,0.009430172
/home/tianlong/Downloads//test/qlbapiibba.mp4,0,0.00927674
/home/tianlong/Downloads//test/mzurunkulx.mp4,0,0.0059640957
/home/tianlong/Downloads//test/aujoxrpddn.mp4,0,0.006371123
/home/tianlong/Downloads//test/ebenvuuxld.mp4,0,0.005051212
/home/tianlong/Downloads//test/fsfjlwwsen.mp4,0,0.27928567
/home/tianlong/Downloads//test/zwgaptzuqt.mp4,0,0.0033533298
/home/tianlong/Downloads//test/gldpafckwo.mp4,0,0.19234811
/home/tianlong/Downloads//test/nvkzpexyzg.mp4,0,0.21178944
/home/tianlong/Downloads//test/vnrmxwtsmf.mp4,0,0.0060335165
/home/tianlong/Downloads//test/hmofiqjzxe.mp4,0,0.13604823
/home/tianlong/Downloads//test/ucryyubbqk.mp4,0,0.26290601
/home/tianlong/Downloads//test/gwqdrapybq.mp4,0,0.017613377
/home/tianlong/Downloads//test/avttogwbyz.mp4,0,0.048264164
/home/tianlong/Downloads//test/hbmvxgonmq.mp4,0,0.03171487
/home/tianlong/Downloads//test/gxxlbjuyza.mp4,0,0.013809754
/home/tianlong/Downloads//test/jhzozsurac.mp4,0,0.0079721045
/home/tianlong/Downloads//test/opyqudaics.mp4,0,0.013844147
/home/tianlong/Downloads//test/vigbdgmudk.mp4,0,0.0027139992
/home/tianlong/Downloads//test/viidhkoxyv.mp4,0,0.019219786
/home/tianlong/Downloads//test/dmpvbeyuqb.mp4,0,0.0036870218
/home/tianlong/Downloads//test/wgycqahjww.mp4,0,0.0063738762
/home/tianlong/Downloads//test/wwgmzeavbd.mp4,0,0.003585064
/home/tianlong/Downloads//test/qtqyglbdem.mp4,0,0.008666268
/home/tianlong/Downloads//test/nqynuhnklk.mp4,0,0.0023856992
/home/tianlong/Downloads//test/jygbqsigcr.mp4,0,0.014767168
/home/tianlong/Downloads//test/nsozqvhalr.mp4,0,0.0025643583
/home/tianlong/Downloads//test/yvmrwdyxby.mp4,0,0.013163338
/home/tianlong/Downloads//test/kvhbyuklfv.mp4,0,0.025454128
/home/tianlong/Downloads//test/iwnfvkmktq.mp4,0,0.037354276
/home/tianlong/Downloads//test/qzfmctgxcs.mp4,0,0.017512055
/home/tianlong/Downloads//test/vhipamioud.mp4,0,0.01663907
/home/tianlong/Downloads//test/lmbvoxhowe.mp4,0,0.014567959
/home/tianlong/Downloads//test/ziqjamfzlv.mp4,0,0.16678932
/home/tianlong/Downloads//test/kqnwutdvpd.mp4,0,0.058184516
/home/tianlong/Downloads//test/lucpbeexdk.mp4,0,0.028082538
/home/tianlong/Downloads//test/pnotaniiuh.mp4,0,0.5151453
/home/tianlong/Downloads//test/qohtjkzity.mp4,0,0.082214914
/home/tianlong/Downloads//test/bkjhfcvsig.mp4,0,0.024902225
/home/tianlong/Downloads//test/kpcrdurodw.mp4,0,0.054396044
/home/tianlong/Downloads//test/nmphdbflzj.mp4,0,0.02004549
/home/tianlong/Downloads//test/fmsxomanga.mp4,0,0.01681535
/home/tianlong/Downloads//test/tgwpcoljin.mp4,0,0.011743136
/home/tianlong/Downloads//test/foynwjsqeh.mp4,0,0.0061961534
/home/tianlong/Downloads//test/vdqritvjfl.mp4,0,0.5952675
/home/tianlong/Downloads//test/egyemqrvna.mp4,0,0.02556693
/home/tianlong/Downloads//test/xrtmepdfyh.mp4,0,0.0043468038
/home/tianlong/Downloads//test/zfgjechdto.mp4,0,0.0033247308
/home/tianlong/Downloads//test/jujpqsrgll.mp4,0,0.010115894
/home/tianlong/Downloads//test/iakzgqqova.mp4,0,0.00619226
/home/tianlong/Downloads//test/fqdklzzkfj.mp4,0,0.04567232
/home/tianlong/Downloads//test/dnfnxwbsoi.mp4,0,0.0080648
/home/tianlong/Downloads//test/lynaeydofd.mp4,0,0.015863352
/home/tianlong/Downloads//test/relrfifywa.mp4,0,0.015165885
/home/tianlong/Downloads//test/imsacxixmv.mp4,0,0.019925863
/home/tianlong/Downloads//test/rfbwukxpye.mp4,0,0.007286535
/home/tianlong/Downloads//test/atixaudngu.mp4,0,0.03579005
/home/tianlong/Downloads//test/tcychsyltm.mp4,0,0.0040443777
/home/tianlong/Downloads//test/kifyfzqzjj.mp4,0,0.015220208
/home/tianlong/Downloads//test/irjbukzjqt.mp4,0,0.0035585791
/home/tianlong/Downloads//test/jmkkbkvbjo.mp4,0,0.039430566
/home/tianlong/Downloads//test/gflhlvhqyl.mp4,0,0.09237014
/home/tianlong/Downloads//test/myebjqbxsl.mp4,0,0.0033857715
/home/tianlong/Downloads//test/mqeqiytluf.mp4,0,0.047306247
/home/tianlong/Downloads//test/zbsjlcsetv.mp4,0,0.006164802
/home/tianlong/Downloads//test/lzmxqxrruv.mp4,0,0.07037246
/home/tianlong/Downloads//test/neotrnwthu.mp4,0,0.0032967932
/home/tianlong/Downloads//test/vwigtbeivy.mp4,0,0.009905772
/home/tianlong/Downloads//test/ldtscpryms.mp4,0,0.011905278
/home/tianlong/Downloads//test/sjgmmecazy.mp4,0,0.012534721
/home/tianlong/Downloads//test/jkrbsekajk.mp4,0,0.28539783
/home/tianlong/Downloads//test/iahzcxmuck.mp4,0,0.15204953
/home/tianlong/Downloads//test/cteqlloxwu.mp4,0,0.008174881
/home/tianlong/Downloads//test/pgqxsteufx.mp4,0,0.0039339135
/home/tianlong/Downloads//test/cmuzrrlaiy.mp4,1,0.0423471
/home/tianlong/Downloads//test/jxeqhujuvh.mp4,1,0.022116262
/home/tianlong/Downloads//test/ntaqujyzes.mp4,1,0.013928426
/home/tianlong/Downloads//test/ghxzsygiou.mp4,1,0.003387974
/home/tianlong/Downloads//test/lvxzjwiklq.mp4,1,0.39103743
/home/tianlong/Downloads//test/wlyvvvjgnv.mp4,1,0.0039875433
/home/tianlong/Downloads//test/hexxuigzdl.mp4,1,0.011842022
/home/tianlong/Downloads//test/zynrdvlrwv.mp4,1,0.01797148
/home/tianlong/Downloads//test/kbvqzihgan.mp4,1,0.006460893
/home/tianlong/Downloads//test/razacdewcv.mp4,1,0.006890972
/home/tianlong/Downloads//test/tjlrvidbxw.mp4,1,0.005495451
/home/tianlong/Downloads//test/gcbyurxhbz.mp4,1,0.020937184
/home/tianlong/Downloads//test/xticvyqqjn.mp4,1,0.022455629
/home/tianlong/Downloads//test/gqpayiddqv.mp4,1,0.005129273
/home/tianlong/Downloads//test/zmrnjhfxed.mp4,1,0.010703723
/home/tianlong/Downloads//test/slpxqmwuqm.mp4,1,0.20850341
/home/tianlong/Downloads//test/upwsvjdtgo.mp4,1,0.004191514
/home/tianlong/Downloads//test/zpnjiswgdt.mp4,1,0.041855045
/home/tianlong/Downloads//test/rayxtqfosv.mp4,1,0.005467416
/home/tianlong/Downloads//test/cfhoqpdzqb.mp4,1,0.0028213907
/home/tianlong/Downloads//test/okyufzgvay.mp4,1,0.0022632473
/home/tianlong/Downloads//test/wgyxtquovo.mp4,1,0.013539921
/home/tianlong/Downloads//test/kicgvgukqs.mp4,1,0.07946925
/home/tianlong/Downloads//test/aolhuwcdwv.mp4,1,0.035908572
/home/tianlong/Downloads//test/clzcvdsuyp.mp4,1,0.044922926
/home/tianlong/Downloads//test/jibhugdfbs.mp4,1,0.0030970033
/home/tianlong/Downloads//test/kfiszsbzob.mp4,1,0.19208537
/home/tianlong/Downloads//test/mgwtoqonaf.mp4,1,0.10640899
/home/tianlong/Downloads//test/buzqmuifod.mp4,1,0.17620495
/home/tianlong/Downloads//test/bofmetrgfm.mp4,1,0.0070933057
/home/tianlong/Downloads//test/chlshvbday.mp4,1,0.08675642
/home/tianlong/Downloads//test/vxcjkgerao.mp4,1,0.0434304
/home/tianlong/Downloads//test/qxwqqhruvz.mp4,1,0.003415633
/home/tianlong/Downloads//test/hytdcdixlv.mp4,1,0.009024618
/home/tianlong/Downloads//test/buejhiahpy.mp4,1,0.009786574
/home/tianlong/Downloads//test/omotodymgb.mp4,1,0.15572497
/home/tianlong/Downloads//test/gmcvyrferj.mp4,1,0.006082312
/home/tianlong/Downloads//test/ycoaclsdov.mp4,1,0.026570607
/home/tianlong/Downloads//test/scaljzcpcf.mp4,1,0.049022596
/home/tianlong/Downloads//test/uhbxhharht.mp4,1,0.015240796
/home/tianlong/Downloads//test/tmmakbzbqw.mp4,1,0.3561309
/home/tianlong/Downloads//test/mvfvefsgik.mp4,1,0.025801012
/home/tianlong/Downloads//test/inesnaprwm.mp4,1,0.0062587014
/home/tianlong/Downloads//test/qqxelyjmmw.mp4,1,0.006094052
/home/tianlong/Downloads//test/dllkubdbbd.mp4,1,0.019858232
/home/tianlong/Downloads//test/ttnajmkchw.mp4,1,0.0053576306
/home/tianlong/Downloads//test/kaffwaiexj.mp4,1,0.0059572295
/home/tianlong/Downloads//test/dpfuqzdtrs.mp4,1,0.014362538
/home/tianlong/Downloads//test/hfvexodpht.mp4,1,0.018059198
/home/tianlong/Downloads//test/vmxjsdkuju.mp4,1,0.018656801
/home/tianlong/Downloads//test/afaxsgqksm.mp4,1,0.007464085
/home/tianlong/Downloads//test/pgkipgmpgm.mp4,1,0.03290572
/home/tianlong/Downloads//test/ltkesswcyn.mp4,1,0.004590415
/home/tianlong/Downloads//test/dffkcrccsj.mp4,1,0.032358322
/home/tianlong/Downloads//test/svtnilogao.mp4,1,0.010437867
/home/tianlong/Downloads//test/bzobkqewtt.mp4,1,0.006238332
/home/tianlong/Downloads//test/vemnbnqoqk.mp4,1,0.037823882
/home/tianlong/Downloads//test/nobrvdftmd.mp4,1,0.007605581
/home/tianlong/Downloads//test/qepgiaxgpc.mp4,1,0.015442344
/home/tianlong/Downloads//test/bogjubshbr.mp4,1,0.07380113
/home/tianlong/Downloads//test/uyoqozgdcy.mp4,1,0.004046405
/home/tianlong/Downloads//test/cvmmtklgst.mp4,1,0.35780156
/home/tianlong/Downloads//test/qharxzhzpl.mp4,1,0.36597943
/home/tianlong/Downloads//test/sprejlmapw.mp4,1,0.0037124057
/home/tianlong/Downloads//test/crzrsezocr.mp4,1,0.005331135
/home/tianlong/Downloads//test/wyqhadmmcy.mp4,1,0.116813466
/home/tianlong/Downloads//test/jrjxehotww.mp4,1,0.23368244
/home/tianlong/Downloads//test/xctpdujlok.mp4,1,0.046893608
/home/tianlong/Downloads//test/hfspenqmpw.mp4,1,0.008223029
/home/tianlong/Downloads//test/jkfukzcjxd.mp4,1,0.15487981
/home/tianlong/Downloads//test/knafngkgen.mp4,1,0.07427102
/home/tianlong/Downloads//test/tswmtnhfmn.mp4,1,0.0022586058
/home/tianlong/Downloads//test/qoasfzksgo.mp4,1,0.008882385
/home/tianlong/Downloads//test/hnrzuoqnkz.mp4,1,0.0018050866
/home/tianlong/Downloads//test/nussrkyuzy.mp4,1,0.0679785
/home/tianlong/Downloads//test/ciwzwmlyxz.mp4,1,0.028623462
/home/tianlong/Downloads//test/dbauiiupef.mp4,1,0.025601286
/home/tianlong/Downloads//test/ywxfnlxtjg.mp4,1,0.006538066
/home/tianlong/Downloads//test/pryqgrbtnu.mp4,1,0.09302786
/home/tianlong/Downloads//test/mbjpaydogy.mp4,1,0.011488329
/home/tianlong/Downloads//test/ihdopxhysr.mp4,1,0.011493745
/home/tianlong/Downloads//test/rgasvymjrj.mp4,1,0.06536053
/home/tianlong/Downloads//test/eclpgjjies.mp4,1,0.026695902
/home/tianlong/Downloads//test/kxptuwngop.mp4,1,0.004437203
/home/tianlong/Downloads//test/uaqvffouxp.mp4,1,0.007004369
/home/tianlong/Downloads//test/xvqzzgoabm.mp4,1,0.010337615
/home/tianlong/Downloads//test/tkgbjtcxyl.mp4,1,0.04336326
/home/tianlong/Downloads//test/xlnaxrwvcx.mp4,1,0.019882208
/home/tianlong/Downloads//test/kphfzaullq.mp4,1,0.018659683
/home/tianlong/Downloads//test/rkezgzxnoo.mp4,1,0.03604957
/home/tianlong/Downloads//test/fromclsodq.mp4,1,0.0062294775
/home/tianlong/Downloads//test/nrscfrjxpb.mp4,1,0.24829578
/home/tianlong/Downloads//test/ygobagrhmg.mp4,1,0.03742751
/home/tianlong/Downloads//test/hisfrixnbu.mp4,1,0.03921557
/home/tianlong/Downloads//test/duzueyonao.mp4,1,0.1268896
/home/tianlong/Downloads//test/gkknsyqbnz.mp4,1,0.008594552
/home/tianlong/Downloads//test/tmgdrjjalz.mp4,1,0.011118417
/home/tianlong/Downloads//test/iajblozgtx.mp4,1,0.023304235
/home/tianlong/Downloads//test/ahkcchuwqq.mp4,1,0.002763919
/home/tianlong/Downloads//test/zmfiveruie.mp4,1,0.18278094
/home/tianlong/Downloads//test/xptgnpgfkn.mp4,1,0.003966168
/home/tianlong/Downloads//test/aebhowazav.mp4,1,0.012084863
/home/tianlong/Downloads//test/geulcwvfuy.mp4,1,0.2221287
/home/tianlong/Downloads//test/glzyifzrql.mp4,1,0.0063045183
/home/tianlong/Downloads//test/wvmrsucbsq.mp4,1,0.046415545
/home/tianlong/Downloads//test/moetggyxsc.mp4,1,0.09054586
/home/tianlong/Downloads//test/jfvnwpcjrm.mp4,1,0.10256245
/home/tianlong/Downloads//test/kaggpclkjm.mp4,1,0.010022
/home/tianlong/Downloads//test/nacldwtuwp.mp4,1,0.014939179
/home/tianlong/Downloads//test/upwyvqbjlq.mp4,1,0.3435449
/home/tianlong/Downloads//test/tdmyjvptzv.mp4,1,0.1344696
/home/tianlong/Downloads//test/fzurflflwv.mp4,1,0.0092729805
/home/tianlong/Downloads//test/aakjukgjme.mp4,1,0.00855685
/home/tianlong/Downloads//test/ypepsyuwmo.mp4,1,0.012136744
/home/tianlong/Downloads//test/qxhyhhkywc.mp4,1,0.00308536
/home/tianlong/Downloads//test/iqvfopywpa.mp4,1,0.16243422
/home/tianlong/Downloads//test/xfncslssic.mp4,1,0.0040326687
/home/tianlong/Downloads//test/jesstfspwv.mp4,1,0.00741376
/home/tianlong/Downloads//test/xiraodtgnt.mp4,1,0.020871144
/home/tianlong/Downloads//test/xeuzubpylq.mp4,1,0.070061155
/home/tianlong/Downloads//test/xszpbtciwo.mp4,1,0.011162134
/home/tianlong/Downloads//test/fkksbgaibl.mp4,1,0.025701279
/home/tianlong/Downloads//test/ntqzfgmhnj.mp4,1,0.058792382
/home/tianlong/Downloads//test/bizbjxafzr.mp4,1,0.0026261485
/home/tianlong/Downloads//test/bxfwiuvafo.mp4,1,0.04126398
/home/tianlong/Downloads//test/jfcglbovmo.mp4,1,0.44586468
/home/tianlong/Downloads//test/odidbykbar.mp4,1,0.016700407
/home/tianlong/Downloads//test/qarbtmjwhm.mp4,1,0.085142456
/home/tianlong/Downloads//test/jeierullea.mp4,1,0.08053566
/home/tianlong/Downloads//test/lrckqkzekj.mp4,1,0.008472501
/home/tianlong/Downloads//test/riizlqngim.mp4,1,0.0047290013
/home/tianlong/Downloads//test/lmcnonfhgz.mp4,1,0.28665495
/home/tianlong/Downloads//test/lkhszpabzv.mp4,1,0.014507162
/home/tianlong/Downloads//test/njqbwiajss.mp4,1,0.008042723
/home/tianlong/Downloads//test/ksqybmrwyg.mp4,1,0.03011857
/home/tianlong/Downloads//test/dxphlwcvan.mp4,1,0.014662671
/home/tianlong/Downloads//test/dgjssccxhx.mp4,1,0.015305194
/home/tianlong/Downloads//test/sbfxzmhzyv.mp4,1,0.2107949
/home/tianlong/Downloads//test/rlvgpdrgvi.mp4,1,0.030038033
/home/tianlong/Downloads//test/uzdmxmfcqe.mp4,1,0.0078089773
/home/tianlong/Downloads//test/afixxjdxef.mp4,1,0.0048765442
/home/tianlong/Downloads//test/fwvxtssltw.mp4,1,0.09182807
/home/tianlong/Downloads//test/jyzlvivrmr.mp4,1,0.004581974
/home/tianlong/Downloads//test/byavookkdu.mp4,1,0.0030080595
/home/tianlong/Downloads//test/agyawnxlmv.mp4,1,0.00531573
/home/tianlong/Downloads//test/zjoonppreb.mp4,1,0.068709865
/home/tianlong/Downloads//test/sjzwpqupnm.mp4,1,0.006605907
/home/tianlong/Downloads//test/pobrnbspcf.mp4,1,0.0510749
/home/tianlong/Downloads//test/qdkpphviay.mp4,1,0.41967902
/home/tianlong/Downloads//test/nbyaxzmueg.mp4,1,0.0030393563
/home/tianlong/Downloads//test/vfszaqentw.mp4,1,0.27906406
/home/tianlong/Downloads//test/fosovipqkg.mp4,1,0.0036891643
/home/tianlong/Downloads//test/grwcxofqrx.mp4,1,0.03885565
/home/tianlong/Downloads//test/koqxhnmkjl.mp4,1,0.04400915
/home/tianlong/Downloads//test/xkukyjokbg.mp4,1,0.4060585
/home/tianlong/Downloads//test/fmnzbwtjep.mp4,1,0.0037944666
/home/tianlong/Downloads//test/aruyyclubn.mp4,1,0.0064545795
/home/tianlong/Downloads//test/eluhuvocwr.mp4,1,0.20839143
/home/tianlong/Downloads//test/iiwffwiyrg.mp4,1,0.021718146
/home/tianlong/Downloads//test/fsbabrxhqy.mp4,1,0.019616539
/home/tianlong/Downloads//test/ymqadbkafj.mp4,1,0.0030092576
/home/tianlong/Downloads//test/nptmqvfuhz.mp4,1,0.0043393485
/home/tianlong/Downloads//test/usjnlahlcj.mp4,1,0.08008319
/home/tianlong/Downloads//test/hbozjjcafn.mp4,1,0.013590848
/home/tianlong/Downloads//test/cizxmeztny.mp4,1,0.003087738
/home/tianlong/Downloads//test/syxlmynhsi.mp4,1,0.13148177
/home/tianlong/Downloads//test/ezadehoecy.mp4,1,0.0029069122
/home/tianlong/Downloads//test/fpliemtlco.mp4,1,0.011211717
/home/tianlong/Downloads//test/arflgfcnkg.mp4,1,0.0027991286
/home/tianlong/Downloads//test/occelhylxf.mp4,1,0.007285972
/home/tianlong/Downloads//test/uqntkvpntd.mp4,1,0.029863868
/home/tianlong/Downloads//test/iatevqworc.mp4,1,0.0044688694
/home/tianlong/Downloads//test/xzsmgydcub.mp4,1,0.014432636
/home/tianlong/Downloads//test/qbffpkpmkf.mp4,1,0.0056394693
/home/tianlong/Downloads//test/pzbpgfmroj.mp4,1,0.04612607
/home/tianlong/Downloads//test/oundixpyst.mp4,1,0.0050704284
/home/tianlong/Downloads//test/hnxhwfttpy.mp4,1,0.11184808
/home/tianlong/Downloads//test/rdjwlvvwtv.mp4,1,0.090307966
/home/tianlong/Downloads//test/tcmstiljkk.mp4,1,0.01342088
/home/tianlong/Downloads//test/qbfdtumuct.mp4,1,0.107528925
/home/tianlong/Downloads//test/mxnquwuszt.mp4,1,0.01370959
/home/tianlong/Downloads//test/sjooumwlzb.mp4,1,0.042802118
/home/tianlong/Downloads//test/twhwouycfg.mp4,1,0.00873031
/home/tianlong/Downloads//test/wytpaehszj.mp4,1,0.47288075
/home/tianlong/Downloads//test/srtwhbzzlr.mp4,1,0.0242588
/home/tianlong/Downloads//test/jqjfpkuckf.mp4,1,0.02276152
/home/tianlong/Downloads//test/yxjjfaekev.mp4,1,0.0028769325
/home/tianlong/Downloads//test/cyokqrzbol.mp4,1,0.0045470917
/home/tianlong/Downloads//test/mtilpvablx.mp4,1,0.009950304
/home/tianlong/Downloads//test/njwsmltmvb.mp4,1,0.013660441
/home/tianlong/Downloads//test/xkksfulade.mp4,1,0.0201381
/home/tianlong/Downloads//test/dtfgsvfmjq.mp4,1,0.015319437
/home/tianlong/Downloads//test/onaewxqqkd.mp4,1,0.1563094
/home/tianlong/Downloads//test/pazpnfrbbc.mp4,1,0.011387257
/home/tianlong/Downloads//test/kgowzoxjfq.mp4,1,0.0149030015
/home/tianlong/Downloads//test/ltdwtgrads.mp4,1,0.0035384889
/home/tianlong/Downloads//test/znistrajpw.mp4,1,0.004463726
/home/tianlong/Downloads//test/yfhzmfhojv.mp4,1,0.007229428
/home/tianlong/Downloads//test/spkorcenyh.mp4,1,0.019699145
/home/tianlong/Downloads//test/axopbbxwzr.mp4,1,0.052177697
/home/tianlong/Downloads//test/hxrruqinnh.mp4,1,0.013436717
/home/tianlong/Downloads//test/tkaybnjwhg.mp4,1,0.028814372
/home/tianlong/Downloads//test/lhwwhjhyqx.mp4,1,0.004590987
/home/tianlong/Downloads//test/btxjufhiaz.mp4,1,0.006451509
/home/tianlong/Downloads//test/dnhaskulaj.mp4,1,0.013700655
/home/tianlong/Downloads//test/vxqofldgze.mp4,1,0.0035999964
/home/tianlong/Downloads//test/ddjzmyabyu.mp4,1,0.0031117878
/home/tianlong/Downloads//test/mgahaaogif.mp4,1,0.07922808
/home/tianlong/Downloads//test/ktmdpragph.mp4,1,0.023759065
/home/tianlong/Downloads//test/xazdhdnwhh.mp4,1,0.007217677
/home/tianlong/Downloads//test/qnslgeajnt.mp4,1,0.03492726
/home/tianlong/Downloads//test/sivrgbsaog.mp4,1,0.013019565
/home/tianlong/Downloads//test/uzmuovkewv.mp4,1,0.037751812
/home/tianlong/Downloads//test/tvazrcdkpq.mp4,1,0.004839792
/home/tianlong/Downloads//test/jbatiwjmzh.mp4,1,0.06806294
/home/tianlong/Downloads//test/hmiylncrva.mp4,1,0.0580782
/home/tianlong/Downloads//test/uxkojffbsr.mp4,1,0.031316992
/home/tianlong/Downloads//test/crbcrxqftw.mp4,1,0.018453317
/home/tianlong/Downloads//test/yermnsnlgf.mp4,1,0.017401624
/home/tianlong/Downloads//test/gipcvghjiy.mp4,1,0.15841046
/home/tianlong/Downloads//test/iwcfxyoimw.mp4,1,0.025532063
/home/tianlong/Downloads//test/kozaofkgvk.mp4,1,0.011936209
/home/tianlong/Downloads//test/xlgevjtsog.mp4,1,0.006984467
/home/tianlong/Downloads//test/bpjkimtqtz.mp4,1,0.028788755
/home/tianlong/Downloads//test/pdnwaekrtn.mp4,1,0.019544786
/home/tianlong/Downloads//test/toxsrzsksc.mp4,1,0.0044699246
/home/tianlong/Downloads//test/oejfypsbfh.mp4,1,0.027233895
/home/tianlong/Downloads//test/hwyuwbnszo.mp4,1,0.05303564
/home/tianlong/Downloads//test/acgyspwyqr.mp4,1,0.009000248
/home/tianlong/Downloads//test/oitcqmvnsa.mp4,1,0.085609294
/home/tianlong/Downloads//test/pdqqkuclvd.mp4,1,0.0049338574
/home/tianlong/Downloads//test/slsyjvgfpu.mp4,1,0.00790615
/home/tianlong/Downloads//test/xmdfnldfyc.mp4,1,0.04785644
/home/tianlong/Downloads//test/ynkzlkahux.mp4,1,0.0032359462
/home/tianlong/Downloads//test/szjbkskyph.mp4,1,0.0031226978
/home/tianlong/Downloads//test/yyiiywtiry.mp4,1,0.0582443
/home/tianlong/Downloads//test/crvotfojeq.mp4,1,0.0038413287
/home/tianlong/Downloads//test/rsqblsfgli.mp4,1,0.020471076
/home/tianlong/Downloads//test/becqadbtkb.mp4,1,0.015223538
/home/tianlong/Downloads//test/afqaubpglg.mp4,1,0.016423147
/home/tianlong/Downloads//test/pwplooonzr.mp4,1,0.020656837
/home/tianlong/Downloads//test/vjegxiyvla.mp4,1,0.010792072
/home/tianlong/Downloads//test/jbwtbfbdko.mp4,1,0.04217331
/home/tianlong/Downloads//test/toggbitvfd.mp4,1,0.024147924
/home/tianlong/Downloads//test/xpfhawmzbe.mp4,1,0.0055513172
/home/tianlong/Downloads//test/kjwdinzplo.mp4,1,0.030145556
/home/tianlong/Downloads//test/jrkdzpijpb.mp4,1,0.009599371
/home/tianlong/Downloads//test/lbnuxynggy.mp4,1,0.0029475938
/home/tianlong/Downloads//test/iorrylopzn.mp4,1,0.0084033925
/home/tianlong/Downloads//test/yasxapunrf.mp4,1,0.17992064
/home/tianlong/Downloads//test/suohrphvbe.mp4,1,0.0123089105
/home/tianlong/Downloads//test/salsuwvckq.mp4,1,0.009967439
/home/tianlong/Downloads//test/eclnowceyi.mp4,1,0.0029403886
/home/tianlong/Downloads//test/wvtymfvbwq.mp4,1,0.022522273
/home/tianlong/Downloads//test/rsjhmrvdwg.mp4,1,0.023795372
/home/tianlong/Downloads//test/qtvhpmoukj.mp4,1,0.08945777
/home/tianlong/Downloads//test/svqkfjfucw.mp4,1,0.05697759
/home/tianlong/Downloads//test/jdlqmnhuix.mp4,1,0.006221559
/home/tianlong/Downloads//test/ltmkgkppwx.mp4,1,0.0027798451
/home/tianlong/Downloads//test/zaoyocjkgw.mp4,1,0.022691071
/home/tianlong/Downloads//test/vgrhobnbfo.mp4,1,0.024053345
/home/tianlong/Downloads//test/eeeuzozcdc.mp4,1,0.047172587
/home/tianlong/Downloads//test/ikgxqbhmlv.mp4,1,0.1855392
/home/tianlong/Downloads//test/zyeakowujw.mp4,1,0.3413086
/home/tianlong/Downloads//test/uerapqglmr.mp4,1,0.010622351
/home/tianlong/Downloads//test/fmuncwjpej.mp4,1,0.5180668
/home/tianlong/Downloads//test/xllzvdxwiv.mp4,1,0.0700843
/home/tianlong/Downloads//test/giuymhlbyo.mp4,1,0.2642638
/home/tianlong/Downloads//test/bubbmjnmge.mp4,1,0.010071883
/home/tianlong/Downloads//test/qwqefbalkv.mp4,1,0.026606645
/home/tianlong/Downloads//test/aupsxowdcp.mp4,1,0.0035254129
/home/tianlong/Downloads//test/apjovfzzft.mp4,1,0.006895032
/home/tianlong/Downloads//test/yjbnaqwxyf.mp4,1,0.4329969
/home/tianlong/Downloads//test/dajlkmlvch.mp4,1,0.00936864
/home/tianlong/Downloads//test/egwzzhemvk.mp4,1,0.14758196
/home/tianlong/Downloads//test/vlhrgeyvqy.mp4,1,0.004982874
/home/tianlong/Downloads//test/vpolvvzwsw.mp4,1,0.0017665842
/home/tianlong/Downloads//test/ddkcxrncmq.mp4,1,0.2338272
/home/tianlong/Downloads//test/fncnobpzzx.mp4,1,0.38710618
/home/tianlong/Downloads//test/lhayhvqjmg.mp4,1,0.00606223
/home/tianlong/Downloads//test/yboofyemks.mp4,1,0.0016185127
/home/tianlong/Downloads//test/wzkovvmdkq.mp4,1,0.0037222616
/home/tianlong/Downloads//test/axxldpmbat.mp4,1,0.1143391
/home/tianlong/Downloads//test/piovymzozl.mp4,1,0.0029769852
/home/tianlong/Downloads//test/ymjrnwsjxt.mp4,1,0.0037191783
/home/tianlong/Downloads//test/jfxroglrst.mp4,1,0.0063167745
/home/tianlong/Downloads//test/qzyaijdbfe.mp4,1,0.009209059
/home/tianlong/Downloads//test/gzwzxbtkpd.mp4,1,0.15644455
/home/tianlong/Downloads//test/bgssriyozb.mp4,1,0.0132343
/home/tianlong/Downloads//test/wqtraebanl.mp4,1,0.11728084
/home/tianlong/Downloads//test/lovkthgavz.mp4,1,0.005334974
/home/tianlong/Downloads//test/vpgjaoyvir.mp4,1,0.004005975
/home/tianlong/Downloads//test/btlqqvfuck.mp4,1,0.07857946
/home/tianlong/Downloads//test/zzxidpsxmv.mp4,1,0.047145776
/home/tianlong/Downloads//test/qzuhjrhozy.mp4,1,0.0034232982
/home/tianlong/Downloads//test/rtuaxyuvqs.mp4,1,0.015705511
/home/tianlong/Downloads//test/vybbullejj.mp4,1,0.6943105
/home/tianlong/Downloads//test/lblweiecpx.mp4,1,0.30976093
/home/tianlong/Downloads//test/qkchcuiljp.mp4,1,0.007835709
/home/tianlong/Downloads//test/roivdutkrz.mp4,1,0.014727682
/home/tianlong/Downloads//test/rziziscker.mp4,1,0.09122881
/home/tianlong/Downloads//test/zsdmgllhck.mp4,1,0.08433658
/home/tianlong/Downloads//test/kpkzqbpivj.mp4,1,0.0026771442
/home/tianlong/Downloads//test/tgkjhdyxww.mp4,1,0.017559538
/home/tianlong/Downloads//test/zubaiztkag.mp4,1,0.23058943
/home/tianlong/Downloads//test/figxvsdmsb.mp4,1,0.0033288538
/home/tianlong/Downloads//test/enzlliylet.mp4,1,0.2051229
/home/tianlong/Downloads//test/acekgkqgdg.mp4,1,0.0044514444
/home/tianlong/Downloads//test/ljrikjsgis.mp4,1,0.003385377
/home/tianlong/Downloads//test/vawotznxqn.mp4,1,0.09142251
/home/tianlong/Downloads//test/jsqtbnxnpb.mp4,1,0.04932804
/home/tianlong/Downloads//test/yibeqxcadd.mp4,1,0.016132077
/home/tianlong/Downloads//test/zvgekhyszq.mp4,1,0.05739782
/home/tianlong/Downloads//test/luisdnrumh.mp4,1,0.19651654
/home/tianlong/Downloads//test/xffjesgeey.mp4,1,0.068262234
/home/tianlong/Downloads//test/haesrhzukc.mp4,1,0.116149336
/home/tianlong/Downloads//test/uwccodyhgh.mp4,1,0.18379346
/home/tianlong/Downloads//test/msdtzpmmae.mp4,1,0.008674575
/home/tianlong/Downloads//test/zgiypcmpic.mp4,1,0.07650541
/home/tianlong/Downloads//test/olkcmrmvbh.mp4,1,0.025064757
/home/tianlong/Downloads//test/kiffbbtjfe.mp4,1,0.009184467
/home/tianlong/Downloads//test/junzzlnlfw.mp4,1,0.4755405
/home/tianlong/Downloads//test/qkgicklwyn.mp4,1,0.0034614399
/home/tianlong/Downloads//test/wluigkzjdl.mp4,1,0.0028981543
/home/tianlong/Downloads//test/rsnrcisldc.mp4,1,0.031928547
/home/tianlong/Downloads//test/asiuftijhs.mp4,1,0.016678978
/home/tianlong/Downloads//test/yjloopcthi.mp4,1,0.10946913
/home/tianlong/Downloads//test/tzzwqaxtrk.mp4,1,0.38534966
/home/tianlong/Downloads//test/tmfvsxrxnk.mp4,1,0.026577612
/home/tianlong/Downloads//test/dlsdmdraln.mp4,1,0.009196708
/home/tianlong/Downloads//test/rkygzeyegz.mp4,1,0.006190799
/home/tianlong/Downloads//test/truremwrti.mp4,1,0.004363614
/home/tianlong/Downloads//test/depcrcqwai.mp4,1,0.0036148527
/home/tianlong/Downloads//test/jovohczybs.mp4,1,0.009591092
/home/tianlong/Downloads//test/udcpjfvqro.mp4,1,0.015932845
/home/tianlong/Downloads//test/yxlkovjssa.mp4,1,0.010004871
/home/tianlong/Downloads//test/trltdpitif.mp4,1,0.43863282
/home/tianlong/Downloads//test/hwufwjdaai.mp4,1,0.01226683
/home/tianlong/Downloads//test/vgfxjwupga.mp4,1,0.0845515
/home/tianlong/Downloads//test/jejjcsijvc.mp4,1,0.29342768
/home/tianlong/Downloads//test/yjpfhrfyfn.mp4,1,0.001645786
/home/tianlong/Downloads//test/izyqqybmcq.mp4,1,0.120368324
/home/tianlong/Downloads//test/xjnflcfxhn.mp4,1,0.0024867184
/home/tianlong/Downloads//test/zidsbdilrm.mp4,1,0.03573506
/home/tianlong/Downloads//test/lepqvhstws.mp4,1,0.009550979
/home/tianlong/Downloads//test/eabghyltka.mp4,1,0.011218853
/home/tianlong/Downloads//test/qxgwcsugvd.mp4,1,0.02564077
/home/tianlong/Downloads//test/oitqddnspw.mp4,1,0.0030140006
/home/tianlong/Downloads//test/jiddesrgoi.mp4,1,0.023122668
/home/tianlong/Downloads//test/whsqzlklam.mp4,1,0.00495712
/home/tianlong/Downloads//test/hwspklkjol.mp4,1,0.42032057
/home/tianlong/Downloads//test/mgxdtegobh.mp4,1,0.011172257
/home/tianlong/Downloads//test/dkvxzocpnx.mp4,1,0.7001147
/home/tianlong/Downloads//test/zxjiwvyzbs.mp4,1,0.011051742
/home/tianlong/Downloads//test/qysxqoredd.mp4,1,0.01777511
/home/tianlong/Downloads//test/angqjpzdts.mp4,1,0.02441844
/home/tianlong/Downloads//test/slbhiftdwk.mp4,1,0.0032549489
/home/tianlong/Downloads//test/ctsjalmkpx.mp4,1,0.007904717
/home/tianlong/Downloads//test/jrwqouwlzc.mp4,1,0.042646125
/home/tianlong/Downloads//test/vcqcervdzi.mp4,1,0.00549238
/home/tianlong/Downloads//test/mxczokbutl.mp4,1,0.43256092
/home/tianlong/Downloads//test/qawqquinvi.mp4,1,0.010141014
/home/tianlong/Downloads//test/cqiyijvrcj.mp4,1,0.003561359
/home/tianlong/Downloads//test/wypdykzzma.mp4,1,0.0047024605
/home/tianlong/Downloads//test/zdurkznxhi.mp4,1,0.04534333
/home/tianlong/Downloads//test/llwjpzzrur.mp4,1,0.050206386
/home/tianlong/Downloads//test/stmqpsakem.mp4,1,0.014688229
/home/tianlong/Downloads//test/hqfxruqynj.mp4,1,0.007409785
/home/tianlong/Downloads//test/cotxffvovx.mp4,1,0.0035588325
/home/tianlong/Downloads//test/yiwyejujhz.mp4,1,0.23901196
/home/tianlong/Downloads//test/azkhkminwu.mp4,1,0.011374669
/home/tianlong/Downloads//test/yoicqcpxgm.mp4,1,0.0068646437
/home/tianlong/Downloads//test/kcpamicxjs.mp4,1,0.048700742
/home/tianlong/Downloads//test/mbnvlpwewk.mp4,1,0.011025098
/home/tianlong/Downloads//test/wjqdwzowcg.mp4,1,0.07271373
/home/tianlong/Downloads//test/vqtspwkgwe.mp4,1,0.008041703
/home/tianlong/Downloads//test/rurhyzsnyi.mp4,1,0.021201773
/home/tianlong/Downloads//test/sipuxpudya.mp4,1,0.0020750724
/home/tianlong/Downloads//test/scchmtbzar.mp4,1,0.56094754
/home/tianlong/Downloads//test/qyhlzalxzm.mp4,1,0.14668742
/home/tianlong/Downloads//test/ektrtuwidv.mp4,1,0.2104774
/home/tianlong/Downloads//test/scbfkrlytb.mp4,1,0.030214423
/home/tianlong/Downloads//test/kxnsmwhqtl.mp4,1,0.035758458
/home/tianlong/Downloads//test/fiayeurvwb.mp4,1,0.0151408985
/home/tianlong/Downloads//test/xpuntxtdbs.mp4,1,0.00995937
/home/tianlong/Downloads//test/edvyxmzpoy.mp4,1,0.53526175
/home/tianlong/Downloads//test/thnywrwayf.mp4,1,0.012538736
/home/tianlong/Downloads//test/xojauzdavy.mp4,1,0.006549542
/home/tianlong/Downloads//test/kaajaxzivt.mp4,1,0.032855194
/home/tianlong/Downloads//test/fmvdkhucsz.mp4,1,0.015358338
/home/tianlong/Downloads//test/mdkqmouddq.mp4,1,0.24220073
/home/tianlong/Downloads//test/ehtvcnlsfl.mp4,1,0.0025684487
/home/tianlong/Downloads//test/iizsrcugyd.mp4,1,0.006889484
/home/tianlong/Downloads//test/hurlxdpsxl.mp4,1,0.0051742517
/home/tianlong/Downloads//test/rvfhfbutlx.mp4,1,0.1267226
/home/tianlong/Downloads//test/ycxkcnwrbw.mp4,1,0.0046071718
/home/tianlong/Downloads//test/jrmgqzgcmj.mp4,1,0.0038758055
/home/tianlong/Downloads//test/cinrseylyp.mp4,1,0.010533054
/home/tianlong/Downloads//test/uhvmrfksax.mp4,1,0.009863706
/home/tianlong/Downloads//test/djjdzsivvi.mp4,1,0.06553561
/home/tianlong/Downloads//test/pmulgdcejl.mp4,1,0.013428865
/home/tianlong/Downloads//test/ngvbaolyub.mp4,1,0.09080364
/home/tianlong/Downloads//test/kpyyjmxmoj.mp4,1,0.022631759
/home/tianlong/Downloads//test/xhizcimlzp.mp4,1,0.02173969
/home/tianlong/Downloads//test/ulygywporv.mp4,1,0.0022555646
/home/tianlong/Downloads//test/psunkvudmg.mp4,1,0.02371953
/home/tianlong/Downloads//test/ctarrlrgdy.mp4,1,0.0062877783
/home/tianlong/Downloads//test/hdzygqltzu.mp4,1,0.07900898
/home/tianlong/Downloads//test/rvtfddfweu.mp4,1,0.056007333
/home/tianlong/Downloads//test/kaeouvuasm.mp4,1,0.0039072237
/home/tianlong/Downloads//test/rzivzpozjr.mp4,1,0.034865778
/home/tianlong/Downloads//test/stfqbsbvfy.mp4,1,0.005658975
/home/tianlong/Downloads//test/qbhoufagsa.mp4,1,0.015140897
/home/tianlong/Downloads//test/xycfzkbnhy.mp4,1,0.09275692
/home/tianlong/Downloads//test/zudnvkagjk.mp4,1,0.01699273
/home/tianlong/Downloads//test/feaqnlczwc.mp4,1,0.05158802
/home/tianlong/Downloads//test/rqviqcsbzw.mp4,1,0.027029365
/home/tianlong/Downloads//test/dhfcwchsir.mp4,1,0.16923071
/home/tianlong/Downloads//test/cglpyitrzw.mp4,1,0.005910914
/home/tianlong/Downloads//test/yjypqyrhyi.mp4,1,0.016166061
/home/tianlong/Downloads//test/fokuimoqkh.mp4,1,0.03160412
/home/tianlong/Downloads//test/xzouvgiqha.mp4,1,0.08138336
/home/tianlong/Downloads//test/qyjbhkeqes.mp4,1,0.057036072
/home/tianlong/Downloads//test/phngwcpbqw.mp4,1,0.0041380576
/home/tianlong/Downloads//test/rjcjcdkzkw.mp4,1,0.036908954
/home/tianlong/Downloads//test/legilvljip.mp4,1,0.52632296
/home/tianlong/Downloads//test/bukegrztbb.mp4,1,0.033105377
/home/tianlong/Downloads//test/yvaxmtbtgx.mp4,1,0.013607679
/home/tianlong/Downloads//test/saljlsmnet.mp4,1,0.033622097
/home/tianlong/Downloads//test/ezupajzwdl.mp4,1,0.4182399
/home/tianlong/Downloads//test/xeszevnech.mp4,1,0.012490854
/home/tianlong/Downloads//test/fbqwomdehr.mp4,1,0.09074247
/home/tianlong/Downloads//test/itdywxjknn.mp4,1,0.01871618
/home/tianlong/Downloads//test/zwupuzlefv.mp4,1,0.0049852305
/home/tianlong/Downloads//test/qcrofjquht.mp4,1,0.0077957674
/home/tianlong/Downloads//test/jblkcfejih.mp4,1,0.0013354471
/home/tianlong/Downloads//test/howruupkxw.mp4,1,0.0065349294
/home/tianlong/Downloads//test/xslxboadvn.mp4,1,0.00449967
/home/tianlong/Downloads//test/rzykslnkdi.mp4,1,0.011295634
/home/tianlong/Downloads//test/govjvzfbcj.mp4,1,0.014094855
/home/tianlong/Downloads//test/fwbvksfidm.mp4,1,0.061119437
/home/tianlong/Downloads//test/khokwspqph.mp4,1,0.005164129
/home/tianlong/Downloads//test/sslrtrxyaj.mp4,1,0.008166918
/home/tianlong/Downloads//test/zdmknyhzoo.mp4,1,0.009255243
/home/tianlong/Downloads//test/rzjpckpslj.mp4,1,0.005453741
/home/tianlong/Downloads//test/pscilvlcfe.mp4,1,0.1668514
/home/tianlong/Downloads//test/rlwkdhgoqw.mp4,1,0.060826592
/home/tianlong/Downloads//test/cmpkopoabr.mp4,1,0.010474525
/home/tianlong/Downloads//test/dbljnexmlf.mp4,1,0.013308096
/home/tianlong/Downloads//test/atfuphvjft.mp4,1,0.015346539
/home/tianlong/Downloads//test/zdldobedod.mp4,1,0.0062385886
/home/tianlong/Downloads//test/iknfqmugud.mp4,1,0.0066695064
/home/tianlong/Downloads//test/whusuiiqmt.mp4,1,0.051729806
/home/tianlong/Downloads//test/ksrnzzbcsz.mp4,1,0.0057903975
/home/tianlong/Downloads//test/xxhuecshhw.mp4,1,0.0024828515
/home/tianlong/Downloads//test/okmlcbefeu.mp4,1,0.009830509
/home/tianlong/Downloads//test/xryrhuskyd.mp4,1,0.043645598
/home/tianlong/Downloads//test/wevygelkrl.mp4,1,0.08863316
/home/tianlong/Downloads//test/rdpausigpg.mp4,1,0.05261291
/home/tianlong/Downloads//test/fdziwiuoer.mp4,1,0.028005302
/home/tianlong/Downloads//test/kykmrtoitd.mp4,1,0.19182391
/home/tianlong/Downloads//test/eacsjvcmlp.mp4,1,0.012077546
/home/tianlong/Downloads//test/asvuutypvz.mp4,1,0.020229397
/home/tianlong/Downloads//test/nucqorkejg.mp4,1,0.18401054
/home/tianlong/Downloads//test/ctpexqamtx.mp4,1,0.1201949
/home/tianlong/Downloads//test/vnsxdkjjtk.mp4,1,0.036960505
/home/tianlong/Downloads//test/cktsyobheu.mp4,1,0.04090001
/home/tianlong/Downloads//test/kccicuhxgk.mp4,1,0.019355426
/home/tianlong/Downloads//test/qckjihxoze.mp4,1,0.006928593
/home/tianlong/Downloads//test/gvqtnedfso.mp4,1,0.010089053
/home/tianlong/Downloads//test/ajxkvlpgov.mp4,1,0.17889285
/home/tianlong/Downloads//test/srlilcjhaf.mp4,1,0.007989353
/home/tianlong/Downloads//test/qfjxksudna.mp4,1,0.02631865
/home/tianlong/Downloads//test/hstvglyexy.mp4,1,0.045469336
/home/tianlong/Downloads//test/jyyvhnsyys.mp4,1,0.40776062
/home/tianlong/Downloads//test/whxqigkgyk.mp4,1,0.026580632
/home/tianlong/Downloads//test/mqzrlecakr.mp4,1,0.039729744
/home/tianlong/Downloads//test/aeplbqxnge.mp4,1,0.0019521378
/home/tianlong/Downloads//test/inwaznexiv.mp4,1,0.010653878
/home/tianlong/Downloads//test/anfupdhmyr.mp4,1,0.117329314
/home/tianlong/Downloads//test/wbvlgevkmb.mp4,1,0.007824709
/home/tianlong/Downloads//test/uiykwgaarz.mp4,1,0.012104168
/home/tianlong/Downloads//test/nvarnevska.mp4,1,0.121786654
/home/tianlong/Downloads//test/ooczenomzk.mp4,1,0.086320534
/home/tianlong/Downloads//test/qtjuhlppot.mp4,1,0.040287625
/home/tianlong/Downloads//test/drqtyzvhdd.mp4,1,0.0108875055
/home/tianlong/Downloads//test/ytljvippwv.mp4,1,0.24756345
/home/tianlong/Downloads//test/skrqoagxle.mp4,1,0.40823835
/home/tianlong/Downloads//test/shwkznunyp.mp4,1,0.0025327888
/home/tianlong/Downloads//test/tlsoagxovk.mp4,1,0.015788516
/home/tianlong/Downloads//test/enpshnkugu.mp4,1,0.32920927
/home/tianlong/Downloads//test/vitjdpnfpi.mp4,1,0.12435751
/home/tianlong/Downloads//test/jovrnujurf.mp4,1,0.29094356
/home/tianlong/Downloads//test/sbwemwjlsl.mp4,1,0.08334677
/home/tianlong/Downloads//test/uclzxnftij.mp4,1,0.0054751094
/home/tianlong/Downloads//test/sdqjjttckw.mp4,1,0.008062107
/home/tianlong/Downloads//test/wtmggpeiom.mp4,1,0.028964434
