Video,Label,Prediction
/home/tianlong/Downloads//test/myvwyfdnxu.mp4,0,0.04495701
/home/tianlong/Downloads//test/uxgkqpiykp.mp4,0,0.0011837503
/home/tianlong/Downloads//test/qyscponfaf.mp4,0,0.0025555629
/home/tianlong/Downloads//test/tmgmbnzrrz.mp4,0,0.3515747
/home/tianlong/Downloads//test/wfmeffvvce.mp4,0,0.18550842
/home/tianlong/Downloads//test/fwrcfaglhz.mp4,0,0.060944427
/home/tianlong/Downloads//test/itfzfpuilx.mp4,0,0.0012535463
/home/tianlong/Downloads//test/wupoiiknff.mp4,0,0.010833809
/home/tianlong/Downloads//test/dscprfjses.mp4,0,0.5451394
/home/tianlong/Downloads//test/ofntcunuqn.mp4,0,0.013164058
/home/tianlong/Downloads//test/imnzannmcr.mp4,0,0.44846106
/home/tianlong/Downloads//test/jidkzoagws.mp4,0,0.0002033227
/home/tianlong/Downloads//test/nkpqkddsgt.mp4,0,0.04348604
/home/tianlong/Downloads//test/xqmrrciral.mp4,0,0.015444209
/home/tianlong/Downloads//test/ykfllpyawg.mp4,0,0.0069799265
/home/tianlong/Downloads//test/bpieoyctzo.mp4,0,0.0017348088
/home/tianlong/Downloads//test/wjrepvzlsv.mp4,0,0.0050029852
/home/tianlong/Downloads//test/voucpidonq.mp4,0,0.004765307
/home/tianlong/Downloads//test/fxfxtrrkeq.mp4,0,0.0006985081
/home/tianlong/Downloads//test/qggfpdkyzi.mp4,0,0.008965714
/home/tianlong/Downloads//test/xyucutnxhz.mp4,0,0.0077369846
/home/tianlong/Downloads//test/rkxepdkger.mp4,0,0.0019684832
/home/tianlong/Downloads//test/fxxpxoqoxp.mp4,0,0.0005227345
/home/tianlong/Downloads//test/jkxxwfycsj.mp4,0,0.1492454
/home/tianlong/Downloads//test/qbearsyziz.mp4,0,0.010039605
/home/tianlong/Downloads//test/kyrbveruev.mp4,0,0.0039629214
/home/tianlong/Downloads//test/pdyrvsvwyi.mp4,0,0.01984691
/home/tianlong/Downloads//test/bpxxmxuvuy.mp4,0,0.24016297
/home/tianlong/Downloads//test/ekxsduhvwh.mp4,0,0.0016328063
/home/tianlong/Downloads//test/ocsqqqduxx.mp4,0,0.0032179519
/home/tianlong/Downloads//test/qufzdwetss.mp4,0,0.00041404
/home/tianlong/Downloads//test/vwqrtxbwye.mp4,0,0.33772796
/home/tianlong/Downloads//test/zuduvanawx.mp4,0,0.13155517
/home/tianlong/Downloads//test/rkjhxvdnsv.mp4,0,0.016164739
/home/tianlong/Downloads//test/hpcivouyku.mp4,0,0.05080706
/home/tianlong/Downloads//test/vgndywbmgf.mp4,0,0.31447214
/home/tianlong/Downloads//test/hfgczdzbix.mp4,0,0.0036364484
/home/tianlong/Downloads//test/rwehwmmutn.mp4,0,0.007633063
/home/tianlong/Downloads//test/jyfnzyvznx.mp4,0,0.008859602
/home/tianlong/Downloads//test/jxpodcendq.mp4,0,0.19873515
/home/tianlong/Downloads//test/kgynainlug.mp4,0,0.0022112746
/home/tianlong/Downloads//test/hqgervpkkf.mp4,0,0.0007079341
/home/tianlong/Downloads//test/defeqlyysh.mp4,0,0.2996702
/home/tianlong/Downloads//test/xzkwbswkao.mp4,0,0.15871356
/home/tianlong/Downloads//test/hhdblnxhtj.mp4,0,0.0034166637
/home/tianlong/Downloads//test/oaptmwroki.mp4,0,0.0024397182
/home/tianlong/Downloads//test/djlkkqmjkk.mp4,0,0.36470062
/home/tianlong/Downloads//test/motfposykz.mp4,0,0.47271743
/home/tianlong/Downloads//test/shvfupmrho.mp4,0,0.012998924
/home/tianlong/Downloads//test/escwmsthiz.mp4,0,0.0053139823
/home/tianlong/Downloads//test/ctpypmzfnl.mp4,0,0.005472407
/home/tianlong/Downloads//test/sjqrdyzkgl.mp4,0,0.31722847
/home/tianlong/Downloads//test/ddrjnwlugg.mp4,0,0.0103226155
/home/tianlong/Downloads//test/hxfqltenqh.mp4,0,0.002360628
/home/tianlong/Downloads//test/umerhoubxw.mp4,0,0.019220483
/home/tianlong/Downloads//test/jxrpqynwlt.mp4,0,0.050907243
/home/tianlong/Downloads//test/hprzotbjtj.mp4,0,0.00030985064
/home/tianlong/Downloads//test/cqewayywpg.mp4,0,0.044699334
/home/tianlong/Downloads//test/nvptcoxzah.mp4,0,0.5954243
/home/tianlong/Downloads//test/uvzlfuxalu.mp4,0,0.9340471
/home/tianlong/Downloads//test/mfcbgbcuvb.mp4,0,0.00082614616
/home/tianlong/Downloads//test/tmtoypmqwt.mp4,0,0.018283766
/home/tianlong/Downloads//test/bsjucwhlrj.mp4,0,0.0011258423
/home/tianlong/Downloads//test/hlsubhyoea.mp4,0,0.0010874777
/home/tianlong/Downloads//test/deslnszgpy.mp4,0,0.0048474963
/home/tianlong/Downloads//test/tfwdbkwvgz.mp4,0,0.0017870596
/home/tianlong/Downloads//test/ufxafdxpat.mp4,0,0.013398903
/home/tianlong/Downloads//test/lmacrzidyh.mp4,0,0.037520945
/home/tianlong/Downloads//test/wyiajvmitt.mp4,0,0.0034498044
/home/tianlong/Downloads//test/xbdnqfbxcv.mp4,0,0.006294026
/home/tianlong/Downloads//test/mhfnldxixw.mp4,0,0.000719076
/home/tianlong/Downloads//test/pfiigjlcct.mp4,0,0.0010891587
/home/tianlong/Downloads//test/ldtibsniik.mp4,0,0.004682262
/home/tianlong/Downloads//test/gwzttezkpv.mp4,0,0.72603714
/home/tianlong/Downloads//test/pevmkpamhv.mp4,0,0.0017667878
/home/tianlong/Downloads//test/zcfpsnaujx.mp4,0,0.014699425
/home/tianlong/Downloads//test/slvcfpalev.mp4,0,0.015738484
/home/tianlong/Downloads//test/ctdwtfcjei.mp4,0,0.0017506642
/home/tianlong/Downloads//test/vxwsisekmb.mp4,0,0.0031870224
/home/tianlong/Downloads//test/pkoadvlpga.mp4,0,0.0063499063
/home/tianlong/Downloads//test/ofapaanpkl.mp4,0,0.016066674
/home/tianlong/Downloads//test/huzryvwrfa.mp4,0,0.011378776
/home/tianlong/Downloads//test/knjoasqzvt.mp4,0,0.22972897
/home/tianlong/Downloads//test/cedpyannqf.mp4,0,0.007958123
/home/tianlong/Downloads//test/mdwtpvlbrz.mp4,0,0.015930476
/home/tianlong/Downloads//test/hfcxlucrbj.mp4,0,0.21255124
/home/tianlong/Downloads//test/wbsajsyaej.mp4,0,0.00073024014
/home/tianlong/Downloads//test/tbqrwehekx.mp4,0,0.17111523
/home/tianlong/Downloads//test/shslgpeisw.mp4,0,0.029378846
/home/tianlong/Downloads//test/epgfqrvwlr.mp4,0,0.0096198665
/home/tianlong/Downloads//test/fduhwlydlg.mp4,0,0.124244824
/home/tianlong/Downloads//test/cpmridjxbc.mp4,0,0.013179949
/home/tianlong/Downloads//test/kphflojove.mp4,0,0.04027886
/home/tianlong/Downloads//test/hlcpwfwcyw.mp4,0,0.051044993
/home/tianlong/Downloads//test/bpeemkcxad.mp4,0,0.22998962
/home/tianlong/Downloads//test/jkadnvoqhk.mp4,0,0.0009510497
/home/tianlong/Downloads//test/lzzpsosige.mp4,0,0.08081158
/home/tianlong/Downloads//test/pxtwhbaxjq.mp4,0,0.038345955
/home/tianlong/Downloads//test/pxgcsltbuo.mp4,0,0.000259131
/home/tianlong/Downloads//test/gmepmwcgwg.mp4,0,0.002456062
/home/tianlong/Downloads//test/tnetytnegv.mp4,0,0.0055971392
/home/tianlong/Downloads//test/sxmqvznwwq.mp4,0,0.07769417
/home/tianlong/Downloads//test/partcfzlbj.mp4,0,0.0071015256
/home/tianlong/Downloads//test/tnkmovifrb.mp4,0,0.96070814
/home/tianlong/Downloads//test/dpgznlwvpx.mp4,0,0.011500435
/home/tianlong/Downloads//test/mbpbbekqks.mp4,0,0.28472385
/home/tianlong/Downloads//test/hdbejalgtx.mp4,0,0.001470245
/home/tianlong/Downloads//test/bmdiaytrcm.mp4,0,0.0025994505
/home/tianlong/Downloads//test/yghxoihrle.mp4,0,0.030678982
/home/tianlong/Downloads//test/vcgelshrli.mp4,0,0.0011951842
/home/tianlong/Downloads//test/yvdnbmbwyh.mp4,0,0.36083168
/home/tianlong/Downloads//test/kmakhupeac.mp4,0,0.3443784
/home/tianlong/Downloads//test/ccevbixrwu.mp4,0,0.0074976743
/home/tianlong/Downloads//test/edavfjsjzw.mp4,0,0.0027259635
/home/tianlong/Downloads//test/znmzmierff.mp4,0,0.0009317493
/home/tianlong/Downloads//test/kiotoqmmfj.mp4,0,0.123488225
/home/tianlong/Downloads//test/nqctdktbtb.mp4,0,0.14003445
/home/tianlong/Downloads//test/inneixkosf.mp4,0,0.3622105
/home/tianlong/Downloads//test/occrrsyizc.mp4,0,0.00026494684
/home/tianlong/Downloads//test/zfecmsiodq.mp4,0,0.4214325
/home/tianlong/Downloads//test/haknpmhigp.mp4,0,0.0017891601
/home/tianlong/Downloads//test/zjbwxmmrgk.mp4,0,0.0012883504
/home/tianlong/Downloads//test/qgpabkriss.mp4,0,0.019133275
/home/tianlong/Downloads//test/liureznisp.mp4,0,0.03757774
/home/tianlong/Downloads//test/bzdywpajvr.mp4,0,0.46067458
/home/tianlong/Downloads//test/jniytngcmy.mp4,0,0.004936015
/home/tianlong/Downloads//test/idklchvhxp.mp4,0,0.6511613
/home/tianlong/Downloads//test/pijzjjchqn.mp4,0,0.92441225
/home/tianlong/Downloads//test/pjnsejazpl.mp4,0,0.00091947394
/home/tianlong/Downloads//test/gpaqoqegbn.mp4,0,0.038335282
/home/tianlong/Downloads//test/xsxwrwvfkg.mp4,0,0.008867936
/home/tianlong/Downloads//test/arwefyghir.mp4,0,0.007482037
/home/tianlong/Downloads//test/ptgvxdueef.mp4,0,0.0043600216
/home/tianlong/Downloads//test/plljpjscih.mp4,0,0.002793802
/home/tianlong/Downloads//test/jozfaxodnx.mp4,0,0.0034744206
/home/tianlong/Downloads//test/girdwtjwsr.mp4,0,0.050151337
/home/tianlong/Downloads//test/jbaahohsns.mp4,0,0.0015244692
/home/tianlong/Downloads//test/uetfcmaryk.mp4,0,0.6367761
/home/tianlong/Downloads//test/oqbltrmhvt.mp4,0,0.62316334
/home/tianlong/Downloads//test/dvtzvkcrku.mp4,0,0.062081933
/home/tianlong/Downloads//test/qjilklnynm.mp4,0,0.009493634
/home/tianlong/Downloads//test/tcsdjwbihw.mp4,0,0.0070377886
/home/tianlong/Downloads//test/zhftwvtutp.mp4,0,0.001553946
/home/tianlong/Downloads//test/xgktqwvknw.mp4,0,0.0127887875
/home/tianlong/Downloads//test/cdeesuuuqz.mp4,0,0.004976864
/home/tianlong/Downloads//test/ymngcysczs.mp4,0,0.0009863086
/home/tianlong/Downloads//test/gctyynjruz.mp4,0,0.019362923
/home/tianlong/Downloads//test/vkirqaiuoc.mp4,0,0.0028112126
/home/tianlong/Downloads//test/ykywskdwlc.mp4,0,0.69109213
/home/tianlong/Downloads//test/verpxkucoi.mp4,0,0.00064045395
/home/tianlong/Downloads//test/gpsqelalbp.mp4,0,0.035427917
/home/tianlong/Downloads//test/paorozwtbf.mp4,0,0.0051171393
/home/tianlong/Downloads//test/iaaecuquha.mp4,0,0.004094269
/home/tianlong/Downloads//test/lmgdjtzwau.mp4,0,0.5474194
/home/tianlong/Downloads//test/tayykmblhg.mp4,0,0.0017350342
/home/tianlong/Downloads//test/hpurahupjh.mp4,0,0.003958351
/home/tianlong/Downloads//test/uutxmgqajd.mp4,0,0.008359132
/home/tianlong/Downloads//test/rbkcpkwhjn.mp4,0,0.017752398
/home/tianlong/Downloads//test/wtnloygygs.mp4,0,0.00930813
/home/tianlong/Downloads//test/biborxaekt.mp4,0,0.0015577476
/home/tianlong/Downloads//test/drlnvwvvuw.mp4,0,0.0403022
/home/tianlong/Downloads//test/axutpjywuu.mp4,0,0.34337562
/home/tianlong/Downloads//test/jbcnsmlysc.mp4,0,0.0012366502
/home/tianlong/Downloads//test/ilzhgraxpl.mp4,0,0.014496736
/home/tianlong/Downloads//test/cwqhzuhjol.mp4,0,0.0032585592
/home/tianlong/Downloads//test/tlzordotqw.mp4,0,0.06191486
/home/tianlong/Downloads//test/hdauuytvhx.mp4,0,0.14274396
/home/tianlong/Downloads//test/rtiyduycrn.mp4,0,0.40791216
/home/tianlong/Downloads//test/mdsmgzaltc.mp4,0,0.13289578
/home/tianlong/Downloads//test/mnlxxoicoo.mp4,0,0.00032865832
/home/tianlong/Downloads//test/ksfuiztwuc.mp4,0,0.0028595603
/home/tianlong/Downloads//test/tpjydgkvdt.mp4,0,0.0012978693
/home/tianlong/Downloads//test/nmjesbwiux.mp4,0,0.005494132
/home/tianlong/Downloads//test/egzfaoiuwo.mp4,0,0.002091247
/home/tianlong/Downloads//test/ucmfbukrkj.mp4,0,0.00049529877
/home/tianlong/Downloads//test/aoqzxlwvmi.mp4,0,0.11973564
/home/tianlong/Downloads//test/zzjfzeuizr.mp4,0,0.7540121
/home/tianlong/Downloads//test/aunokqsmrt.mp4,0,0.019111173
/home/tianlong/Downloads//test/kudvvlgiff.mp4,0,0.007842003
/home/tianlong/Downloads//test/qqwsabrgxh.mp4,0,0.00031815638
/home/tianlong/Downloads//test/pvsslamopo.mp4,0,0.0048265317
/home/tianlong/Downloads//test/kawxnfacqs.mp4,0,0.0036597718
/home/tianlong/Downloads//test/lxeqbyddvt.mp4,0,0.0020200773
/home/tianlong/Downloads//test/zylribcaeu.mp4,0,0.0009513452
/home/tianlong/Downloads//test/sghdekqnnn.mp4,0,0.0017073363
/home/tianlong/Downloads//test/msbqgoxxlh.mp4,0,0.059180707
/home/tianlong/Downloads//test/ubbzrfgzer.mp4,0,0.012978542
/home/tianlong/Downloads//test/vuofhivyfs.mp4,0,0.59749275
/home/tianlong/Downloads//test/xirrbpmlja.mp4,0,0.04236891
/home/tianlong/Downloads//test/appvffejyy.mp4,0,0.4757089
/home/tianlong/Downloads//test/nzepxsbotb.mp4,0,0.010183895
/home/tianlong/Downloads//test/nkqkvwpghi.mp4,0,0.061513424
/home/tianlong/Downloads//test/vdvffooule.mp4,0,0.6229822
/home/tianlong/Downloads//test/rayhrvqorn.mp4,0,0.0012570538
/home/tianlong/Downloads//test/cslfapvyjv.mp4,0,0.010785271
/home/tianlong/Downloads//test/rmygsfjyvt.mp4,0,0.016359251
/home/tianlong/Downloads//test/yhbhhibwzo.mp4,0,0.037772734
/home/tianlong/Downloads//test/vlxfyuzygn.mp4,0,0.023427835
/home/tianlong/Downloads//test/zefqhoewww.mp4,0,0.0016093606
/home/tianlong/Downloads//test/vptrrrmhyb.mp4,0,0.00071595307
/home/tianlong/Downloads//test/cefolmrrlx.mp4,0,0.0053098807
/home/tianlong/Downloads//test/xzmplldajk.mp4,0,0.00027093332
/home/tianlong/Downloads//test/hrznynemfj.mp4,0,0.0007423524
/home/tianlong/Downloads//test/tkxblcleyd.mp4,0,0.0012571845
/home/tianlong/Downloads//test/tlxgwzheli.mp4,0,0.0011130188
/home/tianlong/Downloads//test/qvgutokvct.mp4,0,0.06776565
/home/tianlong/Downloads//test/tcwyxrvdpe.mp4,0,0.0073375194
/home/tianlong/Downloads//test/jwrypvpvpx.mp4,0,0.0033528316
/home/tianlong/Downloads//test/bpyjsrjcro.mp4,0,0.29386526
/home/tianlong/Downloads//test/avteqdmbob.mp4,0,0.2129198
/home/tianlong/Downloads//test/aaivbtdyjn.mp4,0,0.025303835
/home/tianlong/Downloads//test/pokctfragw.mp4,0,0.0009715857
/home/tianlong/Downloads//test/vgdllmzjcw.mp4,0,0.0006764798
/home/tianlong/Downloads//test/zdlhavfmit.mp4,0,0.25748068
/home/tianlong/Downloads//test/yupsrmckii.mp4,0,0.02106166
/home/tianlong/Downloads//test/pobpsxjbzg.mp4,0,0.00053643424
/home/tianlong/Downloads//test/lkvouattut.mp4,0,0.017363932
/home/tianlong/Downloads//test/anjzzdyhno.mp4,0,0.0014429707
/home/tianlong/Downloads//test/jvihmimqca.mp4,0,0.014948912
/home/tianlong/Downloads//test/wnoitecfmf.mp4,0,0.0034675337
/home/tianlong/Downloads//test/gbvllwqbjl.mp4,0,0.013844423
/home/tianlong/Downloads//test/gzabjmglim.mp4,0,0.006586808
/home/tianlong/Downloads//test/paqcbtdulm.mp4,0,0.0035553607
/home/tianlong/Downloads//test/jcbbrqaaaq.mp4,0,0.008246612
/home/tianlong/Downloads//test/nsavbywhlu.mp4,0,0.2135108
/home/tianlong/Downloads//test/zwfebeiqat.mp4,0,0.002186503
/home/tianlong/Downloads//test/pimrsfwcwm.mp4,0,0.23459849
/home/tianlong/Downloads//test/mrvdmwcblt.mp4,0,0.08480455
/home/tianlong/Downloads//test/hedetzyqpu.mp4,0,0.655924
/home/tianlong/Downloads//test/qytaiboeep.mp4,0,0.31936136
/home/tianlong/Downloads//test/famavifufv.mp4,0,0.0017224122
/home/tianlong/Downloads//test/hnselekxwv.mp4,0,0.057425343
/home/tianlong/Downloads//test/emgciwmtuj.mp4,0,0.008210038
/home/tianlong/Downloads//test/wbmvbetcdm.mp4,0,0.0015175588
/home/tianlong/Downloads//test/mpvnvvihzp.mp4,0,0.3105767
/home/tianlong/Downloads//test/zelgpxflfe.mp4,0,0.36327258
/home/tianlong/Downloads//test/lhjcdavmmg.mp4,0,0.0042481176
/home/tianlong/Downloads//test/rxtqqoncwj.mp4,0,0.002246859
/home/tianlong/Downloads//test/shrpamtirw.mp4,0,0.00090032956
/home/tianlong/Downloads//test/qhzlgrtgto.mp4,0,0.0112922825
/home/tianlong/Downloads//test/uuzyzglejw.mp4,0,0.03612746
/home/tianlong/Downloads//test/bmnpqrwnex.mp4,0,0.0011688665
/home/tianlong/Downloads//test/dtssdnhgiw.mp4,0,0.009941172
/home/tianlong/Downloads//test/rlhmppiklf.mp4,0,0.0146625135
/home/tianlong/Downloads//test/sswhgeqjrt.mp4,0,0.04426564
/home/tianlong/Downloads//test/emxqsgqtdz.mp4,0,0.002290835
/home/tianlong/Downloads//test/bcwtjzsutw.mp4,0,0.6999909
/home/tianlong/Downloads//test/uomfimsutw.mp4,0,0.48270902
/home/tianlong/Downloads//test/mztlucosuc.mp4,0,0.07547757
/home/tianlong/Downloads//test/ntcfyojagi.mp4,0,0.0028565365
/home/tianlong/Downloads//test/wrbuiboyat.mp4,0,0.0052346853
/home/tianlong/Downloads//test/xiqecarvpb.mp4,0,0.002356123
/home/tianlong/Downloads//test/fcvzlzfufb.mp4,0,0.3380341
/home/tianlong/Downloads//test/savqrjnncg.mp4,0,0.22041395
/home/tianlong/Downloads//test/icqmqztbry.mp4,0,0.00044586477
/home/tianlong/Downloads//test/zzrmokkxka.mp4,0,0.4448169
/home/tianlong/Downloads//test/btgxrrldio.mp4,0,0.003871667
/home/tianlong/Downloads//test/zdnepyqjiy.mp4,0,0.047363136
/home/tianlong/Downloads//test/fybiztpnrc.mp4,0,0.019984495
/home/tianlong/Downloads//test/parqhrknkf.mp4,0,0.09691368
/home/tianlong/Downloads//test/tvffpggbrc.mp4,0,0.39411765
/home/tianlong/Downloads//test/rtpuwtrxsr.mp4,0,0.015219765
/home/tianlong/Downloads//test/tgmqfzsznf.mp4,0,0.000514424
/home/tianlong/Downloads//test/eqabuehals.mp4,0,0.006358785
/home/tianlong/Downloads//test/ikebomnsiq.mp4,0,0.026373291
/home/tianlong/Downloads//test/wfzxrfxohw.mp4,0,0.00700796
/home/tianlong/Downloads//test/dqfgwejsvm.mp4,0,0.0002532129
/home/tianlong/Downloads//test/lxadgjqzbf.mp4,0,0.20101817
/home/tianlong/Downloads//test/tdahgbtenl.mp4,0,0.31624457
/home/tianlong/Downloads//test/bivzhsmrqo.mp4,0,0.0035824073
/home/tianlong/Downloads//test/vzxluflrhn.mp4,0,0.004695777
/home/tianlong/Downloads//test/ikmsdmynbf.mp4,0,0.0010856465
/home/tianlong/Downloads//test/kuqbgbrypa.mp4,0,0.9248598
/home/tianlong/Downloads//test/nfstajzaot.mp4,0,0.0018340495
/home/tianlong/Downloads//test/dultiznosk.mp4,0,0.0019783531
/home/tianlong/Downloads//test/ckqfqernbf.mp4,0,0.008090114
/home/tianlong/Downloads//test/kbdwudhhwf.mp4,0,0.0067229494
/home/tianlong/Downloads//test/hqpjmwyygq.mp4,0,0.0050687566
/home/tianlong/Downloads//test/tjyuudtkme.mp4,0,0.048743095
/home/tianlong/Downloads//test/tihgxlmfcj.mp4,0,0.0078569325
/home/tianlong/Downloads//test/sgdnbofecu.mp4,0,0.19500735
/home/tianlong/Downloads//test/pgamqeolau.mp4,0,0.020614685
/home/tianlong/Downloads//test/ijeqomctsa.mp4,0,0.00096804963
/home/tianlong/Downloads//test/ppruxbqpmc.mp4,0,0.00074921857
/home/tianlong/Downloads//test/hkvfyeacje.mp4,0,0.015529904
/home/tianlong/Downloads//test/zqrzqekofe.mp4,0,0.084399804
/home/tianlong/Downloads//test/iwzbgmtsuh.mp4,0,0.22674279
/home/tianlong/Downloads//test/dbixwxtuxs.mp4,0,0.24000418
/home/tianlong/Downloads//test/cepqcoseaj.mp4,0,0.0013034949
/home/tianlong/Downloads//test/gypapuqdrx.mp4,0,0.34108955
/home/tianlong/Downloads//test/djhhnixfyi.mp4,0,0.0008779875
/home/tianlong/Downloads//test/fkarxowzuf.mp4,0,0.7566712
/home/tianlong/Downloads//test/gfxnuidfgl.mp4,0,0.0008493055
/home/tianlong/Downloads//test/vsreebjsfs.mp4,0,0.0054179234
/home/tianlong/Downloads//test/manqchicur.mp4,0,0.030431053
/home/tianlong/Downloads//test/gztffgsxpt.mp4,0,0.009608601
/home/tianlong/Downloads//test/jdzkykqgsx.mp4,0,0.009854866
/home/tianlong/Downloads//test/cvbubcwkkl.mp4,0,0.008427767
/home/tianlong/Downloads//test/bgqhldvsgc.mp4,0,0.007952725
/home/tianlong/Downloads//test/blqgpxokwq.mp4,0,0.5625666
/home/tianlong/Downloads//test/cxvayntesu.mp4,0,0.00123544
/home/tianlong/Downloads//test/dxepehnhgm.mp4,0,0.02574128
/home/tianlong/Downloads//test/bcgjlsupne.mp4,0,0.0006279388
/home/tianlong/Downloads//test/uhynwthfhf.mp4,0,0.7564037
/home/tianlong/Downloads//test/gocrdvihos.mp4,0,0.007700411
/home/tianlong/Downloads//test/gtyvtbojpp.mp4,0,0.0007959877
/home/tianlong/Downloads//test/eqtwkqxolz.mp4,0,0.00068437995
/home/tianlong/Downloads//test/arwiyweadv.mp4,0,0.2909448
/home/tianlong/Downloads//test/mlizcisxro.mp4,0,0.0024838606
/home/tianlong/Downloads//test/miiymgajty.mp4,0,0.0014447027
/home/tianlong/Downloads//test/ragjclplkx.mp4,0,0.0008733086
/home/tianlong/Downloads//test/wxrfuemtxj.mp4,0,0.00045320415
/home/tianlong/Downloads//test/xxupwwukoh.mp4,0,0.0010232213
/home/tianlong/Downloads//test/qdantvtdji.mp4,0,0.095040046
/home/tianlong/Downloads//test/oqehnuhbwa.mp4,0,0.015373865
/home/tianlong/Downloads//test/yzqbwkwxsn.mp4,0,0.0031058914
/home/tianlong/Downloads//test/osjaqtkkdt.mp4,0,0.12703438
/home/tianlong/Downloads//test/nthlmvjxac.mp4,0,0.0018852877
/home/tianlong/Downloads//test/dpegbdzijf.mp4,0,0.00378638
/home/tianlong/Downloads//test/ezgusylcyf.mp4,0,0.50432384
/home/tianlong/Downloads//test/isxxybhuls.mp4,0,0.19717304
/home/tianlong/Downloads//test/dbqbwrcvjk.mp4,0,0.047106482
/home/tianlong/Downloads//test/qqrvyhjznq.mp4,0,0.0021330453
/home/tianlong/Downloads//test/ohdtmpzbtp.mp4,0,0.00055579713
/home/tianlong/Downloads//test/oupztxzdln.mp4,0,0.010798951
/home/tianlong/Downloads//test/snidpujjti.mp4,0,0.01755322
/home/tianlong/Downloads//test/yoxdseoukl.mp4,0,0.18016808
/home/tianlong/Downloads//test/bxsdnqizii.mp4,0,0.005899872
/home/tianlong/Downloads//test/ihszkmcwvw.mp4,0,0.023017347
/home/tianlong/Downloads//test/rgrqhjtoby.mp4,0,0.001184698
/home/tianlong/Downloads//test/vqibhetnwa.mp4,0,0.38205153
/home/tianlong/Downloads//test/rkqqgwurqt.mp4,0,0.007219424
/home/tianlong/Downloads//test/axdepsfowg.mp4,0,0.00034672802
/home/tianlong/Downloads//test/dcpmipuapc.mp4,0,0.040770687
/home/tianlong/Downloads//test/ncjqganhal.mp4,0,0.004016129
/home/tianlong/Downloads//test/qnbnlmpqpu.mp4,0,0.10089246
/home/tianlong/Downloads//test/ieoervpooz.mp4,0,0.0026993454
/home/tianlong/Downloads//test/fscyfygpyk.mp4,0,0.00083378534
/home/tianlong/Downloads//test/pitpjawwwp.mp4,0,0.04406778
/home/tianlong/Downloads//test/geturetbpy.mp4,0,0.0320851
/home/tianlong/Downloads//test/kwsraaqime.mp4,0,0.5511915
/home/tianlong/Downloads//test/lhgoghqmub.mp4,0,0.0040406687
/home/tianlong/Downloads//test/kdmonvkpqd.mp4,0,0.014770409
/home/tianlong/Downloads//test/wrcelewmpa.mp4,0,0.018857861
/home/tianlong/Downloads//test/bxqgvzamnx.mp4,0,0.08581181
/home/tianlong/Downloads//test/nliofvksed.mp4,0,0.014240374
/home/tianlong/Downloads//test/mwjnvghsbe.mp4,0,0.0064950967
/home/tianlong/Downloads//test/ygiscbckjl.mp4,0,0.00022237263
/home/tianlong/Downloads//test/wscclwhfsr.mp4,0,0.06967465
/home/tianlong/Downloads//test/hddminxrhw.mp4,0,0.018060107
/home/tianlong/Downloads//test/ncrkggcdqp.mp4,0,0.04291637
/home/tianlong/Downloads//test/xjinzawywt.mp4,0,0.13885367
/home/tianlong/Downloads//test/korrsqtkke.mp4,0,0.017305022
/home/tianlong/Downloads//test/tskjnnvjsa.mp4,0,0.015483497
/home/tianlong/Downloads//test/tyjxmknivy.mp4,0,0.011151323
/home/tianlong/Downloads//test/qyvqrtscbk.mp4,0,0.019357527
/home/tianlong/Downloads//test/kxnybtbpkl.mp4,0,0.00693549
/home/tianlong/Downloads//test/wiqtkqwfsw.mp4,0,0.02669096
/home/tianlong/Downloads//test/bevjclbhuo.mp4,0,0.013894355
/home/tianlong/Downloads//test/shwulrbsfx.mp4,0,0.002774484
/home/tianlong/Downloads//test/mohtuktaaq.mp4,0,0.0006169836
/home/tianlong/Downloads//test/fwsypadiom.mp4,0,0.117344305
/home/tianlong/Downloads//test/buywrbgfqy.mp4,0,0.009515231
/home/tianlong/Downloads//test/bljpdykszf.mp4,0,0.036105633
/home/tianlong/Downloads//test/ztxdkcoxvx.mp4,0,0.008500667
/home/tianlong/Downloads//test/oqeoibjbim.mp4,0,0.00055980973
/home/tianlong/Downloads//test/szwhgmrrhm.mp4,0,0.0071043177
/home/tianlong/Downloads//test/xnydmgdhum.mp4,0,0.06747768
/home/tianlong/Downloads//test/fltaysfwct.mp4,0,0.00069133186
/home/tianlong/Downloads//test/akdvkdoyoh.mp4,0,0.1968219
/home/tianlong/Downloads//test/ftfemkjnot.mp4,0,0.07786703
/home/tianlong/Downloads//test/gmbckelbzp.mp4,0,0.0027634206
/home/tianlong/Downloads//test/jjzveabagf.mp4,0,0.27165622
/home/tianlong/Downloads//test/dfqwasrdvq.mp4,0,0.054713048
/home/tianlong/Downloads//test/diskzkrrph.mp4,0,0.011558717
/home/tianlong/Downloads//test/jtwpwdqmxz.mp4,0,0.04069101
/home/tianlong/Downloads//test/qivnumuetu.mp4,0,0.0009195595
/home/tianlong/Downloads//test/blmuzhjygg.mp4,0,0.0021385092
/home/tianlong/Downloads//test/sbxlfehzjc.mp4,0,0.89286166
/home/tianlong/Downloads//test/tcwhwssdnv.mp4,0,0.6912096
/home/tianlong/Downloads//test/bkbokyebco.mp4,0,0.017511314
/home/tianlong/Downloads//test/vojsghpebv.mp4,0,0.6149777
/home/tianlong/Downloads//test/opuhoerhxb.mp4,0,0.0019103896
/home/tianlong/Downloads//test/mmhdcoqsve.mp4,0,0.0009866764
/home/tianlong/Downloads//test/ewxddjqzml.mp4,0,0.41163784
/home/tianlong/Downloads//test/dznchaiaqh.mp4,0,0.028229302
/home/tianlong/Downloads//test/mloeefokyq.mp4,0,0.0017090667
/home/tianlong/Downloads//test/fgkpembbpv.mp4,0,0.002116241
/home/tianlong/Downloads//test/orqafstesq.mp4,0,0.00073514547
/home/tianlong/Downloads//test/ckgabgjnca.mp4,0,0.60215545
/home/tianlong/Downloads//test/iuvhrgckrt.mp4,0,0.04411893
/home/tianlong/Downloads//test/vlzwcejywm.mp4,0,0.006510747
/home/tianlong/Downloads//test/cpucjmfawf.mp4,0,0.020509984
/home/tianlong/Downloads//test/ekvhyeycpr.mp4,0,0.0014071404
/home/tianlong/Downloads//test/tazlckybzu.mp4,0,0.024227705
/home/tianlong/Downloads//test/clxgzkdgta.mp4,0,0.060043294
/home/tianlong/Downloads//test/zlfbumxcxs.mp4,0,0.0022512334
/home/tianlong/Downloads//test/plhcceboag.mp4,0,0.00045818806
/home/tianlong/Downloads//test/extihvlsxg.mp4,0,0.00095352903
/home/tianlong/Downloads//test/olebnvxoyl.mp4,0,0.0007985512
/home/tianlong/Downloads//test/opdqcwqxzy.mp4,0,0.0008001126
/home/tianlong/Downloads//test/stwaypekwh.mp4,0,0.17663386
/home/tianlong/Downloads//test/xogwctpikv.mp4,0,0.0008397148
/home/tianlong/Downloads//test/cjiwxfwcit.mp4,0,0.63325876
/home/tianlong/Downloads//test/txshgvrava.mp4,0,0.0010730657
/home/tianlong/Downloads//test/ggpuxwhpri.mp4,0,0.10477929
/home/tianlong/Downloads//test/jlxnzxtopm.mp4,0,0.0015719372
/home/tianlong/Downloads//test/thjugpbwcv.mp4,0,0.45106927
/home/tianlong/Downloads//test/pkititkein.mp4,0,0.0003907775
/home/tianlong/Downloads//test/hjiwmybauf.mp4,0,0.26862434
/home/tianlong/Downloads//test/efazuieysm.mp4,0,0.20276919
/home/tianlong/Downloads//test/tdzsgrdneg.mp4,0,0.070638165
/home/tianlong/Downloads//test/mkxmvreoth.mp4,0,0.0008729162
/home/tianlong/Downloads//test/ofbjiuemkr.mp4,0,0.0023854058
/home/tianlong/Downloads//test/dogotzkdiw.mp4,0,0.04280468
/home/tianlong/Downloads//test/qdmvzknbua.mp4,0,0.0006903626
/home/tianlong/Downloads//test/pnauelqbxq.mp4,0,0.0051882453
/home/tianlong/Downloads//test/sytddqezij.mp4,0,0.06757212
/home/tianlong/Downloads//test/bhpddnqauc.mp4,0,0.0010963446
/home/tianlong/Downloads//test/imtkdzkypf.mp4,0,0.47803354
/home/tianlong/Downloads//test/kbodjivgqu.mp4,0,0.021785634
/home/tianlong/Downloads//test/qtxraeaxeh.mp4,0,0.19439706
/home/tianlong/Downloads//test/uaxmqpmswz.mp4,0,0.005540001
/home/tianlong/Downloads//test/qlbapiibba.mp4,0,0.59256315
/home/tianlong/Downloads//test/mzurunkulx.mp4,0,0.005105264
/home/tianlong/Downloads//test/aujoxrpddn.mp4,0,0.0022182395
/home/tianlong/Downloads//test/ebenvuuxld.mp4,0,0.000458112
/home/tianlong/Downloads//test/fsfjlwwsen.mp4,0,0.3926552
/home/tianlong/Downloads//test/zwgaptzuqt.mp4,0,0.0015890168
/home/tianlong/Downloads//test/gldpafckwo.mp4,0,0.012234682
/home/tianlong/Downloads//test/nvkzpexyzg.mp4,0,0.014880389
/home/tianlong/Downloads//test/vnrmxwtsmf.mp4,0,0.0006177609
/home/tianlong/Downloads//test/hmofiqjzxe.mp4,0,0.088202864
/home/tianlong/Downloads//test/ucryyubbqk.mp4,0,0.05060775
/home/tianlong/Downloads//test/gwqdrapybq.mp4,0,0.0007133187
/home/tianlong/Downloads//test/avttogwbyz.mp4,0,0.5866977
/home/tianlong/Downloads//test/hbmvxgonmq.mp4,0,0.0068770363
/home/tianlong/Downloads//test/gxxlbjuyza.mp4,0,0.0009612969
/home/tianlong/Downloads//test/jhzozsurac.mp4,0,0.0044549345
/home/tianlong/Downloads//test/opyqudaics.mp4,0,0.002238795
/home/tianlong/Downloads//test/vigbdgmudk.mp4,0,0.0019456766
/home/tianlong/Downloads//test/viidhkoxyv.mp4,0,0.014569102
/home/tianlong/Downloads//test/dmpvbeyuqb.mp4,0,0.0018067092
/home/tianlong/Downloads//test/wgycqahjww.mp4,0,0.7836273
/home/tianlong/Downloads//test/wwgmzeavbd.mp4,0,0.0034418465
/home/tianlong/Downloads//test/qtqyglbdem.mp4,0,0.0026766357
/home/tianlong/Downloads//test/nqynuhnklk.mp4,0,0.0014982242
/home/tianlong/Downloads//test/jygbqsigcr.mp4,0,0.006218265
/home/tianlong/Downloads//test/nsozqvhalr.mp4,0,0.0005591987
/home/tianlong/Downloads//test/yvmrwdyxby.mp4,0,0.03761937
/home/tianlong/Downloads//test/kvhbyuklfv.mp4,0,0.005524858
/home/tianlong/Downloads//test/iwnfvkmktq.mp4,0,0.016121525
/home/tianlong/Downloads//test/qzfmctgxcs.mp4,0,0.004499866
/home/tianlong/Downloads//test/vhipamioud.mp4,0,0.0036963061
/home/tianlong/Downloads//test/lmbvoxhowe.mp4,0,0.0060622753
/home/tianlong/Downloads//test/ziqjamfzlv.mp4,0,0.27491814
/home/tianlong/Downloads//test/kqnwutdvpd.mp4,0,0.0052154446
/home/tianlong/Downloads//test/lucpbeexdk.mp4,0,0.21994779
/home/tianlong/Downloads//test/pnotaniiuh.mp4,0,0.012617263
/home/tianlong/Downloads//test/qohtjkzity.mp4,0,0.23050115
/home/tianlong/Downloads//test/bkjhfcvsig.mp4,0,0.005600111
/home/tianlong/Downloads//test/kpcrdurodw.mp4,0,0.09188159
/home/tianlong/Downloads//test/nmphdbflzj.mp4,0,0.014138183
/home/tianlong/Downloads//test/fmsxomanga.mp4,0,0.0048875622
/home/tianlong/Downloads//test/tgwpcoljin.mp4,0,0.0122198565
/home/tianlong/Downloads//test/foynwjsqeh.mp4,0,0.0050036395
/home/tianlong/Downloads//test/vdqritvjfl.mp4,0,0.022930408
/home/tianlong/Downloads//test/egyemqrvna.mp4,0,0.8442276
/home/tianlong/Downloads//test/xrtmepdfyh.mp4,0,0.18585883
/home/tianlong/Downloads//test/zfgjechdto.mp4,0,0.0005488994
/home/tianlong/Downloads//test/jujpqsrgll.mp4,0,0.0006521445
/home/tianlong/Downloads//test/iakzgqqova.mp4,0,0.030698255
/home/tianlong/Downloads//test/fqdklzzkfj.mp4,0,0.0018794643
/home/tianlong/Downloads//test/dnfnxwbsoi.mp4,0,0.023409009
/home/tianlong/Downloads//test/lynaeydofd.mp4,0,0.006307249
/home/tianlong/Downloads//test/relrfifywa.mp4,0,0.011638396
/home/tianlong/Downloads//test/imsacxixmv.mp4,0,0.030779338
/home/tianlong/Downloads//test/rfbwukxpye.mp4,0,0.0033525252
/home/tianlong/Downloads//test/atixaudngu.mp4,0,0.010406322
/home/tianlong/Downloads//test/tcychsyltm.mp4,0,0.00043241694
/home/tianlong/Downloads//test/kifyfzqzjj.mp4,0,0.004689961
/home/tianlong/Downloads//test/irjbukzjqt.mp4,0,0.2460591
/home/tianlong/Downloads//test/jmkkbkvbjo.mp4,0,0.013274384
/home/tianlong/Downloads//test/gflhlvhqyl.mp4,0,0.074949674
/home/tianlong/Downloads//test/myebjqbxsl.mp4,0,0.000481486
/home/tianlong/Downloads//test/mqeqiytluf.mp4,0,0.0009488325
/home/tianlong/Downloads//test/zbsjlcsetv.mp4,0,0.00082890375
/home/tianlong/Downloads//test/lzmxqxrruv.mp4,0,0.3916464
/home/tianlong/Downloads//test/neotrnwthu.mp4,0,0.0039132894
/home/tianlong/Downloads//test/vwigtbeivy.mp4,0,0.014424896
/home/tianlong/Downloads//test/ldtscpryms.mp4,0,0.18455228
/home/tianlong/Downloads//test/sjgmmecazy.mp4,0,0.7958616
/home/tianlong/Downloads//test/jkrbsekajk.mp4,0,0.010593246
/home/tianlong/Downloads//test/iahzcxmuck.mp4,0,0.087571874
/home/tianlong/Downloads//test/cteqlloxwu.mp4,0,0.021349218
/home/tianlong/Downloads//test/pgqxsteufx.mp4,0,0.0047337064
/home/tianlong/Downloads//test/cmuzrrlaiy.mp4,1,0.19907348
/home/tianlong/Downloads//test/jxeqhujuvh.mp4,1,0.020102594
/home/tianlong/Downloads//test/ntaqujyzes.mp4,1,0.3336565
/home/tianlong/Downloads//test/ghxzsygiou.mp4,1,0.0018024414
/home/tianlong/Downloads//test/lvxzjwiklq.mp4,1,0.2521406
/home/tianlong/Downloads//test/wlyvvvjgnv.mp4,1,0.3852712
/home/tianlong/Downloads//test/hexxuigzdl.mp4,1,0.9984233
/home/tianlong/Downloads//test/zynrdvlrwv.mp4,1,0.000768201
/home/tianlong/Downloads//test/kbvqzihgan.mp4,1,0.5451201
/home/tianlong/Downloads//test/razacdewcv.mp4,1,0.34026763
/home/tianlong/Downloads//test/tjlrvidbxw.mp4,1,0.54254526
/home/tianlong/Downloads//test/gcbyurxhbz.mp4,1,0.004315283
/home/tianlong/Downloads//test/xticvyqqjn.mp4,1,0.13717282
/home/tianlong/Downloads//test/gqpayiddqv.mp4,1,0.16643055
/home/tianlong/Downloads//test/zmrnjhfxed.mp4,1,0.005201713
/home/tianlong/Downloads//test/slpxqmwuqm.mp4,1,0.35928446
/home/tianlong/Downloads//test/upwsvjdtgo.mp4,1,0.0006752153
/home/tianlong/Downloads//test/zpnjiswgdt.mp4,1,0.00020286364
/home/tianlong/Downloads//test/rayxtqfosv.mp4,1,0.005436015
/home/tianlong/Downloads//test/cfhoqpdzqb.mp4,1,0.0008809214
/home/tianlong/Downloads//test/okyufzgvay.mp4,1,0.00071162486
/home/tianlong/Downloads//test/wgyxtquovo.mp4,1,0.003672462
/home/tianlong/Downloads//test/kicgvgukqs.mp4,1,0.32719484
/home/tianlong/Downloads//test/aolhuwcdwv.mp4,1,0.9792528
/home/tianlong/Downloads//test/clzcvdsuyp.mp4,1,0.012984233
/home/tianlong/Downloads//test/jibhugdfbs.mp4,1,0.11751543
/home/tianlong/Downloads//test/kfiszsbzob.mp4,1,0.76618886
/home/tianlong/Downloads//test/mgwtoqonaf.mp4,1,0.51602477
/home/tianlong/Downloads//test/buzqmuifod.mp4,1,0.09447135
/home/tianlong/Downloads//test/bofmetrgfm.mp4,1,0.0033601574
/home/tianlong/Downloads//test/chlshvbday.mp4,1,0.6074923
/home/tianlong/Downloads//test/vxcjkgerao.mp4,1,0.038171
/home/tianlong/Downloads//test/qxwqqhruvz.mp4,1,0.03447131
/home/tianlong/Downloads//test/hytdcdixlv.mp4,1,0.0026991335
/home/tianlong/Downloads//test/buejhiahpy.mp4,1,0.009122096
/home/tianlong/Downloads//test/omotodymgb.mp4,1,0.013225844
/home/tianlong/Downloads//test/gmcvyrferj.mp4,1,0.00046740845
/home/tianlong/Downloads//test/ycoaclsdov.mp4,1,0.017014517
/home/tianlong/Downloads//test/scaljzcpcf.mp4,1,0.83913136
/home/tianlong/Downloads//test/uhbxhharht.mp4,1,0.12824404
/home/tianlong/Downloads//test/tmmakbzbqw.mp4,1,0.4339139
/home/tianlong/Downloads//test/mvfvefsgik.mp4,1,0.83524024
/home/tianlong/Downloads//test/inesnaprwm.mp4,1,0.17986584
/home/tianlong/Downloads//test/qqxelyjmmw.mp4,1,0.018413583
/home/tianlong/Downloads//test/dllkubdbbd.mp4,1,0.9950577
/home/tianlong/Downloads//test/ttnajmkchw.mp4,1,0.00092111714
/home/tianlong/Downloads//test/kaffwaiexj.mp4,1,0.004128524
/home/tianlong/Downloads//test/dpfuqzdtrs.mp4,1,0.19195737
/home/tianlong/Downloads//test/hfvexodpht.mp4,1,0.10833993
/home/tianlong/Downloads//test/vmxjsdkuju.mp4,1,0.83956987
/home/tianlong/Downloads//test/afaxsgqksm.mp4,1,0.9790697
/home/tianlong/Downloads//test/pgkipgmpgm.mp4,1,0.6040143
/home/tianlong/Downloads//test/ltkesswcyn.mp4,1,0.0042465255
/home/tianlong/Downloads//test/dffkcrccsj.mp4,1,0.06366966
/home/tianlong/Downloads//test/svtnilogao.mp4,1,0.07178978
/home/tianlong/Downloads//test/bzobkqewtt.mp4,1,0.12482677
/home/tianlong/Downloads//test/vemnbnqoqk.mp4,1,0.8148797
/home/tianlong/Downloads//test/nobrvdftmd.mp4,1,0.0019458195
/home/tianlong/Downloads//test/qepgiaxgpc.mp4,1,0.0041495836
/home/tianlong/Downloads//test/bogjubshbr.mp4,1,0.8256451
/home/tianlong/Downloads//test/uyoqozgdcy.mp4,1,0.00073247246
/home/tianlong/Downloads//test/cvmmtklgst.mp4,1,0.34557024
/home/tianlong/Downloads//test/qharxzhzpl.mp4,1,0.43080646
/home/tianlong/Downloads//test/sprejlmapw.mp4,1,0.0004784531
/home/tianlong/Downloads//test/crzrsezocr.mp4,1,0.0012541807
/home/tianlong/Downloads//test/wyqhadmmcy.mp4,1,0.36333674
/home/tianlong/Downloads//test/jrjxehotww.mp4,1,0.07573087
/home/tianlong/Downloads//test/xctpdujlok.mp4,1,0.057096142
/home/tianlong/Downloads//test/hfspenqmpw.mp4,1,0.40664583
/home/tianlong/Downloads//test/jkfukzcjxd.mp4,1,0.8735446
/home/tianlong/Downloads//test/knafngkgen.mp4,1,0.2761727
/home/tianlong/Downloads//test/tswmtnhfmn.mp4,1,0.008015374
/home/tianlong/Downloads//test/qoasfzksgo.mp4,1,0.0020604287
/home/tianlong/Downloads//test/hnrzuoqnkz.mp4,1,0.0020779523
/home/tianlong/Downloads//test/nussrkyuzy.mp4,1,0.04780245
/home/tianlong/Downloads//test/ciwzwmlyxz.mp4,1,0.0047472604
/home/tianlong/Downloads//test/dbauiiupef.mp4,1,0.4660005
/home/tianlong/Downloads//test/ywxfnlxtjg.mp4,1,0.0007947503
/home/tianlong/Downloads//test/pryqgrbtnu.mp4,1,0.1122267
/home/tianlong/Downloads//test/mbjpaydogy.mp4,1,0.3508318
/home/tianlong/Downloads//test/ihdopxhysr.mp4,1,0.17560178
/home/tianlong/Downloads//test/rgasvymjrj.mp4,1,0.07035115
/home/tianlong/Downloads//test/eclpgjjies.mp4,1,0.018060446
/home/tianlong/Downloads//test/kxptuwngop.mp4,1,0.0024002776
/home/tianlong/Downloads//test/uaqvffouxp.mp4,1,0.20359083
/home/tianlong/Downloads//test/xvqzzgoabm.mp4,1,0.0010600353
/home/tianlong/Downloads//test/tkgbjtcxyl.mp4,1,0.8290165
/home/tianlong/Downloads//test/xlnaxrwvcx.mp4,1,0.008186018
/home/tianlong/Downloads//test/kphfzaullq.mp4,1,0.2623381
/home/tianlong/Downloads//test/rkezgzxnoo.mp4,1,0.01847336
/home/tianlong/Downloads//test/fromclsodq.mp4,1,0.0032922723
/home/tianlong/Downloads//test/nrscfrjxpb.mp4,1,0.0022711144
/home/tianlong/Downloads//test/ygobagrhmg.mp4,1,0.17940696
/home/tianlong/Downloads//test/hisfrixnbu.mp4,1,0.25672993
/home/tianlong/Downloads//test/duzueyonao.mp4,1,0.083320975
/home/tianlong/Downloads//test/gkknsyqbnz.mp4,1,0.24069099
/home/tianlong/Downloads//test/tmgdrjjalz.mp4,1,0.8036927
/home/tianlong/Downloads//test/iajblozgtx.mp4,1,0.0061124763
/home/tianlong/Downloads//test/ahkcchuwqq.mp4,1,0.0025250115
/home/tianlong/Downloads//test/zmfiveruie.mp4,1,0.23139906
/home/tianlong/Downloads//test/xptgnpgfkn.mp4,1,0.0012132842
/home/tianlong/Downloads//test/aebhowazav.mp4,1,0.54980755
/home/tianlong/Downloads//test/geulcwvfuy.mp4,1,0.018432036
/home/tianlong/Downloads//test/glzyifzrql.mp4,1,0.5882944
/home/tianlong/Downloads//test/wvmrsucbsq.mp4,1,0.99127275
/home/tianlong/Downloads//test/moetggyxsc.mp4,1,0.035853993
/home/tianlong/Downloads//test/jfvnwpcjrm.mp4,1,0.090843454
/home/tianlong/Downloads//test/kaggpclkjm.mp4,1,0.99909276
/home/tianlong/Downloads//test/nacldwtuwp.mp4,1,0.7332186
/home/tianlong/Downloads//test/upwyvqbjlq.mp4,1,0.9980856
/home/tianlong/Downloads//test/tdmyjvptzv.mp4,1,0.5311716
/home/tianlong/Downloads//test/fzurflflwv.mp4,1,0.12324891
/home/tianlong/Downloads//test/aakjukgjme.mp4,1,0.001302948
/home/tianlong/Downloads//test/ypepsyuwmo.mp4,1,0.015526283
/home/tianlong/Downloads//test/qxhyhhkywc.mp4,1,0.0015261003
/home/tianlong/Downloads//test/iqvfopywpa.mp4,1,0.16705212
/home/tianlong/Downloads//test/xfncslssic.mp4,1,0.002217039
/home/tianlong/Downloads//test/jesstfspwv.mp4,1,0.0005684084
/home/tianlong/Downloads//test/xiraodtgnt.mp4,1,0.51872486
/home/tianlong/Downloads//test/xeuzubpylq.mp4,1,0.00018620302
/home/tianlong/Downloads//test/xszpbtciwo.mp4,1,0.030176405
/home/tianlong/Downloads//test/fkksbgaibl.mp4,1,0.8194094
/home/tianlong/Downloads//test/ntqzfgmhnj.mp4,1,0.9218483
/home/tianlong/Downloads//test/bizbjxafzr.mp4,1,0.00066442275
/home/tianlong/Downloads//test/bxfwiuvafo.mp4,1,0.6498674
/home/tianlong/Downloads//test/jfcglbovmo.mp4,1,0.35858718
/home/tianlong/Downloads//test/odidbykbar.mp4,1,0.98962307
/home/tianlong/Downloads//test/qarbtmjwhm.mp4,1,0.35635063
/home/tianlong/Downloads//test/jeierullea.mp4,1,0.005540057
/home/tianlong/Downloads//test/lrckqkzekj.mp4,1,0.0039637154
/home/tianlong/Downloads//test/riizlqngim.mp4,1,0.0019065455
/home/tianlong/Downloads//test/lmcnonfhgz.mp4,1,0.11916922
/home/tianlong/Downloads//test/lkhszpabzv.mp4,1,0.61258554
/home/tianlong/Downloads//test/njqbwiajss.mp4,1,0.0032203402
/home/tianlong/Downloads//test/ksqybmrwyg.mp4,1,0.9988678
/home/tianlong/Downloads//test/dxphlwcvan.mp4,1,0.8152353
/home/tianlong/Downloads//test/dgjssccxhx.mp4,1,0.24234405
/home/tianlong/Downloads//test/sbfxzmhzyv.mp4,1,0.78542876
/home/tianlong/Downloads//test/rlvgpdrgvi.mp4,1,0.893596
/home/tianlong/Downloads//test/uzdmxmfcqe.mp4,1,0.012817825
/home/tianlong/Downloads//test/afixxjdxef.mp4,1,0.0741181
/home/tianlong/Downloads//test/fwvxtssltw.mp4,1,0.009870005
/home/tianlong/Downloads//test/jyzlvivrmr.mp4,1,0.102693856
/home/tianlong/Downloads//test/byavookkdu.mp4,1,0.015776781
/home/tianlong/Downloads//test/agyawnxlmv.mp4,1,0.0013204587
/home/tianlong/Downloads//test/zjoonppreb.mp4,1,0.01717559
/home/tianlong/Downloads//test/sjzwpqupnm.mp4,1,0.0016064575
/home/tianlong/Downloads//test/pobrnbspcf.mp4,1,0.0008818133
/home/tianlong/Downloads//test/qdkpphviay.mp4,1,0.21597762
/home/tianlong/Downloads//test/nbyaxzmueg.mp4,1,0.0058804853
/home/tianlong/Downloads//test/vfszaqentw.mp4,1,0.17993018
/home/tianlong/Downloads//test/fosovipqkg.mp4,1,0.008560525
/home/tianlong/Downloads//test/grwcxofqrx.mp4,1,0.81087655
/home/tianlong/Downloads//test/koqxhnmkjl.mp4,1,0.84661406
/home/tianlong/Downloads//test/xkukyjokbg.mp4,1,0.9859601
/home/tianlong/Downloads//test/fmnzbwtjep.mp4,1,0.0018502418
/home/tianlong/Downloads//test/aruyyclubn.mp4,1,0.84941405
/home/tianlong/Downloads//test/eluhuvocwr.mp4,1,0.56124693
/home/tianlong/Downloads//test/iiwffwiyrg.mp4,1,0.022165079
/home/tianlong/Downloads//test/fsbabrxhqy.mp4,1,0.26599044
/home/tianlong/Downloads//test/ymqadbkafj.mp4,1,0.27879724
/home/tianlong/Downloads//test/nptmqvfuhz.mp4,1,0.04064084
/home/tianlong/Downloads//test/usjnlahlcj.mp4,1,0.5339886
/home/tianlong/Downloads//test/hbozjjcafn.mp4,1,0.0014227582
/home/tianlong/Downloads//test/cizxmeztny.mp4,1,0.4676916
/home/tianlong/Downloads//test/syxlmynhsi.mp4,1,0.7646247
/home/tianlong/Downloads//test/ezadehoecy.mp4,1,0.0019713645
/home/tianlong/Downloads//test/fpliemtlco.mp4,1,0.92269164
/home/tianlong/Downloads//test/arflgfcnkg.mp4,1,0.008447981
/home/tianlong/Downloads//test/occelhylxf.mp4,1,0.0018854201
/home/tianlong/Downloads//test/uqntkvpntd.mp4,1,0.0014942958
/home/tianlong/Downloads//test/iatevqworc.mp4,1,0.045145884
/home/tianlong/Downloads//test/xzsmgydcub.mp4,1,0.004829226
/home/tianlong/Downloads//test/qbffpkpmkf.mp4,1,0.120666645
/home/tianlong/Downloads//test/pzbpgfmroj.mp4,1,0.51950896
/home/tianlong/Downloads//test/oundixpyst.mp4,1,0.34689432
/home/tianlong/Downloads//test/hnxhwfttpy.mp4,1,0.3484437
/home/tianlong/Downloads//test/rdjwlvvwtv.mp4,1,0.25471678
/home/tianlong/Downloads//test/tcmstiljkk.mp4,1,0.818807
/home/tianlong/Downloads//test/qbfdtumuct.mp4,1,0.001661351
/home/tianlong/Downloads//test/mxnquwuszt.mp4,1,0.017039204
/home/tianlong/Downloads//test/sjooumwlzb.mp4,1,0.8118399
/home/tianlong/Downloads//test/twhwouycfg.mp4,1,0.004522012
/home/tianlong/Downloads//test/wytpaehszj.mp4,1,0.23176973
/home/tianlong/Downloads//test/srtwhbzzlr.mp4,1,0.7129499
/home/tianlong/Downloads//test/jqjfpkuckf.mp4,1,0.00037122896
/home/tianlong/Downloads//test/yxjjfaekev.mp4,1,0.0005313933
/home/tianlong/Downloads//test/cyokqrzbol.mp4,1,0.0027996185
/home/tianlong/Downloads//test/mtilpvablx.mp4,1,0.0072741183
/home/tianlong/Downloads//test/njwsmltmvb.mp4,1,0.006333638
/home/tianlong/Downloads//test/xkksfulade.mp4,1,0.5045689
/home/tianlong/Downloads//test/dtfgsvfmjq.mp4,1,0.9972747
/home/tianlong/Downloads//test/onaewxqqkd.mp4,1,0.30743983
/home/tianlong/Downloads//test/pazpnfrbbc.mp4,1,0.0010981138
/home/tianlong/Downloads//test/kgowzoxjfq.mp4,1,0.46112195
/home/tianlong/Downloads//test/ltdwtgrads.mp4,1,0.08363317
/home/tianlong/Downloads//test/znistrajpw.mp4,1,0.004736113
/home/tianlong/Downloads//test/yfhzmfhojv.mp4,1,0.8355333
/home/tianlong/Downloads//test/spkorcenyh.mp4,1,0.4092765
/home/tianlong/Downloads//test/axopbbxwzr.mp4,1,0.0008288875
/home/tianlong/Downloads//test/hxrruqinnh.mp4,1,0.99762213
/home/tianlong/Downloads//test/tkaybnjwhg.mp4,1,0.99515295
/home/tianlong/Downloads//test/lhwwhjhyqx.mp4,1,0.00040110262
/home/tianlong/Downloads//test/btxjufhiaz.mp4,1,0.0054294085
/home/tianlong/Downloads//test/dnhaskulaj.mp4,1,0.3624923
/home/tianlong/Downloads//test/vxqofldgze.mp4,1,0.0020571474
/home/tianlong/Downloads//test/ddjzmyabyu.mp4,1,0.002795451
/home/tianlong/Downloads//test/mgahaaogif.mp4,1,0.008194106
/home/tianlong/Downloads//test/ktmdpragph.mp4,1,0.0026375582
/home/tianlong/Downloads//test/xazdhdnwhh.mp4,1,0.0036011785
/home/tianlong/Downloads//test/qnslgeajnt.mp4,1,0.0015688203
/home/tianlong/Downloads//test/sivrgbsaog.mp4,1,0.11850226
/home/tianlong/Downloads//test/uzmuovkewv.mp4,1,0.63744897
/home/tianlong/Downloads//test/tvazrcdkpq.mp4,1,0.013885314
/home/tianlong/Downloads//test/jbatiwjmzh.mp4,1,0.9558506
/home/tianlong/Downloads//test/hmiylncrva.mp4,1,0.010059307
/home/tianlong/Downloads//test/uxkojffbsr.mp4,1,0.111733966
/home/tianlong/Downloads//test/crbcrxqftw.mp4,1,0.17294875
/home/tianlong/Downloads//test/yermnsnlgf.mp4,1,0.99722064
/home/tianlong/Downloads//test/gipcvghjiy.mp4,1,0.4443946
/home/tianlong/Downloads//test/iwcfxyoimw.mp4,1,0.42855206
/home/tianlong/Downloads//test/kozaofkgvk.mp4,1,0.0024798021
/home/tianlong/Downloads//test/xlgevjtsog.mp4,1,0.0005107407
/home/tianlong/Downloads//test/bpjkimtqtz.mp4,1,0.006701093
/home/tianlong/Downloads//test/pdnwaekrtn.mp4,1,0.16255394
/home/tianlong/Downloads//test/toxsrzsksc.mp4,1,0.19641833
/home/tianlong/Downloads//test/oejfypsbfh.mp4,1,0.28698054
/home/tianlong/Downloads//test/hwyuwbnszo.mp4,1,0.019032659
/home/tianlong/Downloads//test/acgyspwyqr.mp4,1,0.0026304522
/home/tianlong/Downloads//test/oitcqmvnsa.mp4,1,0.0010518864
/home/tianlong/Downloads//test/pdqqkuclvd.mp4,1,0.012730539
/home/tianlong/Downloads//test/slsyjvgfpu.mp4,1,0.041020554
/home/tianlong/Downloads//test/xmdfnldfyc.mp4,1,0.1882141
/home/tianlong/Downloads//test/ynkzlkahux.mp4,1,0.004128035
/home/tianlong/Downloads//test/szjbkskyph.mp4,1,0.9218537
/home/tianlong/Downloads//test/yyiiywtiry.mp4,1,0.04317268
/home/tianlong/Downloads//test/crvotfojeq.mp4,1,0.00052134774
/home/tianlong/Downloads//test/rsqblsfgli.mp4,1,0.00211954
/home/tianlong/Downloads//test/becqadbtkb.mp4,1,0.34103268
/home/tianlong/Downloads//test/afqaubpglg.mp4,1,0.006483747
/home/tianlong/Downloads//test/pwplooonzr.mp4,1,0.0027005542
/home/tianlong/Downloads//test/vjegxiyvla.mp4,1,0.0031221192
/home/tianlong/Downloads//test/jbwtbfbdko.mp4,1,0.029670745
/home/tianlong/Downloads//test/toggbitvfd.mp4,1,0.56522894
/home/tianlong/Downloads//test/xpfhawmzbe.mp4,1,0.00030158646
/home/tianlong/Downloads//test/kjwdinzplo.mp4,1,0.0015993782
/home/tianlong/Downloads//test/jrkdzpijpb.mp4,1,0.21808675
/home/tianlong/Downloads//test/lbnuxynggy.mp4,1,0.0008557846
/home/tianlong/Downloads//test/iorrylopzn.mp4,1,0.9994756
/home/tianlong/Downloads//test/yasxapunrf.mp4,1,0.15768668
/home/tianlong/Downloads//test/suohrphvbe.mp4,1,0.0075559155
/home/tianlong/Downloads//test/salsuwvckq.mp4,1,0.6170344
/home/tianlong/Downloads//test/eclnowceyi.mp4,1,0.0003670081
/home/tianlong/Downloads//test/wvtymfvbwq.mp4,1,0.015133383
/home/tianlong/Downloads//test/rsjhmrvdwg.mp4,1,0.0065403557
/home/tianlong/Downloads//test/qtvhpmoukj.mp4,1,0.20288709
/home/tianlong/Downloads//test/svqkfjfucw.mp4,1,0.00048089804
/home/tianlong/Downloads//test/jdlqmnhuix.mp4,1,0.81274414
/home/tianlong/Downloads//test/ltmkgkppwx.mp4,1,0.0018630192
/home/tianlong/Downloads//test/zaoyocjkgw.mp4,1,0.00088796363
/home/tianlong/Downloads//test/vgrhobnbfo.mp4,1,0.0004131613
/home/tianlong/Downloads//test/eeeuzozcdc.mp4,1,0.004146573
/home/tianlong/Downloads//test/ikgxqbhmlv.mp4,1,0.7668739
/home/tianlong/Downloads//test/zyeakowujw.mp4,1,0.747244
/home/tianlong/Downloads//test/uerapqglmr.mp4,1,0.88961095
/home/tianlong/Downloads//test/fmuncwjpej.mp4,1,0.17943239
/home/tianlong/Downloads//test/xllzvdxwiv.mp4,1,0.19324481
/home/tianlong/Downloads//test/giuymhlbyo.mp4,1,0.08064532
/home/tianlong/Downloads//test/bubbmjnmge.mp4,1,0.033392668
/home/tianlong/Downloads//test/qwqefbalkv.mp4,1,0.000868159
/home/tianlong/Downloads//test/aupsxowdcp.mp4,1,0.0004277226
/home/tianlong/Downloads//test/apjovfzzft.mp4,1,0.0062520346
/home/tianlong/Downloads//test/yjbnaqwxyf.mp4,1,0.5780374
/home/tianlong/Downloads//test/dajlkmlvch.mp4,1,0.0012650556
/home/tianlong/Downloads//test/egwzzhemvk.mp4,1,0.8948123
/home/tianlong/Downloads//test/vlhrgeyvqy.mp4,1,0.0013812635
/home/tianlong/Downloads//test/vpolvvzwsw.mp4,1,0.001192973
/home/tianlong/Downloads//test/ddkcxrncmq.mp4,1,0.87622947
/home/tianlong/Downloads//test/fncnobpzzx.mp4,1,0.076895155
/home/tianlong/Downloads//test/lhayhvqjmg.mp4,1,0.33625072
/home/tianlong/Downloads//test/yboofyemks.mp4,1,0.0009599856
/home/tianlong/Downloads//test/wzkovvmdkq.mp4,1,0.32890373
/home/tianlong/Downloads//test/axxldpmbat.mp4,1,0.44744498
/home/tianlong/Downloads//test/piovymzozl.mp4,1,0.00866327
/home/tianlong/Downloads//test/ymjrnwsjxt.mp4,1,0.0003038028
/home/tianlong/Downloads//test/jfxroglrst.mp4,1,0.00027054508
/home/tianlong/Downloads//test/qzyaijdbfe.mp4,1,0.34750035
/home/tianlong/Downloads//test/gzwzxbtkpd.mp4,1,0.77339447
/home/tianlong/Downloads//test/bgssriyozb.mp4,1,0.002710134
/home/tianlong/Downloads//test/wqtraebanl.mp4,1,0.42977
/home/tianlong/Downloads//test/lovkthgavz.mp4,1,0.001474594
/home/tianlong/Downloads//test/vpgjaoyvir.mp4,1,0.0023468935
/home/tianlong/Downloads//test/btlqqvfuck.mp4,1,0.012541652
/home/tianlong/Downloads//test/zzxidpsxmv.mp4,1,0.098086454
/home/tianlong/Downloads//test/qzuhjrhozy.mp4,1,0.0007480603
/home/tianlong/Downloads//test/rtuaxyuvqs.mp4,1,0.05284939
/home/tianlong/Downloads//test/vybbullejj.mp4,1,0.018057106
/home/tianlong/Downloads//test/lblweiecpx.mp4,1,0.2528208
/home/tianlong/Downloads//test/qkchcuiljp.mp4,1,0.79726374
/home/tianlong/Downloads//test/roivdutkrz.mp4,1,0.93596935
/home/tianlong/Downloads//test/rziziscker.mp4,1,0.0023533155
/home/tianlong/Downloads//test/zsdmgllhck.mp4,1,0.027614996
/home/tianlong/Downloads//test/kpkzqbpivj.mp4,1,0.026300916
/home/tianlong/Downloads//test/tgkjhdyxww.mp4,1,0.071121186
/home/tianlong/Downloads//test/zubaiztkag.mp4,1,0.68305093
/home/tianlong/Downloads//test/figxvsdmsb.mp4,1,0.00024347329
/home/tianlong/Downloads//test/enzlliylet.mp4,1,0.61130726
/home/tianlong/Downloads//test/acekgkqgdg.mp4,1,0.026211808
/home/tianlong/Downloads//test/ljrikjsgis.mp4,1,0.008712775
/home/tianlong/Downloads//test/vawotznxqn.mp4,1,0.86479414
/home/tianlong/Downloads//test/jsqtbnxnpb.mp4,1,0.7960955
/home/tianlong/Downloads//test/yibeqxcadd.mp4,1,0.46128988
/home/tianlong/Downloads//test/zvgekhyszq.mp4,1,0.0025089444
/home/tianlong/Downloads//test/luisdnrumh.mp4,1,0.68010277
/home/tianlong/Downloads//test/xffjesgeey.mp4,1,0.08981403
/home/tianlong/Downloads//test/haesrhzukc.mp4,1,0.99985003
/home/tianlong/Downloads//test/uwccodyhgh.mp4,1,0.45236525
/home/tianlong/Downloads//test/msdtzpmmae.mp4,1,0.00093830854
/home/tianlong/Downloads//test/zgiypcmpic.mp4,1,0.008962418
/home/tianlong/Downloads//test/olkcmrmvbh.mp4,1,0.24081254
/home/tianlong/Downloads//test/kiffbbtjfe.mp4,1,0.19263366
/home/tianlong/Downloads//test/junzzlnlfw.mp4,1,0.07567381
/home/tianlong/Downloads//test/qkgicklwyn.mp4,1,0.009387149
/home/tianlong/Downloads//test/wluigkzjdl.mp4,1,0.0013878987
/home/tianlong/Downloads//test/rsnrcisldc.mp4,1,0.60991174
/home/tianlong/Downloads//test/asiuftijhs.mp4,1,0.06771708
/home/tianlong/Downloads//test/yjloopcthi.mp4,1,0.011393758
/home/tianlong/Downloads//test/tzzwqaxtrk.mp4,1,0.71833974
/home/tianlong/Downloads//test/tmfvsxrxnk.mp4,1,0.01979315
/home/tianlong/Downloads//test/dlsdmdraln.mp4,1,0.0009930669
/home/tianlong/Downloads//test/rkygzeyegz.mp4,1,0.9899173
/home/tianlong/Downloads//test/truremwrti.mp4,1,0.0009804942
/home/tianlong/Downloads//test/depcrcqwai.mp4,1,0.53499067
/home/tianlong/Downloads//test/jovohczybs.mp4,1,0.7530085
/home/tianlong/Downloads//test/udcpjfvqro.mp4,1,0.0061186766
/home/tianlong/Downloads//test/yxlkovjssa.mp4,1,0.30488625
/home/tianlong/Downloads//test/trltdpitif.mp4,1,0.3848488
/home/tianlong/Downloads//test/hwufwjdaai.mp4,1,0.6949285
/home/tianlong/Downloads//test/vgfxjwupga.mp4,1,0.4969407
/home/tianlong/Downloads//test/jejjcsijvc.mp4,1,0.02750991
/home/tianlong/Downloads//test/yjpfhrfyfn.mp4,1,0.0018224198
/home/tianlong/Downloads//test/izyqqybmcq.mp4,1,0.0017782142
/home/tianlong/Downloads//test/xjnflcfxhn.mp4,1,0.0087012695
/home/tianlong/Downloads//test/zidsbdilrm.mp4,1,0.02153932
/home/tianlong/Downloads//test/lepqvhstws.mp4,1,0.38808018
/home/tianlong/Downloads//test/eabghyltka.mp4,1,0.038136102
/home/tianlong/Downloads//test/qxgwcsugvd.mp4,1,0.43483123
/home/tianlong/Downloads//test/oitqddnspw.mp4,1,0.000928548
/home/tianlong/Downloads//test/jiddesrgoi.mp4,1,0.93804646
/home/tianlong/Downloads//test/whsqzlklam.mp4,1,0.001040668
/home/tianlong/Downloads//test/hwspklkjol.mp4,1,0.17424497
/home/tianlong/Downloads//test/mgxdtegobh.mp4,1,0.027367523
/home/tianlong/Downloads//test/dkvxzocpnx.mp4,1,0.025710786
/home/tianlong/Downloads//test/zxjiwvyzbs.mp4,1,0.36414236
/home/tianlong/Downloads//test/qysxqoredd.mp4,1,0.17525789
/home/tianlong/Downloads//test/angqjpzdts.mp4,1,0.0008629323
/home/tianlong/Downloads//test/slbhiftdwk.mp4,1,0.0007472423
/home/tianlong/Downloads//test/ctsjalmkpx.mp4,1,0.0013479342
/home/tianlong/Downloads//test/jrwqouwlzc.mp4,1,0.071321525
/home/tianlong/Downloads//test/vcqcervdzi.mp4,1,0.0021131528
/home/tianlong/Downloads//test/mxczokbutl.mp4,1,0.65867406
/home/tianlong/Downloads//test/qawqquinvi.mp4,1,0.6188389
/home/tianlong/Downloads//test/cqiyijvrcj.mp4,1,0.38849849
/home/tianlong/Downloads//test/wypdykzzma.mp4,1,0.05105148
/home/tianlong/Downloads//test/zdurkznxhi.mp4,1,0.006079162
/home/tianlong/Downloads//test/llwjpzzrur.mp4,1,0.3297059
/home/tianlong/Downloads//test/stmqpsakem.mp4,1,0.02840139
/home/tianlong/Downloads//test/hqfxruqynj.mp4,1,0.0037837636
/home/tianlong/Downloads//test/cotxffvovx.mp4,1,0.0010050843
/home/tianlong/Downloads//test/yiwyejujhz.mp4,1,0.20408039
/home/tianlong/Downloads//test/azkhkminwu.mp4,1,0.0372824
/home/tianlong/Downloads//test/yoicqcpxgm.mp4,1,0.59641933
/home/tianlong/Downloads//test/kcpamicxjs.mp4,1,0.19427276
/home/tianlong/Downloads//test/mbnvlpwewk.mp4,1,0.7187562
/home/tianlong/Downloads//test/wjqdwzowcg.mp4,1,0.0074593266
/home/tianlong/Downloads//test/vqtspwkgwe.mp4,1,0.1458762
/home/tianlong/Downloads//test/rurhyzsnyi.mp4,1,0.6410235
/home/tianlong/Downloads//test/sipuxpudya.mp4,1,0.0010524945
/home/tianlong/Downloads//test/scchmtbzar.mp4,1,0.3585642
/home/tianlong/Downloads//test/qyhlzalxzm.mp4,1,0.21579814
/home/tianlong/Downloads//test/ektrtuwidv.mp4,1,0.20131879
/home/tianlong/Downloads//test/scbfkrlytb.mp4,1,0.31159708
/home/tianlong/Downloads//test/kxnsmwhqtl.mp4,1,0.20732613
/home/tianlong/Downloads//test/fiayeurvwb.mp4,1,0.12805931
/home/tianlong/Downloads//test/xpuntxtdbs.mp4,1,0.28007728
/home/tianlong/Downloads//test/edvyxmzpoy.mp4,1,0.28541702
/home/tianlong/Downloads//test/thnywrwayf.mp4,1,0.2315099
/home/tianlong/Downloads//test/xojauzdavy.mp4,1,0.6710884
/home/tianlong/Downloads//test/kaajaxzivt.mp4,1,0.019211447
/home/tianlong/Downloads//test/fmvdkhucsz.mp4,1,0.7639016
/home/tianlong/Downloads//test/mdkqmouddq.mp4,1,0.3655644
/home/tianlong/Downloads//test/ehtvcnlsfl.mp4,1,0.0018475816
/home/tianlong/Downloads//test/iizsrcugyd.mp4,1,0.14809349
/home/tianlong/Downloads//test/hurlxdpsxl.mp4,1,0.008792172
/home/tianlong/Downloads//test/rvfhfbutlx.mp4,1,0.9259826
/home/tianlong/Downloads//test/ycxkcnwrbw.mp4,1,0.575568
/home/tianlong/Downloads//test/jrmgqzgcmj.mp4,1,0.0041905073
/home/tianlong/Downloads//test/cinrseylyp.mp4,1,0.12530582
/home/tianlong/Downloads//test/uhvmrfksax.mp4,1,0.0031163401
/home/tianlong/Downloads//test/djjdzsivvi.mp4,1,0.029991072
/home/tianlong/Downloads//test/pmulgdcejl.mp4,1,0.8194143
/home/tianlong/Downloads//test/ngvbaolyub.mp4,1,0.0012584395
/home/tianlong/Downloads//test/kpyyjmxmoj.mp4,1,0.0051989825
/home/tianlong/Downloads//test/xhizcimlzp.mp4,1,0.002053399
/home/tianlong/Downloads//test/ulygywporv.mp4,1,0.039762475
/home/tianlong/Downloads//test/psunkvudmg.mp4,1,0.09194138
/home/tianlong/Downloads//test/ctarrlrgdy.mp4,1,0.0036755279
/home/tianlong/Downloads//test/hdzygqltzu.mp4,1,0.66741025
/home/tianlong/Downloads//test/rvtfddfweu.mp4,1,0.032879602
/home/tianlong/Downloads//test/kaeouvuasm.mp4,1,0.00088839803
/home/tianlong/Downloads//test/rzivzpozjr.mp4,1,0.0031767294
/home/tianlong/Downloads//test/stfqbsbvfy.mp4,1,0.022830442
/home/tianlong/Downloads//test/qbhoufagsa.mp4,1,0.0008224561
/home/tianlong/Downloads//test/xycfzkbnhy.mp4,1,0.0019873066
/home/tianlong/Downloads//test/zudnvkagjk.mp4,1,0.9970349
/home/tianlong/Downloads//test/feaqnlczwc.mp4,1,0.0016021447
/home/tianlong/Downloads//test/rqviqcsbzw.mp4,1,0.4924273
/home/tianlong/Downloads//test/dhfcwchsir.mp4,1,0.0085920645
/home/tianlong/Downloads//test/cglpyitrzw.mp4,1,0.0015471998
/home/tianlong/Downloads//test/yjypqyrhyi.mp4,1,0.5695342
/home/tianlong/Downloads//test/fokuimoqkh.mp4,1,0.69723636
/home/tianlong/Downloads//test/xzouvgiqha.mp4,1,0.2259721
/home/tianlong/Downloads//test/qyjbhkeqes.mp4,1,0.021505764
/home/tianlong/Downloads//test/phngwcpbqw.mp4,1,0.012332121
/home/tianlong/Downloads//test/rjcjcdkzkw.mp4,1,0.41111764
/home/tianlong/Downloads//test/legilvljip.mp4,1,0.78833395
/home/tianlong/Downloads//test/bukegrztbb.mp4,1,0.0028472578
/home/tianlong/Downloads//test/yvaxmtbtgx.mp4,1,0.9158859
/home/tianlong/Downloads//test/saljlsmnet.mp4,1,0.99319106
/home/tianlong/Downloads//test/ezupajzwdl.mp4,1,0.65500563
/home/tianlong/Downloads//test/xeszevnech.mp4,1,0.003667018
/home/tianlong/Downloads//test/fbqwomdehr.mp4,1,0.08982336
/home/tianlong/Downloads//test/itdywxjknn.mp4,1,0.76967204
/home/tianlong/Downloads//test/zwupuzlefv.mp4,1,0.13000794
/home/tianlong/Downloads//test/qcrofjquht.mp4,1,0.008984378
/home/tianlong/Downloads//test/jblkcfejih.mp4,1,0.0011388289
/home/tianlong/Downloads//test/howruupkxw.mp4,1,0.4042079
/home/tianlong/Downloads//test/xslxboadvn.mp4,1,0.009092049
/home/tianlong/Downloads//test/rzykslnkdi.mp4,1,0.061883874
/home/tianlong/Downloads//test/govjvzfbcj.mp4,1,0.056711484
/home/tianlong/Downloads//test/fwbvksfidm.mp4,1,0.1637817
/home/tianlong/Downloads//test/khokwspqph.mp4,1,0.039983116
/home/tianlong/Downloads//test/sslrtrxyaj.mp4,1,0.0014004922
/home/tianlong/Downloads//test/zdmknyhzoo.mp4,1,0.00076682435
/home/tianlong/Downloads//test/rzjpckpslj.mp4,1,0.0011833534
/home/tianlong/Downloads//test/pscilvlcfe.mp4,1,0.115395606
/home/tianlong/Downloads//test/rlwkdhgoqw.mp4,1,0.11869912
/home/tianlong/Downloads//test/cmpkopoabr.mp4,1,0.2960116
/home/tianlong/Downloads//test/dbljnexmlf.mp4,1,0.009197315
/home/tianlong/Downloads//test/atfuphvjft.mp4,1,0.7268076
/home/tianlong/Downloads//test/zdldobedod.mp4,1,0.010513512
/home/tianlong/Downloads//test/iknfqmugud.mp4,1,0.11435956
/home/tianlong/Downloads//test/whusuiiqmt.mp4,1,0.017427178
/home/tianlong/Downloads//test/ksrnzzbcsz.mp4,1,0.0021131556
/home/tianlong/Downloads//test/xxhuecshhw.mp4,1,0.00073605543
/home/tianlong/Downloads//test/okmlcbefeu.mp4,1,0.050362356
/home/tianlong/Downloads//test/xryrhuskyd.mp4,1,0.050669264
/home/tianlong/Downloads//test/wevygelkrl.mp4,1,0.22201267
/home/tianlong/Downloads//test/rdpausigpg.mp4,1,0.02916197
/home/tianlong/Downloads//test/fdziwiuoer.mp4,1,0.016583087
/home/tianlong/Downloads//test/kykmrtoitd.mp4,1,0.061385542
/home/tianlong/Downloads//test/eacsjvcmlp.mp4,1,0.012192651
/home/tianlong/Downloads//test/asvuutypvz.mp4,1,0.0010932905
/home/tianlong/Downloads//test/nucqorkejg.mp4,1,0.9993909
/home/tianlong/Downloads//test/ctpexqamtx.mp4,1,0.7010317
/home/tianlong/Downloads//test/vnsxdkjjtk.mp4,1,0.022722423
/home/tianlong/Downloads//test/cktsyobheu.mp4,1,0.5157459
/home/tianlong/Downloads//test/kccicuhxgk.mp4,1,0.9908897
/home/tianlong/Downloads//test/qckjihxoze.mp4,1,0.2162607
/home/tianlong/Downloads//test/gvqtnedfso.mp4,1,0.09185867
/home/tianlong/Downloads//test/ajxkvlpgov.mp4,1,0.25044927
/home/tianlong/Downloads//test/srlilcjhaf.mp4,1,0.81171685
/home/tianlong/Downloads//test/qfjxksudna.mp4,1,0.5931264
/home/tianlong/Downloads//test/hstvglyexy.mp4,1,0.015086271
/home/tianlong/Downloads//test/jyyvhnsyys.mp4,1,0.020669509
/home/tianlong/Downloads//test/whxqigkgyk.mp4,1,0.97352445
/home/tianlong/Downloads//test/mqzrlecakr.mp4,1,0.9822935
/home/tianlong/Downloads//test/aeplbqxnge.mp4,1,0.00033702445
/home/tianlong/Downloads//test/inwaznexiv.mp4,1,0.8718376
/home/tianlong/Downloads//test/anfupdhmyr.mp4,1,0.07781448
/home/tianlong/Downloads//test/wbvlgevkmb.mp4,1,0.007029798
/home/tianlong/Downloads//test/uiykwgaarz.mp4,1,0.9668786
/home/tianlong/Downloads//test/nvarnevska.mp4,1,0.09985342
/home/tianlong/Downloads//test/ooczenomzk.mp4,1,0.0076991273
/home/tianlong/Downloads//test/qtjuhlppot.mp4,1,0.0035516229
/home/tianlong/Downloads//test/drqtyzvhdd.mp4,1,0.0007222609
/home/tianlong/Downloads//test/ytljvippwv.mp4,1,0.99165756
/home/tianlong/Downloads//test/skrqoagxle.mp4,1,0.28000122
/home/tianlong/Downloads//test/shwkznunyp.mp4,1,0.077043645
/home/tianlong/Downloads//test/tlsoagxovk.mp4,1,0.42836815
/home/tianlong/Downloads//test/enpshnkugu.mp4,1,0.0036564316
/home/tianlong/Downloads//test/vitjdpnfpi.mp4,1,0.40826544
/home/tianlong/Downloads//test/jovrnujurf.mp4,1,0.13629803
/home/tianlong/Downloads//test/sbwemwjlsl.mp4,1,0.65549135
/home/tianlong/Downloads//test/uclzxnftij.mp4,1,0.0012518407
/home/tianlong/Downloads//test/sdqjjttckw.mp4,1,0.10777148
/home/tianlong/Downloads//test/wtmggpeiom.mp4,1,0.030332735
