Video,Label,Prediction
/home/tianlong/Downloads//test/myvwyfdnxu.mp4,0,0.000245896
/home/tianlong/Downloads//test/uxgkqpiykp.mp4,0,5.6037597e-06
/home/tianlong/Downloads//test/qyscponfaf.mp4,0,2.6537276e-07
/home/tianlong/Downloads//test/tmgmbnzrrz.mp4,0,0.0001852447
/home/tianlong/Downloads//test/wfmeffvvce.mp4,0,0.0006076858
/home/tianlong/Downloads//test/fwrcfaglhz.mp4,0,0.03428609
/home/tianlong/Downloads//test/itfzfpuilx.mp4,0,6.7871827e-07
/home/tianlong/Downloads//test/wupoiiknff.mp4,0,1.5918082e-05
/home/tianlong/Downloads//test/dscprfjses.mp4,0,0.8069025
/home/tianlong/Downloads//test/ofntcunuqn.mp4,0,0.0064439722
/home/tianlong/Downloads//test/imnzannmcr.mp4,0,0.0004756772
/home/tianlong/Downloads//test/jidkzoagws.mp4,0,6.3578723e-06
/home/tianlong/Downloads//test/nkpqkddsgt.mp4,0,0.13013284
/home/tianlong/Downloads//test/xqmrrciral.mp4,0,0.0002728429
/home/tianlong/Downloads//test/ykfllpyawg.mp4,0,4.6730356e-06
/home/tianlong/Downloads//test/bpieoyctzo.mp4,0,1.2926153e-05
/home/tianlong/Downloads//test/wjrepvzlsv.mp4,0,6.979738e-05
/home/tianlong/Downloads//test/voucpidonq.mp4,0,0.00026565316
/home/tianlong/Downloads//test/fxfxtrrkeq.mp4,0,1.4781016e-06
/home/tianlong/Downloads//test/qggfpdkyzi.mp4,0,0.003050616
/home/tianlong/Downloads//test/xyucutnxhz.mp4,0,1.82114e-05
/home/tianlong/Downloads//test/rkxepdkger.mp4,0,4.873993e-06
/home/tianlong/Downloads//test/fxxpxoqoxp.mp4,0,0.00027696852
/home/tianlong/Downloads//test/jkxxwfycsj.mp4,0,0.19982865
/home/tianlong/Downloads//test/qbearsyziz.mp4,0,0.0027194617
/home/tianlong/Downloads//test/kyrbveruev.mp4,0,8.435925e-06
/home/tianlong/Downloads//test/pdyrvsvwyi.mp4,0,5.805963e-07
/home/tianlong/Downloads//test/bpxxmxuvuy.mp4,0,0.121428326
/home/tianlong/Downloads//test/ekxsduhvwh.mp4,0,2.7473247e-06
/home/tianlong/Downloads//test/ocsqqqduxx.mp4,0,4.1071607e-06
/home/tianlong/Downloads//test/qufzdwetss.mp4,0,7.184218e-06
/home/tianlong/Downloads//test/vwqrtxbwye.mp4,0,0.15113844
/home/tianlong/Downloads//test/zuduvanawx.mp4,0,0.00035585766
/home/tianlong/Downloads//test/rkjhxvdnsv.mp4,0,7.295547e-05
/home/tianlong/Downloads//test/hpcivouyku.mp4,0,0.0006680943
/home/tianlong/Downloads//test/vgndywbmgf.mp4,0,0.00043656607
/home/tianlong/Downloads//test/hfgczdzbix.mp4,0,7.7822534e-07
/home/tianlong/Downloads//test/rwehwmmutn.mp4,0,5.9603997e-07
/home/tianlong/Downloads//test/jyfnzyvznx.mp4,0,1.2408241e-05
/home/tianlong/Downloads//test/jxpodcendq.mp4,0,0.79866225
/home/tianlong/Downloads//test/kgynainlug.mp4,0,2.9862238e-06
/home/tianlong/Downloads//test/hqgervpkkf.mp4,0,0.00012772976
/home/tianlong/Downloads//test/defeqlyysh.mp4,0,0.39836174
/home/tianlong/Downloads//test/xzkwbswkao.mp4,0,0.0007529295
/home/tianlong/Downloads//test/hhdblnxhtj.mp4,0,9.290805e-06
/home/tianlong/Downloads//test/oaptmwroki.mp4,0,2.0909496e-05
/home/tianlong/Downloads//test/djlkkqmjkk.mp4,0,0.0004231204
/home/tianlong/Downloads//test/motfposykz.mp4,0,0.039328724
/home/tianlong/Downloads//test/shvfupmrho.mp4,0,0.0012410262
/home/tianlong/Downloads//test/escwmsthiz.mp4,0,5.966239e-07
/home/tianlong/Downloads//test/ctpypmzfnl.mp4,0,6.688747e-05
/home/tianlong/Downloads//test/sjqrdyzkgl.mp4,0,0.0065480336
/home/tianlong/Downloads//test/ddrjnwlugg.mp4,0,0.00015050739
/home/tianlong/Downloads//test/hxfqltenqh.mp4,0,6.642293e-06
/home/tianlong/Downloads//test/umerhoubxw.mp4,0,9.804933e-05
/home/tianlong/Downloads//test/jxrpqynwlt.mp4,0,0.00051794073
/home/tianlong/Downloads//test/hprzotbjtj.mp4,0,9.7763746e-08
/home/tianlong/Downloads//test/cqewayywpg.mp4,0,3.6695026e-05
/home/tianlong/Downloads//test/nvptcoxzah.mp4,0,0.0018344258
/home/tianlong/Downloads//test/uvzlfuxalu.mp4,0,0.4021595
/home/tianlong/Downloads//test/mfcbgbcuvb.mp4,0,5.859807e-08
/home/tianlong/Downloads//test/tmtoypmqwt.mp4,0,4.773268e-05
/home/tianlong/Downloads//test/bsjucwhlrj.mp4,0,2.7818664e-06
/home/tianlong/Downloads//test/hlsubhyoea.mp4,0,1.4933586e-06
/home/tianlong/Downloads//test/deslnszgpy.mp4,0,1.5037256e-06
/home/tianlong/Downloads//test/tfwdbkwvgz.mp4,0,2.9499943e-06
/home/tianlong/Downloads//test/ufxafdxpat.mp4,0,6.317656e-05
/home/tianlong/Downloads//test/lmacrzidyh.mp4,0,2.3788293e-06
/home/tianlong/Downloads//test/wyiajvmitt.mp4,0,0.00050270517
/home/tianlong/Downloads//test/xbdnqfbxcv.mp4,0,7.559355e-07
/home/tianlong/Downloads//test/mhfnldxixw.mp4,0,8.440903e-08
/home/tianlong/Downloads//test/pfiigjlcct.mp4,0,3.259894e-05
/home/tianlong/Downloads//test/ldtibsniik.mp4,0,1.1515552e-07
/home/tianlong/Downloads//test/gwzttezkpv.mp4,0,2.3705103e-05
/home/tianlong/Downloads//test/pevmkpamhv.mp4,0,2.7767735e-06
/home/tianlong/Downloads//test/zcfpsnaujx.mp4,0,0.0030910384
/home/tianlong/Downloads//test/slvcfpalev.mp4,0,1.7459852e-05
/home/tianlong/Downloads//test/ctdwtfcjei.mp4,0,2.7110413e-05
/home/tianlong/Downloads//test/vxwsisekmb.mp4,0,1.767736e-05
/home/tianlong/Downloads//test/pkoadvlpga.mp4,0,6.7311536e-05
/home/tianlong/Downloads//test/ofapaanpkl.mp4,0,5.9807266e-05
/home/tianlong/Downloads//test/huzryvwrfa.mp4,0,4.893876e-06
/home/tianlong/Downloads//test/knjoasqzvt.mp4,0,0.00063474814
/home/tianlong/Downloads//test/cedpyannqf.mp4,0,0.00017145804
/home/tianlong/Downloads//test/mdwtpvlbrz.mp4,0,0.00034035076
/home/tianlong/Downloads//test/hfcxlucrbj.mp4,0,0.11451453
/home/tianlong/Downloads//test/wbsajsyaej.mp4,0,3.2824416e-06
/home/tianlong/Downloads//test/tbqrwehekx.mp4,0,0.016856732
/home/tianlong/Downloads//test/shslgpeisw.mp4,0,0.049462356
/home/tianlong/Downloads//test/epgfqrvwlr.mp4,0,4.93905e-05
/home/tianlong/Downloads//test/fduhwlydlg.mp4,0,4.3344455e-05
/home/tianlong/Downloads//test/cpmridjxbc.mp4,0,3.5495177e-05
/home/tianlong/Downloads//test/kphflojove.mp4,0,0.12256074
/home/tianlong/Downloads//test/hlcpwfwcyw.mp4,0,0.027901497
/home/tianlong/Downloads//test/bpeemkcxad.mp4,0,0.7672854
/home/tianlong/Downloads//test/jkadnvoqhk.mp4,0,1.0910191e-05
/home/tianlong/Downloads//test/lzzpsosige.mp4,0,0.031927884
/home/tianlong/Downloads//test/pxtwhbaxjq.mp4,0,0.027773688
/home/tianlong/Downloads//test/pxgcsltbuo.mp4,0,7.676267e-05
/home/tianlong/Downloads//test/gmepmwcgwg.mp4,0,2.7477213e-07
/home/tianlong/Downloads//test/tnetytnegv.mp4,0,3.128812e-05
/home/tianlong/Downloads//test/sxmqvznwwq.mp4,0,1.8653936e-05
/home/tianlong/Downloads//test/partcfzlbj.mp4,0,5.0564513e-06
/home/tianlong/Downloads//test/tnkmovifrb.mp4,0,0.9488519
/home/tianlong/Downloads//test/dpgznlwvpx.mp4,0,0.00012621499
/home/tianlong/Downloads//test/mbpbbekqks.mp4,0,0.68345404
/home/tianlong/Downloads//test/hdbejalgtx.mp4,0,1.3860034e-06
/home/tianlong/Downloads//test/bmdiaytrcm.mp4,0,1.839668e-05
/home/tianlong/Downloads//test/yghxoihrle.mp4,0,1.9926116e-05
/home/tianlong/Downloads//test/vcgelshrli.mp4,0,6.791797e-07
/home/tianlong/Downloads//test/yvdnbmbwyh.mp4,0,0.0041990383
/home/tianlong/Downloads//test/kmakhupeac.mp4,0,0.9846014
/home/tianlong/Downloads//test/ccevbixrwu.mp4,0,2.0880967e-05
/home/tianlong/Downloads//test/edavfjsjzw.mp4,0,0.00012233251
/home/tianlong/Downloads//test/znmzmierff.mp4,0,8.5862075e-07
/home/tianlong/Downloads//test/kiotoqmmfj.mp4,0,0.37375647
/home/tianlong/Downloads//test/nqctdktbtb.mp4,0,6.420001e-05
/home/tianlong/Downloads//test/inneixkosf.mp4,0,0.00041384064
/home/tianlong/Downloads//test/occrrsyizc.mp4,0,3.9789083e-07
/home/tianlong/Downloads//test/zfecmsiodq.mp4,0,1.7302427e-05
/home/tianlong/Downloads//test/haknpmhigp.mp4,0,8.151778e-06
/home/tianlong/Downloads//test/zjbwxmmrgk.mp4,0,2.5835257e-06
/home/tianlong/Downloads//test/qgpabkriss.mp4,0,0.00068730843
/home/tianlong/Downloads//test/liureznisp.mp4,0,0.0012008845
/home/tianlong/Downloads//test/bzdywpajvr.mp4,0,1.9974768e-05
/home/tianlong/Downloads//test/jniytngcmy.mp4,0,0.069483936
/home/tianlong/Downloads//test/idklchvhxp.mp4,0,0.00061210996
/home/tianlong/Downloads//test/pijzjjchqn.mp4,0,0.99924004
/home/tianlong/Downloads//test/pjnsejazpl.mp4,0,2.6627172e-06
/home/tianlong/Downloads//test/gpaqoqegbn.mp4,0,1.0745681e-05
/home/tianlong/Downloads//test/xsxwrwvfkg.mp4,0,3.3305296e-05
/home/tianlong/Downloads//test/arwefyghir.mp4,0,6.620171e-05
/home/tianlong/Downloads//test/ptgvxdueef.mp4,0,7.899031e-06
/home/tianlong/Downloads//test/plljpjscih.mp4,0,7.44531e-05
/home/tianlong/Downloads//test/jozfaxodnx.mp4,0,2.9655876e-05
/home/tianlong/Downloads//test/girdwtjwsr.mp4,0,3.297909e-06
/home/tianlong/Downloads//test/jbaahohsns.mp4,0,0.0010590078
/home/tianlong/Downloads//test/uetfcmaryk.mp4,0,0.64528084
/home/tianlong/Downloads//test/oqbltrmhvt.mp4,0,0.2910305
/home/tianlong/Downloads//test/dvtzvkcrku.mp4,0,0.0007183916
/home/tianlong/Downloads//test/qjilklnynm.mp4,0,2.4733406e-05
/home/tianlong/Downloads//test/tcsdjwbihw.mp4,0,7.757379e-05
/home/tianlong/Downloads//test/zhftwvtutp.mp4,0,1.0582002e-05
/home/tianlong/Downloads//test/xgktqwvknw.mp4,0,1.4615362e-05
/home/tianlong/Downloads//test/cdeesuuuqz.mp4,0,1.7614295e-07
/home/tianlong/Downloads//test/ymngcysczs.mp4,0,7.276352e-07
/home/tianlong/Downloads//test/gctyynjruz.mp4,0,2.2000395e-05
/home/tianlong/Downloads//test/vkirqaiuoc.mp4,0,9.3564165e-07
/home/tianlong/Downloads//test/ykywskdwlc.mp4,0,0.45428482
/home/tianlong/Downloads//test/verpxkucoi.mp4,0,9.612112e-07
/home/tianlong/Downloads//test/gpsqelalbp.mp4,0,1.9909835e-07
/home/tianlong/Downloads//test/paorozwtbf.mp4,0,6.347426e-06
/home/tianlong/Downloads//test/iaaecuquha.mp4,0,0.00038007234
/home/tianlong/Downloads//test/lmgdjtzwau.mp4,0,0.34575582
/home/tianlong/Downloads//test/tayykmblhg.mp4,0,6.710064e-07
/home/tianlong/Downloads//test/hpurahupjh.mp4,0,1.3691523e-06
/home/tianlong/Downloads//test/uutxmgqajd.mp4,0,0.00044732838
/home/tianlong/Downloads//test/rbkcpkwhjn.mp4,0,0.00014987694
/home/tianlong/Downloads//test/wtnloygygs.mp4,0,8.769466e-05
/home/tianlong/Downloads//test/biborxaekt.mp4,0,1.2367248e-06
/home/tianlong/Downloads//test/drlnvwvvuw.mp4,0,0.018789476
/home/tianlong/Downloads//test/axutpjywuu.mp4,0,0.006473175
/home/tianlong/Downloads//test/jbcnsmlysc.mp4,0,1.0323807e-05
/home/tianlong/Downloads//test/ilzhgraxpl.mp4,0,0.00012337815
/home/tianlong/Downloads//test/cwqhzuhjol.mp4,0,0.0006374271
/home/tianlong/Downloads//test/tlzordotqw.mp4,0,0.04798338
/home/tianlong/Downloads//test/hdauuytvhx.mp4,0,9.824561e-05
/home/tianlong/Downloads//test/rtiyduycrn.mp4,0,0.00025468285
/home/tianlong/Downloads//test/mdsmgzaltc.mp4,0,0.04103964
/home/tianlong/Downloads//test/mnlxxoicoo.mp4,0,6.0192446e-07
/home/tianlong/Downloads//test/ksfuiztwuc.mp4,0,3.3677939e-06
/home/tianlong/Downloads//test/tpjydgkvdt.mp4,0,7.380011e-05
/home/tianlong/Downloads//test/nmjesbwiux.mp4,0,4.0412406e-06
/home/tianlong/Downloads//test/egzfaoiuwo.mp4,0,9.642322e-06
/home/tianlong/Downloads//test/ucmfbukrkj.mp4,0,9.122123e-07
/home/tianlong/Downloads//test/aoqzxlwvmi.mp4,0,0.022163544
/home/tianlong/Downloads//test/zzjfzeuizr.mp4,0,0.8162745
/home/tianlong/Downloads//test/aunokqsmrt.mp4,0,3.872012e-05
/home/tianlong/Downloads//test/kudvvlgiff.mp4,0,3.561493e-05
/home/tianlong/Downloads//test/qqwsabrgxh.mp4,0,2.0577463e-07
/home/tianlong/Downloads//test/pvsslamopo.mp4,0,6.5288833e-07
/home/tianlong/Downloads//test/kawxnfacqs.mp4,0,1.48832205e-05
/home/tianlong/Downloads//test/lxeqbyddvt.mp4,0,4.4995923e-06
/home/tianlong/Downloads//test/zylribcaeu.mp4,0,0.00018641833
/home/tianlong/Downloads//test/sghdekqnnn.mp4,0,0.0003831052
/home/tianlong/Downloads//test/msbqgoxxlh.mp4,0,4.5341872e-07
/home/tianlong/Downloads//test/ubbzrfgzer.mp4,0,0.008655363
/home/tianlong/Downloads//test/vuofhivyfs.mp4,0,0.002271623
/home/tianlong/Downloads//test/xirrbpmlja.mp4,0,0.07977877
/home/tianlong/Downloads//test/appvffejyy.mp4,0,0.00044343644
/home/tianlong/Downloads//test/nzepxsbotb.mp4,0,0.016496573
/home/tianlong/Downloads//test/nkqkvwpghi.mp4,0,7.507942e-05
/home/tianlong/Downloads//test/vdvffooule.mp4,0,4.2959007e-05
/home/tianlong/Downloads//test/rayhrvqorn.mp4,0,2.5707957e-06
/home/tianlong/Downloads//test/cslfapvyjv.mp4,0,3.244791e-05
/home/tianlong/Downloads//test/rmygsfjyvt.mp4,0,6.8025463e-07
/home/tianlong/Downloads//test/yhbhhibwzo.mp4,0,0.0032495193
/home/tianlong/Downloads//test/vlxfyuzygn.mp4,0,0.29096907
/home/tianlong/Downloads//test/zefqhoewww.mp4,0,3.846567e-06
/home/tianlong/Downloads//test/vptrrrmhyb.mp4,0,0.00022158286
/home/tianlong/Downloads//test/cefolmrrlx.mp4,0,0.003567269
/home/tianlong/Downloads//test/xzmplldajk.mp4,0,6.4035135e-06
/home/tianlong/Downloads//test/hrznynemfj.mp4,0,1.2043577e-07
/home/tianlong/Downloads//test/tkxblcleyd.mp4,0,1.270761e-05
/home/tianlong/Downloads//test/tlxgwzheli.mp4,0,1.7158394e-06
/home/tianlong/Downloads//test/qvgutokvct.mp4,0,0.011467648
/home/tianlong/Downloads//test/tcwyxrvdpe.mp4,0,1.4909902e-05
/home/tianlong/Downloads//test/jwrypvpvpx.mp4,0,2.2331558e-06
/home/tianlong/Downloads//test/bpyjsrjcro.mp4,0,0.0068801963
/home/tianlong/Downloads//test/avteqdmbob.mp4,0,1.3391303e-05
/home/tianlong/Downloads//test/aaivbtdyjn.mp4,0,0.009484028
/home/tianlong/Downloads//test/pokctfragw.mp4,0,1.656907e-07
/home/tianlong/Downloads//test/vgdllmzjcw.mp4,0,0.00018112056
/home/tianlong/Downloads//test/zdlhavfmit.mp4,0,0.0001811439
/home/tianlong/Downloads//test/yupsrmckii.mp4,0,0.0004496906
/home/tianlong/Downloads//test/pobpsxjbzg.mp4,0,0.00016920645
/home/tianlong/Downloads//test/lkvouattut.mp4,0,0.00014671648
/home/tianlong/Downloads//test/anjzzdyhno.mp4,0,4.958375e-06
/home/tianlong/Downloads//test/jvihmimqca.mp4,0,1.833407e-06
/home/tianlong/Downloads//test/wnoitecfmf.mp4,0,0.00017203414
/home/tianlong/Downloads//test/gbvllwqbjl.mp4,0,8.059045e-05
/home/tianlong/Downloads//test/gzabjmglim.mp4,0,1.2893922e-06
/home/tianlong/Downloads//test/paqcbtdulm.mp4,0,1.0659993e-06
/home/tianlong/Downloads//test/jcbbrqaaaq.mp4,0,9.0961385e-06
/home/tianlong/Downloads//test/nsavbywhlu.mp4,0,5.7500863e-05
/home/tianlong/Downloads//test/zwfebeiqat.mp4,0,0.00037514867
/home/tianlong/Downloads//test/pimrsfwcwm.mp4,0,0.00013987135
/home/tianlong/Downloads//test/mrvdmwcblt.mp4,0,2.9666558e-05
/home/tianlong/Downloads//test/hedetzyqpu.mp4,0,0.028327625
/home/tianlong/Downloads//test/qytaiboeep.mp4,0,0.0062785894
/home/tianlong/Downloads//test/famavifufv.mp4,0,7.0497263e-06
/home/tianlong/Downloads//test/hnselekxwv.mp4,0,0.0008842472
/home/tianlong/Downloads//test/emgciwmtuj.mp4,0,5.972032e-05
/home/tianlong/Downloads//test/wbmvbetcdm.mp4,0,2.0084038e-07
/home/tianlong/Downloads//test/mpvnvvihzp.mp4,0,4.68562e-05
/home/tianlong/Downloads//test/zelgpxflfe.mp4,0,0.27588534
/home/tianlong/Downloads//test/lhjcdavmmg.mp4,0,0.0013966144
/home/tianlong/Downloads//test/rxtqqoncwj.mp4,0,4.0460654e-07
/home/tianlong/Downloads//test/shrpamtirw.mp4,0,5.352664e-05
/home/tianlong/Downloads//test/qhzlgrtgto.mp4,0,6.0892013e-05
/home/tianlong/Downloads//test/uuzyzglejw.mp4,0,0.00016297762
/home/tianlong/Downloads//test/bmnpqrwnex.mp4,0,1.3663369e-07
/home/tianlong/Downloads//test/dtssdnhgiw.mp4,0,1.7161237e-05
/home/tianlong/Downloads//test/rlhmppiklf.mp4,0,0.000114984345
/home/tianlong/Downloads//test/sswhgeqjrt.mp4,0,0.0001557358
/home/tianlong/Downloads//test/emxqsgqtdz.mp4,0,1.0738563e-05
/home/tianlong/Downloads//test/bcwtjzsutw.mp4,0,0.19693613
/home/tianlong/Downloads//test/uomfimsutw.mp4,0,0.06421764
/home/tianlong/Downloads//test/mztlucosuc.mp4,0,0.0046804217
/home/tianlong/Downloads//test/ntcfyojagi.mp4,0,2.2516087e-06
/home/tianlong/Downloads//test/wrbuiboyat.mp4,0,0.0020704775
/home/tianlong/Downloads//test/xiqecarvpb.mp4,0,2.163192e-07
/home/tianlong/Downloads//test/fcvzlzfufb.mp4,0,0.00035022415
/home/tianlong/Downloads//test/savqrjnncg.mp4,0,0.020770704
/home/tianlong/Downloads//test/icqmqztbry.mp4,0,2.4700194e-07
/home/tianlong/Downloads//test/zzrmokkxka.mp4,0,0.22677238
/home/tianlong/Downloads//test/btgxrrldio.mp4,0,4.208456e-05
/home/tianlong/Downloads//test/zdnepyqjiy.mp4,0,2.6236678e-05
/home/tianlong/Downloads//test/fybiztpnrc.mp4,0,0.0011918187
/home/tianlong/Downloads//test/parqhrknkf.mp4,0,0.016572092
/home/tianlong/Downloads//test/tvffpggbrc.mp4,0,1.1019217e-05
/home/tianlong/Downloads//test/rtpuwtrxsr.mp4,0,0.00056116673
/home/tianlong/Downloads//test/tgmqfzsznf.mp4,0,1.9886497e-06
/home/tianlong/Downloads//test/eqabuehals.mp4,0,1.9365887e-06
/home/tianlong/Downloads//test/ikebomnsiq.mp4,0,8.80855e-06
/home/tianlong/Downloads//test/wfzxrfxohw.mp4,0,0.0009450082
/home/tianlong/Downloads//test/dqfgwejsvm.mp4,0,2.1838077e-05
/home/tianlong/Downloads//test/lxadgjqzbf.mp4,0,0.004793349
/home/tianlong/Downloads//test/tdahgbtenl.mp4,0,0.8879793
/home/tianlong/Downloads//test/bivzhsmrqo.mp4,0,0.0011567094
/home/tianlong/Downloads//test/vzxluflrhn.mp4,0,5.2485475e-06
/home/tianlong/Downloads//test/ikmsdmynbf.mp4,0,0.005713758
/home/tianlong/Downloads//test/kuqbgbrypa.mp4,0,0.5989189
/home/tianlong/Downloads//test/nfstajzaot.mp4,0,1.5869841e-07
/home/tianlong/Downloads//test/dultiznosk.mp4,0,3.6969186e-07
/home/tianlong/Downloads//test/ckqfqernbf.mp4,0,5.500263e-06
/home/tianlong/Downloads//test/kbdwudhhwf.mp4,0,0.00015309469
/home/tianlong/Downloads//test/hqpjmwyygq.mp4,0,3.4911274e-05
/home/tianlong/Downloads//test/tjyuudtkme.mp4,0,2.3227307e-05
/home/tianlong/Downloads//test/tihgxlmfcj.mp4,0,4.9677607e-07
/home/tianlong/Downloads//test/sgdnbofecu.mp4,0,0.008901939
/home/tianlong/Downloads//test/pgamqeolau.mp4,0,0.00073049025
/home/tianlong/Downloads//test/ijeqomctsa.mp4,0,2.7648962e-06
/home/tianlong/Downloads//test/ppruxbqpmc.mp4,0,5.2189186e-08
/home/tianlong/Downloads//test/hkvfyeacje.mp4,0,2.0048567e-06
/home/tianlong/Downloads//test/zqrzqekofe.mp4,0,0.00020330507
/home/tianlong/Downloads//test/iwzbgmtsuh.mp4,0,0.0008791744
/home/tianlong/Downloads//test/dbixwxtuxs.mp4,0,9.9128534e-05
/home/tianlong/Downloads//test/cepqcoseaj.mp4,0,0.00028390344
/home/tianlong/Downloads//test/gypapuqdrx.mp4,0,0.92880744
/home/tianlong/Downloads//test/djhhnixfyi.mp4,0,7.298083e-05
/home/tianlong/Downloads//test/fkarxowzuf.mp4,0,1.3331219e-05
/home/tianlong/Downloads//test/gfxnuidfgl.mp4,0,9.4297303e-07
/home/tianlong/Downloads//test/vsreebjsfs.mp4,0,0.015913608
/home/tianlong/Downloads//test/manqchicur.mp4,0,0.20337066
/home/tianlong/Downloads//test/gztffgsxpt.mp4,0,0.00048425863
/home/tianlong/Downloads//test/jdzkykqgsx.mp4,0,2.082695e-06
/home/tianlong/Downloads//test/cvbubcwkkl.mp4,0,8.715421e-07
/home/tianlong/Downloads//test/bgqhldvsgc.mp4,0,1.4460842e-06
/home/tianlong/Downloads//test/blqgpxokwq.mp4,0,0.0003104087
/home/tianlong/Downloads//test/cxvayntesu.mp4,0,1.0110137e-05
/home/tianlong/Downloads//test/dxepehnhgm.mp4,0,0.0020179306
/home/tianlong/Downloads//test/bcgjlsupne.mp4,0,1.4928143e-05
/home/tianlong/Downloads//test/uhynwthfhf.mp4,0,0.6209394
/home/tianlong/Downloads//test/gocrdvihos.mp4,0,3.3625292e-05
/home/tianlong/Downloads//test/gtyvtbojpp.mp4,0,0.00031275005
/home/tianlong/Downloads//test/eqtwkqxolz.mp4,0,7.447233e-07
/home/tianlong/Downloads//test/arwiyweadv.mp4,0,0.20018634
/home/tianlong/Downloads//test/mlizcisxro.mp4,0,1.2047136e-05
/home/tianlong/Downloads//test/miiymgajty.mp4,0,3.9050565e-06
/home/tianlong/Downloads//test/ragjclplkx.mp4,0,1.2924444e-05
/home/tianlong/Downloads//test/wxrfuemtxj.mp4,0,1.6654091e-06
/home/tianlong/Downloads//test/xxupwwukoh.mp4,0,0.0015410243
/home/tianlong/Downloads//test/qdantvtdji.mp4,0,0.047369286
/home/tianlong/Downloads//test/oqehnuhbwa.mp4,0,0.00010807733
/home/tianlong/Downloads//test/yzqbwkwxsn.mp4,0,3.235525e-05
/home/tianlong/Downloads//test/osjaqtkkdt.mp4,0,0.0012054059
/home/tianlong/Downloads//test/nthlmvjxac.mp4,0,2.1627468e-05
/home/tianlong/Downloads//test/dpegbdzijf.mp4,0,4.528639e-06
/home/tianlong/Downloads//test/ezgusylcyf.mp4,0,0.20980525
/home/tianlong/Downloads//test/isxxybhuls.mp4,0,0.8293985
/home/tianlong/Downloads//test/dbqbwrcvjk.mp4,0,0.20134449
/home/tianlong/Downloads//test/qqrvyhjznq.mp4,0,1.1562126e-06
/home/tianlong/Downloads//test/ohdtmpzbtp.mp4,0,9.0785187e-07
/home/tianlong/Downloads//test/oupztxzdln.mp4,0,7.910027e-05
/home/tianlong/Downloads//test/snidpujjti.mp4,0,8.01444e-06
/home/tianlong/Downloads//test/yoxdseoukl.mp4,0,0.00091533194
/home/tianlong/Downloads//test/bxsdnqizii.mp4,0,0.007532405
/home/tianlong/Downloads//test/ihszkmcwvw.mp4,0,5.162194e-05
/home/tianlong/Downloads//test/rgrqhjtoby.mp4,0,7.854773e-06
/home/tianlong/Downloads//test/vqibhetnwa.mp4,0,0.03640335
/home/tianlong/Downloads//test/rkqqgwurqt.mp4,0,0.0005398516
/home/tianlong/Downloads//test/axdepsfowg.mp4,0,3.8393222e-07
/home/tianlong/Downloads//test/dcpmipuapc.mp4,0,1.9572752e-05
/home/tianlong/Downloads//test/ncjqganhal.mp4,0,0.0006581254
/home/tianlong/Downloads//test/qnbnlmpqpu.mp4,0,0.026406458
/home/tianlong/Downloads//test/ieoervpooz.mp4,0,6.668105e-05
/home/tianlong/Downloads//test/fscyfygpyk.mp4,0,6.56717e-06
/home/tianlong/Downloads//test/pitpjawwwp.mp4,0,0.005254804
/home/tianlong/Downloads//test/geturetbpy.mp4,0,0.00024915143
/home/tianlong/Downloads//test/kwsraaqime.mp4,0,0.00019916799
/home/tianlong/Downloads//test/lhgoghqmub.mp4,0,0.009874309
/home/tianlong/Downloads//test/kdmonvkpqd.mp4,0,6.300591e-05
/home/tianlong/Downloads//test/wrcelewmpa.mp4,0,0.00046729195
/home/tianlong/Downloads//test/bxqgvzamnx.mp4,0,1.18590926e-07
/home/tianlong/Downloads//test/nliofvksed.mp4,0,0.0007780488
/home/tianlong/Downloads//test/mwjnvghsbe.mp4,0,0.045079306
/home/tianlong/Downloads//test/ygiscbckjl.mp4,0,0.0946756
/home/tianlong/Downloads//test/wscclwhfsr.mp4,0,0.018735874
/home/tianlong/Downloads//test/hddminxrhw.mp4,0,0.0001023142
/home/tianlong/Downloads//test/ncrkggcdqp.mp4,0,0.0022776274
/home/tianlong/Downloads//test/xjinzawywt.mp4,0,0.00012160508
/home/tianlong/Downloads//test/korrsqtkke.mp4,0,0.00045065637
/home/tianlong/Downloads//test/tskjnnvjsa.mp4,0,0.00013223376
/home/tianlong/Downloads//test/tyjxmknivy.mp4,0,0.00022144418
/home/tianlong/Downloads//test/qyvqrtscbk.mp4,0,2.2843213e-05
/home/tianlong/Downloads//test/kxnybtbpkl.mp4,0,3.2173097e-07
/home/tianlong/Downloads//test/wiqtkqwfsw.mp4,0,0.015136967
/home/tianlong/Downloads//test/bevjclbhuo.mp4,0,6.5848058e-06
/home/tianlong/Downloads//test/shwulrbsfx.mp4,0,0.0016106615
/home/tianlong/Downloads//test/mohtuktaaq.mp4,0,2.4941294e-06
/home/tianlong/Downloads//test/fwsypadiom.mp4,0,0.10542023
/home/tianlong/Downloads//test/buywrbgfqy.mp4,0,7.740831e-05
/home/tianlong/Downloads//test/bljpdykszf.mp4,0,0.06365533
/home/tianlong/Downloads//test/ztxdkcoxvx.mp4,0,0.00081493583
/home/tianlong/Downloads//test/oqeoibjbim.mp4,0,2.2242526e-05
/home/tianlong/Downloads//test/szwhgmrrhm.mp4,0,0.015816187
/home/tianlong/Downloads//test/xnydmgdhum.mp4,0,0.04044935
/home/tianlong/Downloads//test/fltaysfwct.mp4,0,6.002593e-07
/home/tianlong/Downloads//test/akdvkdoyoh.mp4,0,0.0024896509
/home/tianlong/Downloads//test/ftfemkjnot.mp4,0,4.5184748e-05
/home/tianlong/Downloads//test/gmbckelbzp.mp4,0,2.668621e-05
/home/tianlong/Downloads//test/jjzveabagf.mp4,0,0.0001204652
/home/tianlong/Downloads//test/dfqwasrdvq.mp4,0,0.031103829
/home/tianlong/Downloads//test/diskzkrrph.mp4,0,0.015902918
/home/tianlong/Downloads//test/jtwpwdqmxz.mp4,0,3.9043093e-06
/home/tianlong/Downloads//test/qivnumuetu.mp4,0,8.7987246e-07
/home/tianlong/Downloads//test/blmuzhjygg.mp4,0,0.0001837686
/home/tianlong/Downloads//test/sbxlfehzjc.mp4,0,0.512445
/home/tianlong/Downloads//test/tcwhwssdnv.mp4,0,0.0008148102
/home/tianlong/Downloads//test/bkbokyebco.mp4,0,8.419428e-05
/home/tianlong/Downloads//test/vojsghpebv.mp4,0,0.0013681244
/home/tianlong/Downloads//test/opuhoerhxb.mp4,0,2.1391847e-06
/home/tianlong/Downloads//test/mmhdcoqsve.mp4,0,1.4831935e-05
/home/tianlong/Downloads//test/ewxddjqzml.mp4,0,1.3567248e-05
/home/tianlong/Downloads//test/dznchaiaqh.mp4,0,0.00039933194
/home/tianlong/Downloads//test/mloeefokyq.mp4,0,4.194061e-05
/home/tianlong/Downloads//test/fgkpembbpv.mp4,0,1.5115905e-05
/home/tianlong/Downloads//test/orqafstesq.mp4,0,6.471655e-06
/home/tianlong/Downloads//test/ckgabgjnca.mp4,0,0.0046430416
/home/tianlong/Downloads//test/iuvhrgckrt.mp4,0,0.011649335
/home/tianlong/Downloads//test/vlzwcejywm.mp4,0,0.000100780846
/home/tianlong/Downloads//test/cpucjmfawf.mp4,0,0.00029296876
/home/tianlong/Downloads//test/ekvhyeycpr.mp4,0,5.16337e-05
/home/tianlong/Downloads//test/tazlckybzu.mp4,0,4.6326286e-06
/home/tianlong/Downloads//test/clxgzkdgta.mp4,0,0.083989255
/home/tianlong/Downloads//test/zlfbumxcxs.mp4,0,1.7120576e-06
/home/tianlong/Downloads//test/plhcceboag.mp4,0,2.5570992e-06
/home/tianlong/Downloads//test/extihvlsxg.mp4,0,1.2735594e-05
/home/tianlong/Downloads//test/olebnvxoyl.mp4,0,6.1591904e-06
/home/tianlong/Downloads//test/opdqcwqxzy.mp4,0,7.8363064e-07
/home/tianlong/Downloads//test/stwaypekwh.mp4,0,2.4368926e-05
/home/tianlong/Downloads//test/xogwctpikv.mp4,0,1.2172543e-06
/home/tianlong/Downloads//test/cjiwxfwcit.mp4,0,0.0009962015
/home/tianlong/Downloads//test/txshgvrava.mp4,0,2.2600725e-06
/home/tianlong/Downloads//test/ggpuxwhpri.mp4,0,0.004237911
/home/tianlong/Downloads//test/jlxnzxtopm.mp4,0,9.431491e-06
/home/tianlong/Downloads//test/thjugpbwcv.mp4,0,0.43577576
/home/tianlong/Downloads//test/pkititkein.mp4,0,3.0061432e-07
/home/tianlong/Downloads//test/hjiwmybauf.mp4,0,0.00030420837
/home/tianlong/Downloads//test/efazuieysm.mp4,0,8.759442e-05
/home/tianlong/Downloads//test/tdzsgrdneg.mp4,0,0.41894835
/home/tianlong/Downloads//test/mkxmvreoth.mp4,0,1.1352552e-06
/home/tianlong/Downloads//test/ofbjiuemkr.mp4,0,2.4873272e-05
/home/tianlong/Downloads//test/dogotzkdiw.mp4,0,1.5180784e-06
/home/tianlong/Downloads//test/qdmvzknbua.mp4,0,4.6901224e-07
/home/tianlong/Downloads//test/pnauelqbxq.mp4,0,0.0007087745
/home/tianlong/Downloads//test/sytddqezij.mp4,0,0.14926578
/home/tianlong/Downloads//test/bhpddnqauc.mp4,0,9.099769e-06
/home/tianlong/Downloads//test/imtkdzkypf.mp4,0,0.032583714
/home/tianlong/Downloads//test/kbodjivgqu.mp4,0,1.0101195e-05
/home/tianlong/Downloads//test/qtxraeaxeh.mp4,0,0.00023738593
/home/tianlong/Downloads//test/uaxmqpmswz.mp4,0,2.901912e-06
/home/tianlong/Downloads//test/qlbapiibba.mp4,0,0.21595602
/home/tianlong/Downloads//test/mzurunkulx.mp4,0,4.644429e-06
/home/tianlong/Downloads//test/aujoxrpddn.mp4,0,3.6033862e-07
/home/tianlong/Downloads//test/ebenvuuxld.mp4,0,1.2671092e-07
/home/tianlong/Downloads//test/fsfjlwwsen.mp4,0,0.9552614
/home/tianlong/Downloads//test/zwgaptzuqt.mp4,0,0.00026303163
/home/tianlong/Downloads//test/gldpafckwo.mp4,0,0.00043360787
/home/tianlong/Downloads//test/nvkzpexyzg.mp4,0,0.04329423
/home/tianlong/Downloads//test/vnrmxwtsmf.mp4,0,1.3684616e-05
/home/tianlong/Downloads//test/hmofiqjzxe.mp4,0,0.12737876
/home/tianlong/Downloads//test/ucryyubbqk.mp4,0,7.5449476e-05
/home/tianlong/Downloads//test/gwqdrapybq.mp4,0,3.123323e-08
/home/tianlong/Downloads//test/avttogwbyz.mp4,0,3.298636e-06
/home/tianlong/Downloads//test/hbmvxgonmq.mp4,0,2.4595677e-06
/home/tianlong/Downloads//test/gxxlbjuyza.mp4,0,3.1967618e-06
/home/tianlong/Downloads//test/jhzozsurac.mp4,0,0.118267916
/home/tianlong/Downloads//test/opyqudaics.mp4,0,2.6522089e-06
/home/tianlong/Downloads//test/vigbdgmudk.mp4,0,4.2651504e-06
/home/tianlong/Downloads//test/viidhkoxyv.mp4,0,5.75675e-05
/home/tianlong/Downloads//test/dmpvbeyuqb.mp4,0,8.1086336e-07
/home/tianlong/Downloads//test/wgycqahjww.mp4,0,0.38674572
/home/tianlong/Downloads//test/wwgmzeavbd.mp4,0,7.94462e-06
/home/tianlong/Downloads//test/qtqyglbdem.mp4,0,6.322157e-05
/home/tianlong/Downloads//test/nqynuhnklk.mp4,0,0.00050908106
/home/tianlong/Downloads//test/jygbqsigcr.mp4,0,5.5779674e-06
/home/tianlong/Downloads//test/nsozqvhalr.mp4,0,5.722753e-06
/home/tianlong/Downloads//test/yvmrwdyxby.mp4,0,6.418839e-06
/home/tianlong/Downloads//test/kvhbyuklfv.mp4,0,0.0036363509
/home/tianlong/Downloads//test/iwnfvkmktq.mp4,0,0.17362502
/home/tianlong/Downloads//test/qzfmctgxcs.mp4,0,9.684642e-06
/home/tianlong/Downloads//test/vhipamioud.mp4,0,0.00021116264
/home/tianlong/Downloads//test/lmbvoxhowe.mp4,0,6.4695478e-06
/home/tianlong/Downloads//test/ziqjamfzlv.mp4,0,0.0051627215
/home/tianlong/Downloads//test/kqnwutdvpd.mp4,0,3.3838453e-06
/home/tianlong/Downloads//test/lucpbeexdk.mp4,0,1.7827057e-05
/home/tianlong/Downloads//test/pnotaniiuh.mp4,0,0.0010395095
/home/tianlong/Downloads//test/qohtjkzity.mp4,0,0.026643222
/home/tianlong/Downloads//test/bkjhfcvsig.mp4,0,1.0849378e-05
/home/tianlong/Downloads//test/kpcrdurodw.mp4,0,0.0016639609
/home/tianlong/Downloads//test/nmphdbflzj.mp4,0,0.00066771463
/home/tianlong/Downloads//test/fmsxomanga.mp4,0,9.30952e-06
/home/tianlong/Downloads//test/tgwpcoljin.mp4,0,0.0005227552
/home/tianlong/Downloads//test/foynwjsqeh.mp4,0,8.103116e-05
/home/tianlong/Downloads//test/vdqritvjfl.mp4,0,0.07935773
/home/tianlong/Downloads//test/egyemqrvna.mp4,0,0.94352734
/home/tianlong/Downloads//test/xrtmepdfyh.mp4,0,7.202441e-05
/home/tianlong/Downloads//test/zfgjechdto.mp4,0,2.5433324e-05
/home/tianlong/Downloads//test/jujpqsrgll.mp4,0,4.7301847e-07
/home/tianlong/Downloads//test/iakzgqqova.mp4,0,0.00023892913
/home/tianlong/Downloads//test/fqdklzzkfj.mp4,0,0.00016954646
/home/tianlong/Downloads//test/dnfnxwbsoi.mp4,0,1.7980945e-05
/home/tianlong/Downloads//test/lynaeydofd.mp4,0,3.0149863e-06
/home/tianlong/Downloads//test/relrfifywa.mp4,0,4.2845536e-06
/home/tianlong/Downloads//test/imsacxixmv.mp4,0,3.9203238e-05
/home/tianlong/Downloads//test/rfbwukxpye.mp4,0,1.6300406e-05
/home/tianlong/Downloads//test/atixaudngu.mp4,0,5.9466674e-06
/home/tianlong/Downloads//test/tcychsyltm.mp4,0,1.0491295e-05
/home/tianlong/Downloads//test/kifyfzqzjj.mp4,0,0.00039118226
/home/tianlong/Downloads//test/irjbukzjqt.mp4,0,0.563085
/home/tianlong/Downloads//test/jmkkbkvbjo.mp4,0,0.00071227795
/home/tianlong/Downloads//test/gflhlvhqyl.mp4,0,0.0045112306
/home/tianlong/Downloads//test/myebjqbxsl.mp4,0,4.732156e-05
/home/tianlong/Downloads//test/mqeqiytluf.mp4,0,3.226952e-08
/home/tianlong/Downloads//test/zbsjlcsetv.mp4,0,6.5184404e-06
/home/tianlong/Downloads//test/lzmxqxrruv.mp4,0,0.06738753
/home/tianlong/Downloads//test/neotrnwthu.mp4,0,4.194484e-07
/home/tianlong/Downloads//test/vwigtbeivy.mp4,0,3.1065072e-06
/home/tianlong/Downloads//test/ldtscpryms.mp4,0,9.52347e-06
/home/tianlong/Downloads//test/sjgmmecazy.mp4,0,2.1356305e-05
/home/tianlong/Downloads//test/jkrbsekajk.mp4,0,0.00010890906
/home/tianlong/Downloads//test/iahzcxmuck.mp4,0,0.17464909
/home/tianlong/Downloads//test/cteqlloxwu.mp4,0,0.00079706014
/home/tianlong/Downloads//test/pgqxsteufx.mp4,0,1.270526e-05
/home/tianlong/Downloads//test/cmuzrrlaiy.mp4,1,0.10386795
/home/tianlong/Downloads//test/jxeqhujuvh.mp4,1,7.633119e-05
/home/tianlong/Downloads//test/ntaqujyzes.mp4,1,0.53550726
/home/tianlong/Downloads//test/ghxzsygiou.mp4,1,0.00022190649
/home/tianlong/Downloads//test/lvxzjwiklq.mp4,1,0.13966143
/home/tianlong/Downloads//test/wlyvvvjgnv.mp4,1,0.012164606
/home/tianlong/Downloads//test/hexxuigzdl.mp4,1,1.620381e-05
/home/tianlong/Downloads//test/zynrdvlrwv.mp4,1,0.00014470555
/home/tianlong/Downloads//test/kbvqzihgan.mp4,1,0.0069918483
/home/tianlong/Downloads//test/razacdewcv.mp4,1,0.44185096
/home/tianlong/Downloads//test/tjlrvidbxw.mp4,1,0.0033912738
/home/tianlong/Downloads//test/gcbyurxhbz.mp4,1,0.00014149999
/home/tianlong/Downloads//test/xticvyqqjn.mp4,1,5.347188e-07
/home/tianlong/Downloads//test/gqpayiddqv.mp4,1,0.25891942
/home/tianlong/Downloads//test/zmrnjhfxed.mp4,1,0.034723915
/home/tianlong/Downloads//test/slpxqmwuqm.mp4,1,0.12057155
/home/tianlong/Downloads//test/upwsvjdtgo.mp4,1,0.0008407639
/home/tianlong/Downloads//test/zpnjiswgdt.mp4,1,0.0006111891
/home/tianlong/Downloads//test/rayxtqfosv.mp4,1,0.10928873
/home/tianlong/Downloads//test/cfhoqpdzqb.mp4,1,0.0005346281
/home/tianlong/Downloads//test/okyufzgvay.mp4,1,2.9501284e-06
/home/tianlong/Downloads//test/wgyxtquovo.mp4,1,0.19960646
/home/tianlong/Downloads//test/kicgvgukqs.mp4,1,0.060925104
/home/tianlong/Downloads//test/aolhuwcdwv.mp4,1,0.27649778
/home/tianlong/Downloads//test/clzcvdsuyp.mp4,1,0.00035400264
/home/tianlong/Downloads//test/jibhugdfbs.mp4,1,0.0067224475
/home/tianlong/Downloads//test/kfiszsbzob.mp4,1,0.90917873
/home/tianlong/Downloads//test/mgwtoqonaf.mp4,1,0.004925704
/home/tianlong/Downloads//test/buzqmuifod.mp4,1,0.027285824
/home/tianlong/Downloads//test/bofmetrgfm.mp4,1,0.059074007
/home/tianlong/Downloads//test/chlshvbday.mp4,1,0.002144963
/home/tianlong/Downloads//test/vxcjkgerao.mp4,1,0.00014114591
/home/tianlong/Downloads//test/qxwqqhruvz.mp4,1,0.0006169343
/home/tianlong/Downloads//test/hytdcdixlv.mp4,1,4.5757704e-05
/home/tianlong/Downloads//test/buejhiahpy.mp4,1,6.595471e-05
/home/tianlong/Downloads//test/omotodymgb.mp4,1,0.22585225
/home/tianlong/Downloads//test/gmcvyrferj.mp4,1,1.0624663e-05
/home/tianlong/Downloads//test/ycoaclsdov.mp4,1,0.00054841547
/home/tianlong/Downloads//test/scaljzcpcf.mp4,1,0.021870611
/home/tianlong/Downloads//test/uhbxhharht.mp4,1,0.00044793193
/home/tianlong/Downloads//test/tmmakbzbqw.mp4,1,0.42864466
/home/tianlong/Downloads//test/mvfvefsgik.mp4,1,0.0016421415
/home/tianlong/Downloads//test/inesnaprwm.mp4,1,0.70129716
/home/tianlong/Downloads//test/qqxelyjmmw.mp4,1,0.00063937873
/home/tianlong/Downloads//test/dllkubdbbd.mp4,1,8.7959296e-07
/home/tianlong/Downloads//test/ttnajmkchw.mp4,1,0.0041640657
/home/tianlong/Downloads//test/kaffwaiexj.mp4,1,2.0157536e-07
/home/tianlong/Downloads//test/dpfuqzdtrs.mp4,1,0.20871422
/home/tianlong/Downloads//test/hfvexodpht.mp4,1,0.0029527454
/home/tianlong/Downloads//test/vmxjsdkuju.mp4,1,0.8114483
/home/tianlong/Downloads//test/afaxsgqksm.mp4,1,0.23543063
/home/tianlong/Downloads//test/pgkipgmpgm.mp4,1,0.10100973
/home/tianlong/Downloads//test/ltkesswcyn.mp4,1,0.00014884358
/home/tianlong/Downloads//test/dffkcrccsj.mp4,1,0.0017624995
/home/tianlong/Downloads//test/svtnilogao.mp4,1,7.12551e-05
/home/tianlong/Downloads//test/bzobkqewtt.mp4,1,0.195659
/home/tianlong/Downloads//test/vemnbnqoqk.mp4,1,0.18557419
/home/tianlong/Downloads//test/nobrvdftmd.mp4,1,0.033685673
/home/tianlong/Downloads//test/qepgiaxgpc.mp4,1,0.00031253663
/home/tianlong/Downloads//test/bogjubshbr.mp4,1,0.954675
/home/tianlong/Downloads//test/uyoqozgdcy.mp4,1,0.00016437472
/home/tianlong/Downloads//test/cvmmtklgst.mp4,1,0.9366905
/home/tianlong/Downloads//test/qharxzhzpl.mp4,1,0.9869893
/home/tianlong/Downloads//test/sprejlmapw.mp4,1,1.3082438e-05
/home/tianlong/Downloads//test/crzrsezocr.mp4,1,0.00016710302
/home/tianlong/Downloads//test/wyqhadmmcy.mp4,1,0.99955064
/home/tianlong/Downloads//test/jrjxehotww.mp4,1,0.67857563
/home/tianlong/Downloads//test/xctpdujlok.mp4,1,0.001310623
/home/tianlong/Downloads//test/hfspenqmpw.mp4,1,0.49176407
/home/tianlong/Downloads//test/jkfukzcjxd.mp4,1,0.7210053
/home/tianlong/Downloads//test/knafngkgen.mp4,1,0.0007771361
/home/tianlong/Downloads//test/tswmtnhfmn.mp4,1,0.005332743
/home/tianlong/Downloads//test/qoasfzksgo.mp4,1,0.00073427067
/home/tianlong/Downloads//test/hnrzuoqnkz.mp4,1,1.6791435e-05
/home/tianlong/Downloads//test/nussrkyuzy.mp4,1,0.0011527765
/home/tianlong/Downloads//test/ciwzwmlyxz.mp4,1,0.0066928817
/home/tianlong/Downloads//test/dbauiiupef.mp4,1,0.017547596
/home/tianlong/Downloads//test/ywxfnlxtjg.mp4,1,3.4274344e-06
/home/tianlong/Downloads//test/pryqgrbtnu.mp4,1,0.03960286
/home/tianlong/Downloads//test/mbjpaydogy.mp4,1,0.017733524
/home/tianlong/Downloads//test/ihdopxhysr.mp4,1,0.21062317
/home/tianlong/Downloads//test/rgasvymjrj.mp4,1,0.012992097
/home/tianlong/Downloads//test/eclpgjjies.mp4,1,9.1406235e-07
/home/tianlong/Downloads//test/kxptuwngop.mp4,1,5.947888e-06
/home/tianlong/Downloads//test/uaqvffouxp.mp4,1,0.008662758
/home/tianlong/Downloads//test/xvqzzgoabm.mp4,1,2.8238133e-05
/home/tianlong/Downloads//test/tkgbjtcxyl.mp4,1,0.0039697615
/home/tianlong/Downloads//test/xlnaxrwvcx.mp4,1,0.10217385
/home/tianlong/Downloads//test/kphfzaullq.mp4,1,0.1314155
/home/tianlong/Downloads//test/rkezgzxnoo.mp4,1,3.4538908e-07
/home/tianlong/Downloads//test/fromclsodq.mp4,1,8.9367815e-05
/home/tianlong/Downloads//test/nrscfrjxpb.mp4,1,2.5085052e-07
/home/tianlong/Downloads//test/ygobagrhmg.mp4,1,0.5057087
/home/tianlong/Downloads//test/hisfrixnbu.mp4,1,0.036115326
/home/tianlong/Downloads//test/duzueyonao.mp4,1,0.012198785
/home/tianlong/Downloads//test/gkknsyqbnz.mp4,1,1.9474444e-05
/home/tianlong/Downloads//test/tmgdrjjalz.mp4,1,0.20906916
/home/tianlong/Downloads//test/iajblozgtx.mp4,1,1.1018679e-05
/home/tianlong/Downloads//test/ahkcchuwqq.mp4,1,0.0072051077
/home/tianlong/Downloads//test/zmfiveruie.mp4,1,0.09338405
/home/tianlong/Downloads//test/xptgnpgfkn.mp4,1,8.4448875e-05
/home/tianlong/Downloads//test/aebhowazav.mp4,1,0.0020051938
/home/tianlong/Downloads//test/geulcwvfuy.mp4,1,0.003329913
/home/tianlong/Downloads//test/glzyifzrql.mp4,1,0.6413727
/home/tianlong/Downloads//test/wvmrsucbsq.mp4,1,0.13910735
/home/tianlong/Downloads//test/moetggyxsc.mp4,1,4.6156852e-05
/home/tianlong/Downloads//test/jfvnwpcjrm.mp4,1,0.000114650094
/home/tianlong/Downloads//test/kaggpclkjm.mp4,1,0.0015300715
/home/tianlong/Downloads//test/nacldwtuwp.mp4,1,0.033930384
/home/tianlong/Downloads//test/upwyvqbjlq.mp4,1,0.9998576
/home/tianlong/Downloads//test/tdmyjvptzv.mp4,1,0.0075230165
/home/tianlong/Downloads//test/fzurflflwv.mp4,1,0.08833372
/home/tianlong/Downloads//test/aakjukgjme.mp4,1,0.0018824026
/home/tianlong/Downloads//test/ypepsyuwmo.mp4,1,0.090093665
/home/tianlong/Downloads//test/qxhyhhkywc.mp4,1,0.00012348936
/home/tianlong/Downloads//test/iqvfopywpa.mp4,1,0.22175801
/home/tianlong/Downloads//test/xfncslssic.mp4,1,0.00026786386
/home/tianlong/Downloads//test/jesstfspwv.mp4,1,5.887013e-05
/home/tianlong/Downloads//test/xiraodtgnt.mp4,1,0.016651263
/home/tianlong/Downloads//test/xeuzubpylq.mp4,1,0.00028706485
/home/tianlong/Downloads//test/xszpbtciwo.mp4,1,0.0032579391
/home/tianlong/Downloads//test/fkksbgaibl.mp4,1,0.06958109
/home/tianlong/Downloads//test/ntqzfgmhnj.mp4,1,0.015876766
/home/tianlong/Downloads//test/bizbjxafzr.mp4,1,5.551211e-06
/home/tianlong/Downloads//test/bxfwiuvafo.mp4,1,0.8011211
/home/tianlong/Downloads//test/jfcglbovmo.mp4,1,0.98489076
/home/tianlong/Downloads//test/odidbykbar.mp4,1,0.6992329
/home/tianlong/Downloads//test/qarbtmjwhm.mp4,1,0.012561725
/home/tianlong/Downloads//test/jeierullea.mp4,1,9.439668e-05
/home/tianlong/Downloads//test/lrckqkzekj.mp4,1,0.021878809
/home/tianlong/Downloads//test/riizlqngim.mp4,1,0.00016396829
/home/tianlong/Downloads//test/lmcnonfhgz.mp4,1,0.026352752
/home/tianlong/Downloads//test/lkhszpabzv.mp4,1,0.01891727
/home/tianlong/Downloads//test/njqbwiajss.mp4,1,9.742004e-07
/home/tianlong/Downloads//test/ksqybmrwyg.mp4,1,0.99980414
/home/tianlong/Downloads//test/dxphlwcvan.mp4,1,0.00062820636
/home/tianlong/Downloads//test/dgjssccxhx.mp4,1,0.38548568
/home/tianlong/Downloads//test/sbfxzmhzyv.mp4,1,0.685832
/home/tianlong/Downloads//test/rlvgpdrgvi.mp4,1,0.44155866
/home/tianlong/Downloads//test/uzdmxmfcqe.mp4,1,4.5859222e-05
/home/tianlong/Downloads//test/afixxjdxef.mp4,1,0.00045673727
/home/tianlong/Downloads//test/fwvxtssltw.mp4,1,0.00033784535
/home/tianlong/Downloads//test/jyzlvivrmr.mp4,1,0.0032930304
/home/tianlong/Downloads//test/byavookkdu.mp4,1,0.00038092045
/home/tianlong/Downloads//test/agyawnxlmv.mp4,1,0.037173845
/home/tianlong/Downloads//test/zjoonppreb.mp4,1,0.0060631195
/home/tianlong/Downloads//test/sjzwpqupnm.mp4,1,8.914767e-06
/home/tianlong/Downloads//test/pobrnbspcf.mp4,1,2.219203e-07
/home/tianlong/Downloads//test/qdkpphviay.mp4,1,0.030418709
/home/tianlong/Downloads//test/nbyaxzmueg.mp4,1,0.0015353564
/home/tianlong/Downloads//test/vfszaqentw.mp4,1,0.002007795
/home/tianlong/Downloads//test/fosovipqkg.mp4,1,0.00071610376
/home/tianlong/Downloads//test/grwcxofqrx.mp4,1,0.0005165563
/home/tianlong/Downloads//test/koqxhnmkjl.mp4,1,0.005404862
/home/tianlong/Downloads//test/xkukyjokbg.mp4,1,0.99167794
/home/tianlong/Downloads//test/fmnzbwtjep.mp4,1,5.373895e-05
/home/tianlong/Downloads//test/aruyyclubn.mp4,1,0.18212894
/home/tianlong/Downloads//test/eluhuvocwr.mp4,1,0.31070834
/home/tianlong/Downloads//test/iiwffwiyrg.mp4,1,0.0007012288
/home/tianlong/Downloads//test/fsbabrxhqy.mp4,1,0.26367053
/home/tianlong/Downloads//test/ymqadbkafj.mp4,1,0.0010466229
/home/tianlong/Downloads//test/nptmqvfuhz.mp4,1,0.0003838775
/home/tianlong/Downloads//test/usjnlahlcj.mp4,1,0.34415388
/home/tianlong/Downloads//test/hbozjjcafn.mp4,1,6.202481e-06
/home/tianlong/Downloads//test/cizxmeztny.mp4,1,0.09282204
/home/tianlong/Downloads//test/syxlmynhsi.mp4,1,0.6319458
/home/tianlong/Downloads//test/ezadehoecy.mp4,1,0.000112727386
/home/tianlong/Downloads//test/fpliemtlco.mp4,1,0.71662724
/home/tianlong/Downloads//test/arflgfcnkg.mp4,1,9.712009e-05
/home/tianlong/Downloads//test/occelhylxf.mp4,1,0.00031865147
/home/tianlong/Downloads//test/uqntkvpntd.mp4,1,1.007675e-06
/home/tianlong/Downloads//test/iatevqworc.mp4,1,0.14085247
/home/tianlong/Downloads//test/xzsmgydcub.mp4,1,2.7170317e-05
/home/tianlong/Downloads//test/qbffpkpmkf.mp4,1,0.0014995991
/home/tianlong/Downloads//test/pzbpgfmroj.mp4,1,0.0035809434
/home/tianlong/Downloads//test/oundixpyst.mp4,1,0.6023111
/home/tianlong/Downloads//test/hnxhwfttpy.mp4,1,0.66404104
/home/tianlong/Downloads//test/rdjwlvvwtv.mp4,1,0.053002495
/home/tianlong/Downloads//test/tcmstiljkk.mp4,1,1.0567826e-05
/home/tianlong/Downloads//test/qbfdtumuct.mp4,1,0.003888479
/home/tianlong/Downloads//test/mxnquwuszt.mp4,1,4.7391986e-05
/home/tianlong/Downloads//test/sjooumwlzb.mp4,1,0.25203457
/home/tianlong/Downloads//test/twhwouycfg.mp4,1,0.0006467443
/home/tianlong/Downloads//test/wytpaehszj.mp4,1,0.18041995
/home/tianlong/Downloads//test/srtwhbzzlr.mp4,1,0.012846579
/home/tianlong/Downloads//test/jqjfpkuckf.mp4,1,0.003653387
/home/tianlong/Downloads//test/yxjjfaekev.mp4,1,2.416588e-05
/home/tianlong/Downloads//test/cyokqrzbol.mp4,1,0.0005030237
/home/tianlong/Downloads//test/mtilpvablx.mp4,1,0.0028693792
/home/tianlong/Downloads//test/njwsmltmvb.mp4,1,1.8464286e-06
/home/tianlong/Downloads//test/xkksfulade.mp4,1,0.004144652
/home/tianlong/Downloads//test/dtfgsvfmjq.mp4,1,6.75535e-05
/home/tianlong/Downloads//test/onaewxqqkd.mp4,1,0.075141385
/home/tianlong/Downloads//test/pazpnfrbbc.mp4,1,0.0004509588
/home/tianlong/Downloads//test/kgowzoxjfq.mp4,1,0.004295838
/home/tianlong/Downloads//test/ltdwtgrads.mp4,1,0.0023254263
/home/tianlong/Downloads//test/znistrajpw.mp4,1,1.0515745e-07
/home/tianlong/Downloads//test/yfhzmfhojv.mp4,1,0.23059773
/home/tianlong/Downloads//test/spkorcenyh.mp4,1,0.12271748
/home/tianlong/Downloads//test/axopbbxwzr.mp4,1,1.4791001e-06
/home/tianlong/Downloads//test/hxrruqinnh.mp4,1,0.19805822
/home/tianlong/Downloads//test/tkaybnjwhg.mp4,1,0.28920233
/home/tianlong/Downloads//test/lhwwhjhyqx.mp4,1,3.279083e-05
/home/tianlong/Downloads//test/btxjufhiaz.mp4,1,0.00022781783
/home/tianlong/Downloads//test/dnhaskulaj.mp4,1,0.99481714
/home/tianlong/Downloads//test/vxqofldgze.mp4,1,0.0004308382
/home/tianlong/Downloads//test/ddjzmyabyu.mp4,1,0.000692247
/home/tianlong/Downloads//test/mgahaaogif.mp4,1,0.0034837823
/home/tianlong/Downloads//test/ktmdpragph.mp4,1,5.5363323e-08
/home/tianlong/Downloads//test/xazdhdnwhh.mp4,1,0.0020295526
/home/tianlong/Downloads//test/qnslgeajnt.mp4,1,0.00034907414
/home/tianlong/Downloads//test/sivrgbsaog.mp4,1,0.0010146709
/home/tianlong/Downloads//test/uzmuovkewv.mp4,1,0.3158245
/home/tianlong/Downloads//test/tvazrcdkpq.mp4,1,7.4808195e-05
/home/tianlong/Downloads//test/jbatiwjmzh.mp4,1,0.0720395
/home/tianlong/Downloads//test/hmiylncrva.mp4,1,0.0010304314
/home/tianlong/Downloads//test/uxkojffbsr.mp4,1,0.0035844166
/home/tianlong/Downloads//test/crbcrxqftw.mp4,1,0.071563736
/home/tianlong/Downloads//test/yermnsnlgf.mp4,1,0.037557315
/home/tianlong/Downloads//test/gipcvghjiy.mp4,1,0.0087367175
/home/tianlong/Downloads//test/iwcfxyoimw.mp4,1,0.025684219
/home/tianlong/Downloads//test/kozaofkgvk.mp4,1,0.003332703
/home/tianlong/Downloads//test/xlgevjtsog.mp4,1,3.771874e-05
/home/tianlong/Downloads//test/bpjkimtqtz.mp4,1,1.4410143e-06
/home/tianlong/Downloads//test/pdnwaekrtn.mp4,1,0.086082
/home/tianlong/Downloads//test/toxsrzsksc.mp4,1,0.0033997563
/home/tianlong/Downloads//test/oejfypsbfh.mp4,1,0.00059899554
/home/tianlong/Downloads//test/hwyuwbnszo.mp4,1,0.0011519203
/home/tianlong/Downloads//test/acgyspwyqr.mp4,1,2.5489294e-06
/home/tianlong/Downloads//test/oitcqmvnsa.mp4,1,2.6266967e-05
/home/tianlong/Downloads//test/pdqqkuclvd.mp4,1,0.00069895526
/home/tianlong/Downloads//test/slsyjvgfpu.mp4,1,0.00034604646
/home/tianlong/Downloads//test/xmdfnldfyc.mp4,1,0.4853798
/home/tianlong/Downloads//test/ynkzlkahux.mp4,1,0.00019993221
/home/tianlong/Downloads//test/szjbkskyph.mp4,1,0.011664461
/home/tianlong/Downloads//test/yyiiywtiry.mp4,1,0.0012657602
/home/tianlong/Downloads//test/crvotfojeq.mp4,1,0.0016587351
/home/tianlong/Downloads//test/rsqblsfgli.mp4,1,6.335047e-08
/home/tianlong/Downloads//test/becqadbtkb.mp4,1,0.15751973
/home/tianlong/Downloads//test/afqaubpglg.mp4,1,0.001555701
/home/tianlong/Downloads//test/pwplooonzr.mp4,1,0.000705049
/home/tianlong/Downloads//test/vjegxiyvla.mp4,1,0.10324518
/home/tianlong/Downloads//test/jbwtbfbdko.mp4,1,0.00027263985
/home/tianlong/Downloads//test/toggbitvfd.mp4,1,0.9227108
/home/tianlong/Downloads//test/xpfhawmzbe.mp4,1,0.0008658167
/home/tianlong/Downloads//test/kjwdinzplo.mp4,1,0.00024117569
/home/tianlong/Downloads//test/jrkdzpijpb.mp4,1,0.011091806
/home/tianlong/Downloads//test/lbnuxynggy.mp4,1,6.0191564e-05
/home/tianlong/Downloads//test/iorrylopzn.mp4,1,0.04752631
/home/tianlong/Downloads//test/yasxapunrf.mp4,1,0.02325746
/home/tianlong/Downloads//test/suohrphvbe.mp4,1,0.22837713
/home/tianlong/Downloads//test/salsuwvckq.mp4,1,0.9762651
/home/tianlong/Downloads//test/eclnowceyi.mp4,1,1.2013485e-05
/home/tianlong/Downloads//test/wvtymfvbwq.mp4,1,0.0001084082
/home/tianlong/Downloads//test/rsjhmrvdwg.mp4,1,0.07919623
/home/tianlong/Downloads//test/qtvhpmoukj.mp4,1,0.1962562
/home/tianlong/Downloads//test/svqkfjfucw.mp4,1,1.9281915e-06
/home/tianlong/Downloads//test/jdlqmnhuix.mp4,1,3.823268e-06
/home/tianlong/Downloads//test/ltmkgkppwx.mp4,1,1.6170167e-06
/home/tianlong/Downloads//test/zaoyocjkgw.mp4,1,1.1645081e-05
/home/tianlong/Downloads//test/vgrhobnbfo.mp4,1,1.6032794e-06
/home/tianlong/Downloads//test/eeeuzozcdc.mp4,1,0.007945565
/home/tianlong/Downloads//test/ikgxqbhmlv.mp4,1,0.30762443
/home/tianlong/Downloads//test/zyeakowujw.mp4,1,0.8297248
/home/tianlong/Downloads//test/uerapqglmr.mp4,1,0.020833183
/home/tianlong/Downloads//test/fmuncwjpej.mp4,1,0.2718722
/home/tianlong/Downloads//test/xllzvdxwiv.mp4,1,0.11957028
/home/tianlong/Downloads//test/giuymhlbyo.mp4,1,0.03297575
/home/tianlong/Downloads//test/bubbmjnmge.mp4,1,0.00015671866
/home/tianlong/Downloads//test/qwqefbalkv.mp4,1,3.2859662e-06
/home/tianlong/Downloads//test/aupsxowdcp.mp4,1,2.601815e-06
/home/tianlong/Downloads//test/apjovfzzft.mp4,1,5.0905505e-06
/home/tianlong/Downloads//test/yjbnaqwxyf.mp4,1,0.6120163
/home/tianlong/Downloads//test/dajlkmlvch.mp4,1,1.9883677e-07
/home/tianlong/Downloads//test/egwzzhemvk.mp4,1,0.009621648
/home/tianlong/Downloads//test/vlhrgeyvqy.mp4,1,0.0018879019
/home/tianlong/Downloads//test/vpolvvzwsw.mp4,1,6.7715877e-07
/home/tianlong/Downloads//test/ddkcxrncmq.mp4,1,0.6805234
/home/tianlong/Downloads//test/fncnobpzzx.mp4,1,0.3009353
/home/tianlong/Downloads//test/lhayhvqjmg.mp4,1,0.5580285
/home/tianlong/Downloads//test/yboofyemks.mp4,1,7.189062e-07
/home/tianlong/Downloads//test/wzkovvmdkq.mp4,1,3.3073076e-05
/home/tianlong/Downloads//test/axxldpmbat.mp4,1,0.00020894974
/home/tianlong/Downloads//test/piovymzozl.mp4,1,0.0058609983
/home/tianlong/Downloads//test/ymjrnwsjxt.mp4,1,0.00028971263
/home/tianlong/Downloads//test/jfxroglrst.mp4,1,0.00073034264
/home/tianlong/Downloads//test/qzyaijdbfe.mp4,1,0.16511257
/home/tianlong/Downloads//test/gzwzxbtkpd.mp4,1,0.20322534
/home/tianlong/Downloads//test/bgssriyozb.mp4,1,0.00021445262
/home/tianlong/Downloads//test/wqtraebanl.mp4,1,0.9020419
/home/tianlong/Downloads//test/lovkthgavz.mp4,1,0.014624273
/home/tianlong/Downloads//test/vpgjaoyvir.mp4,1,0.000102523285
/home/tianlong/Downloads//test/btlqqvfuck.mp4,1,0.0003107469
/home/tianlong/Downloads//test/zzxidpsxmv.mp4,1,0.08282675
/home/tianlong/Downloads//test/qzuhjrhozy.mp4,1,0.00068125816
/home/tianlong/Downloads//test/rtuaxyuvqs.mp4,1,0.005278514
/home/tianlong/Downloads//test/vybbullejj.mp4,1,0.0067579458
/home/tianlong/Downloads//test/lblweiecpx.mp4,1,0.9346895
/home/tianlong/Downloads//test/qkchcuiljp.mp4,1,0.0016034467
/home/tianlong/Downloads//test/roivdutkrz.mp4,1,0.006515966
/home/tianlong/Downloads//test/rziziscker.mp4,1,3.8764865e-05
/home/tianlong/Downloads//test/zsdmgllhck.mp4,1,0.0015273892
/home/tianlong/Downloads//test/kpkzqbpivj.mp4,1,0.05523181
/home/tianlong/Downloads//test/tgkjhdyxww.mp4,1,0.31841218
/home/tianlong/Downloads//test/zubaiztkag.mp4,1,0.65061307
/home/tianlong/Downloads//test/figxvsdmsb.mp4,1,1.000823e-05
/home/tianlong/Downloads//test/enzlliylet.mp4,1,0.3400702
/home/tianlong/Downloads//test/acekgkqgdg.mp4,1,0.02752318
/home/tianlong/Downloads//test/ljrikjsgis.mp4,1,0.0012710795
/home/tianlong/Downloads//test/vawotznxqn.mp4,1,0.13654003
/home/tianlong/Downloads//test/jsqtbnxnpb.mp4,1,0.5062686
/home/tianlong/Downloads//test/yibeqxcadd.mp4,1,0.00019006421
/home/tianlong/Downloads//test/zvgekhyszq.mp4,1,6.5909044e-06
/home/tianlong/Downloads//test/luisdnrumh.mp4,1,0.756066
/home/tianlong/Downloads//test/xffjesgeey.mp4,1,9.2441915e-06
/home/tianlong/Downloads//test/haesrhzukc.mp4,1,0.9999999
/home/tianlong/Downloads//test/uwccodyhgh.mp4,1,0.15644307
/home/tianlong/Downloads//test/msdtzpmmae.mp4,1,0.00012273471
/home/tianlong/Downloads//test/zgiypcmpic.mp4,1,0.0025833223
/home/tianlong/Downloads//test/olkcmrmvbh.mp4,1,0.55859584
/home/tianlong/Downloads//test/kiffbbtjfe.mp4,1,0.24687794
/home/tianlong/Downloads//test/junzzlnlfw.mp4,1,0.11181871
/home/tianlong/Downloads//test/qkgicklwyn.mp4,1,0.0013938785
/home/tianlong/Downloads//test/wluigkzjdl.mp4,1,3.0578514e-05
/home/tianlong/Downloads//test/rsnrcisldc.mp4,1,0.35023034
/home/tianlong/Downloads//test/asiuftijhs.mp4,1,0.04407401
/home/tianlong/Downloads//test/yjloopcthi.mp4,1,0.006354969
/home/tianlong/Downloads//test/tzzwqaxtrk.mp4,1,0.16298711
/home/tianlong/Downloads//test/tmfvsxrxnk.mp4,1,0.00023654096
/home/tianlong/Downloads//test/dlsdmdraln.mp4,1,2.1455348e-07
/home/tianlong/Downloads//test/rkygzeyegz.mp4,1,0.24636288
/home/tianlong/Downloads//test/truremwrti.mp4,1,6.470992e-07
/home/tianlong/Downloads//test/depcrcqwai.mp4,1,0.001777223
/home/tianlong/Downloads//test/jovohczybs.mp4,1,0.5006272
/home/tianlong/Downloads//test/udcpjfvqro.mp4,1,0.0006474849
/home/tianlong/Downloads//test/yxlkovjssa.mp4,1,0.0010349198
/home/tianlong/Downloads//test/trltdpitif.mp4,1,0.6802376
/home/tianlong/Downloads//test/hwufwjdaai.mp4,1,0.15881427
/home/tianlong/Downloads//test/vgfxjwupga.mp4,1,0.7859635
/home/tianlong/Downloads//test/jejjcsijvc.mp4,1,0.01688807
/home/tianlong/Downloads//test/yjpfhrfyfn.mp4,1,0.000100537785
/home/tianlong/Downloads//test/izyqqybmcq.mp4,1,4.859984e-06
/home/tianlong/Downloads//test/xjnflcfxhn.mp4,1,0.019894214
/home/tianlong/Downloads//test/zidsbdilrm.mp4,1,7.4881755e-05
/home/tianlong/Downloads//test/lepqvhstws.mp4,1,0.49271232
/home/tianlong/Downloads//test/eabghyltka.mp4,1,0.2404404
/home/tianlong/Downloads//test/qxgwcsugvd.mp4,1,8.077395e-05
/home/tianlong/Downloads//test/oitqddnspw.mp4,1,0.013762456
/home/tianlong/Downloads//test/jiddesrgoi.mp4,1,0.57825595
/home/tianlong/Downloads//test/whsqzlklam.mp4,1,0.0010435703
/home/tianlong/Downloads//test/hwspklkjol.mp4,1,0.13078456
/home/tianlong/Downloads//test/mgxdtegobh.mp4,1,0.00058507075
/home/tianlong/Downloads//test/dkvxzocpnx.mp4,1,0.020641064
/home/tianlong/Downloads//test/zxjiwvyzbs.mp4,1,2.2031167e-05
/home/tianlong/Downloads//test/qysxqoredd.mp4,1,0.0003001875
/home/tianlong/Downloads//test/angqjpzdts.mp4,1,0.0011680765
/home/tianlong/Downloads//test/slbhiftdwk.mp4,1,1.6827977e-06
/home/tianlong/Downloads//test/ctsjalmkpx.mp4,1,1.2543879e-07
/home/tianlong/Downloads//test/jrwqouwlzc.mp4,1,0.10118685
/home/tianlong/Downloads//test/vcqcervdzi.mp4,1,0.0014426485
/home/tianlong/Downloads//test/mxczokbutl.mp4,1,0.6557852
/home/tianlong/Downloads//test/qawqquinvi.mp4,1,0.02683441
/home/tianlong/Downloads//test/cqiyijvrcj.mp4,1,1.1263653e-06
/home/tianlong/Downloads//test/wypdykzzma.mp4,1,0.73662853
/home/tianlong/Downloads//test/zdurkznxhi.mp4,1,9.65296e-06
/home/tianlong/Downloads//test/llwjpzzrur.mp4,1,0.0010183717
/home/tianlong/Downloads//test/stmqpsakem.mp4,1,0.00012415936
/home/tianlong/Downloads//test/hqfxruqynj.mp4,1,0.00030911577
/home/tianlong/Downloads//test/cotxffvovx.mp4,1,9.082576e-05
/home/tianlong/Downloads//test/yiwyejujhz.mp4,1,0.010539557
/home/tianlong/Downloads//test/azkhkminwu.mp4,1,0.013650389
/home/tianlong/Downloads//test/yoicqcpxgm.mp4,1,0.298909
/home/tianlong/Downloads//test/kcpamicxjs.mp4,1,0.1999729
/home/tianlong/Downloads//test/mbnvlpwewk.mp4,1,0.0043823724
/home/tianlong/Downloads//test/wjqdwzowcg.mp4,1,5.4675318e-05
/home/tianlong/Downloads//test/vqtspwkgwe.mp4,1,0.00020714795
/home/tianlong/Downloads//test/rurhyzsnyi.mp4,1,0.47246438
/home/tianlong/Downloads//test/sipuxpudya.mp4,1,4.6814745e-07
/home/tianlong/Downloads//test/scchmtbzar.mp4,1,0.5298312
/home/tianlong/Downloads//test/qyhlzalxzm.mp4,1,2.1917023e-05
/home/tianlong/Downloads//test/ektrtuwidv.mp4,1,0.0034543916
/home/tianlong/Downloads//test/scbfkrlytb.mp4,1,0.38395846
/home/tianlong/Downloads//test/kxnsmwhqtl.mp4,1,0.0037140944
/home/tianlong/Downloads//test/fiayeurvwb.mp4,1,0.0015247442
/home/tianlong/Downloads//test/xpuntxtdbs.mp4,1,0.16029203
/home/tianlong/Downloads//test/edvyxmzpoy.mp4,1,0.9832512
/home/tianlong/Downloads//test/thnywrwayf.mp4,1,9.8009055e-05
/home/tianlong/Downloads//test/xojauzdavy.mp4,1,8.375252e-05
/home/tianlong/Downloads//test/kaajaxzivt.mp4,1,4.4777804e-05
/home/tianlong/Downloads//test/fmvdkhucsz.mp4,1,0.20819959
/home/tianlong/Downloads//test/mdkqmouddq.mp4,1,0.30641168
/home/tianlong/Downloads//test/ehtvcnlsfl.mp4,1,0.19264731
/home/tianlong/Downloads//test/iizsrcugyd.mp4,1,0.056652002
/home/tianlong/Downloads//test/hurlxdpsxl.mp4,1,0.5994195
/home/tianlong/Downloads//test/rvfhfbutlx.mp4,1,0.20350567
/home/tianlong/Downloads//test/ycxkcnwrbw.mp4,1,0.8261528
/home/tianlong/Downloads//test/jrmgqzgcmj.mp4,1,0.00020868883
/home/tianlong/Downloads//test/cinrseylyp.mp4,1,0.20487043
/home/tianlong/Downloads//test/uhvmrfksax.mp4,1,0.0004124091
/home/tianlong/Downloads//test/djjdzsivvi.mp4,1,0.53354543
/home/tianlong/Downloads//test/pmulgdcejl.mp4,1,1.5316431e-05
/home/tianlong/Downloads//test/ngvbaolyub.mp4,1,0.0044769216
/home/tianlong/Downloads//test/kpyyjmxmoj.mp4,1,2.025756e-05
/home/tianlong/Downloads//test/xhizcimlzp.mp4,1,6.6729503e-06
/home/tianlong/Downloads//test/ulygywporv.mp4,1,3.542825e-05
/home/tianlong/Downloads//test/psunkvudmg.mp4,1,0.0024360414
/home/tianlong/Downloads//test/ctarrlrgdy.mp4,1,0.013327423
/home/tianlong/Downloads//test/hdzygqltzu.mp4,1,0.6166065
/home/tianlong/Downloads//test/rvtfddfweu.mp4,1,0.16638261
/home/tianlong/Downloads//test/kaeouvuasm.mp4,1,8.891086e-05
/home/tianlong/Downloads//test/rzivzpozjr.mp4,1,6.38751e-05
/home/tianlong/Downloads//test/stfqbsbvfy.mp4,1,0.0031250757
/home/tianlong/Downloads//test/qbhoufagsa.mp4,1,8.1800664e-07
/home/tianlong/Downloads//test/xycfzkbnhy.mp4,1,3.5341182e-06
/home/tianlong/Downloads//test/zudnvkagjk.mp4,1,0.10341088
/home/tianlong/Downloads//test/feaqnlczwc.mp4,1,2.2075756e-07
/home/tianlong/Downloads//test/rqviqcsbzw.mp4,1,0.19545712
/home/tianlong/Downloads//test/dhfcwchsir.mp4,1,2.269357e-06
/home/tianlong/Downloads//test/cglpyitrzw.mp4,1,0.00011631164
/home/tianlong/Downloads//test/yjypqyrhyi.mp4,1,0.0011385281
/home/tianlong/Downloads//test/fokuimoqkh.mp4,1,0.39337283
/home/tianlong/Downloads//test/xzouvgiqha.mp4,1,0.021270506
/home/tianlong/Downloads//test/qyjbhkeqes.mp4,1,0.03425821
/home/tianlong/Downloads//test/phngwcpbqw.mp4,1,0.021773988
/home/tianlong/Downloads//test/rjcjcdkzkw.mp4,1,0.17671484
/home/tianlong/Downloads//test/legilvljip.mp4,1,0.93035376
/home/tianlong/Downloads//test/bukegrztbb.mp4,1,0.0015366741
/home/tianlong/Downloads//test/yvaxmtbtgx.mp4,1,0.017681437
/home/tianlong/Downloads//test/saljlsmnet.mp4,1,0.9810211
/home/tianlong/Downloads//test/ezupajzwdl.mp4,1,0.93817884
/home/tianlong/Downloads//test/xeszevnech.mp4,1,3.0904794e-06
/home/tianlong/Downloads//test/fbqwomdehr.mp4,1,0.007827153
/home/tianlong/Downloads//test/itdywxjknn.mp4,1,0.78569084
/home/tianlong/Downloads//test/zwupuzlefv.mp4,1,0.01857621
/home/tianlong/Downloads//test/qcrofjquht.mp4,1,5.7061192e-05
/home/tianlong/Downloads//test/jblkcfejih.mp4,1,7.6025813e-06
/home/tianlong/Downloads//test/howruupkxw.mp4,1,0.9301893
/home/tianlong/Downloads//test/xslxboadvn.mp4,1,0.041780066
/home/tianlong/Downloads//test/rzykslnkdi.mp4,1,0.001087102
/home/tianlong/Downloads//test/govjvzfbcj.mp4,1,9.049878e-05
/home/tianlong/Downloads//test/fwbvksfidm.mp4,1,0.0009403563
/home/tianlong/Downloads//test/khokwspqph.mp4,1,0.0013627835
/home/tianlong/Downloads//test/sslrtrxyaj.mp4,1,6.281394e-05
/home/tianlong/Downloads//test/zdmknyhzoo.mp4,1,3.2715285e-05
/home/tianlong/Downloads//test/rzjpckpslj.mp4,1,5.302512e-05
/home/tianlong/Downloads//test/pscilvlcfe.mp4,1,0.30435067
/home/tianlong/Downloads//test/rlwkdhgoqw.mp4,1,0.2687242
/home/tianlong/Downloads//test/cmpkopoabr.mp4,1,0.0026775193
/home/tianlong/Downloads//test/dbljnexmlf.mp4,1,0.0010671506
/home/tianlong/Downloads//test/atfuphvjft.mp4,1,0.0053917193
/home/tianlong/Downloads//test/zdldobedod.mp4,1,0.0011542933
/home/tianlong/Downloads//test/iknfqmugud.mp4,1,0.005729125
/home/tianlong/Downloads//test/whusuiiqmt.mp4,1,0.003381334
/home/tianlong/Downloads//test/ksrnzzbcsz.mp4,1,5.164722e-05
/home/tianlong/Downloads//test/xxhuecshhw.mp4,1,2.7063024e-07
/home/tianlong/Downloads//test/okmlcbefeu.mp4,1,0.41716614
/home/tianlong/Downloads//test/xryrhuskyd.mp4,1,0.28925884
/home/tianlong/Downloads//test/wevygelkrl.mp4,1,0.2233048
/home/tianlong/Downloads//test/rdpausigpg.mp4,1,0.0012843417
/home/tianlong/Downloads//test/fdziwiuoer.mp4,1,0.22635162
/home/tianlong/Downloads//test/kykmrtoitd.mp4,1,0.30289227
/home/tianlong/Downloads//test/eacsjvcmlp.mp4,1,0.0015563155
/home/tianlong/Downloads//test/asvuutypvz.mp4,1,0.0001611299
/home/tianlong/Downloads//test/nucqorkejg.mp4,1,0.96972924
/home/tianlong/Downloads//test/ctpexqamtx.mp4,1,0.00032947463
/home/tianlong/Downloads//test/vnsxdkjjtk.mp4,1,0.3327883
/home/tianlong/Downloads//test/cktsyobheu.mp4,1,0.34620944
/home/tianlong/Downloads//test/kccicuhxgk.mp4,1,0.10723084
/home/tianlong/Downloads//test/qckjihxoze.mp4,1,0.13270886
/home/tianlong/Downloads//test/gvqtnedfso.mp4,1,0.0013564975
/home/tianlong/Downloads//test/ajxkvlpgov.mp4,1,0.20005727
/home/tianlong/Downloads//test/srlilcjhaf.mp4,1,0.12609561
/home/tianlong/Downloads//test/qfjxksudna.mp4,1,0.6968907
/home/tianlong/Downloads//test/hstvglyexy.mp4,1,0.0066978573
/home/tianlong/Downloads//test/jyyvhnsyys.mp4,1,6.852714e-06
/home/tianlong/Downloads//test/whxqigkgyk.mp4,1,0.060063876
/home/tianlong/Downloads//test/mqzrlecakr.mp4,1,0.5988784
/home/tianlong/Downloads//test/aeplbqxnge.mp4,1,2.8411054e-05
/home/tianlong/Downloads//test/inwaznexiv.mp4,1,0.62097514
/home/tianlong/Downloads//test/anfupdhmyr.mp4,1,0.003805707
/home/tianlong/Downloads//test/wbvlgevkmb.mp4,1,0.05722501
/home/tianlong/Downloads//test/uiykwgaarz.mp4,1,0.0021127004
/home/tianlong/Downloads//test/nvarnevska.mp4,1,0.00069045636
/home/tianlong/Downloads//test/ooczenomzk.mp4,1,0.002244142
/home/tianlong/Downloads//test/qtjuhlppot.mp4,1,0.00014665921
/home/tianlong/Downloads//test/drqtyzvhdd.mp4,1,0.00011904682
/home/tianlong/Downloads//test/ytljvippwv.mp4,1,0.5643197
/home/tianlong/Downloads//test/skrqoagxle.mp4,1,0.18541634
/home/tianlong/Downloads//test/shwkznunyp.mp4,1,0.08478014
/home/tianlong/Downloads//test/tlsoagxovk.mp4,1,0.4160572
/home/tianlong/Downloads//test/enpshnkugu.mp4,1,0.00089556334
/home/tianlong/Downloads//test/vitjdpnfpi.mp4,1,0.29928142
/home/tianlong/Downloads//test/jovrnujurf.mp4,1,0.31779075
/home/tianlong/Downloads//test/sbwemwjlsl.mp4,1,0.001027103
/home/tianlong/Downloads//test/uclzxnftij.mp4,1,0.03147436
/home/tianlong/Downloads//test/sdqjjttckw.mp4,1,0.6006423
/home/tianlong/Downloads//test/wtmggpeiom.mp4,1,0.13801473
