Video,Label,Prediction
/home/tianlong/Downloads//test/myvwyfdnxu.mp4,0,0.7534111
/home/tianlong/Downloads//test/uxgkqpiykp.mp4,0,0.8180208
/home/tianlong/Downloads//test/qyscponfaf.mp4,0,0.9779226
/home/tianlong/Downloads//test/tmgmbnzrrz.mp4,0,0.7746028
/home/tianlong/Downloads//test/wfmeffvvce.mp4,0,0.93712467
/home/tianlong/Downloads//test/fwrcfaglhz.mp4,0,0.63791287
/home/tianlong/Downloads//test/itfzfpuilx.mp4,0,0.017312026
/home/tianlong/Downloads//test/wupoiiknff.mp4,0,0.957382
/home/tianlong/Downloads//test/dscprfjses.mp4,0,0.95889014
/home/tianlong/Downloads//test/ofntcunuqn.mp4,0,0.85728824
/home/tianlong/Downloads//test/imnzannmcr.mp4,0,0.7428268
/home/tianlong/Downloads//test/jidkzoagws.mp4,0,0.4779212
/home/tianlong/Downloads//test/nkpqkddsgt.mp4,0,0.27707344
/home/tianlong/Downloads//test/xqmrrciral.mp4,0,0.7619854
/home/tianlong/Downloads//test/ykfllpyawg.mp4,0,0.64700234
/home/tianlong/Downloads//test/bpieoyctzo.mp4,0,0.9181099
/home/tianlong/Downloads//test/wjrepvzlsv.mp4,0,0.94459116
/home/tianlong/Downloads//test/voucpidonq.mp4,0,0.9174957
/home/tianlong/Downloads//test/fxfxtrrkeq.mp4,0,0.5294791
/home/tianlong/Downloads//test/qggfpdkyzi.mp4,0,0.8758553
/home/tianlong/Downloads//test/xyucutnxhz.mp4,0,0.87455666
/home/tianlong/Downloads//test/rkxepdkger.mp4,0,0.11858672
/home/tianlong/Downloads//test/fxxpxoqoxp.mp4,0,0.38145518
/home/tianlong/Downloads//test/jkxxwfycsj.mp4,0,0.30847204
/home/tianlong/Downloads//test/qbearsyziz.mp4,0,0.45749187
/home/tianlong/Downloads//test/kyrbveruev.mp4,0,0.5739246
/home/tianlong/Downloads//test/pdyrvsvwyi.mp4,0,0.26206642
/home/tianlong/Downloads//test/bpxxmxuvuy.mp4,0,0.94876355
/home/tianlong/Downloads//test/ekxsduhvwh.mp4,0,0.9352929
/home/tianlong/Downloads//test/ocsqqqduxx.mp4,0,0.9211292
/home/tianlong/Downloads//test/qufzdwetss.mp4,0,0.83477116
/home/tianlong/Downloads//test/vwqrtxbwye.mp4,0,0.55325806
/home/tianlong/Downloads//test/zuduvanawx.mp4,0,0.96290874
/home/tianlong/Downloads//test/rkjhxvdnsv.mp4,0,0.50640315
/home/tianlong/Downloads//test/hpcivouyku.mp4,0,0.19288468
/home/tianlong/Downloads//test/vgndywbmgf.mp4,0,0.9803497
/home/tianlong/Downloads//test/hfgczdzbix.mp4,0,0.10844046
/home/tianlong/Downloads//test/rwehwmmutn.mp4,0,0.9721559
/home/tianlong/Downloads//test/jyfnzyvznx.mp4,0,0.71195763
/home/tianlong/Downloads//test/jxpodcendq.mp4,0,0.73334444
/home/tianlong/Downloads//test/kgynainlug.mp4,0,0.13453983
/home/tianlong/Downloads//test/hqgervpkkf.mp4,0,0.5274352
/home/tianlong/Downloads//test/defeqlyysh.mp4,0,0.28009373
/home/tianlong/Downloads//test/xzkwbswkao.mp4,0,0.040031306
/home/tianlong/Downloads//test/hhdblnxhtj.mp4,0,0.9564961
/home/tianlong/Downloads//test/oaptmwroki.mp4,0,0.7208112
/home/tianlong/Downloads//test/djlkkqmjkk.mp4,0,0.59405553
/home/tianlong/Downloads//test/motfposykz.mp4,0,0.63415194
/home/tianlong/Downloads//test/shvfupmrho.mp4,0,0.466827
/home/tianlong/Downloads//test/escwmsthiz.mp4,0,0.9313692
/home/tianlong/Downloads//test/ctpypmzfnl.mp4,0,0.58849585
/home/tianlong/Downloads//test/sjqrdyzkgl.mp4,0,0.48313242
/home/tianlong/Downloads//test/ddrjnwlugg.mp4,0,0.67836267
/home/tianlong/Downloads//test/hxfqltenqh.mp4,0,0.8386923
/home/tianlong/Downloads//test/umerhoubxw.mp4,0,0.9879278
/home/tianlong/Downloads//test/jxrpqynwlt.mp4,0,0.900458
/home/tianlong/Downloads//test/hprzotbjtj.mp4,0,0.14073049
/home/tianlong/Downloads//test/cqewayywpg.mp4,0,0.5997002
/home/tianlong/Downloads//test/nvptcoxzah.mp4,0,0.93535745
/home/tianlong/Downloads//test/uvzlfuxalu.mp4,0,0.2658675
/home/tianlong/Downloads//test/mfcbgbcuvb.mp4,0,0.12912545
/home/tianlong/Downloads//test/tmtoypmqwt.mp4,0,0.64334047
/home/tianlong/Downloads//test/bsjucwhlrj.mp4,0,0.6832794
/home/tianlong/Downloads//test/hlsubhyoea.mp4,0,0.48361975
/home/tianlong/Downloads//test/deslnszgpy.mp4,0,0.92353475
/home/tianlong/Downloads//test/tfwdbkwvgz.mp4,0,0.37130076
/home/tianlong/Downloads//test/ufxafdxpat.mp4,0,0.9894101
/home/tianlong/Downloads//test/lmacrzidyh.mp4,0,0.31298357
/home/tianlong/Downloads//test/wyiajvmitt.mp4,0,0.111208156
/home/tianlong/Downloads//test/xbdnqfbxcv.mp4,0,0.84688103
/home/tianlong/Downloads//test/mhfnldxixw.mp4,0,0.39785346
/home/tianlong/Downloads//test/pfiigjlcct.mp4,0,0.5673935
/home/tianlong/Downloads//test/ldtibsniik.mp4,0,0.94417304
/home/tianlong/Downloads//test/gwzttezkpv.mp4,0,0.95396346
/home/tianlong/Downloads//test/pevmkpamhv.mp4,0,0.90851796
/home/tianlong/Downloads//test/zcfpsnaujx.mp4,0,0.080775
/home/tianlong/Downloads//test/slvcfpalev.mp4,0,0.8692831
/home/tianlong/Downloads//test/ctdwtfcjei.mp4,0,0.6940862
/home/tianlong/Downloads//test/vxwsisekmb.mp4,0,0.09954719
/home/tianlong/Downloads//test/pkoadvlpga.mp4,0,0.91174126
/home/tianlong/Downloads//test/ofapaanpkl.mp4,0,0.8695642
/home/tianlong/Downloads//test/huzryvwrfa.mp4,0,0.86769086
/home/tianlong/Downloads//test/knjoasqzvt.mp4,0,0.3920299
/home/tianlong/Downloads//test/cedpyannqf.mp4,0,0.14549151
/home/tianlong/Downloads//test/mdwtpvlbrz.mp4,0,0.9617812
/home/tianlong/Downloads//test/hfcxlucrbj.mp4,0,0.53852284
/home/tianlong/Downloads//test/wbsajsyaej.mp4,0,0.5532629
/home/tianlong/Downloads//test/tbqrwehekx.mp4,0,0.5922571
/home/tianlong/Downloads//test/shslgpeisw.mp4,0,0.46579522
/home/tianlong/Downloads//test/epgfqrvwlr.mp4,0,0.555554
/home/tianlong/Downloads//test/fduhwlydlg.mp4,0,0.93700755
/home/tianlong/Downloads//test/cpmridjxbc.mp4,0,0.43430272
/home/tianlong/Downloads//test/kphflojove.mp4,0,0.437136
/home/tianlong/Downloads//test/hlcpwfwcyw.mp4,0,0.8755344
/home/tianlong/Downloads//test/bpeemkcxad.mp4,0,0.5164788
/home/tianlong/Downloads//test/jkadnvoqhk.mp4,0,0.84070873
/home/tianlong/Downloads//test/lzzpsosige.mp4,0,0.80019903
/home/tianlong/Downloads//test/pxtwhbaxjq.mp4,0,0.69441164
/home/tianlong/Downloads//test/pxgcsltbuo.mp4,0,0.19078942
/home/tianlong/Downloads//test/gmepmwcgwg.mp4,0,0.81642973
/home/tianlong/Downloads//test/tnetytnegv.mp4,0,0.7480005
/home/tianlong/Downloads//test/sxmqvznwwq.mp4,0,0.5937858
/home/tianlong/Downloads//test/partcfzlbj.mp4,0,0.873675
/home/tianlong/Downloads//test/tnkmovifrb.mp4,0,0.8104334
/home/tianlong/Downloads//test/dpgznlwvpx.mp4,0,0.96467495
/home/tianlong/Downloads//test/mbpbbekqks.mp4,0,0.5068739
/home/tianlong/Downloads//test/hdbejalgtx.mp4,0,0.16095336
/home/tianlong/Downloads//test/bmdiaytrcm.mp4,0,0.86116904
/home/tianlong/Downloads//test/yghxoihrle.mp4,0,0.78338754
/home/tianlong/Downloads//test/vcgelshrli.mp4,0,0.6543791
/home/tianlong/Downloads//test/yvdnbmbwyh.mp4,0,0.22066203
/home/tianlong/Downloads//test/kmakhupeac.mp4,0,0.7345856
/home/tianlong/Downloads//test/ccevbixrwu.mp4,0,0.79939437
/home/tianlong/Downloads//test/edavfjsjzw.mp4,0,0.7555599
/home/tianlong/Downloads//test/znmzmierff.mp4,0,0.16391924
/home/tianlong/Downloads//test/kiotoqmmfj.mp4,0,0.5963806
/home/tianlong/Downloads//test/nqctdktbtb.mp4,0,0.39757484
/home/tianlong/Downloads//test/inneixkosf.mp4,0,0.75843805
/home/tianlong/Downloads//test/occrrsyizc.mp4,0,0.4061708
/home/tianlong/Downloads//test/zfecmsiodq.mp4,0,0.22351448
/home/tianlong/Downloads//test/haknpmhigp.mp4,0,0.66071707
/home/tianlong/Downloads//test/zjbwxmmrgk.mp4,0,0.73882294
/home/tianlong/Downloads//test/qgpabkriss.mp4,0,0.608581
/home/tianlong/Downloads//test/liureznisp.mp4,0,0.6495908
/home/tianlong/Downloads//test/bzdywpajvr.mp4,0,0.09603535
/home/tianlong/Downloads//test/jniytngcmy.mp4,0,0.577983
/home/tianlong/Downloads//test/idklchvhxp.mp4,0,0.7737185
/home/tianlong/Downloads//test/pijzjjchqn.mp4,0,0.97540295
/home/tianlong/Downloads//test/pjnsejazpl.mp4,0,0.13317135
/home/tianlong/Downloads//test/gpaqoqegbn.mp4,0,0.1737145
/home/tianlong/Downloads//test/xsxwrwvfkg.mp4,0,0.52900004
/home/tianlong/Downloads//test/arwefyghir.mp4,0,0.12738448
/home/tianlong/Downloads//test/ptgvxdueef.mp4,0,0.6244966
/home/tianlong/Downloads//test/plljpjscih.mp4,0,0.07726881
/home/tianlong/Downloads//test/jozfaxodnx.mp4,0,0.74126184
/home/tianlong/Downloads//test/girdwtjwsr.mp4,0,0.41579437
/home/tianlong/Downloads//test/jbaahohsns.mp4,0,0.60237896
/home/tianlong/Downloads//test/uetfcmaryk.mp4,0,0.9228303
/home/tianlong/Downloads//test/oqbltrmhvt.mp4,0,0.40544575
/home/tianlong/Downloads//test/dvtzvkcrku.mp4,0,0.28449398
/home/tianlong/Downloads//test/qjilklnynm.mp4,0,0.5290512
/home/tianlong/Downloads//test/tcsdjwbihw.mp4,0,0.9698578
/home/tianlong/Downloads//test/zhftwvtutp.mp4,0,0.33300403
/home/tianlong/Downloads//test/xgktqwvknw.mp4,0,0.93389195
/home/tianlong/Downloads//test/cdeesuuuqz.mp4,0,0.8174381
/home/tianlong/Downloads//test/ymngcysczs.mp4,0,0.39193946
/home/tianlong/Downloads//test/gctyynjruz.mp4,0,0.9530215
/home/tianlong/Downloads//test/vkirqaiuoc.mp4,0,0.92439574
/home/tianlong/Downloads//test/ykywskdwlc.mp4,0,0.7547676
/home/tianlong/Downloads//test/verpxkucoi.mp4,0,0.885018
/home/tianlong/Downloads//test/gpsqelalbp.mp4,0,0.9804406
/home/tianlong/Downloads//test/paorozwtbf.mp4,0,0.9096356
/home/tianlong/Downloads//test/iaaecuquha.mp4,0,0.2848183
/home/tianlong/Downloads//test/lmgdjtzwau.mp4,0,0.6772512
/home/tianlong/Downloads//test/tayykmblhg.mp4,0,0.8705098
/home/tianlong/Downloads//test/hpurahupjh.mp4,0,0.9500357
/home/tianlong/Downloads//test/uutxmgqajd.mp4,0,0.57434666
/home/tianlong/Downloads//test/rbkcpkwhjn.mp4,0,0.9383275
/home/tianlong/Downloads//test/wtnloygygs.mp4,0,0.8198469
/home/tianlong/Downloads//test/biborxaekt.mp4,0,0.76392996
/home/tianlong/Downloads//test/drlnvwvvuw.mp4,0,0.7460113
/home/tianlong/Downloads//test/axutpjywuu.mp4,0,0.17755377
/home/tianlong/Downloads//test/jbcnsmlysc.mp4,0,0.8186797
/home/tianlong/Downloads//test/ilzhgraxpl.mp4,0,0.9728958
/home/tianlong/Downloads//test/cwqhzuhjol.mp4,0,0.59885556
/home/tianlong/Downloads//test/tlzordotqw.mp4,0,0.4890541
/home/tianlong/Downloads//test/hdauuytvhx.mp4,0,0.4601265
/home/tianlong/Downloads//test/rtiyduycrn.mp4,0,0.82859886
/home/tianlong/Downloads//test/mdsmgzaltc.mp4,0,0.69529927
/home/tianlong/Downloads//test/mnlxxoicoo.mp4,0,0.39790764
/home/tianlong/Downloads//test/ksfuiztwuc.mp4,0,0.20087843
/home/tianlong/Downloads//test/tpjydgkvdt.mp4,0,0.45922488
/home/tianlong/Downloads//test/nmjesbwiux.mp4,0,0.966364
/home/tianlong/Downloads//test/egzfaoiuwo.mp4,0,0.5627499
/home/tianlong/Downloads//test/ucmfbukrkj.mp4,0,0.3028135
/home/tianlong/Downloads//test/aoqzxlwvmi.mp4,0,0.96544015
/home/tianlong/Downloads//test/zzjfzeuizr.mp4,0,0.42081076
/home/tianlong/Downloads//test/aunokqsmrt.mp4,0,0.98709714
/home/tianlong/Downloads//test/kudvvlgiff.mp4,0,0.95466983
/home/tianlong/Downloads//test/qqwsabrgxh.mp4,0,0.3157158
/home/tianlong/Downloads//test/pvsslamopo.mp4,0,0.903098
/home/tianlong/Downloads//test/kawxnfacqs.mp4,0,0.85157096
/home/tianlong/Downloads//test/lxeqbyddvt.mp4,0,0.7999878
/home/tianlong/Downloads//test/zylribcaeu.mp4,0,0.84162265
/home/tianlong/Downloads//test/sghdekqnnn.mp4,0,0.6683876
/home/tianlong/Downloads//test/msbqgoxxlh.mp4,0,0.092448354
/home/tianlong/Downloads//test/ubbzrfgzer.mp4,0,0.9696744
/home/tianlong/Downloads//test/vuofhivyfs.mp4,0,0.7035723
/home/tianlong/Downloads//test/xirrbpmlja.mp4,0,0.8301361
/home/tianlong/Downloads//test/appvffejyy.mp4,0,0.09094887
/home/tianlong/Downloads//test/nzepxsbotb.mp4,0,0.8087999
/home/tianlong/Downloads//test/nkqkvwpghi.mp4,0,0.42153534
/home/tianlong/Downloads//test/vdvffooule.mp4,0,0.2698273
/home/tianlong/Downloads//test/rayhrvqorn.mp4,0,0.6598597
/home/tianlong/Downloads//test/cslfapvyjv.mp4,0,0.92540324
/home/tianlong/Downloads//test/rmygsfjyvt.mp4,0,0.31515202
/home/tianlong/Downloads//test/yhbhhibwzo.mp4,0,0.6864349
/home/tianlong/Downloads//test/vlxfyuzygn.mp4,0,0.49709886
/home/tianlong/Downloads//test/zefqhoewww.mp4,0,0.34997624
/home/tianlong/Downloads//test/vptrrrmhyb.mp4,0,0.92727613
/home/tianlong/Downloads//test/cefolmrrlx.mp4,0,0.4363276
/home/tianlong/Downloads//test/xzmplldajk.mp4,0,0.3996951
/home/tianlong/Downloads//test/hrznynemfj.mp4,0,0.31395096
/home/tianlong/Downloads//test/tkxblcleyd.mp4,0,0.91835344
/home/tianlong/Downloads//test/tlxgwzheli.mp4,0,0.2903009
/home/tianlong/Downloads//test/qvgutokvct.mp4,0,0.9756627
/home/tianlong/Downloads//test/tcwyxrvdpe.mp4,0,0.32070905
/home/tianlong/Downloads//test/jwrypvpvpx.mp4,0,0.92205125
/home/tianlong/Downloads//test/bpyjsrjcro.mp4,0,0.9032301
/home/tianlong/Downloads//test/avteqdmbob.mp4,0,0.52800655
/home/tianlong/Downloads//test/aaivbtdyjn.mp4,0,0.39755383
/home/tianlong/Downloads//test/pokctfragw.mp4,0,0.49691623
/home/tianlong/Downloads//test/vgdllmzjcw.mp4,0,0.3939043
/home/tianlong/Downloads//test/zdlhavfmit.mp4,0,0.69137007
/home/tianlong/Downloads//test/yupsrmckii.mp4,0,0.41409206
/home/tianlong/Downloads//test/pobpsxjbzg.mp4,0,0.5073782
/home/tianlong/Downloads//test/lkvouattut.mp4,0,0.82560027
/home/tianlong/Downloads//test/anjzzdyhno.mp4,0,0.60809356
/home/tianlong/Downloads//test/jvihmimqca.mp4,0,0.5115619
/home/tianlong/Downloads//test/wnoitecfmf.mp4,0,0.7712749
/home/tianlong/Downloads//test/gbvllwqbjl.mp4,0,0.7245897
/home/tianlong/Downloads//test/gzabjmglim.mp4,0,0.9330429
/home/tianlong/Downloads//test/paqcbtdulm.mp4,0,0.9769694
/home/tianlong/Downloads//test/jcbbrqaaaq.mp4,0,0.8118434
/home/tianlong/Downloads//test/nsavbywhlu.mp4,0,0.19522974
/home/tianlong/Downloads//test/zwfebeiqat.mp4,0,0.5943265
/home/tianlong/Downloads//test/pimrsfwcwm.mp4,0,0.0746178
/home/tianlong/Downloads//test/mrvdmwcblt.mp4,0,0.8734004
/home/tianlong/Downloads//test/hedetzyqpu.mp4,0,0.91732377
/home/tianlong/Downloads//test/qytaiboeep.mp4,0,0.55024683
/home/tianlong/Downloads//test/famavifufv.mp4,0,0.61633444
/home/tianlong/Downloads//test/hnselekxwv.mp4,0,0.9375119
/home/tianlong/Downloads//test/emgciwmtuj.mp4,0,0.956031
/home/tianlong/Downloads//test/wbmvbetcdm.mp4,0,0.4818252
/home/tianlong/Downloads//test/mpvnvvihzp.mp4,0,0.5531358
/home/tianlong/Downloads//test/zelgpxflfe.mp4,0,0.71445125
/home/tianlong/Downloads//test/lhjcdavmmg.mp4,0,0.78362495
/home/tianlong/Downloads//test/rxtqqoncwj.mp4,0,0.558253
/home/tianlong/Downloads//test/shrpamtirw.mp4,0,0.04295495
/home/tianlong/Downloads//test/qhzlgrtgto.mp4,0,0.96900016
/home/tianlong/Downloads//test/uuzyzglejw.mp4,0,0.89657164
/home/tianlong/Downloads//test/bmnpqrwnex.mp4,0,0.0066540875
/home/tianlong/Downloads//test/dtssdnhgiw.mp4,0,0.3885269
/home/tianlong/Downloads//test/rlhmppiklf.mp4,0,0.5322873
/home/tianlong/Downloads//test/sswhgeqjrt.mp4,0,0.8047005
/home/tianlong/Downloads//test/emxqsgqtdz.mp4,0,0.38631493
/home/tianlong/Downloads//test/bcwtjzsutw.mp4,0,0.8761791
/home/tianlong/Downloads//test/uomfimsutw.mp4,0,0.37276155
/home/tianlong/Downloads//test/mztlucosuc.mp4,0,0.60657185
/home/tianlong/Downloads//test/ntcfyojagi.mp4,0,0.76781625
/home/tianlong/Downloads//test/wrbuiboyat.mp4,0,0.29071277
/home/tianlong/Downloads//test/xiqecarvpb.mp4,0,0.01688614
/home/tianlong/Downloads//test/fcvzlzfufb.mp4,0,0.39126417
/home/tianlong/Downloads//test/savqrjnncg.mp4,0,0.89273167
/home/tianlong/Downloads//test/icqmqztbry.mp4,0,0.27372286
/home/tianlong/Downloads//test/zzrmokkxka.mp4,0,0.22498436
/home/tianlong/Downloads//test/btgxrrldio.mp4,0,0.48503217
/home/tianlong/Downloads//test/zdnepyqjiy.mp4,0,0.87223196
/home/tianlong/Downloads//test/fybiztpnrc.mp4,0,0.89990187
/home/tianlong/Downloads//test/parqhrknkf.mp4,0,0.21999057
/home/tianlong/Downloads//test/tvffpggbrc.mp4,0,0.80745286
/home/tianlong/Downloads//test/rtpuwtrxsr.mp4,0,0.92031085
/home/tianlong/Downloads//test/tgmqfzsznf.mp4,0,0.21500191
/home/tianlong/Downloads//test/eqabuehals.mp4,0,0.7170988
/home/tianlong/Downloads//test/ikebomnsiq.mp4,0,0.8622664
/home/tianlong/Downloads//test/wfzxrfxohw.mp4,0,0.6052535
/home/tianlong/Downloads//test/dqfgwejsvm.mp4,0,0.6965478
/home/tianlong/Downloads//test/lxadgjqzbf.mp4,0,0.5749206
/home/tianlong/Downloads//test/tdahgbtenl.mp4,0,0.66948575
/home/tianlong/Downloads//test/bivzhsmrqo.mp4,0,0.72741306
/home/tianlong/Downloads//test/vzxluflrhn.mp4,0,0.9560113
/home/tianlong/Downloads//test/ikmsdmynbf.mp4,0,0.49009228
/home/tianlong/Downloads//test/kuqbgbrypa.mp4,0,0.20446941
/home/tianlong/Downloads//test/nfstajzaot.mp4,0,0.9447668
/home/tianlong/Downloads//test/dultiznosk.mp4,0,0.94051486
/home/tianlong/Downloads//test/ckqfqernbf.mp4,0,0.78814095
/home/tianlong/Downloads//test/kbdwudhhwf.mp4,0,0.84306896
/home/tianlong/Downloads//test/hqpjmwyygq.mp4,0,0.7191736
/home/tianlong/Downloads//test/tjyuudtkme.mp4,0,0.9297317
/home/tianlong/Downloads//test/tihgxlmfcj.mp4,0,0.93465215
/home/tianlong/Downloads//test/sgdnbofecu.mp4,0,0.89584273
/home/tianlong/Downloads//test/pgamqeolau.mp4,0,0.99122655
/home/tianlong/Downloads//test/ijeqomctsa.mp4,0,0.33261552
/home/tianlong/Downloads//test/ppruxbqpmc.mp4,0,0.4065949
/home/tianlong/Downloads//test/hkvfyeacje.mp4,0,0.958038
/home/tianlong/Downloads//test/zqrzqekofe.mp4,0,0.5948521
/home/tianlong/Downloads//test/iwzbgmtsuh.mp4,0,0.41221684
/home/tianlong/Downloads//test/dbixwxtuxs.mp4,0,0.8907444
/home/tianlong/Downloads//test/cepqcoseaj.mp4,0,0.6143316
/home/tianlong/Downloads//test/gypapuqdrx.mp4,0,0.5449904
/home/tianlong/Downloads//test/djhhnixfyi.mp4,0,0.3402111
/home/tianlong/Downloads//test/fkarxowzuf.mp4,0,0.08252968
/home/tianlong/Downloads//test/gfxnuidfgl.mp4,0,0.06411094
/home/tianlong/Downloads//test/vsreebjsfs.mp4,0,0.23842736
/home/tianlong/Downloads//test/manqchicur.mp4,0,0.59393567
/home/tianlong/Downloads//test/gztffgsxpt.mp4,0,0.9755434
/home/tianlong/Downloads//test/jdzkykqgsx.mp4,0,0.6524375
/home/tianlong/Downloads//test/cvbubcwkkl.mp4,0,0.9504326
/home/tianlong/Downloads//test/bgqhldvsgc.mp4,0,0.98745424
/home/tianlong/Downloads//test/blqgpxokwq.mp4,0,0.6544403
/home/tianlong/Downloads//test/cxvayntesu.mp4,0,0.06552488
/home/tianlong/Downloads//test/dxepehnhgm.mp4,0,0.9546442
/home/tianlong/Downloads//test/bcgjlsupne.mp4,0,0.17227168
/home/tianlong/Downloads//test/uhynwthfhf.mp4,0,0.6315277
/home/tianlong/Downloads//test/gocrdvihos.mp4,0,0.969635
/home/tianlong/Downloads//test/gtyvtbojpp.mp4,0,0.22087789
/home/tianlong/Downloads//test/eqtwkqxolz.mp4,0,0.04240346
/home/tianlong/Downloads//test/arwiyweadv.mp4,0,0.592144
/home/tianlong/Downloads//test/mlizcisxro.mp4,0,0.12913689
/home/tianlong/Downloads//test/miiymgajty.mp4,0,0.8741452
/home/tianlong/Downloads//test/ragjclplkx.mp4,0,0.406519
/home/tianlong/Downloads//test/wxrfuemtxj.mp4,0,0.4686523
/home/tianlong/Downloads//test/xxupwwukoh.mp4,0,0.056940068
/home/tianlong/Downloads//test/qdantvtdji.mp4,0,0.45677847
/home/tianlong/Downloads//test/oqehnuhbwa.mp4,0,0.64977443
/home/tianlong/Downloads//test/yzqbwkwxsn.mp4,0,0.29346925
/home/tianlong/Downloads//test/osjaqtkkdt.mp4,0,0.9777567
/home/tianlong/Downloads//test/nthlmvjxac.mp4,0,0.35270566
/home/tianlong/Downloads//test/dpegbdzijf.mp4,0,0.21636572
/home/tianlong/Downloads//test/ezgusylcyf.mp4,0,0.77542466
/home/tianlong/Downloads//test/isxxybhuls.mp4,0,0.33110186
/home/tianlong/Downloads//test/dbqbwrcvjk.mp4,0,0.51755965
/home/tianlong/Downloads//test/qqrvyhjznq.mp4,0,0.6417616
/home/tianlong/Downloads//test/ohdtmpzbtp.mp4,0,0.33628497
/home/tianlong/Downloads//test/oupztxzdln.mp4,0,0.7469274
/home/tianlong/Downloads//test/snidpujjti.mp4,0,0.5536531
/home/tianlong/Downloads//test/yoxdseoukl.mp4,0,0.64316195
/home/tianlong/Downloads//test/bxsdnqizii.mp4,0,0.5120689
/home/tianlong/Downloads//test/ihszkmcwvw.mp4,0,0.7036482
/home/tianlong/Downloads//test/rgrqhjtoby.mp4,0,0.23652811
/home/tianlong/Downloads//test/vqibhetnwa.mp4,0,0.38627177
/home/tianlong/Downloads//test/rkqqgwurqt.mp4,0,0.74877506
/home/tianlong/Downloads//test/axdepsfowg.mp4,0,0.11048031
/home/tianlong/Downloads//test/dcpmipuapc.mp4,0,0.97187346
/home/tianlong/Downloads//test/ncjqganhal.mp4,0,0.74983287
/home/tianlong/Downloads//test/qnbnlmpqpu.mp4,0,0.7457043
/home/tianlong/Downloads//test/ieoervpooz.mp4,0,0.9091891
/home/tianlong/Downloads//test/fscyfygpyk.mp4,0,0.20931801
/home/tianlong/Downloads//test/pitpjawwwp.mp4,0,0.7456381
/home/tianlong/Downloads//test/geturetbpy.mp4,0,0.6533628
/home/tianlong/Downloads//test/kwsraaqime.mp4,0,0.13572693
/home/tianlong/Downloads//test/lhgoghqmub.mp4,0,0.45647568
/home/tianlong/Downloads//test/kdmonvkpqd.mp4,0,0.10156337
/home/tianlong/Downloads//test/wrcelewmpa.mp4,0,0.9530422
/home/tianlong/Downloads//test/bxqgvzamnx.mp4,0,0.5060459
/home/tianlong/Downloads//test/nliofvksed.mp4,0,0.5586035
/home/tianlong/Downloads//test/mwjnvghsbe.mp4,0,0.7059799
/home/tianlong/Downloads//test/ygiscbckjl.mp4,0,0.3959765
/home/tianlong/Downloads//test/wscclwhfsr.mp4,0,0.9721001
/home/tianlong/Downloads//test/hddminxrhw.mp4,0,0.63034505
/home/tianlong/Downloads//test/ncrkggcdqp.mp4,0,0.5495355
/home/tianlong/Downloads//test/xjinzawywt.mp4,0,0.70333046
/home/tianlong/Downloads//test/korrsqtkke.mp4,0,0.8873769
/home/tianlong/Downloads//test/tskjnnvjsa.mp4,0,0.41251597
/home/tianlong/Downloads//test/tyjxmknivy.mp4,0,0.7340852
/home/tianlong/Downloads//test/qyvqrtscbk.mp4,0,0.67140156
/home/tianlong/Downloads//test/kxnybtbpkl.mp4,0,0.9743105
/home/tianlong/Downloads//test/wiqtkqwfsw.mp4,0,0.53965276
/home/tianlong/Downloads//test/bevjclbhuo.mp4,0,0.9487961
/home/tianlong/Downloads//test/shwulrbsfx.mp4,0,0.71379006
/home/tianlong/Downloads//test/mohtuktaaq.mp4,0,0.44496092
/home/tianlong/Downloads//test/fwsypadiom.mp4,0,0.34111398
/home/tianlong/Downloads//test/buywrbgfqy.mp4,0,0.88661206
/home/tianlong/Downloads//test/bljpdykszf.mp4,0,0.32810444
/home/tianlong/Downloads//test/ztxdkcoxvx.mp4,0,0.38054872
/home/tianlong/Downloads//test/oqeoibjbim.mp4,0,0.51845294
/home/tianlong/Downloads//test/szwhgmrrhm.mp4,0,0.8182521
/home/tianlong/Downloads//test/xnydmgdhum.mp4,0,0.64283115
/home/tianlong/Downloads//test/fltaysfwct.mp4,0,0.01080416
/home/tianlong/Downloads//test/akdvkdoyoh.mp4,0,0.20303302
/home/tianlong/Downloads//test/ftfemkjnot.mp4,0,0.4154033
/home/tianlong/Downloads//test/gmbckelbzp.mp4,0,0.21220359
/home/tianlong/Downloads//test/jjzveabagf.mp4,0,0.6543101
/home/tianlong/Downloads//test/dfqwasrdvq.mp4,0,0.76376647
/home/tianlong/Downloads//test/diskzkrrph.mp4,0,0.4947856
/home/tianlong/Downloads//test/jtwpwdqmxz.mp4,0,0.90674084
/home/tianlong/Downloads//test/qivnumuetu.mp4,0,0.74074066
/home/tianlong/Downloads//test/blmuzhjygg.mp4,0,0.9007729
/home/tianlong/Downloads//test/sbxlfehzjc.mp4,0,0.5949174
/home/tianlong/Downloads//test/tcwhwssdnv.mp4,0,0.5265427
/home/tianlong/Downloads//test/bkbokyebco.mp4,0,0.9665724
/home/tianlong/Downloads//test/vojsghpebv.mp4,0,0.7275097
/home/tianlong/Downloads//test/opuhoerhxb.mp4,0,0.88846713
/home/tianlong/Downloads//test/mmhdcoqsve.mp4,0,0.9715351
/home/tianlong/Downloads//test/ewxddjqzml.mp4,0,0.2385604
/home/tianlong/Downloads//test/dznchaiaqh.mp4,0,0.8813121
/home/tianlong/Downloads//test/mloeefokyq.mp4,0,0.56104916
/home/tianlong/Downloads//test/fgkpembbpv.mp4,0,0.2982732
/home/tianlong/Downloads//test/orqafstesq.mp4,0,0.57273877
/home/tianlong/Downloads//test/ckgabgjnca.mp4,0,0.87872446
/home/tianlong/Downloads//test/iuvhrgckrt.mp4,0,0.23941424
/home/tianlong/Downloads//test/vlzwcejywm.mp4,0,0.9117033
/home/tianlong/Downloads//test/cpucjmfawf.mp4,0,0.5685731
/home/tianlong/Downloads//test/ekvhyeycpr.mp4,0,0.4133996
/home/tianlong/Downloads//test/tazlckybzu.mp4,0,0.9332491
/home/tianlong/Downloads//test/clxgzkdgta.mp4,0,0.932063
/home/tianlong/Downloads//test/zlfbumxcxs.mp4,0,0.83363247
/home/tianlong/Downloads//test/plhcceboag.mp4,0,0.073794305
/home/tianlong/Downloads//test/extihvlsxg.mp4,0,0.7199253
/home/tianlong/Downloads//test/olebnvxoyl.mp4,0,0.5365928
/home/tianlong/Downloads//test/opdqcwqxzy.mp4,0,0.02239573
/home/tianlong/Downloads//test/stwaypekwh.mp4,0,0.79344237
/home/tianlong/Downloads//test/xogwctpikv.mp4,0,0.5888296
/home/tianlong/Downloads//test/cjiwxfwcit.mp4,0,0.45534524
/home/tianlong/Downloads//test/txshgvrava.mp4,0,0.35135728
/home/tianlong/Downloads//test/ggpuxwhpri.mp4,0,0.35881954
/home/tianlong/Downloads//test/jlxnzxtopm.mp4,0,0.55580056
/home/tianlong/Downloads//test/thjugpbwcv.mp4,0,0.5891333
/home/tianlong/Downloads//test/pkititkein.mp4,0,0.18752806
/home/tianlong/Downloads//test/hjiwmybauf.mp4,0,0.5795029
/home/tianlong/Downloads//test/efazuieysm.mp4,0,0.405046
/home/tianlong/Downloads//test/tdzsgrdneg.mp4,0,0.11013205
/home/tianlong/Downloads//test/mkxmvreoth.mp4,0,0.6484562
/home/tianlong/Downloads//test/ofbjiuemkr.mp4,0,0.17877348
/home/tianlong/Downloads//test/dogotzkdiw.mp4,0,0.22419524
/home/tianlong/Downloads//test/qdmvzknbua.mp4,0,0.6659396
/home/tianlong/Downloads//test/pnauelqbxq.mp4,0,0.6725547
/home/tianlong/Downloads//test/sytddqezij.mp4,0,0.96495503
/home/tianlong/Downloads//test/bhpddnqauc.mp4,0,0.3403104
/home/tianlong/Downloads//test/imtkdzkypf.mp4,0,0.22220857
/home/tianlong/Downloads//test/kbodjivgqu.mp4,0,0.8472718
/home/tianlong/Downloads//test/qtxraeaxeh.mp4,0,0.7265039
/home/tianlong/Downloads//test/uaxmqpmswz.mp4,0,0.69985074
/home/tianlong/Downloads//test/qlbapiibba.mp4,0,0.8091324
/home/tianlong/Downloads//test/mzurunkulx.mp4,0,0.6026404
/home/tianlong/Downloads//test/aujoxrpddn.mp4,0,0.72484714
/home/tianlong/Downloads//test/ebenvuuxld.mp4,0,0.76599634
/home/tianlong/Downloads//test/fsfjlwwsen.mp4,0,0.6588344
/home/tianlong/Downloads//test/zwgaptzuqt.mp4,0,0.67572445
/home/tianlong/Downloads//test/gldpafckwo.mp4,0,0.729131
/home/tianlong/Downloads//test/nvkzpexyzg.mp4,0,0.7947863
/home/tianlong/Downloads//test/vnrmxwtsmf.mp4,0,0.6292304
/home/tianlong/Downloads//test/hmofiqjzxe.mp4,0,0.6157633
/home/tianlong/Downloads//test/ucryyubbqk.mp4,0,0.056830615
/home/tianlong/Downloads//test/gwqdrapybq.mp4,0,0.8004966
/home/tianlong/Downloads//test/avttogwbyz.mp4,0,0.27802745
/home/tianlong/Downloads//test/hbmvxgonmq.mp4,0,0.8637487
/home/tianlong/Downloads//test/gxxlbjuyza.mp4,0,0.7108699
/home/tianlong/Downloads//test/jhzozsurac.mp4,0,0.77134943
/home/tianlong/Downloads//test/opyqudaics.mp4,0,0.73993975
/home/tianlong/Downloads//test/vigbdgmudk.mp4,0,0.589691
/home/tianlong/Downloads//test/viidhkoxyv.mp4,0,0.88357556
/home/tianlong/Downloads//test/dmpvbeyuqb.mp4,0,0.91441536
/home/tianlong/Downloads//test/wgycqahjww.mp4,0,0.91634953
/home/tianlong/Downloads//test/wwgmzeavbd.mp4,0,0.9610597
/home/tianlong/Downloads//test/qtqyglbdem.mp4,0,0.9659401
/home/tianlong/Downloads//test/nqynuhnklk.mp4,0,0.11113979
/home/tianlong/Downloads//test/jygbqsigcr.mp4,0,0.83435297
/home/tianlong/Downloads//test/nsozqvhalr.mp4,0,0.59514546
/home/tianlong/Downloads//test/yvmrwdyxby.mp4,0,0.43296713
/home/tianlong/Downloads//test/kvhbyuklfv.mp4,0,0.89092004
/home/tianlong/Downloads//test/iwnfvkmktq.mp4,0,0.3332247
/home/tianlong/Downloads//test/qzfmctgxcs.mp4,0,0.6534106
/home/tianlong/Downloads//test/vhipamioud.mp4,0,0.26164252
/home/tianlong/Downloads//test/lmbvoxhowe.mp4,0,0.8598318
/home/tianlong/Downloads//test/ziqjamfzlv.mp4,0,0.8572019
/home/tianlong/Downloads//test/kqnwutdvpd.mp4,0,0.9450141
/home/tianlong/Downloads//test/lucpbeexdk.mp4,0,0.88426334
/home/tianlong/Downloads//test/pnotaniiuh.mp4,0,0.7135599
/home/tianlong/Downloads//test/qohtjkzity.mp4,0,0.32996938
/home/tianlong/Downloads//test/bkjhfcvsig.mp4,0,0.8863926
/home/tianlong/Downloads//test/kpcrdurodw.mp4,0,0.58168715
/home/tianlong/Downloads//test/nmphdbflzj.mp4,0,0.6336515
/home/tianlong/Downloads//test/fmsxomanga.mp4,0,0.77504504
/home/tianlong/Downloads//test/tgwpcoljin.mp4,0,0.69703096
/home/tianlong/Downloads//test/foynwjsqeh.mp4,0,0.36653608
/home/tianlong/Downloads//test/vdqritvjfl.mp4,0,0.42292038
/home/tianlong/Downloads//test/egyemqrvna.mp4,0,0.16031429
/home/tianlong/Downloads//test/xrtmepdfyh.mp4,0,0.8994684
/home/tianlong/Downloads//test/zfgjechdto.mp4,0,0.4060155
/home/tianlong/Downloads//test/jujpqsrgll.mp4,0,0.012075422
/home/tianlong/Downloads//test/iakzgqqova.mp4,0,0.25915378
/home/tianlong/Downloads//test/fqdklzzkfj.mp4,0,0.66172945
/home/tianlong/Downloads//test/dnfnxwbsoi.mp4,0,0.7847026
/home/tianlong/Downloads//test/lynaeydofd.mp4,0,0.9589842
/home/tianlong/Downloads//test/relrfifywa.mp4,0,0.96648216
/home/tianlong/Downloads//test/imsacxixmv.mp4,0,0.9661385
/home/tianlong/Downloads//test/rfbwukxpye.mp4,0,0.73986423
/home/tianlong/Downloads//test/atixaudngu.mp4,0,0.7832948
/home/tianlong/Downloads//test/tcychsyltm.mp4,0,0.49630266
/home/tianlong/Downloads//test/kifyfzqzjj.mp4,0,0.20333433
/home/tianlong/Downloads//test/irjbukzjqt.mp4,0,0.8710163
/home/tianlong/Downloads//test/jmkkbkvbjo.mp4,0,0.4545017
/home/tianlong/Downloads//test/gflhlvhqyl.mp4,0,0.05587872
/home/tianlong/Downloads//test/myebjqbxsl.mp4,0,0.37557003
/home/tianlong/Downloads//test/mqeqiytluf.mp4,0,0.83914244
/home/tianlong/Downloads//test/zbsjlcsetv.mp4,0,0.18246378
/home/tianlong/Downloads//test/lzmxqxrruv.mp4,0,0.4717571
/home/tianlong/Downloads//test/neotrnwthu.mp4,0,0.98090374
/home/tianlong/Downloads//test/vwigtbeivy.mp4,0,0.9185383
/home/tianlong/Downloads//test/ldtscpryms.mp4,0,0.78231925
/home/tianlong/Downloads//test/sjgmmecazy.mp4,0,0.33577472
/home/tianlong/Downloads//test/jkrbsekajk.mp4,0,0.7186884
/home/tianlong/Downloads//test/iahzcxmuck.mp4,0,0.9780142
/home/tianlong/Downloads//test/cteqlloxwu.mp4,0,0.85692966
/home/tianlong/Downloads//test/pgqxsteufx.mp4,0,0.5747875
/home/tianlong/Downloads//test/cmuzrrlaiy.mp4,1,0.46989512
/home/tianlong/Downloads//test/jxeqhujuvh.mp4,1,0.9718009
/home/tianlong/Downloads//test/ntaqujyzes.mp4,1,0.9765598
/home/tianlong/Downloads//test/ghxzsygiou.mp4,1,0.68823564
/home/tianlong/Downloads//test/lvxzjwiklq.mp4,1,0.5706521
/home/tianlong/Downloads//test/wlyvvvjgnv.mp4,1,0.6090086
/home/tianlong/Downloads//test/hexxuigzdl.mp4,1,0.83006394
/home/tianlong/Downloads//test/zynrdvlrwv.mp4,1,0.45180264
/home/tianlong/Downloads//test/kbvqzihgan.mp4,1,0.99882317
/home/tianlong/Downloads//test/razacdewcv.mp4,1,0.81472206
/home/tianlong/Downloads//test/tjlrvidbxw.mp4,1,0.101899244
/home/tianlong/Downloads//test/gcbyurxhbz.mp4,1,0.88837254
/home/tianlong/Downloads//test/xticvyqqjn.mp4,1,0.7082858
/home/tianlong/Downloads//test/gqpayiddqv.mp4,1,0.8786783
/home/tianlong/Downloads//test/zmrnjhfxed.mp4,1,0.22925802
/home/tianlong/Downloads//test/slpxqmwuqm.mp4,1,0.72713226
/home/tianlong/Downloads//test/upwsvjdtgo.mp4,1,0.9977986
/home/tianlong/Downloads//test/zpnjiswgdt.mp4,1,0.03593745
/home/tianlong/Downloads//test/rayxtqfosv.mp4,1,0.8852814
/home/tianlong/Downloads//test/cfhoqpdzqb.mp4,1,0.94938993
/home/tianlong/Downloads//test/okyufzgvay.mp4,1,0.21053171
/home/tianlong/Downloads//test/wgyxtquovo.mp4,1,0.14026119
/home/tianlong/Downloads//test/kicgvgukqs.mp4,1,0.4837222
/home/tianlong/Downloads//test/aolhuwcdwv.mp4,1,0.26944065
/home/tianlong/Downloads//test/clzcvdsuyp.mp4,1,0.024943667
/home/tianlong/Downloads//test/jibhugdfbs.mp4,1,0.2982145
/home/tianlong/Downloads//test/kfiszsbzob.mp4,1,0.97139895
/home/tianlong/Downloads//test/mgwtoqonaf.mp4,1,0.24843745
/home/tianlong/Downloads//test/buzqmuifod.mp4,1,0.7848522
/home/tianlong/Downloads//test/bofmetrgfm.mp4,1,0.8807974
/home/tianlong/Downloads//test/chlshvbday.mp4,1,0.47467017
/home/tianlong/Downloads//test/vxcjkgerao.mp4,1,0.63511145
/home/tianlong/Downloads//test/qxwqqhruvz.mp4,1,0.98416996
/home/tianlong/Downloads//test/hytdcdixlv.mp4,1,0.24153158
/home/tianlong/Downloads//test/buejhiahpy.mp4,1,0.1845639
/home/tianlong/Downloads//test/omotodymgb.mp4,1,0.45805526
/home/tianlong/Downloads//test/gmcvyrferj.mp4,1,0.9626851
/home/tianlong/Downloads//test/ycoaclsdov.mp4,1,0.82911617
/home/tianlong/Downloads//test/scaljzcpcf.mp4,1,0.37826523
/home/tianlong/Downloads//test/uhbxhharht.mp4,1,0.8970491
/home/tianlong/Downloads//test/tmmakbzbqw.mp4,1,0.80384886
/home/tianlong/Downloads//test/mvfvefsgik.mp4,1,0.90655696
/home/tianlong/Downloads//test/inesnaprwm.mp4,1,0.73158514
/home/tianlong/Downloads//test/qqxelyjmmw.mp4,1,0.54073554
/home/tianlong/Downloads//test/dllkubdbbd.mp4,1,0.6227876
/home/tianlong/Downloads//test/ttnajmkchw.mp4,1,0.6837643
/home/tianlong/Downloads//test/kaffwaiexj.mp4,1,0.9698386
/home/tianlong/Downloads//test/dpfuqzdtrs.mp4,1,0.8492795
/home/tianlong/Downloads//test/hfvexodpht.mp4,1,0.6419804
/home/tianlong/Downloads//test/vmxjsdkuju.mp4,1,0.9142419
/home/tianlong/Downloads//test/afaxsgqksm.mp4,1,0.9994726
/home/tianlong/Downloads//test/pgkipgmpgm.mp4,1,0.14687985
/home/tianlong/Downloads//test/ltkesswcyn.mp4,1,0.6955775
/home/tianlong/Downloads//test/dffkcrccsj.mp4,1,0.9232618
/home/tianlong/Downloads//test/svtnilogao.mp4,1,0.42436796
/home/tianlong/Downloads//test/bzobkqewtt.mp4,1,0.9753245
/home/tianlong/Downloads//test/vemnbnqoqk.mp4,1,0.29197454
/home/tianlong/Downloads//test/nobrvdftmd.mp4,1,0.017058317
/home/tianlong/Downloads//test/qepgiaxgpc.mp4,1,0.7914827
/home/tianlong/Downloads//test/bogjubshbr.mp4,1,0.34840488
/home/tianlong/Downloads//test/uyoqozgdcy.mp4,1,0.7468997
/home/tianlong/Downloads//test/cvmmtklgst.mp4,1,0.6592102
/home/tianlong/Downloads//test/qharxzhzpl.mp4,1,0.5732058
/home/tianlong/Downloads//test/sprejlmapw.mp4,1,0.9028489
/home/tianlong/Downloads//test/crzrsezocr.mp4,1,0.85505563
/home/tianlong/Downloads//test/wyqhadmmcy.mp4,1,0.5804189
/home/tianlong/Downloads//test/jrjxehotww.mp4,1,0.68317765
/home/tianlong/Downloads//test/xctpdujlok.mp4,1,0.9736225
/home/tianlong/Downloads//test/hfspenqmpw.mp4,1,0.8490327
/home/tianlong/Downloads//test/jkfukzcjxd.mp4,1,0.9904041
/home/tianlong/Downloads//test/knafngkgen.mp4,1,0.91439563
/home/tianlong/Downloads//test/tswmtnhfmn.mp4,1,0.9345066
/home/tianlong/Downloads//test/qoasfzksgo.mp4,1,0.9521373
/home/tianlong/Downloads//test/hnrzuoqnkz.mp4,1,0.4278381
/home/tianlong/Downloads//test/nussrkyuzy.mp4,1,0.9749193
/home/tianlong/Downloads//test/ciwzwmlyxz.mp4,1,0.9246222
/home/tianlong/Downloads//test/dbauiiupef.mp4,1,0.50083894
/home/tianlong/Downloads//test/ywxfnlxtjg.mp4,1,0.033425875
/home/tianlong/Downloads//test/pryqgrbtnu.mp4,1,0.86496675
/home/tianlong/Downloads//test/mbjpaydogy.mp4,1,0.9087323
/home/tianlong/Downloads//test/ihdopxhysr.mp4,1,0.017899457
/home/tianlong/Downloads//test/rgasvymjrj.mp4,1,0.30832863
/home/tianlong/Downloads//test/eclpgjjies.mp4,1,0.23013005
/home/tianlong/Downloads//test/kxptuwngop.mp4,1,0.64673245
/home/tianlong/Downloads//test/uaqvffouxp.mp4,1,0.83617175
/home/tianlong/Downloads//test/xvqzzgoabm.mp4,1,0.5839489
/home/tianlong/Downloads//test/tkgbjtcxyl.mp4,1,0.24754676
/home/tianlong/Downloads//test/xlnaxrwvcx.mp4,1,0.12910125
/home/tianlong/Downloads//test/kphfzaullq.mp4,1,0.81399095
/home/tianlong/Downloads//test/rkezgzxnoo.mp4,1,0.48229903
/home/tianlong/Downloads//test/fromclsodq.mp4,1,0.60601836
/home/tianlong/Downloads//test/nrscfrjxpb.mp4,1,0.3965063
/home/tianlong/Downloads//test/ygobagrhmg.mp4,1,0.34548515
/home/tianlong/Downloads//test/hisfrixnbu.mp4,1,0.9025016
/home/tianlong/Downloads//test/duzueyonao.mp4,1,0.92587316
/home/tianlong/Downloads//test/gkknsyqbnz.mp4,1,0.85365915
/home/tianlong/Downloads//test/tmgdrjjalz.mp4,1,0.98803806
/home/tianlong/Downloads//test/iajblozgtx.mp4,1,0.91640013
/home/tianlong/Downloads//test/ahkcchuwqq.mp4,1,0.7944006
/home/tianlong/Downloads//test/zmfiveruie.mp4,1,0.9306753
/home/tianlong/Downloads//test/xptgnpgfkn.mp4,1,0.47539586
/home/tianlong/Downloads//test/aebhowazav.mp4,1,0.30636162
/home/tianlong/Downloads//test/geulcwvfuy.mp4,1,0.5072159
/home/tianlong/Downloads//test/glzyifzrql.mp4,1,0.94077015
/home/tianlong/Downloads//test/wvmrsucbsq.mp4,1,0.9282047
/home/tianlong/Downloads//test/moetggyxsc.mp4,1,0.96352607
/home/tianlong/Downloads//test/jfvnwpcjrm.mp4,1,0.8930079
/home/tianlong/Downloads//test/kaggpclkjm.mp4,1,0.7451855
/home/tianlong/Downloads//test/nacldwtuwp.mp4,1,0.88071764
/home/tianlong/Downloads//test/upwyvqbjlq.mp4,1,0.97305185
/home/tianlong/Downloads//test/tdmyjvptzv.mp4,1,0.26632592
/home/tianlong/Downloads//test/fzurflflwv.mp4,1,0.9546315
/home/tianlong/Downloads//test/aakjukgjme.mp4,1,0.3630305
/home/tianlong/Downloads//test/ypepsyuwmo.mp4,1,0.7337762
/home/tianlong/Downloads//test/qxhyhhkywc.mp4,1,0.9521651
/home/tianlong/Downloads//test/iqvfopywpa.mp4,1,0.9749168
/home/tianlong/Downloads//test/xfncslssic.mp4,1,0.9714392
/home/tianlong/Downloads//test/jesstfspwv.mp4,1,0.39001995
/home/tianlong/Downloads//test/xiraodtgnt.mp4,1,0.3205232
/home/tianlong/Downloads//test/xeuzubpylq.mp4,1,0.20440678
/home/tianlong/Downloads//test/xszpbtciwo.mp4,1,0.6433815
/home/tianlong/Downloads//test/fkksbgaibl.mp4,1,0.83216923
/home/tianlong/Downloads//test/ntqzfgmhnj.mp4,1,0.96893203
/home/tianlong/Downloads//test/bizbjxafzr.mp4,1,0.4060173
/home/tianlong/Downloads//test/bxfwiuvafo.mp4,1,0.64557993
/home/tianlong/Downloads//test/jfcglbovmo.mp4,1,0.6876026
/home/tianlong/Downloads//test/odidbykbar.mp4,1,0.9896677
/home/tianlong/Downloads//test/qarbtmjwhm.mp4,1,0.8393618
/home/tianlong/Downloads//test/jeierullea.mp4,1,0.6515028
/home/tianlong/Downloads//test/lrckqkzekj.mp4,1,0.29916915
/home/tianlong/Downloads//test/riizlqngim.mp4,1,0.73849213
/home/tianlong/Downloads//test/lmcnonfhgz.mp4,1,0.50706565
/home/tianlong/Downloads//test/lkhszpabzv.mp4,1,0.9985307
/home/tianlong/Downloads//test/njqbwiajss.mp4,1,0.1258768
/home/tianlong/Downloads//test/ksqybmrwyg.mp4,1,0.89914685
/home/tianlong/Downloads//test/dxphlwcvan.mp4,1,0.84273386
/home/tianlong/Downloads//test/dgjssccxhx.mp4,1,0.29531598
/home/tianlong/Downloads//test/sbfxzmhzyv.mp4,1,0.92273414
/home/tianlong/Downloads//test/rlvgpdrgvi.mp4,1,0.80051136
/home/tianlong/Downloads//test/uzdmxmfcqe.mp4,1,0.20254627
/home/tianlong/Downloads//test/afixxjdxef.mp4,1,0.5493314
/home/tianlong/Downloads//test/fwvxtssltw.mp4,1,0.89878035
/home/tianlong/Downloads//test/jyzlvivrmr.mp4,1,0.18207423
/home/tianlong/Downloads//test/byavookkdu.mp4,1,0.65225136
/home/tianlong/Downloads//test/agyawnxlmv.mp4,1,0.84443367
/home/tianlong/Downloads//test/zjoonppreb.mp4,1,0.6257618
/home/tianlong/Downloads//test/sjzwpqupnm.mp4,1,0.43979096
/home/tianlong/Downloads//test/pobrnbspcf.mp4,1,0.1692155
/home/tianlong/Downloads//test/qdkpphviay.mp4,1,0.87597495
/home/tianlong/Downloads//test/nbyaxzmueg.mp4,1,0.989126
/home/tianlong/Downloads//test/vfszaqentw.mp4,1,0.47621265
/home/tianlong/Downloads//test/fosovipqkg.mp4,1,0.9957155
/home/tianlong/Downloads//test/grwcxofqrx.mp4,1,0.3403048
/home/tianlong/Downloads//test/koqxhnmkjl.mp4,1,0.96350163
/home/tianlong/Downloads//test/xkukyjokbg.mp4,1,0.21714437
/home/tianlong/Downloads//test/fmnzbwtjep.mp4,1,0.34645084
/home/tianlong/Downloads//test/aruyyclubn.mp4,1,0.99788654
/home/tianlong/Downloads//test/eluhuvocwr.mp4,1,0.8793203
/home/tianlong/Downloads//test/iiwffwiyrg.mp4,1,0.9905542
/home/tianlong/Downloads//test/fsbabrxhqy.mp4,1,0.9313857
/home/tianlong/Downloads//test/ymqadbkafj.mp4,1,0.99888086
/home/tianlong/Downloads//test/nptmqvfuhz.mp4,1,0.72304356
/home/tianlong/Downloads//test/usjnlahlcj.mp4,1,0.28886038
/home/tianlong/Downloads//test/hbozjjcafn.mp4,1,0.1713489
/home/tianlong/Downloads//test/cizxmeztny.mp4,1,0.41612655
/home/tianlong/Downloads//test/syxlmynhsi.mp4,1,0.30159527
/home/tianlong/Downloads//test/ezadehoecy.mp4,1,0.12000658
/home/tianlong/Downloads//test/fpliemtlco.mp4,1,0.8791715
/home/tianlong/Downloads//test/arflgfcnkg.mp4,1,0.13664466
/home/tianlong/Downloads//test/occelhylxf.mp4,1,0.6332435
/home/tianlong/Downloads//test/uqntkvpntd.mp4,1,0.39390668
/home/tianlong/Downloads//test/iatevqworc.mp4,1,0.96051884
/home/tianlong/Downloads//test/xzsmgydcub.mp4,1,0.49242854
/home/tianlong/Downloads//test/qbffpkpmkf.mp4,1,0.0365678
/home/tianlong/Downloads//test/pzbpgfmroj.mp4,1,0.9180549
/home/tianlong/Downloads//test/oundixpyst.mp4,1,0.7061406
/home/tianlong/Downloads//test/hnxhwfttpy.mp4,1,0.4439807
/home/tianlong/Downloads//test/rdjwlvvwtv.mp4,1,0.10085706
/home/tianlong/Downloads//test/tcmstiljkk.mp4,1,0.85626316
/home/tianlong/Downloads//test/qbfdtumuct.mp4,1,0.82946503
/home/tianlong/Downloads//test/mxnquwuszt.mp4,1,0.5629995
/home/tianlong/Downloads//test/sjooumwlzb.mp4,1,0.5079807
/home/tianlong/Downloads//test/twhwouycfg.mp4,1,0.18129614
/home/tianlong/Downloads//test/wytpaehszj.mp4,1,0.5686447
/home/tianlong/Downloads//test/srtwhbzzlr.mp4,1,0.53160286
/home/tianlong/Downloads//test/jqjfpkuckf.mp4,1,0.55977714
/home/tianlong/Downloads//test/yxjjfaekev.mp4,1,0.43939304
/home/tianlong/Downloads//test/cyokqrzbol.mp4,1,0.9414835
/home/tianlong/Downloads//test/mtilpvablx.mp4,1,0.6867113
/home/tianlong/Downloads//test/njwsmltmvb.mp4,1,0.1694518
/home/tianlong/Downloads//test/xkksfulade.mp4,1,0.46589518
/home/tianlong/Downloads//test/dtfgsvfmjq.mp4,1,0.58135915
/home/tianlong/Downloads//test/onaewxqqkd.mp4,1,0.94129646
/home/tianlong/Downloads//test/pazpnfrbbc.mp4,1,0.17317727
/home/tianlong/Downloads//test/kgowzoxjfq.mp4,1,0.51895374
/home/tianlong/Downloads//test/ltdwtgrads.mp4,1,0.98307455
/home/tianlong/Downloads//test/znistrajpw.mp4,1,0.64436775
/home/tianlong/Downloads//test/yfhzmfhojv.mp4,1,0.29907247
/home/tianlong/Downloads//test/spkorcenyh.mp4,1,0.24213025
/home/tianlong/Downloads//test/axopbbxwzr.mp4,1,0.8141259
/home/tianlong/Downloads//test/hxrruqinnh.mp4,1,0.890385
/home/tianlong/Downloads//test/tkaybnjwhg.mp4,1,0.9400444
/home/tianlong/Downloads//test/lhwwhjhyqx.mp4,1,0.07205365
/home/tianlong/Downloads//test/btxjufhiaz.mp4,1,0.48217377
/home/tianlong/Downloads//test/dnhaskulaj.mp4,1,0.5018898
/home/tianlong/Downloads//test/vxqofldgze.mp4,1,0.8138119
/home/tianlong/Downloads//test/ddjzmyabyu.mp4,1,0.91575354
/home/tianlong/Downloads//test/mgahaaogif.mp4,1,0.22683832
/home/tianlong/Downloads//test/ktmdpragph.mp4,1,0.0058625108
/home/tianlong/Downloads//test/xazdhdnwhh.mp4,1,0.78868234
/home/tianlong/Downloads//test/qnslgeajnt.mp4,1,0.9364198
/home/tianlong/Downloads//test/sivrgbsaog.mp4,1,0.9830896
/home/tianlong/Downloads//test/uzmuovkewv.mp4,1,0.43132907
/home/tianlong/Downloads//test/tvazrcdkpq.mp4,1,0.9283844
/home/tianlong/Downloads//test/jbatiwjmzh.mp4,1,0.17948967
/home/tianlong/Downloads//test/hmiylncrva.mp4,1,0.8865302
/home/tianlong/Downloads//test/uxkojffbsr.mp4,1,0.58805496
/home/tianlong/Downloads//test/crbcrxqftw.mp4,1,0.8031807
/home/tianlong/Downloads//test/yermnsnlgf.mp4,1,0.76462334
/home/tianlong/Downloads//test/gipcvghjiy.mp4,1,0.7216228
/home/tianlong/Downloads//test/iwcfxyoimw.mp4,1,0.9463046
/home/tianlong/Downloads//test/kozaofkgvk.mp4,1,0.6241766
/home/tianlong/Downloads//test/xlgevjtsog.mp4,1,0.37290367
/home/tianlong/Downloads//test/bpjkimtqtz.mp4,1,0.88807315
/home/tianlong/Downloads//test/pdnwaekrtn.mp4,1,0.5475938
/home/tianlong/Downloads//test/toxsrzsksc.mp4,1,0.66250926
/home/tianlong/Downloads//test/oejfypsbfh.mp4,1,0.4578587
/home/tianlong/Downloads//test/hwyuwbnszo.mp4,1,0.9742346
/home/tianlong/Downloads//test/acgyspwyqr.mp4,1,0.4697557
/home/tianlong/Downloads//test/oitcqmvnsa.mp4,1,0.013674666
/home/tianlong/Downloads//test/pdqqkuclvd.mp4,1,0.061457522
/home/tianlong/Downloads//test/slsyjvgfpu.mp4,1,0.74435043
/home/tianlong/Downloads//test/xmdfnldfyc.mp4,1,0.5946426
/home/tianlong/Downloads//test/ynkzlkahux.mp4,1,0.9763106
/home/tianlong/Downloads//test/szjbkskyph.mp4,1,0.9969217
/home/tianlong/Downloads//test/yyiiywtiry.mp4,1,0.97751427
/home/tianlong/Downloads//test/crvotfojeq.mp4,1,0.26453424
/home/tianlong/Downloads//test/rsqblsfgli.mp4,1,0.16191047
/home/tianlong/Downloads//test/becqadbtkb.mp4,1,0.9653948
/home/tianlong/Downloads//test/afqaubpglg.mp4,1,0.6334189
/home/tianlong/Downloads//test/pwplooonzr.mp4,1,0.98224986
/home/tianlong/Downloads//test/vjegxiyvla.mp4,1,0.23491788
/home/tianlong/Downloads//test/jbwtbfbdko.mp4,1,0.44594756
/home/tianlong/Downloads//test/toggbitvfd.mp4,1,0.7221346
/home/tianlong/Downloads//test/xpfhawmzbe.mp4,1,0.19961621
/home/tianlong/Downloads//test/kjwdinzplo.mp4,1,0.9481171
/home/tianlong/Downloads//test/jrkdzpijpb.mp4,1,0.72669095
/home/tianlong/Downloads//test/lbnuxynggy.mp4,1,0.5389833
/home/tianlong/Downloads//test/iorrylopzn.mp4,1,0.99912834
/home/tianlong/Downloads//test/yasxapunrf.mp4,1,0.8889378
/home/tianlong/Downloads//test/suohrphvbe.mp4,1,0.16199675
/home/tianlong/Downloads//test/salsuwvckq.mp4,1,0.48296356
/home/tianlong/Downloads//test/eclnowceyi.mp4,1,0.98794377
/home/tianlong/Downloads//test/wvtymfvbwq.mp4,1,0.99083555
/home/tianlong/Downloads//test/rsjhmrvdwg.mp4,1,0.42459488
/home/tianlong/Downloads//test/qtvhpmoukj.mp4,1,0.95516205
/home/tianlong/Downloads//test/svqkfjfucw.mp4,1,0.0062294463
/home/tianlong/Downloads//test/jdlqmnhuix.mp4,1,0.12765919
/home/tianlong/Downloads//test/ltmkgkppwx.mp4,1,0.71306276
/home/tianlong/Downloads//test/zaoyocjkgw.mp4,1,0.73541707
/home/tianlong/Downloads//test/vgrhobnbfo.mp4,1,0.652981
/home/tianlong/Downloads//test/eeeuzozcdc.mp4,1,0.9199089
/home/tianlong/Downloads//test/ikgxqbhmlv.mp4,1,0.45966092
/home/tianlong/Downloads//test/zyeakowujw.mp4,1,0.91955024
/home/tianlong/Downloads//test/uerapqglmr.mp4,1,0.5405603
/home/tianlong/Downloads//test/fmuncwjpej.mp4,1,0.9630524
/home/tianlong/Downloads//test/xllzvdxwiv.mp4,1,0.9320529
/home/tianlong/Downloads//test/giuymhlbyo.mp4,1,0.4630087
/home/tianlong/Downloads//test/bubbmjnmge.mp4,1,0.54150116
/home/tianlong/Downloads//test/qwqefbalkv.mp4,1,0.14634724
/home/tianlong/Downloads//test/aupsxowdcp.mp4,1,0.4064415
/home/tianlong/Downloads//test/apjovfzzft.mp4,1,0.8193706
/home/tianlong/Downloads//test/yjbnaqwxyf.mp4,1,0.9674665
/home/tianlong/Downloads//test/dajlkmlvch.mp4,1,0.7205844
/home/tianlong/Downloads//test/egwzzhemvk.mp4,1,0.8487479
/home/tianlong/Downloads//test/vlhrgeyvqy.mp4,1,0.26307547
/home/tianlong/Downloads//test/vpolvvzwsw.mp4,1,0.7462594
/home/tianlong/Downloads//test/ddkcxrncmq.mp4,1,0.7951601
/home/tianlong/Downloads//test/fncnobpzzx.mp4,1,0.75933564
/home/tianlong/Downloads//test/lhayhvqjmg.mp4,1,0.6824249
/home/tianlong/Downloads//test/yboofyemks.mp4,1,0.30196637
/home/tianlong/Downloads//test/wzkovvmdkq.mp4,1,0.2831786
/home/tianlong/Downloads//test/axxldpmbat.mp4,1,0.9216336
/home/tianlong/Downloads//test/piovymzozl.mp4,1,0.96116656
/home/tianlong/Downloads//test/ymjrnwsjxt.mp4,1,0.995012
/home/tianlong/Downloads//test/jfxroglrst.mp4,1,0.97294724
/home/tianlong/Downloads//test/qzyaijdbfe.mp4,1,0.92677057
/home/tianlong/Downloads//test/gzwzxbtkpd.mp4,1,0.94097006
/home/tianlong/Downloads//test/bgssriyozb.mp4,1,0.9792141
/home/tianlong/Downloads//test/wqtraebanl.mp4,1,0.5228518
/home/tianlong/Downloads//test/lovkthgavz.mp4,1,0.5417375
/home/tianlong/Downloads//test/vpgjaoyvir.mp4,1,0.9123068
/home/tianlong/Downloads//test/btlqqvfuck.mp4,1,0.5566349
/home/tianlong/Downloads//test/zzxidpsxmv.mp4,1,0.97272646
/home/tianlong/Downloads//test/qzuhjrhozy.mp4,1,0.74717844
/home/tianlong/Downloads//test/rtuaxyuvqs.mp4,1,0.8637598
/home/tianlong/Downloads//test/vybbullejj.mp4,1,0.86691123
/home/tianlong/Downloads//test/lblweiecpx.mp4,1,0.48315963
/home/tianlong/Downloads//test/qkchcuiljp.mp4,1,0.6653622
/home/tianlong/Downloads//test/roivdutkrz.mp4,1,0.92439795
/home/tianlong/Downloads//test/rziziscker.mp4,1,0.34173167
/home/tianlong/Downloads//test/zsdmgllhck.mp4,1,0.5096116
/home/tianlong/Downloads//test/kpkzqbpivj.mp4,1,0.11093326
/home/tianlong/Downloads//test/tgkjhdyxww.mp4,1,0.34370595
/home/tianlong/Downloads//test/zubaiztkag.mp4,1,0.38759673
/home/tianlong/Downloads//test/figxvsdmsb.mp4,1,0.9586191
/home/tianlong/Downloads//test/enzlliylet.mp4,1,0.9500825
/home/tianlong/Downloads//test/acekgkqgdg.mp4,1,0.9143591
/home/tianlong/Downloads//test/ljrikjsgis.mp4,1,0.9744337
/home/tianlong/Downloads//test/vawotznxqn.mp4,1,0.65871686
/home/tianlong/Downloads//test/jsqtbnxnpb.mp4,1,0.5181121
/home/tianlong/Downloads//test/yibeqxcadd.mp4,1,0.8295561
/home/tianlong/Downloads//test/zvgekhyszq.mp4,1,0.7388534
/home/tianlong/Downloads//test/luisdnrumh.mp4,1,0.96737754
/home/tianlong/Downloads//test/xffjesgeey.mp4,1,0.48766798
/home/tianlong/Downloads//test/haesrhzukc.mp4,1,0.8959327
/home/tianlong/Downloads//test/uwccodyhgh.mp4,1,0.8766608
/home/tianlong/Downloads//test/msdtzpmmae.mp4,1,0.99919784
/home/tianlong/Downloads//test/zgiypcmpic.mp4,1,0.93009585
/home/tianlong/Downloads//test/olkcmrmvbh.mp4,1,0.6949068
/home/tianlong/Downloads//test/kiffbbtjfe.mp4,1,0.42711106
/home/tianlong/Downloads//test/junzzlnlfw.mp4,1,0.77351487
/home/tianlong/Downloads//test/qkgicklwyn.mp4,1,0.9589178
/home/tianlong/Downloads//test/wluigkzjdl.mp4,1,0.96731585
/home/tianlong/Downloads//test/rsnrcisldc.mp4,1,0.7442189
/home/tianlong/Downloads//test/asiuftijhs.mp4,1,0.61475575
/home/tianlong/Downloads//test/yjloopcthi.mp4,1,0.5695747
/home/tianlong/Downloads//test/tzzwqaxtrk.mp4,1,0.9491313
/home/tianlong/Downloads//test/tmfvsxrxnk.mp4,1,0.8916999
/home/tianlong/Downloads//test/dlsdmdraln.mp4,1,0.90861905
/home/tianlong/Downloads//test/rkygzeyegz.mp4,1,0.62150645
/home/tianlong/Downloads//test/truremwrti.mp4,1,0.5045231
/home/tianlong/Downloads//test/depcrcqwai.mp4,1,0.20959961
/home/tianlong/Downloads//test/jovohczybs.mp4,1,0.870601
/home/tianlong/Downloads//test/udcpjfvqro.mp4,1,0.1593501
/home/tianlong/Downloads//test/yxlkovjssa.mp4,1,0.8049873
/home/tianlong/Downloads//test/trltdpitif.mp4,1,0.95256394
/home/tianlong/Downloads//test/hwufwjdaai.mp4,1,0.3986163
/home/tianlong/Downloads//test/vgfxjwupga.mp4,1,0.32925397
/home/tianlong/Downloads//test/jejjcsijvc.mp4,1,0.59461874
/home/tianlong/Downloads//test/yjpfhrfyfn.mp4,1,0.970002
/home/tianlong/Downloads//test/izyqqybmcq.mp4,1,0.38340434
/home/tianlong/Downloads//test/xjnflcfxhn.mp4,1,0.96632755
/home/tianlong/Downloads//test/zidsbdilrm.mp4,1,0.5069562
/home/tianlong/Downloads//test/lepqvhstws.mp4,1,0.988248
/home/tianlong/Downloads//test/eabghyltka.mp4,1,0.4492398
/home/tianlong/Downloads//test/qxgwcsugvd.mp4,1,0.672271
/home/tianlong/Downloads//test/oitqddnspw.mp4,1,0.4543903
/home/tianlong/Downloads//test/jiddesrgoi.mp4,1,0.484469
/home/tianlong/Downloads//test/whsqzlklam.mp4,1,0.10406506
/home/tianlong/Downloads//test/hwspklkjol.mp4,1,0.6048021
/home/tianlong/Downloads//test/mgxdtegobh.mp4,1,0.7000927
/home/tianlong/Downloads//test/dkvxzocpnx.mp4,1,0.8818477
/home/tianlong/Downloads//test/zxjiwvyzbs.mp4,1,0.49312115
/home/tianlong/Downloads//test/qysxqoredd.mp4,1,0.51992166
/home/tianlong/Downloads//test/angqjpzdts.mp4,1,0.06257704
/home/tianlong/Downloads//test/slbhiftdwk.mp4,1,0.3654711
/home/tianlong/Downloads//test/ctsjalmkpx.mp4,1,0.08683808
/home/tianlong/Downloads//test/jrwqouwlzc.mp4,1,0.74821985
/home/tianlong/Downloads//test/vcqcervdzi.mp4,1,0.9796647
/home/tianlong/Downloads//test/mxczokbutl.mp4,1,0.8737094
/home/tianlong/Downloads//test/qawqquinvi.mp4,1,0.025868569
/home/tianlong/Downloads//test/cqiyijvrcj.mp4,1,0.98828715
/home/tianlong/Downloads//test/wypdykzzma.mp4,1,0.19966464
/home/tianlong/Downloads//test/zdurkznxhi.mp4,1,0.75155103
/home/tianlong/Downloads//test/llwjpzzrur.mp4,1,0.38991052
/home/tianlong/Downloads//test/stmqpsakem.mp4,1,0.6770956
/home/tianlong/Downloads//test/hqfxruqynj.mp4,1,0.9536394
/home/tianlong/Downloads//test/cotxffvovx.mp4,1,0.9220439
/home/tianlong/Downloads//test/yiwyejujhz.mp4,1,0.53064007
/home/tianlong/Downloads//test/azkhkminwu.mp4,1,0.6878497
/home/tianlong/Downloads//test/yoicqcpxgm.mp4,1,0.9930563
/home/tianlong/Downloads//test/kcpamicxjs.mp4,1,0.40753588
/home/tianlong/Downloads//test/mbnvlpwewk.mp4,1,0.6391713
/home/tianlong/Downloads//test/wjqdwzowcg.mp4,1,0.86867446
/home/tianlong/Downloads//test/vqtspwkgwe.mp4,1,0.08906509
/home/tianlong/Downloads//test/rurhyzsnyi.mp4,1,0.90693414
/home/tianlong/Downloads//test/sipuxpudya.mp4,1,0.91844577
/home/tianlong/Downloads//test/scchmtbzar.mp4,1,0.9716096
/home/tianlong/Downloads//test/qyhlzalxzm.mp4,1,0.62145317
/home/tianlong/Downloads//test/ektrtuwidv.mp4,1,0.8027209
/home/tianlong/Downloads//test/scbfkrlytb.mp4,1,0.54299104
/home/tianlong/Downloads//test/kxnsmwhqtl.mp4,1,0.8505
/home/tianlong/Downloads//test/fiayeurvwb.mp4,1,0.75660676
/home/tianlong/Downloads//test/xpuntxtdbs.mp4,1,0.18598108
/home/tianlong/Downloads//test/edvyxmzpoy.mp4,1,0.49206465
/home/tianlong/Downloads//test/thnywrwayf.mp4,1,0.98043776
/home/tianlong/Downloads//test/xojauzdavy.mp4,1,0.2086356
/home/tianlong/Downloads//test/kaajaxzivt.mp4,1,0.94718444
/home/tianlong/Downloads//test/fmvdkhucsz.mp4,1,0.54246294
/home/tianlong/Downloads//test/mdkqmouddq.mp4,1,0.33191136
/home/tianlong/Downloads//test/ehtvcnlsfl.mp4,1,0.16099527
/home/tianlong/Downloads//test/iizsrcugyd.mp4,1,0.86220425
/home/tianlong/Downloads//test/hurlxdpsxl.mp4,1,0.6090539
/home/tianlong/Downloads//test/rvfhfbutlx.mp4,1,0.92861956
/home/tianlong/Downloads//test/ycxkcnwrbw.mp4,1,0.6840577
/home/tianlong/Downloads//test/jrmgqzgcmj.mp4,1,0.870777
/home/tianlong/Downloads//test/cinrseylyp.mp4,1,0.5403107
/home/tianlong/Downloads//test/uhvmrfksax.mp4,1,0.2838367
/home/tianlong/Downloads//test/djjdzsivvi.mp4,1,0.55388767
/home/tianlong/Downloads//test/pmulgdcejl.mp4,1,0.69862
/home/tianlong/Downloads//test/ngvbaolyub.mp4,1,0.021425737
/home/tianlong/Downloads//test/kpyyjmxmoj.mp4,1,0.33908263
/home/tianlong/Downloads//test/xhizcimlzp.mp4,1,0.49400583
/home/tianlong/Downloads//test/ulygywporv.mp4,1,0.36224654
/home/tianlong/Downloads//test/psunkvudmg.mp4,1,0.6887757
/home/tianlong/Downloads//test/ctarrlrgdy.mp4,1,0.5558554
/home/tianlong/Downloads//test/hdzygqltzu.mp4,1,0.7349107
/home/tianlong/Downloads//test/rvtfddfweu.mp4,1,0.9802766
/home/tianlong/Downloads//test/kaeouvuasm.mp4,1,0.46478328
/home/tianlong/Downloads//test/rzivzpozjr.mp4,1,0.82373506
/home/tianlong/Downloads//test/stfqbsbvfy.mp4,1,0.79586804
/home/tianlong/Downloads//test/qbhoufagsa.mp4,1,0.22068207
/home/tianlong/Downloads//test/xycfzkbnhy.mp4,1,0.9549209
/home/tianlong/Downloads//test/zudnvkagjk.mp4,1,0.9959504
/home/tianlong/Downloads//test/feaqnlczwc.mp4,1,0.008431572
/home/tianlong/Downloads//test/rqviqcsbzw.mp4,1,0.8763498
/home/tianlong/Downloads//test/dhfcwchsir.mp4,1,0.9049519
/home/tianlong/Downloads//test/cglpyitrzw.mp4,1,0.3796752
/home/tianlong/Downloads//test/yjypqyrhyi.mp4,1,0.52468336
/home/tianlong/Downloads//test/fokuimoqkh.mp4,1,0.92660695
/home/tianlong/Downloads//test/xzouvgiqha.mp4,1,0.5968076
/home/tianlong/Downloads//test/qyjbhkeqes.mp4,1,0.4408555
/home/tianlong/Downloads//test/phngwcpbqw.mp4,1,0.5860888
/home/tianlong/Downloads//test/rjcjcdkzkw.mp4,1,0.12819177
/home/tianlong/Downloads//test/legilvljip.mp4,1,0.9662822
/home/tianlong/Downloads//test/bukegrztbb.mp4,1,0.09355346
/home/tianlong/Downloads//test/yvaxmtbtgx.mp4,1,0.62803
/home/tianlong/Downloads//test/saljlsmnet.mp4,1,0.6127554
/home/tianlong/Downloads//test/ezupajzwdl.mp4,1,0.9090681
/home/tianlong/Downloads//test/xeszevnech.mp4,1,0.5237032
/home/tianlong/Downloads//test/fbqwomdehr.mp4,1,0.9794978
/home/tianlong/Downloads//test/itdywxjknn.mp4,1,0.28072682
/home/tianlong/Downloads//test/zwupuzlefv.mp4,1,0.9882285
/home/tianlong/Downloads//test/qcrofjquht.mp4,1,0.47989655
/home/tianlong/Downloads//test/jblkcfejih.mp4,1,0.5259095
/home/tianlong/Downloads//test/howruupkxw.mp4,1,0.4707482
/home/tianlong/Downloads//test/xslxboadvn.mp4,1,0.9259442
/home/tianlong/Downloads//test/rzykslnkdi.mp4,1,0.7013475
/home/tianlong/Downloads//test/govjvzfbcj.mp4,1,0.92373115
/home/tianlong/Downloads//test/fwbvksfidm.mp4,1,0.52309084
/home/tianlong/Downloads//test/khokwspqph.mp4,1,0.47904286
/home/tianlong/Downloads//test/sslrtrxyaj.mp4,1,0.5115538
/home/tianlong/Downloads//test/zdmknyhzoo.mp4,1,0.5909762
/home/tianlong/Downloads//test/rzjpckpslj.mp4,1,0.45058545
/home/tianlong/Downloads//test/pscilvlcfe.mp4,1,0.34477448
/home/tianlong/Downloads//test/rlwkdhgoqw.mp4,1,0.9040996
/home/tianlong/Downloads//test/cmpkopoabr.mp4,1,0.9789292
/home/tianlong/Downloads//test/dbljnexmlf.mp4,1,0.96119463
/home/tianlong/Downloads//test/atfuphvjft.mp4,1,0.8257106
/home/tianlong/Downloads//test/zdldobedod.mp4,1,0.83325946
/home/tianlong/Downloads//test/iknfqmugud.mp4,1,0.9195878
/home/tianlong/Downloads//test/whusuiiqmt.mp4,1,0.5684751
/home/tianlong/Downloads//test/ksrnzzbcsz.mp4,1,0.99063146
/home/tianlong/Downloads//test/xxhuecshhw.mp4,1,0.5707313
/home/tianlong/Downloads//test/okmlcbefeu.mp4,1,0.8274847
/home/tianlong/Downloads//test/xryrhuskyd.mp4,1,0.7507988
/home/tianlong/Downloads//test/wevygelkrl.mp4,1,0.33523494
/home/tianlong/Downloads//test/rdpausigpg.mp4,1,0.45457977
/home/tianlong/Downloads//test/fdziwiuoer.mp4,1,0.62893593
/home/tianlong/Downloads//test/kykmrtoitd.mp4,1,0.9044825
/home/tianlong/Downloads//test/eacsjvcmlp.mp4,1,0.9276781
/home/tianlong/Downloads//test/asvuutypvz.mp4,1,0.9864025
/home/tianlong/Downloads//test/nucqorkejg.mp4,1,0.6057756
/home/tianlong/Downloads//test/ctpexqamtx.mp4,1,0.8775746
/home/tianlong/Downloads//test/vnsxdkjjtk.mp4,1,0.3454236
/home/tianlong/Downloads//test/cktsyobheu.mp4,1,0.12443881
/home/tianlong/Downloads//test/kccicuhxgk.mp4,1,0.84885025
/home/tianlong/Downloads//test/qckjihxoze.mp4,1,0.840706
/home/tianlong/Downloads//test/gvqtnedfso.mp4,1,0.73646265
/home/tianlong/Downloads//test/ajxkvlpgov.mp4,1,0.79855454
/home/tianlong/Downloads//test/srlilcjhaf.mp4,1,0.52289593
/home/tianlong/Downloads//test/qfjxksudna.mp4,1,0.8611312
/home/tianlong/Downloads//test/hstvglyexy.mp4,1,0.97657615
/home/tianlong/Downloads//test/jyyvhnsyys.mp4,1,0.7903857
/home/tianlong/Downloads//test/whxqigkgyk.mp4,1,0.93791485
/home/tianlong/Downloads//test/mqzrlecakr.mp4,1,0.20772159
/home/tianlong/Downloads//test/aeplbqxnge.mp4,1,0.9056603
/home/tianlong/Downloads//test/inwaznexiv.mp4,1,0.51692146
/home/tianlong/Downloads//test/anfupdhmyr.mp4,1,0.84772265
/home/tianlong/Downloads//test/wbvlgevkmb.mp4,1,0.9428627
/home/tianlong/Downloads//test/uiykwgaarz.mp4,1,0.9356653
/home/tianlong/Downloads//test/nvarnevska.mp4,1,0.92279893
/home/tianlong/Downloads//test/ooczenomzk.mp4,1,0.15901177
/home/tianlong/Downloads//test/qtjuhlppot.mp4,1,0.6788974
/home/tianlong/Downloads//test/drqtyzvhdd.mp4,1,0.8219067
/home/tianlong/Downloads//test/ytljvippwv.mp4,1,0.58560455
/home/tianlong/Downloads//test/skrqoagxle.mp4,1,0.3453663
/home/tianlong/Downloads//test/shwkznunyp.mp4,1,0.8465188
/home/tianlong/Downloads//test/tlsoagxovk.mp4,1,0.5406668
/home/tianlong/Downloads//test/enpshnkugu.mp4,1,0.9906144
/home/tianlong/Downloads//test/vitjdpnfpi.mp4,1,0.5696642
/home/tianlong/Downloads//test/jovrnujurf.mp4,1,0.52707845
/home/tianlong/Downloads//test/sbwemwjlsl.mp4,1,0.93603325
/home/tianlong/Downloads//test/uclzxnftij.mp4,1,0.5763267
/home/tianlong/Downloads//test/sdqjjttckw.mp4,1,0.8639671
/home/tianlong/Downloads//test/wtmggpeiom.mp4,1,0.92422104
