Video,Label,Prediction
/home/tianlong/Downloads//test/myvwyfdnxu.mp4,0,0.055685706
/home/tianlong/Downloads//test/uxgkqpiykp.mp4,0,7.1408285e-05
/home/tianlong/Downloads//test/qyscponfaf.mp4,0,4.7618974e-07
/home/tianlong/Downloads//test/tmgmbnzrrz.mp4,0,0.03581754
/home/tianlong/Downloads//test/wfmeffvvce.mp4,0,0.010051169
/home/tianlong/Downloads//test/fwrcfaglhz.mp4,0,0.042924263
/home/tianlong/Downloads//test/itfzfpuilx.mp4,0,4.7265923e-05
/home/tianlong/Downloads//test/wupoiiknff.mp4,0,2.5471973e-05
/home/tianlong/Downloads//test/dscprfjses.mp4,0,0.013036942
/home/tianlong/Downloads//test/ofntcunuqn.mp4,0,0.00038747137
/home/tianlong/Downloads//test/imnzannmcr.mp4,0,0.18736693
/home/tianlong/Downloads//test/jidkzoagws.mp4,0,0.0005041165
/home/tianlong/Downloads//test/nkpqkddsgt.mp4,0,0.004454312
/home/tianlong/Downloads//test/xqmrrciral.mp4,0,7.32564e-06
/home/tianlong/Downloads//test/ykfllpyawg.mp4,0,0.0013450644
/home/tianlong/Downloads//test/bpieoyctzo.mp4,0,0.0015691414
/home/tianlong/Downloads//test/wjrepvzlsv.mp4,0,0.0019057246
/home/tianlong/Downloads//test/voucpidonq.mp4,0,0.00010665321
/home/tianlong/Downloads//test/fxfxtrrkeq.mp4,0,0.00034976302
/home/tianlong/Downloads//test/qggfpdkyzi.mp4,0,0.0011312901
/home/tianlong/Downloads//test/xyucutnxhz.mp4,0,2.9017305e-05
/home/tianlong/Downloads//test/rkxepdkger.mp4,0,2.6530488e-05
/home/tianlong/Downloads//test/fxxpxoqoxp.mp4,0,0.00094755663
/home/tianlong/Downloads//test/jkxxwfycsj.mp4,0,0.9398035
/home/tianlong/Downloads//test/qbearsyziz.mp4,0,0.00054128026
/home/tianlong/Downloads//test/kyrbveruev.mp4,0,6.617528e-06
/home/tianlong/Downloads//test/pdyrvsvwyi.mp4,0,0.0024460666
/home/tianlong/Downloads//test/bpxxmxuvuy.mp4,0,0.003728889
/home/tianlong/Downloads//test/ekxsduhvwh.mp4,0,5.028311e-08
/home/tianlong/Downloads//test/ocsqqqduxx.mp4,0,3.3972715e-06
/home/tianlong/Downloads//test/qufzdwetss.mp4,0,0.15835324
/home/tianlong/Downloads//test/vwqrtxbwye.mp4,0,0.76321614
/home/tianlong/Downloads//test/zuduvanawx.mp4,0,0.004724865
/home/tianlong/Downloads//test/rkjhxvdnsv.mp4,0,0.00012609734
/home/tianlong/Downloads//test/hpcivouyku.mp4,0,0.008231444
/home/tianlong/Downloads//test/vgndywbmgf.mp4,0,0.0010034348
/home/tianlong/Downloads//test/hfgczdzbix.mp4,0,0.00012624184
/home/tianlong/Downloads//test/rwehwmmutn.mp4,0,0.009117739
/home/tianlong/Downloads//test/jyfnzyvznx.mp4,0,0.000102291546
/home/tianlong/Downloads//test/jxpodcendq.mp4,0,0.015397849
/home/tianlong/Downloads//test/kgynainlug.mp4,0,0.0021405066
/home/tianlong/Downloads//test/hqgervpkkf.mp4,0,6.79804e-05
/home/tianlong/Downloads//test/defeqlyysh.mp4,0,0.9106911
/home/tianlong/Downloads//test/xzkwbswkao.mp4,0,0.00016411903
/home/tianlong/Downloads//test/hhdblnxhtj.mp4,0,0.015583478
/home/tianlong/Downloads//test/oaptmwroki.mp4,0,6.7214525e-05
/home/tianlong/Downloads//test/djlkkqmjkk.mp4,0,3.949738e-06
/home/tianlong/Downloads//test/motfposykz.mp4,0,0.010302085
/home/tianlong/Downloads//test/shvfupmrho.mp4,0,0.00030095872
/home/tianlong/Downloads//test/escwmsthiz.mp4,0,0.00011599987
/home/tianlong/Downloads//test/ctpypmzfnl.mp4,0,2.0901021e-05
/home/tianlong/Downloads//test/sjqrdyzkgl.mp4,0,0.0047485093
/home/tianlong/Downloads//test/ddrjnwlugg.mp4,0,4.201586e-05
/home/tianlong/Downloads//test/hxfqltenqh.mp4,0,0.00022215917
/home/tianlong/Downloads//test/umerhoubxw.mp4,0,0.00035716768
/home/tianlong/Downloads//test/jxrpqynwlt.mp4,0,0.54787266
/home/tianlong/Downloads//test/hprzotbjtj.mp4,0,5.980096e-06
/home/tianlong/Downloads//test/cqewayywpg.mp4,0,0.30878955
/home/tianlong/Downloads//test/nvptcoxzah.mp4,0,0.08932683
/home/tianlong/Downloads//test/uvzlfuxalu.mp4,0,0.28674343
/home/tianlong/Downloads//test/mfcbgbcuvb.mp4,0,0.00011530726
/home/tianlong/Downloads//test/tmtoypmqwt.mp4,0,0.0008402412
/home/tianlong/Downloads//test/bsjucwhlrj.mp4,0,9.160391e-05
/home/tianlong/Downloads//test/hlsubhyoea.mp4,0,5.12648e-06
/home/tianlong/Downloads//test/deslnszgpy.mp4,0,8.630059e-06
/home/tianlong/Downloads//test/tfwdbkwvgz.mp4,0,0.00020066267
/home/tianlong/Downloads//test/ufxafdxpat.mp4,0,0.018058006
/home/tianlong/Downloads//test/lmacrzidyh.mp4,0,3.5732995e-05
/home/tianlong/Downloads//test/wyiajvmitt.mp4,0,0.01182072
/home/tianlong/Downloads//test/xbdnqfbxcv.mp4,0,0.00060487766
/home/tianlong/Downloads//test/mhfnldxixw.mp4,0,2.180793e-07
/home/tianlong/Downloads//test/pfiigjlcct.mp4,0,0.0012469906
/home/tianlong/Downloads//test/ldtibsniik.mp4,0,1.800161e-05
/home/tianlong/Downloads//test/gwzttezkpv.mp4,0,0.005392501
/home/tianlong/Downloads//test/pevmkpamhv.mp4,0,0.40436873
/home/tianlong/Downloads//test/zcfpsnaujx.mp4,0,8.930771e-05
/home/tianlong/Downloads//test/slvcfpalev.mp4,0,5.3422853e-05
/home/tianlong/Downloads//test/ctdwtfcjei.mp4,0,0.0017870609
/home/tianlong/Downloads//test/vxwsisekmb.mp4,0,1.8173353e-06
/home/tianlong/Downloads//test/pkoadvlpga.mp4,0,2.4781131e-05
/home/tianlong/Downloads//test/ofapaanpkl.mp4,0,0.07083365
/home/tianlong/Downloads//test/huzryvwrfa.mp4,0,0.00077157543
/home/tianlong/Downloads//test/knjoasqzvt.mp4,0,0.00169712
/home/tianlong/Downloads//test/cedpyannqf.mp4,0,0.0032091476
/home/tianlong/Downloads//test/mdwtpvlbrz.mp4,0,0.013138326
/home/tianlong/Downloads//test/hfcxlucrbj.mp4,0,0.18669522
/home/tianlong/Downloads//test/wbsajsyaej.mp4,0,5.5184784e-05
/home/tianlong/Downloads//test/tbqrwehekx.mp4,0,0.002329579
/home/tianlong/Downloads//test/shslgpeisw.mp4,0,0.000112506736
/home/tianlong/Downloads//test/epgfqrvwlr.mp4,0,9.566834e-05
/home/tianlong/Downloads//test/fduhwlydlg.mp4,0,0.07240789
/home/tianlong/Downloads//test/cpmridjxbc.mp4,0,0.0002674831
/home/tianlong/Downloads//test/kphflojove.mp4,0,0.0011381666
/home/tianlong/Downloads//test/hlcpwfwcyw.mp4,0,0.14441223
/home/tianlong/Downloads//test/bpeemkcxad.mp4,0,0.15962736
/home/tianlong/Downloads//test/jkadnvoqhk.mp4,0,0.002884401
/home/tianlong/Downloads//test/lzzpsosige.mp4,0,0.104915395
/home/tianlong/Downloads//test/pxtwhbaxjq.mp4,0,0.0012362662
/home/tianlong/Downloads//test/pxgcsltbuo.mp4,0,0.0009515415
/home/tianlong/Downloads//test/gmepmwcgwg.mp4,0,0.0020408905
/home/tianlong/Downloads//test/tnetytnegv.mp4,0,1.2785788e-05
/home/tianlong/Downloads//test/sxmqvznwwq.mp4,0,0.001778567
/home/tianlong/Downloads//test/partcfzlbj.mp4,0,4.8071e-07
/home/tianlong/Downloads//test/tnkmovifrb.mp4,0,0.329579
/home/tianlong/Downloads//test/dpgznlwvpx.mp4,0,3.6055492e-06
/home/tianlong/Downloads//test/mbpbbekqks.mp4,0,0.08689973
/home/tianlong/Downloads//test/hdbejalgtx.mp4,0,0.17048264
/home/tianlong/Downloads//test/bmdiaytrcm.mp4,0,0.00037282825
/home/tianlong/Downloads//test/yghxoihrle.mp4,0,0.047894914
/home/tianlong/Downloads//test/vcgelshrli.mp4,0,8.303183e-05
/home/tianlong/Downloads//test/yvdnbmbwyh.mp4,0,0.036987092
/home/tianlong/Downloads//test/kmakhupeac.mp4,0,0.04099671
/home/tianlong/Downloads//test/ccevbixrwu.mp4,0,0.00046900226
/home/tianlong/Downloads//test/edavfjsjzw.mp4,0,0.0016087234
/home/tianlong/Downloads//test/znmzmierff.mp4,0,5.2604275e-07
/home/tianlong/Downloads//test/kiotoqmmfj.mp4,0,0.56433004
/home/tianlong/Downloads//test/nqctdktbtb.mp4,0,0.13266075
/home/tianlong/Downloads//test/inneixkosf.mp4,0,6.448939e-05
/home/tianlong/Downloads//test/occrrsyizc.mp4,0,0.00014159121
/home/tianlong/Downloads//test/zfecmsiodq.mp4,0,0.0006026515
/home/tianlong/Downloads//test/haknpmhigp.mp4,0,4.628983e-08
/home/tianlong/Downloads//test/zjbwxmmrgk.mp4,0,5.8703025e-09
/home/tianlong/Downloads//test/qgpabkriss.mp4,0,0.019726634
/home/tianlong/Downloads//test/liureznisp.mp4,0,0.018574186
/home/tianlong/Downloads//test/bzdywpajvr.mp4,0,0.0015002154
/home/tianlong/Downloads//test/jniytngcmy.mp4,0,0.011424759
/home/tianlong/Downloads//test/idklchvhxp.mp4,0,7.507858e-06
/home/tianlong/Downloads//test/pijzjjchqn.mp4,0,0.05273322
/home/tianlong/Downloads//test/pjnsejazpl.mp4,0,1.3626266e-06
/home/tianlong/Downloads//test/gpaqoqegbn.mp4,0,6.979324e-06
/home/tianlong/Downloads//test/xsxwrwvfkg.mp4,0,4.9641927e-05
/home/tianlong/Downloads//test/arwefyghir.mp4,0,0.0353003
/home/tianlong/Downloads//test/ptgvxdueef.mp4,0,1.8486465e-06
/home/tianlong/Downloads//test/plljpjscih.mp4,0,1.5212906e-09
/home/tianlong/Downloads//test/jozfaxodnx.mp4,0,0.00014926048
/home/tianlong/Downloads//test/girdwtjwsr.mp4,0,0.08573778
/home/tianlong/Downloads//test/jbaahohsns.mp4,0,0.0003990471
/home/tianlong/Downloads//test/uetfcmaryk.mp4,0,0.05834145
/home/tianlong/Downloads//test/oqbltrmhvt.mp4,0,0.13733469
/home/tianlong/Downloads//test/dvtzvkcrku.mp4,0,0.38829634
/home/tianlong/Downloads//test/qjilklnynm.mp4,0,1.6351296e-05
/home/tianlong/Downloads//test/tcsdjwbihw.mp4,0,1.4917784e-05
/home/tianlong/Downloads//test/zhftwvtutp.mp4,0,2.6911307e-06
/home/tianlong/Downloads//test/xgktqwvknw.mp4,0,2.0797735e-05
/home/tianlong/Downloads//test/cdeesuuuqz.mp4,0,2.0973504e-05
/home/tianlong/Downloads//test/ymngcysczs.mp4,0,9.721812e-06
/home/tianlong/Downloads//test/gctyynjruz.mp4,0,0.00029748262
/home/tianlong/Downloads//test/vkirqaiuoc.mp4,0,1.5224488e-06
/home/tianlong/Downloads//test/ykywskdwlc.mp4,0,0.41803545
/home/tianlong/Downloads//test/verpxkucoi.mp4,0,0.0007725408
/home/tianlong/Downloads//test/gpsqelalbp.mp4,0,5.5723845e-06
/home/tianlong/Downloads//test/paorozwtbf.mp4,0,3.275768e-06
/home/tianlong/Downloads//test/iaaecuquha.mp4,0,0.2669842
/home/tianlong/Downloads//test/lmgdjtzwau.mp4,0,0.42838916
/home/tianlong/Downloads//test/tayykmblhg.mp4,0,1.4397863e-06
/home/tianlong/Downloads//test/hpurahupjh.mp4,0,0.0065082638
/home/tianlong/Downloads//test/uutxmgqajd.mp4,0,0.016604863
/home/tianlong/Downloads//test/rbkcpkwhjn.mp4,0,5.8073543e-05
/home/tianlong/Downloads//test/wtnloygygs.mp4,0,3.7096164e-05
/home/tianlong/Downloads//test/biborxaekt.mp4,0,1.9809818e-06
/home/tianlong/Downloads//test/drlnvwvvuw.mp4,0,0.06601643
/home/tianlong/Downloads//test/axutpjywuu.mp4,0,2.0597405e-05
/home/tianlong/Downloads//test/jbcnsmlysc.mp4,0,4.131786e-06
/home/tianlong/Downloads//test/ilzhgraxpl.mp4,0,0.0003621989
/home/tianlong/Downloads//test/cwqhzuhjol.mp4,0,0.0004536602
/home/tianlong/Downloads//test/tlzordotqw.mp4,0,0.0019574654
/home/tianlong/Downloads//test/hdauuytvhx.mp4,0,1.2198352e-05
/home/tianlong/Downloads//test/rtiyduycrn.mp4,0,0.02610958
/home/tianlong/Downloads//test/mdsmgzaltc.mp4,0,0.011165783
/home/tianlong/Downloads//test/mnlxxoicoo.mp4,0,1.4694206e-05
/home/tianlong/Downloads//test/ksfuiztwuc.mp4,0,0.00028878887
/home/tianlong/Downloads//test/tpjydgkvdt.mp4,0,0.0028389476
/home/tianlong/Downloads//test/nmjesbwiux.mp4,0,0.00024157103
/home/tianlong/Downloads//test/egzfaoiuwo.mp4,0,6.170079e-10
/home/tianlong/Downloads//test/ucmfbukrkj.mp4,0,6.8952104e-06
/home/tianlong/Downloads//test/aoqzxlwvmi.mp4,0,0.040712148
/home/tianlong/Downloads//test/zzjfzeuizr.mp4,0,0.098831974
/home/tianlong/Downloads//test/aunokqsmrt.mp4,0,2.5352606e-06
/home/tianlong/Downloads//test/kudvvlgiff.mp4,0,1.3129403e-05
/home/tianlong/Downloads//test/qqwsabrgxh.mp4,0,0.0002132138
/home/tianlong/Downloads//test/pvsslamopo.mp4,0,0.0019394241
/home/tianlong/Downloads//test/kawxnfacqs.mp4,0,5.6144043e-05
/home/tianlong/Downloads//test/lxeqbyddvt.mp4,0,8.650378e-07
/home/tianlong/Downloads//test/zylribcaeu.mp4,0,1.51869435e-05
/home/tianlong/Downloads//test/sghdekqnnn.mp4,0,4.8012955e-10
/home/tianlong/Downloads//test/msbqgoxxlh.mp4,0,0.00013338824
/home/tianlong/Downloads//test/ubbzrfgzer.mp4,0,0.00038723566
/home/tianlong/Downloads//test/vuofhivyfs.mp4,0,1.3120638e-05
/home/tianlong/Downloads//test/xirrbpmlja.mp4,0,0.14299664
/home/tianlong/Downloads//test/appvffejyy.mp4,0,4.907058e-05
/home/tianlong/Downloads//test/nzepxsbotb.mp4,0,0.00024350798
/home/tianlong/Downloads//test/nkqkvwpghi.mp4,0,0.059215624
/home/tianlong/Downloads//test/vdvffooule.mp4,0,0.008974979
/home/tianlong/Downloads//test/rayhrvqorn.mp4,0,1.2293751e-07
/home/tianlong/Downloads//test/cslfapvyjv.mp4,0,4.776739e-06
/home/tianlong/Downloads//test/rmygsfjyvt.mp4,0,0.00086487236
/home/tianlong/Downloads//test/yhbhhibwzo.mp4,0,0.040414732
/home/tianlong/Downloads//test/vlxfyuzygn.mp4,0,0.65784705
/home/tianlong/Downloads//test/zefqhoewww.mp4,0,1.13885535e-05
/home/tianlong/Downloads//test/vptrrrmhyb.mp4,0,0.16569506
/home/tianlong/Downloads//test/cefolmrrlx.mp4,0,5.654109e-07
/home/tianlong/Downloads//test/xzmplldajk.mp4,0,2.310771e-05
/home/tianlong/Downloads//test/hrznynemfj.mp4,0,1.2712484e-06
/home/tianlong/Downloads//test/tkxblcleyd.mp4,0,0.008697095
/home/tianlong/Downloads//test/tlxgwzheli.mp4,0,0.0002584079
/home/tianlong/Downloads//test/qvgutokvct.mp4,0,0.01590012
/home/tianlong/Downloads//test/tcwyxrvdpe.mp4,0,0.00025731642
/home/tianlong/Downloads//test/jwrypvpvpx.mp4,0,1.0760664e-06
/home/tianlong/Downloads//test/bpyjsrjcro.mp4,0,0.048812244
/home/tianlong/Downloads//test/avteqdmbob.mp4,0,0.30730733
/home/tianlong/Downloads//test/aaivbtdyjn.mp4,0,0.0014111868
/home/tianlong/Downloads//test/pokctfragw.mp4,0,1.5895705e-05
/home/tianlong/Downloads//test/vgdllmzjcw.mp4,0,2.439942e-06
/home/tianlong/Downloads//test/zdlhavfmit.mp4,0,0.039474584
/home/tianlong/Downloads//test/yupsrmckii.mp4,0,0.31511208
/home/tianlong/Downloads//test/pobpsxjbzg.mp4,0,0.0020032045
/home/tianlong/Downloads//test/lkvouattut.mp4,0,7.100111e-06
/home/tianlong/Downloads//test/anjzzdyhno.mp4,0,5.0784372e-08
/home/tianlong/Downloads//test/jvihmimqca.mp4,0,0.0011337856
/home/tianlong/Downloads//test/wnoitecfmf.mp4,0,0.002457112
/home/tianlong/Downloads//test/gbvllwqbjl.mp4,0,0.014282281
/home/tianlong/Downloads//test/gzabjmglim.mp4,0,0.0029953301
/home/tianlong/Downloads//test/paqcbtdulm.mp4,0,0.00035827156
/home/tianlong/Downloads//test/jcbbrqaaaq.mp4,0,0.00019599043
/home/tianlong/Downloads//test/nsavbywhlu.mp4,0,0.060427167
/home/tianlong/Downloads//test/zwfebeiqat.mp4,0,0.00063603447
/home/tianlong/Downloads//test/pimrsfwcwm.mp4,0,4.7521094e-06
/home/tianlong/Downloads//test/mrvdmwcblt.mp4,0,0.045184948
/home/tianlong/Downloads//test/hedetzyqpu.mp4,0,0.00041470476
/home/tianlong/Downloads//test/qytaiboeep.mp4,0,0.0011798849
/home/tianlong/Downloads//test/famavifufv.mp4,0,5.7216435e-05
/home/tianlong/Downloads//test/hnselekxwv.mp4,0,1.0584964e-05
/home/tianlong/Downloads//test/emgciwmtuj.mp4,0,2.6651749e-05
/home/tianlong/Downloads//test/wbmvbetcdm.mp4,0,0.00019775813
/home/tianlong/Downloads//test/mpvnvvihzp.mp4,0,0.24774306
/home/tianlong/Downloads//test/zelgpxflfe.mp4,0,0.0020113497
/home/tianlong/Downloads//test/lhjcdavmmg.mp4,0,0.0020857663
/home/tianlong/Downloads//test/rxtqqoncwj.mp4,0,0.0002852764
/home/tianlong/Downloads//test/shrpamtirw.mp4,0,0.004205196
/home/tianlong/Downloads//test/qhzlgrtgto.mp4,0,0.00045584035
/home/tianlong/Downloads//test/uuzyzglejw.mp4,0,0.07763334
/home/tianlong/Downloads//test/bmnpqrwnex.mp4,0,0.00018311138
/home/tianlong/Downloads//test/dtssdnhgiw.mp4,0,0.022772748
/home/tianlong/Downloads//test/rlhmppiklf.mp4,0,0.008037088
/home/tianlong/Downloads//test/sswhgeqjrt.mp4,0,0.12444073
/home/tianlong/Downloads//test/emxqsgqtdz.mp4,0,0.00055718404
/home/tianlong/Downloads//test/bcwtjzsutw.mp4,0,0.911029
/home/tianlong/Downloads//test/uomfimsutw.mp4,0,0.041964464
/home/tianlong/Downloads//test/mztlucosuc.mp4,0,0.00852708
/home/tianlong/Downloads//test/ntcfyojagi.mp4,0,1.7492366e-06
/home/tianlong/Downloads//test/wrbuiboyat.mp4,0,0.023161435
/home/tianlong/Downloads//test/xiqecarvpb.mp4,0,8.712084e-05
/home/tianlong/Downloads//test/fcvzlzfufb.mp4,0,0.007642971
/home/tianlong/Downloads//test/savqrjnncg.mp4,0,0.0096504195
/home/tianlong/Downloads//test/icqmqztbry.mp4,0,1.639705e-05
/home/tianlong/Downloads//test/zzrmokkxka.mp4,0,0.15837231
/home/tianlong/Downloads//test/btgxrrldio.mp4,0,0.015999112
/home/tianlong/Downloads//test/zdnepyqjiy.mp4,0,0.021076702
/home/tianlong/Downloads//test/fybiztpnrc.mp4,0,0.00011458785
/home/tianlong/Downloads//test/parqhrknkf.mp4,0,0.08822127
/home/tianlong/Downloads//test/tvffpggbrc.mp4,0,0.01659942
/home/tianlong/Downloads//test/rtpuwtrxsr.mp4,0,0.028177947
/home/tianlong/Downloads//test/tgmqfzsznf.mp4,0,0.00012207465
/home/tianlong/Downloads//test/eqabuehals.mp4,0,0.0006583992
/home/tianlong/Downloads//test/ikebomnsiq.mp4,0,0.0046335114
/home/tianlong/Downloads//test/wfzxrfxohw.mp4,0,0.0648743
/home/tianlong/Downloads//test/dqfgwejsvm.mp4,0,6.6313056e-05
/home/tianlong/Downloads//test/lxadgjqzbf.mp4,0,0.14499973
/home/tianlong/Downloads//test/tdahgbtenl.mp4,0,0.20469964
/home/tianlong/Downloads//test/bivzhsmrqo.mp4,0,0.00033083608
/home/tianlong/Downloads//test/vzxluflrhn.mp4,0,3.6604245e-06
/home/tianlong/Downloads//test/ikmsdmynbf.mp4,0,0.00013235507
/home/tianlong/Downloads//test/kuqbgbrypa.mp4,0,0.22159962
/home/tianlong/Downloads//test/nfstajzaot.mp4,0,4.525802e-06
/home/tianlong/Downloads//test/dultiznosk.mp4,0,5.2194116e-07
/home/tianlong/Downloads//test/ckqfqernbf.mp4,0,0.0010607274
/home/tianlong/Downloads//test/kbdwudhhwf.mp4,0,0.00034373146
/home/tianlong/Downloads//test/hqpjmwyygq.mp4,0,6.628894e-05
/home/tianlong/Downloads//test/tjyuudtkme.mp4,0,0.0015891101
/home/tianlong/Downloads//test/tihgxlmfcj.mp4,0,1.087594e-06
/home/tianlong/Downloads//test/sgdnbofecu.mp4,0,0.040640905
/home/tianlong/Downloads//test/pgamqeolau.mp4,0,0.00024033357
/home/tianlong/Downloads//test/ijeqomctsa.mp4,0,0.0010207118
/home/tianlong/Downloads//test/ppruxbqpmc.mp4,0,2.0716284e-06
/home/tianlong/Downloads//test/hkvfyeacje.mp4,0,0.06334023
/home/tianlong/Downloads//test/zqrzqekofe.mp4,0,0.029728228
/home/tianlong/Downloads//test/iwzbgmtsuh.mp4,0,0.00013724415
/home/tianlong/Downloads//test/dbixwxtuxs.mp4,0,0.0143548
/home/tianlong/Downloads//test/cepqcoseaj.mp4,0,0.028660346
/home/tianlong/Downloads//test/gypapuqdrx.mp4,0,0.048199233
/home/tianlong/Downloads//test/djhhnixfyi.mp4,0,0.001805756
/home/tianlong/Downloads//test/fkarxowzuf.mp4,0,0.004735937
/home/tianlong/Downloads//test/gfxnuidfgl.mp4,0,0.00015748807
/home/tianlong/Downloads//test/vsreebjsfs.mp4,0,0.02210146
/home/tianlong/Downloads//test/manqchicur.mp4,0,0.20343514
/home/tianlong/Downloads//test/gztffgsxpt.mp4,0,0.004164265
/home/tianlong/Downloads//test/jdzkykqgsx.mp4,0,0.0039908974
/home/tianlong/Downloads//test/cvbubcwkkl.mp4,0,2.2221735e-05
/home/tianlong/Downloads//test/bgqhldvsgc.mp4,0,2.7216074e-05
/home/tianlong/Downloads//test/blqgpxokwq.mp4,0,0.0704665
/home/tianlong/Downloads//test/cxvayntesu.mp4,0,3.4848526e-05
/home/tianlong/Downloads//test/dxepehnhgm.mp4,0,0.011141749
/home/tianlong/Downloads//test/bcgjlsupne.mp4,0,7.3532476e-07
/home/tianlong/Downloads//test/uhynwthfhf.mp4,0,0.46484894
/home/tianlong/Downloads//test/gocrdvihos.mp4,0,5.577308e-06
/home/tianlong/Downloads//test/gtyvtbojpp.mp4,0,3.5578273e-06
/home/tianlong/Downloads//test/eqtwkqxolz.mp4,0,4.3413265e-06
/home/tianlong/Downloads//test/arwiyweadv.mp4,0,0.109586
/home/tianlong/Downloads//test/mlizcisxro.mp4,0,4.137417e-08
/home/tianlong/Downloads//test/miiymgajty.mp4,0,0.00014278348
/home/tianlong/Downloads//test/ragjclplkx.mp4,0,0.0360136
/home/tianlong/Downloads//test/wxrfuemtxj.mp4,0,2.5302108e-05
/home/tianlong/Downloads//test/xxupwwukoh.mp4,0,1.0639143e-05
/home/tianlong/Downloads//test/qdantvtdji.mp4,0,0.0064884857
/home/tianlong/Downloads//test/oqehnuhbwa.mp4,0,1.5016524e-05
/home/tianlong/Downloads//test/yzqbwkwxsn.mp4,0,0.009969127
/home/tianlong/Downloads//test/osjaqtkkdt.mp4,0,7.496241e-05
/home/tianlong/Downloads//test/nthlmvjxac.mp4,0,4.025136e-05
/home/tianlong/Downloads//test/dpegbdzijf.mp4,0,0.0028577934
/home/tianlong/Downloads//test/ezgusylcyf.mp4,0,0.0018875853
/home/tianlong/Downloads//test/isxxybhuls.mp4,0,0.0881658
/home/tianlong/Downloads//test/dbqbwrcvjk.mp4,0,0.061076604
/home/tianlong/Downloads//test/qqrvyhjznq.mp4,0,0.00090559555
/home/tianlong/Downloads//test/ohdtmpzbtp.mp4,0,0.0037497245
/home/tianlong/Downloads//test/oupztxzdln.mp4,0,7.135588e-05
/home/tianlong/Downloads//test/snidpujjti.mp4,0,0.008738833
/home/tianlong/Downloads//test/yoxdseoukl.mp4,0,0.11866788
/home/tianlong/Downloads//test/bxsdnqizii.mp4,0,0.00084407505
/home/tianlong/Downloads//test/ihszkmcwvw.mp4,0,2.0736377e-06
/home/tianlong/Downloads//test/rgrqhjtoby.mp4,0,1.8013692e-06
/home/tianlong/Downloads//test/vqibhetnwa.mp4,0,0.24186584
/home/tianlong/Downloads//test/rkqqgwurqt.mp4,0,0.0001266657
/home/tianlong/Downloads//test/axdepsfowg.mp4,0,0.00011837878
/home/tianlong/Downloads//test/dcpmipuapc.mp4,0,0.008034745
/home/tianlong/Downloads//test/ncjqganhal.mp4,0,0.00025004335
/home/tianlong/Downloads//test/qnbnlmpqpu.mp4,0,0.0029988766
/home/tianlong/Downloads//test/ieoervpooz.mp4,0,4.529282e-07
/home/tianlong/Downloads//test/fscyfygpyk.mp4,0,1.0954671e-05
/home/tianlong/Downloads//test/pitpjawwwp.mp4,0,0.003367482
/home/tianlong/Downloads//test/geturetbpy.mp4,0,0.00057539553
/home/tianlong/Downloads//test/kwsraaqime.mp4,0,0.00013464616
/home/tianlong/Downloads//test/lhgoghqmub.mp4,0,0.0012499733
/home/tianlong/Downloads//test/kdmonvkpqd.mp4,0,2.2218166e-05
/home/tianlong/Downloads//test/wrcelewmpa.mp4,0,0.10351892
/home/tianlong/Downloads//test/bxqgvzamnx.mp4,0,2.3753715e-05
/home/tianlong/Downloads//test/nliofvksed.mp4,0,0.02446862
/home/tianlong/Downloads//test/mwjnvghsbe.mp4,0,0.009612894
/home/tianlong/Downloads//test/ygiscbckjl.mp4,0,0.000662757
/home/tianlong/Downloads//test/wscclwhfsr.mp4,0,0.08026137
/home/tianlong/Downloads//test/hddminxrhw.mp4,0,0.02379353
/home/tianlong/Downloads//test/ncrkggcdqp.mp4,0,0.0006615448
/home/tianlong/Downloads//test/xjinzawywt.mp4,0,0.0062190243
/home/tianlong/Downloads//test/korrsqtkke.mp4,0,0.00052132865
/home/tianlong/Downloads//test/tskjnnvjsa.mp4,0,1.3482391e-05
/home/tianlong/Downloads//test/tyjxmknivy.mp4,0,0.029859846
/home/tianlong/Downloads//test/qyvqrtscbk.mp4,0,0.0004643065
/home/tianlong/Downloads//test/kxnybtbpkl.mp4,0,1.3167401e-07
/home/tianlong/Downloads//test/wiqtkqwfsw.mp4,0,0.049951147
/home/tianlong/Downloads//test/bevjclbhuo.mp4,0,0.0004644924
/home/tianlong/Downloads//test/shwulrbsfx.mp4,0,0.8497319
/home/tianlong/Downloads//test/mohtuktaaq.mp4,0,0.0008766918
/home/tianlong/Downloads//test/fwsypadiom.mp4,0,0.21422729
/home/tianlong/Downloads//test/buywrbgfqy.mp4,0,0.00023949596
/home/tianlong/Downloads//test/bljpdykszf.mp4,0,0.0017112322
/home/tianlong/Downloads//test/ztxdkcoxvx.mp4,0,0.0022582742
/home/tianlong/Downloads//test/oqeoibjbim.mp4,0,4.628905e-06
/home/tianlong/Downloads//test/szwhgmrrhm.mp4,0,0.0011077818
/home/tianlong/Downloads//test/xnydmgdhum.mp4,0,0.3408389
/home/tianlong/Downloads//test/fltaysfwct.mp4,0,0.00029576273
/home/tianlong/Downloads//test/akdvkdoyoh.mp4,0,0.0070342096
/home/tianlong/Downloads//test/ftfemkjnot.mp4,0,0.33677173
/home/tianlong/Downloads//test/gmbckelbzp.mp4,0,0.011563334
/home/tianlong/Downloads//test/jjzveabagf.mp4,0,2.5647532e-06
/home/tianlong/Downloads//test/dfqwasrdvq.mp4,0,0.34372723
/home/tianlong/Downloads//test/diskzkrrph.mp4,0,0.019905906
/home/tianlong/Downloads//test/jtwpwdqmxz.mp4,0,0.003964857
/home/tianlong/Downloads//test/qivnumuetu.mp4,0,8.929623e-09
/home/tianlong/Downloads//test/blmuzhjygg.mp4,0,7.885899e-06
/home/tianlong/Downloads//test/sbxlfehzjc.mp4,0,0.022532621
/home/tianlong/Downloads//test/tcwhwssdnv.mp4,0,3.281044e-05
/home/tianlong/Downloads//test/bkbokyebco.mp4,0,0.00013213526
/home/tianlong/Downloads//test/vojsghpebv.mp4,0,5.713568e-05
/home/tianlong/Downloads//test/opuhoerhxb.mp4,0,0.0001884696
/home/tianlong/Downloads//test/mmhdcoqsve.mp4,0,1.7818478e-05
/home/tianlong/Downloads//test/ewxddjqzml.mp4,0,0.0018147947
/home/tianlong/Downloads//test/dznchaiaqh.mp4,0,0.055955153
/home/tianlong/Downloads//test/mloeefokyq.mp4,0,5.4299853e-05
/home/tianlong/Downloads//test/fgkpembbpv.mp4,0,2.4425164e-08
/home/tianlong/Downloads//test/orqafstesq.mp4,0,2.1658987e-05
/home/tianlong/Downloads//test/ckgabgjnca.mp4,0,5.6547764e-05
/home/tianlong/Downloads//test/iuvhrgckrt.mp4,0,0.47730947
/home/tianlong/Downloads//test/vlzwcejywm.mp4,0,2.0010489e-06
/home/tianlong/Downloads//test/cpucjmfawf.mp4,0,0.096727386
/home/tianlong/Downloads//test/ekvhyeycpr.mp4,0,0.005267714
/home/tianlong/Downloads//test/tazlckybzu.mp4,0,4.8215967e-05
/home/tianlong/Downloads//test/clxgzkdgta.mp4,0,0.008350906
/home/tianlong/Downloads//test/zlfbumxcxs.mp4,0,1.2377805e-05
/home/tianlong/Downloads//test/plhcceboag.mp4,0,1.6080226e-05
/home/tianlong/Downloads//test/extihvlsxg.mp4,0,6.932502e-05
/home/tianlong/Downloads//test/olebnvxoyl.mp4,0,6.836509e-05
/home/tianlong/Downloads//test/opdqcwqxzy.mp4,0,4.596584e-07
/home/tianlong/Downloads//test/stwaypekwh.mp4,0,9.982537e-05
/home/tianlong/Downloads//test/xogwctpikv.mp4,0,0.0038047873
/home/tianlong/Downloads//test/cjiwxfwcit.mp4,0,0.0013036892
/home/tianlong/Downloads//test/txshgvrava.mp4,0,2.2792306e-05
/home/tianlong/Downloads//test/ggpuxwhpri.mp4,0,3.6995214e-06
/home/tianlong/Downloads//test/jlxnzxtopm.mp4,0,0.02915223
/home/tianlong/Downloads//test/thjugpbwcv.mp4,0,0.57817155
/home/tianlong/Downloads//test/pkititkein.mp4,0,2.571615e-06
/home/tianlong/Downloads//test/hjiwmybauf.mp4,0,0.00023939204
/home/tianlong/Downloads//test/efazuieysm.mp4,0,0.025682539
/home/tianlong/Downloads//test/tdzsgrdneg.mp4,0,0.00047757028
/home/tianlong/Downloads//test/mkxmvreoth.mp4,0,0.00025269383
/home/tianlong/Downloads//test/ofbjiuemkr.mp4,0,0.012184126
/home/tianlong/Downloads//test/dogotzkdiw.mp4,0,0.00010157536
/home/tianlong/Downloads//test/qdmvzknbua.mp4,0,4.092697e-05
/home/tianlong/Downloads//test/pnauelqbxq.mp4,0,9.486287e-06
/home/tianlong/Downloads//test/sytddqezij.mp4,0,0.07547684
/home/tianlong/Downloads//test/bhpddnqauc.mp4,0,1.0804888e-05
/home/tianlong/Downloads//test/imtkdzkypf.mp4,0,0.009668885
/home/tianlong/Downloads//test/kbodjivgqu.mp4,0,0.022600053
/home/tianlong/Downloads//test/qtxraeaxeh.mp4,0,7.6931945e-05
/home/tianlong/Downloads//test/uaxmqpmswz.mp4,0,1.6527474e-05
/home/tianlong/Downloads//test/qlbapiibba.mp4,0,0.0056994725
/home/tianlong/Downloads//test/mzurunkulx.mp4,0,7.559613e-09
/home/tianlong/Downloads//test/aujoxrpddn.mp4,0,1.3860456e-05
/home/tianlong/Downloads//test/ebenvuuxld.mp4,0,1.8781753e-05
/home/tianlong/Downloads//test/fsfjlwwsen.mp4,0,0.2655099
/home/tianlong/Downloads//test/zwgaptzuqt.mp4,0,0.0016441274
/home/tianlong/Downloads//test/gldpafckwo.mp4,0,0.013333229
/home/tianlong/Downloads//test/nvkzpexyzg.mp4,0,0.50578344
/home/tianlong/Downloads//test/vnrmxwtsmf.mp4,0,2.6756743e-05
/home/tianlong/Downloads//test/hmofiqjzxe.mp4,0,0.0022342438
/home/tianlong/Downloads//test/ucryyubbqk.mp4,0,0.15969913
/home/tianlong/Downloads//test/gwqdrapybq.mp4,0,0.025042567
/home/tianlong/Downloads//test/avttogwbyz.mp4,0,0.0002508847
/home/tianlong/Downloads//test/hbmvxgonmq.mp4,0,0.0026228398
/home/tianlong/Downloads//test/gxxlbjuyza.mp4,0,4.750522e-06
/home/tianlong/Downloads//test/jhzozsurac.mp4,0,0.1102496
/home/tianlong/Downloads//test/opyqudaics.mp4,0,0.006951931
/home/tianlong/Downloads//test/vigbdgmudk.mp4,0,5.933387e-09
/home/tianlong/Downloads//test/viidhkoxyv.mp4,0,0.0002663154
/home/tianlong/Downloads//test/dmpvbeyuqb.mp4,0,0.24377742
/home/tianlong/Downloads//test/wgycqahjww.mp4,0,0.0014661874
/home/tianlong/Downloads//test/wwgmzeavbd.mp4,0,0.0006125162
/home/tianlong/Downloads//test/qtqyglbdem.mp4,0,2.782044e-06
/home/tianlong/Downloads//test/nqynuhnklk.mp4,0,2.745216e-06
/home/tianlong/Downloads//test/jygbqsigcr.mp4,0,0.010319946
/home/tianlong/Downloads//test/nsozqvhalr.mp4,0,8.080726e-05
/home/tianlong/Downloads//test/yvmrwdyxby.mp4,0,0.0016161747
/home/tianlong/Downloads//test/kvhbyuklfv.mp4,0,0.0019136326
/home/tianlong/Downloads//test/iwnfvkmktq.mp4,0,0.23397374
/home/tianlong/Downloads//test/qzfmctgxcs.mp4,0,0.003363859
/home/tianlong/Downloads//test/vhipamioud.mp4,0,0.01750186
/home/tianlong/Downloads//test/lmbvoxhowe.mp4,0,0.004022818
/home/tianlong/Downloads//test/ziqjamfzlv.mp4,0,0.13382132
/home/tianlong/Downloads//test/kqnwutdvpd.mp4,0,0.00086783216
/home/tianlong/Downloads//test/lucpbeexdk.mp4,0,0.023740899
/home/tianlong/Downloads//test/pnotaniiuh.mp4,0,0.06159562
/home/tianlong/Downloads//test/qohtjkzity.mp4,0,0.0024134438
/home/tianlong/Downloads//test/bkjhfcvsig.mp4,0,0.00065792206
/home/tianlong/Downloads//test/kpcrdurodw.mp4,0,0.17985955
/home/tianlong/Downloads//test/nmphdbflzj.mp4,0,0.0029853028
/home/tianlong/Downloads//test/fmsxomanga.mp4,0,0.0036952016
/home/tianlong/Downloads//test/tgwpcoljin.mp4,0,0.0010468386
/home/tianlong/Downloads//test/foynwjsqeh.mp4,0,0.00902988
/home/tianlong/Downloads//test/vdqritvjfl.mp4,0,6.740571e-05
/home/tianlong/Downloads//test/egyemqrvna.mp4,0,0.35732162
/home/tianlong/Downloads//test/xrtmepdfyh.mp4,0,0.037664242
/home/tianlong/Downloads//test/zfgjechdto.mp4,0,7.305578e-05
/home/tianlong/Downloads//test/jujpqsrgll.mp4,0,2.5905672e-06
/home/tianlong/Downloads//test/iakzgqqova.mp4,0,0.0034087584
/home/tianlong/Downloads//test/fqdklzzkfj.mp4,0,0.014243627
/home/tianlong/Downloads//test/dnfnxwbsoi.mp4,0,0.00029452116
/home/tianlong/Downloads//test/lynaeydofd.mp4,0,8.944612e-05
/home/tianlong/Downloads//test/relrfifywa.mp4,0,0.00012699791
/home/tianlong/Downloads//test/imsacxixmv.mp4,0,0.014335195
/home/tianlong/Downloads//test/rfbwukxpye.mp4,0,0.00032875722
/home/tianlong/Downloads//test/atixaudngu.mp4,0,0.0004681209
/home/tianlong/Downloads//test/tcychsyltm.mp4,0,2.7945765e-07
/home/tianlong/Downloads//test/kifyfzqzjj.mp4,0,0.33528537
/home/tianlong/Downloads//test/irjbukzjqt.mp4,0,0.0027638557
/home/tianlong/Downloads//test/jmkkbkvbjo.mp4,0,0.09395931
/home/tianlong/Downloads//test/gflhlvhqyl.mp4,0,0.004338932
/home/tianlong/Downloads//test/myebjqbxsl.mp4,0,0.000623008
/home/tianlong/Downloads//test/mqeqiytluf.mp4,0,3.1896718e-07
/home/tianlong/Downloads//test/zbsjlcsetv.mp4,0,5.300325e-05
/home/tianlong/Downloads//test/lzmxqxrruv.mp4,0,0.015241878
/home/tianlong/Downloads//test/neotrnwthu.mp4,0,5.6576175e-07
/home/tianlong/Downloads//test/vwigtbeivy.mp4,0,0.12505612
/home/tianlong/Downloads//test/ldtscpryms.mp4,0,0.010704053
/home/tianlong/Downloads//test/sjgmmecazy.mp4,0,6.551866e-05
/home/tianlong/Downloads//test/jkrbsekajk.mp4,0,0.0002799855
/home/tianlong/Downloads//test/iahzcxmuck.mp4,0,0.011918932
/home/tianlong/Downloads//test/cteqlloxwu.mp4,0,0.00095374405
/home/tianlong/Downloads//test/pgqxsteufx.mp4,0,0.0095261
/home/tianlong/Downloads//test/cmuzrrlaiy.mp4,1,0.9708942
/home/tianlong/Downloads//test/jxeqhujuvh.mp4,1,0.58887225
/home/tianlong/Downloads//test/ntaqujyzes.mp4,1,0.9996664
/home/tianlong/Downloads//test/ghxzsygiou.mp4,1,0.99855644
/home/tianlong/Downloads//test/lvxzjwiklq.mp4,1,0.8211315
/home/tianlong/Downloads//test/wlyvvvjgnv.mp4,1,0.7885785
/home/tianlong/Downloads//test/hexxuigzdl.mp4,1,0.40978894
/home/tianlong/Downloads//test/zynrdvlrwv.mp4,1,0.9999585
/home/tianlong/Downloads//test/kbvqzihgan.mp4,1,0.999059
/home/tianlong/Downloads//test/razacdewcv.mp4,1,0.5515619
/home/tianlong/Downloads//test/tjlrvidbxw.mp4,1,0.686899
/home/tianlong/Downloads//test/gcbyurxhbz.mp4,1,0.99922353
/home/tianlong/Downloads//test/xticvyqqjn.mp4,1,0.9716981
/home/tianlong/Downloads//test/gqpayiddqv.mp4,1,0.9495705
/home/tianlong/Downloads//test/zmrnjhfxed.mp4,1,0.7196968
/home/tianlong/Downloads//test/slpxqmwuqm.mp4,1,0.9020648
/home/tianlong/Downloads//test/upwsvjdtgo.mp4,1,0.2576546
/home/tianlong/Downloads//test/zpnjiswgdt.mp4,1,0.19690233
/home/tianlong/Downloads//test/rayxtqfosv.mp4,1,0.9995738
/home/tianlong/Downloads//test/cfhoqpdzqb.mp4,1,0.9999855
/home/tianlong/Downloads//test/okyufzgvay.mp4,1,0.85841864
/home/tianlong/Downloads//test/wgyxtquovo.mp4,1,0.40199608
/home/tianlong/Downloads//test/kicgvgukqs.mp4,1,0.8054737
/home/tianlong/Downloads//test/aolhuwcdwv.mp4,1,0.8755496
/home/tianlong/Downloads//test/clzcvdsuyp.mp4,1,0.707791
/home/tianlong/Downloads//test/jibhugdfbs.mp4,1,0.8039347
/home/tianlong/Downloads//test/kfiszsbzob.mp4,1,0.9998315
/home/tianlong/Downloads//test/mgwtoqonaf.mp4,1,0.223537
/home/tianlong/Downloads//test/buzqmuifod.mp4,1,0.44673032
/home/tianlong/Downloads//test/bofmetrgfm.mp4,1,0.9991108
/home/tianlong/Downloads//test/chlshvbday.mp4,1,0.9643133
/home/tianlong/Downloads//test/vxcjkgerao.mp4,1,0.47783455
/home/tianlong/Downloads//test/qxwqqhruvz.mp4,1,0.74841607
/home/tianlong/Downloads//test/hytdcdixlv.mp4,1,0.99972326
/home/tianlong/Downloads//test/buejhiahpy.mp4,1,0.9752506
/home/tianlong/Downloads//test/omotodymgb.mp4,1,0.8001672
/home/tianlong/Downloads//test/gmcvyrferj.mp4,1,0.99710053
/home/tianlong/Downloads//test/ycoaclsdov.mp4,1,0.3501865
/home/tianlong/Downloads//test/scaljzcpcf.mp4,1,0.37618306
/home/tianlong/Downloads//test/uhbxhharht.mp4,1,0.7192428
/home/tianlong/Downloads//test/tmmakbzbqw.mp4,1,0.95929974
/home/tianlong/Downloads//test/mvfvefsgik.mp4,1,0.9999048
/home/tianlong/Downloads//test/inesnaprwm.mp4,1,0.99935615
/home/tianlong/Downloads//test/qqxelyjmmw.mp4,1,0.7886239
/home/tianlong/Downloads//test/dllkubdbbd.mp4,1,0.9999405
/home/tianlong/Downloads//test/ttnajmkchw.mp4,1,0.88415
/home/tianlong/Downloads//test/kaffwaiexj.mp4,1,0.99981195
/home/tianlong/Downloads//test/dpfuqzdtrs.mp4,1,0.9690841
/home/tianlong/Downloads//test/hfvexodpht.mp4,1,0.9982073
/home/tianlong/Downloads//test/vmxjsdkuju.mp4,1,0.95962256
/home/tianlong/Downloads//test/afaxsgqksm.mp4,1,0.99941236
/home/tianlong/Downloads//test/pgkipgmpgm.mp4,1,0.9445794
/home/tianlong/Downloads//test/ltkesswcyn.mp4,1,0.99845934
/home/tianlong/Downloads//test/dffkcrccsj.mp4,1,0.64923584
/home/tianlong/Downloads//test/svtnilogao.mp4,1,0.004214961
/home/tianlong/Downloads//test/bzobkqewtt.mp4,1,0.9920658
/home/tianlong/Downloads//test/vemnbnqoqk.mp4,1,0.44701022
/home/tianlong/Downloads//test/nobrvdftmd.mp4,1,0.6704642
/home/tianlong/Downloads//test/qepgiaxgpc.mp4,1,0.9999892
/home/tianlong/Downloads//test/bogjubshbr.mp4,1,0.99986255
/home/tianlong/Downloads//test/uyoqozgdcy.mp4,1,0.945916
/home/tianlong/Downloads//test/cvmmtklgst.mp4,1,0.38351685
/home/tianlong/Downloads//test/qharxzhzpl.mp4,1,0.9800631
/home/tianlong/Downloads//test/sprejlmapw.mp4,1,0.36100537
/home/tianlong/Downloads//test/crzrsezocr.mp4,1,0.9991633
/home/tianlong/Downloads//test/wyqhadmmcy.mp4,1,0.9999935
/home/tianlong/Downloads//test/jrjxehotww.mp4,1,0.95975983
/home/tianlong/Downloads//test/xctpdujlok.mp4,1,0.73413295
/home/tianlong/Downloads//test/hfspenqmpw.mp4,1,0.9999302
/home/tianlong/Downloads//test/jkfukzcjxd.mp4,1,0.99998033
/home/tianlong/Downloads//test/knafngkgen.mp4,1,0.63807786
/home/tianlong/Downloads//test/tswmtnhfmn.mp4,1,0.7886301
/home/tianlong/Downloads//test/qoasfzksgo.mp4,1,0.9999744
/home/tianlong/Downloads//test/hnrzuoqnkz.mp4,1,0.6370725
/home/tianlong/Downloads//test/nussrkyuzy.mp4,1,0.6387727
/home/tianlong/Downloads//test/ciwzwmlyxz.mp4,1,0.9927651
/home/tianlong/Downloads//test/dbauiiupef.mp4,1,0.7766525
/home/tianlong/Downloads//test/ywxfnlxtjg.mp4,1,0.9983247
/home/tianlong/Downloads//test/pryqgrbtnu.mp4,1,0.042646367
/home/tianlong/Downloads//test/mbjpaydogy.mp4,1,0.8009082
/home/tianlong/Downloads//test/ihdopxhysr.mp4,1,0.9997484
/home/tianlong/Downloads//test/rgasvymjrj.mp4,1,0.8009964
/home/tianlong/Downloads//test/eclpgjjies.mp4,1,0.9872238
/home/tianlong/Downloads//test/kxptuwngop.mp4,1,0.11151139
/home/tianlong/Downloads//test/uaqvffouxp.mp4,1,0.99894637
/home/tianlong/Downloads//test/xvqzzgoabm.mp4,1,0.9973831
/home/tianlong/Downloads//test/tkgbjtcxyl.mp4,1,0.56172377
/home/tianlong/Downloads//test/xlnaxrwvcx.mp4,1,0.99020517
/home/tianlong/Downloads//test/kphfzaullq.mp4,1,0.39587265
/home/tianlong/Downloads//test/rkezgzxnoo.mp4,1,0.025105502
/home/tianlong/Downloads//test/fromclsodq.mp4,1,0.9853488
/home/tianlong/Downloads//test/nrscfrjxpb.mp4,1,0.9999342
/home/tianlong/Downloads//test/ygobagrhmg.mp4,1,0.79675204
/home/tianlong/Downloads//test/hisfrixnbu.mp4,1,0.80099106
/home/tianlong/Downloads//test/duzueyonao.mp4,1,0.91260225
/home/tianlong/Downloads//test/gkknsyqbnz.mp4,1,0.42822474
/home/tianlong/Downloads//test/tmgdrjjalz.mp4,1,0.98061323
/home/tianlong/Downloads//test/iajblozgtx.mp4,1,0.75026834
/home/tianlong/Downloads//test/ahkcchuwqq.mp4,1,0.7574087
/home/tianlong/Downloads//test/zmfiveruie.mp4,1,0.99085855
/home/tianlong/Downloads//test/xptgnpgfkn.mp4,1,0.64821655
/home/tianlong/Downloads//test/aebhowazav.mp4,1,0.35201028
/home/tianlong/Downloads//test/geulcwvfuy.mp4,1,0.4262747
/home/tianlong/Downloads//test/glzyifzrql.mp4,1,0.8356668
/home/tianlong/Downloads//test/wvmrsucbsq.mp4,1,0.9966439
/home/tianlong/Downloads//test/moetggyxsc.mp4,1,0.9777147
/home/tianlong/Downloads//test/jfvnwpcjrm.mp4,1,0.9300906
/home/tianlong/Downloads//test/kaggpclkjm.mp4,1,0.9994518
/home/tianlong/Downloads//test/nacldwtuwp.mp4,1,0.99949646
/home/tianlong/Downloads//test/upwyvqbjlq.mp4,1,0.99998236
/home/tianlong/Downloads//test/tdmyjvptzv.mp4,1,0.78765947
/home/tianlong/Downloads//test/fzurflflwv.mp4,1,0.8319019
/home/tianlong/Downloads//test/aakjukgjme.mp4,1,0.7522668
/home/tianlong/Downloads//test/ypepsyuwmo.mp4,1,0.0560741
/home/tianlong/Downloads//test/qxhyhhkywc.mp4,1,0.9912618
/home/tianlong/Downloads//test/iqvfopywpa.mp4,1,0.12573667
/home/tianlong/Downloads//test/xfncslssic.mp4,1,0.93583715
/home/tianlong/Downloads//test/jesstfspwv.mp4,1,0.99481094
/home/tianlong/Downloads//test/xiraodtgnt.mp4,1,0.9993229
/home/tianlong/Downloads//test/xeuzubpylq.mp4,1,0.5771352
/home/tianlong/Downloads//test/xszpbtciwo.mp4,1,0.99864787
/home/tianlong/Downloads//test/fkksbgaibl.mp4,1,0.9994259
/home/tianlong/Downloads//test/ntqzfgmhnj.mp4,1,0.99980795
/home/tianlong/Downloads//test/bizbjxafzr.mp4,1,0.99231225
/home/tianlong/Downloads//test/bxfwiuvafo.mp4,1,0.84718883
/home/tianlong/Downloads//test/jfcglbovmo.mp4,1,0.8105771
/home/tianlong/Downloads//test/odidbykbar.mp4,1,0.9994674
/home/tianlong/Downloads//test/qarbtmjwhm.mp4,1,0.99827117
/home/tianlong/Downloads//test/jeierullea.mp4,1,0.85632503
/home/tianlong/Downloads//test/lrckqkzekj.mp4,1,0.9723075
/home/tianlong/Downloads//test/riizlqngim.mp4,1,0.3522346
/home/tianlong/Downloads//test/lmcnonfhgz.mp4,1,0.73083645
/home/tianlong/Downloads//test/lkhszpabzv.mp4,1,0.79037464
/home/tianlong/Downloads//test/njqbwiajss.mp4,1,0.98843336
/home/tianlong/Downloads//test/ksqybmrwyg.mp4,1,0.99915445
/home/tianlong/Downloads//test/dxphlwcvan.mp4,1,0.9993454
/home/tianlong/Downloads//test/dgjssccxhx.mp4,1,0.9999976
/home/tianlong/Downloads//test/sbfxzmhzyv.mp4,1,0.999681
/home/tianlong/Downloads//test/rlvgpdrgvi.mp4,1,0.9675943
/home/tianlong/Downloads//test/uzdmxmfcqe.mp4,1,0.99993783
/home/tianlong/Downloads//test/afixxjdxef.mp4,1,0.93908453
/home/tianlong/Downloads//test/fwvxtssltw.mp4,1,0.12037096
/home/tianlong/Downloads//test/jyzlvivrmr.mp4,1,0.6770203
/home/tianlong/Downloads//test/byavookkdu.mp4,1,0.80581486
/home/tianlong/Downloads//test/agyawnxlmv.mp4,1,0.023968529
/home/tianlong/Downloads//test/zjoonppreb.mp4,1,0.826107
/home/tianlong/Downloads//test/sjzwpqupnm.mp4,1,0.8290529
/home/tianlong/Downloads//test/pobrnbspcf.mp4,1,0.99788636
/home/tianlong/Downloads//test/qdkpphviay.mp4,1,0.48837513
/home/tianlong/Downloads//test/nbyaxzmueg.mp4,1,0.78470194
/home/tianlong/Downloads//test/vfszaqentw.mp4,1,0.5414953
/home/tianlong/Downloads//test/fosovipqkg.mp4,1,0.9336278
/home/tianlong/Downloads//test/grwcxofqrx.mp4,1,0.42043757
/home/tianlong/Downloads//test/koqxhnmkjl.mp4,1,0.72321963
/home/tianlong/Downloads//test/xkukyjokbg.mp4,1,0.9997446
/home/tianlong/Downloads//test/fmnzbwtjep.mp4,1,0.81958216
/home/tianlong/Downloads//test/aruyyclubn.mp4,1,0.99484193
/home/tianlong/Downloads//test/eluhuvocwr.mp4,1,0.24085584
/home/tianlong/Downloads//test/iiwffwiyrg.mp4,1,0.6737243
/home/tianlong/Downloads//test/fsbabrxhqy.mp4,1,0.101981506
/home/tianlong/Downloads//test/ymqadbkafj.mp4,1,0.9988638
/home/tianlong/Downloads//test/nptmqvfuhz.mp4,1,0.9893715
/home/tianlong/Downloads//test/usjnlahlcj.mp4,1,0.3369758
/home/tianlong/Downloads//test/hbozjjcafn.mp4,1,0.13067691
/home/tianlong/Downloads//test/cizxmeztny.mp4,1,0.9717452
/home/tianlong/Downloads//test/syxlmynhsi.mp4,1,0.9997948
/home/tianlong/Downloads//test/ezadehoecy.mp4,1,0.9999496
/home/tianlong/Downloads//test/fpliemtlco.mp4,1,0.9984897
/home/tianlong/Downloads//test/arflgfcnkg.mp4,1,0.1903306
/home/tianlong/Downloads//test/occelhylxf.mp4,1,0.4817663
/home/tianlong/Downloads//test/uqntkvpntd.mp4,1,0.9882126
/home/tianlong/Downloads//test/iatevqworc.mp4,1,0.4263869
/home/tianlong/Downloads//test/xzsmgydcub.mp4,1,0.9999801
/home/tianlong/Downloads//test/qbffpkpmkf.mp4,1,0.999942
/home/tianlong/Downloads//test/pzbpgfmroj.mp4,1,0.9814784
/home/tianlong/Downloads//test/oundixpyst.mp4,1,0.999794
/home/tianlong/Downloads//test/hnxhwfttpy.mp4,1,0.9475523
/home/tianlong/Downloads//test/rdjwlvvwtv.mp4,1,0.9933969
/home/tianlong/Downloads//test/tcmstiljkk.mp4,1,0.7327449
/home/tianlong/Downloads//test/qbfdtumuct.mp4,1,0.92257816
/home/tianlong/Downloads//test/mxnquwuszt.mp4,1,0.72417146
/home/tianlong/Downloads//test/sjooumwlzb.mp4,1,0.81011117
/home/tianlong/Downloads//test/twhwouycfg.mp4,1,0.8033069
/home/tianlong/Downloads//test/wytpaehszj.mp4,1,0.794196
/home/tianlong/Downloads//test/srtwhbzzlr.mp4,1,0.9765169
/home/tianlong/Downloads//test/jqjfpkuckf.mp4,1,0.16070071
/home/tianlong/Downloads//test/yxjjfaekev.mp4,1,0.56616914
/home/tianlong/Downloads//test/cyokqrzbol.mp4,1,0.99992406
/home/tianlong/Downloads//test/mtilpvablx.mp4,1,0.9893373
/home/tianlong/Downloads//test/njwsmltmvb.mp4,1,0.9203269
/home/tianlong/Downloads//test/xkksfulade.mp4,1,0.8961655
/home/tianlong/Downloads//test/dtfgsvfmjq.mp4,1,0.9885391
/home/tianlong/Downloads//test/onaewxqqkd.mp4,1,0.335775
/home/tianlong/Downloads//test/pazpnfrbbc.mp4,1,0.6944121
/home/tianlong/Downloads//test/kgowzoxjfq.mp4,1,0.20221436
/home/tianlong/Downloads//test/ltdwtgrads.mp4,1,0.9735052
/home/tianlong/Downloads//test/znistrajpw.mp4,1,0.98926497
/home/tianlong/Downloads//test/yfhzmfhojv.mp4,1,0.9572096
/home/tianlong/Downloads//test/spkorcenyh.mp4,1,0.9557134
/home/tianlong/Downloads//test/axopbbxwzr.mp4,1,0.5937997
/home/tianlong/Downloads//test/hxrruqinnh.mp4,1,0.97997934
/home/tianlong/Downloads//test/tkaybnjwhg.mp4,1,0.9999585
/home/tianlong/Downloads//test/lhwwhjhyqx.mp4,1,0.99047506
/home/tianlong/Downloads//test/btxjufhiaz.mp4,1,0.9963974
/home/tianlong/Downloads//test/dnhaskulaj.mp4,1,0.9999994
/home/tianlong/Downloads//test/vxqofldgze.mp4,1,0.85567665
/home/tianlong/Downloads//test/ddjzmyabyu.mp4,1,0.9987546
/home/tianlong/Downloads//test/mgahaaogif.mp4,1,0.9999962
/home/tianlong/Downloads//test/ktmdpragph.mp4,1,0.9989482
/home/tianlong/Downloads//test/xazdhdnwhh.mp4,1,0.9593829
/home/tianlong/Downloads//test/qnslgeajnt.mp4,1,0.98854256
/home/tianlong/Downloads//test/sivrgbsaog.mp4,1,0.48278975
/home/tianlong/Downloads//test/uzmuovkewv.mp4,1,0.99978465
/home/tianlong/Downloads//test/tvazrcdkpq.mp4,1,0.8074727
/home/tianlong/Downloads//test/jbatiwjmzh.mp4,1,0.9213661
/home/tianlong/Downloads//test/hmiylncrva.mp4,1,0.96466124
/home/tianlong/Downloads//test/uxkojffbsr.mp4,1,0.4242444
/home/tianlong/Downloads//test/crbcrxqftw.mp4,1,0.93095446
/home/tianlong/Downloads//test/yermnsnlgf.mp4,1,0.9999628
/home/tianlong/Downloads//test/gipcvghjiy.mp4,1,0.84368116
/home/tianlong/Downloads//test/iwcfxyoimw.mp4,1,0.96004164
/home/tianlong/Downloads//test/kozaofkgvk.mp4,1,0.869393
/home/tianlong/Downloads//test/xlgevjtsog.mp4,1,0.99774665
/home/tianlong/Downloads//test/bpjkimtqtz.mp4,1,0.98042357
/home/tianlong/Downloads//test/pdnwaekrtn.mp4,1,0.99906147
/home/tianlong/Downloads//test/toxsrzsksc.mp4,1,0.9202614
/home/tianlong/Downloads//test/oejfypsbfh.mp4,1,0.26295972
/home/tianlong/Downloads//test/hwyuwbnszo.mp4,1,0.9821779
/home/tianlong/Downloads//test/acgyspwyqr.mp4,1,0.69169605
/home/tianlong/Downloads//test/oitcqmvnsa.mp4,1,0.9982794
/home/tianlong/Downloads//test/pdqqkuclvd.mp4,1,0.99580556
/home/tianlong/Downloads//test/slsyjvgfpu.mp4,1,0.53445005
/home/tianlong/Downloads//test/xmdfnldfyc.mp4,1,0.99997264
/home/tianlong/Downloads//test/ynkzlkahux.mp4,1,0.81607836
/home/tianlong/Downloads//test/szjbkskyph.mp4,1,0.99998426
/home/tianlong/Downloads//test/yyiiywtiry.mp4,1,0.8206398
/home/tianlong/Downloads//test/crvotfojeq.mp4,1,0.68214244
/home/tianlong/Downloads//test/rsqblsfgli.mp4,1,0.99861175
/home/tianlong/Downloads//test/becqadbtkb.mp4,1,0.9782513
/home/tianlong/Downloads//test/afqaubpglg.mp4,1,0.61223376
/home/tianlong/Downloads//test/pwplooonzr.mp4,1,0.9988595
/home/tianlong/Downloads//test/vjegxiyvla.mp4,1,0.5359919
/home/tianlong/Downloads//test/jbwtbfbdko.mp4,1,0.9999441
/home/tianlong/Downloads//test/toggbitvfd.mp4,1,0.86556834
/home/tianlong/Downloads//test/xpfhawmzbe.mp4,1,0.6528703
/home/tianlong/Downloads//test/kjwdinzplo.mp4,1,0.9992148
/home/tianlong/Downloads//test/jrkdzpijpb.mp4,1,0.8957508
/home/tianlong/Downloads//test/lbnuxynggy.mp4,1,0.9929407
/home/tianlong/Downloads//test/iorrylopzn.mp4,1,0.9999957
/home/tianlong/Downloads//test/yasxapunrf.mp4,1,0.3610248
/home/tianlong/Downloads//test/suohrphvbe.mp4,1,0.30020976
/home/tianlong/Downloads//test/salsuwvckq.mp4,1,0.9989935
/home/tianlong/Downloads//test/eclnowceyi.mp4,1,0.9941287
/home/tianlong/Downloads//test/wvtymfvbwq.mp4,1,0.5618106
/home/tianlong/Downloads//test/rsjhmrvdwg.mp4,1,0.95371133
/home/tianlong/Downloads//test/qtvhpmoukj.mp4,1,0.9998557
/home/tianlong/Downloads//test/svqkfjfucw.mp4,1,0.9998412
/home/tianlong/Downloads//test/jdlqmnhuix.mp4,1,0.31143123
/home/tianlong/Downloads//test/ltmkgkppwx.mp4,1,0.9988651
/home/tianlong/Downloads//test/zaoyocjkgw.mp4,1,0.99050695
/home/tianlong/Downloads//test/vgrhobnbfo.mp4,1,0.99953574
/home/tianlong/Downloads//test/eeeuzozcdc.mp4,1,0.63996154
/home/tianlong/Downloads//test/ikgxqbhmlv.mp4,1,0.99989617
/home/tianlong/Downloads//test/zyeakowujw.mp4,1,0.9999855
/home/tianlong/Downloads//test/uerapqglmr.mp4,1,0.8366486
/home/tianlong/Downloads//test/fmuncwjpej.mp4,1,0.99962866
/home/tianlong/Downloads//test/xllzvdxwiv.mp4,1,0.22052686
/home/tianlong/Downloads//test/giuymhlbyo.mp4,1,0.999413
/home/tianlong/Downloads//test/bubbmjnmge.mp4,1,0.99805814
/home/tianlong/Downloads//test/qwqefbalkv.mp4,1,0.99529856
/home/tianlong/Downloads//test/aupsxowdcp.mp4,1,0.005683856
/home/tianlong/Downloads//test/apjovfzzft.mp4,1,0.41831264
/home/tianlong/Downloads//test/yjbnaqwxyf.mp4,1,0.82093096
/home/tianlong/Downloads//test/dajlkmlvch.mp4,1,0.9995745
/home/tianlong/Downloads//test/egwzzhemvk.mp4,1,0.999757
/home/tianlong/Downloads//test/vlhrgeyvqy.mp4,1,0.70368874
/home/tianlong/Downloads//test/vpolvvzwsw.mp4,1,0.997742
/home/tianlong/Downloads//test/ddkcxrncmq.mp4,1,0.99985373
/home/tianlong/Downloads//test/fncnobpzzx.mp4,1,0.994074
/home/tianlong/Downloads//test/lhayhvqjmg.mp4,1,0.71526605
/home/tianlong/Downloads//test/yboofyemks.mp4,1,0.8922793
/home/tianlong/Downloads//test/wzkovvmdkq.mp4,1,0.16783862
/home/tianlong/Downloads//test/axxldpmbat.mp4,1,0.7490693
/home/tianlong/Downloads//test/piovymzozl.mp4,1,0.36397725
/home/tianlong/Downloads//test/ymjrnwsjxt.mp4,1,0.9960369
/home/tianlong/Downloads//test/jfxroglrst.mp4,1,0.741826
/home/tianlong/Downloads//test/qzyaijdbfe.mp4,1,0.9951255
/home/tianlong/Downloads//test/gzwzxbtkpd.mp4,1,0.9999833
/home/tianlong/Downloads//test/bgssriyozb.mp4,1,0.5975152
/home/tianlong/Downloads//test/wqtraebanl.mp4,1,0.6256974
/home/tianlong/Downloads//test/lovkthgavz.mp4,1,0.5868822
/home/tianlong/Downloads//test/vpgjaoyvir.mp4,1,0.9996516
/home/tianlong/Downloads//test/btlqqvfuck.mp4,1,0.06459057
/home/tianlong/Downloads//test/zzxidpsxmv.mp4,1,0.69563776
/home/tianlong/Downloads//test/qzuhjrhozy.mp4,1,0.71260524
/home/tianlong/Downloads//test/rtuaxyuvqs.mp4,1,0.99896306
/home/tianlong/Downloads//test/vybbullejj.mp4,1,0.9522149
/home/tianlong/Downloads//test/lblweiecpx.mp4,1,0.24082966
/home/tianlong/Downloads//test/qkchcuiljp.mp4,1,0.96454304
/home/tianlong/Downloads//test/roivdutkrz.mp4,1,0.9992224
/home/tianlong/Downloads//test/rziziscker.mp4,1,0.87847316
/home/tianlong/Downloads//test/zsdmgllhck.mp4,1,0.9999725
/home/tianlong/Downloads//test/kpkzqbpivj.mp4,1,0.8339757
/home/tianlong/Downloads//test/tgkjhdyxww.mp4,1,0.97350883
/home/tianlong/Downloads//test/zubaiztkag.mp4,1,0.9980444
/home/tianlong/Downloads//test/figxvsdmsb.mp4,1,0.19705097
/home/tianlong/Downloads//test/enzlliylet.mp4,1,0.99826205
/home/tianlong/Downloads//test/acekgkqgdg.mp4,1,0.83042926
/home/tianlong/Downloads//test/ljrikjsgis.mp4,1,0.64266044
/home/tianlong/Downloads//test/vawotznxqn.mp4,1,0.4381911
/home/tianlong/Downloads//test/jsqtbnxnpb.mp4,1,0.9459427
/home/tianlong/Downloads//test/yibeqxcadd.mp4,1,0.99971515
/home/tianlong/Downloads//test/zvgekhyszq.mp4,1,0.84682816
/home/tianlong/Downloads//test/luisdnrumh.mp4,1,0.9998499
/home/tianlong/Downloads//test/xffjesgeey.mp4,1,0.8147504
/home/tianlong/Downloads//test/haesrhzukc.mp4,1,0.9995492
/home/tianlong/Downloads//test/uwccodyhgh.mp4,1,0.9442607
/home/tianlong/Downloads//test/msdtzpmmae.mp4,1,0.99982405
/home/tianlong/Downloads//test/zgiypcmpic.mp4,1,0.7325736
/home/tianlong/Downloads//test/olkcmrmvbh.mp4,1,0.92799014
/home/tianlong/Downloads//test/kiffbbtjfe.mp4,1,0.9998452
/home/tianlong/Downloads//test/junzzlnlfw.mp4,1,0.6185595
/home/tianlong/Downloads//test/qkgicklwyn.mp4,1,0.28312445
/home/tianlong/Downloads//test/wluigkzjdl.mp4,1,0.99976444
/home/tianlong/Downloads//test/rsnrcisldc.mp4,1,0.7989062
/home/tianlong/Downloads//test/asiuftijhs.mp4,1,0.8880976
/home/tianlong/Downloads//test/yjloopcthi.mp4,1,0.18459748
/home/tianlong/Downloads//test/tzzwqaxtrk.mp4,1,0.9999148
/home/tianlong/Downloads//test/tmfvsxrxnk.mp4,1,0.8004224
/home/tianlong/Downloads//test/dlsdmdraln.mp4,1,0.00018291792
/home/tianlong/Downloads//test/rkygzeyegz.mp4,1,0.9960747
/home/tianlong/Downloads//test/truremwrti.mp4,1,0.7341876
/home/tianlong/Downloads//test/depcrcqwai.mp4,1,0.5087397
/home/tianlong/Downloads//test/jovohczybs.mp4,1,0.5374676
/home/tianlong/Downloads//test/udcpjfvqro.mp4,1,0.81502104
/home/tianlong/Downloads//test/yxlkovjssa.mp4,1,0.99999857
/home/tianlong/Downloads//test/trltdpitif.mp4,1,0.99455136
/home/tianlong/Downloads//test/hwufwjdaai.mp4,1,0.8072551
/home/tianlong/Downloads//test/vgfxjwupga.mp4,1,0.99989766
/home/tianlong/Downloads//test/jejjcsijvc.mp4,1,0.445935
/home/tianlong/Downloads//test/yjpfhrfyfn.mp4,1,0.6346392
/home/tianlong/Downloads//test/izyqqybmcq.mp4,1,0.81461746
/home/tianlong/Downloads//test/xjnflcfxhn.mp4,1,0.9990813
/home/tianlong/Downloads//test/zidsbdilrm.mp4,1,0.44939917
/home/tianlong/Downloads//test/lepqvhstws.mp4,1,0.9126007
/home/tianlong/Downloads//test/eabghyltka.mp4,1,0.837056
/home/tianlong/Downloads//test/qxgwcsugvd.mp4,1,0.9978592
/home/tianlong/Downloads//test/oitqddnspw.mp4,1,0.9999019
/home/tianlong/Downloads//test/jiddesrgoi.mp4,1,0.99998
/home/tianlong/Downloads//test/whsqzlklam.mp4,1,0.99930286
/home/tianlong/Downloads//test/hwspklkjol.mp4,1,0.72911835
/home/tianlong/Downloads//test/mgxdtegobh.mp4,1,0.5785431
/home/tianlong/Downloads//test/dkvxzocpnx.mp4,1,0.9999634
/home/tianlong/Downloads//test/zxjiwvyzbs.mp4,1,0.9832427
/home/tianlong/Downloads//test/qysxqoredd.mp4,1,0.75812066
/home/tianlong/Downloads//test/angqjpzdts.mp4,1,0.99990976
/home/tianlong/Downloads//test/slbhiftdwk.mp4,1,0.5716748
/home/tianlong/Downloads//test/ctsjalmkpx.mp4,1,0.99969447
/home/tianlong/Downloads//test/jrwqouwlzc.mp4,1,0.96689606
/home/tianlong/Downloads//test/vcqcervdzi.mp4,1,0.9869251
/home/tianlong/Downloads//test/mxczokbutl.mp4,1,0.9863926
/home/tianlong/Downloads//test/qawqquinvi.mp4,1,0.9808203
/home/tianlong/Downloads//test/cqiyijvrcj.mp4,1,0.97125673
/home/tianlong/Downloads//test/wypdykzzma.mp4,1,0.48667097
/home/tianlong/Downloads//test/zdurkznxhi.mp4,1,0.998108
/home/tianlong/Downloads//test/llwjpzzrur.mp4,1,0.98673314
/home/tianlong/Downloads//test/stmqpsakem.mp4,1,0.3916958
/home/tianlong/Downloads//test/hqfxruqynj.mp4,1,0.9999334
/home/tianlong/Downloads//test/cotxffvovx.mp4,1,0.99997795
/home/tianlong/Downloads//test/yiwyejujhz.mp4,1,0.9987303
/home/tianlong/Downloads//test/azkhkminwu.mp4,1,0.9984883
/home/tianlong/Downloads//test/yoicqcpxgm.mp4,1,0.99909794
/home/tianlong/Downloads//test/kcpamicxjs.mp4,1,0.27414227
/home/tianlong/Downloads//test/mbnvlpwewk.mp4,1,0.93328124
/home/tianlong/Downloads//test/wjqdwzowcg.mp4,1,0.4354802
/home/tianlong/Downloads//test/vqtspwkgwe.mp4,1,0.6099917
/home/tianlong/Downloads//test/rurhyzsnyi.mp4,1,0.7441427
/home/tianlong/Downloads//test/sipuxpudya.mp4,1,0.33432847
/home/tianlong/Downloads//test/scchmtbzar.mp4,1,0.9999792
/home/tianlong/Downloads//test/qyhlzalxzm.mp4,1,0.6845819
/home/tianlong/Downloads//test/ektrtuwidv.mp4,1,0.9307588
/home/tianlong/Downloads//test/scbfkrlytb.mp4,1,0.8011473
/home/tianlong/Downloads//test/kxnsmwhqtl.mp4,1,0.26719594
/home/tianlong/Downloads//test/fiayeurvwb.mp4,1,0.86665124
/home/tianlong/Downloads//test/xpuntxtdbs.mp4,1,0.707067
/home/tianlong/Downloads//test/edvyxmzpoy.mp4,1,0.76125807
/home/tianlong/Downloads//test/thnywrwayf.mp4,1,0.94639844
/home/tianlong/Downloads//test/xojauzdavy.mp4,1,0.35134977
/home/tianlong/Downloads//test/kaajaxzivt.mp4,1,0.7049401
/home/tianlong/Downloads//test/fmvdkhucsz.mp4,1,0.6265396
/home/tianlong/Downloads//test/mdkqmouddq.mp4,1,0.18342015
/home/tianlong/Downloads//test/ehtvcnlsfl.mp4,1,0.9939035
/home/tianlong/Downloads//test/iizsrcugyd.mp4,1,0.9683918
/home/tianlong/Downloads//test/hurlxdpsxl.mp4,1,0.9628723
/home/tianlong/Downloads//test/rvfhfbutlx.mp4,1,0.9946412
/home/tianlong/Downloads//test/ycxkcnwrbw.mp4,1,0.9541793
/home/tianlong/Downloads//test/jrmgqzgcmj.mp4,1,0.9578284
/home/tianlong/Downloads//test/cinrseylyp.mp4,1,0.9726392
/home/tianlong/Downloads//test/uhvmrfksax.mp4,1,0.7435438
/home/tianlong/Downloads//test/djjdzsivvi.mp4,1,0.99998915
/home/tianlong/Downloads//test/pmulgdcejl.mp4,1,0.9980098
/home/tianlong/Downloads//test/ngvbaolyub.mp4,1,0.99986076
/home/tianlong/Downloads//test/kpyyjmxmoj.mp4,1,0.9998766
/home/tianlong/Downloads//test/xhizcimlzp.mp4,1,0.98084867
/home/tianlong/Downloads//test/ulygywporv.mp4,1,0.7257739
/home/tianlong/Downloads//test/psunkvudmg.mp4,1,0.9999787
/home/tianlong/Downloads//test/ctarrlrgdy.mp4,1,0.87046546
/home/tianlong/Downloads//test/hdzygqltzu.mp4,1,0.97108203
/home/tianlong/Downloads//test/rvtfddfweu.mp4,1,0.8271057
/home/tianlong/Downloads//test/kaeouvuasm.mp4,1,0.44673067
/home/tianlong/Downloads//test/rzivzpozjr.mp4,1,0.9999239
/home/tianlong/Downloads//test/stfqbsbvfy.mp4,1,0.99132097
/home/tianlong/Downloads//test/qbhoufagsa.mp4,1,0.934927
/home/tianlong/Downloads//test/xycfzkbnhy.mp4,1,0.7124249
/home/tianlong/Downloads//test/zudnvkagjk.mp4,1,0.9999407
/home/tianlong/Downloads//test/feaqnlczwc.mp4,1,0.799729
/home/tianlong/Downloads//test/rqviqcsbzw.mp4,1,0.9456173
/home/tianlong/Downloads//test/dhfcwchsir.mp4,1,0.96581525
/home/tianlong/Downloads//test/cglpyitrzw.mp4,1,0.19695874
/home/tianlong/Downloads//test/yjypqyrhyi.mp4,1,0.99690706
/home/tianlong/Downloads//test/fokuimoqkh.mp4,1,0.96840477
/home/tianlong/Downloads//test/xzouvgiqha.mp4,1,0.9629261
/home/tianlong/Downloads//test/qyjbhkeqes.mp4,1,0.844519
/home/tianlong/Downloads//test/phngwcpbqw.mp4,1,0.20860083
/home/tianlong/Downloads//test/rjcjcdkzkw.mp4,1,0.3033048
/home/tianlong/Downloads//test/legilvljip.mp4,1,0.9999073
/home/tianlong/Downloads//test/bukegrztbb.mp4,1,0.9998458
/home/tianlong/Downloads//test/yvaxmtbtgx.mp4,1,0.99963415
/home/tianlong/Downloads//test/saljlsmnet.mp4,1,0.9697105
/home/tianlong/Downloads//test/ezupajzwdl.mp4,1,0.9973909
/home/tianlong/Downloads//test/xeszevnech.mp4,1,0.79323053
/home/tianlong/Downloads//test/fbqwomdehr.mp4,1,0.04040577
/home/tianlong/Downloads//test/itdywxjknn.mp4,1,0.55078757
/home/tianlong/Downloads//test/zwupuzlefv.mp4,1,0.99998707
/home/tianlong/Downloads//test/qcrofjquht.mp4,1,0.7261143
/home/tianlong/Downloads//test/jblkcfejih.mp4,1,0.9937409
/home/tianlong/Downloads//test/howruupkxw.mp4,1,0.99961615
/home/tianlong/Downloads//test/xslxboadvn.mp4,1,0.922654
/home/tianlong/Downloads//test/rzykslnkdi.mp4,1,0.98405254
/home/tianlong/Downloads//test/govjvzfbcj.mp4,1,0.8457816
/home/tianlong/Downloads//test/fwbvksfidm.mp4,1,0.80507994
/home/tianlong/Downloads//test/khokwspqph.mp4,1,0.81408614
/home/tianlong/Downloads//test/sslrtrxyaj.mp4,1,0.90129375
/home/tianlong/Downloads//test/zdmknyhzoo.mp4,1,0.9999592
/home/tianlong/Downloads//test/rzjpckpslj.mp4,1,0.9558479
/home/tianlong/Downloads//test/pscilvlcfe.mp4,1,0.993375
/home/tianlong/Downloads//test/rlwkdhgoqw.mp4,1,0.67980516
/home/tianlong/Downloads//test/cmpkopoabr.mp4,1,0.96136427
/home/tianlong/Downloads//test/dbljnexmlf.mp4,1,0.99683744
/home/tianlong/Downloads//test/atfuphvjft.mp4,1,0.7978757
/home/tianlong/Downloads//test/zdldobedod.mp4,1,0.7621822
/home/tianlong/Downloads//test/iknfqmugud.mp4,1,0.9545208
/home/tianlong/Downloads//test/whusuiiqmt.mp4,1,0.15891638
/home/tianlong/Downloads//test/ksrnzzbcsz.mp4,1,0.68914294
/home/tianlong/Downloads//test/xxhuecshhw.mp4,1,0.27024406
/home/tianlong/Downloads//test/okmlcbefeu.mp4,1,0.74497414
/home/tianlong/Downloads//test/xryrhuskyd.mp4,1,0.6391152
/home/tianlong/Downloads//test/wevygelkrl.mp4,1,0.04229755
/home/tianlong/Downloads//test/rdpausigpg.mp4,1,0.9569542
/home/tianlong/Downloads//test/fdziwiuoer.mp4,1,0.9992024
/home/tianlong/Downloads//test/kykmrtoitd.mp4,1,0.79860634
/home/tianlong/Downloads//test/eacsjvcmlp.mp4,1,0.9995142
/home/tianlong/Downloads//test/asvuutypvz.mp4,1,0.6093485
/home/tianlong/Downloads//test/nucqorkejg.mp4,1,0.99977136
/home/tianlong/Downloads//test/ctpexqamtx.mp4,1,0.99880904
/home/tianlong/Downloads//test/vnsxdkjjtk.mp4,1,0.9981879
/home/tianlong/Downloads//test/cktsyobheu.mp4,1,0.20326188
/home/tianlong/Downloads//test/kccicuhxgk.mp4,1,0.9996563
/home/tianlong/Downloads//test/qckjihxoze.mp4,1,0.99859965
/home/tianlong/Downloads//test/gvqtnedfso.mp4,1,0.5553266
/home/tianlong/Downloads//test/ajxkvlpgov.mp4,1,0.6822618
/home/tianlong/Downloads//test/srlilcjhaf.mp4,1,0.22673514
/home/tianlong/Downloads//test/qfjxksudna.mp4,1,0.90830183
/home/tianlong/Downloads//test/hstvglyexy.mp4,1,0.2282285
/home/tianlong/Downloads//test/jyyvhnsyys.mp4,1,0.9857193
/home/tianlong/Downloads//test/whxqigkgyk.mp4,1,0.99996793
/home/tianlong/Downloads//test/mqzrlecakr.mp4,1,0.6203788
/home/tianlong/Downloads//test/aeplbqxnge.mp4,1,0.96029013
/home/tianlong/Downloads//test/inwaznexiv.mp4,1,0.9999814
/home/tianlong/Downloads//test/anfupdhmyr.mp4,1,0.070642605
/home/tianlong/Downloads//test/wbvlgevkmb.mp4,1,0.99880123
/home/tianlong/Downloads//test/uiykwgaarz.mp4,1,0.9988899
/home/tianlong/Downloads//test/nvarnevska.mp4,1,0.97574246
/home/tianlong/Downloads//test/ooczenomzk.mp4,1,0.50878465
/home/tianlong/Downloads//test/qtjuhlppot.mp4,1,0.6048582
/home/tianlong/Downloads//test/drqtyzvhdd.mp4,1,0.5372494
/home/tianlong/Downloads//test/ytljvippwv.mp4,1,0.9905488
/home/tianlong/Downloads//test/skrqoagxle.mp4,1,0.99834347
/home/tianlong/Downloads//test/shwkznunyp.mp4,1,0.99999225
/home/tianlong/Downloads//test/tlsoagxovk.mp4,1,0.042110708
/home/tianlong/Downloads//test/enpshnkugu.mp4,1,0.97042084
/home/tianlong/Downloads//test/vitjdpnfpi.mp4,1,0.5369936
/home/tianlong/Downloads//test/jovrnujurf.mp4,1,0.99902743
/home/tianlong/Downloads//test/sbwemwjlsl.mp4,1,0.99328405
/home/tianlong/Downloads//test/uclzxnftij.mp4,1,0.99921006
/home/tianlong/Downloads//test/sdqjjttckw.mp4,1,0.89164364
/home/tianlong/Downloads//test/wtmggpeiom.mp4,1,0.99816304
