Video,Label,Prediction
/home/tianlong/Downloads/dftimit/DeepfakeTIMIT/dftimitreal/fkms0/video/head2/13.avi,0,0.12575236
/home/tianlong/Downloads/dftimit/DeepfakeTIMIT/dftimitreal/mabw0/video/si1664/31.avi,0,0.00097455696
/home/tianlong/Downloads/dftimit/DeepfakeTIMIT/dftimitreal/mabw0/video/sx404/36.avi,0,0.00246805
/home/tianlong/Downloads/dftimit/DeepfakeTIMIT/dftimitreal/fjwb0/video/sx275/50.avi,0,0.02282677
/home/tianlong/Downloads/dftimit/DeepfakeTIMIT/dftimitreal/fedw0/video/sa1/73.avi,0,0.10694105
/home/tianlong/Downloads/dftimit/DeepfakeTIMIT/dftimitreal/fedw0/video/head3/80.avi,0,0.21653308
/home/tianlong/Downloads/dftimit/DeepfakeTIMIT/dftimitreal/fedw0/video/si1653/81.avi,0,0.14999579
/home/tianlong/Downloads/dftimit/DeepfakeTIMIT/dftimitreal/mtas1/video/sa2/93.avi,0,0.009609678
/home/tianlong/Downloads/dftimit/DeepfakeTIMIT/dftimitreal/mtas1/video/head2/96.avi,0,0.09882245
/home/tianlong/Downloads/dftimit/DeepfakeTIMIT/dftimitreal/mdbb0/video/sx205/109.avi,0,0.19274604
/home/tianlong/Downloads/dftimit/DeepfakeTIMIT/dftimitreal/mbjk0/video/sx5/145.avi,0,0.20936596
/home/tianlong/Downloads/dftimit/DeepfakeTIMIT/dftimitreal/mwbt0/video/head2/166.avi,0,0.12893768
/home/tianlong/Downloads/dftimit/DeepfakeTIMIT/dftimitreal/mcem0/video/si2028/174.avi,0,0.016160367
/home/tianlong/Downloads/dftimit/DeepfakeTIMIT/dftimitreal/mcem0/video/head2/180.avi,0,0.12096468
/home/tianlong/Downloads/dftimit/DeepfakeTIMIT/dftimitreal/mpdf0/video/si912/199.avi,0,0.0013511488
/home/tianlong/Downloads/dftimit/DeepfakeTIMIT/dftimitreal/mpdf0/video/sa2/203.avi,0,0.0007416859
/home/tianlong/Downloads/dftimit/DeepfakeTIMIT/dftimitreal/mtmr0/video/sx43/213.avi,0,0.030994223
/home/tianlong/Downloads/dftimit/DeepfakeTIMIT/dftimitreal/mdab0/video/sx319/225.avi,0,0.008980678
/home/tianlong/Downloads/dftimit/DeepfakeTIMIT/dftimitreal/mrgg0/video/sa1/239.avi,0,0.07706658
/home/tianlong/Downloads/dftimit/DeepfakeTIMIT/dftimitreal/mrgg0/video/si569/240.avi,0,0.044812042
/home/tianlong/Downloads/dftimit/DeepfakeTIMIT/dftimitreal/mrgg0/video/head2/251.avi,0,0.15505211
/home/tianlong/Downloads/dftimit/DeepfakeTIMIT/dftimitreal/fjem0/video/sx274/260.avi,0,0.010110681
/home/tianlong/Downloads/dftimit/DeepfakeTIMIT/dftimitreal/fcmr0/video/head/285.avi,0,0.40389255
/home/tianlong/Downloads/dftimit/DeepfakeTIMIT/dftimitreal/mmdm2/video/head/302.avi,0,0.1175145
/home/tianlong/Downloads/dftimit/DeepfakeTIMIT/dftimitreal/mccs0/video/si1469/310.avi,0,0.0024273286
/home/tianlong/Downloads/dftimit/DeepfakeTIMIT/dftimitreal/mccs0/video/head2/320.avi,0,0.061315287
/home/tianlong/Downloads/dftimit/DeepfakeTIMIT/dftimitreal/mgwt0/video/head/328.avi,0,0.10886472
/home/tianlong/Downloads/dftimit/DeepfakeTIMIT/dftimitreal/mgwt0/video/si1539/331.avi,0,0.0024167157
/home/tianlong/Downloads/dftimit/DeepfakeTIMIT/dftimitreal/fpkt0/video/sx8/338.avi,0,0.0033742292
/home/tianlong/Downloads/dftimit/DeepfakeTIMIT/dftimitreal/fpkt0/video/sa2/345.avi,0,0.0096618775
/home/tianlong/Downloads/dftimit/DeepfakeTIMIT/dftimitreal/fcmh0/video/si2084/356.avi,0,0.12785928
/home/tianlong/Downloads/dftimit/DeepfakeTIMIT/dftimitreal/fram1/video/si1360/367.avi,0,0.0009705013
/home/tianlong/Downloads/dftimit/DeepfakeTIMIT/dftimitreal/fram1/video/si730/372.avi,0,0.0033112091
/home/tianlong/Downloads/dftimit/DeepfakeTIMIT/dftimitreal/fgjd0/video/sa2/386.avi,0,0.014223382
/home/tianlong/Downloads/dftimit/DeepfakeTIMIT/dftimitreal/fcrh0/video/sa1/393.avi,0,0.02774086
/home/tianlong/Downloads/dftimit/DeepfakeTIMIT/dftimitreal/fcrh0/video/sa2/399.avi,0,0.023887105
/home/tianlong/Downloads/dftimit/DeepfakeTIMIT/dftimitreal/fcrh0/video/si458/404.avi,0,0.032303415
/home/tianlong/Downloads/dftimit/DeepfakeTIMIT/dftimitreal/fjre0/video/sa1/407.avi,0,0.014230002
/home/tianlong/Downloads/dftimit/DeepfakeTIMIT/dftimitreal/fjre0/video/sx36/416.avi,0,0.005986355
/home/tianlong/Downloads/dftimit/DeepfakeTIMIT/dftimitreal/fjre0/video/sx306/417.avi,0,0.0015645722
/home/tianlong/Downloads/dftimit/DeepfakeTIMIT/dftimitreal/fadg0/video/sa1/421.avi,0,0.06794002
/home/tianlong/Downloads/dftimit/DeepfakeTIMIT/dftimitreal/fadg0/video/sx289/422.avi,0,0.08783731
/home/tianlong/Downloads/dftimit/DeepfakeTIMIT/dftimitreal/fadg0/video/head2/430.avi,0,0.052390207
/home/tianlong/Downloads/dftimit/DeepfakeTIMIT/dftimitreal/mreb0/video/si1375/436.avi,0,0.064241715
/home/tianlong/Downloads/dftimit/DeepfakeTIMIT/dftimitreal/mreb0/video/sx115/437.avi,0,0.034013744
/home/tianlong/Downloads/dftimit/DeepfakeTIMIT/dftimitreal/mreb0/video/si2005/443.avi,0,0.039701242
/home/tianlong/Downloads/dftimit/DeepfakeTIMIT/dftimitreal/mmdb1/video/sx5/454.avi,0,0.045244858
/home/tianlong/Downloads/dftimit/DeepfakeTIMIT/dftimitreal/mmdb1/video/sx185/461.avi,0,0.09376055
/home/tianlong/Downloads/dftimit/DeepfakeTIMIT/dftimitreal/fdac1/video/head2/473.avi,0,0.08887071
/home/tianlong/Downloads/dftimit/DeepfakeTIMIT/dftimitreal/fdac1/video/sx34/475.avi,0,0.0014618937
/home/tianlong/Downloads/dftimit/DeepfakeTIMIT/dftimitreal/mrcz0/video/si1541/486.avi,0,0.03837345
/home/tianlong/Downloads/dftimit/DeepfakeTIMIT/dftimitreal/mrcz0/video/head2/488.avi,0,0.075990796
/home/tianlong/Downloads/dftimit/DeepfakeTIMIT/dftimitreal/mstk0/video/head/507.avi,0,0.1235959
/home/tianlong/Downloads/dftimit/DeepfakeTIMIT/dftimitreal/mstk0/video/head3/514.avi,0,0.16396986
/home/tianlong/Downloads/dftimit/DeepfakeTIMIT/dftimitreal/faks0/video/sx223/525.avi,0,0.0041870154
/home/tianlong/Downloads/dftimit/DeepfakeTIMIT/dftimitreal/mdld0/video/sx283/535.avi,0,0.0040660533
/home/tianlong/Downloads/dftimit/DeepfakeTIMIT/dftimitreal/mdld0/video/head3/540.avi,0,0.14712442
/home/tianlong/Downloads/dftimit/DeepfakeTIMIT/dftimitreal/fdrd1/video/head3/572.avi,0,0.15064426
/home/tianlong/Downloads/dftimit/DeepfakeTIMIT/dftimitreal/fdrd1/video/head2/573.avi,0,0.1375776
/home/tianlong/Downloads/dftimit/DeepfakeTIMIT/dftimitreal/mrjo0/video/sx14/583.avi,0,0.032094974
/home/tianlong/Downloads/dftimit/DeepfakeTIMIT/lower_quality/fjwb0/sa1-video-fjas0.avi,1,0.802088
/home/tianlong/Downloads/dftimit/DeepfakeTIMIT/lower_quality/fjwb0/sx95-video-fjas0.avi,1,0.91734505
/home/tianlong/Downloads/dftimit/DeepfakeTIMIT/lower_quality/fjwb0/si1265-video-fjas0.avi,1,0.8903871
/home/tianlong/Downloads/dftimit/DeepfakeTIMIT/lower_quality/fjwb0/sx5-video-fjas0.avi,1,0.8614344
/home/tianlong/Downloads/dftimit/DeepfakeTIMIT/lower_quality/fjwb0/sx365-video-fjas0.avi,1,0.8695557
/home/tianlong/Downloads/dftimit/DeepfakeTIMIT/lower_quality/fjwb0/si992-video-fjas0.avi,1,0.8502634
/home/tianlong/Downloads/dftimit/DeepfakeTIMIT/lower_quality/fjwb0/sx185-video-fjas0.avi,1,0.92047375
/home/tianlong/Downloads/dftimit/DeepfakeTIMIT/lower_quality/fjwb0/sa2-video-fjas0.avi,1,0.8660152
/home/tianlong/Downloads/dftimit/DeepfakeTIMIT/lower_quality/fjwb0/si635-video-fjas0.avi,1,0.8704376
/home/tianlong/Downloads/dftimit/DeepfakeTIMIT/lower_quality/fjwb0/sx275-video-fjas0.avi,1,0.90725213
/home/tianlong/Downloads/dftimit/DeepfakeTIMIT/lower_quality/fedw0/si1714-video-faks0.avi,1,0.86429757
/home/tianlong/Downloads/dftimit/DeepfakeTIMIT/lower_quality/fedw0/si1084-video-faks0.avi,1,0.86005205
/home/tianlong/Downloads/dftimit/DeepfakeTIMIT/lower_quality/fedw0/sx4-video-faks0.avi,1,0.9053567
/home/tianlong/Downloads/dftimit/DeepfakeTIMIT/lower_quality/fedw0/si1653-video-faks0.avi,1,0.8510956
/home/tianlong/Downloads/dftimit/DeepfakeTIMIT/lower_quality/fedw0/sx274-video-faks0.avi,1,0.93733376
/home/tianlong/Downloads/dftimit/DeepfakeTIMIT/lower_quality/fedw0/sx364-video-faks0.avi,1,0.9002672
/home/tianlong/Downloads/dftimit/DeepfakeTIMIT/lower_quality/fedw0/sa1-video-faks0.avi,1,0.73779136
/home/tianlong/Downloads/dftimit/DeepfakeTIMIT/lower_quality/fedw0/sx184-video-faks0.avi,1,0.82433414
/home/tianlong/Downloads/dftimit/DeepfakeTIMIT/lower_quality/fedw0/sx94-video-faks0.avi,1,0.9458774
/home/tianlong/Downloads/dftimit/DeepfakeTIMIT/lower_quality/fedw0/sa2-video-faks0.avi,1,0.84229296
/home/tianlong/Downloads/dftimit/DeepfakeTIMIT/lower_quality/mdbb0/sx1195-video-mrcz0.avi,1,0.9886449
/home/tianlong/Downloads/dftimit/DeepfakeTIMIT/lower_quality/mdbb0/sx115-video-mrcz0.avi,1,0.9328415
/home/tianlong/Downloads/dftimit/DeepfakeTIMIT/lower_quality/mdbb0/sx205-video-mrcz0.avi,1,0.96236664
/home/tianlong/Downloads/dftimit/DeepfakeTIMIT/lower_quality/mdbb0/si1825-video-mrcz0.avi,1,0.9501345
/home/tianlong/Downloads/dftimit/DeepfakeTIMIT/lower_quality/mdbb0/sa1-video-mrcz0.avi,1,0.9766739
/home/tianlong/Downloads/dftimit/DeepfakeTIMIT/lower_quality/mdbb0/si565-video-mrcz0.avi,1,0.95541006
/home/tianlong/Downloads/dftimit/DeepfakeTIMIT/lower_quality/mdbb0/sx295-video-mrcz0.avi,1,0.98305464
/home/tianlong/Downloads/dftimit/DeepfakeTIMIT/lower_quality/mdbb0/sa2-video-mrcz0.avi,1,0.96866703
/home/tianlong/Downloads/dftimit/DeepfakeTIMIT/lower_quality/mdbb0/sx25-video-mrcz0.avi,1,0.98880893
/home/tianlong/Downloads/dftimit/DeepfakeTIMIT/lower_quality/mdbb0/sx385-video-mrcz0.avi,1,0.88384295
/home/tianlong/Downloads/dftimit/DeepfakeTIMIT/lower_quality/mrgg0/sx119-video-msjs1.avi,1,0.98519754
/home/tianlong/Downloads/dftimit/DeepfakeTIMIT/lower_quality/mrgg0/si1829-video-msjs1.avi,1,0.9691077
/home/tianlong/Downloads/dftimit/DeepfakeTIMIT/lower_quality/mrgg0/si1199-video-msjs1.avi,1,0.98279446
/home/tianlong/Downloads/dftimit/DeepfakeTIMIT/lower_quality/mrgg0/sx389-video-msjs1.avi,1,0.98271877
/home/tianlong/Downloads/dftimit/DeepfakeTIMIT/lower_quality/mrgg0/sa1-video-msjs1.avi,1,0.9898402
/home/tianlong/Downloads/dftimit/DeepfakeTIMIT/lower_quality/mrgg0/sx209-video-msjs1.avi,1,0.98455197
/home/tianlong/Downloads/dftimit/DeepfakeTIMIT/lower_quality/mrgg0/sx29-video-msjs1.avi,1,0.9807768
/home/tianlong/Downloads/dftimit/DeepfakeTIMIT/lower_quality/mrgg0/sx299-video-msjs1.avi,1,0.9806034
/home/tianlong/Downloads/dftimit/DeepfakeTIMIT/lower_quality/mrgg0/sa2-video-msjs1.avi,1,0.9876469
/home/tianlong/Downloads/dftimit/DeepfakeTIMIT/lower_quality/mrgg0/si569-video-msjs1.avi,1,0.9930473
/home/tianlong/Downloads/dftimit/DeepfakeTIMIT/lower_quality/fcmh0/sa2-video-fjre0.avi,1,0.9662942
/home/tianlong/Downloads/dftimit/DeepfakeTIMIT/lower_quality/fcmh0/si824-video-fjre0.avi,1,0.856987
/home/tianlong/Downloads/dftimit/DeepfakeTIMIT/lower_quality/fcmh0/sx14-video-fjre0.avi,1,0.86051685
/home/tianlong/Downloads/dftimit/DeepfakeTIMIT/lower_quality/fcmh0/si2084-video-fjre0.avi,1,0.90808076
/home/tianlong/Downloads/dftimit/DeepfakeTIMIT/lower_quality/fcmh0/sx104-video-fjre0.avi,1,0.90929985
/home/tianlong/Downloads/dftimit/DeepfakeTIMIT/lower_quality/fcmh0/sx194-video-fjre0.avi,1,0.8570461
/home/tianlong/Downloads/dftimit/DeepfakeTIMIT/lower_quality/fcmh0/sa1-video-fjre0.avi,1,0.9199603
/home/tianlong/Downloads/dftimit/DeepfakeTIMIT/lower_quality/fcmh0/si1454-video-fjre0.avi,1,0.8655348
/home/tianlong/Downloads/dftimit/DeepfakeTIMIT/lower_quality/fcmh0/sx284-video-fjre0.avi,1,0.8533757
/home/tianlong/Downloads/dftimit/DeepfakeTIMIT/lower_quality/fcmh0/sx374-video-fjre0.avi,1,0.81272584
/home/tianlong/Downloads/dftimit/DeepfakeTIMIT/lower_quality/mmdb1/si2255-video-mjsw0.avi,1,0.9583487
/home/tianlong/Downloads/dftimit/DeepfakeTIMIT/lower_quality/mmdb1/sx5-video-mjsw0.avi,1,0.9808733
/home/tianlong/Downloads/dftimit/DeepfakeTIMIT/lower_quality/mmdb1/sx185-video-mjsw0.avi,1,0.9033635
/home/tianlong/Downloads/dftimit/DeepfakeTIMIT/lower_quality/mmdb1/sa1-video-mjsw0.avi,1,0.9706425
/home/tianlong/Downloads/dftimit/DeepfakeTIMIT/lower_quality/mmdb1/sx275-video-mjsw0.avi,1,0.9005177
/home/tianlong/Downloads/dftimit/DeepfakeTIMIT/lower_quality/mmdb1/sx1625-video-mjsw0.avi,1,0.9596724
/home/tianlong/Downloads/dftimit/DeepfakeTIMIT/lower_quality/mmdb1/sx365-video-mjsw0.avi,1,0.90568084
/home/tianlong/Downloads/dftimit/DeepfakeTIMIT/lower_quality/mmdb1/si995-video-mjsw0.avi,1,0.942595
/home/tianlong/Downloads/dftimit/DeepfakeTIMIT/lower_quality/mmdb1/sa2-video-mjsw0.avi,1,0.9625299
/home/tianlong/Downloads/dftimit/DeepfakeTIMIT/lower_quality/mmdb1/sx95-video-mjsw0.avi,1,0.92035645
