Video,Label,Prediction
/home/tianlong/Downloads/dftimit/DeepfakeTIMIT/dftimitreal/fkms0/video/head2/13.avi,0,0.58267456
/home/tianlong/Downloads/dftimit/DeepfakeTIMIT/dftimitreal/mabw0/video/si1664/31.avi,0,0.08628433
/home/tianlong/Downloads/dftimit/DeepfakeTIMIT/dftimitreal/mabw0/video/sx404/36.avi,0,0.063386366
/home/tianlong/Downloads/dftimit/DeepfakeTIMIT/dftimitreal/fjwb0/video/sx275/50.avi,0,0.08072474
/home/tianlong/Downloads/dftimit/DeepfakeTIMIT/dftimitreal/fedw0/video/sa1/73.avi,0,0.1885256
/home/tianlong/Downloads/dftimit/DeepfakeTIMIT/dftimitreal/fedw0/video/head3/80.avi,0,0.2599971
/home/tianlong/Downloads/dftimit/DeepfakeTIMIT/dftimitreal/fedw0/video/si1653/81.avi,0,0.2674851
/home/tianlong/Downloads/dftimit/DeepfakeTIMIT/dftimitreal/mtas1/video/sa2/93.avi,0,0.6018815
/home/tianlong/Downloads/dftimit/DeepfakeTIMIT/dftimitreal/mtas1/video/head2/96.avi,0,0.5214934
/home/tianlong/Downloads/dftimit/DeepfakeTIMIT/dftimitreal/mdbb0/video/sx205/109.avi,0,0.7936166
/home/tianlong/Downloads/dftimit/DeepfakeTIMIT/dftimitreal/mbjk0/video/sx5/145.avi,0,0.3177074
/home/tianlong/Downloads/dftimit/DeepfakeTIMIT/dftimitreal/mwbt0/video/head2/166.avi,0,0.19613732
/home/tianlong/Downloads/dftimit/DeepfakeTIMIT/dftimitreal/mcem0/video/si2028/174.avi,0,0.100551605
/home/tianlong/Downloads/dftimit/DeepfakeTIMIT/dftimitreal/mcem0/video/head2/180.avi,0,0.22540446
/home/tianlong/Downloads/dftimit/DeepfakeTIMIT/dftimitreal/mpdf0/video/si912/199.avi,0,0.06964317
/home/tianlong/Downloads/dftimit/DeepfakeTIMIT/dftimitreal/mpdf0/video/sa2/203.avi,0,0.06119063
/home/tianlong/Downloads/dftimit/DeepfakeTIMIT/dftimitreal/mtmr0/video/sx43/213.avi,0,0.33648768
/home/tianlong/Downloads/dftimit/DeepfakeTIMIT/dftimitreal/mdab0/video/sx319/225.avi,0,0.031846132
/home/tianlong/Downloads/dftimit/DeepfakeTIMIT/dftimitreal/mrgg0/video/sa1/239.avi,0,0.02982171
/home/tianlong/Downloads/dftimit/DeepfakeTIMIT/dftimitreal/mrgg0/video/si569/240.avi,0,0.06812185
/home/tianlong/Downloads/dftimit/DeepfakeTIMIT/dftimitreal/mrgg0/video/head2/251.avi,0,0.118652165
/home/tianlong/Downloads/dftimit/DeepfakeTIMIT/dftimitreal/fjem0/video/sx274/260.avi,0,0.14626665
/home/tianlong/Downloads/dftimit/DeepfakeTIMIT/dftimitreal/fcmr0/video/head/285.avi,0,0.3453921
/home/tianlong/Downloads/dftimit/DeepfakeTIMIT/dftimitreal/mmdm2/video/head/302.avi,0,0.33664212
/home/tianlong/Downloads/dftimit/DeepfakeTIMIT/dftimitreal/mccs0/video/si1469/310.avi,0,0.11380056
/home/tianlong/Downloads/dftimit/DeepfakeTIMIT/dftimitreal/mccs0/video/head2/320.avi,0,0.26598296
/home/tianlong/Downloads/dftimit/DeepfakeTIMIT/dftimitreal/mgwt0/video/head/328.avi,0,0.46398136
/home/tianlong/Downloads/dftimit/DeepfakeTIMIT/dftimitreal/mgwt0/video/si1539/331.avi,0,0.7325187
/home/tianlong/Downloads/dftimit/DeepfakeTIMIT/dftimitreal/fpkt0/video/sx8/338.avi,0,0.45644084
/home/tianlong/Downloads/dftimit/DeepfakeTIMIT/dftimitreal/fpkt0/video/sa2/345.avi,0,0.20785038
/home/tianlong/Downloads/dftimit/DeepfakeTIMIT/dftimitreal/fcmh0/video/si2084/356.avi,0,0.38575172
/home/tianlong/Downloads/dftimit/DeepfakeTIMIT/dftimitreal/fram1/video/si1360/367.avi,0,0.09859452
/home/tianlong/Downloads/dftimit/DeepfakeTIMIT/dftimitreal/fram1/video/si730/372.avi,0,0.12596898
/home/tianlong/Downloads/dftimit/DeepfakeTIMIT/dftimitreal/fgjd0/video/sa2/386.avi,0,0.039880376
/home/tianlong/Downloads/dftimit/DeepfakeTIMIT/dftimitreal/fcrh0/video/sa1/393.avi,0,0.3029116
/home/tianlong/Downloads/dftimit/DeepfakeTIMIT/dftimitreal/fcrh0/video/sa2/399.avi,0,0.19796163
/home/tianlong/Downloads/dftimit/DeepfakeTIMIT/dftimitreal/fcrh0/video/si458/404.avi,0,0.2606075
/home/tianlong/Downloads/dftimit/DeepfakeTIMIT/dftimitreal/fjre0/video/sa1/407.avi,0,0.108819984
/home/tianlong/Downloads/dftimit/DeepfakeTIMIT/dftimitreal/fjre0/video/sx36/416.avi,0,0.07332867
/home/tianlong/Downloads/dftimit/DeepfakeTIMIT/dftimitreal/fjre0/video/sx306/417.avi,0,0.085906886
/home/tianlong/Downloads/dftimit/DeepfakeTIMIT/dftimitreal/fadg0/video/sa1/421.avi,0,0.07212775
/home/tianlong/Downloads/dftimit/DeepfakeTIMIT/dftimitreal/fadg0/video/sx289/422.avi,0,0.13820589
/home/tianlong/Downloads/dftimit/DeepfakeTIMIT/dftimitreal/fadg0/video/head2/430.avi,0,0.13890538
/home/tianlong/Downloads/dftimit/DeepfakeTIMIT/dftimitreal/mreb0/video/si1375/436.avi,0,0.46401298
/home/tianlong/Downloads/dftimit/DeepfakeTIMIT/dftimitreal/mreb0/video/sx115/437.avi,0,0.34533885
/home/tianlong/Downloads/dftimit/DeepfakeTIMIT/dftimitreal/mreb0/video/si2005/443.avi,0,0.43197346
/home/tianlong/Downloads/dftimit/DeepfakeTIMIT/dftimitreal/mmdb1/video/sx5/454.avi,0,0.50893265
/home/tianlong/Downloads/dftimit/DeepfakeTIMIT/dftimitreal/mmdb1/video/sx185/461.avi,0,0.3755306
/home/tianlong/Downloads/dftimit/DeepfakeTIMIT/dftimitreal/fdac1/video/head2/473.avi,0,0.4624536
/home/tianlong/Downloads/dftimit/DeepfakeTIMIT/dftimitreal/fdac1/video/sx34/475.avi,0,0.15488832
/home/tianlong/Downloads/dftimit/DeepfakeTIMIT/dftimitreal/mrcz0/video/si1541/486.avi,0,0.84210855
/home/tianlong/Downloads/dftimit/DeepfakeTIMIT/dftimitreal/mrcz0/video/head2/488.avi,0,0.52229905
/home/tianlong/Downloads/dftimit/DeepfakeTIMIT/dftimitreal/mstk0/video/head/507.avi,0,0.11967682
/home/tianlong/Downloads/dftimit/DeepfakeTIMIT/dftimitreal/mstk0/video/head3/514.avi,0,0.15914163
/home/tianlong/Downloads/dftimit/DeepfakeTIMIT/dftimitreal/faks0/video/sx223/525.avi,0,0.20344435
/home/tianlong/Downloads/dftimit/DeepfakeTIMIT/dftimitreal/mdld0/video/sx283/535.avi,0,0.026222393
/home/tianlong/Downloads/dftimit/DeepfakeTIMIT/dftimitreal/mdld0/video/head3/540.avi,0,0.23653679
/home/tianlong/Downloads/dftimit/DeepfakeTIMIT/dftimitreal/fdrd1/video/head3/572.avi,0,0.30667666
/home/tianlong/Downloads/dftimit/DeepfakeTIMIT/dftimitreal/fdrd1/video/head2/573.avi,0,0.24827434
/home/tianlong/Downloads/dftimit/DeepfakeTIMIT/dftimitreal/mrjo0/video/sx14/583.avi,0,0.058398917
/home/tianlong/Downloads/dftimit/DeepfakeTIMIT/lower_quality/fjwb0/sa1-video-fjas0.avi,1,0.079383045
/home/tianlong/Downloads/dftimit/DeepfakeTIMIT/lower_quality/fjwb0/sx95-video-fjas0.avi,1,0.068774305
/home/tianlong/Downloads/dftimit/DeepfakeTIMIT/lower_quality/fjwb0/si1265-video-fjas0.avi,1,0.11166551
/home/tianlong/Downloads/dftimit/DeepfakeTIMIT/lower_quality/fjwb0/sx5-video-fjas0.avi,1,0.071096905
/home/tianlong/Downloads/dftimit/DeepfakeTIMIT/lower_quality/fjwb0/sx365-video-fjas0.avi,1,0.079578884
/home/tianlong/Downloads/dftimit/DeepfakeTIMIT/lower_quality/fjwb0/si992-video-fjas0.avi,1,0.08215403
/home/tianlong/Downloads/dftimit/DeepfakeTIMIT/lower_quality/fjwb0/sx185-video-fjas0.avi,1,0.11234949
/home/tianlong/Downloads/dftimit/DeepfakeTIMIT/lower_quality/fjwb0/sa2-video-fjas0.avi,1,0.089114435
/home/tianlong/Downloads/dftimit/DeepfakeTIMIT/lower_quality/fjwb0/si635-video-fjas0.avi,1,0.10706731
/home/tianlong/Downloads/dftimit/DeepfakeTIMIT/lower_quality/fjwb0/sx275-video-fjas0.avi,1,0.08925
/home/tianlong/Downloads/dftimit/DeepfakeTIMIT/lower_quality/fedw0/si1714-video-faks0.avi,1,0.33130205
/home/tianlong/Downloads/dftimit/DeepfakeTIMIT/lower_quality/fedw0/si1084-video-faks0.avi,1,0.23492861
/home/tianlong/Downloads/dftimit/DeepfakeTIMIT/lower_quality/fedw0/sx4-video-faks0.avi,1,0.27842635
/home/tianlong/Downloads/dftimit/DeepfakeTIMIT/lower_quality/fedw0/si1653-video-faks0.avi,1,0.3473879
/home/tianlong/Downloads/dftimit/DeepfakeTIMIT/lower_quality/fedw0/sx274-video-faks0.avi,1,0.41759598
/home/tianlong/Downloads/dftimit/DeepfakeTIMIT/lower_quality/fedw0/sx364-video-faks0.avi,1,0.321695
/home/tianlong/Downloads/dftimit/DeepfakeTIMIT/lower_quality/fedw0/sa1-video-faks0.avi,1,0.3263261
/home/tianlong/Downloads/dftimit/DeepfakeTIMIT/lower_quality/fedw0/sx184-video-faks0.avi,1,0.32255137
/home/tianlong/Downloads/dftimit/DeepfakeTIMIT/lower_quality/fedw0/sx94-video-faks0.avi,1,0.359382
/home/tianlong/Downloads/dftimit/DeepfakeTIMIT/lower_quality/fedw0/sa2-video-faks0.avi,1,0.34920147
/home/tianlong/Downloads/dftimit/DeepfakeTIMIT/lower_quality/mdbb0/sx1195-video-mrcz0.avi,1,0.6515145
/home/tianlong/Downloads/dftimit/DeepfakeTIMIT/lower_quality/mdbb0/sx115-video-mrcz0.avi,1,0.69218284
/home/tianlong/Downloads/dftimit/DeepfakeTIMIT/lower_quality/mdbb0/sx205-video-mrcz0.avi,1,0.46484327
/home/tianlong/Downloads/dftimit/DeepfakeTIMIT/lower_quality/mdbb0/si1825-video-mrcz0.avi,1,0.7004185
/home/tianlong/Downloads/dftimit/DeepfakeTIMIT/lower_quality/mdbb0/sa1-video-mrcz0.avi,1,0.7283149
/home/tianlong/Downloads/dftimit/DeepfakeTIMIT/lower_quality/mdbb0/si565-video-mrcz0.avi,1,0.78895646
/home/tianlong/Downloads/dftimit/DeepfakeTIMIT/lower_quality/mdbb0/sx295-video-mrcz0.avi,1,0.85702467
/home/tianlong/Downloads/dftimit/DeepfakeTIMIT/lower_quality/mdbb0/sa2-video-mrcz0.avi,1,0.6518264
/home/tianlong/Downloads/dftimit/DeepfakeTIMIT/lower_quality/mdbb0/sx25-video-mrcz0.avi,1,0.37288237
/home/tianlong/Downloads/dftimit/DeepfakeTIMIT/lower_quality/mdbb0/sx385-video-mrcz0.avi,1,0.7410884
/home/tianlong/Downloads/dftimit/DeepfakeTIMIT/lower_quality/mrgg0/sx119-video-msjs1.avi,1,0.45477247
/home/tianlong/Downloads/dftimit/DeepfakeTIMIT/lower_quality/mrgg0/si1829-video-msjs1.avi,1,0.4286439
/home/tianlong/Downloads/dftimit/DeepfakeTIMIT/lower_quality/mrgg0/si1199-video-msjs1.avi,1,0.4993912
/home/tianlong/Downloads/dftimit/DeepfakeTIMIT/lower_quality/mrgg0/sx389-video-msjs1.avi,1,0.3124723
/home/tianlong/Downloads/dftimit/DeepfakeTIMIT/lower_quality/mrgg0/sa1-video-msjs1.avi,1,0.57800645
/home/tianlong/Downloads/dftimit/DeepfakeTIMIT/lower_quality/mrgg0/sx209-video-msjs1.avi,1,0.48378468
/home/tianlong/Downloads/dftimit/DeepfakeTIMIT/lower_quality/mrgg0/sx29-video-msjs1.avi,1,0.55037445
/home/tianlong/Downloads/dftimit/DeepfakeTIMIT/lower_quality/mrgg0/sx299-video-msjs1.avi,1,0.2925837
/home/tianlong/Downloads/dftimit/DeepfakeTIMIT/lower_quality/mrgg0/sa2-video-msjs1.avi,1,0.3487457
/home/tianlong/Downloads/dftimit/DeepfakeTIMIT/lower_quality/mrgg0/si569-video-msjs1.avi,1,0.45237982
/home/tianlong/Downloads/dftimit/DeepfakeTIMIT/lower_quality/fcmh0/sa2-video-fjre0.avi,1,0.02935859
/home/tianlong/Downloads/dftimit/DeepfakeTIMIT/lower_quality/fcmh0/si824-video-fjre0.avi,1,0.036088377
/home/tianlong/Downloads/dftimit/DeepfakeTIMIT/lower_quality/fcmh0/sx14-video-fjre0.avi,1,0.09016342
/home/tianlong/Downloads/dftimit/DeepfakeTIMIT/lower_quality/fcmh0/si2084-video-fjre0.avi,1,0.038350448
/home/tianlong/Downloads/dftimit/DeepfakeTIMIT/lower_quality/fcmh0/sx104-video-fjre0.avi,1,0.034944404
/home/tianlong/Downloads/dftimit/DeepfakeTIMIT/lower_quality/fcmh0/sx194-video-fjre0.avi,1,0.058958944
/home/tianlong/Downloads/dftimit/DeepfakeTIMIT/lower_quality/fcmh0/sa1-video-fjre0.avi,1,0.051873703
/home/tianlong/Downloads/dftimit/DeepfakeTIMIT/lower_quality/fcmh0/si1454-video-fjre0.avi,1,0.03913154
/home/tianlong/Downloads/dftimit/DeepfakeTIMIT/lower_quality/fcmh0/sx284-video-fjre0.avi,1,0.111830235
/home/tianlong/Downloads/dftimit/DeepfakeTIMIT/lower_quality/fcmh0/sx374-video-fjre0.avi,1,0.14359362
/home/tianlong/Downloads/dftimit/DeepfakeTIMIT/lower_quality/mmdb1/si2255-video-mjsw0.avi,1,0.070235826
/home/tianlong/Downloads/dftimit/DeepfakeTIMIT/lower_quality/mmdb1/sx5-video-mjsw0.avi,1,0.080389805
/home/tianlong/Downloads/dftimit/DeepfakeTIMIT/lower_quality/mmdb1/sx185-video-mjsw0.avi,1,0.067859374
/home/tianlong/Downloads/dftimit/DeepfakeTIMIT/lower_quality/mmdb1/sa1-video-mjsw0.avi,1,0.089606844
/home/tianlong/Downloads/dftimit/DeepfakeTIMIT/lower_quality/mmdb1/sx275-video-mjsw0.avi,1,0.06236564
/home/tianlong/Downloads/dftimit/DeepfakeTIMIT/lower_quality/mmdb1/sx1625-video-mjsw0.avi,1,0.094385125
/home/tianlong/Downloads/dftimit/DeepfakeTIMIT/lower_quality/mmdb1/sx365-video-mjsw0.avi,1,0.049611557
/home/tianlong/Downloads/dftimit/DeepfakeTIMIT/lower_quality/mmdb1/si995-video-mjsw0.avi,1,0.06518925
/home/tianlong/Downloads/dftimit/DeepfakeTIMIT/lower_quality/mmdb1/sa2-video-mjsw0.avi,1,0.08385417
/home/tianlong/Downloads/dftimit/DeepfakeTIMIT/lower_quality/mmdb1/sx95-video-mjsw0.avi,1,0.070386045
