Video,Label,Prediction
/home/tianlong/Downloads/dftimit/DeepfakeTIMIT/dftimitreal/fkms0/video/head2/13.avi,0,0.050477963
/home/tianlong/Downloads/dftimit/DeepfakeTIMIT/dftimitreal/mabw0/video/si1664/31.avi,0,0.033444963
/home/tianlong/Downloads/dftimit/DeepfakeTIMIT/dftimitreal/mabw0/video/sx404/36.avi,0,0.012455841
/home/tianlong/Downloads/dftimit/DeepfakeTIMIT/dftimitreal/fjwb0/video/sx275/50.avi,0,0.0039251717
/home/tianlong/Downloads/dftimit/DeepfakeTIMIT/dftimitreal/fedw0/video/sa1/73.avi,0,0.022396682
/home/tianlong/Downloads/dftimit/DeepfakeTIMIT/dftimitreal/fedw0/video/head3/80.avi,0,0.06476496
/home/tianlong/Downloads/dftimit/DeepfakeTIMIT/dftimitreal/fedw0/video/si1653/81.avi,0,0.04095927
/home/tianlong/Downloads/dftimit/DeepfakeTIMIT/dftimitreal/mtas1/video/sa2/93.avi,0,0.0064323656
/home/tianlong/Downloads/dftimit/DeepfakeTIMIT/dftimitreal/mtas1/video/head2/96.avi,0,0.04579346
/home/tianlong/Downloads/dftimit/DeepfakeTIMIT/dftimitreal/mdbb0/video/sx205/109.avi,0,0.07107286
/home/tianlong/Downloads/dftimit/DeepfakeTIMIT/dftimitreal/mbjk0/video/sx5/145.avi,0,0.0022101544
/home/tianlong/Downloads/dftimit/DeepfakeTIMIT/dftimitreal/mwbt0/video/head2/166.avi,0,0.044312235
/home/tianlong/Downloads/dftimit/DeepfakeTIMIT/dftimitreal/mcem0/video/si2028/174.avi,0,0.0076461635
/home/tianlong/Downloads/dftimit/DeepfakeTIMIT/dftimitreal/mcem0/video/head2/180.avi,0,0.035470065
/home/tianlong/Downloads/dftimit/DeepfakeTIMIT/dftimitreal/mpdf0/video/si912/199.avi,0,0.0389761
/home/tianlong/Downloads/dftimit/DeepfakeTIMIT/dftimitreal/mpdf0/video/sa2/203.avi,0,0.024645979
/home/tianlong/Downloads/dftimit/DeepfakeTIMIT/dftimitreal/mtmr0/video/sx43/213.avi,0,0.0019302595
/home/tianlong/Downloads/dftimit/DeepfakeTIMIT/dftimitreal/mdab0/video/sx319/225.avi,0,0.03911362
/home/tianlong/Downloads/dftimit/DeepfakeTIMIT/dftimitreal/mrgg0/video/sa1/239.avi,0,0.0065909037
/home/tianlong/Downloads/dftimit/DeepfakeTIMIT/dftimitreal/mrgg0/video/si569/240.avi,0,0.012219056
/home/tianlong/Downloads/dftimit/DeepfakeTIMIT/dftimitreal/mrgg0/video/head2/251.avi,0,0.12647155
/home/tianlong/Downloads/dftimit/DeepfakeTIMIT/dftimitreal/fjem0/video/sx274/260.avi,0,0.015780767
/home/tianlong/Downloads/dftimit/DeepfakeTIMIT/dftimitreal/fcmr0/video/head/285.avi,0,0.13763477
/home/tianlong/Downloads/dftimit/DeepfakeTIMIT/dftimitreal/mmdm2/video/head/302.avi,0,0.083095714
/home/tianlong/Downloads/dftimit/DeepfakeTIMIT/dftimitreal/mccs0/video/si1469/310.avi,0,0.005781399
/home/tianlong/Downloads/dftimit/DeepfakeTIMIT/dftimitreal/mccs0/video/head2/320.avi,0,0.041825764
/home/tianlong/Downloads/dftimit/DeepfakeTIMIT/dftimitreal/mgwt0/video/head/328.avi,0,0.05809312
/home/tianlong/Downloads/dftimit/DeepfakeTIMIT/dftimitreal/mgwt0/video/si1539/331.avi,0,0.012977699
/home/tianlong/Downloads/dftimit/DeepfakeTIMIT/dftimitreal/fpkt0/video/sx8/338.avi,0,0.013308121
/home/tianlong/Downloads/dftimit/DeepfakeTIMIT/dftimitreal/fpkt0/video/sa2/345.avi,0,0.007403083
/home/tianlong/Downloads/dftimit/DeepfakeTIMIT/dftimitreal/fcmh0/video/si2084/356.avi,0,0.023449715
/home/tianlong/Downloads/dftimit/DeepfakeTIMIT/dftimitreal/fram1/video/si1360/367.avi,0,0.0063222907
/home/tianlong/Downloads/dftimit/DeepfakeTIMIT/dftimitreal/fram1/video/si730/372.avi,0,0.007852394
/home/tianlong/Downloads/dftimit/DeepfakeTIMIT/dftimitreal/fgjd0/video/sa2/386.avi,0,0.011639434
/home/tianlong/Downloads/dftimit/DeepfakeTIMIT/dftimitreal/fcrh0/video/sa1/393.avi,0,0.013975489
/home/tianlong/Downloads/dftimit/DeepfakeTIMIT/dftimitreal/fcrh0/video/sa2/399.avi,0,0.019591624
/home/tianlong/Downloads/dftimit/DeepfakeTIMIT/dftimitreal/fcrh0/video/si458/404.avi,0,0.013937059
/home/tianlong/Downloads/dftimit/DeepfakeTIMIT/dftimitreal/fjre0/video/sa1/407.avi,0,0.06526666
/home/tianlong/Downloads/dftimit/DeepfakeTIMIT/dftimitreal/fjre0/video/sx36/416.avi,0,0.062643915
/home/tianlong/Downloads/dftimit/DeepfakeTIMIT/dftimitreal/fjre0/video/sx306/417.avi,0,0.08917849
/home/tianlong/Downloads/dftimit/DeepfakeTIMIT/dftimitreal/fadg0/video/sa1/421.avi,0,0.039306335
/home/tianlong/Downloads/dftimit/DeepfakeTIMIT/dftimitreal/fadg0/video/sx289/422.avi,0,0.037853673
/home/tianlong/Downloads/dftimit/DeepfakeTIMIT/dftimitreal/fadg0/video/head2/430.avi,0,0.060300745
/home/tianlong/Downloads/dftimit/DeepfakeTIMIT/dftimitreal/mreb0/video/si1375/436.avi,0,0.011082256
/home/tianlong/Downloads/dftimit/DeepfakeTIMIT/dftimitreal/mreb0/video/sx115/437.avi,0,0.004615641
/home/tianlong/Downloads/dftimit/DeepfakeTIMIT/dftimitreal/mreb0/video/si2005/443.avi,0,0.0032694545
/home/tianlong/Downloads/dftimit/DeepfakeTIMIT/dftimitreal/mmdb1/video/sx5/454.avi,0,0.05418555
/home/tianlong/Downloads/dftimit/DeepfakeTIMIT/dftimitreal/mmdb1/video/sx185/461.avi,0,0.052397184
/home/tianlong/Downloads/dftimit/DeepfakeTIMIT/dftimitreal/fdac1/video/head2/473.avi,0,0.05690881
/home/tianlong/Downloads/dftimit/DeepfakeTIMIT/dftimitreal/fdac1/video/sx34/475.avi,0,0.024825016
/home/tianlong/Downloads/dftimit/DeepfakeTIMIT/dftimitreal/mrcz0/video/si1541/486.avi,0,0.03551226
/home/tianlong/Downloads/dftimit/DeepfakeTIMIT/dftimitreal/mrcz0/video/head2/488.avi,0,0.090841845
/home/tianlong/Downloads/dftimit/DeepfakeTIMIT/dftimitreal/mstk0/video/head/507.avi,0,0.03637801
/home/tianlong/Downloads/dftimit/DeepfakeTIMIT/dftimitreal/mstk0/video/head3/514.avi,0,0.049405824
/home/tianlong/Downloads/dftimit/DeepfakeTIMIT/dftimitreal/faks0/video/sx223/525.avi,0,0.013702701
/home/tianlong/Downloads/dftimit/DeepfakeTIMIT/dftimitreal/mdld0/video/sx283/535.avi,0,0.001143611
/home/tianlong/Downloads/dftimit/DeepfakeTIMIT/dftimitreal/mdld0/video/head3/540.avi,0,0.087862864
/home/tianlong/Downloads/dftimit/DeepfakeTIMIT/dftimitreal/fdrd1/video/head3/572.avi,0,0.03822751
/home/tianlong/Downloads/dftimit/DeepfakeTIMIT/dftimitreal/fdrd1/video/head2/573.avi,0,0.04664748
/home/tianlong/Downloads/dftimit/DeepfakeTIMIT/dftimitreal/mrjo0/video/sx14/583.avi,0,0.2652067
/home/tianlong/Downloads/dftimit/DeepfakeTIMIT/lower_quality/fjwb0/sa1-video-fjas0.avi,1,0.9450722
/home/tianlong/Downloads/dftimit/DeepfakeTIMIT/lower_quality/fjwb0/sx95-video-fjas0.avi,1,0.9933053
/home/tianlong/Downloads/dftimit/DeepfakeTIMIT/lower_quality/fjwb0/si1265-video-fjas0.avi,1,0.5535209
/home/tianlong/Downloads/dftimit/DeepfakeTIMIT/lower_quality/fjwb0/sx5-video-fjas0.avi,1,0.9839984
/home/tianlong/Downloads/dftimit/DeepfakeTIMIT/lower_quality/fjwb0/sx365-video-fjas0.avi,1,0.72578967
/home/tianlong/Downloads/dftimit/DeepfakeTIMIT/lower_quality/fjwb0/si992-video-fjas0.avi,1,0.7974189
/home/tianlong/Downloads/dftimit/DeepfakeTIMIT/lower_quality/fjwb0/sx185-video-fjas0.avi,1,0.9339436
/home/tianlong/Downloads/dftimit/DeepfakeTIMIT/lower_quality/fjwb0/sa2-video-fjas0.avi,1,0.8757144
/home/tianlong/Downloads/dftimit/DeepfakeTIMIT/lower_quality/fjwb0/si635-video-fjas0.avi,1,0.7215663
/home/tianlong/Downloads/dftimit/DeepfakeTIMIT/lower_quality/fjwb0/sx275-video-fjas0.avi,1,0.4714326
/home/tianlong/Downloads/dftimit/DeepfakeTIMIT/lower_quality/fedw0/si1714-video-faks0.avi,1,0.9870385
/home/tianlong/Downloads/dftimit/DeepfakeTIMIT/lower_quality/fedw0/si1084-video-faks0.avi,1,0.9771988
/home/tianlong/Downloads/dftimit/DeepfakeTIMIT/lower_quality/fedw0/sx4-video-faks0.avi,1,0.98871785
/home/tianlong/Downloads/dftimit/DeepfakeTIMIT/lower_quality/fedw0/si1653-video-faks0.avi,1,0.9894819
/home/tianlong/Downloads/dftimit/DeepfakeTIMIT/lower_quality/fedw0/sx274-video-faks0.avi,1,0.99899995
/home/tianlong/Downloads/dftimit/DeepfakeTIMIT/lower_quality/fedw0/sx364-video-faks0.avi,1,0.99724567
/home/tianlong/Downloads/dftimit/DeepfakeTIMIT/lower_quality/fedw0/sa1-video-faks0.avi,1,0.94240534
/home/tianlong/Downloads/dftimit/DeepfakeTIMIT/lower_quality/fedw0/sx184-video-faks0.avi,1,0.98824996
/home/tianlong/Downloads/dftimit/DeepfakeTIMIT/lower_quality/fedw0/sx94-video-faks0.avi,1,0.9940441
/home/tianlong/Downloads/dftimit/DeepfakeTIMIT/lower_quality/fedw0/sa2-video-faks0.avi,1,0.9798954
/home/tianlong/Downloads/dftimit/DeepfakeTIMIT/lower_quality/mdbb0/sx1195-video-mrcz0.avi,1,0.9991825
/home/tianlong/Downloads/dftimit/DeepfakeTIMIT/lower_quality/mdbb0/sx115-video-mrcz0.avi,1,0.9993823
/home/tianlong/Downloads/dftimit/DeepfakeTIMIT/lower_quality/mdbb0/sx205-video-mrcz0.avi,1,0.9974991
/home/tianlong/Downloads/dftimit/DeepfakeTIMIT/lower_quality/mdbb0/si1825-video-mrcz0.avi,1,0.99898183
/home/tianlong/Downloads/dftimit/DeepfakeTIMIT/lower_quality/mdbb0/sa1-video-mrcz0.avi,1,0.9993963
/home/tianlong/Downloads/dftimit/DeepfakeTIMIT/lower_quality/mdbb0/si565-video-mrcz0.avi,1,0.99911374
/home/tianlong/Downloads/dftimit/DeepfakeTIMIT/lower_quality/mdbb0/sx295-video-mrcz0.avi,1,0.9993814
/home/tianlong/Downloads/dftimit/DeepfakeTIMIT/lower_quality/mdbb0/sa2-video-mrcz0.avi,1,0.9994794
/home/tianlong/Downloads/dftimit/DeepfakeTIMIT/lower_quality/mdbb0/sx25-video-mrcz0.avi,1,0.9991064
/home/tianlong/Downloads/dftimit/DeepfakeTIMIT/lower_quality/mdbb0/sx385-video-mrcz0.avi,1,0.99232006
/home/tianlong/Downloads/dftimit/DeepfakeTIMIT/lower_quality/mrgg0/sx119-video-msjs1.avi,1,0.99968565
/home/tianlong/Downloads/dftimit/DeepfakeTIMIT/lower_quality/mrgg0/si1829-video-msjs1.avi,1,0.9986787
/home/tianlong/Downloads/dftimit/DeepfakeTIMIT/lower_quality/mrgg0/si1199-video-msjs1.avi,1,0.99697226
/home/tianlong/Downloads/dftimit/DeepfakeTIMIT/lower_quality/mrgg0/sx389-video-msjs1.avi,1,0.99906147
/home/tianlong/Downloads/dftimit/DeepfakeTIMIT/lower_quality/mrgg0/sa1-video-msjs1.avi,1,0.9975811
/home/tianlong/Downloads/dftimit/DeepfakeTIMIT/lower_quality/mrgg0/sx209-video-msjs1.avi,1,0.99821883
/home/tianlong/Downloads/dftimit/DeepfakeTIMIT/lower_quality/mrgg0/sx29-video-msjs1.avi,1,0.993019
/home/tianlong/Downloads/dftimit/DeepfakeTIMIT/lower_quality/mrgg0/sx299-video-msjs1.avi,1,0.9997715
/home/tianlong/Downloads/dftimit/DeepfakeTIMIT/lower_quality/mrgg0/sa2-video-msjs1.avi,1,0.9994494
/home/tianlong/Downloads/dftimit/DeepfakeTIMIT/lower_quality/mrgg0/si569-video-msjs1.avi,1,0.99871767
/home/tianlong/Downloads/dftimit/DeepfakeTIMIT/lower_quality/fcmh0/sa2-video-fjre0.avi,1,0.9974049
/home/tianlong/Downloads/dftimit/DeepfakeTIMIT/lower_quality/fcmh0/si824-video-fjre0.avi,1,0.99387276
/home/tianlong/Downloads/dftimit/DeepfakeTIMIT/lower_quality/fcmh0/sx14-video-fjre0.avi,1,0.9988022
/home/tianlong/Downloads/dftimit/DeepfakeTIMIT/lower_quality/fcmh0/si2084-video-fjre0.avi,1,0.9949852
/home/tianlong/Downloads/dftimit/DeepfakeTIMIT/lower_quality/fcmh0/sx104-video-fjre0.avi,1,0.99274814
/home/tianlong/Downloads/dftimit/DeepfakeTIMIT/lower_quality/fcmh0/sx194-video-fjre0.avi,1,0.9984145
/home/tianlong/Downloads/dftimit/DeepfakeTIMIT/lower_quality/fcmh0/sa1-video-fjre0.avi,1,0.9940666
/home/tianlong/Downloads/dftimit/DeepfakeTIMIT/lower_quality/fcmh0/si1454-video-fjre0.avi,1,0.99105835
/home/tianlong/Downloads/dftimit/DeepfakeTIMIT/lower_quality/fcmh0/sx284-video-fjre0.avi,1,0.99980515
/home/tianlong/Downloads/dftimit/DeepfakeTIMIT/lower_quality/fcmh0/sx374-video-fjre0.avi,1,0.99980485
/home/tianlong/Downloads/dftimit/DeepfakeTIMIT/lower_quality/mmdb1/si2255-video-mjsw0.avi,1,0.9953645
/home/tianlong/Downloads/dftimit/DeepfakeTIMIT/lower_quality/mmdb1/sx5-video-mjsw0.avi,1,0.9442096
/home/tianlong/Downloads/dftimit/DeepfakeTIMIT/lower_quality/mmdb1/sx185-video-mjsw0.avi,1,0.9976721
/home/tianlong/Downloads/dftimit/DeepfakeTIMIT/lower_quality/mmdb1/sa1-video-mjsw0.avi,1,0.9970563
/home/tianlong/Downloads/dftimit/DeepfakeTIMIT/lower_quality/mmdb1/sx275-video-mjsw0.avi,1,0.9228237
/home/tianlong/Downloads/dftimit/DeepfakeTIMIT/lower_quality/mmdb1/sx1625-video-mjsw0.avi,1,0.9981648
/home/tianlong/Downloads/dftimit/DeepfakeTIMIT/lower_quality/mmdb1/sx365-video-mjsw0.avi,1,0.9835535
/home/tianlong/Downloads/dftimit/DeepfakeTIMIT/lower_quality/mmdb1/si995-video-mjsw0.avi,1,0.99878234
/home/tianlong/Downloads/dftimit/DeepfakeTIMIT/lower_quality/mmdb1/sa2-video-mjsw0.avi,1,0.9959299
/home/tianlong/Downloads/dftimit/DeepfakeTIMIT/lower_quality/mmdb1/sx95-video-mjsw0.avi,1,0.95348585
