Video,Label,Prediction
/home/tianlong/Downloads/dftimit/DeepfakeTIMIT/dftimitreal/fkms0/video/head2/13.avi,0,0.73597807
/home/tianlong/Downloads/dftimit/DeepfakeTIMIT/dftimitreal/mabw0/video/si1664/31.avi,0,4.3929604e-06
/home/tianlong/Downloads/dftimit/DeepfakeTIMIT/dftimitreal/mabw0/video/sx404/36.avi,0,0.0029627397
/home/tianlong/Downloads/dftimit/DeepfakeTIMIT/dftimitreal/fjwb0/video/sx275/50.avi,0,0.37966537
/home/tianlong/Downloads/dftimit/DeepfakeTIMIT/dftimitreal/fedw0/video/sa1/73.avi,0,0.5023316
/home/tianlong/Downloads/dftimit/DeepfakeTIMIT/dftimitreal/fedw0/video/head3/80.avi,0,0.7092334
/home/tianlong/Downloads/dftimit/DeepfakeTIMIT/dftimitreal/fedw0/video/si1653/81.avi,0,0.68820274
/home/tianlong/Downloads/dftimit/DeepfakeTIMIT/dftimitreal/mtas1/video/sa2/93.avi,0,0.017090222
/home/tianlong/Downloads/dftimit/DeepfakeTIMIT/dftimitreal/mtas1/video/head2/96.avi,0,0.17534597
/home/tianlong/Downloads/dftimit/DeepfakeTIMIT/dftimitreal/mdbb0/video/sx205/109.avi,0,0.9432702
/home/tianlong/Downloads/dftimit/DeepfakeTIMIT/dftimitreal/mbjk0/video/sx5/145.avi,0,0.7011472
/home/tianlong/Downloads/dftimit/DeepfakeTIMIT/dftimitreal/mwbt0/video/head2/166.avi,0,0.63740337
/home/tianlong/Downloads/dftimit/DeepfakeTIMIT/dftimitreal/mcem0/video/si2028/174.avi,0,0.6695174
/home/tianlong/Downloads/dftimit/DeepfakeTIMIT/dftimitreal/mcem0/video/head2/180.avi,0,0.61175394
/home/tianlong/Downloads/dftimit/DeepfakeTIMIT/dftimitreal/mpdf0/video/si912/199.avi,0,0.751765
/home/tianlong/Downloads/dftimit/DeepfakeTIMIT/dftimitreal/mpdf0/video/sa2/203.avi,0,0.76397234
/home/tianlong/Downloads/dftimit/DeepfakeTIMIT/dftimitreal/mtmr0/video/sx43/213.avi,0,0.7212672
/home/tianlong/Downloads/dftimit/DeepfakeTIMIT/dftimitreal/mdab0/video/sx319/225.avi,0,0.58456814
/home/tianlong/Downloads/dftimit/DeepfakeTIMIT/dftimitreal/mrgg0/video/sa1/239.avi,0,0.025491089
/home/tianlong/Downloads/dftimit/DeepfakeTIMIT/dftimitreal/mrgg0/video/si569/240.avi,0,0.033709854
/home/tianlong/Downloads/dftimit/DeepfakeTIMIT/dftimitreal/mrgg0/video/head2/251.avi,0,0.4524303
/home/tianlong/Downloads/dftimit/DeepfakeTIMIT/dftimitreal/fjem0/video/sx274/260.avi,0,0.33616775
/home/tianlong/Downloads/dftimit/DeepfakeTIMIT/dftimitreal/fcmr0/video/head/285.avi,0,0.667869
/home/tianlong/Downloads/dftimit/DeepfakeTIMIT/dftimitreal/mmdm2/video/head/302.avi,0,0.79214615
/home/tianlong/Downloads/dftimit/DeepfakeTIMIT/dftimitreal/mccs0/video/si1469/310.avi,0,0.8280363
/home/tianlong/Downloads/dftimit/DeepfakeTIMIT/dftimitreal/mccs0/video/head2/320.avi,0,0.5783555
/home/tianlong/Downloads/dftimit/DeepfakeTIMIT/dftimitreal/mgwt0/video/head/328.avi,0,0.53129923
/home/tianlong/Downloads/dftimit/DeepfakeTIMIT/dftimitreal/mgwt0/video/si1539/331.avi,0,0.12927528
/home/tianlong/Downloads/dftimit/DeepfakeTIMIT/dftimitreal/fpkt0/video/sx8/338.avi,0,0.10436144
/home/tianlong/Downloads/dftimit/DeepfakeTIMIT/dftimitreal/fpkt0/video/sa2/345.avi,0,0.009785803
/home/tianlong/Downloads/dftimit/DeepfakeTIMIT/dftimitreal/fcmh0/video/si2084/356.avi,0,0.99982435
/home/tianlong/Downloads/dftimit/DeepfakeTIMIT/dftimitreal/fram1/video/si1360/367.avi,0,0.5731509
/home/tianlong/Downloads/dftimit/DeepfakeTIMIT/dftimitreal/fram1/video/si730/372.avi,0,0.62644964
/home/tianlong/Downloads/dftimit/DeepfakeTIMIT/dftimitreal/fgjd0/video/sa2/386.avi,0,0.2789306
/home/tianlong/Downloads/dftimit/DeepfakeTIMIT/dftimitreal/fcrh0/video/sa1/393.avi,0,0.6919188
/home/tianlong/Downloads/dftimit/DeepfakeTIMIT/dftimitreal/fcrh0/video/sa2/399.avi,0,0.6153912
/home/tianlong/Downloads/dftimit/DeepfakeTIMIT/dftimitreal/fcrh0/video/si458/404.avi,0,0.68113804
/home/tianlong/Downloads/dftimit/DeepfakeTIMIT/dftimitreal/fjre0/video/sa1/407.avi,0,0.4743225
/home/tianlong/Downloads/dftimit/DeepfakeTIMIT/dftimitreal/fjre0/video/sx36/416.avi,0,0.6690702
/home/tianlong/Downloads/dftimit/DeepfakeTIMIT/dftimitreal/fjre0/video/sx306/417.avi,0,0.486717
/home/tianlong/Downloads/dftimit/DeepfakeTIMIT/dftimitreal/fadg0/video/sa1/421.avi,0,0.15987685
/home/tianlong/Downloads/dftimit/DeepfakeTIMIT/dftimitreal/fadg0/video/sx289/422.avi,0,0.04485057
/home/tianlong/Downloads/dftimit/DeepfakeTIMIT/dftimitreal/fadg0/video/head2/430.avi,0,0.32086635
/home/tianlong/Downloads/dftimit/DeepfakeTIMIT/dftimitreal/mreb0/video/si1375/436.avi,0,0.59682435
/home/tianlong/Downloads/dftimit/DeepfakeTIMIT/dftimitreal/mreb0/video/sx115/437.avi,0,0.6188302
/home/tianlong/Downloads/dftimit/DeepfakeTIMIT/dftimitreal/mreb0/video/si2005/443.avi,0,0.6601429
/home/tianlong/Downloads/dftimit/DeepfakeTIMIT/dftimitreal/mmdb1/video/sx5/454.avi,0,0.16336504
/home/tianlong/Downloads/dftimit/DeepfakeTIMIT/dftimitreal/mmdb1/video/sx185/461.avi,0,0.1083148
/home/tianlong/Downloads/dftimit/DeepfakeTIMIT/dftimitreal/fdac1/video/head2/473.avi,0,0.33846167
/home/tianlong/Downloads/dftimit/DeepfakeTIMIT/dftimitreal/fdac1/video/sx34/475.avi,0,0.19492552
/home/tianlong/Downloads/dftimit/DeepfakeTIMIT/dftimitreal/mrcz0/video/si1541/486.avi,0,0.8625833
/home/tianlong/Downloads/dftimit/DeepfakeTIMIT/dftimitreal/mrcz0/video/head2/488.avi,0,0.76289636
/home/tianlong/Downloads/dftimit/DeepfakeTIMIT/dftimitreal/mstk0/video/head/507.avi,0,0.5328499
/home/tianlong/Downloads/dftimit/DeepfakeTIMIT/dftimitreal/mstk0/video/head3/514.avi,0,0.70191514
/home/tianlong/Downloads/dftimit/DeepfakeTIMIT/dftimitreal/faks0/video/sx223/525.avi,0,0.9998313
/home/tianlong/Downloads/dftimit/DeepfakeTIMIT/dftimitreal/mdld0/video/sx283/535.avi,0,0.10365007
/home/tianlong/Downloads/dftimit/DeepfakeTIMIT/dftimitreal/mdld0/video/head3/540.avi,0,0.21687624
/home/tianlong/Downloads/dftimit/DeepfakeTIMIT/dftimitreal/fdrd1/video/head3/572.avi,0,0.44061008
/home/tianlong/Downloads/dftimit/DeepfakeTIMIT/dftimitreal/fdrd1/video/head2/573.avi,0,0.5726892
/home/tianlong/Downloads/dftimit/DeepfakeTIMIT/dftimitreal/mrjo0/video/sx14/583.avi,0,0.6279636
/home/tianlong/Downloads/dftimit/DeepfakeTIMIT/lower_quality/fjwb0/sa1-video-fjas0.avi,1,0.80402726
/home/tianlong/Downloads/dftimit/DeepfakeTIMIT/lower_quality/fjwb0/sx95-video-fjas0.avi,1,0.91077393
/home/tianlong/Downloads/dftimit/DeepfakeTIMIT/lower_quality/fjwb0/si1265-video-fjas0.avi,1,0.84872544
/home/tianlong/Downloads/dftimit/DeepfakeTIMIT/lower_quality/fjwb0/sx5-video-fjas0.avi,1,0.9167651
/home/tianlong/Downloads/dftimit/DeepfakeTIMIT/lower_quality/fjwb0/sx365-video-fjas0.avi,1,0.98627853
/home/tianlong/Downloads/dftimit/DeepfakeTIMIT/lower_quality/fjwb0/si992-video-fjas0.avi,1,0.8583703
/home/tianlong/Downloads/dftimit/DeepfakeTIMIT/lower_quality/fjwb0/sx185-video-fjas0.avi,1,0.868108
/home/tianlong/Downloads/dftimit/DeepfakeTIMIT/lower_quality/fjwb0/sa2-video-fjas0.avi,1,0.83894825
/home/tianlong/Downloads/dftimit/DeepfakeTIMIT/lower_quality/fjwb0/si635-video-fjas0.avi,1,0.8622373
/home/tianlong/Downloads/dftimit/DeepfakeTIMIT/lower_quality/fjwb0/sx275-video-fjas0.avi,1,0.9424472
/home/tianlong/Downloads/dftimit/DeepfakeTIMIT/lower_quality/fedw0/si1714-video-faks0.avi,1,0.9999998
/home/tianlong/Downloads/dftimit/DeepfakeTIMIT/lower_quality/fedw0/si1084-video-faks0.avi,1,0.99999917
/home/tianlong/Downloads/dftimit/DeepfakeTIMIT/lower_quality/fedw0/sx4-video-faks0.avi,1,0.999998
/home/tianlong/Downloads/dftimit/DeepfakeTIMIT/lower_quality/fedw0/si1653-video-faks0.avi,1,0.9999999
/home/tianlong/Downloads/dftimit/DeepfakeTIMIT/lower_quality/fedw0/sx274-video-faks0.avi,1,1.0
/home/tianlong/Downloads/dftimit/DeepfakeTIMIT/lower_quality/fedw0/sx364-video-faks0.avi,1,1.0
/home/tianlong/Downloads/dftimit/DeepfakeTIMIT/lower_quality/fedw0/sa1-video-faks0.avi,1,0.9999998
/home/tianlong/Downloads/dftimit/DeepfakeTIMIT/lower_quality/fedw0/sx184-video-faks0.avi,1,0.99999684
/home/tianlong/Downloads/dftimit/DeepfakeTIMIT/lower_quality/fedw0/sx94-video-faks0.avi,1,1.0
/home/tianlong/Downloads/dftimit/DeepfakeTIMIT/lower_quality/fedw0/sa2-video-faks0.avi,1,0.9999998
/home/tianlong/Downloads/dftimit/DeepfakeTIMIT/lower_quality/mdbb0/sx1195-video-mrcz0.avi,1,0.99998343
/home/tianlong/Downloads/dftimit/DeepfakeTIMIT/lower_quality/mdbb0/sx115-video-mrcz0.avi,1,0.999996
/home/tianlong/Downloads/dftimit/DeepfakeTIMIT/lower_quality/mdbb0/sx205-video-mrcz0.avi,1,0.99882233
/home/tianlong/Downloads/dftimit/DeepfakeTIMIT/lower_quality/mdbb0/si1825-video-mrcz0.avi,1,0.9999814
/home/tianlong/Downloads/dftimit/DeepfakeTIMIT/lower_quality/mdbb0/sa1-video-mrcz0.avi,1,0.9999784
/home/tianlong/Downloads/dftimit/DeepfakeTIMIT/lower_quality/mdbb0/si565-video-mrcz0.avi,1,0.9999981
/home/tianlong/Downloads/dftimit/DeepfakeTIMIT/lower_quality/mdbb0/sx295-video-mrcz0.avi,1,0.99996156
/home/tianlong/Downloads/dftimit/DeepfakeTIMIT/lower_quality/mdbb0/sa2-video-mrcz0.avi,1,0.9999978
/home/tianlong/Downloads/dftimit/DeepfakeTIMIT/lower_quality/mdbb0/sx25-video-mrcz0.avi,1,0.99447554
/home/tianlong/Downloads/dftimit/DeepfakeTIMIT/lower_quality/mdbb0/sx385-video-mrcz0.avi,1,0.9999698
/home/tianlong/Downloads/dftimit/DeepfakeTIMIT/lower_quality/mrgg0/sx119-video-msjs1.avi,1,0.9667209
/home/tianlong/Downloads/dftimit/DeepfakeTIMIT/lower_quality/mrgg0/si1829-video-msjs1.avi,1,0.96373385
/home/tianlong/Downloads/dftimit/DeepfakeTIMIT/lower_quality/mrgg0/si1199-video-msjs1.avi,1,0.98707074
/home/tianlong/Downloads/dftimit/DeepfakeTIMIT/lower_quality/mrgg0/sx389-video-msjs1.avi,1,0.9959568
/home/tianlong/Downloads/dftimit/DeepfakeTIMIT/lower_quality/mrgg0/sa1-video-msjs1.avi,1,0.9897394
/home/tianlong/Downloads/dftimit/DeepfakeTIMIT/lower_quality/mrgg0/sx209-video-msjs1.avi,1,0.9996394
/home/tianlong/Downloads/dftimit/DeepfakeTIMIT/lower_quality/mrgg0/sx29-video-msjs1.avi,1,0.9997999
/home/tianlong/Downloads/dftimit/DeepfakeTIMIT/lower_quality/mrgg0/sx299-video-msjs1.avi,1,0.9876486
/home/tianlong/Downloads/dftimit/DeepfakeTIMIT/lower_quality/mrgg0/sa2-video-msjs1.avi,1,0.992507
/home/tianlong/Downloads/dftimit/DeepfakeTIMIT/lower_quality/mrgg0/si569-video-msjs1.avi,1,0.9728502
/home/tianlong/Downloads/dftimit/DeepfakeTIMIT/lower_quality/fcmh0/sa2-video-fjre0.avi,1,0.9986206
/home/tianlong/Downloads/dftimit/DeepfakeTIMIT/lower_quality/fcmh0/si824-video-fjre0.avi,1,0.99195325
/home/tianlong/Downloads/dftimit/DeepfakeTIMIT/lower_quality/fcmh0/sx14-video-fjre0.avi,1,0.99481523
/home/tianlong/Downloads/dftimit/DeepfakeTIMIT/lower_quality/fcmh0/si2084-video-fjre0.avi,1,0.99989116
/home/tianlong/Downloads/dftimit/DeepfakeTIMIT/lower_quality/fcmh0/sx104-video-fjre0.avi,1,0.9969047
/home/tianlong/Downloads/dftimit/DeepfakeTIMIT/lower_quality/fcmh0/sx194-video-fjre0.avi,1,0.98525953
/home/tianlong/Downloads/dftimit/DeepfakeTIMIT/lower_quality/fcmh0/sa1-video-fjre0.avi,1,0.9999682
/home/tianlong/Downloads/dftimit/DeepfakeTIMIT/lower_quality/fcmh0/si1454-video-fjre0.avi,1,0.99981564
/home/tianlong/Downloads/dftimit/DeepfakeTIMIT/lower_quality/fcmh0/sx284-video-fjre0.avi,1,0.9296808
/home/tianlong/Downloads/dftimit/DeepfakeTIMIT/lower_quality/fcmh0/sx374-video-fjre0.avi,1,0.99924403
/home/tianlong/Downloads/dftimit/DeepfakeTIMIT/lower_quality/mmdb1/si2255-video-mjsw0.avi,1,0.98893577
/home/tianlong/Downloads/dftimit/DeepfakeTIMIT/lower_quality/mmdb1/sx5-video-mjsw0.avi,1,0.98425245
/home/tianlong/Downloads/dftimit/DeepfakeTIMIT/lower_quality/mmdb1/sx185-video-mjsw0.avi,1,0.9874302
/home/tianlong/Downloads/dftimit/DeepfakeTIMIT/lower_quality/mmdb1/sa1-video-mjsw0.avi,1,0.94532967
/home/tianlong/Downloads/dftimit/DeepfakeTIMIT/lower_quality/mmdb1/sx275-video-mjsw0.avi,1,0.97442883
/home/tianlong/Downloads/dftimit/DeepfakeTIMIT/lower_quality/mmdb1/sx1625-video-mjsw0.avi,1,0.96345985
/home/tianlong/Downloads/dftimit/DeepfakeTIMIT/lower_quality/mmdb1/sx365-video-mjsw0.avi,1,0.9958669
/home/tianlong/Downloads/dftimit/DeepfakeTIMIT/lower_quality/mmdb1/si995-video-mjsw0.avi,1,0.97644746
/home/tianlong/Downloads/dftimit/DeepfakeTIMIT/lower_quality/mmdb1/sa2-video-mjsw0.avi,1,0.92393655
/home/tianlong/Downloads/dftimit/DeepfakeTIMIT/lower_quality/mmdb1/sx95-video-mjsw0.avi,1,0.99720335
