Video,Label,Prediction
/home/tianlong/Downloads/dftimit/DeepfakeTIMIT/dftimitreal/fkms0/video/head2/13.avi,0,0.40466458
/home/tianlong/Downloads/dftimit/DeepfakeTIMIT/dftimitreal/mabw0/video/si1664/31.avi,0,2.94714e-08
/home/tianlong/Downloads/dftimit/DeepfakeTIMIT/dftimitreal/mabw0/video/sx404/36.avi,0,0.00026767008
/home/tianlong/Downloads/dftimit/DeepfakeTIMIT/dftimitreal/fjwb0/video/sx275/50.avi,0,0.0056808405
/home/tianlong/Downloads/dftimit/DeepfakeTIMIT/dftimitreal/fedw0/video/sa1/73.avi,0,0.1092029
/home/tianlong/Downloads/dftimit/DeepfakeTIMIT/dftimitreal/fedw0/video/head3/80.avi,0,0.36737376
/home/tianlong/Downloads/dftimit/DeepfakeTIMIT/dftimitreal/fedw0/video/si1653/81.avi,0,0.10077109
/home/tianlong/Downloads/dftimit/DeepfakeTIMIT/dftimitreal/mtas1/video/sa2/93.avi,0,0.15823051
/home/tianlong/Downloads/dftimit/DeepfakeTIMIT/dftimitreal/mtas1/video/head2/96.avi,0,0.21683915
/home/tianlong/Downloads/dftimit/DeepfakeTIMIT/dftimitreal/mdbb0/video/sx205/109.avi,0,0.2644115
/home/tianlong/Downloads/dftimit/DeepfakeTIMIT/dftimitreal/mbjk0/video/sx5/145.avi,0,0.08647141
/home/tianlong/Downloads/dftimit/DeepfakeTIMIT/dftimitreal/mwbt0/video/head2/166.avi,0,0.50066555
/home/tianlong/Downloads/dftimit/DeepfakeTIMIT/dftimitreal/mcem0/video/si2028/174.avi,0,0.25750637
/home/tianlong/Downloads/dftimit/DeepfakeTIMIT/dftimitreal/mcem0/video/head2/180.avi,0,0.32463923
/home/tianlong/Downloads/dftimit/DeepfakeTIMIT/dftimitreal/mpdf0/video/si912/199.avi,0,0.4283927
/home/tianlong/Downloads/dftimit/DeepfakeTIMIT/dftimitreal/mpdf0/video/sa2/203.avi,0,0.45644516
/home/tianlong/Downloads/dftimit/DeepfakeTIMIT/dftimitreal/mtmr0/video/sx43/213.avi,0,0.037741534
/home/tianlong/Downloads/dftimit/DeepfakeTIMIT/dftimitreal/mdab0/video/sx319/225.avi,0,0.271042
/home/tianlong/Downloads/dftimit/DeepfakeTIMIT/dftimitreal/mrgg0/video/sa1/239.avi,0,0.00015589227
/home/tianlong/Downloads/dftimit/DeepfakeTIMIT/dftimitreal/mrgg0/video/si569/240.avi,0,0.0028997306
/home/tianlong/Downloads/dftimit/DeepfakeTIMIT/dftimitreal/mrgg0/video/head2/251.avi,0,0.2622777
/home/tianlong/Downloads/dftimit/DeepfakeTIMIT/dftimitreal/fjem0/video/sx274/260.avi,0,0.3037244
/home/tianlong/Downloads/dftimit/DeepfakeTIMIT/dftimitreal/fcmr0/video/head/285.avi,0,0.2485464
/home/tianlong/Downloads/dftimit/DeepfakeTIMIT/dftimitreal/mmdm2/video/head/302.avi,0,0.35254964
/home/tianlong/Downloads/dftimit/DeepfakeTIMIT/dftimitreal/mccs0/video/si1469/310.avi,0,0.33537728
/home/tianlong/Downloads/dftimit/DeepfakeTIMIT/dftimitreal/mccs0/video/head2/320.avi,0,0.35535544
/home/tianlong/Downloads/dftimit/DeepfakeTIMIT/dftimitreal/mgwt0/video/head/328.avi,0,0.4198771
/home/tianlong/Downloads/dftimit/DeepfakeTIMIT/dftimitreal/mgwt0/video/si1539/331.avi,0,0.124034956
/home/tianlong/Downloads/dftimit/DeepfakeTIMIT/dftimitreal/fpkt0/video/sx8/338.avi,0,0.19973484
/home/tianlong/Downloads/dftimit/DeepfakeTIMIT/dftimitreal/fpkt0/video/sa2/345.avi,0,0.09689151
/home/tianlong/Downloads/dftimit/DeepfakeTIMIT/dftimitreal/fcmh0/video/si2084/356.avi,0,0.9182749
/home/tianlong/Downloads/dftimit/DeepfakeTIMIT/dftimitreal/fram1/video/si1360/367.avi,0,0.024453247
/home/tianlong/Downloads/dftimit/DeepfakeTIMIT/dftimitreal/fram1/video/si730/372.avi,0,0.0545727
/home/tianlong/Downloads/dftimit/DeepfakeTIMIT/dftimitreal/fgjd0/video/sa2/386.avi,0,0.017962778
/home/tianlong/Downloads/dftimit/DeepfakeTIMIT/dftimitreal/fcrh0/video/sa1/393.avi,0,0.049835786
/home/tianlong/Downloads/dftimit/DeepfakeTIMIT/dftimitreal/fcrh0/video/sa2/399.avi,0,0.057705373
/home/tianlong/Downloads/dftimit/DeepfakeTIMIT/dftimitreal/fcrh0/video/si458/404.avi,0,0.075022414
/home/tianlong/Downloads/dftimit/DeepfakeTIMIT/dftimitreal/fjre0/video/sa1/407.avi,0,0.22656831
/home/tianlong/Downloads/dftimit/DeepfakeTIMIT/dftimitreal/fjre0/video/sx36/416.avi,0,0.3293837
/home/tianlong/Downloads/dftimit/DeepfakeTIMIT/dftimitreal/fjre0/video/sx306/417.avi,0,0.051172506
/home/tianlong/Downloads/dftimit/DeepfakeTIMIT/dftimitreal/fadg0/video/sa1/421.avi,0,0.0034396555
/home/tianlong/Downloads/dftimit/DeepfakeTIMIT/dftimitreal/fadg0/video/sx289/422.avi,0,0.0064006224
/home/tianlong/Downloads/dftimit/DeepfakeTIMIT/dftimitreal/fadg0/video/head2/430.avi,0,0.07440889
/home/tianlong/Downloads/dftimit/DeepfakeTIMIT/dftimitreal/mreb0/video/si1375/436.avi,0,0.42743206
/home/tianlong/Downloads/dftimit/DeepfakeTIMIT/dftimitreal/mreb0/video/sx115/437.avi,0,0.07788266
/home/tianlong/Downloads/dftimit/DeepfakeTIMIT/dftimitreal/mreb0/video/si2005/443.avi,0,0.18109721
/home/tianlong/Downloads/dftimit/DeepfakeTIMIT/dftimitreal/mmdb1/video/sx5/454.avi,0,0.036584053
/home/tianlong/Downloads/dftimit/DeepfakeTIMIT/dftimitreal/mmdb1/video/sx185/461.avi,0,0.008316099
/home/tianlong/Downloads/dftimit/DeepfakeTIMIT/dftimitreal/fdac1/video/head2/473.avi,0,0.435618
/home/tianlong/Downloads/dftimit/DeepfakeTIMIT/dftimitreal/fdac1/video/sx34/475.avi,0,0.092727445
/home/tianlong/Downloads/dftimit/DeepfakeTIMIT/dftimitreal/mrcz0/video/si1541/486.avi,0,0.5479804
/home/tianlong/Downloads/dftimit/DeepfakeTIMIT/dftimitreal/mrcz0/video/head2/488.avi,0,0.53430057
/home/tianlong/Downloads/dftimit/DeepfakeTIMIT/dftimitreal/mstk0/video/head/507.avi,0,0.4194553
/home/tianlong/Downloads/dftimit/DeepfakeTIMIT/dftimitreal/mstk0/video/head3/514.avi,0,0.5082429
/home/tianlong/Downloads/dftimit/DeepfakeTIMIT/dftimitreal/faks0/video/sx223/525.avi,0,0.6716205
/home/tianlong/Downloads/dftimit/DeepfakeTIMIT/dftimitreal/mdld0/video/sx283/535.avi,0,0.17798117
/home/tianlong/Downloads/dftimit/DeepfakeTIMIT/dftimitreal/mdld0/video/head3/540.avi,0,0.2920655
/home/tianlong/Downloads/dftimit/DeepfakeTIMIT/dftimitreal/fdrd1/video/head3/572.avi,0,0.39300865
/home/tianlong/Downloads/dftimit/DeepfakeTIMIT/dftimitreal/fdrd1/video/head2/573.avi,0,0.39428622
/home/tianlong/Downloads/dftimit/DeepfakeTIMIT/dftimitreal/mrjo0/video/sx14/583.avi,0,0.118317746
/home/tianlong/Downloads/dftimit/DeepfakeTIMIT/lower_quality/fjwb0/sa1-video-fjas0.avi,1,0.74297696
/home/tianlong/Downloads/dftimit/DeepfakeTIMIT/lower_quality/fjwb0/sx95-video-fjas0.avi,1,0.7274449
/home/tianlong/Downloads/dftimit/DeepfakeTIMIT/lower_quality/fjwb0/si1265-video-fjas0.avi,1,0.74650276
/home/tianlong/Downloads/dftimit/DeepfakeTIMIT/lower_quality/fjwb0/sx5-video-fjas0.avi,1,0.70791954
/home/tianlong/Downloads/dftimit/DeepfakeTIMIT/lower_quality/fjwb0/sx365-video-fjas0.avi,1,0.7178632
/home/tianlong/Downloads/dftimit/DeepfakeTIMIT/lower_quality/fjwb0/si992-video-fjas0.avi,1,0.7357599
/home/tianlong/Downloads/dftimit/DeepfakeTIMIT/lower_quality/fjwb0/sx185-video-fjas0.avi,1,0.69169265
/home/tianlong/Downloads/dftimit/DeepfakeTIMIT/lower_quality/fjwb0/sa2-video-fjas0.avi,1,0.7565317
/home/tianlong/Downloads/dftimit/DeepfakeTIMIT/lower_quality/fjwb0/si635-video-fjas0.avi,1,0.75668657
/home/tianlong/Downloads/dftimit/DeepfakeTIMIT/lower_quality/fjwb0/sx275-video-fjas0.avi,1,0.7429899
/home/tianlong/Downloads/dftimit/DeepfakeTIMIT/lower_quality/fedw0/si1714-video-faks0.avi,1,0.9731518
/home/tianlong/Downloads/dftimit/DeepfakeTIMIT/lower_quality/fedw0/si1084-video-faks0.avi,1,0.9798975
/home/tianlong/Downloads/dftimit/DeepfakeTIMIT/lower_quality/fedw0/sx4-video-faks0.avi,1,0.9876234
/home/tianlong/Downloads/dftimit/DeepfakeTIMIT/lower_quality/fedw0/si1653-video-faks0.avi,1,0.9710293
/home/tianlong/Downloads/dftimit/DeepfakeTIMIT/lower_quality/fedw0/sx274-video-faks0.avi,1,0.99346906
/home/tianlong/Downloads/dftimit/DeepfakeTIMIT/lower_quality/fedw0/sx364-video-faks0.avi,1,0.9853176
/home/tianlong/Downloads/dftimit/DeepfakeTIMIT/lower_quality/fedw0/sa1-video-faks0.avi,1,0.9577249
/home/tianlong/Downloads/dftimit/DeepfakeTIMIT/lower_quality/fedw0/sx184-video-faks0.avi,1,0.9632076
/home/tianlong/Downloads/dftimit/DeepfakeTIMIT/lower_quality/fedw0/sx94-video-faks0.avi,1,0.9934295
/home/tianlong/Downloads/dftimit/DeepfakeTIMIT/lower_quality/fedw0/sa2-video-faks0.avi,1,0.97792643
/home/tianlong/Downloads/dftimit/DeepfakeTIMIT/lower_quality/mdbb0/sx1195-video-mrcz0.avi,1,0.99449474
/home/tianlong/Downloads/dftimit/DeepfakeTIMIT/lower_quality/mdbb0/sx115-video-mrcz0.avi,1,0.99736917
/home/tianlong/Downloads/dftimit/DeepfakeTIMIT/lower_quality/mdbb0/sx205-video-mrcz0.avi,1,0.94732255
/home/tianlong/Downloads/dftimit/DeepfakeTIMIT/lower_quality/mdbb0/si1825-video-mrcz0.avi,1,0.9898141
/home/tianlong/Downloads/dftimit/DeepfakeTIMIT/lower_quality/mdbb0/sa1-video-mrcz0.avi,1,0.97586477
/home/tianlong/Downloads/dftimit/DeepfakeTIMIT/lower_quality/mdbb0/si565-video-mrcz0.avi,1,0.99428225
/home/tianlong/Downloads/dftimit/DeepfakeTIMIT/lower_quality/mdbb0/sx295-video-mrcz0.avi,1,0.8930208
/home/tianlong/Downloads/dftimit/DeepfakeTIMIT/lower_quality/mdbb0/sa2-video-mrcz0.avi,1,0.9901465
/home/tianlong/Downloads/dftimit/DeepfakeTIMIT/lower_quality/mdbb0/sx25-video-mrcz0.avi,1,0.9608612
/home/tianlong/Downloads/dftimit/DeepfakeTIMIT/lower_quality/mdbb0/sx385-video-mrcz0.avi,1,0.84985906
/home/tianlong/Downloads/dftimit/DeepfakeTIMIT/lower_quality/mrgg0/sx119-video-msjs1.avi,1,0.9671488
/home/tianlong/Downloads/dftimit/DeepfakeTIMIT/lower_quality/mrgg0/si1829-video-msjs1.avi,1,0.8649942
/home/tianlong/Downloads/dftimit/DeepfakeTIMIT/lower_quality/mrgg0/si1199-video-msjs1.avi,1,0.8945009
/home/tianlong/Downloads/dftimit/DeepfakeTIMIT/lower_quality/mrgg0/sx389-video-msjs1.avi,1,0.85205495
/home/tianlong/Downloads/dftimit/DeepfakeTIMIT/lower_quality/mrgg0/sa1-video-msjs1.avi,1,0.8660089
/home/tianlong/Downloads/dftimit/DeepfakeTIMIT/lower_quality/mrgg0/sx209-video-msjs1.avi,1,0.85187846
/home/tianlong/Downloads/dftimit/DeepfakeTIMIT/lower_quality/mrgg0/sx29-video-msjs1.avi,1,0.79055274
/home/tianlong/Downloads/dftimit/DeepfakeTIMIT/lower_quality/mrgg0/sx299-video-msjs1.avi,1,0.8207284
/home/tianlong/Downloads/dftimit/DeepfakeTIMIT/lower_quality/mrgg0/sa2-video-msjs1.avi,1,0.9186586
/home/tianlong/Downloads/dftimit/DeepfakeTIMIT/lower_quality/mrgg0/si569-video-msjs1.avi,1,0.95020217
/home/tianlong/Downloads/dftimit/DeepfakeTIMIT/lower_quality/fcmh0/sa2-video-fjre0.avi,1,0.99378127
/home/tianlong/Downloads/dftimit/DeepfakeTIMIT/lower_quality/fcmh0/si824-video-fjre0.avi,1,0.9616559
/home/tianlong/Downloads/dftimit/DeepfakeTIMIT/lower_quality/fcmh0/sx14-video-fjre0.avi,1,0.9965683
/home/tianlong/Downloads/dftimit/DeepfakeTIMIT/lower_quality/fcmh0/si2084-video-fjre0.avi,1,0.9936185
/home/tianlong/Downloads/dftimit/DeepfakeTIMIT/lower_quality/fcmh0/sx104-video-fjre0.avi,1,0.96084183
/home/tianlong/Downloads/dftimit/DeepfakeTIMIT/lower_quality/fcmh0/sx194-video-fjre0.avi,1,0.9940359
/home/tianlong/Downloads/dftimit/DeepfakeTIMIT/lower_quality/fcmh0/sa1-video-fjre0.avi,1,0.98500603
/home/tianlong/Downloads/dftimit/DeepfakeTIMIT/lower_quality/fcmh0/si1454-video-fjre0.avi,1,0.9942257
/home/tianlong/Downloads/dftimit/DeepfakeTIMIT/lower_quality/fcmh0/sx284-video-fjre0.avi,1,0.8945505
/home/tianlong/Downloads/dftimit/DeepfakeTIMIT/lower_quality/fcmh0/sx374-video-fjre0.avi,1,0.8912549
/home/tianlong/Downloads/dftimit/DeepfakeTIMIT/lower_quality/mmdb1/si2255-video-mjsw0.avi,1,0.47655493
/home/tianlong/Downloads/dftimit/DeepfakeTIMIT/lower_quality/mmdb1/sx5-video-mjsw0.avi,1,0.5560471
/home/tianlong/Downloads/dftimit/DeepfakeTIMIT/lower_quality/mmdb1/sx185-video-mjsw0.avi,1,0.55345637
/home/tianlong/Downloads/dftimit/DeepfakeTIMIT/lower_quality/mmdb1/sa1-video-mjsw0.avi,1,0.5132713
/home/tianlong/Downloads/dftimit/DeepfakeTIMIT/lower_quality/mmdb1/sx275-video-mjsw0.avi,1,0.47298265
/home/tianlong/Downloads/dftimit/DeepfakeTIMIT/lower_quality/mmdb1/sx1625-video-mjsw0.avi,1,0.4731834
/home/tianlong/Downloads/dftimit/DeepfakeTIMIT/lower_quality/mmdb1/sx365-video-mjsw0.avi,1,0.5006534
/home/tianlong/Downloads/dftimit/DeepfakeTIMIT/lower_quality/mmdb1/si995-video-mjsw0.avi,1,0.49679297
/home/tianlong/Downloads/dftimit/DeepfakeTIMIT/lower_quality/mmdb1/sa2-video-mjsw0.avi,1,0.47765422
/home/tianlong/Downloads/dftimit/DeepfakeTIMIT/lower_quality/mmdb1/sx95-video-mjsw0.avi,1,0.49999174
