Video,Label,Prediction
/home/tianlong/Downloads/celebdf/YouTube-real/00170.mp4,0,0.3964331
/home/tianlong/Downloads/celebdf/YouTube-real/00208.mp4,0,0.19538505
/home/tianlong/Downloads/celebdf/YouTube-real/00063.mp4,0,0.3558258
/home/tianlong/Downloads/celebdf/YouTube-real/00024.mp4,0,0.0276004
/home/tianlong/Downloads/celebdf/YouTube-real/00021.mp4,0,0.20766576
/home/tianlong/Downloads/celebdf/YouTube-real/00036.mp4,0,0.3452406
/home/tianlong/Downloads/celebdf/YouTube-real/00202.mp4,0,0.16740637
/home/tianlong/Downloads/celebdf/YouTube-real/00236.mp4,0,0.09542932
/home/tianlong/Downloads/celebdf/YouTube-real/00197.mp4,0,0.21694602
/home/tianlong/Downloads/celebdf/YouTube-real/00133.mp4,0,0.19009198
/home/tianlong/Downloads/celebdf/YouTube-real/00213.mp4,0,0.2788997
/home/tianlong/Downloads/celebdf/YouTube-real/00011.mp4,0,0.27870038
/home/tianlong/Downloads/celebdf/YouTube-real/00095.mp4,0,0.40167114
/home/tianlong/Downloads/celebdf/YouTube-real/00138.mp4,0,0.09090876
/home/tianlong/Downloads/celebdf/YouTube-real/00106.mp4,0,0.3182559
/home/tianlong/Downloads/celebdf/YouTube-real/00194.mp4,0,0.06667456
/home/tianlong/Downloads/celebdf/YouTube-real/00092.mp4,0,0.21540304
/home/tianlong/Downloads/celebdf/YouTube-real/00227.mp4,0,0.15458913
/home/tianlong/Downloads/celebdf/YouTube-real/00244.mp4,0,0.30640924
/home/tianlong/Downloads/celebdf/YouTube-real/00119.mp4,0,0.23630519
/home/tianlong/Downloads/celebdf/YouTube-real/00082.mp4,0,0.0068757483
/home/tianlong/Downloads/celebdf/YouTube-real/00188.mp4,0,0.29695514
/home/tianlong/Downloads/celebdf/YouTube-real/00076.mp4,0,0.18305415
/home/tianlong/Downloads/celebdf/YouTube-real/00047.mp4,0,0.027791739
/home/tianlong/Downloads/celebdf/YouTube-real/00168.mp4,0,0.17500015
/home/tianlong/Downloads/celebdf/YouTube-real/00207.mp4,0,0.088398576
/home/tianlong/Downloads/celebdf/YouTube-real/00193.mp4,0,0.15475065
/home/tianlong/Downloads/celebdf/YouTube-real/00061.mp4,0,0.19865231
/home/tianlong/Downloads/celebdf/YouTube-real/00023.mp4,0,0.5053621
/home/tianlong/Downloads/celebdf/YouTube-real/00048.mp4,0,0.30167252
/home/tianlong/Downloads/celebdf/YouTube-real/00250.mp4,0,0.103221536
/home/tianlong/Downloads/celebdf/YouTube-real/00251.mp4,0,0.4479606
/home/tianlong/Downloads/celebdf/YouTube-real/00252.mp4,0,0.029707342
/home/tianlong/Downloads/celebdf/YouTube-real/00253.mp4,0,0.12228709
/home/tianlong/Downloads/celebdf/YouTube-real/00254.mp4,0,0.14444925
/home/tianlong/Downloads/celebdf/YouTube-real/00255.mp4,0,0.08119128
/home/tianlong/Downloads/celebdf/YouTube-real/00256.mp4,0,0.09997615
/home/tianlong/Downloads/celebdf/YouTube-real/00257.mp4,0,0.08670324
/home/tianlong/Downloads/celebdf/YouTube-real/00258.mp4,0,0.03326254
/home/tianlong/Downloads/celebdf/YouTube-real/00259.mp4,0,0.21833907
/home/tianlong/Downloads/celebdf/YouTube-real/00260.mp4,0,0.34454224
/home/tianlong/Downloads/celebdf/YouTube-real/00261.mp4,0,0.14047787
/home/tianlong/Downloads/celebdf/YouTube-real/00262.mp4,0,0.118839554
/home/tianlong/Downloads/celebdf/YouTube-real/00263.mp4,0,0.37101504
/home/tianlong/Downloads/celebdf/YouTube-real/00264.mp4,0,0.42483446
/home/tianlong/Downloads/celebdf/YouTube-real/00265.mp4,0,0.0061542545
/home/tianlong/Downloads/celebdf/YouTube-real/00266.mp4,0,0.34656826
/home/tianlong/Downloads/celebdf/YouTube-real/00267.mp4,0,0.2550514
/home/tianlong/Downloads/celebdf/YouTube-real/00268.mp4,0,0.1796012
/home/tianlong/Downloads/celebdf/YouTube-real/00269.mp4,0,0.076567225
/home/tianlong/Downloads/celebdf/YouTube-real/00270.mp4,0,0.03814721
/home/tianlong/Downloads/celebdf/YouTube-real/00271.mp4,0,0.33362755
/home/tianlong/Downloads/celebdf/YouTube-real/00272.mp4,0,0.32240322
/home/tianlong/Downloads/celebdf/YouTube-real/00273.mp4,0,0.042631846
/home/tianlong/Downloads/celebdf/YouTube-real/00274.mp4,0,0.014727861
/home/tianlong/Downloads/celebdf/YouTube-real/00275.mp4,0,0.15510382
/home/tianlong/Downloads/celebdf/YouTube-real/00276.mp4,0,0.085977584
/home/tianlong/Downloads/celebdf/YouTube-real/00277.mp4,0,0.06025971
/home/tianlong/Downloads/celebdf/YouTube-real/00278.mp4,0,0.20854302
/home/tianlong/Downloads/celebdf/YouTube-real/00279.mp4,0,0.06558875
/home/tianlong/Downloads/celebdf/YouTube-real/00280.mp4,0,0.19854529
/home/tianlong/Downloads/celebdf/YouTube-real/00281.mp4,0,0.31012395
/home/tianlong/Downloads/celebdf/YouTube-real/00282.mp4,0,0.25104025
/home/tianlong/Downloads/celebdf/YouTube-real/00283.mp4,0,0.3166181
/home/tianlong/Downloads/celebdf/YouTube-real/00284.mp4,0,0.18693429
/home/tianlong/Downloads/celebdf/YouTube-real/00285.mp4,0,0.067376435
/home/tianlong/Downloads/celebdf/YouTube-real/00286.mp4,0,0.17094673
/home/tianlong/Downloads/celebdf/YouTube-real/00287.mp4,0,0.11220959
/home/tianlong/Downloads/celebdf/YouTube-real/00288.mp4,0,0.24579026
/home/tianlong/Downloads/celebdf/YouTube-real/00289.mp4,0,0.035648633
/home/tianlong/Downloads/celebdf/Celeb-real/id1_0007.mp4,0,0.22530258
/home/tianlong/Downloads/celebdf/Celeb-real/id2_0008.mp4,0,0.017147774
/home/tianlong/Downloads/celebdf/Celeb-real/id3_0001.mp4,0,0.20559959
/home/tianlong/Downloads/celebdf/Celeb-real/id6_0005.mp4,0,0.25627837
/home/tianlong/Downloads/celebdf/Celeb-real/id9_0000.mp4,0,0.308927
/home/tianlong/Downloads/celebdf/Celeb-real/id11_0008.mp4,0,0.22704013
/home/tianlong/Downloads/celebdf/Celeb-real/id16_0011.mp4,0,0.32847676
/home/tianlong/Downloads/celebdf/Celeb-real/id17_0000.mp4,0,0.2887362
/home/tianlong/Downloads/celebdf/Celeb-real/id35_0008.mp4,0,0.11981315
/home/tianlong/Downloads/celebdf/Celeb-real/id39_0005.mp4,0,0.29686928
/home/tianlong/Downloads/celebdf/Celeb-real/id48_0000.mp4,0,0.18454163
/home/tianlong/Downloads/celebdf/Celeb-real/id32_0008.mp4,0,0.07921677
/home/tianlong/Downloads/celebdf/Celeb-real/id56_0009.mp4,0,0.30460095
/home/tianlong/Downloads/celebdf/Celeb-real/id54_0007.mp4,0,0.23092355
/home/tianlong/Downloads/celebdf/Celeb-real/id37_0005.mp4,0,0.22123052
/home/tianlong/Downloads/celebdf/Celeb-real/id29_0008.mp4,0,0.2885389
/home/tianlong/Downloads/celebdf/Celeb-real/id43_0006.mp4,0,0.051077764
/home/tianlong/Downloads/celebdf/Celeb-real/id1_0006.mp4,0,0.1688944
/home/tianlong/Downloads/celebdf/Celeb-real/id51_0001.mp4,0,0.17744148
/home/tianlong/Downloads/celebdf/Celeb-real/id31_0007.mp4,0,0.07651661
/home/tianlong/Downloads/celebdf/Celeb-real/id2_0003.mp4,0,0.21653475
/home/tianlong/Downloads/celebdf/Celeb-real/id21_0009.mp4,0,0.32192233
/home/tianlong/Downloads/celebdf/Celeb-real/id50_0003.mp4,0,0.20566167
/home/tianlong/Downloads/celebdf/Celeb-real/id21_0006.mp4,0,0.29565984
/home/tianlong/Downloads/celebdf/Celeb-real/id44_0003.mp4,0,0.20697571
/home/tianlong/Downloads/celebdf/Celeb-real/id36_0006.mp4,0,0.34426785
/home/tianlong/Downloads/celebdf/Celeb-real/id36_0008.mp4,0,0.3715067
/home/tianlong/Downloads/celebdf/Celeb-real/id1_0008.mp4,0,0.040997606
/home/tianlong/Downloads/celebdf/Celeb-real/id45_0003.mp4,0,0.15763523
/home/tianlong/Downloads/celebdf/Celeb-real/id48_0003.mp4,0,0.1120705
/home/tianlong/Downloads/celebdf/Celeb-real/id23_0001.mp4,0,0.011790958
/home/tianlong/Downloads/celebdf/Celeb-real/id16_0010.mp4,0,0.16918379
/home/tianlong/Downloads/celebdf/Celeb-real/id31_0004.mp4,0,0.14974028
/home/tianlong/Downloads/celebdf/Celeb-real/id35_0000.mp4,0,0.13139378
/home/tianlong/Downloads/celebdf/Celeb-real/id58_0002.mp4,0,0.14075525
/home/tianlong/Downloads/celebdf/Celeb-real/id30_0007.mp4,0,0.20756371
/home/tianlong/Downloads/celebdf/Celeb-real/id12_0005.mp4,0,0.3766358
/home/tianlong/Downloads/celebdf/Celeb-real/id56_0002.mp4,0,0.20442967
/home/tianlong/Downloads/celebdf/Celeb-real/id33_0005.mp4,0,0.20112157
/home/tianlong/Downloads/celebdf/Celeb-real/id29_0009.mp4,0,0.17788197
/home/tianlong/Downloads/celebdf/Celeb-real/id13_0013.mp4,0,0.0705192
/home/tianlong/Downloads/celebdf/Celeb-real/id28_0009.mp4,0,0.30217442
/home/tianlong/Downloads/celebdf/Celeb-real/id36_0000.mp4,0,0.35059392
/home/tianlong/Downloads/celebdf/Celeb-real/id24_0009.mp4,0,0.06467166
/home/tianlong/Downloads/celebdf/Celeb-real/id39_0004.mp4,0,0.14966829
/home/tianlong/Downloads/celebdf/Celeb-real/id27_0008.mp4,0,0.3838288
/home/tianlong/Downloads/celebdf/Celeb-real/id11_0006.mp4,0,0.2255771
/home/tianlong/Downloads/celebdf/Celeb-real/id19_0007.mp4,0,0.07190149
/home/tianlong/Downloads/celebdf/Celeb-real/id37_0009.mp4,0,0.10526263
/home/tianlong/Downloads/celebdf/Celeb-real/id3_0008.mp4,0,0.1364284
/home/tianlong/Downloads/celebdf/Celeb-real/id46_0000.mp4,0,0.5620396
/home/tianlong/Downloads/celebdf/Celeb-real/id33_0008.mp4,0,0.06607601
/home/tianlong/Downloads/celebdf/Celeb-real/id8_0000.mp4,0,0.28245857
/home/tianlong/Downloads/celebdf/Celeb-real/id16_0007.mp4,0,0.11620886
/home/tianlong/Downloads/celebdf/Celeb-real/id1_0001.mp4,0,0.17897438
/home/tianlong/Downloads/celebdf/Celeb-real/id32_0002.mp4,0,0.22112395
/home/tianlong/Downloads/celebdf/Celeb-real/id19_0005.mp4,0,0.302963
/home/tianlong/Downloads/celebdf/Celeb-real/id27_0009.mp4,0,0.016062139
/home/tianlong/Downloads/celebdf/Celeb-real/id2_0001.mp4,0,0.123049356
/home/tianlong/Downloads/celebdf/Celeb-real/id13_0011.mp4,0,0.10192397
/home/tianlong/Downloads/celebdf/Celeb-real/id49_0004.mp4,0,0.1996227
/home/tianlong/Downloads/celebdf/Celeb-real/id57_0007.mp4,0,0.2709912
/home/tianlong/Downloads/celebdf/Celeb-real/id26_0008.mp4,0,0.04433739
/home/tianlong/Downloads/celebdf/Celeb-real/id2_0004.mp4,0,0.20488822
/home/tianlong/Downloads/celebdf/Celeb-real/id36_0001.mp4,0,0.37419167
/home/tianlong/Downloads/celebdf/Celeb-real/id0_0001.mp4,0,0.33663306
/home/tianlong/Downloads/celebdf/Celeb-real/id10_0007.mp4,0,0.40022445
/home/tianlong/Downloads/celebdf/Celeb-real/id17_0002.mp4,0,0.2032531
/home/tianlong/Downloads/celebdf/Celeb-real/id4_0004.mp4,0,0.12739287
/home/tianlong/Downloads/celebdf/Celeb-real/id36_0002.mp4,0,0.35256147
/home/tianlong/Downloads/celebdf/Celeb-real/id53_0003.mp4,0,0.3954939
/home/tianlong/Downloads/celebdf/Celeb-real/id25_0010.mp4,0,0.12651129
/home/tianlong/Downloads/celebdf/Celeb-real/id51_0006.mp4,0,0.1270204
/home/tianlong/Downloads/celebdf/Celeb-real/id22_0000.mp4,0,0.12144733
/home/tianlong/Downloads/celebdf/Celeb-real/id10_0001.mp4,0,0.061966553
/home/tianlong/Downloads/celebdf/Celeb-real/id6_0002.mp4,0,0.26692292
/home/tianlong/Downloads/celebdf/Celeb-real/id12_0000.mp4,0,0.054081593
/home/tianlong/Downloads/celebdf/Celeb-real/id35_0003.mp4,0,0.37557158
/home/tianlong/Downloads/celebdf/Celeb-real/id3_0002.mp4,0,0.10510797
/home/tianlong/Downloads/celebdf/Celeb-real/id31_0003.mp4,0,0.17863339
/home/tianlong/Downloads/celebdf/Celeb-real/id52_0002.mp4,0,0.2762676
/home/tianlong/Downloads/celebdf/Celeb-real/id2_0002.mp4,0,0.0635516
/home/tianlong/Downloads/celebdf/Celeb-real/id44_0001.mp4,0,0.0787273
/home/tianlong/Downloads/celebdf/Celeb-real/id8_0009.mp4,0,0.25463226
/home/tianlong/Downloads/celebdf/Celeb-real/id33_0002.mp4,0,0.15239511
/home/tianlong/Downloads/celebdf/Celeb-real/id50_0000.mp4,0,0.30853096
/home/tianlong/Downloads/celebdf/Celeb-real/id40_0003.mp4,0,0.2583561
/home/tianlong/Downloads/celebdf/Celeb-real/id7_0006.mp4,0,0.08049284
/home/tianlong/Downloads/celebdf/Celeb-real/id53_0007.mp4,0,0.07404655
/home/tianlong/Downloads/celebdf/Celeb-real/id43_0002.mp4,0,0.17423628
/home/tianlong/Downloads/celebdf/Celeb-real/id56_0000.mp4,0,0.18106641
/home/tianlong/Downloads/celebdf/Celeb-real/id13_0004.mp4,0,0.19931525
/home/tianlong/Downloads/celebdf/Celeb-real/id43_0001.mp4,0,0.0661693
/home/tianlong/Downloads/celebdf/Celeb-real/id20_0008.mp4,0,0.19206427
/home/tianlong/Downloads/celebdf/Celeb-real/id28_0004.mp4,0,0.15365316
/home/tianlong/Downloads/celebdf/Celeb-real/id22_0009.mp4,0,0.16975825
/home/tianlong/Downloads/celebdf/Celeb-real/id53_0000.mp4,0,0.24163897
/home/tianlong/Downloads/celebdf/Celeb-real/id50_0006.mp4,0,0.1777422
/home/tianlong/Downloads/celebdf/Celeb-real/id32_0003.mp4,0,0.10081185
/home/tianlong/Downloads/celebdf/Celeb-real/id32_0006.mp4,0,0.18929748
/home/tianlong/Downloads/celebdf/Celeb-real/id57_0003.mp4,0,0.27319118
/home/tianlong/Downloads/celebdf/Celeb-real/id37_0004.mp4,0,0.07126308
/home/tianlong/Downloads/celebdf/Celeb-real/id28_0007.mp4,0,0.4211726
/home/tianlong/Downloads/celebdf/Celeb-real/id52_0001.mp4,0,0.22036947
/home/tianlong/Downloads/celebdf/Celeb-real/id40_0009.mp4,0,0.28119856
/home/tianlong/Downloads/celebdf/Celeb-real/id51_0005.mp4,0,0.33079785
/home/tianlong/Downloads/celebdf/Celeb-real/id34_0006.mp4,0,0.09662509
/home/tianlong/Downloads/celebdf/Celeb-real/id42_0002.mp4,0,0.24991983
/home/tianlong/Downloads/celebdf/Celeb-synthesis/id1_id0_0007.mp4,1,0.16887681
/home/tianlong/Downloads/celebdf/Celeb-synthesis/id1_id3_0007.mp4,1,0.18604763
/home/tianlong/Downloads/celebdf/Celeb-synthesis/id1_id4_0007.mp4,1,0.06420978
/home/tianlong/Downloads/celebdf/Celeb-synthesis/id1_id9_0007.mp4,1,0.267799
/home/tianlong/Downloads/celebdf/Celeb-synthesis/id1_id16_0007.mp4,1,0.10003769
/home/tianlong/Downloads/celebdf/Celeb-synthesis/id1_id17_0007.mp4,1,0.16574706
/home/tianlong/Downloads/celebdf/Celeb-synthesis/id2_id0_0008.mp4,1,0.54659766
/home/tianlong/Downloads/celebdf/Celeb-synthesis/id2_id3_0008.mp4,1,0.5235483
/home/tianlong/Downloads/celebdf/Celeb-synthesis/id2_id9_0008.mp4,1,0.5090689
/home/tianlong/Downloads/celebdf/Celeb-synthesis/id3_id1_0001.mp4,1,0.28101477
/home/tianlong/Downloads/celebdf/Celeb-synthesis/id3_id2_0001.mp4,1,0.06486187
/home/tianlong/Downloads/celebdf/Celeb-synthesis/id3_id4_0001.mp4,1,0.27404216
/home/tianlong/Downloads/celebdf/Celeb-synthesis/id3_id6_0001.mp4,1,0.2185873
/home/tianlong/Downloads/celebdf/Celeb-synthesis/id3_id9_0001.mp4,1,0.26656076
/home/tianlong/Downloads/celebdf/Celeb-synthesis/id3_id16_0001.mp4,1,0.17750204
/home/tianlong/Downloads/celebdf/Celeb-synthesis/id4_id1_0003.mp4,1,0.30303922
/home/tianlong/Downloads/celebdf/Celeb-synthesis/id6_id0_0005.mp4,1,0.33007702
/home/tianlong/Downloads/celebdf/Celeb-synthesis/id6_id1_0005.mp4,1,0.26252112
/home/tianlong/Downloads/celebdf/Celeb-synthesis/id6_id2_0005.mp4,1,0.30875012
/home/tianlong/Downloads/celebdf/Celeb-synthesis/id6_id3_0005.mp4,1,0.31566584
/home/tianlong/Downloads/celebdf/Celeb-synthesis/id6_id16_0005.mp4,1,0.2541007
/home/tianlong/Downloads/celebdf/Celeb-synthesis/id7_id10_0009.mp4,1,0.2551644
/home/tianlong/Downloads/celebdf/Celeb-synthesis/id7_id11_0009.mp4,1,0.436645
/home/tianlong/Downloads/celebdf/Celeb-synthesis/id7_id13_0009.mp4,1,0.35180664
/home/tianlong/Downloads/celebdf/Celeb-synthesis/id9_id0_0000.mp4,1,0.49594375
/home/tianlong/Downloads/celebdf/Celeb-synthesis/id9_id1_0000.mp4,1,0.4163234
/home/tianlong/Downloads/celebdf/Celeb-synthesis/id9_id2_0000.mp4,1,0.34329262
/home/tianlong/Downloads/celebdf/Celeb-synthesis/id9_id3_0000.mp4,1,0.44212282
/home/tianlong/Downloads/celebdf/Celeb-synthesis/id9_id6_0000.mp4,1,0.4802564
/home/tianlong/Downloads/celebdf/Celeb-synthesis/id9_id16_0000.mp4,1,0.4206688
/home/tianlong/Downloads/celebdf/Celeb-synthesis/id10_id7_0004.mp4,1,0.24799722
/home/tianlong/Downloads/celebdf/Celeb-synthesis/id10_id11_0004.mp4,1,0.11085191
/home/tianlong/Downloads/celebdf/Celeb-synthesis/id10_id12_0004.mp4,1,0.08753579
/home/tianlong/Downloads/celebdf/Celeb-synthesis/id10_id13_0004.mp4,1,0.07010841
/home/tianlong/Downloads/celebdf/Celeb-synthesis/id10_id7_0001.mp4,1,0.15759711
/home/tianlong/Downloads/celebdf/Celeb-synthesis/id10_id11_0001.mp4,1,0.11009141
/home/tianlong/Downloads/celebdf/Celeb-synthesis/id10_id12_0001.mp4,1,0.1327659
/home/tianlong/Downloads/celebdf/Celeb-synthesis/id10_id13_0001.mp4,1,0.048672687
/home/tianlong/Downloads/celebdf/Celeb-synthesis/id11_id7_0008.mp4,1,0.19202517
/home/tianlong/Downloads/celebdf/Celeb-synthesis/id16_id0_0011.mp4,1,0.3327902
/home/tianlong/Downloads/celebdf/Celeb-synthesis/id16_id1_0011.mp4,1,0.31123778
/home/tianlong/Downloads/celebdf/Celeb-synthesis/id16_id2_0011.mp4,1,0.25615147
/home/tianlong/Downloads/celebdf/Celeb-synthesis/id16_id3_0011.mp4,1,0.3021588
/home/tianlong/Downloads/celebdf/Celeb-synthesis/id16_id6_0011.mp4,1,0.29758134
/home/tianlong/Downloads/celebdf/Celeb-synthesis/id17_id0_0000.mp4,1,0.3263768
/home/tianlong/Downloads/celebdf/Celeb-synthesis/id17_id1_0000.mp4,1,0.29160175
/home/tianlong/Downloads/celebdf/Celeb-synthesis/id17_id2_0000.mp4,1,0.3041414
/home/tianlong/Downloads/celebdf/Celeb-synthesis/id17_id3_0000.mp4,1,0.2921747
/home/tianlong/Downloads/celebdf/Celeb-synthesis/id17_id6_0000.mp4,1,0.26599208
/home/tianlong/Downloads/celebdf/Celeb-synthesis/id17_id9_0000.mp4,1,0.3112868
/home/tianlong/Downloads/celebdf/Celeb-synthesis/id17_id16_0000.mp4,1,0.31264243
/home/tianlong/Downloads/celebdf/Celeb-synthesis/id16_id20_0000.mp4,1,0.44582736
/home/tianlong/Downloads/celebdf/Celeb-synthesis/id17_id23_0000.mp4,1,0.13656126
/home/tianlong/Downloads/celebdf/Celeb-synthesis/id3_id28_0001.mp4,1,0.32570633
/home/tianlong/Downloads/celebdf/Celeb-synthesis/id35_id32_0007.mp4,1,0.28243482
/home/tianlong/Downloads/celebdf/Celeb-synthesis/id30_id26_0004.mp4,1,0.35619536
/home/tianlong/Downloads/celebdf/Celeb-synthesis/id16_id20_0006.mp4,1,0.24681859
/home/tianlong/Downloads/celebdf/Celeb-synthesis/id4_id20_0001.mp4,1,0.24308081
/home/tianlong/Downloads/celebdf/Celeb-synthesis/id26_id3_0002.mp4,1,0.22750652
/home/tianlong/Downloads/celebdf/Celeb-synthesis/id20_id31_0006.mp4,1,0.28266987
/home/tianlong/Downloads/celebdf/Celeb-synthesis/id6_id23_0001.mp4,1,0.32577142
/home/tianlong/Downloads/celebdf/Celeb-synthesis/id9_id23_0009.mp4,1,0.17899282
/home/tianlong/Downloads/celebdf/Celeb-synthesis/id32_id33_0002.mp4,1,0.25704157
/home/tianlong/Downloads/celebdf/Celeb-synthesis/id16_id20_0012.mp4,1,0.41430303
/home/tianlong/Downloads/celebdf/Celeb-synthesis/id29_id30_0000.mp4,1,0.47838303
/home/tianlong/Downloads/celebdf/Celeb-synthesis/id3_id20_0008.mp4,1,0.28012344
/home/tianlong/Downloads/celebdf/Celeb-synthesis/id22_id27_0001.mp4,1,0.25993708
/home/tianlong/Downloads/celebdf/Celeb-synthesis/id27_id21_0002.mp4,1,0.23441742
/home/tianlong/Downloads/celebdf/Celeb-synthesis/id29_id35_0000.mp4,1,0.37238476
/home/tianlong/Downloads/celebdf/Celeb-synthesis/id21_id19_0005.mp4,1,0.05437738
/home/tianlong/Downloads/celebdf/Celeb-synthesis/id23_id26_0003.mp4,1,0.17903091
/home/tianlong/Downloads/celebdf/Celeb-synthesis/id30_id35_0009.mp4,1,0.5580707
/home/tianlong/Downloads/celebdf/Celeb-synthesis/id9_id26_0000.mp4,1,0.46016732
/home/tianlong/Downloads/celebdf/Celeb-synthesis/id33_id32_0006.mp4,1,0.12100234
/home/tianlong/Downloads/celebdf/Celeb-synthesis/id30_id34_0003.mp4,1,0.4037526
/home/tianlong/Downloads/celebdf/Celeb-synthesis/id29_id37_0008.mp4,1,0.30950135
/home/tianlong/Downloads/celebdf/Celeb-synthesis/id35_id31_0006.mp4,1,0.3546884
/home/tianlong/Downloads/celebdf/Celeb-synthesis/id37_id34_0008.mp4,1,0.1886503
/home/tianlong/Downloads/celebdf/Celeb-synthesis/id26_id16_0001.mp4,1,0.11656922
/home/tianlong/Downloads/celebdf/Celeb-synthesis/id17_id23_0009.mp4,1,0.25870803
/home/tianlong/Downloads/celebdf/Celeb-synthesis/id6_id20_0007.mp4,1,0.39874506
/home/tianlong/Downloads/celebdf/Celeb-synthesis/id1_id20_0001.mp4,1,0.32954493
/home/tianlong/Downloads/celebdf/Celeb-synthesis/id1_id23_0006.mp4,1,0.46707824
/home/tianlong/Downloads/celebdf/Celeb-synthesis/id37_id35_0001.mp4,1,0.29062322
/home/tianlong/Downloads/celebdf/Celeb-synthesis/id4_id23_0006.mp4,1,0.5522567
/home/tianlong/Downloads/celebdf/Celeb-synthesis/id17_id26_0006.mp4,1,0.41341737
/home/tianlong/Downloads/celebdf/Celeb-synthesis/id20_id1_0007.mp4,1,0.22211765
/home/tianlong/Downloads/celebdf/Celeb-synthesis/id0_id26_0009.mp4,1,0.11033514
/home/tianlong/Downloads/celebdf/Celeb-synthesis/id38_id33_0005.mp4,1,0.26393136
/home/tianlong/Downloads/celebdf/Celeb-synthesis/id28_id35_0008.mp4,1,0.12815951
/home/tianlong/Downloads/celebdf/Celeb-synthesis/id23_id35_0006.mp4,1,0.29245308
/home/tianlong/Downloads/celebdf/Celeb-synthesis/id6_id28_0002.mp4,1,0.37959418
/home/tianlong/Downloads/celebdf/Celeb-synthesis/id35_id28_0006.mp4,1,0.38173005
/home/tianlong/Downloads/celebdf/Celeb-synthesis/id32_id31_0008.mp4,1,0.27824584
/home/tianlong/Downloads/celebdf/Celeb-synthesis/id38_id34_0004.mp4,1,0.32311678
/home/tianlong/Downloads/celebdf/Celeb-synthesis/id3_id28_0009.mp4,1,0.46765527
/home/tianlong/Downloads/celebdf/Celeb-synthesis/id37_id28_0007.mp4,1,0.34480202
/home/tianlong/Downloads/celebdf/Celeb-synthesis/id1_id20_0002.mp4,1,0.32854804
/home/tianlong/Downloads/celebdf/Celeb-synthesis/id37_id31_0008.mp4,1,0.2316419
/home/tianlong/Downloads/celebdf/Celeb-synthesis/id30_id23_0007.mp4,1,0.2829298
/home/tianlong/Downloads/celebdf/Celeb-synthesis/id28_id26_0000.mp4,1,0.16765602
/home/tianlong/Downloads/celebdf/Celeb-synthesis/id2_id28_0003.mp4,1,0.3088157
/home/tianlong/Downloads/celebdf/Celeb-synthesis/id27_id24_0007.mp4,1,0.1532134
/home/tianlong/Downloads/celebdf/Celeb-synthesis/id30_id32_0006.mp4,1,0.25413728
/home/tianlong/Downloads/celebdf/Celeb-synthesis/id35_id31_0009.mp4,1,0.20799612
/home/tianlong/Downloads/celebdf/Celeb-synthesis/id4_id21_0004.mp4,1,0.19210134
/home/tianlong/Downloads/celebdf/Celeb-synthesis/id37_id21_0005.mp4,1,0.23813961
/home/tianlong/Downloads/celebdf/Celeb-synthesis/id30_id21_0002.mp4,1,0.27479675
/home/tianlong/Downloads/celebdf/Celeb-synthesis/id16_id23_0011.mp4,1,0.26648962
/home/tianlong/Downloads/celebdf/Celeb-synthesis/id9_id20_0002.mp4,1,0.44732383
/home/tianlong/Downloads/celebdf/Celeb-synthesis/id6_id21_0006.mp4,1,0.26670176
/home/tianlong/Downloads/celebdf/Celeb-synthesis/id20_id19_0002.mp4,1,0.17912352
/home/tianlong/Downloads/celebdf/Celeb-synthesis/id28_id4_0006.mp4,1,0.28514674
/home/tianlong/Downloads/celebdf/Celeb-synthesis/id35_id34_0002.mp4,1,0.3470367
/home/tianlong/Downloads/celebdf/Celeb-synthesis/id35_id26_0003.mp4,1,0.16380765
/home/tianlong/Downloads/celebdf/Celeb-synthesis/id22_id28_0006.mp4,1,0.3062827
/home/tianlong/Downloads/celebdf/Celeb-synthesis/id30_id21_0005.mp4,1,0.31454924
/home/tianlong/Downloads/celebdf/Celeb-synthesis/id24_id20_0009.mp4,1,0.24159749
/home/tianlong/Downloads/celebdf/Celeb-synthesis/id4_id20_0000.mp4,1,0.44102308
/home/tianlong/Downloads/celebdf/Celeb-synthesis/id2_id26_0001.mp4,1,0.37248728
/home/tianlong/Downloads/celebdf/Celeb-synthesis/id21_id6_0005.mp4,1,0.19441475
/home/tianlong/Downloads/celebdf/Celeb-synthesis/id21_id9_0008.mp4,1,0.2708309
/home/tianlong/Downloads/celebdf/Celeb-synthesis/id22_id21_0005.mp4,1,0.5568321
/home/tianlong/Downloads/celebdf/Celeb-synthesis/id22_id27_0005.mp4,1,0.64024466
/home/tianlong/Downloads/celebdf/Celeb-synthesis/id23_id2_0007.mp4,1,0.28638053
/home/tianlong/Downloads/celebdf/Celeb-synthesis/id23_id3_0009.mp4,1,0.30369243
/home/tianlong/Downloads/celebdf/Celeb-synthesis/id24_id19_0000.mp4,1,0.26208267
/home/tianlong/Downloads/celebdf/Celeb-synthesis/id24_id21_0006.mp4,1,0.21355797
/home/tianlong/Downloads/celebdf/Celeb-synthesis/id24_id26_0009.mp4,1,0.094112545
/home/tianlong/Downloads/celebdf/Celeb-synthesis/id25_id19_0002.mp4,1,0.17113398
/home/tianlong/Downloads/celebdf/Celeb-synthesis/id25_id24_0003.mp4,1,0.2314866
/home/tianlong/Downloads/celebdf/Celeb-synthesis/id27_id21_0008.mp4,1,0.34820366
/home/tianlong/Downloads/celebdf/Celeb-synthesis/id27_id22_0007.mp4,1,0.27612826
/home/tianlong/Downloads/celebdf/Celeb-synthesis/id27_id25_0008.mp4,1,0.42016038
/home/tianlong/Downloads/celebdf/Celeb-synthesis/id28_id3_0004.mp4,1,0.030158633
/home/tianlong/Downloads/celebdf/Celeb-synthesis/id28_id6_0006.mp4,1,0.23265956
/home/tianlong/Downloads/celebdf/Celeb-synthesis/id29_id32_0000.mp4,1,0.3300403
/home/tianlong/Downloads/celebdf/Celeb-synthesis/id29_id37_0009.mp4,1,0.244056
/home/tianlong/Downloads/celebdf/Celeb-synthesis/id30_id20_0004.mp4,1,0.5030829
/home/tianlong/Downloads/celebdf/Celeb-synthesis/id30_id23_0002.mp4,1,0.2548779
/home/tianlong/Downloads/celebdf/Celeb-synthesis/id32_id33_0004.mp4,1,0.36134824
/home/tianlong/Downloads/celebdf/Celeb-synthesis/id33_id38_0001.mp4,1,0.3002546
/home/tianlong/Downloads/celebdf/Celeb-synthesis/id34_id33_0005.mp4,1,0.48089114
/home/tianlong/Downloads/celebdf/Celeb-synthesis/id35_id31_0007.mp4,1,0.3078013
/home/tianlong/Downloads/celebdf/Celeb-synthesis/id49_id52_0005.mp4,1,0.3208327
/home/tianlong/Downloads/celebdf/Celeb-synthesis/id9_id2_0006.mp4,1,0.2642497
/home/tianlong/Downloads/celebdf/Celeb-synthesis/id7_id11_0007.mp4,1,0.19777705
/home/tianlong/Downloads/celebdf/Celeb-synthesis/id4_id37_0006.mp4,1,0.5583634
/home/tianlong/Downloads/celebdf/Celeb-synthesis/id37_id38_0009.mp4,1,0.29616514
/home/tianlong/Downloads/celebdf/Celeb-synthesis/id29_id30_0009.mp4,1,0.29407927
/home/tianlong/Downloads/celebdf/Celeb-synthesis/id0_id6_0007.mp4,1,0.3871132
/home/tianlong/Downloads/celebdf/Celeb-synthesis/id0_id16_0004.mp4,1,0.22677422
/home/tianlong/Downloads/celebdf/Celeb-synthesis/id31_id33_0008.mp4,1,0.5289485
/home/tianlong/Downloads/celebdf/Celeb-synthesis/id54_id49_0003.mp4,1,0.32740158
/home/tianlong/Downloads/celebdf/Celeb-synthesis/id0_id1_0000.mp4,1,0.05247874
/home/tianlong/Downloads/celebdf/Celeb-synthesis/id21_id28_0001.mp4,1,0.33808973
/home/tianlong/Downloads/celebdf/Celeb-synthesis/id33_id29_0004.mp4,1,0.34450445
/home/tianlong/Downloads/celebdf/Celeb-synthesis/id28_id0_0009.mp4,1,0.35085416
/home/tianlong/Downloads/celebdf/Celeb-synthesis/id6_id9_0006.mp4,1,0.29332042
/home/tianlong/Downloads/celebdf/Celeb-synthesis/id9_id0_0006.mp4,1,0.39059064
/home/tianlong/Downloads/celebdf/Celeb-synthesis/id26_id2_0005.mp4,1,0.047675192
/home/tianlong/Downloads/celebdf/Celeb-synthesis/id1_id3_0002.mp4,1,0.25150874
/home/tianlong/Downloads/celebdf/Celeb-synthesis/id4_id6_0008.mp4,1,0.2831436
/home/tianlong/Downloads/celebdf/Celeb-synthesis/id16_id28_0005.mp4,1,0.3296745
/home/tianlong/Downloads/celebdf/Celeb-synthesis/id37_id35_0005.mp4,1,0.3117889
/home/tianlong/Downloads/celebdf/Celeb-synthesis/id19_id20_0004.mp4,1,0.32884857
/home/tianlong/Downloads/celebdf/Celeb-synthesis/id46_id41_0000.mp4,1,0.5250183
/home/tianlong/Downloads/celebdf/Celeb-synthesis/id51_id57_0004.mp4,1,0.36759093
/home/tianlong/Downloads/celebdf/Celeb-synthesis/id29_id37_0005.mp4,1,0.27228162
/home/tianlong/Downloads/celebdf/Celeb-synthesis/id35_id23_0007.mp4,1,0.24917026
/home/tianlong/Downloads/celebdf/Celeb-synthesis/id34_id33_0002.mp4,1,0.2784533
/home/tianlong/Downloads/celebdf/Celeb-synthesis/id1_id3_0006.mp4,1,0.39090374
/home/tianlong/Downloads/celebdf/Celeb-synthesis/id13_id10_0005.mp4,1,0.26007372
/home/tianlong/Downloads/celebdf/Celeb-synthesis/id56_id55_0009.mp4,1,0.29355288
/home/tianlong/Downloads/celebdf/Celeb-synthesis/id25_id28_0010.mp4,1,0.3306007
/home/tianlong/Downloads/celebdf/Celeb-synthesis/id20_id37_0004.mp4,1,0.4081845
/home/tianlong/Downloads/celebdf/Celeb-synthesis/id37_id29_0002.mp4,1,0.4306315
/home/tianlong/Downloads/celebdf/Celeb-synthesis/id56_id54_0007.mp4,1,0.27177534
/home/tianlong/Downloads/celebdf/Celeb-synthesis/id19_id20_0000.mp4,1,0.37150946
/home/tianlong/Downloads/celebdf/Celeb-synthesis/id4_id28_0006.mp4,1,0.5647614
/home/tianlong/Downloads/celebdf/Celeb-synthesis/id53_id58_0005.mp4,1,0.26241598
/home/tianlong/Downloads/celebdf/Celeb-synthesis/id55_id57_0002.mp4,1,0.3942431
/home/tianlong/Downloads/celebdf/Celeb-synthesis/id24_id26_0004.mp4,1,0.09440716
/home/tianlong/Downloads/celebdf/Celeb-synthesis/id20_id0_0006.mp4,1,0.31453338
/home/tianlong/Downloads/celebdf/Celeb-synthesis/id37_id2_0009.mp4,1,0.24135192
/home/tianlong/Downloads/celebdf/Celeb-synthesis/id30_id26_0006.mp4,1,0.2304232
/home/tianlong/Downloads/celebdf/Celeb-synthesis/id16_id2_0001.mp4,1,0.12495881
/home/tianlong/Downloads/celebdf/Celeb-synthesis/id26_id1_0002.mp4,1,0.46778288
/home/tianlong/Downloads/celebdf/Celeb-synthesis/id30_id6_0007.mp4,1,0.21642374
/home/tianlong/Downloads/celebdf/Celeb-synthesis/id44_id41_0005.mp4,1,0.28976437
/home/tianlong/Downloads/celebdf/Celeb-synthesis/id16_id2_0006.mp4,1,0.1196191
/home/tianlong/Downloads/celebdf/Celeb-synthesis/id1_id16_0004.mp4,1,0.06734018
/home/tianlong/Downloads/celebdf/Celeb-synthesis/id16_id21_0002.mp4,1,0.3033164
/home/tianlong/Downloads/celebdf/Celeb-synthesis/id4_id0_0000.mp4,1,0.3117303
/home/tianlong/Downloads/celebdf/Celeb-synthesis/id8_id0_0002.mp4,1,0.33227032
/home/tianlong/Downloads/celebdf/Celeb-synthesis/id19_id23_0001.mp4,1,0.13485436
/home/tianlong/Downloads/celebdf/Celeb-synthesis/id37_id3_0006.mp4,1,0.22735018
/home/tianlong/Downloads/celebdf/Celeb-synthesis/id9_id16_0007.mp4,1,0.23817532
/home/tianlong/Downloads/celebdf/Celeb-synthesis/id47_id43_0007.mp4,1,0.38485262
/home/tianlong/Downloads/celebdf/Celeb-synthesis/id16_id3_0009.mp4,1,0.3749729
/home/tianlong/Downloads/celebdf/Celeb-synthesis/id26_id28_0002.mp4,1,0.48943684
/home/tianlong/Downloads/celebdf/Celeb-synthesis/id8_id3_0003.mp4,1,0.18158478
/home/tianlong/Downloads/celebdf/Celeb-synthesis/id30_id28_0000.mp4,1,0.33392182
/home/tianlong/Downloads/celebdf/Celeb-synthesis/id27_id23_0008.mp4,1,0.4634421
/home/tianlong/Downloads/celebdf/Celeb-synthesis/id28_id20_0008.mp4,1,0.3194345
/home/tianlong/Downloads/celebdf/Celeb-synthesis/id1_id2_0002.mp4,1,0.22302295
/home/tianlong/Downloads/celebdf/Celeb-synthesis/id46_id39_0000.mp4,1,0.5680598
/home/tianlong/Downloads/celebdf/Celeb-synthesis/id37_id28_0008.mp4,1,0.3305814
/home/tianlong/Downloads/celebdf/Celeb-synthesis/id0_id3_0007.mp4,1,0.32545346
/home/tianlong/Downloads/celebdf/Celeb-synthesis/id4_id1_0002.mp4,1,0.26542738
/home/tianlong/Downloads/celebdf/Celeb-synthesis/id13_id7_0000.mp4,1,0.29653195
/home/tianlong/Downloads/celebdf/Celeb-synthesis/id50_id53_0000.mp4,1,0.42193243
/home/tianlong/Downloads/celebdf/Celeb-synthesis/id50_id56_0005.mp4,1,0.19633313
/home/tianlong/Downloads/celebdf/Celeb-synthesis/id4_id21_0009.mp4,1,0.20098184
/home/tianlong/Downloads/celebdf/Celeb-synthesis/id23_id3_0004.mp4,1,0.4413587
/home/tianlong/Downloads/celebdf/Celeb-synthesis/id56_id51_0000.mp4,1,0.231595
/home/tianlong/Downloads/celebdf/Celeb-synthesis/id30_id3_0006.mp4,1,0.2737204
/home/tianlong/Downloads/celebdf/Celeb-synthesis/id28_id20_0006.mp4,1,0.31730244
/home/tianlong/Downloads/celebdf/Celeb-synthesis/id4_id20_0008.mp4,1,0.2882091
/home/tianlong/Downloads/celebdf/Celeb-synthesis/id54_id58_0006.mp4,1,0.30701154
/home/tianlong/Downloads/celebdf/Celeb-synthesis/id53_id57_0005.mp4,1,0.23956186
/home/tianlong/Downloads/celebdf/Celeb-synthesis/id31_id33_0009.mp4,1,0.48014572
/home/tianlong/Downloads/celebdf/Celeb-synthesis/id0_id21_0000.mp4,1,0.025375523
/home/tianlong/Downloads/celebdf/Celeb-synthesis/id6_id23_0006.mp4,1,0.319109
/home/tianlong/Downloads/celebdf/Celeb-synthesis/id48_id45_0002.mp4,1,0.5129189
/home/tianlong/Downloads/celebdf/Celeb-synthesis/id46_id45_0001.mp4,1,0.5183355
/home/tianlong/Downloads/celebdf/Celeb-synthesis/id28_id21_0006.mp4,1,0.2879462
/home/tianlong/Downloads/celebdf/Celeb-synthesis/id12_id10_0005.mp4,1,0.50160587
/home/tianlong/Downloads/celebdf/Celeb-synthesis/id54_id56_0000.mp4,1,0.33995903
/home/tianlong/Downloads/celebdf/Celeb-synthesis/id39_id47_0004.mp4,1,0.27157503
/home/tianlong/Downloads/celebdf/Celeb-synthesis/id9_id3_0009.mp4,1,0.25201845
/home/tianlong/Downloads/celebdf/Celeb-synthesis/id35_id16_0007.mp4,1,0.33846942
/home/tianlong/Downloads/celebdf/Celeb-synthesis/id21_id2_0002.mp4,1,0.12403545
/home/tianlong/Downloads/celebdf/Celeb-synthesis/id12_id10_0002.mp4,1,0.22647971
/home/tianlong/Downloads/celebdf/Celeb-synthesis/id10_id13_0007.mp4,1,0.23801571
/home/tianlong/Downloads/celebdf/Celeb-synthesis/id20_id31_0008.mp4,1,0.28815445
/home/tianlong/Downloads/celebdf/Celeb-synthesis/id0_id16_0003.mp4,1,0.32427928
/home/tianlong/Downloads/celebdf/Celeb-synthesis/id0_id16_0007.mp4,1,0.3569466
/home/tianlong/Downloads/celebdf/Celeb-synthesis/id2_id16_0004.mp4,1,0.19431607
/home/tianlong/Downloads/celebdf/Celeb-synthesis/id13_id7_0012.mp4,1,0.31227806
/home/tianlong/Downloads/celebdf/Celeb-synthesis/id37_id1_0002.mp4,1,0.4023547
/home/tianlong/Downloads/celebdf/Celeb-synthesis/id30_id28_0004.mp4,1,0.41115597
/home/tianlong/Downloads/celebdf/Celeb-synthesis/id53_id52_0003.mp4,1,0.5053211
/home/tianlong/Downloads/celebdf/Celeb-synthesis/id54_id56_0006.mp4,1,0.23317672
/home/tianlong/Downloads/celebdf/Celeb-synthesis/id3_id28_0002.mp4,1,0.364001
/home/tianlong/Downloads/celebdf/Celeb-synthesis/id37_id4_0000.mp4,1,0.29497033
/home/tianlong/Downloads/celebdf/Celeb-synthesis/id28_id9_0000.mp4,1,0.272681
/home/tianlong/Downloads/celebdf/Celeb-synthesis/id4_id2_0003.mp4,1,0.24484928
/home/tianlong/Downloads/celebdf/Celeb-synthesis/id25_id21_0005.mp4,1,0.17789249
/home/tianlong/Downloads/celebdf/Celeb-synthesis/id17_id3_0007.mp4,1,0.3139425
/home/tianlong/Downloads/celebdf/Celeb-synthesis/id2_id1_0004.mp4,1,0.056127906
/home/tianlong/Downloads/celebdf/Celeb-synthesis/id3_id9_0003.mp4,1,0.32491413
/home/tianlong/Downloads/celebdf/Celeb-synthesis/id16_id6_0001.mp4,1,0.27706683
/home/tianlong/Downloads/celebdf/Celeb-synthesis/id8_id6_0002.mp4,1,0.32555085
/home/tianlong/Downloads/celebdf/Celeb-synthesis/id17_id16_0007.mp4,1,0.2430036
/home/tianlong/Downloads/celebdf/Celeb-synthesis/id4_id26_0007.mp4,1,0.45280716
/home/tianlong/Downloads/celebdf/Celeb-synthesis/id44_id45_0000.mp4,1,0.33319148
/home/tianlong/Downloads/celebdf/Celeb-synthesis/id0_id1_0005.mp4,1,0.3109484
/home/tianlong/Downloads/celebdf/Celeb-synthesis/id57_id51_0000.mp4,1,0.12630957
/home/tianlong/Downloads/celebdf/Celeb-synthesis/id34_id32_0007.mp4,1,0.12807356
/home/tianlong/Downloads/celebdf/Celeb-synthesis/id32_id31_0006.mp4,1,0.25255784
/home/tianlong/Downloads/celebdf/Celeb-synthesis/id48_id41_0001.mp4,1,0.22889741
/home/tianlong/Downloads/celebdf/Celeb-synthesis/id4_id0_0004.mp4,1,0.30629387
/home/tianlong/Downloads/celebdf/Celeb-synthesis/id21_id19_0009.mp4,1,0.36639905
/home/tianlong/Downloads/celebdf/Celeb-synthesis/id45_id39_0008.mp4,1,0.23817249
/home/tianlong/Downloads/celebdf/Celeb-synthesis/id31_id30_0009.mp4,1,0.6109821
/home/tianlong/Downloads/celebdf/Celeb-synthesis/id27_id19_0001.mp4,1,0.3014263
/home/tianlong/Downloads/celebdf/Celeb-synthesis/id23_id16_0003.mp4,1,0.18764241
/home/tianlong/Downloads/celebdf/Celeb-synthesis/id58_id57_0008.mp4,1,0.22847526
/home/tianlong/Downloads/celebdf/Celeb-synthesis/id17_id2_0007.mp4,1,0.23405375
/home/tianlong/Downloads/celebdf/Celeb-synthesis/id28_id3_0001.mp4,1,0.28398347
/home/tianlong/Downloads/celebdf/Celeb-synthesis/id23_id35_0009.mp4,1,0.2913715
/home/tianlong/Downloads/celebdf/Celeb-synthesis/id4_id0_0001.mp4,1,0.20565356
/home/tianlong/Downloads/celebdf/Celeb-synthesis/id17_id31_0009.mp4,1,0.31694487
/home/tianlong/Downloads/celebdf/Celeb-synthesis/id48_id47_0008.mp4,1,0.18565822
/home/tianlong/Downloads/celebdf/Celeb-synthesis/id50_id49_0001.mp4,1,0.27666682
/home/tianlong/Downloads/celebdf/Celeb-synthesis/id20_id1_0003.mp4,1,0.39428446
/home/tianlong/Downloads/celebdf/Celeb-synthesis/id16_id3_0010.mp4,1,0.32080027
/home/tianlong/Downloads/celebdf/Celeb-synthesis/id23_id19_0000.mp4,1,0.35079494
/home/tianlong/Downloads/celebdf/Celeb-synthesis/id1_id3_0009.mp4,1,0.3297556
/home/tianlong/Downloads/celebdf/Celeb-synthesis/id43_id40_0005.mp4,1,0.28742564
/home/tianlong/Downloads/celebdf/Celeb-synthesis/id4_id6_0002.mp4,1,0.2842693
/home/tianlong/Downloads/celebdf/Celeb-synthesis/id10_id7_0008.mp4,1,0.027896024
/home/tianlong/Downloads/celebdf/Celeb-synthesis/id13_id10_0008.mp4,1,0.07649966
/home/tianlong/Downloads/celebdf/Celeb-synthesis/id12_id7_0006.mp4,1,0.10837904
/home/tianlong/Downloads/celebdf/Celeb-synthesis/id6_id2_0008.mp4,1,0.2616404
/home/tianlong/Downloads/celebdf/Celeb-synthesis/id2_id0_0002.mp4,1,0.3374548
/home/tianlong/Downloads/celebdf/Celeb-synthesis/id2_id6_0002.mp4,1,0.29622898
/home/tianlong/Downloads/celebdf/Celeb-synthesis/id30_id28_0006.mp4,1,0.30278474
/home/tianlong/Downloads/celebdf/Celeb-synthesis/id52_id50_0007.mp4,1,0.16189186
/home/tianlong/Downloads/celebdf/Celeb-synthesis/id49_id52_0007.mp4,1,0.39473507
/home/tianlong/Downloads/celebdf/Celeb-synthesis/id51_id50_0008.mp4,1,0.29820317
/home/tianlong/Downloads/celebdf/Celeb-synthesis/id21_id3_0009.mp4,1,0.3444141
/home/tianlong/Downloads/celebdf/Celeb-synthesis/id31_id16_0002.mp4,1,0.25123054
/home/tianlong/Downloads/celebdf/Celeb-synthesis/id25_id28_0003.mp4,1,0.27938762
/home/tianlong/Downloads/celebdf/Celeb-synthesis/id21_id20_0006.mp4,1,0.34503052
/home/tianlong/Downloads/celebdf/Celeb-synthesis/id10_id7_0005.mp4,1,0.15414715
/home/tianlong/Downloads/celebdf/Celeb-synthesis/id38_id30_0006.mp4,1,0.32224292
/home/tianlong/Downloads/celebdf/Celeb-synthesis/id35_id30_0006.mp4,1,0.3578254
/home/tianlong/Downloads/celebdf/Celeb-synthesis/id20_id9_0008.mp4,1,0.29772127
/home/tianlong/Downloads/celebdf/Celeb-synthesis/id25_id23_0010.mp4,1,0.1744412
/home/tianlong/Downloads/celebdf/Celeb-synthesis/id17_id21_0000.mp4,1,0.29483038
/home/tianlong/Downloads/celebdf/Celeb-synthesis/id45_id47_0002.mp4,1,0.29411584
/home/tianlong/Downloads/celebdf/Celeb-synthesis/id1_id3_0003.mp4,1,0.31776997
/home/tianlong/Downloads/celebdf/Celeb-synthesis/id27_id26_0006.mp4,1,0.21383621
/home/tianlong/Downloads/celebdf/Celeb-synthesis/id44_id42_0001.mp4,1,0.11360568
/home/tianlong/Downloads/celebdf/Celeb-synthesis/id57_id53_0006.mp4,1,0.27823892
/home/tianlong/Downloads/celebdf/Celeb-synthesis/id43_id39_0000.mp4,1,0.23997419
/home/tianlong/Downloads/celebdf/Celeb-synthesis/id35_id16_0004.mp4,1,0.19381009
/home/tianlong/Downloads/celebdf/Celeb-synthesis/id42_id40_0001.mp4,1,0.20878805
/home/tianlong/Downloads/celebdf/Celeb-synthesis/id21_id2_0000.mp4,1,0.28671008
/home/tianlong/Downloads/celebdf/Celeb-synthesis/id37_id21_0000.mp4,1,0.2980158
/home/tianlong/Downloads/celebdf/Celeb-synthesis/id29_id38_0008.mp4,1,0.30868223
/home/tianlong/Downloads/celebdf/Celeb-synthesis/id39_id44_0000.mp4,1,0.29799113
/home/tianlong/Downloads/celebdf/Celeb-synthesis/id9_id6_0005.mp4,1,0.33455014
/home/tianlong/Downloads/celebdf/Celeb-synthesis/id0_id1_0001.mp4,1,0.1949115
/home/tianlong/Downloads/celebdf/Celeb-synthesis/id31_id2_0004.mp4,1,0.2065628
/home/tianlong/Downloads/celebdf/Celeb-synthesis/id38_id34_0003.mp4,1,0.32189944
/home/tianlong/Downloads/celebdf/Celeb-synthesis/id56_id57_0007.mp4,1,0.3268639
/home/tianlong/Downloads/celebdf/Celeb-synthesis/id52_id58_0005.mp4,1,0.262931
/home/tianlong/Downloads/celebdf/Celeb-synthesis/id28_id4_0000.mp4,1,0.2856032
/home/tianlong/Downloads/celebdf/Celeb-synthesis/id22_id26_0005.mp4,1,0.5860669
/home/tianlong/Downloads/celebdf/Celeb-synthesis/id4_id30_0000.mp4,1,0.5564464
/home/tianlong/Downloads/celebdf/Celeb-synthesis/id29_id32_0003.mp4,1,0.14451522
/home/tianlong/Downloads/celebdf/Celeb-synthesis/id35_id20_0007.mp4,1,0.34024516
/home/tianlong/Downloads/celebdf/Celeb-synthesis/id1_id2_0007.mp4,1,0.021185324
/home/tianlong/Downloads/celebdf/Celeb-synthesis/id30_id3_0002.mp4,1,0.23972179
/home/tianlong/Downloads/celebdf/Celeb-synthesis/id22_id25_0001.mp4,1,0.30130225
/home/tianlong/Downloads/celebdf/Celeb-synthesis/id39_id44_0008.mp4,1,0.23050165
/home/tianlong/Downloads/celebdf/Celeb-synthesis/id34_id29_0008.mp4,1,0.18581624
/home/tianlong/Downloads/celebdf/Celeb-synthesis/id21_id28_0009.mp4,1,0.35139003
/home/tianlong/Downloads/celebdf/Celeb-synthesis/id30_id4_0001.mp4,1,0.2712157
/home/tianlong/Downloads/celebdf/Celeb-synthesis/id25_id19_0008.mp4,1,0.16207275
/home/tianlong/Downloads/celebdf/Celeb-synthesis/id21_id4_0002.mp4,1,0.15817972
/home/tianlong/Downloads/celebdf/Celeb-synthesis/id17_id28_0001.mp4,1,0.30226228
/home/tianlong/Downloads/celebdf/Celeb-synthesis/id6_id1_0007.mp4,1,0.25332713
/home/tianlong/Downloads/celebdf/Celeb-synthesis/id9_id2_0008.mp4,1,0.38333657
/home/tianlong/Downloads/celebdf/Celeb-synthesis/id8_id5_0008.mp4,1,0.094849706
/home/tianlong/Downloads/celebdf/Celeb-synthesis/id37_id3_0004.mp4,1,0.39987373
/home/tianlong/Downloads/celebdf/Celeb-synthesis/id17_id2_0003.mp4,1,0.15307604
