Video,Label,Prediction
/home/tianlong/Downloads/celebdf/YouTube-real/00170.mp4,0,0.72702885
/home/tianlong/Downloads/celebdf/YouTube-real/00208.mp4,0,0.11950112
/home/tianlong/Downloads/celebdf/YouTube-real/00063.mp4,0,0.08248443
/home/tianlong/Downloads/celebdf/YouTube-real/00024.mp4,0,0.03722729
/home/tianlong/Downloads/celebdf/YouTube-real/00021.mp4,0,0.10952777
/home/tianlong/Downloads/celebdf/YouTube-real/00036.mp4,0,0.043387815
/home/tianlong/Downloads/celebdf/YouTube-real/00202.mp4,0,0.17765337
/home/tianlong/Downloads/celebdf/YouTube-real/00236.mp4,0,0.13108681
/home/tianlong/Downloads/celebdf/YouTube-real/00197.mp4,0,0.033109233
/home/tianlong/Downloads/celebdf/YouTube-real/00133.mp4,0,0.10552328
/home/tianlong/Downloads/celebdf/YouTube-real/00213.mp4,0,0.023253122
/home/tianlong/Downloads/celebdf/YouTube-real/00011.mp4,0,0.11390454
/home/tianlong/Downloads/celebdf/YouTube-real/00095.mp4,0,0.28913742
/home/tianlong/Downloads/celebdf/YouTube-real/00138.mp4,0,0.43838432
/home/tianlong/Downloads/celebdf/YouTube-real/00106.mp4,0,0.059188385
/home/tianlong/Downloads/celebdf/YouTube-real/00194.mp4,0,0.02903668
/home/tianlong/Downloads/celebdf/YouTube-real/00092.mp4,0,0.067117244
/home/tianlong/Downloads/celebdf/YouTube-real/00227.mp4,0,0.08621488
/home/tianlong/Downloads/celebdf/YouTube-real/00244.mp4,0,0.13314797
/home/tianlong/Downloads/celebdf/YouTube-real/00119.mp4,0,0.15643406
/home/tianlong/Downloads/celebdf/YouTube-real/00082.mp4,0,0.14241174
/home/tianlong/Downloads/celebdf/YouTube-real/00188.mp4,0,0.07941563
/home/tianlong/Downloads/celebdf/YouTube-real/00076.mp4,0,0.08482456
/home/tianlong/Downloads/celebdf/YouTube-real/00047.mp4,0,0.5193276
/home/tianlong/Downloads/celebdf/YouTube-real/00168.mp4,0,0.2628728
/home/tianlong/Downloads/celebdf/YouTube-real/00207.mp4,0,0.12707183
/home/tianlong/Downloads/celebdf/YouTube-real/00193.mp4,0,0.08127429
/home/tianlong/Downloads/celebdf/YouTube-real/00061.mp4,0,0.07985136
/home/tianlong/Downloads/celebdf/YouTube-real/00023.mp4,0,0.07966109
/home/tianlong/Downloads/celebdf/YouTube-real/00048.mp4,0,0.112071715
/home/tianlong/Downloads/celebdf/YouTube-real/00250.mp4,0,0.024435468
/home/tianlong/Downloads/celebdf/YouTube-real/00251.mp4,0,0.038778607
/home/tianlong/Downloads/celebdf/YouTube-real/00252.mp4,0,0.027542258
/home/tianlong/Downloads/celebdf/YouTube-real/00253.mp4,0,0.022929473
/home/tianlong/Downloads/celebdf/YouTube-real/00254.mp4,0,0.4455575
/home/tianlong/Downloads/celebdf/YouTube-real/00255.mp4,0,0.03115579
/home/tianlong/Downloads/celebdf/YouTube-real/00256.mp4,0,0.07621174
/home/tianlong/Downloads/celebdf/YouTube-real/00257.mp4,0,0.12884474
/home/tianlong/Downloads/celebdf/YouTube-real/00258.mp4,0,0.10388651
/home/tianlong/Downloads/celebdf/YouTube-real/00259.mp4,0,0.08549917
/home/tianlong/Downloads/celebdf/YouTube-real/00260.mp4,0,0.022317098
/home/tianlong/Downloads/celebdf/YouTube-real/00261.mp4,0,0.06165779
/home/tianlong/Downloads/celebdf/YouTube-real/00262.mp4,0,0.1497248
/home/tianlong/Downloads/celebdf/YouTube-real/00263.mp4,0,0.088911764
/home/tianlong/Downloads/celebdf/YouTube-real/00264.mp4,0,0.0947729
/home/tianlong/Downloads/celebdf/YouTube-real/00265.mp4,0,0.091123104
/home/tianlong/Downloads/celebdf/YouTube-real/00266.mp4,0,0.22935867
/home/tianlong/Downloads/celebdf/YouTube-real/00267.mp4,0,0.0467197
/home/tianlong/Downloads/celebdf/YouTube-real/00268.mp4,0,0.036457118
/home/tianlong/Downloads/celebdf/YouTube-real/00269.mp4,0,0.052915778
/home/tianlong/Downloads/celebdf/YouTube-real/00270.mp4,0,0.03503971
/home/tianlong/Downloads/celebdf/YouTube-real/00271.mp4,0,0.26018286
/home/tianlong/Downloads/celebdf/YouTube-real/00272.mp4,0,0.032768425
/home/tianlong/Downloads/celebdf/YouTube-real/00273.mp4,0,0.11659516
/home/tianlong/Downloads/celebdf/YouTube-real/00274.mp4,0,0.06274438
/home/tianlong/Downloads/celebdf/YouTube-real/00275.mp4,0,0.16428666
/home/tianlong/Downloads/celebdf/YouTube-real/00276.mp4,0,0.030289164
/home/tianlong/Downloads/celebdf/YouTube-real/00277.mp4,0,0.043552905
/home/tianlong/Downloads/celebdf/YouTube-real/00278.mp4,0,0.031773552
/home/tianlong/Downloads/celebdf/YouTube-real/00279.mp4,0,0.20728977
/home/tianlong/Downloads/celebdf/YouTube-real/00280.mp4,0,0.08221922
/home/tianlong/Downloads/celebdf/YouTube-real/00281.mp4,0,0.08911255
/home/tianlong/Downloads/celebdf/YouTube-real/00282.mp4,0,0.20481306
/home/tianlong/Downloads/celebdf/YouTube-real/00283.mp4,0,0.061584484
/home/tianlong/Downloads/celebdf/YouTube-real/00284.mp4,0,0.064259365
/home/tianlong/Downloads/celebdf/YouTube-real/00285.mp4,0,0.06660437
/home/tianlong/Downloads/celebdf/YouTube-real/00286.mp4,0,0.0349701
/home/tianlong/Downloads/celebdf/YouTube-real/00287.mp4,0,0.056616854
/home/tianlong/Downloads/celebdf/YouTube-real/00288.mp4,0,0.06411636
/home/tianlong/Downloads/celebdf/YouTube-real/00289.mp4,0,0.051597
/home/tianlong/Downloads/celebdf/Celeb-real/id1_0007.mp4,0,0.37471363
/home/tianlong/Downloads/celebdf/Celeb-real/id2_0008.mp4,0,0.066214725
/home/tianlong/Downloads/celebdf/Celeb-real/id3_0001.mp4,0,0.032626364
/home/tianlong/Downloads/celebdf/Celeb-real/id6_0005.mp4,0,0.07320175
/home/tianlong/Downloads/celebdf/Celeb-real/id9_0000.mp4,0,0.01856946
/home/tianlong/Downloads/celebdf/Celeb-real/id11_0008.mp4,0,0.04557837
/home/tianlong/Downloads/celebdf/Celeb-real/id16_0011.mp4,0,0.02612546
/home/tianlong/Downloads/celebdf/Celeb-real/id17_0000.mp4,0,0.024351763
/home/tianlong/Downloads/celebdf/Celeb-real/id35_0008.mp4,0,0.15839387
/home/tianlong/Downloads/celebdf/Celeb-real/id39_0005.mp4,0,0.08541285
/home/tianlong/Downloads/celebdf/Celeb-real/id48_0000.mp4,0,0.14902985
/home/tianlong/Downloads/celebdf/Celeb-real/id32_0008.mp4,0,0.019378634
/home/tianlong/Downloads/celebdf/Celeb-real/id56_0009.mp4,0,0.13802153
/home/tianlong/Downloads/celebdf/Celeb-real/id54_0007.mp4,0,0.05755503
/home/tianlong/Downloads/celebdf/Celeb-real/id37_0005.mp4,0,0.031477217
/home/tianlong/Downloads/celebdf/Celeb-real/id29_0008.mp4,0,0.023749523
/home/tianlong/Downloads/celebdf/Celeb-real/id43_0006.mp4,0,0.04045823
/home/tianlong/Downloads/celebdf/Celeb-real/id1_0006.mp4,0,0.01707335
/home/tianlong/Downloads/celebdf/Celeb-real/id51_0001.mp4,0,0.05116735
/home/tianlong/Downloads/celebdf/Celeb-real/id31_0007.mp4,0,0.020346815
/home/tianlong/Downloads/celebdf/Celeb-real/id2_0003.mp4,0,0.027864918
/home/tianlong/Downloads/celebdf/Celeb-real/id21_0009.mp4,0,0.022426225
/home/tianlong/Downloads/celebdf/Celeb-real/id50_0003.mp4,0,0.046165247
/home/tianlong/Downloads/celebdf/Celeb-real/id21_0006.mp4,0,0.019745134
/home/tianlong/Downloads/celebdf/Celeb-real/id44_0003.mp4,0,0.02386362
/home/tianlong/Downloads/celebdf/Celeb-real/id36_0006.mp4,0,0.1582669
/home/tianlong/Downloads/celebdf/Celeb-real/id36_0008.mp4,0,0.17798011
/home/tianlong/Downloads/celebdf/Celeb-real/id1_0008.mp4,0,0.034815818
/home/tianlong/Downloads/celebdf/Celeb-real/id45_0003.mp4,0,0.082321994
/home/tianlong/Downloads/celebdf/Celeb-real/id48_0003.mp4,0,0.14082335
/home/tianlong/Downloads/celebdf/Celeb-real/id23_0001.mp4,0,0.63303375
/home/tianlong/Downloads/celebdf/Celeb-real/id16_0010.mp4,0,0.10874888
/home/tianlong/Downloads/celebdf/Celeb-real/id31_0004.mp4,0,0.029423296
/home/tianlong/Downloads/celebdf/Celeb-real/id35_0000.mp4,0,0.39257738
/home/tianlong/Downloads/celebdf/Celeb-real/id58_0002.mp4,0,0.035636317
/home/tianlong/Downloads/celebdf/Celeb-real/id30_0007.mp4,0,0.048343018
/home/tianlong/Downloads/celebdf/Celeb-real/id12_0005.mp4,0,0.07412429
/home/tianlong/Downloads/celebdf/Celeb-real/id56_0002.mp4,0,0.049815193
/home/tianlong/Downloads/celebdf/Celeb-real/id33_0005.mp4,0,0.039054472
/home/tianlong/Downloads/celebdf/Celeb-real/id29_0009.mp4,0,0.058023404
/home/tianlong/Downloads/celebdf/Celeb-real/id13_0013.mp4,0,0.085944444
/home/tianlong/Downloads/celebdf/Celeb-real/id28_0009.mp4,0,0.029090717
/home/tianlong/Downloads/celebdf/Celeb-real/id36_0000.mp4,0,0.20656656
/home/tianlong/Downloads/celebdf/Celeb-real/id24_0009.mp4,0,0.4451063
/home/tianlong/Downloads/celebdf/Celeb-real/id39_0004.mp4,0,0.08260854
/home/tianlong/Downloads/celebdf/Celeb-real/id27_0008.mp4,0,0.038666427
/home/tianlong/Downloads/celebdf/Celeb-real/id11_0006.mp4,0,0.07279327
/home/tianlong/Downloads/celebdf/Celeb-real/id19_0007.mp4,0,0.033563595
/home/tianlong/Downloads/celebdf/Celeb-real/id37_0009.mp4,0,0.2222852
/home/tianlong/Downloads/celebdf/Celeb-real/id3_0008.mp4,0,0.026575083
/home/tianlong/Downloads/celebdf/Celeb-real/id46_0000.mp4,0,0.11884368
/home/tianlong/Downloads/celebdf/Celeb-real/id33_0008.mp4,0,0.023397157
/home/tianlong/Downloads/celebdf/Celeb-real/id8_0000.mp4,0,0.032577652
/home/tianlong/Downloads/celebdf/Celeb-real/id16_0007.mp4,0,0.039096355
/home/tianlong/Downloads/celebdf/Celeb-real/id1_0001.mp4,0,0.029394044
/home/tianlong/Downloads/celebdf/Celeb-real/id32_0002.mp4,0,0.029870905
/home/tianlong/Downloads/celebdf/Celeb-real/id19_0005.mp4,0,0.029285356
/home/tianlong/Downloads/celebdf/Celeb-real/id27_0009.mp4,0,0.042891726
/home/tianlong/Downloads/celebdf/Celeb-real/id2_0001.mp4,0,0.10198545
/home/tianlong/Downloads/celebdf/Celeb-real/id13_0011.mp4,0,0.049891476
/home/tianlong/Downloads/celebdf/Celeb-real/id49_0004.mp4,0,0.040246904
/home/tianlong/Downloads/celebdf/Celeb-real/id57_0007.mp4,0,0.064270996
/home/tianlong/Downloads/celebdf/Celeb-real/id26_0008.mp4,0,0.04293265
/home/tianlong/Downloads/celebdf/Celeb-real/id2_0004.mp4,0,0.27003208
/home/tianlong/Downloads/celebdf/Celeb-real/id36_0001.mp4,0,0.2652203
/home/tianlong/Downloads/celebdf/Celeb-real/id0_0001.mp4,0,0.042993564
/home/tianlong/Downloads/celebdf/Celeb-real/id10_0007.mp4,0,0.038237616
/home/tianlong/Downloads/celebdf/Celeb-real/id17_0002.mp4,0,0.0284215
/home/tianlong/Downloads/celebdf/Celeb-real/id4_0004.mp4,0,0.026194567
/home/tianlong/Downloads/celebdf/Celeb-real/id36_0002.mp4,0,0.1921541
/home/tianlong/Downloads/celebdf/Celeb-real/id53_0003.mp4,0,0.063962296
/home/tianlong/Downloads/celebdf/Celeb-real/id25_0010.mp4,0,0.051159695
/home/tianlong/Downloads/celebdf/Celeb-real/id51_0006.mp4,0,0.14466818
/home/tianlong/Downloads/celebdf/Celeb-real/id22_0000.mp4,0,0.024394592
/home/tianlong/Downloads/celebdf/Celeb-real/id10_0001.mp4,0,0.38107893
/home/tianlong/Downloads/celebdf/Celeb-real/id6_0002.mp4,0,0.10164478
/home/tianlong/Downloads/celebdf/Celeb-real/id12_0000.mp4,0,0.08623082
/home/tianlong/Downloads/celebdf/Celeb-real/id35_0003.mp4,0,0.5074338
/home/tianlong/Downloads/celebdf/Celeb-real/id3_0002.mp4,0,0.021997312
/home/tianlong/Downloads/celebdf/Celeb-real/id31_0003.mp4,0,0.02174308
/home/tianlong/Downloads/celebdf/Celeb-real/id52_0002.mp4,0,0.028598757
/home/tianlong/Downloads/celebdf/Celeb-real/id2_0002.mp4,0,0.14384153
/home/tianlong/Downloads/celebdf/Celeb-real/id44_0001.mp4,0,0.08088545
/home/tianlong/Downloads/celebdf/Celeb-real/id8_0009.mp4,0,0.039912317
/home/tianlong/Downloads/celebdf/Celeb-real/id33_0002.mp4,0,0.025373003
/home/tianlong/Downloads/celebdf/Celeb-real/id50_0000.mp4,0,0.026376953
/home/tianlong/Downloads/celebdf/Celeb-real/id40_0003.mp4,0,0.1156754
/home/tianlong/Downloads/celebdf/Celeb-real/id7_0006.mp4,0,0.04670018
/home/tianlong/Downloads/celebdf/Celeb-real/id53_0007.mp4,0,0.055219468
/home/tianlong/Downloads/celebdf/Celeb-real/id43_0002.mp4,0,0.07216769
/home/tianlong/Downloads/celebdf/Celeb-real/id56_0000.mp4,0,0.11622568
/home/tianlong/Downloads/celebdf/Celeb-real/id13_0004.mp4,0,0.024342326
/home/tianlong/Downloads/celebdf/Celeb-real/id43_0001.mp4,0,0.036998536
/home/tianlong/Downloads/celebdf/Celeb-real/id20_0008.mp4,0,0.1774226
/home/tianlong/Downloads/celebdf/Celeb-real/id28_0004.mp4,0,0.03596359
/home/tianlong/Downloads/celebdf/Celeb-real/id22_0009.mp4,0,0.04900302
/home/tianlong/Downloads/celebdf/Celeb-real/id53_0000.mp4,0,0.04179774
/home/tianlong/Downloads/celebdf/Celeb-real/id50_0006.mp4,0,0.02428425
/home/tianlong/Downloads/celebdf/Celeb-real/id32_0003.mp4,0,0.0190304
/home/tianlong/Downloads/celebdf/Celeb-real/id32_0006.mp4,0,0.42108393
/home/tianlong/Downloads/celebdf/Celeb-real/id57_0003.mp4,0,0.045040864
/home/tianlong/Downloads/celebdf/Celeb-real/id37_0004.mp4,0,0.026703158
/home/tianlong/Downloads/celebdf/Celeb-real/id28_0007.mp4,0,0.02012352
/home/tianlong/Downloads/celebdf/Celeb-real/id52_0001.mp4,0,0.028030947
/home/tianlong/Downloads/celebdf/Celeb-real/id40_0009.mp4,0,0.19546819
/home/tianlong/Downloads/celebdf/Celeb-real/id51_0005.mp4,0,0.061230775
/home/tianlong/Downloads/celebdf/Celeb-real/id34_0006.mp4,0,0.10499535
/home/tianlong/Downloads/celebdf/Celeb-real/id42_0002.mp4,0,0.037236214
/home/tianlong/Downloads/celebdf/Celeb-synthesis/id1_id0_0007.mp4,1,0.3970898
/home/tianlong/Downloads/celebdf/Celeb-synthesis/id1_id3_0007.mp4,1,0.38669503
/home/tianlong/Downloads/celebdf/Celeb-synthesis/id1_id4_0007.mp4,1,0.9244774
/home/tianlong/Downloads/celebdf/Celeb-synthesis/id1_id9_0007.mp4,1,0.042552724
/home/tianlong/Downloads/celebdf/Celeb-synthesis/id1_id16_0007.mp4,1,0.5011146
/home/tianlong/Downloads/celebdf/Celeb-synthesis/id1_id17_0007.mp4,1,0.35286072
/home/tianlong/Downloads/celebdf/Celeb-synthesis/id2_id0_0008.mp4,1,0.067702234
/home/tianlong/Downloads/celebdf/Celeb-synthesis/id2_id3_0008.mp4,1,0.055218916
/home/tianlong/Downloads/celebdf/Celeb-synthesis/id2_id9_0008.mp4,1,0.01782762
/home/tianlong/Downloads/celebdf/Celeb-synthesis/id3_id1_0001.mp4,1,0.047405172
/home/tianlong/Downloads/celebdf/Celeb-synthesis/id3_id2_0001.mp4,1,0.06971213
/home/tianlong/Downloads/celebdf/Celeb-synthesis/id3_id4_0001.mp4,1,0.08914732
/home/tianlong/Downloads/celebdf/Celeb-synthesis/id3_id6_0001.mp4,1,0.063101366
/home/tianlong/Downloads/celebdf/Celeb-synthesis/id3_id9_0001.mp4,1,0.021328611
/home/tianlong/Downloads/celebdf/Celeb-synthesis/id3_id16_0001.mp4,1,0.056227017
/home/tianlong/Downloads/celebdf/Celeb-synthesis/id4_id1_0003.mp4,1,0.03691065
/home/tianlong/Downloads/celebdf/Celeb-synthesis/id6_id0_0005.mp4,1,0.16719504
/home/tianlong/Downloads/celebdf/Celeb-synthesis/id6_id1_0005.mp4,1,0.04266107
/home/tianlong/Downloads/celebdf/Celeb-synthesis/id6_id2_0005.mp4,1,0.35209087
/home/tianlong/Downloads/celebdf/Celeb-synthesis/id6_id3_0005.mp4,1,0.11061982
/home/tianlong/Downloads/celebdf/Celeb-synthesis/id6_id16_0005.mp4,1,0.12134072
/home/tianlong/Downloads/celebdf/Celeb-synthesis/id7_id10_0009.mp4,1,0.04886763
/home/tianlong/Downloads/celebdf/Celeb-synthesis/id7_id11_0009.mp4,1,0.038657293
/home/tianlong/Downloads/celebdf/Celeb-synthesis/id7_id13_0009.mp4,1,0.027223041
/home/tianlong/Downloads/celebdf/Celeb-synthesis/id9_id0_0000.mp4,1,0.053334057
/home/tianlong/Downloads/celebdf/Celeb-synthesis/id9_id1_0000.mp4,1,0.03142323
/home/tianlong/Downloads/celebdf/Celeb-synthesis/id9_id2_0000.mp4,1,0.07964761
/home/tianlong/Downloads/celebdf/Celeb-synthesis/id9_id3_0000.mp4,1,0.049285144
/home/tianlong/Downloads/celebdf/Celeb-synthesis/id9_id6_0000.mp4,1,0.056034636
/home/tianlong/Downloads/celebdf/Celeb-synthesis/id9_id16_0000.mp4,1,0.11056921
/home/tianlong/Downloads/celebdf/Celeb-synthesis/id10_id7_0004.mp4,1,0.06481258
/home/tianlong/Downloads/celebdf/Celeb-synthesis/id10_id11_0004.mp4,1,0.09960041
/home/tianlong/Downloads/celebdf/Celeb-synthesis/id10_id12_0004.mp4,1,0.0908528
/home/tianlong/Downloads/celebdf/Celeb-synthesis/id10_id13_0004.mp4,1,0.08006666
/home/tianlong/Downloads/celebdf/Celeb-synthesis/id10_id7_0001.mp4,1,0.50315917
/home/tianlong/Downloads/celebdf/Celeb-synthesis/id10_id11_0001.mp4,1,0.46821478
/home/tianlong/Downloads/celebdf/Celeb-synthesis/id10_id12_0001.mp4,1,0.4753879
/home/tianlong/Downloads/celebdf/Celeb-synthesis/id10_id13_0001.mp4,1,0.24518527
/home/tianlong/Downloads/celebdf/Celeb-synthesis/id11_id7_0008.mp4,1,0.04295382
/home/tianlong/Downloads/celebdf/Celeb-synthesis/id16_id0_0011.mp4,1,0.042951275
/home/tianlong/Downloads/celebdf/Celeb-synthesis/id16_id1_0011.mp4,1,0.027695188
/home/tianlong/Downloads/celebdf/Celeb-synthesis/id16_id2_0011.mp4,1,0.22501467
/home/tianlong/Downloads/celebdf/Celeb-synthesis/id16_id3_0011.mp4,1,0.07665678
/home/tianlong/Downloads/celebdf/Celeb-synthesis/id16_id6_0011.mp4,1,0.12203789
/home/tianlong/Downloads/celebdf/Celeb-synthesis/id17_id0_0000.mp4,1,0.10217264
/home/tianlong/Downloads/celebdf/Celeb-synthesis/id17_id1_0000.mp4,1,0.027203703
/home/tianlong/Downloads/celebdf/Celeb-synthesis/id17_id2_0000.mp4,1,0.16915047
/home/tianlong/Downloads/celebdf/Celeb-synthesis/id17_id3_0000.mp4,1,0.14506759
/home/tianlong/Downloads/celebdf/Celeb-synthesis/id17_id6_0000.mp4,1,0.21403004
/home/tianlong/Downloads/celebdf/Celeb-synthesis/id17_id9_0000.mp4,1,0.018568855
/home/tianlong/Downloads/celebdf/Celeb-synthesis/id17_id16_0000.mp4,1,0.14454214
/home/tianlong/Downloads/celebdf/Celeb-synthesis/id16_id20_0000.mp4,1,0.05581683
/home/tianlong/Downloads/celebdf/Celeb-synthesis/id17_id23_0000.mp4,1,0.21145135
/home/tianlong/Downloads/celebdf/Celeb-synthesis/id3_id28_0001.mp4,1,0.032844476
/home/tianlong/Downloads/celebdf/Celeb-synthesis/id35_id32_0007.mp4,1,0.045529142
/home/tianlong/Downloads/celebdf/Celeb-synthesis/id30_id26_0004.mp4,1,0.06161034
/home/tianlong/Downloads/celebdf/Celeb-synthesis/id16_id20_0006.mp4,1,0.2110203
/home/tianlong/Downloads/celebdf/Celeb-synthesis/id4_id20_0001.mp4,1,0.06512573
/home/tianlong/Downloads/celebdf/Celeb-synthesis/id26_id3_0002.mp4,1,0.035422724
/home/tianlong/Downloads/celebdf/Celeb-synthesis/id20_id31_0006.mp4,1,0.047823876
/home/tianlong/Downloads/celebdf/Celeb-synthesis/id6_id23_0001.mp4,1,0.116076626
/home/tianlong/Downloads/celebdf/Celeb-synthesis/id9_id23_0009.mp4,1,0.1413679
/home/tianlong/Downloads/celebdf/Celeb-synthesis/id32_id33_0002.mp4,1,0.02552458
/home/tianlong/Downloads/celebdf/Celeb-synthesis/id16_id20_0012.mp4,1,0.045973048
/home/tianlong/Downloads/celebdf/Celeb-synthesis/id29_id30_0000.mp4,1,0.03923292
/home/tianlong/Downloads/celebdf/Celeb-synthesis/id3_id20_0008.mp4,1,0.04698953
/home/tianlong/Downloads/celebdf/Celeb-synthesis/id22_id27_0001.mp4,1,0.08021797
/home/tianlong/Downloads/celebdf/Celeb-synthesis/id27_id21_0002.mp4,1,0.059106935
/home/tianlong/Downloads/celebdf/Celeb-synthesis/id29_id35_0000.mp4,1,0.056713462
/home/tianlong/Downloads/celebdf/Celeb-synthesis/id21_id19_0005.mp4,1,0.025857896
/home/tianlong/Downloads/celebdf/Celeb-synthesis/id23_id26_0003.mp4,1,0.025344929
/home/tianlong/Downloads/celebdf/Celeb-synthesis/id30_id35_0009.mp4,1,0.026700431
/home/tianlong/Downloads/celebdf/Celeb-synthesis/id9_id26_0000.mp4,1,0.027780905
/home/tianlong/Downloads/celebdf/Celeb-synthesis/id33_id32_0006.mp4,1,0.041448712
/home/tianlong/Downloads/celebdf/Celeb-synthesis/id30_id34_0003.mp4,1,0.02519603
/home/tianlong/Downloads/celebdf/Celeb-synthesis/id29_id37_0008.mp4,1,0.028871387
/home/tianlong/Downloads/celebdf/Celeb-synthesis/id35_id31_0006.mp4,1,0.031620454
/home/tianlong/Downloads/celebdf/Celeb-synthesis/id37_id34_0008.mp4,1,0.117283285
/home/tianlong/Downloads/celebdf/Celeb-synthesis/id26_id16_0001.mp4,1,0.12085417
/home/tianlong/Downloads/celebdf/Celeb-synthesis/id17_id23_0009.mp4,1,0.37194362
/home/tianlong/Downloads/celebdf/Celeb-synthesis/id6_id20_0007.mp4,1,0.02286615
/home/tianlong/Downloads/celebdf/Celeb-synthesis/id1_id20_0001.mp4,1,0.05492628
/home/tianlong/Downloads/celebdf/Celeb-synthesis/id1_id23_0006.mp4,1,0.024979243
/home/tianlong/Downloads/celebdf/Celeb-synthesis/id37_id35_0001.mp4,1,0.44974515
/home/tianlong/Downloads/celebdf/Celeb-synthesis/id4_id23_0006.mp4,1,0.10802034
/home/tianlong/Downloads/celebdf/Celeb-synthesis/id17_id26_0006.mp4,1,0.14420648
/home/tianlong/Downloads/celebdf/Celeb-synthesis/id20_id1_0007.mp4,1,0.056082573
/home/tianlong/Downloads/celebdf/Celeb-synthesis/id0_id26_0009.mp4,1,0.050237287
/home/tianlong/Downloads/celebdf/Celeb-synthesis/id38_id33_0005.mp4,1,0.022786727
/home/tianlong/Downloads/celebdf/Celeb-synthesis/id28_id35_0008.mp4,1,0.036641575
/home/tianlong/Downloads/celebdf/Celeb-synthesis/id23_id35_0006.mp4,1,0.2526745
/home/tianlong/Downloads/celebdf/Celeb-synthesis/id6_id28_0002.mp4,1,0.11390394
/home/tianlong/Downloads/celebdf/Celeb-synthesis/id35_id28_0006.mp4,1,0.033908095
/home/tianlong/Downloads/celebdf/Celeb-synthesis/id32_id31_0008.mp4,1,0.056035638
/home/tianlong/Downloads/celebdf/Celeb-synthesis/id38_id34_0004.mp4,1,0.09673971
/home/tianlong/Downloads/celebdf/Celeb-synthesis/id3_id28_0009.mp4,1,0.35362634
/home/tianlong/Downloads/celebdf/Celeb-synthesis/id37_id28_0007.mp4,1,0.029658133
/home/tianlong/Downloads/celebdf/Celeb-synthesis/id1_id20_0002.mp4,1,0.022384852
/home/tianlong/Downloads/celebdf/Celeb-synthesis/id37_id31_0008.mp4,1,0.13675778
/home/tianlong/Downloads/celebdf/Celeb-synthesis/id30_id23_0007.mp4,1,0.1413909
/home/tianlong/Downloads/celebdf/Celeb-synthesis/id28_id26_0000.mp4,1,0.05013457
/home/tianlong/Downloads/celebdf/Celeb-synthesis/id2_id28_0003.mp4,1,0.023279859
/home/tianlong/Downloads/celebdf/Celeb-synthesis/id27_id24_0007.mp4,1,0.06031717
/home/tianlong/Downloads/celebdf/Celeb-synthesis/id30_id32_0006.mp4,1,0.024010658
/home/tianlong/Downloads/celebdf/Celeb-synthesis/id35_id31_0009.mp4,1,0.096659176
/home/tianlong/Downloads/celebdf/Celeb-synthesis/id4_id21_0004.mp4,1,0.029150775
/home/tianlong/Downloads/celebdf/Celeb-synthesis/id37_id21_0005.mp4,1,0.107542604
/home/tianlong/Downloads/celebdf/Celeb-synthesis/id30_id21_0002.mp4,1,0.031985983
/home/tianlong/Downloads/celebdf/Celeb-synthesis/id16_id23_0011.mp4,1,0.25445944
/home/tianlong/Downloads/celebdf/Celeb-synthesis/id9_id20_0002.mp4,1,0.07917798
/home/tianlong/Downloads/celebdf/Celeb-synthesis/id6_id21_0006.mp4,1,0.094308734
/home/tianlong/Downloads/celebdf/Celeb-synthesis/id20_id19_0002.mp4,1,0.045342445
/home/tianlong/Downloads/celebdf/Celeb-synthesis/id28_id4_0006.mp4,1,0.028160853
/home/tianlong/Downloads/celebdf/Celeb-synthesis/id35_id34_0002.mp4,1,0.028361753
/home/tianlong/Downloads/celebdf/Celeb-synthesis/id35_id26_0003.mp4,1,0.18866515
/home/tianlong/Downloads/celebdf/Celeb-synthesis/id22_id28_0006.mp4,1,0.021773396
/home/tianlong/Downloads/celebdf/Celeb-synthesis/id30_id21_0005.mp4,1,0.030679367
/home/tianlong/Downloads/celebdf/Celeb-synthesis/id24_id20_0009.mp4,1,0.2667738
/home/tianlong/Downloads/celebdf/Celeb-synthesis/id4_id20_0000.mp4,1,0.026423296
/home/tianlong/Downloads/celebdf/Celeb-synthesis/id2_id26_0001.mp4,1,0.031512152
/home/tianlong/Downloads/celebdf/Celeb-synthesis/id21_id6_0005.mp4,1,0.117967814
/home/tianlong/Downloads/celebdf/Celeb-synthesis/id21_id9_0008.mp4,1,0.041693434
/home/tianlong/Downloads/celebdf/Celeb-synthesis/id22_id21_0005.mp4,1,0.034223184
/home/tianlong/Downloads/celebdf/Celeb-synthesis/id22_id27_0005.mp4,1,0.03470846
/home/tianlong/Downloads/celebdf/Celeb-synthesis/id23_id2_0007.mp4,1,0.6189857
/home/tianlong/Downloads/celebdf/Celeb-synthesis/id23_id3_0009.mp4,1,0.02385871
/home/tianlong/Downloads/celebdf/Celeb-synthesis/id24_id19_0000.mp4,1,0.041093264
/home/tianlong/Downloads/celebdf/Celeb-synthesis/id24_id21_0006.mp4,1,0.042261273
/home/tianlong/Downloads/celebdf/Celeb-synthesis/id24_id26_0009.mp4,1,0.30294606
/home/tianlong/Downloads/celebdf/Celeb-synthesis/id25_id19_0002.mp4,1,0.023797119
/home/tianlong/Downloads/celebdf/Celeb-synthesis/id25_id24_0003.mp4,1,0.04693378
/home/tianlong/Downloads/celebdf/Celeb-synthesis/id27_id21_0008.mp4,1,0.04272592
/home/tianlong/Downloads/celebdf/Celeb-synthesis/id27_id22_0007.mp4,1,0.032442342
/home/tianlong/Downloads/celebdf/Celeb-synthesis/id27_id25_0008.mp4,1,0.03041675
/home/tianlong/Downloads/celebdf/Celeb-synthesis/id28_id3_0004.mp4,1,0.036346313
/home/tianlong/Downloads/celebdf/Celeb-synthesis/id28_id6_0006.mp4,1,0.030777285
/home/tianlong/Downloads/celebdf/Celeb-synthesis/id29_id32_0000.mp4,1,0.02163676
/home/tianlong/Downloads/celebdf/Celeb-synthesis/id29_id37_0009.mp4,1,0.03891538
/home/tianlong/Downloads/celebdf/Celeb-synthesis/id30_id20_0004.mp4,1,0.054266203
/home/tianlong/Downloads/celebdf/Celeb-synthesis/id30_id23_0002.mp4,1,0.044371706
/home/tianlong/Downloads/celebdf/Celeb-synthesis/id32_id33_0004.mp4,1,0.04710202
/home/tianlong/Downloads/celebdf/Celeb-synthesis/id33_id38_0001.mp4,1,0.10932208
/home/tianlong/Downloads/celebdf/Celeb-synthesis/id34_id33_0005.mp4,1,0.04418717
/home/tianlong/Downloads/celebdf/Celeb-synthesis/id35_id31_0007.mp4,1,0.056045096
/home/tianlong/Downloads/celebdf/Celeb-synthesis/id49_id52_0005.mp4,1,0.02191309
/home/tianlong/Downloads/celebdf/Celeb-synthesis/id9_id2_0006.mp4,1,0.16466968
/home/tianlong/Downloads/celebdf/Celeb-synthesis/id7_id11_0007.mp4,1,0.06872207
/home/tianlong/Downloads/celebdf/Celeb-synthesis/id4_id37_0006.mp4,1,0.03613242
/home/tianlong/Downloads/celebdf/Celeb-synthesis/id37_id38_0009.mp4,1,0.4790577
/home/tianlong/Downloads/celebdf/Celeb-synthesis/id29_id30_0009.mp4,1,0.042629972
/home/tianlong/Downloads/celebdf/Celeb-synthesis/id0_id6_0007.mp4,1,0.13891377
/home/tianlong/Downloads/celebdf/Celeb-synthesis/id0_id16_0004.mp4,1,0.08321834
/home/tianlong/Downloads/celebdf/Celeb-synthesis/id31_id33_0008.mp4,1,0.034703046
/home/tianlong/Downloads/celebdf/Celeb-synthesis/id54_id49_0003.mp4,1,0.11277219
/home/tianlong/Downloads/celebdf/Celeb-synthesis/id0_id1_0000.mp4,1,0.079927675
/home/tianlong/Downloads/celebdf/Celeb-synthesis/id21_id28_0001.mp4,1,0.388563
/home/tianlong/Downloads/celebdf/Celeb-synthesis/id33_id29_0004.mp4,1,0.05743633
/home/tianlong/Downloads/celebdf/Celeb-synthesis/id28_id0_0009.mp4,1,0.03812524
/home/tianlong/Downloads/celebdf/Celeb-synthesis/id6_id9_0006.mp4,1,0.021394147
/home/tianlong/Downloads/celebdf/Celeb-synthesis/id9_id0_0006.mp4,1,0.034407146
/home/tianlong/Downloads/celebdf/Celeb-synthesis/id26_id2_0005.mp4,1,0.10431525
/home/tianlong/Downloads/celebdf/Celeb-synthesis/id1_id3_0002.mp4,1,0.026499802
/home/tianlong/Downloads/celebdf/Celeb-synthesis/id4_id6_0008.mp4,1,0.097370945
/home/tianlong/Downloads/celebdf/Celeb-synthesis/id16_id28_0005.mp4,1,0.061276246
/home/tianlong/Downloads/celebdf/Celeb-synthesis/id37_id35_0005.mp4,1,0.40222383
/home/tianlong/Downloads/celebdf/Celeb-synthesis/id19_id20_0004.mp4,1,0.024357604
/home/tianlong/Downloads/celebdf/Celeb-synthesis/id46_id41_0000.mp4,1,0.055297613
/home/tianlong/Downloads/celebdf/Celeb-synthesis/id51_id57_0004.mp4,1,0.08287721
/home/tianlong/Downloads/celebdf/Celeb-synthesis/id29_id37_0005.mp4,1,0.08523953
/home/tianlong/Downloads/celebdf/Celeb-synthesis/id35_id23_0007.mp4,1,0.31028372
/home/tianlong/Downloads/celebdf/Celeb-synthesis/id34_id33_0002.mp4,1,0.025194982
/home/tianlong/Downloads/celebdf/Celeb-synthesis/id1_id3_0006.mp4,1,0.021769002
/home/tianlong/Downloads/celebdf/Celeb-synthesis/id13_id10_0005.mp4,1,0.03969608
/home/tianlong/Downloads/celebdf/Celeb-synthesis/id56_id55_0009.mp4,1,0.09168287
/home/tianlong/Downloads/celebdf/Celeb-synthesis/id25_id28_0010.mp4,1,0.03758839
/home/tianlong/Downloads/celebdf/Celeb-synthesis/id20_id37_0004.mp4,1,0.13589312
/home/tianlong/Downloads/celebdf/Celeb-synthesis/id37_id29_0002.mp4,1,0.06793175
/home/tianlong/Downloads/celebdf/Celeb-synthesis/id56_id54_0007.mp4,1,0.14112931
/home/tianlong/Downloads/celebdf/Celeb-synthesis/id19_id20_0000.mp4,1,0.03425945
/home/tianlong/Downloads/celebdf/Celeb-synthesis/id4_id28_0006.mp4,1,0.22477303
/home/tianlong/Downloads/celebdf/Celeb-synthesis/id53_id58_0005.mp4,1,0.17605309
/home/tianlong/Downloads/celebdf/Celeb-synthesis/id55_id57_0002.mp4,1,0.42144918
/home/tianlong/Downloads/celebdf/Celeb-synthesis/id24_id26_0004.mp4,1,0.07568034
/home/tianlong/Downloads/celebdf/Celeb-synthesis/id20_id0_0006.mp4,1,0.22858709
/home/tianlong/Downloads/celebdf/Celeb-synthesis/id37_id2_0009.mp4,1,0.32205406
/home/tianlong/Downloads/celebdf/Celeb-synthesis/id30_id26_0006.mp4,1,0.07258595
/home/tianlong/Downloads/celebdf/Celeb-synthesis/id16_id2_0001.mp4,1,0.20166159
/home/tianlong/Downloads/celebdf/Celeb-synthesis/id26_id1_0002.mp4,1,0.035575677
/home/tianlong/Downloads/celebdf/Celeb-synthesis/id30_id6_0007.mp4,1,0.042580765
/home/tianlong/Downloads/celebdf/Celeb-synthesis/id44_id41_0005.mp4,1,0.27916798
/home/tianlong/Downloads/celebdf/Celeb-synthesis/id16_id2_0006.mp4,1,0.7592911
/home/tianlong/Downloads/celebdf/Celeb-synthesis/id1_id16_0004.mp4,1,0.1423961
/home/tianlong/Downloads/celebdf/Celeb-synthesis/id16_id21_0002.mp4,1,0.088412285
/home/tianlong/Downloads/celebdf/Celeb-synthesis/id4_id0_0000.mp4,1,0.08415696
/home/tianlong/Downloads/celebdf/Celeb-synthesis/id8_id0_0002.mp4,1,0.059741218
/home/tianlong/Downloads/celebdf/Celeb-synthesis/id19_id23_0001.mp4,1,0.517131
/home/tianlong/Downloads/celebdf/Celeb-synthesis/id37_id3_0006.mp4,1,0.09357812
/home/tianlong/Downloads/celebdf/Celeb-synthesis/id9_id16_0007.mp4,1,0.28461775
/home/tianlong/Downloads/celebdf/Celeb-synthesis/id47_id43_0007.mp4,1,0.13759272
/home/tianlong/Downloads/celebdf/Celeb-synthesis/id16_id3_0009.mp4,1,0.028661028
/home/tianlong/Downloads/celebdf/Celeb-synthesis/id26_id28_0002.mp4,1,0.032078885
/home/tianlong/Downloads/celebdf/Celeb-synthesis/id8_id3_0003.mp4,1,0.07934613
/home/tianlong/Downloads/celebdf/Celeb-synthesis/id30_id28_0000.mp4,1,0.044130486
/home/tianlong/Downloads/celebdf/Celeb-synthesis/id27_id23_0008.mp4,1,0.10977479
/home/tianlong/Downloads/celebdf/Celeb-synthesis/id28_id20_0008.mp4,1,0.023518689
/home/tianlong/Downloads/celebdf/Celeb-synthesis/id1_id2_0002.mp4,1,0.17002465
/home/tianlong/Downloads/celebdf/Celeb-synthesis/id46_id39_0000.mp4,1,0.04159683
/home/tianlong/Downloads/celebdf/Celeb-synthesis/id37_id28_0008.mp4,1,0.050108094
/home/tianlong/Downloads/celebdf/Celeb-synthesis/id0_id3_0007.mp4,1,0.04848558
/home/tianlong/Downloads/celebdf/Celeb-synthesis/id4_id1_0002.mp4,1,0.046496954
/home/tianlong/Downloads/celebdf/Celeb-synthesis/id13_id7_0000.mp4,1,0.046124354
/home/tianlong/Downloads/celebdf/Celeb-synthesis/id50_id53_0000.mp4,1,0.053443104
/home/tianlong/Downloads/celebdf/Celeb-synthesis/id50_id56_0005.mp4,1,0.24431276
/home/tianlong/Downloads/celebdf/Celeb-synthesis/id4_id21_0009.mp4,1,0.2460873
/home/tianlong/Downloads/celebdf/Celeb-synthesis/id23_id3_0004.mp4,1,0.13752885
/home/tianlong/Downloads/celebdf/Celeb-synthesis/id56_id51_0000.mp4,1,0.049122185
/home/tianlong/Downloads/celebdf/Celeb-synthesis/id30_id3_0006.mp4,1,0.25900078
/home/tianlong/Downloads/celebdf/Celeb-synthesis/id28_id20_0006.mp4,1,0.024424268
/home/tianlong/Downloads/celebdf/Celeb-synthesis/id4_id20_0008.mp4,1,0.029771917
/home/tianlong/Downloads/celebdf/Celeb-synthesis/id54_id58_0006.mp4,1,0.23781206
/home/tianlong/Downloads/celebdf/Celeb-synthesis/id53_id57_0005.mp4,1,0.113768734
/home/tianlong/Downloads/celebdf/Celeb-synthesis/id31_id33_0009.mp4,1,0.05271588
/home/tianlong/Downloads/celebdf/Celeb-synthesis/id0_id21_0000.mp4,1,0.23451553
/home/tianlong/Downloads/celebdf/Celeb-synthesis/id6_id23_0006.mp4,1,0.1419999
/home/tianlong/Downloads/celebdf/Celeb-synthesis/id48_id45_0002.mp4,1,0.06578966
/home/tianlong/Downloads/celebdf/Celeb-synthesis/id46_id45_0001.mp4,1,0.04589626
/home/tianlong/Downloads/celebdf/Celeb-synthesis/id28_id21_0006.mp4,1,0.028936626
/home/tianlong/Downloads/celebdf/Celeb-synthesis/id12_id10_0005.mp4,1,0.14458774
/home/tianlong/Downloads/celebdf/Celeb-synthesis/id54_id56_0000.mp4,1,0.0739697
/home/tianlong/Downloads/celebdf/Celeb-synthesis/id39_id47_0004.mp4,1,0.14640184
/home/tianlong/Downloads/celebdf/Celeb-synthesis/id9_id3_0009.mp4,1,0.038711634
/home/tianlong/Downloads/celebdf/Celeb-synthesis/id35_id16_0007.mp4,1,0.10872022
/home/tianlong/Downloads/celebdf/Celeb-synthesis/id21_id2_0002.mp4,1,0.64256555
/home/tianlong/Downloads/celebdf/Celeb-synthesis/id12_id10_0002.mp4,1,0.22485054
/home/tianlong/Downloads/celebdf/Celeb-synthesis/id10_id13_0007.mp4,1,0.08564472
/home/tianlong/Downloads/celebdf/Celeb-synthesis/id20_id31_0008.mp4,1,0.1059274
/home/tianlong/Downloads/celebdf/Celeb-synthesis/id0_id16_0003.mp4,1,0.048705954
/home/tianlong/Downloads/celebdf/Celeb-synthesis/id0_id16_0007.mp4,1,0.10397246
/home/tianlong/Downloads/celebdf/Celeb-synthesis/id2_id16_0004.mp4,1,0.43371284
/home/tianlong/Downloads/celebdf/Celeb-synthesis/id13_id7_0012.mp4,1,0.04592873
/home/tianlong/Downloads/celebdf/Celeb-synthesis/id37_id1_0002.mp4,1,0.0300477
/home/tianlong/Downloads/celebdf/Celeb-synthesis/id30_id28_0004.mp4,1,0.13359785
/home/tianlong/Downloads/celebdf/Celeb-synthesis/id53_id52_0003.mp4,1,0.029130988
/home/tianlong/Downloads/celebdf/Celeb-synthesis/id54_id56_0006.mp4,1,0.057942014
/home/tianlong/Downloads/celebdf/Celeb-synthesis/id3_id28_0002.mp4,1,0.022779621
/home/tianlong/Downloads/celebdf/Celeb-synthesis/id37_id4_0000.mp4,1,0.15312323
/home/tianlong/Downloads/celebdf/Celeb-synthesis/id28_id9_0000.mp4,1,0.024785183
/home/tianlong/Downloads/celebdf/Celeb-synthesis/id4_id2_0003.mp4,1,0.24920851
/home/tianlong/Downloads/celebdf/Celeb-synthesis/id25_id21_0005.mp4,1,0.08646832
/home/tianlong/Downloads/celebdf/Celeb-synthesis/id17_id3_0007.mp4,1,0.09550226
/home/tianlong/Downloads/celebdf/Celeb-synthesis/id2_id1_0004.mp4,1,0.38013852
/home/tianlong/Downloads/celebdf/Celeb-synthesis/id3_id9_0003.mp4,1,0.018167326
/home/tianlong/Downloads/celebdf/Celeb-synthesis/id16_id6_0001.mp4,1,0.08125829
/home/tianlong/Downloads/celebdf/Celeb-synthesis/id8_id6_0002.mp4,1,0.031445518
/home/tianlong/Downloads/celebdf/Celeb-synthesis/id17_id16_0007.mp4,1,0.07922887
/home/tianlong/Downloads/celebdf/Celeb-synthesis/id4_id26_0007.mp4,1,0.101594664
/home/tianlong/Downloads/celebdf/Celeb-synthesis/id44_id45_0000.mp4,1,0.05876787
/home/tianlong/Downloads/celebdf/Celeb-synthesis/id0_id1_0005.mp4,1,0.06380615
/home/tianlong/Downloads/celebdf/Celeb-synthesis/id57_id51_0000.mp4,1,0.07551158
/home/tianlong/Downloads/celebdf/Celeb-synthesis/id34_id32_0007.mp4,1,0.15429181
/home/tianlong/Downloads/celebdf/Celeb-synthesis/id32_id31_0006.mp4,1,0.5531936
/home/tianlong/Downloads/celebdf/Celeb-synthesis/id48_id41_0001.mp4,1,0.06317786
/home/tianlong/Downloads/celebdf/Celeb-synthesis/id4_id0_0004.mp4,1,0.031124076
/home/tianlong/Downloads/celebdf/Celeb-synthesis/id21_id19_0009.mp4,1,0.07634039
/home/tianlong/Downloads/celebdf/Celeb-synthesis/id45_id39_0008.mp4,1,0.14795047
/home/tianlong/Downloads/celebdf/Celeb-synthesis/id31_id30_0009.mp4,1,0.03128175
/home/tianlong/Downloads/celebdf/Celeb-synthesis/id27_id19_0001.mp4,1,0.035141986
/home/tianlong/Downloads/celebdf/Celeb-synthesis/id23_id16_0003.mp4,1,0.023926325
/home/tianlong/Downloads/celebdf/Celeb-synthesis/id58_id57_0008.mp4,1,0.16021164
/home/tianlong/Downloads/celebdf/Celeb-synthesis/id17_id2_0007.mp4,1,0.46514675
/home/tianlong/Downloads/celebdf/Celeb-synthesis/id28_id3_0001.mp4,1,0.037847336
/home/tianlong/Downloads/celebdf/Celeb-synthesis/id23_id35_0009.mp4,1,0.06950628
/home/tianlong/Downloads/celebdf/Celeb-synthesis/id4_id0_0001.mp4,1,0.20076041
/home/tianlong/Downloads/celebdf/Celeb-synthesis/id17_id31_0009.mp4,1,0.08116221
/home/tianlong/Downloads/celebdf/Celeb-synthesis/id48_id47_0008.mp4,1,0.08778603
/home/tianlong/Downloads/celebdf/Celeb-synthesis/id50_id49_0001.mp4,1,0.081020094
/home/tianlong/Downloads/celebdf/Celeb-synthesis/id20_id1_0003.mp4,1,0.049222182
/home/tianlong/Downloads/celebdf/Celeb-synthesis/id16_id3_0010.mp4,1,0.049280863
/home/tianlong/Downloads/celebdf/Celeb-synthesis/id23_id19_0000.mp4,1,0.23260218
/home/tianlong/Downloads/celebdf/Celeb-synthesis/id1_id3_0009.mp4,1,0.08505445
/home/tianlong/Downloads/celebdf/Celeb-synthesis/id43_id40_0005.mp4,1,0.31933257
/home/tianlong/Downloads/celebdf/Celeb-synthesis/id4_id6_0002.mp4,1,0.042632196
/home/tianlong/Downloads/celebdf/Celeb-synthesis/id10_id7_0008.mp4,1,0.24041669
/home/tianlong/Downloads/celebdf/Celeb-synthesis/id13_id10_0008.mp4,1,0.15283094
/home/tianlong/Downloads/celebdf/Celeb-synthesis/id12_id7_0006.mp4,1,0.105126865
/home/tianlong/Downloads/celebdf/Celeb-synthesis/id6_id2_0008.mp4,1,0.44209766
/home/tianlong/Downloads/celebdf/Celeb-synthesis/id2_id0_0002.mp4,1,0.12675633
/home/tianlong/Downloads/celebdf/Celeb-synthesis/id2_id6_0002.mp4,1,0.09008146
/home/tianlong/Downloads/celebdf/Celeb-synthesis/id30_id28_0006.mp4,1,0.121326335
/home/tianlong/Downloads/celebdf/Celeb-synthesis/id52_id50_0007.mp4,1,0.14384988
/home/tianlong/Downloads/celebdf/Celeb-synthesis/id49_id52_0007.mp4,1,0.027257526
/home/tianlong/Downloads/celebdf/Celeb-synthesis/id51_id50_0008.mp4,1,0.12302282
/home/tianlong/Downloads/celebdf/Celeb-synthesis/id21_id3_0009.mp4,1,0.11412283
/home/tianlong/Downloads/celebdf/Celeb-synthesis/id31_id16_0002.mp4,1,0.12483898
/home/tianlong/Downloads/celebdf/Celeb-synthesis/id25_id28_0003.mp4,1,0.07591577
/home/tianlong/Downloads/celebdf/Celeb-synthesis/id21_id20_0006.mp4,1,0.02288506
/home/tianlong/Downloads/celebdf/Celeb-synthesis/id10_id7_0005.mp4,1,0.14287393
/home/tianlong/Downloads/celebdf/Celeb-synthesis/id38_id30_0006.mp4,1,0.35914016
/home/tianlong/Downloads/celebdf/Celeb-synthesis/id35_id30_0006.mp4,1,0.03670876
/home/tianlong/Downloads/celebdf/Celeb-synthesis/id20_id9_0008.mp4,1,0.02405466
/home/tianlong/Downloads/celebdf/Celeb-synthesis/id25_id23_0010.mp4,1,0.48089305
/home/tianlong/Downloads/celebdf/Celeb-synthesis/id17_id21_0000.mp4,1,0.14699341
/home/tianlong/Downloads/celebdf/Celeb-synthesis/id45_id47_0002.mp4,1,0.055399757
/home/tianlong/Downloads/celebdf/Celeb-synthesis/id1_id3_0003.mp4,1,0.030395953
/home/tianlong/Downloads/celebdf/Celeb-synthesis/id27_id26_0006.mp4,1,0.050645124
/home/tianlong/Downloads/celebdf/Celeb-synthesis/id44_id42_0001.mp4,1,0.04587635
/home/tianlong/Downloads/celebdf/Celeb-synthesis/id57_id53_0006.mp4,1,0.12838574
/home/tianlong/Downloads/celebdf/Celeb-synthesis/id43_id39_0000.mp4,1,0.09252638
/home/tianlong/Downloads/celebdf/Celeb-synthesis/id35_id16_0004.mp4,1,0.41635093
/home/tianlong/Downloads/celebdf/Celeb-synthesis/id42_id40_0001.mp4,1,0.20003188
/home/tianlong/Downloads/celebdf/Celeb-synthesis/id21_id2_0000.mp4,1,0.25774008
/home/tianlong/Downloads/celebdf/Celeb-synthesis/id37_id21_0000.mp4,1,0.07397139
/home/tianlong/Downloads/celebdf/Celeb-synthesis/id29_id38_0008.mp4,1,0.11629995
/home/tianlong/Downloads/celebdf/Celeb-synthesis/id39_id44_0000.mp4,1,0.44941518
/home/tianlong/Downloads/celebdf/Celeb-synthesis/id9_id6_0005.mp4,1,0.03660556
/home/tianlong/Downloads/celebdf/Celeb-synthesis/id0_id1_0001.mp4,1,0.10476807
/home/tianlong/Downloads/celebdf/Celeb-synthesis/id31_id2_0004.mp4,1,0.1859325
/home/tianlong/Downloads/celebdf/Celeb-synthesis/id38_id34_0003.mp4,1,0.30879942
/home/tianlong/Downloads/celebdf/Celeb-synthesis/id56_id57_0007.mp4,1,0.24229354
/home/tianlong/Downloads/celebdf/Celeb-synthesis/id52_id58_0005.mp4,1,0.3125753
/home/tianlong/Downloads/celebdf/Celeb-synthesis/id28_id4_0000.mp4,1,0.36102208
/home/tianlong/Downloads/celebdf/Celeb-synthesis/id22_id26_0005.mp4,1,0.041893605
/home/tianlong/Downloads/celebdf/Celeb-synthesis/id4_id30_0000.mp4,1,0.043784406
/home/tianlong/Downloads/celebdf/Celeb-synthesis/id29_id32_0003.mp4,1,0.048826635
/home/tianlong/Downloads/celebdf/Celeb-synthesis/id35_id20_0007.mp4,1,0.07795548
/home/tianlong/Downloads/celebdf/Celeb-synthesis/id1_id2_0007.mp4,1,0.46504152
/home/tianlong/Downloads/celebdf/Celeb-synthesis/id30_id3_0002.mp4,1,0.023462826
/home/tianlong/Downloads/celebdf/Celeb-synthesis/id22_id25_0001.mp4,1,0.040409777
/home/tianlong/Downloads/celebdf/Celeb-synthesis/id39_id44_0008.mp4,1,0.29206264
/home/tianlong/Downloads/celebdf/Celeb-synthesis/id34_id29_0008.mp4,1,0.22340219
/home/tianlong/Downloads/celebdf/Celeb-synthesis/id21_id28_0009.mp4,1,0.091038935
/home/tianlong/Downloads/celebdf/Celeb-synthesis/id30_id4_0001.mp4,1,0.34021273
/home/tianlong/Downloads/celebdf/Celeb-synthesis/id25_id19_0008.mp4,1,0.2825512
/home/tianlong/Downloads/celebdf/Celeb-synthesis/id21_id4_0002.mp4,1,0.6738607
/home/tianlong/Downloads/celebdf/Celeb-synthesis/id17_id28_0001.mp4,1,0.09859577
/home/tianlong/Downloads/celebdf/Celeb-synthesis/id6_id1_0007.mp4,1,0.020238226
/home/tianlong/Downloads/celebdf/Celeb-synthesis/id9_id2_0008.mp4,1,0.027872762
/home/tianlong/Downloads/celebdf/Celeb-synthesis/id8_id5_0008.mp4,1,0.02613729
/home/tianlong/Downloads/celebdf/Celeb-synthesis/id37_id3_0004.mp4,1,0.03417468
/home/tianlong/Downloads/celebdf/Celeb-synthesis/id17_id2_0003.mp4,1,0.60510355
