Video,Label,Prediction
/home/tianlong/Downloads/celebdf/YouTube-real/00170.mp4,0,0.048270706
/home/tianlong/Downloads/celebdf/YouTube-real/00208.mp4,0,0.0012502243
/home/tianlong/Downloads/celebdf/YouTube-real/00063.mp4,0,0.81100017
/home/tianlong/Downloads/celebdf/YouTube-real/00024.mp4,0,0.0038252466
/home/tianlong/Downloads/celebdf/YouTube-real/00021.mp4,0,0.007357975
/home/tianlong/Downloads/celebdf/YouTube-real/00036.mp4,0,0.00053982076
/home/tianlong/Downloads/celebdf/YouTube-real/00202.mp4,0,0.063466534
/home/tianlong/Downloads/celebdf/YouTube-real/00236.mp4,0,0.010143896
/home/tianlong/Downloads/celebdf/YouTube-real/00197.mp4,0,0.03570192
/home/tianlong/Downloads/celebdf/YouTube-real/00133.mp4,0,0.0601909
/home/tianlong/Downloads/celebdf/YouTube-real/00213.mp4,0,0.00845613
/home/tianlong/Downloads/celebdf/YouTube-real/00011.mp4,0,0.16211575
/home/tianlong/Downloads/celebdf/YouTube-real/00095.mp4,0,0.104241036
/home/tianlong/Downloads/celebdf/YouTube-real/00138.mp4,0,0.00043303796
/home/tianlong/Downloads/celebdf/YouTube-real/00106.mp4,0,0.0003991912
/home/tianlong/Downloads/celebdf/YouTube-real/00194.mp4,0,0.0005928564
/home/tianlong/Downloads/celebdf/YouTube-real/00092.mp4,0,0.014091134
/home/tianlong/Downloads/celebdf/YouTube-real/00227.mp4,0,0.000347318
/home/tianlong/Downloads/celebdf/YouTube-real/00244.mp4,0,0.000804144
/home/tianlong/Downloads/celebdf/YouTube-real/00119.mp4,0,0.03494288
/home/tianlong/Downloads/celebdf/YouTube-real/00082.mp4,0,0.20805615
/home/tianlong/Downloads/celebdf/YouTube-real/00188.mp4,0,0.073651455
/home/tianlong/Downloads/celebdf/YouTube-real/00076.mp4,0,0.02837277
/home/tianlong/Downloads/celebdf/YouTube-real/00047.mp4,0,0.027136805
/home/tianlong/Downloads/celebdf/YouTube-real/00168.mp4,0,0.03226768
/home/tianlong/Downloads/celebdf/YouTube-real/00207.mp4,0,0.029393444
/home/tianlong/Downloads/celebdf/YouTube-real/00193.mp4,0,0.008361303
/home/tianlong/Downloads/celebdf/YouTube-real/00061.mp4,0,0.11115385
/home/tianlong/Downloads/celebdf/YouTube-real/00023.mp4,0,0.025804883
/home/tianlong/Downloads/celebdf/YouTube-real/00048.mp4,0,0.16869293
/home/tianlong/Downloads/celebdf/YouTube-real/00250.mp4,0,0.0016233925
/home/tianlong/Downloads/celebdf/YouTube-real/00251.mp4,0,0.0022178588
/home/tianlong/Downloads/celebdf/YouTube-real/00252.mp4,0,0.0005989096
/home/tianlong/Downloads/celebdf/YouTube-real/00253.mp4,0,0.0009346863
/home/tianlong/Downloads/celebdf/YouTube-real/00254.mp4,0,0.03216434
/home/tianlong/Downloads/celebdf/YouTube-real/00255.mp4,0,0.00030650684
/home/tianlong/Downloads/celebdf/YouTube-real/00256.mp4,0,0.00030341503
/home/tianlong/Downloads/celebdf/YouTube-real/00257.mp4,0,0.03489769
/home/tianlong/Downloads/celebdf/YouTube-real/00258.mp4,0,0.0004282978
/home/tianlong/Downloads/celebdf/YouTube-real/00259.mp4,0,0.29037568
/home/tianlong/Downloads/celebdf/YouTube-real/00260.mp4,0,0.004263821
/home/tianlong/Downloads/celebdf/YouTube-real/00261.mp4,0,0.048183028
/home/tianlong/Downloads/celebdf/YouTube-real/00262.mp4,0,0.0018684439
/home/tianlong/Downloads/celebdf/YouTube-real/00263.mp4,0,0.18577878
/home/tianlong/Downloads/celebdf/YouTube-real/00264.mp4,0,0.006748103
/home/tianlong/Downloads/celebdf/YouTube-real/00265.mp4,0,0.010722416
/home/tianlong/Downloads/celebdf/YouTube-real/00266.mp4,0,0.057154477
/home/tianlong/Downloads/celebdf/YouTube-real/00267.mp4,0,0.0004904648
/home/tianlong/Downloads/celebdf/YouTube-real/00268.mp4,0,0.00083494355
/home/tianlong/Downloads/celebdf/YouTube-real/00269.mp4,0,0.07915639
/home/tianlong/Downloads/celebdf/YouTube-real/00270.mp4,0,0.0004861935
/home/tianlong/Downloads/celebdf/YouTube-real/00271.mp4,0,0.0055024475
/home/tianlong/Downloads/celebdf/YouTube-real/00272.mp4,0,0.0009203478
/home/tianlong/Downloads/celebdf/YouTube-real/00273.mp4,0,0.00096020877
/home/tianlong/Downloads/celebdf/YouTube-real/00274.mp4,0,0.0003783086
/home/tianlong/Downloads/celebdf/YouTube-real/00275.mp4,0,0.2566966
/home/tianlong/Downloads/celebdf/YouTube-real/00276.mp4,0,0.00032462584
/home/tianlong/Downloads/celebdf/YouTube-real/00277.mp4,0,0.0005521763
/home/tianlong/Downloads/celebdf/YouTube-real/00278.mp4,0,0.00040381632
/home/tianlong/Downloads/celebdf/YouTube-real/00279.mp4,0,0.015217309
/home/tianlong/Downloads/celebdf/YouTube-real/00280.mp4,0,0.06155971
/home/tianlong/Downloads/celebdf/YouTube-real/00281.mp4,0,0.07519445
/home/tianlong/Downloads/celebdf/YouTube-real/00282.mp4,0,0.14931558
/home/tianlong/Downloads/celebdf/YouTube-real/00283.mp4,0,0.0050285705
/home/tianlong/Downloads/celebdf/YouTube-real/00284.mp4,0,0.004298055
/home/tianlong/Downloads/celebdf/YouTube-real/00285.mp4,0,0.00044902577
/home/tianlong/Downloads/celebdf/YouTube-real/00286.mp4,0,0.029990828
/home/tianlong/Downloads/celebdf/YouTube-real/00287.mp4,0,0.0009416332
/home/tianlong/Downloads/celebdf/YouTube-real/00288.mp4,0,0.006448427
/home/tianlong/Downloads/celebdf/YouTube-real/00289.mp4,0,0.0087503325
/home/tianlong/Downloads/celebdf/Celeb-real/id1_0007.mp4,0,0.2180891
/home/tianlong/Downloads/celebdf/Celeb-real/id2_0008.mp4,0,0.00033315946
/home/tianlong/Downloads/celebdf/Celeb-real/id3_0001.mp4,0,0.00038814716
/home/tianlong/Downloads/celebdf/Celeb-real/id6_0005.mp4,0,0.13678478
/home/tianlong/Downloads/celebdf/Celeb-real/id9_0000.mp4,0,0.0010366422
/home/tianlong/Downloads/celebdf/Celeb-real/id11_0008.mp4,0,0.009722565
/home/tianlong/Downloads/celebdf/Celeb-real/id16_0011.mp4,0,0.13674015
/home/tianlong/Downloads/celebdf/Celeb-real/id17_0000.mp4,0,0.03563523
/home/tianlong/Downloads/celebdf/Celeb-real/id35_0008.mp4,0,0.00088804384
/home/tianlong/Downloads/celebdf/Celeb-real/id39_0005.mp4,0,0.64429295
/home/tianlong/Downloads/celebdf/Celeb-real/id48_0000.mp4,0,0.01939971
/home/tianlong/Downloads/celebdf/Celeb-real/id32_0008.mp4,0,0.006914851
/home/tianlong/Downloads/celebdf/Celeb-real/id56_0009.mp4,0,0.046914205
/home/tianlong/Downloads/celebdf/Celeb-real/id54_0007.mp4,0,0.0051692394
/home/tianlong/Downloads/celebdf/Celeb-real/id37_0005.mp4,0,0.031522907
/home/tianlong/Downloads/celebdf/Celeb-real/id29_0008.mp4,0,0.0004392448
/home/tianlong/Downloads/celebdf/Celeb-real/id43_0006.mp4,0,0.00034701556
/home/tianlong/Downloads/celebdf/Celeb-real/id1_0006.mp4,0,0.0019244015
/home/tianlong/Downloads/celebdf/Celeb-real/id51_0001.mp4,0,0.07809995
/home/tianlong/Downloads/celebdf/Celeb-real/id31_0007.mp4,0,0.00044816258
/home/tianlong/Downloads/celebdf/Celeb-real/id2_0003.mp4,0,0.0039730347
/home/tianlong/Downloads/celebdf/Celeb-real/id21_0009.mp4,0,0.019233722
/home/tianlong/Downloads/celebdf/Celeb-real/id50_0003.mp4,0,0.00055272103
/home/tianlong/Downloads/celebdf/Celeb-real/id21_0006.mp4,0,0.17177474
/home/tianlong/Downloads/celebdf/Celeb-real/id44_0003.mp4,0,0.053372543
/home/tianlong/Downloads/celebdf/Celeb-real/id36_0006.mp4,0,0.004943688
/home/tianlong/Downloads/celebdf/Celeb-real/id36_0008.mp4,0,0.0003589011
/home/tianlong/Downloads/celebdf/Celeb-real/id1_0008.mp4,0,0.000507901
/home/tianlong/Downloads/celebdf/Celeb-real/id45_0003.mp4,0,0.00856365
/home/tianlong/Downloads/celebdf/Celeb-real/id48_0003.mp4,0,0.0004314294
/home/tianlong/Downloads/celebdf/Celeb-real/id23_0001.mp4,0,0.00034969673
/home/tianlong/Downloads/celebdf/Celeb-real/id16_0010.mp4,0,0.0003271011
/home/tianlong/Downloads/celebdf/Celeb-real/id31_0004.mp4,0,0.00032073536
/home/tianlong/Downloads/celebdf/Celeb-real/id35_0000.mp4,0,0.0004282532
/home/tianlong/Downloads/celebdf/Celeb-real/id58_0002.mp4,0,0.03820298
/home/tianlong/Downloads/celebdf/Celeb-real/id30_0007.mp4,0,0.0003311697
/home/tianlong/Downloads/celebdf/Celeb-real/id12_0005.mp4,0,0.009823904
/home/tianlong/Downloads/celebdf/Celeb-real/id56_0002.mp4,0,0.00085529435
/home/tianlong/Downloads/celebdf/Celeb-real/id33_0005.mp4,0,0.00079384045
/home/tianlong/Downloads/celebdf/Celeb-real/id29_0009.mp4,0,0.00038311572
/home/tianlong/Downloads/celebdf/Celeb-real/id13_0013.mp4,0,0.44245687
/home/tianlong/Downloads/celebdf/Celeb-real/id28_0009.mp4,0,0.0003121255
/home/tianlong/Downloads/celebdf/Celeb-real/id36_0000.mp4,0,0.0031074279
/home/tianlong/Downloads/celebdf/Celeb-real/id24_0009.mp4,0,0.00513918
/home/tianlong/Downloads/celebdf/Celeb-real/id39_0004.mp4,0,0.5003052
/home/tianlong/Downloads/celebdf/Celeb-real/id27_0008.mp4,0,0.0010354804
/home/tianlong/Downloads/celebdf/Celeb-real/id11_0006.mp4,0,0.07863862
/home/tianlong/Downloads/celebdf/Celeb-real/id19_0007.mp4,0,0.0028757667
/home/tianlong/Downloads/celebdf/Celeb-real/id37_0009.mp4,0,0.0156454
/home/tianlong/Downloads/celebdf/Celeb-real/id3_0008.mp4,0,0.00051781296
/home/tianlong/Downloads/celebdf/Celeb-real/id46_0000.mp4,0,0.065254584
/home/tianlong/Downloads/celebdf/Celeb-real/id33_0008.mp4,0,0.00058557384
/home/tianlong/Downloads/celebdf/Celeb-real/id8_0000.mp4,0,0.07007452
/home/tianlong/Downloads/celebdf/Celeb-real/id16_0007.mp4,0,0.00034433676
/home/tianlong/Downloads/celebdf/Celeb-real/id1_0001.mp4,0,0.0004857372
/home/tianlong/Downloads/celebdf/Celeb-real/id32_0002.mp4,0,0.5867696
/home/tianlong/Downloads/celebdf/Celeb-real/id19_0005.mp4,0,0.038892794
/home/tianlong/Downloads/celebdf/Celeb-real/id27_0009.mp4,0,0.00035968932
/home/tianlong/Downloads/celebdf/Celeb-real/id2_0001.mp4,0,0.0003742188
/home/tianlong/Downloads/celebdf/Celeb-real/id13_0011.mp4,0,0.030677138
/home/tianlong/Downloads/celebdf/Celeb-real/id49_0004.mp4,0,0.30154356
/home/tianlong/Downloads/celebdf/Celeb-real/id57_0007.mp4,0,0.06657687
/home/tianlong/Downloads/celebdf/Celeb-real/id26_0008.mp4,0,0.013742651
/home/tianlong/Downloads/celebdf/Celeb-real/id2_0004.mp4,0,0.012583471
/home/tianlong/Downloads/celebdf/Celeb-real/id36_0001.mp4,0,0.00035086877
/home/tianlong/Downloads/celebdf/Celeb-real/id0_0001.mp4,0,0.1632319
/home/tianlong/Downloads/celebdf/Celeb-real/id10_0007.mp4,0,0.0004528497
/home/tianlong/Downloads/celebdf/Celeb-real/id17_0002.mp4,0,0.0052557513
/home/tianlong/Downloads/celebdf/Celeb-real/id4_0004.mp4,0,0.0062025473
/home/tianlong/Downloads/celebdf/Celeb-real/id36_0002.mp4,0,0.00035199313
/home/tianlong/Downloads/celebdf/Celeb-real/id53_0003.mp4,0,0.5167132
/home/tianlong/Downloads/celebdf/Celeb-real/id25_0010.mp4,0,0.008272345
/home/tianlong/Downloads/celebdf/Celeb-real/id51_0006.mp4,0,0.6897249
/home/tianlong/Downloads/celebdf/Celeb-real/id22_0000.mp4,0,0.001214611
/home/tianlong/Downloads/celebdf/Celeb-real/id10_0001.mp4,0,0.0014614044
/home/tianlong/Downloads/celebdf/Celeb-real/id6_0002.mp4,0,0.0066612125
/home/tianlong/Downloads/celebdf/Celeb-real/id12_0000.mp4,0,0.0021337876
/home/tianlong/Downloads/celebdf/Celeb-real/id35_0003.mp4,0,0.29356652
/home/tianlong/Downloads/celebdf/Celeb-real/id3_0002.mp4,0,0.00034304813
/home/tianlong/Downloads/celebdf/Celeb-real/id31_0003.mp4,0,0.060539007
/home/tianlong/Downloads/celebdf/Celeb-real/id52_0002.mp4,0,0.21084587
/home/tianlong/Downloads/celebdf/Celeb-real/id2_0002.mp4,0,0.00032053262
/home/tianlong/Downloads/celebdf/Celeb-real/id44_0001.mp4,0,0.010576536
/home/tianlong/Downloads/celebdf/Celeb-real/id8_0009.mp4,0,0.016682565
/home/tianlong/Downloads/celebdf/Celeb-real/id33_0002.mp4,0,0.00037293264
/home/tianlong/Downloads/celebdf/Celeb-real/id50_0000.mp4,0,0.07705143
/home/tianlong/Downloads/celebdf/Celeb-real/id40_0003.mp4,0,0.0016790386
/home/tianlong/Downloads/celebdf/Celeb-real/id7_0006.mp4,0,0.006852405
/home/tianlong/Downloads/celebdf/Celeb-real/id53_0007.mp4,0,0.006984055
/home/tianlong/Downloads/celebdf/Celeb-real/id43_0002.mp4,0,0.18499696
/home/tianlong/Downloads/celebdf/Celeb-real/id56_0000.mp4,0,0.051526804
/home/tianlong/Downloads/celebdf/Celeb-real/id13_0004.mp4,0,0.05788396
/home/tianlong/Downloads/celebdf/Celeb-real/id43_0001.mp4,0,0.048881892
/home/tianlong/Downloads/celebdf/Celeb-real/id20_0008.mp4,0,0.035071973
/home/tianlong/Downloads/celebdf/Celeb-real/id28_0004.mp4,0,0.27154282
/home/tianlong/Downloads/celebdf/Celeb-real/id22_0009.mp4,0,0.34832987
/home/tianlong/Downloads/celebdf/Celeb-real/id53_0000.mp4,0,0.09430402
/home/tianlong/Downloads/celebdf/Celeb-real/id50_0006.mp4,0,0.043640073
/home/tianlong/Downloads/celebdf/Celeb-real/id32_0003.mp4,0,0.34970844
/home/tianlong/Downloads/celebdf/Celeb-real/id32_0006.mp4,0,0.66759175
/home/tianlong/Downloads/celebdf/Celeb-real/id57_0003.mp4,0,0.9202557
/home/tianlong/Downloads/celebdf/Celeb-real/id37_0004.mp4,0,0.0017313445
/home/tianlong/Downloads/celebdf/Celeb-real/id28_0007.mp4,0,0.0004852131
/home/tianlong/Downloads/celebdf/Celeb-real/id52_0001.mp4,0,0.15581365
/home/tianlong/Downloads/celebdf/Celeb-real/id40_0009.mp4,0,0.10939897
/home/tianlong/Downloads/celebdf/Celeb-real/id51_0005.mp4,0,0.034081902
/home/tianlong/Downloads/celebdf/Celeb-real/id34_0006.mp4,0,0.0013765356
/home/tianlong/Downloads/celebdf/Celeb-real/id42_0002.mp4,0,0.0003576365
/home/tianlong/Downloads/celebdf/Celeb-synthesis/id1_id0_0007.mp4,1,0.6924122
/home/tianlong/Downloads/celebdf/Celeb-synthesis/id1_id3_0007.mp4,1,0.7570948
/home/tianlong/Downloads/celebdf/Celeb-synthesis/id1_id4_0007.mp4,1,0.2933108
/home/tianlong/Downloads/celebdf/Celeb-synthesis/id1_id9_0007.mp4,1,0.3798642
/home/tianlong/Downloads/celebdf/Celeb-synthesis/id1_id16_0007.mp4,1,0.10144352
/home/tianlong/Downloads/celebdf/Celeb-synthesis/id1_id17_0007.mp4,1,0.6646208
/home/tianlong/Downloads/celebdf/Celeb-synthesis/id2_id0_0008.mp4,1,0.9591778
/home/tianlong/Downloads/celebdf/Celeb-synthesis/id2_id3_0008.mp4,1,0.94244295
/home/tianlong/Downloads/celebdf/Celeb-synthesis/id2_id9_0008.mp4,1,0.80156803
/home/tianlong/Downloads/celebdf/Celeb-synthesis/id3_id1_0001.mp4,1,0.3577677
/home/tianlong/Downloads/celebdf/Celeb-synthesis/id3_id2_0001.mp4,1,0.00065195345
/home/tianlong/Downloads/celebdf/Celeb-synthesis/id3_id4_0001.mp4,1,0.37437022
/home/tianlong/Downloads/celebdf/Celeb-synthesis/id3_id6_0001.mp4,1,0.13474727
/home/tianlong/Downloads/celebdf/Celeb-synthesis/id3_id9_0001.mp4,1,0.00043651098
/home/tianlong/Downloads/celebdf/Celeb-synthesis/id3_id16_0001.mp4,1,0.0009676153
/home/tianlong/Downloads/celebdf/Celeb-synthesis/id4_id1_0003.mp4,1,0.0859676
/home/tianlong/Downloads/celebdf/Celeb-synthesis/id6_id0_0005.mp4,1,0.52124083
/home/tianlong/Downloads/celebdf/Celeb-synthesis/id6_id1_0005.mp4,1,0.40425777
/home/tianlong/Downloads/celebdf/Celeb-synthesis/id6_id2_0005.mp4,1,0.3580792
/home/tianlong/Downloads/celebdf/Celeb-synthesis/id6_id3_0005.mp4,1,0.30817473
/home/tianlong/Downloads/celebdf/Celeb-synthesis/id6_id16_0005.mp4,1,0.4896889
/home/tianlong/Downloads/celebdf/Celeb-synthesis/id7_id10_0009.mp4,1,0.007305929
/home/tianlong/Downloads/celebdf/Celeb-synthesis/id7_id11_0009.mp4,1,0.39365253
/home/tianlong/Downloads/celebdf/Celeb-synthesis/id7_id13_0009.mp4,1,0.0014539697
/home/tianlong/Downloads/celebdf/Celeb-synthesis/id9_id0_0000.mp4,1,0.7689244
/home/tianlong/Downloads/celebdf/Celeb-synthesis/id9_id1_0000.mp4,1,0.7851787
/home/tianlong/Downloads/celebdf/Celeb-synthesis/id9_id2_0000.mp4,1,0.035928637
/home/tianlong/Downloads/celebdf/Celeb-synthesis/id9_id3_0000.mp4,1,0.5244976
/home/tianlong/Downloads/celebdf/Celeb-synthesis/id9_id6_0000.mp4,1,0.8133585
/home/tianlong/Downloads/celebdf/Celeb-synthesis/id9_id16_0000.mp4,1,0.43744764
/home/tianlong/Downloads/celebdf/Celeb-synthesis/id10_id7_0004.mp4,1,0.05694328
/home/tianlong/Downloads/celebdf/Celeb-synthesis/id10_id11_0004.mp4,1,0.35586938
/home/tianlong/Downloads/celebdf/Celeb-synthesis/id10_id12_0004.mp4,1,0.2133436
/home/tianlong/Downloads/celebdf/Celeb-synthesis/id10_id13_0004.mp4,1,0.2191093
/home/tianlong/Downloads/celebdf/Celeb-synthesis/id10_id7_0001.mp4,1,0.061768934
/home/tianlong/Downloads/celebdf/Celeb-synthesis/id10_id11_0001.mp4,1,0.17629834
/home/tianlong/Downloads/celebdf/Celeb-synthesis/id10_id12_0001.mp4,1,0.17062925
/home/tianlong/Downloads/celebdf/Celeb-synthesis/id10_id13_0001.mp4,1,0.0011851947
/home/tianlong/Downloads/celebdf/Celeb-synthesis/id11_id7_0008.mp4,1,0.19372338
/home/tianlong/Downloads/celebdf/Celeb-synthesis/id16_id0_0011.mp4,1,0.62701195
/home/tianlong/Downloads/celebdf/Celeb-synthesis/id16_id1_0011.mp4,1,0.1848404
/home/tianlong/Downloads/celebdf/Celeb-synthesis/id16_id2_0011.mp4,1,0.27709463
/home/tianlong/Downloads/celebdf/Celeb-synthesis/id16_id3_0011.mp4,1,0.36282066
/home/tianlong/Downloads/celebdf/Celeb-synthesis/id16_id6_0011.mp4,1,0.9243544
/home/tianlong/Downloads/celebdf/Celeb-synthesis/id17_id0_0000.mp4,1,0.7605901
/home/tianlong/Downloads/celebdf/Celeb-synthesis/id17_id1_0000.mp4,1,0.16252296
/home/tianlong/Downloads/celebdf/Celeb-synthesis/id17_id2_0000.mp4,1,0.57856303
/home/tianlong/Downloads/celebdf/Celeb-synthesis/id17_id3_0000.mp4,1,0.20612532
/home/tianlong/Downloads/celebdf/Celeb-synthesis/id17_id6_0000.mp4,1,0.9576726
/home/tianlong/Downloads/celebdf/Celeb-synthesis/id17_id9_0000.mp4,1,0.0006603161
/home/tianlong/Downloads/celebdf/Celeb-synthesis/id17_id16_0000.mp4,1,0.9235499
/home/tianlong/Downloads/celebdf/Celeb-synthesis/id16_id20_0000.mp4,1,0.18321888
/home/tianlong/Downloads/celebdf/Celeb-synthesis/id17_id23_0000.mp4,1,0.9295842
/home/tianlong/Downloads/celebdf/Celeb-synthesis/id3_id28_0001.mp4,1,0.37329397
/home/tianlong/Downloads/celebdf/Celeb-synthesis/id35_id32_0007.mp4,1,0.59192085
/home/tianlong/Downloads/celebdf/Celeb-synthesis/id30_id26_0004.mp4,1,0.7301416
/home/tianlong/Downloads/celebdf/Celeb-synthesis/id16_id20_0006.mp4,1,0.010891565
/home/tianlong/Downloads/celebdf/Celeb-synthesis/id4_id20_0001.mp4,1,0.5824752
/home/tianlong/Downloads/celebdf/Celeb-synthesis/id26_id3_0002.mp4,1,0.7395959
/home/tianlong/Downloads/celebdf/Celeb-synthesis/id20_id31_0006.mp4,1,0.7311376
/home/tianlong/Downloads/celebdf/Celeb-synthesis/id6_id23_0001.mp4,1,0.26713914
/home/tianlong/Downloads/celebdf/Celeb-synthesis/id9_id23_0009.mp4,1,0.31522226
/home/tianlong/Downloads/celebdf/Celeb-synthesis/id32_id33_0002.mp4,1,0.93822485
/home/tianlong/Downloads/celebdf/Celeb-synthesis/id16_id20_0012.mp4,1,0.4670299
/home/tianlong/Downloads/celebdf/Celeb-synthesis/id29_id30_0000.mp4,1,0.077701755
/home/tianlong/Downloads/celebdf/Celeb-synthesis/id3_id20_0008.mp4,1,0.5167204
/home/tianlong/Downloads/celebdf/Celeb-synthesis/id22_id27_0001.mp4,1,0.5623563
/home/tianlong/Downloads/celebdf/Celeb-synthesis/id27_id21_0002.mp4,1,0.18122457
/home/tianlong/Downloads/celebdf/Celeb-synthesis/id29_id35_0000.mp4,1,0.0043861023
/home/tianlong/Downloads/celebdf/Celeb-synthesis/id21_id19_0005.mp4,1,0.023962582
/home/tianlong/Downloads/celebdf/Celeb-synthesis/id23_id26_0003.mp4,1,0.98553705
/home/tianlong/Downloads/celebdf/Celeb-synthesis/id30_id35_0009.mp4,1,0.25847498
/home/tianlong/Downloads/celebdf/Celeb-synthesis/id9_id26_0000.mp4,1,0.9576816
/home/tianlong/Downloads/celebdf/Celeb-synthesis/id33_id32_0006.mp4,1,0.43095362
/home/tianlong/Downloads/celebdf/Celeb-synthesis/id30_id34_0003.mp4,1,0.4727951
/home/tianlong/Downloads/celebdf/Celeb-synthesis/id29_id37_0008.mp4,1,0.098140776
/home/tianlong/Downloads/celebdf/Celeb-synthesis/id35_id31_0006.mp4,1,0.62453777
/home/tianlong/Downloads/celebdf/Celeb-synthesis/id37_id34_0008.mp4,1,0.13213553
/home/tianlong/Downloads/celebdf/Celeb-synthesis/id26_id16_0001.mp4,1,0.0075841877
/home/tianlong/Downloads/celebdf/Celeb-synthesis/id17_id23_0009.mp4,1,0.9805549
/home/tianlong/Downloads/celebdf/Celeb-synthesis/id6_id20_0007.mp4,1,0.019806087
/home/tianlong/Downloads/celebdf/Celeb-synthesis/id1_id20_0001.mp4,1,0.09573838
/home/tianlong/Downloads/celebdf/Celeb-synthesis/id1_id23_0006.mp4,1,0.86858517
/home/tianlong/Downloads/celebdf/Celeb-synthesis/id37_id35_0001.mp4,1,0.7178748
/home/tianlong/Downloads/celebdf/Celeb-synthesis/id4_id23_0006.mp4,1,0.80378395
/home/tianlong/Downloads/celebdf/Celeb-synthesis/id17_id26_0006.mp4,1,0.71929836
/home/tianlong/Downloads/celebdf/Celeb-synthesis/id20_id1_0007.mp4,1,0.30943176
/home/tianlong/Downloads/celebdf/Celeb-synthesis/id0_id26_0009.mp4,1,0.09941703
/home/tianlong/Downloads/celebdf/Celeb-synthesis/id38_id33_0005.mp4,1,0.052659526
/home/tianlong/Downloads/celebdf/Celeb-synthesis/id28_id35_0008.mp4,1,0.5408528
/home/tianlong/Downloads/celebdf/Celeb-synthesis/id23_id35_0006.mp4,1,0.35318562
/home/tianlong/Downloads/celebdf/Celeb-synthesis/id6_id28_0002.mp4,1,0.10993525
/home/tianlong/Downloads/celebdf/Celeb-synthesis/id35_id28_0006.mp4,1,0.19948089
/home/tianlong/Downloads/celebdf/Celeb-synthesis/id32_id31_0008.mp4,1,0.8098256
/home/tianlong/Downloads/celebdf/Celeb-synthesis/id38_id34_0004.mp4,1,0.71005946
/home/tianlong/Downloads/celebdf/Celeb-synthesis/id3_id28_0009.mp4,1,0.876198
/home/tianlong/Downloads/celebdf/Celeb-synthesis/id37_id28_0007.mp4,1,0.8869088
/home/tianlong/Downloads/celebdf/Celeb-synthesis/id1_id20_0002.mp4,1,0.9046211
/home/tianlong/Downloads/celebdf/Celeb-synthesis/id37_id31_0008.mp4,1,0.20861055
/home/tianlong/Downloads/celebdf/Celeb-synthesis/id30_id23_0007.mp4,1,0.33313987
/home/tianlong/Downloads/celebdf/Celeb-synthesis/id28_id26_0000.mp4,1,0.40135917
/home/tianlong/Downloads/celebdf/Celeb-synthesis/id2_id28_0003.mp4,1,0.69288725
/home/tianlong/Downloads/celebdf/Celeb-synthesis/id27_id24_0007.mp4,1,0.60722595
/home/tianlong/Downloads/celebdf/Celeb-synthesis/id30_id32_0006.mp4,1,0.068508275
/home/tianlong/Downloads/celebdf/Celeb-synthesis/id35_id31_0009.mp4,1,0.12374115
/home/tianlong/Downloads/celebdf/Celeb-synthesis/id4_id21_0004.mp4,1,0.5622251
/home/tianlong/Downloads/celebdf/Celeb-synthesis/id37_id21_0005.mp4,1,0.36238363
/home/tianlong/Downloads/celebdf/Celeb-synthesis/id30_id21_0002.mp4,1,0.42239597
/home/tianlong/Downloads/celebdf/Celeb-synthesis/id16_id23_0011.mp4,1,0.88315886
/home/tianlong/Downloads/celebdf/Celeb-synthesis/id9_id20_0002.mp4,1,0.9443181
/home/tianlong/Downloads/celebdf/Celeb-synthesis/id6_id21_0006.mp4,1,0.6717377
/home/tianlong/Downloads/celebdf/Celeb-synthesis/id20_id19_0002.mp4,1,0.6479923
/home/tianlong/Downloads/celebdf/Celeb-synthesis/id28_id4_0006.mp4,1,0.37059316
/home/tianlong/Downloads/celebdf/Celeb-synthesis/id35_id34_0002.mp4,1,0.8685604
/home/tianlong/Downloads/celebdf/Celeb-synthesis/id35_id26_0003.mp4,1,0.56474704
/home/tianlong/Downloads/celebdf/Celeb-synthesis/id22_id28_0006.mp4,1,0.77813417
/home/tianlong/Downloads/celebdf/Celeb-synthesis/id30_id21_0005.mp4,1,0.10667644
/home/tianlong/Downloads/celebdf/Celeb-synthesis/id24_id20_0009.mp4,1,0.35160926
/home/tianlong/Downloads/celebdf/Celeb-synthesis/id4_id20_0000.mp4,1,0.102831416
/home/tianlong/Downloads/celebdf/Celeb-synthesis/id2_id26_0001.mp4,1,0.39291683
/home/tianlong/Downloads/celebdf/Celeb-synthesis/id21_id6_0005.mp4,1,0.5267875
/home/tianlong/Downloads/celebdf/Celeb-synthesis/id21_id9_0008.mp4,1,0.006279008
/home/tianlong/Downloads/celebdf/Celeb-synthesis/id22_id21_0005.mp4,1,0.9236899
/home/tianlong/Downloads/celebdf/Celeb-synthesis/id22_id27_0005.mp4,1,0.7890435
/home/tianlong/Downloads/celebdf/Celeb-synthesis/id23_id2_0007.mp4,1,0.0019194015
/home/tianlong/Downloads/celebdf/Celeb-synthesis/id23_id3_0009.mp4,1,0.0016273967
/home/tianlong/Downloads/celebdf/Celeb-synthesis/id24_id19_0000.mp4,1,0.07524843
/home/tianlong/Downloads/celebdf/Celeb-synthesis/id24_id21_0006.mp4,1,0.9567905
/home/tianlong/Downloads/celebdf/Celeb-synthesis/id24_id26_0009.mp4,1,0.8348295
/home/tianlong/Downloads/celebdf/Celeb-synthesis/id25_id19_0002.mp4,1,0.019667244
/home/tianlong/Downloads/celebdf/Celeb-synthesis/id25_id24_0003.mp4,1,0.010745608
/home/tianlong/Downloads/celebdf/Celeb-synthesis/id27_id21_0008.mp4,1,0.6477258
/home/tianlong/Downloads/celebdf/Celeb-synthesis/id27_id22_0007.mp4,1,0.7841708
/home/tianlong/Downloads/celebdf/Celeb-synthesis/id27_id25_0008.mp4,1,0.0068293237
/home/tianlong/Downloads/celebdf/Celeb-synthesis/id28_id3_0004.mp4,1,0.56937027
/home/tianlong/Downloads/celebdf/Celeb-synthesis/id28_id6_0006.mp4,1,0.98211545
/home/tianlong/Downloads/celebdf/Celeb-synthesis/id29_id32_0000.mp4,1,0.00063391845
/home/tianlong/Downloads/celebdf/Celeb-synthesis/id29_id37_0009.mp4,1,0.020554425
/home/tianlong/Downloads/celebdf/Celeb-synthesis/id30_id20_0004.mp4,1,0.122065544
/home/tianlong/Downloads/celebdf/Celeb-synthesis/id30_id23_0002.mp4,1,0.7690294
/home/tianlong/Downloads/celebdf/Celeb-synthesis/id32_id33_0004.mp4,1,0.614924
/home/tianlong/Downloads/celebdf/Celeb-synthesis/id33_id38_0001.mp4,1,0.6716285
/home/tianlong/Downloads/celebdf/Celeb-synthesis/id34_id33_0005.mp4,1,0.43250862
/home/tianlong/Downloads/celebdf/Celeb-synthesis/id35_id31_0007.mp4,1,0.5673577
/home/tianlong/Downloads/celebdf/Celeb-synthesis/id49_id52_0005.mp4,1,0.83335954
/home/tianlong/Downloads/celebdf/Celeb-synthesis/id9_id2_0006.mp4,1,0.21297544
/home/tianlong/Downloads/celebdf/Celeb-synthesis/id7_id11_0007.mp4,1,0.2917368
/home/tianlong/Downloads/celebdf/Celeb-synthesis/id4_id37_0006.mp4,1,0.9137955
/home/tianlong/Downloads/celebdf/Celeb-synthesis/id37_id38_0009.mp4,1,0.4510601
/home/tianlong/Downloads/celebdf/Celeb-synthesis/id29_id30_0009.mp4,1,0.008701869
/home/tianlong/Downloads/celebdf/Celeb-synthesis/id0_id6_0007.mp4,1,0.42257178
/home/tianlong/Downloads/celebdf/Celeb-synthesis/id0_id16_0004.mp4,1,0.1659368
/home/tianlong/Downloads/celebdf/Celeb-synthesis/id31_id33_0008.mp4,1,0.7347451
/home/tianlong/Downloads/celebdf/Celeb-synthesis/id54_id49_0003.mp4,1,0.061216798
/home/tianlong/Downloads/celebdf/Celeb-synthesis/id0_id1_0000.mp4,1,0.5692492
/home/tianlong/Downloads/celebdf/Celeb-synthesis/id21_id28_0001.mp4,1,0.38568762
/home/tianlong/Downloads/celebdf/Celeb-synthesis/id33_id29_0004.mp4,1,0.63660026
/home/tianlong/Downloads/celebdf/Celeb-synthesis/id28_id0_0009.mp4,1,0.14708178
/home/tianlong/Downloads/celebdf/Celeb-synthesis/id6_id9_0006.mp4,1,0.0040640105
/home/tianlong/Downloads/celebdf/Celeb-synthesis/id9_id0_0006.mp4,1,0.4599215
/home/tianlong/Downloads/celebdf/Celeb-synthesis/id26_id2_0005.mp4,1,0.07868814
/home/tianlong/Downloads/celebdf/Celeb-synthesis/id1_id3_0002.mp4,1,0.60425746
/home/tianlong/Downloads/celebdf/Celeb-synthesis/id4_id6_0008.mp4,1,0.54209965
/home/tianlong/Downloads/celebdf/Celeb-synthesis/id16_id28_0005.mp4,1,0.19568348
/home/tianlong/Downloads/celebdf/Celeb-synthesis/id37_id35_0005.mp4,1,0.5757415
/home/tianlong/Downloads/celebdf/Celeb-synthesis/id19_id20_0004.mp4,1,0.1727897
/home/tianlong/Downloads/celebdf/Celeb-synthesis/id46_id41_0000.mp4,1,0.6901259
/home/tianlong/Downloads/celebdf/Celeb-synthesis/id51_id57_0004.mp4,1,0.77966875
/home/tianlong/Downloads/celebdf/Celeb-synthesis/id29_id37_0005.mp4,1,0.5112281
/home/tianlong/Downloads/celebdf/Celeb-synthesis/id35_id23_0007.mp4,1,0.83500004
/home/tianlong/Downloads/celebdf/Celeb-synthesis/id34_id33_0002.mp4,1,0.39889565
/home/tianlong/Downloads/celebdf/Celeb-synthesis/id1_id3_0006.mp4,1,0.0062375064
/home/tianlong/Downloads/celebdf/Celeb-synthesis/id13_id10_0005.mp4,1,0.00034382215
/home/tianlong/Downloads/celebdf/Celeb-synthesis/id56_id55_0009.mp4,1,0.8549438
/home/tianlong/Downloads/celebdf/Celeb-synthesis/id25_id28_0010.mp4,1,0.7216533
/home/tianlong/Downloads/celebdf/Celeb-synthesis/id20_id37_0004.mp4,1,0.8140855
/home/tianlong/Downloads/celebdf/Celeb-synthesis/id37_id29_0002.mp4,1,0.43738136
/home/tianlong/Downloads/celebdf/Celeb-synthesis/id56_id54_0007.mp4,1,0.6006856
/home/tianlong/Downloads/celebdf/Celeb-synthesis/id19_id20_0000.mp4,1,0.50877255
/home/tianlong/Downloads/celebdf/Celeb-synthesis/id4_id28_0006.mp4,1,0.6806895
/home/tianlong/Downloads/celebdf/Celeb-synthesis/id53_id58_0005.mp4,1,0.24634828
/home/tianlong/Downloads/celebdf/Celeb-synthesis/id55_id57_0002.mp4,1,0.89435405
/home/tianlong/Downloads/celebdf/Celeb-synthesis/id24_id26_0004.mp4,1,0.9803305
/home/tianlong/Downloads/celebdf/Celeb-synthesis/id20_id0_0006.mp4,1,0.34220207
/home/tianlong/Downloads/celebdf/Celeb-synthesis/id37_id2_0009.mp4,1,0.15472715
/home/tianlong/Downloads/celebdf/Celeb-synthesis/id30_id26_0006.mp4,1,0.18944032
/home/tianlong/Downloads/celebdf/Celeb-synthesis/id16_id2_0001.mp4,1,0.00034160377
/home/tianlong/Downloads/celebdf/Celeb-synthesis/id26_id1_0002.mp4,1,0.87746257
/home/tianlong/Downloads/celebdf/Celeb-synthesis/id30_id6_0007.mp4,1,0.25355786
/home/tianlong/Downloads/celebdf/Celeb-synthesis/id44_id41_0005.mp4,1,0.44310942
/home/tianlong/Downloads/celebdf/Celeb-synthesis/id16_id2_0006.mp4,1,0.0009716142
/home/tianlong/Downloads/celebdf/Celeb-synthesis/id1_id16_0004.mp4,1,0.00039291705
/home/tianlong/Downloads/celebdf/Celeb-synthesis/id16_id21_0002.mp4,1,0.06605709
/home/tianlong/Downloads/celebdf/Celeb-synthesis/id4_id0_0000.mp4,1,0.053454857
/home/tianlong/Downloads/celebdf/Celeb-synthesis/id8_id0_0002.mp4,1,0.67215425
/home/tianlong/Downloads/celebdf/Celeb-synthesis/id19_id23_0001.mp4,1,0.020863915
/home/tianlong/Downloads/celebdf/Celeb-synthesis/id37_id3_0006.mp4,1,0.32232693
/home/tianlong/Downloads/celebdf/Celeb-synthesis/id9_id16_0007.mp4,1,0.13085744
/home/tianlong/Downloads/celebdf/Celeb-synthesis/id47_id43_0007.mp4,1,0.9214247
/home/tianlong/Downloads/celebdf/Celeb-synthesis/id16_id3_0009.mp4,1,0.02668985
/home/tianlong/Downloads/celebdf/Celeb-synthesis/id26_id28_0002.mp4,1,0.48371914
/home/tianlong/Downloads/celebdf/Celeb-synthesis/id8_id3_0003.mp4,1,0.44133878
/home/tianlong/Downloads/celebdf/Celeb-synthesis/id30_id28_0000.mp4,1,0.06515061
/home/tianlong/Downloads/celebdf/Celeb-synthesis/id27_id23_0008.mp4,1,0.8250577
/home/tianlong/Downloads/celebdf/Celeb-synthesis/id28_id20_0008.mp4,1,0.8042987
/home/tianlong/Downloads/celebdf/Celeb-synthesis/id1_id2_0002.mp4,1,0.36158445
/home/tianlong/Downloads/celebdf/Celeb-synthesis/id46_id39_0000.mp4,1,0.97523785
/home/tianlong/Downloads/celebdf/Celeb-synthesis/id37_id28_0008.mp4,1,0.07761805
/home/tianlong/Downloads/celebdf/Celeb-synthesis/id0_id3_0007.mp4,1,0.05942914
/home/tianlong/Downloads/celebdf/Celeb-synthesis/id4_id1_0002.mp4,1,0.40746006
/home/tianlong/Downloads/celebdf/Celeb-synthesis/id13_id7_0000.mp4,1,0.016944831
/home/tianlong/Downloads/celebdf/Celeb-synthesis/id50_id53_0000.mp4,1,0.97565013
/home/tianlong/Downloads/celebdf/Celeb-synthesis/id50_id56_0005.mp4,1,0.014377871
/home/tianlong/Downloads/celebdf/Celeb-synthesis/id4_id21_0009.mp4,1,0.051115964
/home/tianlong/Downloads/celebdf/Celeb-synthesis/id23_id3_0004.mp4,1,0.68286943
/home/tianlong/Downloads/celebdf/Celeb-synthesis/id56_id51_0000.mp4,1,0.22292621
/home/tianlong/Downloads/celebdf/Celeb-synthesis/id30_id3_0006.mp4,1,0.2076865
/home/tianlong/Downloads/celebdf/Celeb-synthesis/id28_id20_0006.mp4,1,0.8949464
/home/tianlong/Downloads/celebdf/Celeb-synthesis/id4_id20_0008.mp4,1,0.11204632
/home/tianlong/Downloads/celebdf/Celeb-synthesis/id54_id58_0006.mp4,1,0.54547995
/home/tianlong/Downloads/celebdf/Celeb-synthesis/id53_id57_0005.mp4,1,0.9793144
/home/tianlong/Downloads/celebdf/Celeb-synthesis/id31_id33_0009.mp4,1,0.0063786893
/home/tianlong/Downloads/celebdf/Celeb-synthesis/id0_id21_0000.mp4,1,0.46179998
/home/tianlong/Downloads/celebdf/Celeb-synthesis/id6_id23_0006.mp4,1,0.84522
/home/tianlong/Downloads/celebdf/Celeb-synthesis/id48_id45_0002.mp4,1,0.021015858
/home/tianlong/Downloads/celebdf/Celeb-synthesis/id46_id45_0001.mp4,1,0.0005036338
/home/tianlong/Downloads/celebdf/Celeb-synthesis/id28_id21_0006.mp4,1,0.8127124
/home/tianlong/Downloads/celebdf/Celeb-synthesis/id12_id10_0005.mp4,1,0.18010937
/home/tianlong/Downloads/celebdf/Celeb-synthesis/id54_id56_0000.mp4,1,0.11027715
/home/tianlong/Downloads/celebdf/Celeb-synthesis/id39_id47_0004.mp4,1,0.8851661
/home/tianlong/Downloads/celebdf/Celeb-synthesis/id9_id3_0009.mp4,1,0.00036941396
/home/tianlong/Downloads/celebdf/Celeb-synthesis/id35_id16_0007.mp4,1,0.08672613
/home/tianlong/Downloads/celebdf/Celeb-synthesis/id21_id2_0002.mp4,1,0.0033540155
/home/tianlong/Downloads/celebdf/Celeb-synthesis/id12_id10_0002.mp4,1,0.14532787
/home/tianlong/Downloads/celebdf/Celeb-synthesis/id10_id13_0007.mp4,1,0.99862385
/home/tianlong/Downloads/celebdf/Celeb-synthesis/id20_id31_0008.mp4,1,0.38520923
/home/tianlong/Downloads/celebdf/Celeb-synthesis/id0_id16_0003.mp4,1,0.591834
/home/tianlong/Downloads/celebdf/Celeb-synthesis/id0_id16_0007.mp4,1,0.45152465
/home/tianlong/Downloads/celebdf/Celeb-synthesis/id2_id16_0004.mp4,1,0.68187505
/home/tianlong/Downloads/celebdf/Celeb-synthesis/id13_id7_0012.mp4,1,0.38288274
/home/tianlong/Downloads/celebdf/Celeb-synthesis/id37_id1_0002.mp4,1,0.2998165
/home/tianlong/Downloads/celebdf/Celeb-synthesis/id30_id28_0004.mp4,1,0.5224866
/home/tianlong/Downloads/celebdf/Celeb-synthesis/id53_id52_0003.mp4,1,0.9783175
/home/tianlong/Downloads/celebdf/Celeb-synthesis/id54_id56_0006.mp4,1,0.45837831
/home/tianlong/Downloads/celebdf/Celeb-synthesis/id3_id28_0002.mp4,1,0.16502863
/home/tianlong/Downloads/celebdf/Celeb-synthesis/id37_id4_0000.mp4,1,0.29858753
/home/tianlong/Downloads/celebdf/Celeb-synthesis/id28_id9_0000.mp4,1,0.00041035353
/home/tianlong/Downloads/celebdf/Celeb-synthesis/id4_id2_0003.mp4,1,0.00032251657
/home/tianlong/Downloads/celebdf/Celeb-synthesis/id25_id21_0005.mp4,1,0.4832854
/home/tianlong/Downloads/celebdf/Celeb-synthesis/id17_id3_0007.mp4,1,0.06327793
/home/tianlong/Downloads/celebdf/Celeb-synthesis/id2_id1_0004.mp4,1,0.0129306065
/home/tianlong/Downloads/celebdf/Celeb-synthesis/id3_id9_0003.mp4,1,0.00045962355
/home/tianlong/Downloads/celebdf/Celeb-synthesis/id16_id6_0001.mp4,1,0.01588903
/home/tianlong/Downloads/celebdf/Celeb-synthesis/id8_id6_0002.mp4,1,0.98264104
/home/tianlong/Downloads/celebdf/Celeb-synthesis/id17_id16_0007.mp4,1,0.29482266
/home/tianlong/Downloads/celebdf/Celeb-synthesis/id4_id26_0007.mp4,1,0.45951903
/home/tianlong/Downloads/celebdf/Celeb-synthesis/id44_id45_0000.mp4,1,0.1522047
/home/tianlong/Downloads/celebdf/Celeb-synthesis/id0_id1_0005.mp4,1,0.5946128
/home/tianlong/Downloads/celebdf/Celeb-synthesis/id57_id51_0000.mp4,1,0.66783476
/home/tianlong/Downloads/celebdf/Celeb-synthesis/id34_id32_0007.mp4,1,0.56368536
/home/tianlong/Downloads/celebdf/Celeb-synthesis/id32_id31_0006.mp4,1,0.77877694
/home/tianlong/Downloads/celebdf/Celeb-synthesis/id48_id41_0001.mp4,1,0.079357706
/home/tianlong/Downloads/celebdf/Celeb-synthesis/id4_id0_0004.mp4,1,0.47583136
/home/tianlong/Downloads/celebdf/Celeb-synthesis/id21_id19_0009.mp4,1,0.9912966
/home/tianlong/Downloads/celebdf/Celeb-synthesis/id45_id39_0008.mp4,1,0.12553361
/home/tianlong/Downloads/celebdf/Celeb-synthesis/id31_id30_0009.mp4,1,0.16386494
/home/tianlong/Downloads/celebdf/Celeb-synthesis/id27_id19_0001.mp4,1,0.0003262188
/home/tianlong/Downloads/celebdf/Celeb-synthesis/id23_id16_0003.mp4,1,0.34764042
/home/tianlong/Downloads/celebdf/Celeb-synthesis/id58_id57_0008.mp4,1,0.37444744
/home/tianlong/Downloads/celebdf/Celeb-synthesis/id17_id2_0007.mp4,1,0.0016533603
/home/tianlong/Downloads/celebdf/Celeb-synthesis/id28_id3_0001.mp4,1,0.6705931
/home/tianlong/Downloads/celebdf/Celeb-synthesis/id23_id35_0009.mp4,1,0.073972054
/home/tianlong/Downloads/celebdf/Celeb-synthesis/id4_id0_0001.mp4,1,0.49254942
/home/tianlong/Downloads/celebdf/Celeb-synthesis/id17_id31_0009.mp4,1,0.99019545
/home/tianlong/Downloads/celebdf/Celeb-synthesis/id48_id47_0008.mp4,1,0.0011974495
/home/tianlong/Downloads/celebdf/Celeb-synthesis/id50_id49_0001.mp4,1,0.47529843
/home/tianlong/Downloads/celebdf/Celeb-synthesis/id20_id1_0003.mp4,1,0.56006837
/home/tianlong/Downloads/celebdf/Celeb-synthesis/id16_id3_0010.mp4,1,0.0036364526
/home/tianlong/Downloads/celebdf/Celeb-synthesis/id23_id19_0000.mp4,1,0.08039104
/home/tianlong/Downloads/celebdf/Celeb-synthesis/id1_id3_0009.mp4,1,0.94579
/home/tianlong/Downloads/celebdf/Celeb-synthesis/id43_id40_0005.mp4,1,0.9427848
/home/tianlong/Downloads/celebdf/Celeb-synthesis/id4_id6_0002.mp4,1,0.5180664
/home/tianlong/Downloads/celebdf/Celeb-synthesis/id10_id7_0008.mp4,1,0.28221008
/home/tianlong/Downloads/celebdf/Celeb-synthesis/id13_id10_0008.mp4,1,0.021582717
/home/tianlong/Downloads/celebdf/Celeb-synthesis/id12_id7_0006.mp4,1,0.41826093
/home/tianlong/Downloads/celebdf/Celeb-synthesis/id6_id2_0008.mp4,1,0.00063436886
/home/tianlong/Downloads/celebdf/Celeb-synthesis/id2_id0_0002.mp4,1,0.7240644
/home/tianlong/Downloads/celebdf/Celeb-synthesis/id2_id6_0002.mp4,1,0.61050195
/home/tianlong/Downloads/celebdf/Celeb-synthesis/id30_id28_0006.mp4,1,0.08211362
/home/tianlong/Downloads/celebdf/Celeb-synthesis/id52_id50_0007.mp4,1,0.62595487
/home/tianlong/Downloads/celebdf/Celeb-synthesis/id49_id52_0007.mp4,1,0.6502709
/home/tianlong/Downloads/celebdf/Celeb-synthesis/id51_id50_0008.mp4,1,0.9527497
/home/tianlong/Downloads/celebdf/Celeb-synthesis/id21_id3_0009.mp4,1,0.08457974
/home/tianlong/Downloads/celebdf/Celeb-synthesis/id31_id16_0002.mp4,1,0.0022202292
/home/tianlong/Downloads/celebdf/Celeb-synthesis/id25_id28_0003.mp4,1,0.21734399
/home/tianlong/Downloads/celebdf/Celeb-synthesis/id21_id20_0006.mp4,1,0.9987338
/home/tianlong/Downloads/celebdf/Celeb-synthesis/id10_id7_0005.mp4,1,0.15058984
/home/tianlong/Downloads/celebdf/Celeb-synthesis/id38_id30_0006.mp4,1,0.75941753
/home/tianlong/Downloads/celebdf/Celeb-synthesis/id35_id30_0006.mp4,1,0.53340405
/home/tianlong/Downloads/celebdf/Celeb-synthesis/id20_id9_0008.mp4,1,0.19891143
/home/tianlong/Downloads/celebdf/Celeb-synthesis/id25_id23_0010.mp4,1,0.903346
/home/tianlong/Downloads/celebdf/Celeb-synthesis/id17_id21_0000.mp4,1,0.026536874
/home/tianlong/Downloads/celebdf/Celeb-synthesis/id45_id47_0002.mp4,1,0.7267508
/home/tianlong/Downloads/celebdf/Celeb-synthesis/id1_id3_0003.mp4,1,0.0008135133
/home/tianlong/Downloads/celebdf/Celeb-synthesis/id27_id26_0006.mp4,1,0.106504895
/home/tianlong/Downloads/celebdf/Celeb-synthesis/id44_id42_0001.mp4,1,0.001283477
/home/tianlong/Downloads/celebdf/Celeb-synthesis/id57_id53_0006.mp4,1,0.8822017
/home/tianlong/Downloads/celebdf/Celeb-synthesis/id43_id39_0000.mp4,1,0.8298648
/home/tianlong/Downloads/celebdf/Celeb-synthesis/id35_id16_0004.mp4,1,0.025493374
/home/tianlong/Downloads/celebdf/Celeb-synthesis/id42_id40_0001.mp4,1,0.34395948
/home/tianlong/Downloads/celebdf/Celeb-synthesis/id21_id2_0000.mp4,1,0.02595309
/home/tianlong/Downloads/celebdf/Celeb-synthesis/id37_id21_0000.mp4,1,0.35548922
/home/tianlong/Downloads/celebdf/Celeb-synthesis/id29_id38_0008.mp4,1,0.6454136
/home/tianlong/Downloads/celebdf/Celeb-synthesis/id39_id44_0000.mp4,1,0.9082189
/home/tianlong/Downloads/celebdf/Celeb-synthesis/id9_id6_0005.mp4,1,0.6748883
/home/tianlong/Downloads/celebdf/Celeb-synthesis/id0_id1_0001.mp4,1,0.74032146
/home/tianlong/Downloads/celebdf/Celeb-synthesis/id31_id2_0004.mp4,1,0.00037106205
/home/tianlong/Downloads/celebdf/Celeb-synthesis/id38_id34_0003.mp4,1,0.41639927
/home/tianlong/Downloads/celebdf/Celeb-synthesis/id56_id57_0007.mp4,1,0.8864269
/home/tianlong/Downloads/celebdf/Celeb-synthesis/id52_id58_0005.mp4,1,0.5040814
/home/tianlong/Downloads/celebdf/Celeb-synthesis/id28_id4_0000.mp4,1,0.2549114
/home/tianlong/Downloads/celebdf/Celeb-synthesis/id22_id26_0005.mp4,1,0.9883587
/home/tianlong/Downloads/celebdf/Celeb-synthesis/id4_id30_0000.mp4,1,0.73008555
/home/tianlong/Downloads/celebdf/Celeb-synthesis/id29_id32_0003.mp4,1,0.25824526
/home/tianlong/Downloads/celebdf/Celeb-synthesis/id35_id20_0007.mp4,1,0.581198
/home/tianlong/Downloads/celebdf/Celeb-synthesis/id1_id2_0007.mp4,1,0.5266709
/home/tianlong/Downloads/celebdf/Celeb-synthesis/id30_id3_0002.mp4,1,0.09033928
/home/tianlong/Downloads/celebdf/Celeb-synthesis/id22_id25_0001.mp4,1,0.42565453
/home/tianlong/Downloads/celebdf/Celeb-synthesis/id39_id44_0008.mp4,1,0.70591277
/home/tianlong/Downloads/celebdf/Celeb-synthesis/id34_id29_0008.mp4,1,0.4561243
/home/tianlong/Downloads/celebdf/Celeb-synthesis/id21_id28_0009.mp4,1,0.8003141
/home/tianlong/Downloads/celebdf/Celeb-synthesis/id30_id4_0001.mp4,1,0.07746468
/home/tianlong/Downloads/celebdf/Celeb-synthesis/id25_id19_0008.mp4,1,0.15892436
/home/tianlong/Downloads/celebdf/Celeb-synthesis/id21_id4_0002.mp4,1,0.045016766
/home/tianlong/Downloads/celebdf/Celeb-synthesis/id17_id28_0001.mp4,1,0.41170594
/home/tianlong/Downloads/celebdf/Celeb-synthesis/id6_id1_0007.mp4,1,0.017829023
/home/tianlong/Downloads/celebdf/Celeb-synthesis/id9_id2_0008.mp4,1,0.9812272
/home/tianlong/Downloads/celebdf/Celeb-synthesis/id8_id5_0008.mp4,1,0.47480938
/home/tianlong/Downloads/celebdf/Celeb-synthesis/id37_id3_0004.mp4,1,0.3276482
/home/tianlong/Downloads/celebdf/Celeb-synthesis/id17_id2_0003.mp4,1,0.100515604
