Video,Label,Prediction
/home/tianlong/Downloads/celebdf/YouTube-real/00170.mp4,0,0.00033223283
/home/tianlong/Downloads/celebdf/YouTube-real/00208.mp4,0,0.000105458515
/home/tianlong/Downloads/celebdf/YouTube-real/00063.mp4,0,0.0006186244
/home/tianlong/Downloads/celebdf/YouTube-real/00024.mp4,0,0.00011274953
/home/tianlong/Downloads/celebdf/YouTube-real/00021.mp4,0,0.00012276621
/home/tianlong/Downloads/celebdf/YouTube-real/00036.mp4,0,0.00010436758
/home/tianlong/Downloads/celebdf/YouTube-real/00202.mp4,0,0.0002066247
/home/tianlong/Downloads/celebdf/YouTube-real/00236.mp4,0,0.00026890324
/home/tianlong/Downloads/celebdf/YouTube-real/00197.mp4,0,0.00012743748
/home/tianlong/Downloads/celebdf/YouTube-real/00133.mp4,0,0.00016612952
/home/tianlong/Downloads/celebdf/YouTube-real/00213.mp4,0,0.00011345627
/home/tianlong/Downloads/celebdf/YouTube-real/00011.mp4,0,0.00010483297
/home/tianlong/Downloads/celebdf/YouTube-real/00095.mp4,0,0.00029764784
/home/tianlong/Downloads/celebdf/YouTube-real/00138.mp4,0,0.00010206844
/home/tianlong/Downloads/celebdf/YouTube-real/00106.mp4,0,0.00017456315
/home/tianlong/Downloads/celebdf/YouTube-real/00194.mp4,0,0.0001125685
/home/tianlong/Downloads/celebdf/YouTube-real/00092.mp4,0,0.00020738595
/home/tianlong/Downloads/celebdf/YouTube-real/00227.mp4,0,0.000115729934
/home/tianlong/Downloads/celebdf/YouTube-real/00244.mp4,0,0.0030895437
/home/tianlong/Downloads/celebdf/YouTube-real/00119.mp4,0,0.00012342977
/home/tianlong/Downloads/celebdf/YouTube-real/00082.mp4,0,0.0021634076
/home/tianlong/Downloads/celebdf/YouTube-real/00188.mp4,0,0.00010404602
/home/tianlong/Downloads/celebdf/YouTube-real/00076.mp4,0,0.00010411758
/home/tianlong/Downloads/celebdf/YouTube-real/00047.mp4,0,0.001171991
/home/tianlong/Downloads/celebdf/YouTube-real/00168.mp4,0,0.022561712
/home/tianlong/Downloads/celebdf/YouTube-real/00207.mp4,0,0.00040030206
/home/tianlong/Downloads/celebdf/YouTube-real/00193.mp4,0,0.00010854442
/home/tianlong/Downloads/celebdf/YouTube-real/00061.mp4,0,0.00014168049
/home/tianlong/Downloads/celebdf/YouTube-real/00023.mp4,0,0.000104808394
/home/tianlong/Downloads/celebdf/YouTube-real/00048.mp4,0,0.00013107991
/home/tianlong/Downloads/celebdf/YouTube-real/00250.mp4,0,0.00012436949
/home/tianlong/Downloads/celebdf/YouTube-real/00251.mp4,0,0.08513686
/home/tianlong/Downloads/celebdf/YouTube-real/00252.mp4,0,0.00010935967
/home/tianlong/Downloads/celebdf/YouTube-real/00253.mp4,0,9.949767e-05
/home/tianlong/Downloads/celebdf/YouTube-real/00254.mp4,0,0.000101633035
/home/tianlong/Downloads/celebdf/YouTube-real/00255.mp4,0,0.00015947231
/home/tianlong/Downloads/celebdf/YouTube-real/00256.mp4,0,0.0001031996
/home/tianlong/Downloads/celebdf/YouTube-real/00257.mp4,0,0.000108545144
/home/tianlong/Downloads/celebdf/YouTube-real/00258.mp4,0,0.0001012831
/home/tianlong/Downloads/celebdf/YouTube-real/00259.mp4,0,0.00010229732
/home/tianlong/Downloads/celebdf/YouTube-real/00260.mp4,0,0.00018111648
/home/tianlong/Downloads/celebdf/YouTube-real/00261.mp4,0,0.00015430289
/home/tianlong/Downloads/celebdf/YouTube-real/00262.mp4,0,9.86876e-05
/home/tianlong/Downloads/celebdf/YouTube-real/00263.mp4,0,0.0001242647
/home/tianlong/Downloads/celebdf/YouTube-real/00264.mp4,0,0.00019897394
/home/tianlong/Downloads/celebdf/YouTube-real/00265.mp4,0,0.00010408879
/home/tianlong/Downloads/celebdf/YouTube-real/00266.mp4,0,0.00012279279
/home/tianlong/Downloads/celebdf/YouTube-real/00267.mp4,0,0.00011516803
/home/tianlong/Downloads/celebdf/YouTube-real/00268.mp4,0,0.00021439555
/home/tianlong/Downloads/celebdf/YouTube-real/00269.mp4,0,9.208359e-05
/home/tianlong/Downloads/celebdf/YouTube-real/00270.mp4,0,0.00011742717
/home/tianlong/Downloads/celebdf/YouTube-real/00271.mp4,0,0.00011023768
/home/tianlong/Downloads/celebdf/YouTube-real/00272.mp4,0,0.0001336088
/home/tianlong/Downloads/celebdf/YouTube-real/00273.mp4,0,0.000103869956
/home/tianlong/Downloads/celebdf/YouTube-real/00274.mp4,0,0.00010223735
/home/tianlong/Downloads/celebdf/YouTube-real/00275.mp4,0,0.00010560736
/home/tianlong/Downloads/celebdf/YouTube-real/00276.mp4,0,0.00011974475
/home/tianlong/Downloads/celebdf/YouTube-real/00277.mp4,0,0.00010578929
/home/tianlong/Downloads/celebdf/YouTube-real/00278.mp4,0,0.00012992373
/home/tianlong/Downloads/celebdf/YouTube-real/00279.mp4,0,0.0040213144
/home/tianlong/Downloads/celebdf/YouTube-real/00280.mp4,0,0.00011973883
/home/tianlong/Downloads/celebdf/YouTube-real/00281.mp4,0,0.00025627334
/home/tianlong/Downloads/celebdf/YouTube-real/00282.mp4,0,0.00039206215
/home/tianlong/Downloads/celebdf/YouTube-real/00283.mp4,0,0.00028117493
/home/tianlong/Downloads/celebdf/YouTube-real/00284.mp4,0,0.0001060605
/home/tianlong/Downloads/celebdf/YouTube-real/00285.mp4,0,0.0001497484
/home/tianlong/Downloads/celebdf/YouTube-real/00286.mp4,0,0.077754065
/home/tianlong/Downloads/celebdf/YouTube-real/00287.mp4,0,0.000103383885
/home/tianlong/Downloads/celebdf/YouTube-real/00288.mp4,0,9.471869e-05
/home/tianlong/Downloads/celebdf/YouTube-real/00289.mp4,0,0.00010198905
/home/tianlong/Downloads/celebdf/Celeb-real/id1_0007.mp4,0,0.00016048398
/home/tianlong/Downloads/celebdf/Celeb-real/id2_0008.mp4,0,0.00010560313
/home/tianlong/Downloads/celebdf/Celeb-real/id3_0001.mp4,0,0.00010764581
/home/tianlong/Downloads/celebdf/Celeb-real/id6_0005.mp4,0,0.00017438448
/home/tianlong/Downloads/celebdf/Celeb-real/id9_0000.mp4,0,0.00012455344
/home/tianlong/Downloads/celebdf/Celeb-real/id11_0008.mp4,0,0.00013219152
/home/tianlong/Downloads/celebdf/Celeb-real/id16_0011.mp4,0,0.55378747
/home/tianlong/Downloads/celebdf/Celeb-real/id17_0000.mp4,0,0.00026059558
/home/tianlong/Downloads/celebdf/Celeb-real/id35_0008.mp4,0,0.00011406897
/home/tianlong/Downloads/celebdf/Celeb-real/id39_0005.mp4,0,0.000102924016
/home/tianlong/Downloads/celebdf/Celeb-real/id48_0000.mp4,0,0.000104625855
/home/tianlong/Downloads/celebdf/Celeb-real/id32_0008.mp4,0,0.00010743159
/home/tianlong/Downloads/celebdf/Celeb-real/id56_0009.mp4,0,0.00021953454
/home/tianlong/Downloads/celebdf/Celeb-real/id54_0007.mp4,0,0.00010532758
/home/tianlong/Downloads/celebdf/Celeb-real/id37_0005.mp4,0,0.00011265119
/home/tianlong/Downloads/celebdf/Celeb-real/id29_0008.mp4,0,0.0001003169
/home/tianlong/Downloads/celebdf/Celeb-real/id43_0006.mp4,0,0.00010388382
/home/tianlong/Downloads/celebdf/Celeb-real/id1_0006.mp4,0,0.00010292521
/home/tianlong/Downloads/celebdf/Celeb-real/id51_0001.mp4,0,9.9964054e-05
/home/tianlong/Downloads/celebdf/Celeb-real/id31_0007.mp4,0,0.00010446735
/home/tianlong/Downloads/celebdf/Celeb-real/id2_0003.mp4,0,0.00011053557
/home/tianlong/Downloads/celebdf/Celeb-real/id21_0009.mp4,0,0.0006315805
/home/tianlong/Downloads/celebdf/Celeb-real/id50_0003.mp4,0,0.0001013862
/home/tianlong/Downloads/celebdf/Celeb-real/id21_0006.mp4,0,0.00010474765
/home/tianlong/Downloads/celebdf/Celeb-real/id44_0003.mp4,0,0.000117998956
/home/tianlong/Downloads/celebdf/Celeb-real/id36_0006.mp4,0,0.00010538363
/home/tianlong/Downloads/celebdf/Celeb-real/id36_0008.mp4,0,9.912797e-05
/home/tianlong/Downloads/celebdf/Celeb-real/id1_0008.mp4,0,0.00010661556
/home/tianlong/Downloads/celebdf/Celeb-real/id45_0003.mp4,0,0.00011880803
/home/tianlong/Downloads/celebdf/Celeb-real/id48_0003.mp4,0,0.00013596838
/home/tianlong/Downloads/celebdf/Celeb-real/id23_0001.mp4,0,0.0018128591
/home/tianlong/Downloads/celebdf/Celeb-real/id16_0010.mp4,0,0.021593316
/home/tianlong/Downloads/celebdf/Celeb-real/id31_0004.mp4,0,0.000100811536
/home/tianlong/Downloads/celebdf/Celeb-real/id35_0000.mp4,0,0.00010948634
/home/tianlong/Downloads/celebdf/Celeb-real/id58_0002.mp4,0,0.00010478191
/home/tianlong/Downloads/celebdf/Celeb-real/id30_0007.mp4,0,0.000108155116
/home/tianlong/Downloads/celebdf/Celeb-real/id12_0005.mp4,0,0.0001017264
/home/tianlong/Downloads/celebdf/Celeb-real/id56_0002.mp4,0,0.00011246507
/home/tianlong/Downloads/celebdf/Celeb-real/id33_0005.mp4,0,0.00015131135
/home/tianlong/Downloads/celebdf/Celeb-real/id29_0009.mp4,0,0.000105800085
/home/tianlong/Downloads/celebdf/Celeb-real/id13_0013.mp4,0,0.00018322309
/home/tianlong/Downloads/celebdf/Celeb-real/id28_0009.mp4,0,0.000108188644
/home/tianlong/Downloads/celebdf/Celeb-real/id36_0000.mp4,0,0.000106210886
/home/tianlong/Downloads/celebdf/Celeb-real/id24_0009.mp4,0,0.00012527083
/home/tianlong/Downloads/celebdf/Celeb-real/id39_0004.mp4,0,0.00010358252
/home/tianlong/Downloads/celebdf/Celeb-real/id27_0008.mp4,0,0.00012188729
/home/tianlong/Downloads/celebdf/Celeb-real/id11_0006.mp4,0,0.00012542252
/home/tianlong/Downloads/celebdf/Celeb-real/id19_0007.mp4,0,0.00012079687
/home/tianlong/Downloads/celebdf/Celeb-real/id37_0009.mp4,0,0.061789647
/home/tianlong/Downloads/celebdf/Celeb-real/id3_0008.mp4,0,0.00079495535
/home/tianlong/Downloads/celebdf/Celeb-real/id46_0000.mp4,0,0.00010368391
/home/tianlong/Downloads/celebdf/Celeb-real/id33_0008.mp4,0,0.0001241001
/home/tianlong/Downloads/celebdf/Celeb-real/id8_0000.mp4,0,0.00011291274
/home/tianlong/Downloads/celebdf/Celeb-real/id16_0007.mp4,0,0.000106866464
/home/tianlong/Downloads/celebdf/Celeb-real/id1_0001.mp4,0,0.7856204
/home/tianlong/Downloads/celebdf/Celeb-real/id32_0002.mp4,0,0.00033290088
/home/tianlong/Downloads/celebdf/Celeb-real/id19_0005.mp4,0,0.000103817285
/home/tianlong/Downloads/celebdf/Celeb-real/id27_0009.mp4,0,0.000115755196
/home/tianlong/Downloads/celebdf/Celeb-real/id2_0001.mp4,0,0.00010252124
/home/tianlong/Downloads/celebdf/Celeb-real/id13_0011.mp4,0,0.00010215033
/home/tianlong/Downloads/celebdf/Celeb-real/id49_0004.mp4,0,0.00011236207
/home/tianlong/Downloads/celebdf/Celeb-real/id57_0007.mp4,0,0.0001320188
/home/tianlong/Downloads/celebdf/Celeb-real/id26_0008.mp4,0,0.005538173
/home/tianlong/Downloads/celebdf/Celeb-real/id2_0004.mp4,0,0.000115458766
/home/tianlong/Downloads/celebdf/Celeb-real/id36_0001.mp4,0,0.00010695291
/home/tianlong/Downloads/celebdf/Celeb-real/id0_0001.mp4,0,0.0001673373
/home/tianlong/Downloads/celebdf/Celeb-real/id10_0007.mp4,0,0.00010252584
/home/tianlong/Downloads/celebdf/Celeb-real/id17_0002.mp4,0,0.00017300519
/home/tianlong/Downloads/celebdf/Celeb-real/id4_0004.mp4,0,0.00011715427
/home/tianlong/Downloads/celebdf/Celeb-real/id36_0002.mp4,0,0.00010284985
/home/tianlong/Downloads/celebdf/Celeb-real/id53_0003.mp4,0,0.10247419
/home/tianlong/Downloads/celebdf/Celeb-real/id25_0010.mp4,0,0.000111862704
/home/tianlong/Downloads/celebdf/Celeb-real/id51_0006.mp4,0,0.0020320176
/home/tianlong/Downloads/celebdf/Celeb-real/id22_0000.mp4,0,0.00010546959
/home/tianlong/Downloads/celebdf/Celeb-real/id10_0001.mp4,0,0.00019212635
/home/tianlong/Downloads/celebdf/Celeb-real/id6_0002.mp4,0,0.0004694112
/home/tianlong/Downloads/celebdf/Celeb-real/id12_0000.mp4,0,0.00012665366
/home/tianlong/Downloads/celebdf/Celeb-real/id35_0003.mp4,0,0.000112222966
/home/tianlong/Downloads/celebdf/Celeb-real/id3_0002.mp4,0,0.00012470924
/home/tianlong/Downloads/celebdf/Celeb-real/id31_0003.mp4,0,0.000106521155
/home/tianlong/Downloads/celebdf/Celeb-real/id52_0002.mp4,0,0.00028844495
/home/tianlong/Downloads/celebdf/Celeb-real/id2_0002.mp4,0,0.00010716067
/home/tianlong/Downloads/celebdf/Celeb-real/id44_0001.mp4,0,0.00017072848
/home/tianlong/Downloads/celebdf/Celeb-real/id8_0009.mp4,0,0.000121049976
/home/tianlong/Downloads/celebdf/Celeb-real/id33_0002.mp4,0,9.993994e-05
/home/tianlong/Downloads/celebdf/Celeb-real/id50_0000.mp4,0,0.000104250204
/home/tianlong/Downloads/celebdf/Celeb-real/id40_0003.mp4,0,0.00011461914
/home/tianlong/Downloads/celebdf/Celeb-real/id7_0006.mp4,0,0.000109350396
/home/tianlong/Downloads/celebdf/Celeb-real/id53_0007.mp4,0,0.00014617515
/home/tianlong/Downloads/celebdf/Celeb-real/id43_0002.mp4,0,0.00013525627
/home/tianlong/Downloads/celebdf/Celeb-real/id56_0000.mp4,0,0.00011445314
/home/tianlong/Downloads/celebdf/Celeb-real/id13_0004.mp4,0,0.00012884902
/home/tianlong/Downloads/celebdf/Celeb-real/id43_0001.mp4,0,0.00011152869
/home/tianlong/Downloads/celebdf/Celeb-real/id20_0008.mp4,0,0.9875963
/home/tianlong/Downloads/celebdf/Celeb-real/id28_0004.mp4,0,0.00011981809
/home/tianlong/Downloads/celebdf/Celeb-real/id22_0009.mp4,0,0.0024355925
/home/tianlong/Downloads/celebdf/Celeb-real/id53_0000.mp4,0,0.0005447208
/home/tianlong/Downloads/celebdf/Celeb-real/id50_0006.mp4,0,0.00021828867
/home/tianlong/Downloads/celebdf/Celeb-real/id32_0003.mp4,0,0.00014257779
/home/tianlong/Downloads/celebdf/Celeb-real/id32_0006.mp4,0,0.9990435
/home/tianlong/Downloads/celebdf/Celeb-real/id57_0003.mp4,0,0.00037777115
/home/tianlong/Downloads/celebdf/Celeb-real/id37_0004.mp4,0,0.000105985884
/home/tianlong/Downloads/celebdf/Celeb-real/id28_0007.mp4,0,0.000105159066
/home/tianlong/Downloads/celebdf/Celeb-real/id52_0001.mp4,0,0.00012528697
/home/tianlong/Downloads/celebdf/Celeb-real/id40_0009.mp4,0,0.00028767544
/home/tianlong/Downloads/celebdf/Celeb-real/id51_0005.mp4,0,0.00011000163
/home/tianlong/Downloads/celebdf/Celeb-real/id34_0006.mp4,0,0.00013117494
/home/tianlong/Downloads/celebdf/Celeb-real/id42_0002.mp4,0,0.00010612808
/home/tianlong/Downloads/celebdf/Celeb-synthesis/id1_id0_0007.mp4,1,0.99964917
/home/tianlong/Downloads/celebdf/Celeb-synthesis/id1_id3_0007.mp4,1,0.9997998
/home/tianlong/Downloads/celebdf/Celeb-synthesis/id1_id4_0007.mp4,1,0.9998122
/home/tianlong/Downloads/celebdf/Celeb-synthesis/id1_id9_0007.mp4,1,0.99979836
/home/tianlong/Downloads/celebdf/Celeb-synthesis/id1_id16_0007.mp4,1,0.9998417
/home/tianlong/Downloads/celebdf/Celeb-synthesis/id1_id17_0007.mp4,1,0.99982625
/home/tianlong/Downloads/celebdf/Celeb-synthesis/id2_id0_0008.mp4,1,0.9997558
/home/tianlong/Downloads/celebdf/Celeb-synthesis/id2_id3_0008.mp4,1,0.9996214
/home/tianlong/Downloads/celebdf/Celeb-synthesis/id2_id9_0008.mp4,1,0.99977905
/home/tianlong/Downloads/celebdf/Celeb-synthesis/id3_id1_0001.mp4,1,0.9996524
/home/tianlong/Downloads/celebdf/Celeb-synthesis/id3_id2_0001.mp4,1,0.99984527
/home/tianlong/Downloads/celebdf/Celeb-synthesis/id3_id4_0001.mp4,1,0.99887055
/home/tianlong/Downloads/celebdf/Celeb-synthesis/id3_id6_0001.mp4,1,0.9998355
/home/tianlong/Downloads/celebdf/Celeb-synthesis/id3_id9_0001.mp4,1,0.9998191
/home/tianlong/Downloads/celebdf/Celeb-synthesis/id3_id16_0001.mp4,1,0.99985087
/home/tianlong/Downloads/celebdf/Celeb-synthesis/id4_id1_0003.mp4,1,0.9997378
/home/tianlong/Downloads/celebdf/Celeb-synthesis/id6_id0_0005.mp4,1,0.99852127
/home/tianlong/Downloads/celebdf/Celeb-synthesis/id6_id1_0005.mp4,1,0.9954554
/home/tianlong/Downloads/celebdf/Celeb-synthesis/id6_id2_0005.mp4,1,0.9990885
/home/tianlong/Downloads/celebdf/Celeb-synthesis/id6_id3_0005.mp4,1,0.9989323
/home/tianlong/Downloads/celebdf/Celeb-synthesis/id6_id16_0005.mp4,1,0.9975573
/home/tianlong/Downloads/celebdf/Celeb-synthesis/id7_id10_0009.mp4,1,0.98896676
/home/tianlong/Downloads/celebdf/Celeb-synthesis/id7_id11_0009.mp4,1,0.99977404
/home/tianlong/Downloads/celebdf/Celeb-synthesis/id7_id13_0009.mp4,1,0.99555725
/home/tianlong/Downloads/celebdf/Celeb-synthesis/id9_id0_0000.mp4,1,0.9996177
/home/tianlong/Downloads/celebdf/Celeb-synthesis/id9_id1_0000.mp4,1,0.9996666
/home/tianlong/Downloads/celebdf/Celeb-synthesis/id9_id2_0000.mp4,1,0.9988649
/home/tianlong/Downloads/celebdf/Celeb-synthesis/id9_id3_0000.mp4,1,0.99957865
/home/tianlong/Downloads/celebdf/Celeb-synthesis/id9_id6_0000.mp4,1,0.94632864
/home/tianlong/Downloads/celebdf/Celeb-synthesis/id9_id16_0000.mp4,1,0.9998123
/home/tianlong/Downloads/celebdf/Celeb-synthesis/id10_id7_0004.mp4,1,0.99984455
/home/tianlong/Downloads/celebdf/Celeb-synthesis/id10_id11_0004.mp4,1,0.9998005
/home/tianlong/Downloads/celebdf/Celeb-synthesis/id10_id12_0004.mp4,1,0.9995629
/home/tianlong/Downloads/celebdf/Celeb-synthesis/id10_id13_0004.mp4,1,0.9978794
/home/tianlong/Downloads/celebdf/Celeb-synthesis/id10_id7_0001.mp4,1,0.040420823
/home/tianlong/Downloads/celebdf/Celeb-synthesis/id10_id11_0001.mp4,1,0.9409299
/home/tianlong/Downloads/celebdf/Celeb-synthesis/id10_id12_0001.mp4,1,0.502002
/home/tianlong/Downloads/celebdf/Celeb-synthesis/id10_id13_0001.mp4,1,0.90395594
/home/tianlong/Downloads/celebdf/Celeb-synthesis/id11_id7_0008.mp4,1,0.99973255
/home/tianlong/Downloads/celebdf/Celeb-synthesis/id16_id0_0011.mp4,1,0.9997341
/home/tianlong/Downloads/celebdf/Celeb-synthesis/id16_id1_0011.mp4,1,0.9998141
/home/tianlong/Downloads/celebdf/Celeb-synthesis/id16_id2_0011.mp4,1,0.9998518
/home/tianlong/Downloads/celebdf/Celeb-synthesis/id16_id3_0011.mp4,1,0.9997379
/home/tianlong/Downloads/celebdf/Celeb-synthesis/id16_id6_0011.mp4,1,0.99966097
/home/tianlong/Downloads/celebdf/Celeb-synthesis/id17_id0_0000.mp4,1,0.99956816
/home/tianlong/Downloads/celebdf/Celeb-synthesis/id17_id1_0000.mp4,1,0.03116483
/home/tianlong/Downloads/celebdf/Celeb-synthesis/id17_id2_0000.mp4,1,0.99823964
/home/tianlong/Downloads/celebdf/Celeb-synthesis/id17_id3_0000.mp4,1,0.9955844
/home/tianlong/Downloads/celebdf/Celeb-synthesis/id17_id6_0000.mp4,1,0.9982382
/home/tianlong/Downloads/celebdf/Celeb-synthesis/id17_id9_0000.mp4,1,0.9993625
/home/tianlong/Downloads/celebdf/Celeb-synthesis/id17_id16_0000.mp4,1,0.9986695
/home/tianlong/Downloads/celebdf/Celeb-synthesis/id16_id20_0000.mp4,1,0.99973077
/home/tianlong/Downloads/celebdf/Celeb-synthesis/id17_id23_0000.mp4,1,0.9988324
/home/tianlong/Downloads/celebdf/Celeb-synthesis/id3_id28_0001.mp4,1,0.99982136
/home/tianlong/Downloads/celebdf/Celeb-synthesis/id35_id32_0007.mp4,1,0.99976474
/home/tianlong/Downloads/celebdf/Celeb-synthesis/id30_id26_0004.mp4,1,0.99954814
/home/tianlong/Downloads/celebdf/Celeb-synthesis/id16_id20_0006.mp4,1,0.99974567
/home/tianlong/Downloads/celebdf/Celeb-synthesis/id4_id20_0001.mp4,1,0.9998229
/home/tianlong/Downloads/celebdf/Celeb-synthesis/id26_id3_0002.mp4,1,0.9988115
/home/tianlong/Downloads/celebdf/Celeb-synthesis/id20_id31_0006.mp4,1,0.97903216
/home/tianlong/Downloads/celebdf/Celeb-synthesis/id6_id23_0001.mp4,1,0.9993861
/home/tianlong/Downloads/celebdf/Celeb-synthesis/id9_id23_0009.mp4,1,0.9997751
/home/tianlong/Downloads/celebdf/Celeb-synthesis/id32_id33_0002.mp4,1,0.9997689
/home/tianlong/Downloads/celebdf/Celeb-synthesis/id16_id20_0012.mp4,1,0.9998161
/home/tianlong/Downloads/celebdf/Celeb-synthesis/id29_id30_0000.mp4,1,0.9997795
/home/tianlong/Downloads/celebdf/Celeb-synthesis/id3_id20_0008.mp4,1,0.99979454
/home/tianlong/Downloads/celebdf/Celeb-synthesis/id22_id27_0001.mp4,1,0.9997973
/home/tianlong/Downloads/celebdf/Celeb-synthesis/id27_id21_0002.mp4,1,0.99959916
/home/tianlong/Downloads/celebdf/Celeb-synthesis/id29_id35_0000.mp4,1,0.99979776
/home/tianlong/Downloads/celebdf/Celeb-synthesis/id21_id19_0005.mp4,1,0.9990194
/home/tianlong/Downloads/celebdf/Celeb-synthesis/id23_id26_0003.mp4,1,0.9998379
/home/tianlong/Downloads/celebdf/Celeb-synthesis/id30_id35_0009.mp4,1,0.9998361
/home/tianlong/Downloads/celebdf/Celeb-synthesis/id9_id26_0000.mp4,1,0.9997744
/home/tianlong/Downloads/celebdf/Celeb-synthesis/id33_id32_0006.mp4,1,0.98324263
/home/tianlong/Downloads/celebdf/Celeb-synthesis/id30_id34_0003.mp4,1,0.99933416
/home/tianlong/Downloads/celebdf/Celeb-synthesis/id29_id37_0008.mp4,1,0.9998241
/home/tianlong/Downloads/celebdf/Celeb-synthesis/id35_id31_0006.mp4,1,0.99974436
/home/tianlong/Downloads/celebdf/Celeb-synthesis/id37_id34_0008.mp4,1,0.9992514
/home/tianlong/Downloads/celebdf/Celeb-synthesis/id26_id16_0001.mp4,1,0.9997106
/home/tianlong/Downloads/celebdf/Celeb-synthesis/id17_id23_0009.mp4,1,0.9992248
/home/tianlong/Downloads/celebdf/Celeb-synthesis/id6_id20_0007.mp4,1,0.9954466
/home/tianlong/Downloads/celebdf/Celeb-synthesis/id1_id20_0001.mp4,1,0.99961615
/home/tianlong/Downloads/celebdf/Celeb-synthesis/id1_id23_0006.mp4,1,0.9998043
/home/tianlong/Downloads/celebdf/Celeb-synthesis/id37_id35_0001.mp4,1,0.99669385
/home/tianlong/Downloads/celebdf/Celeb-synthesis/id4_id23_0006.mp4,1,0.9997987
/home/tianlong/Downloads/celebdf/Celeb-synthesis/id17_id26_0006.mp4,1,0.99974626
/home/tianlong/Downloads/celebdf/Celeb-synthesis/id20_id1_0007.mp4,1,0.99942845
/home/tianlong/Downloads/celebdf/Celeb-synthesis/id0_id26_0009.mp4,1,0.999801
/home/tianlong/Downloads/celebdf/Celeb-synthesis/id38_id33_0005.mp4,1,0.99983597
/home/tianlong/Downloads/celebdf/Celeb-synthesis/id28_id35_0008.mp4,1,0.9997824
/home/tianlong/Downloads/celebdf/Celeb-synthesis/id23_id35_0006.mp4,1,0.99981624
/home/tianlong/Downloads/celebdf/Celeb-synthesis/id6_id28_0002.mp4,1,0.9997726
/home/tianlong/Downloads/celebdf/Celeb-synthesis/id35_id28_0006.mp4,1,0.99983156
/home/tianlong/Downloads/celebdf/Celeb-synthesis/id32_id31_0008.mp4,1,0.9997553
/home/tianlong/Downloads/celebdf/Celeb-synthesis/id38_id34_0004.mp4,1,0.9994435
/home/tianlong/Downloads/celebdf/Celeb-synthesis/id3_id28_0009.mp4,1,0.9997769
/home/tianlong/Downloads/celebdf/Celeb-synthesis/id37_id28_0007.mp4,1,0.99961996
/home/tianlong/Downloads/celebdf/Celeb-synthesis/id1_id20_0002.mp4,1,0.9997782
/home/tianlong/Downloads/celebdf/Celeb-synthesis/id37_id31_0008.mp4,1,0.9997329
/home/tianlong/Downloads/celebdf/Celeb-synthesis/id30_id23_0007.mp4,1,0.99981695
/home/tianlong/Downloads/celebdf/Celeb-synthesis/id28_id26_0000.mp4,1,0.9997701
/home/tianlong/Downloads/celebdf/Celeb-synthesis/id2_id28_0003.mp4,1,0.99981755
/home/tianlong/Downloads/celebdf/Celeb-synthesis/id27_id24_0007.mp4,1,0.99570197
/home/tianlong/Downloads/celebdf/Celeb-synthesis/id30_id32_0006.mp4,1,0.9998192
/home/tianlong/Downloads/celebdf/Celeb-synthesis/id35_id31_0009.mp4,1,0.9933255
/home/tianlong/Downloads/celebdf/Celeb-synthesis/id4_id21_0004.mp4,1,0.99972576
/home/tianlong/Downloads/celebdf/Celeb-synthesis/id37_id21_0005.mp4,1,0.99261236
/home/tianlong/Downloads/celebdf/Celeb-synthesis/id30_id21_0002.mp4,1,0.9996904
/home/tianlong/Downloads/celebdf/Celeb-synthesis/id16_id23_0011.mp4,1,0.99985003
/home/tianlong/Downloads/celebdf/Celeb-synthesis/id9_id20_0002.mp4,1,0.9992849
/home/tianlong/Downloads/celebdf/Celeb-synthesis/id6_id21_0006.mp4,1,0.9997116
/home/tianlong/Downloads/celebdf/Celeb-synthesis/id20_id19_0002.mp4,1,0.9992949
/home/tianlong/Downloads/celebdf/Celeb-synthesis/id28_id4_0006.mp4,1,0.99979514
/home/tianlong/Downloads/celebdf/Celeb-synthesis/id35_id34_0002.mp4,1,0.9997669
/home/tianlong/Downloads/celebdf/Celeb-synthesis/id35_id26_0003.mp4,1,0.99970967
/home/tianlong/Downloads/celebdf/Celeb-synthesis/id22_id28_0006.mp4,1,0.9997372
/home/tianlong/Downloads/celebdf/Celeb-synthesis/id30_id21_0005.mp4,1,0.99966824
/home/tianlong/Downloads/celebdf/Celeb-synthesis/id24_id20_0009.mp4,1,0.99961495
/home/tianlong/Downloads/celebdf/Celeb-synthesis/id4_id20_0000.mp4,1,0.9998424
/home/tianlong/Downloads/celebdf/Celeb-synthesis/id2_id26_0001.mp4,1,0.99982786
/home/tianlong/Downloads/celebdf/Celeb-synthesis/id21_id6_0005.mp4,1,0.9996321
/home/tianlong/Downloads/celebdf/Celeb-synthesis/id21_id9_0008.mp4,1,0.99983966
/home/tianlong/Downloads/celebdf/Celeb-synthesis/id22_id21_0005.mp4,1,0.9997435
/home/tianlong/Downloads/celebdf/Celeb-synthesis/id22_id27_0005.mp4,1,0.99979025
/home/tianlong/Downloads/celebdf/Celeb-synthesis/id23_id2_0007.mp4,1,0.9910279
/home/tianlong/Downloads/celebdf/Celeb-synthesis/id23_id3_0009.mp4,1,0.9998209
/home/tianlong/Downloads/celebdf/Celeb-synthesis/id24_id19_0000.mp4,1,0.98862004
/home/tianlong/Downloads/celebdf/Celeb-synthesis/id24_id21_0006.mp4,1,0.999694
/home/tianlong/Downloads/celebdf/Celeb-synthesis/id24_id26_0009.mp4,1,0.99981767
/home/tianlong/Downloads/celebdf/Celeb-synthesis/id25_id19_0002.mp4,1,0.9990969
/home/tianlong/Downloads/celebdf/Celeb-synthesis/id25_id24_0003.mp4,1,0.99048364
/home/tianlong/Downloads/celebdf/Celeb-synthesis/id27_id21_0008.mp4,1,0.99971884
/home/tianlong/Downloads/celebdf/Celeb-synthesis/id27_id22_0007.mp4,1,0.5374519
/home/tianlong/Downloads/celebdf/Celeb-synthesis/id27_id25_0008.mp4,1,0.9871661
/home/tianlong/Downloads/celebdf/Celeb-synthesis/id28_id3_0004.mp4,1,0.99946815
/home/tianlong/Downloads/celebdf/Celeb-synthesis/id28_id6_0006.mp4,1,0.99981886
/home/tianlong/Downloads/celebdf/Celeb-synthesis/id29_id32_0000.mp4,1,0.9998037
/home/tianlong/Downloads/celebdf/Celeb-synthesis/id29_id37_0009.mp4,1,0.9997496
/home/tianlong/Downloads/celebdf/Celeb-synthesis/id30_id20_0004.mp4,1,0.49822617
/home/tianlong/Downloads/celebdf/Celeb-synthesis/id30_id23_0002.mp4,1,0.99985063
/home/tianlong/Downloads/celebdf/Celeb-synthesis/id32_id33_0004.mp4,1,0.99982387
/home/tianlong/Downloads/celebdf/Celeb-synthesis/id33_id38_0001.mp4,1,0.99975306
/home/tianlong/Downloads/celebdf/Celeb-synthesis/id34_id33_0005.mp4,1,0.99951303
/home/tianlong/Downloads/celebdf/Celeb-synthesis/id35_id31_0007.mp4,1,0.99982077
/home/tianlong/Downloads/celebdf/Celeb-synthesis/id49_id52_0005.mp4,1,0.9998056
/home/tianlong/Downloads/celebdf/Celeb-synthesis/id9_id2_0006.mp4,1,0.99938536
/home/tianlong/Downloads/celebdf/Celeb-synthesis/id7_id11_0007.mp4,1,0.9836927
/home/tianlong/Downloads/celebdf/Celeb-synthesis/id4_id37_0006.mp4,1,0.99981755
/home/tianlong/Downloads/celebdf/Celeb-synthesis/id37_id38_0009.mp4,1,0.9997727
/home/tianlong/Downloads/celebdf/Celeb-synthesis/id29_id30_0009.mp4,1,0.99975234
/home/tianlong/Downloads/celebdf/Celeb-synthesis/id0_id6_0007.mp4,1,0.99942565
/home/tianlong/Downloads/celebdf/Celeb-synthesis/id0_id16_0004.mp4,1,0.979729
/home/tianlong/Downloads/celebdf/Celeb-synthesis/id31_id33_0008.mp4,1,0.9996762
/home/tianlong/Downloads/celebdf/Celeb-synthesis/id54_id49_0003.mp4,1,0.9997819
/home/tianlong/Downloads/celebdf/Celeb-synthesis/id0_id1_0000.mp4,1,0.99908507
/home/tianlong/Downloads/celebdf/Celeb-synthesis/id21_id28_0001.mp4,1,0.99813616
/home/tianlong/Downloads/celebdf/Celeb-synthesis/id33_id29_0004.mp4,1,0.99917775
/home/tianlong/Downloads/celebdf/Celeb-synthesis/id28_id0_0009.mp4,1,0.999731
/home/tianlong/Downloads/celebdf/Celeb-synthesis/id6_id9_0006.mp4,1,0.9995722
/home/tianlong/Downloads/celebdf/Celeb-synthesis/id9_id0_0006.mp4,1,0.99976426
/home/tianlong/Downloads/celebdf/Celeb-synthesis/id26_id2_0005.mp4,1,0.99981743
/home/tianlong/Downloads/celebdf/Celeb-synthesis/id1_id3_0002.mp4,1,0.99972934
/home/tianlong/Downloads/celebdf/Celeb-synthesis/id4_id6_0008.mp4,1,0.9979867
/home/tianlong/Downloads/celebdf/Celeb-synthesis/id16_id28_0005.mp4,1,0.9997875
/home/tianlong/Downloads/celebdf/Celeb-synthesis/id37_id35_0005.mp4,1,0.9988568
/home/tianlong/Downloads/celebdf/Celeb-synthesis/id19_id20_0004.mp4,1,0.99979657
/home/tianlong/Downloads/celebdf/Celeb-synthesis/id46_id41_0000.mp4,1,0.999806
/home/tianlong/Downloads/celebdf/Celeb-synthesis/id51_id57_0004.mp4,1,0.99950564
/home/tianlong/Downloads/celebdf/Celeb-synthesis/id29_id37_0005.mp4,1,0.9997305
/home/tianlong/Downloads/celebdf/Celeb-synthesis/id35_id23_0007.mp4,1,0.9997675
/home/tianlong/Downloads/celebdf/Celeb-synthesis/id34_id33_0002.mp4,1,0.9995407
/home/tianlong/Downloads/celebdf/Celeb-synthesis/id1_id3_0006.mp4,1,0.99982697
/home/tianlong/Downloads/celebdf/Celeb-synthesis/id13_id10_0005.mp4,1,0.99978036
/home/tianlong/Downloads/celebdf/Celeb-synthesis/id56_id55_0009.mp4,1,0.99969923
/home/tianlong/Downloads/celebdf/Celeb-synthesis/id25_id28_0010.mp4,1,0.99981636
/home/tianlong/Downloads/celebdf/Celeb-synthesis/id20_id37_0004.mp4,1,0.9988444
/home/tianlong/Downloads/celebdf/Celeb-synthesis/id37_id29_0002.mp4,1,0.8755656
/home/tianlong/Downloads/celebdf/Celeb-synthesis/id56_id54_0007.mp4,1,0.99975425
/home/tianlong/Downloads/celebdf/Celeb-synthesis/id19_id20_0000.mp4,1,0.99978524
/home/tianlong/Downloads/celebdf/Celeb-synthesis/id4_id28_0006.mp4,1,0.9997924
/home/tianlong/Downloads/celebdf/Celeb-synthesis/id53_id58_0005.mp4,1,0.01499729
/home/tianlong/Downloads/celebdf/Celeb-synthesis/id55_id57_0002.mp4,1,0.99929905
/home/tianlong/Downloads/celebdf/Celeb-synthesis/id24_id26_0004.mp4,1,0.9998073
/home/tianlong/Downloads/celebdf/Celeb-synthesis/id20_id0_0006.mp4,1,0.99977213
/home/tianlong/Downloads/celebdf/Celeb-synthesis/id37_id2_0009.mp4,1,0.9998233
/home/tianlong/Downloads/celebdf/Celeb-synthesis/id30_id26_0006.mp4,1,0.99973136
/home/tianlong/Downloads/celebdf/Celeb-synthesis/id16_id2_0001.mp4,1,0.99917763
/home/tianlong/Downloads/celebdf/Celeb-synthesis/id26_id1_0002.mp4,1,0.9997545
/home/tianlong/Downloads/celebdf/Celeb-synthesis/id30_id6_0007.mp4,1,0.9995505
/home/tianlong/Downloads/celebdf/Celeb-synthesis/id44_id41_0005.mp4,1,0.996326
/home/tianlong/Downloads/celebdf/Celeb-synthesis/id16_id2_0006.mp4,1,0.9997658
/home/tianlong/Downloads/celebdf/Celeb-synthesis/id1_id16_0004.mp4,1,0.99981993
/home/tianlong/Downloads/celebdf/Celeb-synthesis/id16_id21_0002.mp4,1,0.9904124
/home/tianlong/Downloads/celebdf/Celeb-synthesis/id4_id0_0000.mp4,1,0.99972206
/home/tianlong/Downloads/celebdf/Celeb-synthesis/id8_id0_0002.mp4,1,0.99981695
/home/tianlong/Downloads/celebdf/Celeb-synthesis/id19_id23_0001.mp4,1,0.9990728
/home/tianlong/Downloads/celebdf/Celeb-synthesis/id37_id3_0006.mp4,1,0.99979824
/home/tianlong/Downloads/celebdf/Celeb-synthesis/id9_id16_0007.mp4,1,0.9997379
/home/tianlong/Downloads/celebdf/Celeb-synthesis/id47_id43_0007.mp4,1,0.9988845
/home/tianlong/Downloads/celebdf/Celeb-synthesis/id16_id3_0009.mp4,1,0.99981564
/home/tianlong/Downloads/celebdf/Celeb-synthesis/id26_id28_0002.mp4,1,0.999846
/home/tianlong/Downloads/celebdf/Celeb-synthesis/id8_id3_0003.mp4,1,0.9996904
/home/tianlong/Downloads/celebdf/Celeb-synthesis/id30_id28_0000.mp4,1,0.9993949
/home/tianlong/Downloads/celebdf/Celeb-synthesis/id27_id23_0008.mp4,1,0.99980265
/home/tianlong/Downloads/celebdf/Celeb-synthesis/id28_id20_0008.mp4,1,0.99950624
/home/tianlong/Downloads/celebdf/Celeb-synthesis/id1_id2_0002.mp4,1,0.99978584
/home/tianlong/Downloads/celebdf/Celeb-synthesis/id46_id39_0000.mp4,1,0.9998134
/home/tianlong/Downloads/celebdf/Celeb-synthesis/id37_id28_0008.mp4,1,0.9880739
/home/tianlong/Downloads/celebdf/Celeb-synthesis/id0_id3_0007.mp4,1,0.99980766
/home/tianlong/Downloads/celebdf/Celeb-synthesis/id4_id1_0002.mp4,1,0.99978894
/home/tianlong/Downloads/celebdf/Celeb-synthesis/id13_id7_0000.mp4,1,0.9996934
/home/tianlong/Downloads/celebdf/Celeb-synthesis/id50_id53_0000.mp4,1,0.9489564
/home/tianlong/Downloads/celebdf/Celeb-synthesis/id50_id56_0005.mp4,1,0.996967
/home/tianlong/Downloads/celebdf/Celeb-synthesis/id4_id21_0009.mp4,1,0.9942953
/home/tianlong/Downloads/celebdf/Celeb-synthesis/id23_id3_0004.mp4,1,0.9997545
/home/tianlong/Downloads/celebdf/Celeb-synthesis/id56_id51_0000.mp4,1,0.9997693
/home/tianlong/Downloads/celebdf/Celeb-synthesis/id30_id3_0006.mp4,1,0.9998287
/home/tianlong/Downloads/celebdf/Celeb-synthesis/id28_id20_0006.mp4,1,0.9997718
/home/tianlong/Downloads/celebdf/Celeb-synthesis/id4_id20_0008.mp4,1,0.99583286
/home/tianlong/Downloads/celebdf/Celeb-synthesis/id54_id58_0006.mp4,1,0.9996544
/home/tianlong/Downloads/celebdf/Celeb-synthesis/id53_id57_0005.mp4,1,0.32593545
/home/tianlong/Downloads/celebdf/Celeb-synthesis/id31_id33_0009.mp4,1,0.9994362
/home/tianlong/Downloads/celebdf/Celeb-synthesis/id0_id21_0000.mp4,1,0.9997929
/home/tianlong/Downloads/celebdf/Celeb-synthesis/id6_id23_0006.mp4,1,0.9997285
/home/tianlong/Downloads/celebdf/Celeb-synthesis/id48_id45_0002.mp4,1,0.9913816
/home/tianlong/Downloads/celebdf/Celeb-synthesis/id46_id45_0001.mp4,1,0.9994118
/home/tianlong/Downloads/celebdf/Celeb-synthesis/id28_id21_0006.mp4,1,0.9997348
/home/tianlong/Downloads/celebdf/Celeb-synthesis/id12_id10_0005.mp4,1,0.99982435
/home/tianlong/Downloads/celebdf/Celeb-synthesis/id54_id56_0000.mp4,1,0.9998006
/home/tianlong/Downloads/celebdf/Celeb-synthesis/id39_id47_0004.mp4,1,0.9996488
/home/tianlong/Downloads/celebdf/Celeb-synthesis/id9_id3_0009.mp4,1,0.9974909
/home/tianlong/Downloads/celebdf/Celeb-synthesis/id35_id16_0007.mp4,1,0.9996953
/home/tianlong/Downloads/celebdf/Celeb-synthesis/id21_id2_0002.mp4,1,0.9998178
/home/tianlong/Downloads/celebdf/Celeb-synthesis/id12_id10_0002.mp4,1,0.9850036
/home/tianlong/Downloads/celebdf/Celeb-synthesis/id10_id13_0007.mp4,1,0.9995776
/home/tianlong/Downloads/celebdf/Celeb-synthesis/id20_id31_0008.mp4,1,0.999851
/home/tianlong/Downloads/celebdf/Celeb-synthesis/id0_id16_0003.mp4,1,0.9997044
/home/tianlong/Downloads/celebdf/Celeb-synthesis/id0_id16_0007.mp4,1,0.9997985
/home/tianlong/Downloads/celebdf/Celeb-synthesis/id2_id16_0004.mp4,1,0.999739
/home/tianlong/Downloads/celebdf/Celeb-synthesis/id13_id7_0012.mp4,1,0.9996948
/home/tianlong/Downloads/celebdf/Celeb-synthesis/id37_id1_0002.mp4,1,0.9930998
/home/tianlong/Downloads/celebdf/Celeb-synthesis/id30_id28_0004.mp4,1,0.9995906
/home/tianlong/Downloads/celebdf/Celeb-synthesis/id53_id52_0003.mp4,1,0.9997862
/home/tianlong/Downloads/celebdf/Celeb-synthesis/id54_id56_0006.mp4,1,0.9997242
/home/tianlong/Downloads/celebdf/Celeb-synthesis/id3_id28_0002.mp4,1,0.99979585
/home/tianlong/Downloads/celebdf/Celeb-synthesis/id37_id4_0000.mp4,1,0.99977046
/home/tianlong/Downloads/celebdf/Celeb-synthesis/id28_id9_0000.mp4,1,0.999806
/home/tianlong/Downloads/celebdf/Celeb-synthesis/id4_id2_0003.mp4,1,0.9995351
/home/tianlong/Downloads/celebdf/Celeb-synthesis/id25_id21_0005.mp4,1,0.9936138
/home/tianlong/Downloads/celebdf/Celeb-synthesis/id17_id3_0007.mp4,1,0.9997992
/home/tianlong/Downloads/celebdf/Celeb-synthesis/id2_id1_0004.mp4,1,0.99876225
/home/tianlong/Downloads/celebdf/Celeb-synthesis/id3_id9_0003.mp4,1,0.9992285
/home/tianlong/Downloads/celebdf/Celeb-synthesis/id16_id6_0001.mp4,1,0.9968315
/home/tianlong/Downloads/celebdf/Celeb-synthesis/id8_id6_0002.mp4,1,0.9997223
/home/tianlong/Downloads/celebdf/Celeb-synthesis/id17_id16_0007.mp4,1,0.9997757
/home/tianlong/Downloads/celebdf/Celeb-synthesis/id4_id26_0007.mp4,1,0.99964345
/home/tianlong/Downloads/celebdf/Celeb-synthesis/id44_id45_0000.mp4,1,0.9981674
/home/tianlong/Downloads/celebdf/Celeb-synthesis/id0_id1_0005.mp4,1,0.98275614
/home/tianlong/Downloads/celebdf/Celeb-synthesis/id57_id51_0000.mp4,1,0.9997769
/home/tianlong/Downloads/celebdf/Celeb-synthesis/id34_id32_0007.mp4,1,0.993052
/home/tianlong/Downloads/celebdf/Celeb-synthesis/id32_id31_0006.mp4,1,0.99975044
/home/tianlong/Downloads/celebdf/Celeb-synthesis/id48_id41_0001.mp4,1,0.99807596
/home/tianlong/Downloads/celebdf/Celeb-synthesis/id4_id0_0004.mp4,1,0.9998299
/home/tianlong/Downloads/celebdf/Celeb-synthesis/id21_id19_0009.mp4,1,0.9998455
/home/tianlong/Downloads/celebdf/Celeb-synthesis/id45_id39_0008.mp4,1,0.999796
/home/tianlong/Downloads/celebdf/Celeb-synthesis/id31_id30_0009.mp4,1,0.9943144
/home/tianlong/Downloads/celebdf/Celeb-synthesis/id27_id19_0001.mp4,1,0.0016153443
/home/tianlong/Downloads/celebdf/Celeb-synthesis/id23_id16_0003.mp4,1,0.99974936
/home/tianlong/Downloads/celebdf/Celeb-synthesis/id58_id57_0008.mp4,1,0.9987852
/home/tianlong/Downloads/celebdf/Celeb-synthesis/id17_id2_0007.mp4,1,0.99962544
/home/tianlong/Downloads/celebdf/Celeb-synthesis/id28_id3_0001.mp4,1,0.999798
/home/tianlong/Downloads/celebdf/Celeb-synthesis/id23_id35_0009.mp4,1,0.99626344
/home/tianlong/Downloads/celebdf/Celeb-synthesis/id4_id0_0001.mp4,1,0.9881529
/home/tianlong/Downloads/celebdf/Celeb-synthesis/id17_id31_0009.mp4,1,0.9997646
/home/tianlong/Downloads/celebdf/Celeb-synthesis/id48_id47_0008.mp4,1,0.9996228
/home/tianlong/Downloads/celebdf/Celeb-synthesis/id50_id49_0001.mp4,1,0.9982687
/home/tianlong/Downloads/celebdf/Celeb-synthesis/id20_id1_0003.mp4,1,0.9998197
/home/tianlong/Downloads/celebdf/Celeb-synthesis/id16_id3_0010.mp4,1,0.9997918
/home/tianlong/Downloads/celebdf/Celeb-synthesis/id23_id19_0000.mp4,1,0.99979717
/home/tianlong/Downloads/celebdf/Celeb-synthesis/id1_id3_0009.mp4,1,0.9997944
/home/tianlong/Downloads/celebdf/Celeb-synthesis/id43_id40_0005.mp4,1,0.99984753
/home/tianlong/Downloads/celebdf/Celeb-synthesis/id4_id6_0002.mp4,1,0.97999907
/home/tianlong/Downloads/celebdf/Celeb-synthesis/id10_id7_0008.mp4,1,0.99984646
/home/tianlong/Downloads/celebdf/Celeb-synthesis/id13_id10_0008.mp4,1,0.0049776295
/home/tianlong/Downloads/celebdf/Celeb-synthesis/id12_id7_0006.mp4,1,0.9985448
/home/tianlong/Downloads/celebdf/Celeb-synthesis/id6_id2_0008.mp4,1,0.9982742
/home/tianlong/Downloads/celebdf/Celeb-synthesis/id2_id0_0002.mp4,1,0.9998124
/home/tianlong/Downloads/celebdf/Celeb-synthesis/id2_id6_0002.mp4,1,0.9998241
/home/tianlong/Downloads/celebdf/Celeb-synthesis/id30_id28_0006.mp4,1,0.9998048
/home/tianlong/Downloads/celebdf/Celeb-synthesis/id52_id50_0007.mp4,1,0.99869764
/home/tianlong/Downloads/celebdf/Celeb-synthesis/id49_id52_0007.mp4,1,0.9998111
/home/tianlong/Downloads/celebdf/Celeb-synthesis/id51_id50_0008.mp4,1,0.8435348
/home/tianlong/Downloads/celebdf/Celeb-synthesis/id21_id3_0009.mp4,1,0.9998105
/home/tianlong/Downloads/celebdf/Celeb-synthesis/id31_id16_0002.mp4,1,0.9996295
/home/tianlong/Downloads/celebdf/Celeb-synthesis/id25_id28_0003.mp4,1,0.99566585
/home/tianlong/Downloads/celebdf/Celeb-synthesis/id21_id20_0006.mp4,1,0.99982387
/home/tianlong/Downloads/celebdf/Celeb-synthesis/id10_id7_0005.mp4,1,0.99906963
/home/tianlong/Downloads/celebdf/Celeb-synthesis/id38_id30_0006.mp4,1,0.99982363
/home/tianlong/Downloads/celebdf/Celeb-synthesis/id35_id30_0006.mp4,1,0.9996922
/home/tianlong/Downloads/celebdf/Celeb-synthesis/id20_id9_0008.mp4,1,0.999845
/home/tianlong/Downloads/celebdf/Celeb-synthesis/id25_id23_0010.mp4,1,0.99983585
/home/tianlong/Downloads/celebdf/Celeb-synthesis/id17_id21_0000.mp4,1,0.9980521
/home/tianlong/Downloads/celebdf/Celeb-synthesis/id45_id47_0002.mp4,1,0.99983037
/home/tianlong/Downloads/celebdf/Celeb-synthesis/id1_id3_0003.mp4,1,0.9998281
/home/tianlong/Downloads/celebdf/Celeb-synthesis/id27_id26_0006.mp4,1,0.99954826
/home/tianlong/Downloads/celebdf/Celeb-synthesis/id44_id42_0001.mp4,1,0.99242276
/home/tianlong/Downloads/celebdf/Celeb-synthesis/id57_id53_0006.mp4,1,0.9997683
/home/tianlong/Downloads/celebdf/Celeb-synthesis/id43_id39_0000.mp4,1,0.99976784
/home/tianlong/Downloads/celebdf/Celeb-synthesis/id35_id16_0004.mp4,1,0.9995654
/home/tianlong/Downloads/celebdf/Celeb-synthesis/id42_id40_0001.mp4,1,0.99976677
/home/tianlong/Downloads/celebdf/Celeb-synthesis/id21_id2_0000.mp4,1,0.99983644
/home/tianlong/Downloads/celebdf/Celeb-synthesis/id37_id21_0000.mp4,1,0.9995073
/home/tianlong/Downloads/celebdf/Celeb-synthesis/id29_id38_0008.mp4,1,0.9996779
/home/tianlong/Downloads/celebdf/Celeb-synthesis/id39_id44_0000.mp4,1,0.99982435
/home/tianlong/Downloads/celebdf/Celeb-synthesis/id9_id6_0005.mp4,1,0.9996786
/home/tianlong/Downloads/celebdf/Celeb-synthesis/id0_id1_0001.mp4,1,0.9946365
/home/tianlong/Downloads/celebdf/Celeb-synthesis/id31_id2_0004.mp4,1,0.99941516
/home/tianlong/Downloads/celebdf/Celeb-synthesis/id38_id34_0003.mp4,1,0.9955343
/home/tianlong/Downloads/celebdf/Celeb-synthesis/id56_id57_0007.mp4,1,0.9959357
/home/tianlong/Downloads/celebdf/Celeb-synthesis/id52_id58_0005.mp4,1,0.999635
/home/tianlong/Downloads/celebdf/Celeb-synthesis/id28_id4_0000.mp4,1,0.999635
/home/tianlong/Downloads/celebdf/Celeb-synthesis/id22_id26_0005.mp4,1,0.9998312
/home/tianlong/Downloads/celebdf/Celeb-synthesis/id4_id30_0000.mp4,1,0.9998248
/home/tianlong/Downloads/celebdf/Celeb-synthesis/id29_id32_0003.mp4,1,0.9998324
/home/tianlong/Downloads/celebdf/Celeb-synthesis/id35_id20_0007.mp4,1,0.99963677
/home/tianlong/Downloads/celebdf/Celeb-synthesis/id1_id2_0007.mp4,1,0.99980575
/home/tianlong/Downloads/celebdf/Celeb-synthesis/id30_id3_0002.mp4,1,0.9998523
/home/tianlong/Downloads/celebdf/Celeb-synthesis/id22_id25_0001.mp4,1,0.9996018
/home/tianlong/Downloads/celebdf/Celeb-synthesis/id39_id44_0008.mp4,1,0.9998454
/home/tianlong/Downloads/celebdf/Celeb-synthesis/id34_id29_0008.mp4,1,0.9997255
/home/tianlong/Downloads/celebdf/Celeb-synthesis/id21_id28_0009.mp4,1,0.9998497
/home/tianlong/Downloads/celebdf/Celeb-synthesis/id30_id4_0001.mp4,1,0.9996717
/home/tianlong/Downloads/celebdf/Celeb-synthesis/id25_id19_0008.mp4,1,0.99975353
/home/tianlong/Downloads/celebdf/Celeb-synthesis/id21_id4_0002.mp4,1,0.99971086
/home/tianlong/Downloads/celebdf/Celeb-synthesis/id17_id28_0001.mp4,1,0.99982554
/home/tianlong/Downloads/celebdf/Celeb-synthesis/id6_id1_0007.mp4,1,0.41642874
/home/tianlong/Downloads/celebdf/Celeb-synthesis/id9_id2_0008.mp4,1,0.99965215
/home/tianlong/Downloads/celebdf/Celeb-synthesis/id8_id5_0008.mp4,1,0.9982645
/home/tianlong/Downloads/celebdf/Celeb-synthesis/id37_id3_0004.mp4,1,0.99969625
/home/tianlong/Downloads/celebdf/Celeb-synthesis/id17_id2_0003.mp4,1,0.9659643
