Video,Label,Prediction
/home/tianlong/Downloads/celebdf/YouTube-real/00170.mp4,0,0.17010519
/home/tianlong/Downloads/celebdf/YouTube-real/00208.mp4,0,0.024004774
/home/tianlong/Downloads/celebdf/YouTube-real/00063.mp4,0,0.5873966
/home/tianlong/Downloads/celebdf/YouTube-real/00024.mp4,0,0.0059188255
/home/tianlong/Downloads/celebdf/YouTube-real/00021.mp4,0,0.11195161
/home/tianlong/Downloads/celebdf/YouTube-real/00036.mp4,0,0.061422024
/home/tianlong/Downloads/celebdf/YouTube-real/00202.mp4,0,0.015057172
/home/tianlong/Downloads/celebdf/YouTube-real/00236.mp4,0,0.012428867
/home/tianlong/Downloads/celebdf/YouTube-real/00197.mp4,0,0.012135874
/home/tianlong/Downloads/celebdf/YouTube-real/00133.mp4,0,0.10026081
/home/tianlong/Downloads/celebdf/YouTube-real/00213.mp4,0,0.047898658
/home/tianlong/Downloads/celebdf/YouTube-real/00011.mp4,0,0.12248452
/home/tianlong/Downloads/celebdf/YouTube-real/00095.mp4,0,0.17565322
/home/tianlong/Downloads/celebdf/YouTube-real/00138.mp4,0,0.013055397
/home/tianlong/Downloads/celebdf/YouTube-real/00106.mp4,0,0.024057928
/home/tianlong/Downloads/celebdf/YouTube-real/00194.mp4,0,0.044304512
/home/tianlong/Downloads/celebdf/YouTube-real/00092.mp4,0,0.015308604
/home/tianlong/Downloads/celebdf/YouTube-real/00227.mp4,0,0.010173146
/home/tianlong/Downloads/celebdf/YouTube-real/00244.mp4,0,0.009981992
/home/tianlong/Downloads/celebdf/YouTube-real/00119.mp4,0,0.32696754
/home/tianlong/Downloads/celebdf/YouTube-real/00082.mp4,0,0.11163322
/home/tianlong/Downloads/celebdf/YouTube-real/00188.mp4,0,0.31372297
/home/tianlong/Downloads/celebdf/YouTube-real/00076.mp4,0,0.031468265
/home/tianlong/Downloads/celebdf/YouTube-real/00047.mp4,0,0.027219126
/home/tianlong/Downloads/celebdf/YouTube-real/00168.mp4,0,0.22816718
/home/tianlong/Downloads/celebdf/YouTube-real/00207.mp4,0,0.27894422
/home/tianlong/Downloads/celebdf/YouTube-real/00193.mp4,0,0.09412496
/home/tianlong/Downloads/celebdf/YouTube-real/00061.mp4,0,0.2587245
/home/tianlong/Downloads/celebdf/YouTube-real/00023.mp4,0,0.10905499
/home/tianlong/Downloads/celebdf/YouTube-real/00048.mp4,0,0.5709733
/home/tianlong/Downloads/celebdf/YouTube-real/00250.mp4,0,0.013879895
/home/tianlong/Downloads/celebdf/YouTube-real/00251.mp4,0,0.004999051
/home/tianlong/Downloads/celebdf/YouTube-real/00252.mp4,0,0.0290057
/home/tianlong/Downloads/celebdf/YouTube-real/00253.mp4,0,0.015150425
/home/tianlong/Downloads/celebdf/YouTube-real/00254.mp4,0,0.0121459225
/home/tianlong/Downloads/celebdf/YouTube-real/00255.mp4,0,0.0037809864
/home/tianlong/Downloads/celebdf/YouTube-real/00256.mp4,0,0.0057143094
/home/tianlong/Downloads/celebdf/YouTube-real/00257.mp4,0,0.032167453
/home/tianlong/Downloads/celebdf/YouTube-real/00258.mp4,0,0.013786929
/home/tianlong/Downloads/celebdf/YouTube-real/00259.mp4,0,0.37998766
/home/tianlong/Downloads/celebdf/YouTube-real/00260.mp4,0,0.039998475
/home/tianlong/Downloads/celebdf/YouTube-real/00261.mp4,0,0.2955709
/home/tianlong/Downloads/celebdf/YouTube-real/00262.mp4,0,0.005039072
/home/tianlong/Downloads/celebdf/YouTube-real/00263.mp4,0,0.455969
/home/tianlong/Downloads/celebdf/YouTube-real/00264.mp4,0,0.1386158
/home/tianlong/Downloads/celebdf/YouTube-real/00265.mp4,0,0.03151055
/home/tianlong/Downloads/celebdf/YouTube-real/00266.mp4,0,0.17440195
/home/tianlong/Downloads/celebdf/YouTube-real/00267.mp4,0,0.012160106
/home/tianlong/Downloads/celebdf/YouTube-real/00268.mp4,0,0.023950784
/home/tianlong/Downloads/celebdf/YouTube-real/00269.mp4,0,0.096397616
/home/tianlong/Downloads/celebdf/YouTube-real/00270.mp4,0,0.0048805075
/home/tianlong/Downloads/celebdf/YouTube-real/00271.mp4,0,0.10544803
/home/tianlong/Downloads/celebdf/YouTube-real/00272.mp4,0,0.006234796
/home/tianlong/Downloads/celebdf/YouTube-real/00273.mp4,0,0.004075575
/home/tianlong/Downloads/celebdf/YouTube-real/00274.mp4,0,0.0071695833
/home/tianlong/Downloads/celebdf/YouTube-real/00275.mp4,0,0.12021023
/home/tianlong/Downloads/celebdf/YouTube-real/00276.mp4,0,0.009550024
/home/tianlong/Downloads/celebdf/YouTube-real/00277.mp4,0,0.016026985
/home/tianlong/Downloads/celebdf/YouTube-real/00278.mp4,0,0.005949655
/home/tianlong/Downloads/celebdf/YouTube-real/00279.mp4,0,0.029694375
/home/tianlong/Downloads/celebdf/YouTube-real/00280.mp4,0,0.020911701
/home/tianlong/Downloads/celebdf/YouTube-real/00281.mp4,0,0.017791558
/home/tianlong/Downloads/celebdf/YouTube-real/00282.mp4,0,0.038887605
/home/tianlong/Downloads/celebdf/YouTube-real/00283.mp4,0,0.01699237
/home/tianlong/Downloads/celebdf/YouTube-real/00284.mp4,0,0.008388473
/home/tianlong/Downloads/celebdf/YouTube-real/00285.mp4,0,0.01660883
/home/tianlong/Downloads/celebdf/YouTube-real/00286.mp4,0,0.038653724
/home/tianlong/Downloads/celebdf/YouTube-real/00287.mp4,0,0.042535637
/home/tianlong/Downloads/celebdf/YouTube-real/00288.mp4,0,0.02134222
/home/tianlong/Downloads/celebdf/YouTube-real/00289.mp4,0,0.014419347
/home/tianlong/Downloads/celebdf/Celeb-real/id1_0007.mp4,0,0.42462015
/home/tianlong/Downloads/celebdf/Celeb-real/id2_0008.mp4,0,0.009461952
/home/tianlong/Downloads/celebdf/Celeb-real/id3_0001.mp4,0,0.007464826
/home/tianlong/Downloads/celebdf/Celeb-real/id6_0005.mp4,0,0.06330757
/home/tianlong/Downloads/celebdf/Celeb-real/id9_0000.mp4,0,0.017144844
/home/tianlong/Downloads/celebdf/Celeb-real/id11_0008.mp4,0,0.0060068956
/home/tianlong/Downloads/celebdf/Celeb-real/id16_0011.mp4,0,0.028427143
/home/tianlong/Downloads/celebdf/Celeb-real/id17_0000.mp4,0,0.42535973
/home/tianlong/Downloads/celebdf/Celeb-real/id35_0008.mp4,0,0.0382119
/home/tianlong/Downloads/celebdf/Celeb-real/id39_0005.mp4,0,0.25922364
/home/tianlong/Downloads/celebdf/Celeb-real/id48_0000.mp4,0,0.012927903
/home/tianlong/Downloads/celebdf/Celeb-real/id32_0008.mp4,0,0.04855972
/home/tianlong/Downloads/celebdf/Celeb-real/id56_0009.mp4,0,0.01702076
/home/tianlong/Downloads/celebdf/Celeb-real/id54_0007.mp4,0,0.030204484
/home/tianlong/Downloads/celebdf/Celeb-real/id37_0005.mp4,0,0.073963396
/home/tianlong/Downloads/celebdf/Celeb-real/id29_0008.mp4,0,0.029840186
/home/tianlong/Downloads/celebdf/Celeb-real/id43_0006.mp4,0,0.0062125833
/home/tianlong/Downloads/celebdf/Celeb-real/id1_0006.mp4,0,0.0114137465
/home/tianlong/Downloads/celebdf/Celeb-real/id51_0001.mp4,0,0.038690466
/home/tianlong/Downloads/celebdf/Celeb-real/id31_0007.mp4,0,0.038264573
/home/tianlong/Downloads/celebdf/Celeb-real/id2_0003.mp4,0,0.031936426
/home/tianlong/Downloads/celebdf/Celeb-real/id21_0009.mp4,0,0.12712857
/home/tianlong/Downloads/celebdf/Celeb-real/id50_0003.mp4,0,0.0053149713
/home/tianlong/Downloads/celebdf/Celeb-real/id21_0006.mp4,0,0.1976962
/home/tianlong/Downloads/celebdf/Celeb-real/id44_0003.mp4,0,0.20445874
/home/tianlong/Downloads/celebdf/Celeb-real/id36_0006.mp4,0,0.04720674
/home/tianlong/Downloads/celebdf/Celeb-real/id36_0008.mp4,0,0.02699458
/home/tianlong/Downloads/celebdf/Celeb-real/id1_0008.mp4,0,0.016656777
/home/tianlong/Downloads/celebdf/Celeb-real/id45_0003.mp4,0,0.003863347
/home/tianlong/Downloads/celebdf/Celeb-real/id48_0003.mp4,0,0.008883599
/home/tianlong/Downloads/celebdf/Celeb-real/id23_0001.mp4,0,0.0075838775
/home/tianlong/Downloads/celebdf/Celeb-real/id16_0010.mp4,0,0.020899642
/home/tianlong/Downloads/celebdf/Celeb-real/id31_0004.mp4,0,0.012114858
/home/tianlong/Downloads/celebdf/Celeb-real/id35_0000.mp4,0,0.024796598
/home/tianlong/Downloads/celebdf/Celeb-real/id58_0002.mp4,0,0.005661556
/home/tianlong/Downloads/celebdf/Celeb-real/id30_0007.mp4,0,0.013900623
/home/tianlong/Downloads/celebdf/Celeb-real/id12_0005.mp4,0,0.009625541
/home/tianlong/Downloads/celebdf/Celeb-real/id56_0002.mp4,0,0.010138439
/home/tianlong/Downloads/celebdf/Celeb-real/id33_0005.mp4,0,0.02669375
/home/tianlong/Downloads/celebdf/Celeb-real/id29_0009.mp4,0,0.01232396
/home/tianlong/Downloads/celebdf/Celeb-real/id13_0013.mp4,0,0.041289575
/home/tianlong/Downloads/celebdf/Celeb-real/id28_0009.mp4,0,0.029585402
/home/tianlong/Downloads/celebdf/Celeb-real/id36_0000.mp4,0,0.072605185
/home/tianlong/Downloads/celebdf/Celeb-real/id24_0009.mp4,0,0.025519883
/home/tianlong/Downloads/celebdf/Celeb-real/id39_0004.mp4,0,0.44471613
/home/tianlong/Downloads/celebdf/Celeb-real/id27_0008.mp4,0,0.09071963
/home/tianlong/Downloads/celebdf/Celeb-real/id11_0006.mp4,0,0.09402134
/home/tianlong/Downloads/celebdf/Celeb-real/id19_0007.mp4,0,0.0156040015
/home/tianlong/Downloads/celebdf/Celeb-real/id37_0009.mp4,0,0.025954906
/home/tianlong/Downloads/celebdf/Celeb-real/id3_0008.mp4,0,0.028896656
/home/tianlong/Downloads/celebdf/Celeb-real/id46_0000.mp4,0,0.0066014207
/home/tianlong/Downloads/celebdf/Celeb-real/id33_0008.mp4,0,0.03333167
/home/tianlong/Downloads/celebdf/Celeb-real/id8_0000.mp4,0,0.013108127
/home/tianlong/Downloads/celebdf/Celeb-real/id16_0007.mp4,0,0.022626637
/home/tianlong/Downloads/celebdf/Celeb-real/id1_0001.mp4,0,0.017124116
/home/tianlong/Downloads/celebdf/Celeb-real/id32_0002.mp4,0,0.8644565
/home/tianlong/Downloads/celebdf/Celeb-real/id19_0005.mp4,0,0.0083968565
/home/tianlong/Downloads/celebdf/Celeb-real/id27_0009.mp4,0,0.011166913
/home/tianlong/Downloads/celebdf/Celeb-real/id2_0001.mp4,0,0.016554423
/home/tianlong/Downloads/celebdf/Celeb-real/id13_0011.mp4,0,0.0047266698
/home/tianlong/Downloads/celebdf/Celeb-real/id49_0004.mp4,0,0.011609083
/home/tianlong/Downloads/celebdf/Celeb-real/id57_0007.mp4,0,0.02305975
/home/tianlong/Downloads/celebdf/Celeb-real/id26_0008.mp4,0,0.03952574
/home/tianlong/Downloads/celebdf/Celeb-real/id2_0004.mp4,0,0.037492167
/home/tianlong/Downloads/celebdf/Celeb-real/id36_0001.mp4,0,0.025072593
/home/tianlong/Downloads/celebdf/Celeb-real/id0_0001.mp4,0,0.075712405
/home/tianlong/Downloads/celebdf/Celeb-real/id10_0007.mp4,0,0.009344337
/home/tianlong/Downloads/celebdf/Celeb-real/id17_0002.mp4,0,0.07035909
/home/tianlong/Downloads/celebdf/Celeb-real/id4_0004.mp4,0,0.045545265
/home/tianlong/Downloads/celebdf/Celeb-real/id36_0002.mp4,0,0.056059457
/home/tianlong/Downloads/celebdf/Celeb-real/id53_0003.mp4,0,0.8516966
/home/tianlong/Downloads/celebdf/Celeb-real/id25_0010.mp4,0,0.010477165
/home/tianlong/Downloads/celebdf/Celeb-real/id51_0006.mp4,0,0.2646575
/home/tianlong/Downloads/celebdf/Celeb-real/id22_0000.mp4,0,0.069252715
/home/tianlong/Downloads/celebdf/Celeb-real/id10_0001.mp4,0,0.020433974
/home/tianlong/Downloads/celebdf/Celeb-real/id6_0002.mp4,0,0.021343462
/home/tianlong/Downloads/celebdf/Celeb-real/id12_0000.mp4,0,0.015457148
/home/tianlong/Downloads/celebdf/Celeb-real/id35_0003.mp4,0,0.23683362
/home/tianlong/Downloads/celebdf/Celeb-real/id3_0002.mp4,0,0.025400877
/home/tianlong/Downloads/celebdf/Celeb-real/id31_0003.mp4,0,0.2562754
/home/tianlong/Downloads/celebdf/Celeb-real/id52_0002.mp4,0,0.14724782
/home/tianlong/Downloads/celebdf/Celeb-real/id2_0002.mp4,0,0.018305719
/home/tianlong/Downloads/celebdf/Celeb-real/id44_0001.mp4,0,0.08530466
/home/tianlong/Downloads/celebdf/Celeb-real/id8_0009.mp4,0,0.010322614
/home/tianlong/Downloads/celebdf/Celeb-real/id33_0002.mp4,0,0.019306082
/home/tianlong/Downloads/celebdf/Celeb-real/id50_0000.mp4,0,0.031299397
/home/tianlong/Downloads/celebdf/Celeb-real/id40_0003.mp4,0,0.0121839
/home/tianlong/Downloads/celebdf/Celeb-real/id7_0006.mp4,0,0.021873072
/home/tianlong/Downloads/celebdf/Celeb-real/id53_0007.mp4,0,0.0386931
/home/tianlong/Downloads/celebdf/Celeb-real/id43_0002.mp4,0,0.044436704
/home/tianlong/Downloads/celebdf/Celeb-real/id56_0000.mp4,0,0.01683445
/home/tianlong/Downloads/celebdf/Celeb-real/id13_0004.mp4,0,0.048833393
/home/tianlong/Downloads/celebdf/Celeb-real/id43_0001.mp4,0,0.049931187
/home/tianlong/Downloads/celebdf/Celeb-real/id20_0008.mp4,0,0.04350346
/home/tianlong/Downloads/celebdf/Celeb-real/id28_0004.mp4,0,0.5129436
/home/tianlong/Downloads/celebdf/Celeb-real/id22_0009.mp4,0,0.23813514
/home/tianlong/Downloads/celebdf/Celeb-real/id53_0000.mp4,0,0.057577103
/home/tianlong/Downloads/celebdf/Celeb-real/id50_0006.mp4,0,0.01858099
/home/tianlong/Downloads/celebdf/Celeb-real/id32_0003.mp4,0,0.051688652
/home/tianlong/Downloads/celebdf/Celeb-real/id32_0006.mp4,0,0.5959648
/home/tianlong/Downloads/celebdf/Celeb-real/id57_0003.mp4,0,0.91031855
/home/tianlong/Downloads/celebdf/Celeb-real/id37_0004.mp4,0,0.01019113
/home/tianlong/Downloads/celebdf/Celeb-real/id28_0007.mp4,0,0.011121262
/home/tianlong/Downloads/celebdf/Celeb-real/id52_0001.mp4,0,0.08299287
/home/tianlong/Downloads/celebdf/Celeb-real/id40_0009.mp4,0,0.14531219
/home/tianlong/Downloads/celebdf/Celeb-real/id51_0005.mp4,0,0.15257423
/home/tianlong/Downloads/celebdf/Celeb-real/id34_0006.mp4,0,0.06504614
/home/tianlong/Downloads/celebdf/Celeb-real/id42_0002.mp4,0,0.0051988936
/home/tianlong/Downloads/celebdf/Celeb-synthesis/id1_id0_0007.mp4,1,0.98824406
/home/tianlong/Downloads/celebdf/Celeb-synthesis/id1_id3_0007.mp4,1,0.9126195
/home/tianlong/Downloads/celebdf/Celeb-synthesis/id1_id4_0007.mp4,1,0.54772216
/home/tianlong/Downloads/celebdf/Celeb-synthesis/id1_id9_0007.mp4,1,0.53713167
/home/tianlong/Downloads/celebdf/Celeb-synthesis/id1_id16_0007.mp4,1,0.34661946
/home/tianlong/Downloads/celebdf/Celeb-synthesis/id1_id17_0007.mp4,1,0.9219909
/home/tianlong/Downloads/celebdf/Celeb-synthesis/id2_id0_0008.mp4,1,0.99982655
/home/tianlong/Downloads/celebdf/Celeb-synthesis/id2_id3_0008.mp4,1,0.99761486
/home/tianlong/Downloads/celebdf/Celeb-synthesis/id2_id9_0008.mp4,1,0.9958396
/home/tianlong/Downloads/celebdf/Celeb-synthesis/id3_id1_0001.mp4,1,0.3801938
/home/tianlong/Downloads/celebdf/Celeb-synthesis/id3_id2_0001.mp4,1,0.77528524
/home/tianlong/Downloads/celebdf/Celeb-synthesis/id3_id4_0001.mp4,1,0.39491603
/home/tianlong/Downloads/celebdf/Celeb-synthesis/id3_id6_0001.mp4,1,0.37511557
/home/tianlong/Downloads/celebdf/Celeb-synthesis/id3_id9_0001.mp4,1,0.04500381
/home/tianlong/Downloads/celebdf/Celeb-synthesis/id3_id16_0001.mp4,1,0.03633081
/home/tianlong/Downloads/celebdf/Celeb-synthesis/id4_id1_0003.mp4,1,0.29552013
/home/tianlong/Downloads/celebdf/Celeb-synthesis/id6_id0_0005.mp4,1,0.677071
/home/tianlong/Downloads/celebdf/Celeb-synthesis/id6_id1_0005.mp4,1,0.462184
/home/tianlong/Downloads/celebdf/Celeb-synthesis/id6_id2_0005.mp4,1,0.44752687
/home/tianlong/Downloads/celebdf/Celeb-synthesis/id6_id3_0005.mp4,1,0.37121046
/home/tianlong/Downloads/celebdf/Celeb-synthesis/id6_id16_0005.mp4,1,0.36224437
/home/tianlong/Downloads/celebdf/Celeb-synthesis/id7_id10_0009.mp4,1,0.1030982
/home/tianlong/Downloads/celebdf/Celeb-synthesis/id7_id11_0009.mp4,1,0.95671827
/home/tianlong/Downloads/celebdf/Celeb-synthesis/id7_id13_0009.mp4,1,0.32836056
/home/tianlong/Downloads/celebdf/Celeb-synthesis/id9_id0_0000.mp4,1,0.74655354
/home/tianlong/Downloads/celebdf/Celeb-synthesis/id9_id1_0000.mp4,1,0.8387912
/home/tianlong/Downloads/celebdf/Celeb-synthesis/id9_id2_0000.mp4,1,0.33502248
/home/tianlong/Downloads/celebdf/Celeb-synthesis/id9_id3_0000.mp4,1,0.6153059
/home/tianlong/Downloads/celebdf/Celeb-synthesis/id9_id6_0000.mp4,1,0.8386301
/home/tianlong/Downloads/celebdf/Celeb-synthesis/id9_id16_0000.mp4,1,0.51020706
/home/tianlong/Downloads/celebdf/Celeb-synthesis/id10_id7_0004.mp4,1,0.08261801
/home/tianlong/Downloads/celebdf/Celeb-synthesis/id10_id11_0004.mp4,1,0.24098663
/home/tianlong/Downloads/celebdf/Celeb-synthesis/id10_id12_0004.mp4,1,0.3238666
/home/tianlong/Downloads/celebdf/Celeb-synthesis/id10_id13_0004.mp4,1,0.33525568
/home/tianlong/Downloads/celebdf/Celeb-synthesis/id10_id7_0001.mp4,1,0.43651962
/home/tianlong/Downloads/celebdf/Celeb-synthesis/id10_id11_0001.mp4,1,0.9765728
/home/tianlong/Downloads/celebdf/Celeb-synthesis/id10_id12_0001.mp4,1,0.6296149
/home/tianlong/Downloads/celebdf/Celeb-synthesis/id10_id13_0001.mp4,1,0.28000906
/home/tianlong/Downloads/celebdf/Celeb-synthesis/id11_id7_0008.mp4,1,0.17770323
/home/tianlong/Downloads/celebdf/Celeb-synthesis/id16_id0_0011.mp4,1,0.84924066
/home/tianlong/Downloads/celebdf/Celeb-synthesis/id16_id1_0011.mp4,1,0.20705768
/home/tianlong/Downloads/celebdf/Celeb-synthesis/id16_id2_0011.mp4,1,0.6197018
/home/tianlong/Downloads/celebdf/Celeb-synthesis/id16_id3_0011.mp4,1,0.8026043
/home/tianlong/Downloads/celebdf/Celeb-synthesis/id16_id6_0011.mp4,1,0.94976556
/home/tianlong/Downloads/celebdf/Celeb-synthesis/id17_id0_0000.mp4,1,0.89633685
/home/tianlong/Downloads/celebdf/Celeb-synthesis/id17_id1_0000.mp4,1,0.77298045
/home/tianlong/Downloads/celebdf/Celeb-synthesis/id17_id2_0000.mp4,1,0.98329175
/home/tianlong/Downloads/celebdf/Celeb-synthesis/id17_id3_0000.mp4,1,0.33603638
/home/tianlong/Downloads/celebdf/Celeb-synthesis/id17_id6_0000.mp4,1,0.99370784
/home/tianlong/Downloads/celebdf/Celeb-synthesis/id17_id9_0000.mp4,1,0.025572676
/home/tianlong/Downloads/celebdf/Celeb-synthesis/id17_id16_0000.mp4,1,0.9617308
/home/tianlong/Downloads/celebdf/Celeb-synthesis/id16_id20_0000.mp4,1,0.801424
/home/tianlong/Downloads/celebdf/Celeb-synthesis/id17_id23_0000.mp4,1,0.9076659
/home/tianlong/Downloads/celebdf/Celeb-synthesis/id3_id28_0001.mp4,1,0.4687693
/home/tianlong/Downloads/celebdf/Celeb-synthesis/id35_id32_0007.mp4,1,0.5960588
/home/tianlong/Downloads/celebdf/Celeb-synthesis/id30_id26_0004.mp4,1,0.19905192
/home/tianlong/Downloads/celebdf/Celeb-synthesis/id16_id20_0006.mp4,1,0.52981806
/home/tianlong/Downloads/celebdf/Celeb-synthesis/id4_id20_0001.mp4,1,0.7362419
/home/tianlong/Downloads/celebdf/Celeb-synthesis/id26_id3_0002.mp4,1,0.6934454
/home/tianlong/Downloads/celebdf/Celeb-synthesis/id20_id31_0006.mp4,1,0.8119297
/home/tianlong/Downloads/celebdf/Celeb-synthesis/id6_id23_0001.mp4,1,0.3135695
/home/tianlong/Downloads/celebdf/Celeb-synthesis/id9_id23_0009.mp4,1,0.17259376
/home/tianlong/Downloads/celebdf/Celeb-synthesis/id32_id33_0002.mp4,1,0.99908
/home/tianlong/Downloads/celebdf/Celeb-synthesis/id16_id20_0012.mp4,1,0.6944901
/home/tianlong/Downloads/celebdf/Celeb-synthesis/id29_id30_0000.mp4,1,0.015190301
/home/tianlong/Downloads/celebdf/Celeb-synthesis/id3_id20_0008.mp4,1,0.7422954
/home/tianlong/Downloads/celebdf/Celeb-synthesis/id22_id27_0001.mp4,1,0.5470649
/home/tianlong/Downloads/celebdf/Celeb-synthesis/id27_id21_0002.mp4,1,0.35119337
/home/tianlong/Downloads/celebdf/Celeb-synthesis/id29_id35_0000.mp4,1,0.05963894
/home/tianlong/Downloads/celebdf/Celeb-synthesis/id21_id19_0005.mp4,1,0.04827814
/home/tianlong/Downloads/celebdf/Celeb-synthesis/id23_id26_0003.mp4,1,0.9993521
/home/tianlong/Downloads/celebdf/Celeb-synthesis/id30_id35_0009.mp4,1,0.096035965
/home/tianlong/Downloads/celebdf/Celeb-synthesis/id9_id26_0000.mp4,1,0.7549747
/home/tianlong/Downloads/celebdf/Celeb-synthesis/id33_id32_0006.mp4,1,0.1935432
/home/tianlong/Downloads/celebdf/Celeb-synthesis/id30_id34_0003.mp4,1,0.598943
/home/tianlong/Downloads/celebdf/Celeb-synthesis/id29_id37_0008.mp4,1,0.7617841
/home/tianlong/Downloads/celebdf/Celeb-synthesis/id35_id31_0006.mp4,1,0.9872905
/home/tianlong/Downloads/celebdf/Celeb-synthesis/id37_id34_0008.mp4,1,0.04665145
/home/tianlong/Downloads/celebdf/Celeb-synthesis/id26_id16_0001.mp4,1,0.023072733
/home/tianlong/Downloads/celebdf/Celeb-synthesis/id17_id23_0009.mp4,1,0.9982379
/home/tianlong/Downloads/celebdf/Celeb-synthesis/id6_id20_0007.mp4,1,0.010215423
/home/tianlong/Downloads/celebdf/Celeb-synthesis/id1_id20_0001.mp4,1,0.32034945
/home/tianlong/Downloads/celebdf/Celeb-synthesis/id1_id23_0006.mp4,1,0.87995386
/home/tianlong/Downloads/celebdf/Celeb-synthesis/id37_id35_0001.mp4,1,0.5677492
/home/tianlong/Downloads/celebdf/Celeb-synthesis/id4_id23_0006.mp4,1,0.647808
/home/tianlong/Downloads/celebdf/Celeb-synthesis/id17_id26_0006.mp4,1,0.78177106
/home/tianlong/Downloads/celebdf/Celeb-synthesis/id20_id1_0007.mp4,1,0.38033652
/home/tianlong/Downloads/celebdf/Celeb-synthesis/id0_id26_0009.mp4,1,0.267628
/home/tianlong/Downloads/celebdf/Celeb-synthesis/id38_id33_0005.mp4,1,0.22160451
/home/tianlong/Downloads/celebdf/Celeb-synthesis/id28_id35_0008.mp4,1,0.8160709
/home/tianlong/Downloads/celebdf/Celeb-synthesis/id23_id35_0006.mp4,1,0.84829724
/home/tianlong/Downloads/celebdf/Celeb-synthesis/id6_id28_0002.mp4,1,0.34018004
/home/tianlong/Downloads/celebdf/Celeb-synthesis/id35_id28_0006.mp4,1,0.51180303
/home/tianlong/Downloads/celebdf/Celeb-synthesis/id32_id31_0008.mp4,1,0.9571927
/home/tianlong/Downloads/celebdf/Celeb-synthesis/id38_id34_0004.mp4,1,0.5291104
/home/tianlong/Downloads/celebdf/Celeb-synthesis/id3_id28_0009.mp4,1,0.9880956
/home/tianlong/Downloads/celebdf/Celeb-synthesis/id37_id28_0007.mp4,1,0.76646817
/home/tianlong/Downloads/celebdf/Celeb-synthesis/id1_id20_0002.mp4,1,0.57848036
/home/tianlong/Downloads/celebdf/Celeb-synthesis/id37_id31_0008.mp4,1,0.2202472
/home/tianlong/Downloads/celebdf/Celeb-synthesis/id30_id23_0007.mp4,1,0.7539696
/home/tianlong/Downloads/celebdf/Celeb-synthesis/id28_id26_0000.mp4,1,0.1940648
/home/tianlong/Downloads/celebdf/Celeb-synthesis/id2_id28_0003.mp4,1,0.71896374
/home/tianlong/Downloads/celebdf/Celeb-synthesis/id27_id24_0007.mp4,1,0.95432633
/home/tianlong/Downloads/celebdf/Celeb-synthesis/id30_id32_0006.mp4,1,0.22527583
/home/tianlong/Downloads/celebdf/Celeb-synthesis/id35_id31_0009.mp4,1,0.17291686
/home/tianlong/Downloads/celebdf/Celeb-synthesis/id4_id21_0004.mp4,1,0.8199035
/home/tianlong/Downloads/celebdf/Celeb-synthesis/id37_id21_0005.mp4,1,0.7988412
/home/tianlong/Downloads/celebdf/Celeb-synthesis/id30_id21_0002.mp4,1,0.86689216
/home/tianlong/Downloads/celebdf/Celeb-synthesis/id16_id23_0011.mp4,1,0.92301667
/home/tianlong/Downloads/celebdf/Celeb-synthesis/id9_id20_0002.mp4,1,0.97013444
/home/tianlong/Downloads/celebdf/Celeb-synthesis/id6_id21_0006.mp4,1,0.2899564
/home/tianlong/Downloads/celebdf/Celeb-synthesis/id20_id19_0002.mp4,1,0.77028924
/home/tianlong/Downloads/celebdf/Celeb-synthesis/id28_id4_0006.mp4,1,0.8574505
/home/tianlong/Downloads/celebdf/Celeb-synthesis/id35_id34_0002.mp4,1,0.39507627
/home/tianlong/Downloads/celebdf/Celeb-synthesis/id35_id26_0003.mp4,1,0.97689384
/home/tianlong/Downloads/celebdf/Celeb-synthesis/id22_id28_0006.mp4,1,0.9907423
/home/tianlong/Downloads/celebdf/Celeb-synthesis/id30_id21_0005.mp4,1,0.9418804
/home/tianlong/Downloads/celebdf/Celeb-synthesis/id24_id20_0009.mp4,1,0.9027319
/home/tianlong/Downloads/celebdf/Celeb-synthesis/id4_id20_0000.mp4,1,0.17391847
/home/tianlong/Downloads/celebdf/Celeb-synthesis/id2_id26_0001.mp4,1,0.3696932
/home/tianlong/Downloads/celebdf/Celeb-synthesis/id21_id6_0005.mp4,1,0.6002323
/home/tianlong/Downloads/celebdf/Celeb-synthesis/id21_id9_0008.mp4,1,0.029430741
/home/tianlong/Downloads/celebdf/Celeb-synthesis/id22_id21_0005.mp4,1,0.99376106
/home/tianlong/Downloads/celebdf/Celeb-synthesis/id22_id27_0005.mp4,1,0.94268465
/home/tianlong/Downloads/celebdf/Celeb-synthesis/id23_id2_0007.mp4,1,0.37311333
/home/tianlong/Downloads/celebdf/Celeb-synthesis/id23_id3_0009.mp4,1,0.01897708
/home/tianlong/Downloads/celebdf/Celeb-synthesis/id24_id19_0000.mp4,1,0.097916804
/home/tianlong/Downloads/celebdf/Celeb-synthesis/id24_id21_0006.mp4,1,0.9982637
/home/tianlong/Downloads/celebdf/Celeb-synthesis/id24_id26_0009.mp4,1,0.9849742
/home/tianlong/Downloads/celebdf/Celeb-synthesis/id25_id19_0002.mp4,1,0.2743221
/home/tianlong/Downloads/celebdf/Celeb-synthesis/id25_id24_0003.mp4,1,0.18536495
/home/tianlong/Downloads/celebdf/Celeb-synthesis/id27_id21_0008.mp4,1,0.97880286
/home/tianlong/Downloads/celebdf/Celeb-synthesis/id27_id22_0007.mp4,1,0.9641226
/home/tianlong/Downloads/celebdf/Celeb-synthesis/id27_id25_0008.mp4,1,0.2360641
/home/tianlong/Downloads/celebdf/Celeb-synthesis/id28_id3_0004.mp4,1,0.6400487
/home/tianlong/Downloads/celebdf/Celeb-synthesis/id28_id6_0006.mp4,1,0.9958695
/home/tianlong/Downloads/celebdf/Celeb-synthesis/id29_id32_0000.mp4,1,0.010756754
/home/tianlong/Downloads/celebdf/Celeb-synthesis/id29_id37_0009.mp4,1,0.3190361
/home/tianlong/Downloads/celebdf/Celeb-synthesis/id30_id20_0004.mp4,1,0.020919453
/home/tianlong/Downloads/celebdf/Celeb-synthesis/id30_id23_0002.mp4,1,0.95654285
/home/tianlong/Downloads/celebdf/Celeb-synthesis/id32_id33_0004.mp4,1,0.8894774
/home/tianlong/Downloads/celebdf/Celeb-synthesis/id33_id38_0001.mp4,1,0.47301865
/home/tianlong/Downloads/celebdf/Celeb-synthesis/id34_id33_0005.mp4,1,0.27761528
/home/tianlong/Downloads/celebdf/Celeb-synthesis/id35_id31_0007.mp4,1,0.5108229
/home/tianlong/Downloads/celebdf/Celeb-synthesis/id49_id52_0005.mp4,1,0.75519687
/home/tianlong/Downloads/celebdf/Celeb-synthesis/id9_id2_0006.mp4,1,0.7065755
/home/tianlong/Downloads/celebdf/Celeb-synthesis/id7_id11_0007.mp4,1,0.32088727
/home/tianlong/Downloads/celebdf/Celeb-synthesis/id4_id37_0006.mp4,1,0.7910736
/home/tianlong/Downloads/celebdf/Celeb-synthesis/id37_id38_0009.mp4,1,0.11693044
/home/tianlong/Downloads/celebdf/Celeb-synthesis/id29_id30_0009.mp4,1,0.03151841
/home/tianlong/Downloads/celebdf/Celeb-synthesis/id0_id6_0007.mp4,1,0.5074955
/home/tianlong/Downloads/celebdf/Celeb-synthesis/id0_id16_0004.mp4,1,0.41810387
/home/tianlong/Downloads/celebdf/Celeb-synthesis/id31_id33_0008.mp4,1,0.80718404
/home/tianlong/Downloads/celebdf/Celeb-synthesis/id54_id49_0003.mp4,1,0.023160066
/home/tianlong/Downloads/celebdf/Celeb-synthesis/id0_id1_0000.mp4,1,0.6459247
/home/tianlong/Downloads/celebdf/Celeb-synthesis/id21_id28_0001.mp4,1,0.6655103
/home/tianlong/Downloads/celebdf/Celeb-synthesis/id33_id29_0004.mp4,1,0.4901808
/home/tianlong/Downloads/celebdf/Celeb-synthesis/id28_id0_0009.mp4,1,0.31636986
/home/tianlong/Downloads/celebdf/Celeb-synthesis/id6_id9_0006.mp4,1,0.052117
/home/tianlong/Downloads/celebdf/Celeb-synthesis/id9_id0_0006.mp4,1,0.78661585
/home/tianlong/Downloads/celebdf/Celeb-synthesis/id26_id2_0005.mp4,1,0.15088281
/home/tianlong/Downloads/celebdf/Celeb-synthesis/id1_id3_0002.mp4,1,0.41454187
/home/tianlong/Downloads/celebdf/Celeb-synthesis/id4_id6_0008.mp4,1,0.86222184
/home/tianlong/Downloads/celebdf/Celeb-synthesis/id16_id28_0005.mp4,1,0.18926537
/home/tianlong/Downloads/celebdf/Celeb-synthesis/id37_id35_0005.mp4,1,0.694456
/home/tianlong/Downloads/celebdf/Celeb-synthesis/id19_id20_0004.mp4,1,0.8621318
/home/tianlong/Downloads/celebdf/Celeb-synthesis/id46_id41_0000.mp4,1,0.45358697
/home/tianlong/Downloads/celebdf/Celeb-synthesis/id51_id57_0004.mp4,1,0.7190033
/home/tianlong/Downloads/celebdf/Celeb-synthesis/id29_id37_0005.mp4,1,0.24689996
/home/tianlong/Downloads/celebdf/Celeb-synthesis/id35_id23_0007.mp4,1,0.30234432
/home/tianlong/Downloads/celebdf/Celeb-synthesis/id34_id33_0002.mp4,1,0.45657715
/home/tianlong/Downloads/celebdf/Celeb-synthesis/id1_id3_0006.mp4,1,0.20362584
/home/tianlong/Downloads/celebdf/Celeb-synthesis/id13_id10_0005.mp4,1,0.0075000348
/home/tianlong/Downloads/celebdf/Celeb-synthesis/id56_id55_0009.mp4,1,0.61962914
/home/tianlong/Downloads/celebdf/Celeb-synthesis/id25_id28_0010.mp4,1,0.35201913
/home/tianlong/Downloads/celebdf/Celeb-synthesis/id20_id37_0004.mp4,1,0.97456473
/home/tianlong/Downloads/celebdf/Celeb-synthesis/id37_id29_0002.mp4,1,0.42769465
/home/tianlong/Downloads/celebdf/Celeb-synthesis/id56_id54_0007.mp4,1,0.714918
/home/tianlong/Downloads/celebdf/Celeb-synthesis/id19_id20_0000.mp4,1,0.91664773
/home/tianlong/Downloads/celebdf/Celeb-synthesis/id4_id28_0006.mp4,1,0.5073317
/home/tianlong/Downloads/celebdf/Celeb-synthesis/id53_id58_0005.mp4,1,0.3865378
/home/tianlong/Downloads/celebdf/Celeb-synthesis/id55_id57_0002.mp4,1,0.73804414
/home/tianlong/Downloads/celebdf/Celeb-synthesis/id24_id26_0004.mp4,1,0.99986136
/home/tianlong/Downloads/celebdf/Celeb-synthesis/id20_id0_0006.mp4,1,0.053813912
/home/tianlong/Downloads/celebdf/Celeb-synthesis/id37_id2_0009.mp4,1,0.136074
/home/tianlong/Downloads/celebdf/Celeb-synthesis/id30_id26_0006.mp4,1,0.26809973
/home/tianlong/Downloads/celebdf/Celeb-synthesis/id16_id2_0001.mp4,1,0.018259611
/home/tianlong/Downloads/celebdf/Celeb-synthesis/id26_id1_0002.mp4,1,0.98625004
/home/tianlong/Downloads/celebdf/Celeb-synthesis/id30_id6_0007.mp4,1,0.8948417
/home/tianlong/Downloads/celebdf/Celeb-synthesis/id44_id41_0005.mp4,1,0.55639005
/home/tianlong/Downloads/celebdf/Celeb-synthesis/id16_id2_0006.mp4,1,0.026623845
/home/tianlong/Downloads/celebdf/Celeb-synthesis/id1_id16_0004.mp4,1,0.010413558
/home/tianlong/Downloads/celebdf/Celeb-synthesis/id16_id21_0002.mp4,1,0.12009678
/home/tianlong/Downloads/celebdf/Celeb-synthesis/id4_id0_0000.mp4,1,0.2326884
/home/tianlong/Downloads/celebdf/Celeb-synthesis/id8_id0_0002.mp4,1,0.9872268
/home/tianlong/Downloads/celebdf/Celeb-synthesis/id19_id23_0001.mp4,1,0.02914612
/home/tianlong/Downloads/celebdf/Celeb-synthesis/id37_id3_0006.mp4,1,0.020081576
/home/tianlong/Downloads/celebdf/Celeb-synthesis/id9_id16_0007.mp4,1,0.0466732
/home/tianlong/Downloads/celebdf/Celeb-synthesis/id47_id43_0007.mp4,1,0.86970437
/home/tianlong/Downloads/celebdf/Celeb-synthesis/id16_id3_0009.mp4,1,0.287752
/home/tianlong/Downloads/celebdf/Celeb-synthesis/id26_id28_0002.mp4,1,0.55878466
/home/tianlong/Downloads/celebdf/Celeb-synthesis/id8_id3_0003.mp4,1,0.69722193
/home/tianlong/Downloads/celebdf/Celeb-synthesis/id30_id28_0000.mp4,1,0.19586942
/home/tianlong/Downloads/celebdf/Celeb-synthesis/id27_id23_0008.mp4,1,0.99613
/home/tianlong/Downloads/celebdf/Celeb-synthesis/id28_id20_0008.mp4,1,0.9893816
/home/tianlong/Downloads/celebdf/Celeb-synthesis/id1_id2_0002.mp4,1,0.19162107
/home/tianlong/Downloads/celebdf/Celeb-synthesis/id46_id39_0000.mp4,1,0.90168154
/home/tianlong/Downloads/celebdf/Celeb-synthesis/id37_id28_0008.mp4,1,0.07721611
/home/tianlong/Downloads/celebdf/Celeb-synthesis/id0_id3_0007.mp4,1,0.43505168
/home/tianlong/Downloads/celebdf/Celeb-synthesis/id4_id1_0002.mp4,1,0.6302653
/home/tianlong/Downloads/celebdf/Celeb-synthesis/id13_id7_0000.mp4,1,0.033166144
/home/tianlong/Downloads/celebdf/Celeb-synthesis/id50_id53_0000.mp4,1,0.9566401
/home/tianlong/Downloads/celebdf/Celeb-synthesis/id50_id56_0005.mp4,1,0.041119076
/home/tianlong/Downloads/celebdf/Celeb-synthesis/id4_id21_0009.mp4,1,0.15533325
/home/tianlong/Downloads/celebdf/Celeb-synthesis/id23_id3_0004.mp4,1,0.8147719
/home/tianlong/Downloads/celebdf/Celeb-synthesis/id56_id51_0000.mp4,1,0.10591088
/home/tianlong/Downloads/celebdf/Celeb-synthesis/id30_id3_0006.mp4,1,0.21526882
/home/tianlong/Downloads/celebdf/Celeb-synthesis/id28_id20_0006.mp4,1,0.99521315
/home/tianlong/Downloads/celebdf/Celeb-synthesis/id4_id20_0008.mp4,1,0.48353976
/home/tianlong/Downloads/celebdf/Celeb-synthesis/id54_id58_0006.mp4,1,0.7583892
/home/tianlong/Downloads/celebdf/Celeb-synthesis/id53_id57_0005.mp4,1,0.942423
/home/tianlong/Downloads/celebdf/Celeb-synthesis/id31_id33_0009.mp4,1,0.04596242
/home/tianlong/Downloads/celebdf/Celeb-synthesis/id0_id21_0000.mp4,1,0.52271754
/home/tianlong/Downloads/celebdf/Celeb-synthesis/id6_id23_0006.mp4,1,0.5082008
/home/tianlong/Downloads/celebdf/Celeb-synthesis/id48_id45_0002.mp4,1,0.008825572
/home/tianlong/Downloads/celebdf/Celeb-synthesis/id46_id45_0001.mp4,1,0.0040517016
/home/tianlong/Downloads/celebdf/Celeb-synthesis/id28_id21_0006.mp4,1,0.98800933
/home/tianlong/Downloads/celebdf/Celeb-synthesis/id12_id10_0005.mp4,1,0.15230614
/home/tianlong/Downloads/celebdf/Celeb-synthesis/id54_id56_0000.mp4,1,0.1831127
/home/tianlong/Downloads/celebdf/Celeb-synthesis/id39_id47_0004.mp4,1,0.9326975
/home/tianlong/Downloads/celebdf/Celeb-synthesis/id9_id3_0009.mp4,1,0.019743007
/home/tianlong/Downloads/celebdf/Celeb-synthesis/id35_id16_0007.mp4,1,0.047141515
/home/tianlong/Downloads/celebdf/Celeb-synthesis/id21_id2_0002.mp4,1,0.05242762
/home/tianlong/Downloads/celebdf/Celeb-synthesis/id12_id10_0002.mp4,1,0.2696179
/home/tianlong/Downloads/celebdf/Celeb-synthesis/id10_id13_0007.mp4,1,0.99997807
/home/tianlong/Downloads/celebdf/Celeb-synthesis/id20_id31_0008.mp4,1,0.6307954
/home/tianlong/Downloads/celebdf/Celeb-synthesis/id0_id16_0003.mp4,1,0.49053088
/home/tianlong/Downloads/celebdf/Celeb-synthesis/id0_id16_0007.mp4,1,0.257209
/home/tianlong/Downloads/celebdf/Celeb-synthesis/id2_id16_0004.mp4,1,0.9373058
/home/tianlong/Downloads/celebdf/Celeb-synthesis/id13_id7_0012.mp4,1,0.5477303
/home/tianlong/Downloads/celebdf/Celeb-synthesis/id37_id1_0002.mp4,1,0.4282303
/home/tianlong/Downloads/celebdf/Celeb-synthesis/id30_id28_0004.mp4,1,0.09918659
/home/tianlong/Downloads/celebdf/Celeb-synthesis/id53_id52_0003.mp4,1,0.9854127
/home/tianlong/Downloads/celebdf/Celeb-synthesis/id54_id56_0006.mp4,1,0.5881842
/home/tianlong/Downloads/celebdf/Celeb-synthesis/id3_id28_0002.mp4,1,0.45050693
/home/tianlong/Downloads/celebdf/Celeb-synthesis/id37_id4_0000.mp4,1,0.392626
/home/tianlong/Downloads/celebdf/Celeb-synthesis/id28_id9_0000.mp4,1,0.013004737
/home/tianlong/Downloads/celebdf/Celeb-synthesis/id4_id2_0003.mp4,1,0.023775574
/home/tianlong/Downloads/celebdf/Celeb-synthesis/id25_id21_0005.mp4,1,0.57853806
/home/tianlong/Downloads/celebdf/Celeb-synthesis/id17_id3_0007.mp4,1,0.03864614
/home/tianlong/Downloads/celebdf/Celeb-synthesis/id2_id1_0004.mp4,1,0.1284453
/home/tianlong/Downloads/celebdf/Celeb-synthesis/id3_id9_0003.mp4,1,0.21637154
/home/tianlong/Downloads/celebdf/Celeb-synthesis/id16_id6_0001.mp4,1,0.037822768
/home/tianlong/Downloads/celebdf/Celeb-synthesis/id8_id6_0002.mp4,1,0.99972284
/home/tianlong/Downloads/celebdf/Celeb-synthesis/id17_id16_0007.mp4,1,0.11762325
/home/tianlong/Downloads/celebdf/Celeb-synthesis/id4_id26_0007.mp4,1,0.9873616
/home/tianlong/Downloads/celebdf/Celeb-synthesis/id44_id45_0000.mp4,1,0.17299339
/home/tianlong/Downloads/celebdf/Celeb-synthesis/id0_id1_0005.mp4,1,0.5916724
/home/tianlong/Downloads/celebdf/Celeb-synthesis/id57_id51_0000.mp4,1,0.71243477
/home/tianlong/Downloads/celebdf/Celeb-synthesis/id34_id32_0007.mp4,1,0.58563834
/home/tianlong/Downloads/celebdf/Celeb-synthesis/id32_id31_0006.mp4,1,0.7220238
/home/tianlong/Downloads/celebdf/Celeb-synthesis/id48_id41_0001.mp4,1,0.19513224
/home/tianlong/Downloads/celebdf/Celeb-synthesis/id4_id0_0004.mp4,1,0.940128
/home/tianlong/Downloads/celebdf/Celeb-synthesis/id21_id19_0009.mp4,1,0.98502314
/home/tianlong/Downloads/celebdf/Celeb-synthesis/id45_id39_0008.mp4,1,0.0239193
/home/tianlong/Downloads/celebdf/Celeb-synthesis/id31_id30_0009.mp4,1,0.3623271
/home/tianlong/Downloads/celebdf/Celeb-synthesis/id27_id19_0001.mp4,1,0.116542496
/home/tianlong/Downloads/celebdf/Celeb-synthesis/id23_id16_0003.mp4,1,0.22492978
/home/tianlong/Downloads/celebdf/Celeb-synthesis/id58_id57_0008.mp4,1,0.01817118
/home/tianlong/Downloads/celebdf/Celeb-synthesis/id17_id2_0007.mp4,1,0.14711493
/home/tianlong/Downloads/celebdf/Celeb-synthesis/id28_id3_0001.mp4,1,0.9999145
/home/tianlong/Downloads/celebdf/Celeb-synthesis/id23_id35_0009.mp4,1,0.05706889
/home/tianlong/Downloads/celebdf/Celeb-synthesis/id4_id0_0001.mp4,1,0.74154174
/home/tianlong/Downloads/celebdf/Celeb-synthesis/id17_id31_0009.mp4,1,0.9998735
/home/tianlong/Downloads/celebdf/Celeb-synthesis/id48_id47_0008.mp4,1,0.0069199316
/home/tianlong/Downloads/celebdf/Celeb-synthesis/id50_id49_0001.mp4,1,0.23385532
/home/tianlong/Downloads/celebdf/Celeb-synthesis/id20_id1_0003.mp4,1,0.6331498
/home/tianlong/Downloads/celebdf/Celeb-synthesis/id16_id3_0010.mp4,1,0.016735965
/home/tianlong/Downloads/celebdf/Celeb-synthesis/id23_id19_0000.mp4,1,0.11011487
/home/tianlong/Downloads/celebdf/Celeb-synthesis/id1_id3_0009.mp4,1,0.98494136
/home/tianlong/Downloads/celebdf/Celeb-synthesis/id43_id40_0005.mp4,1,0.9953639
/home/tianlong/Downloads/celebdf/Celeb-synthesis/id4_id6_0002.mp4,1,0.5750814
/home/tianlong/Downloads/celebdf/Celeb-synthesis/id10_id7_0008.mp4,1,0.8851479
/home/tianlong/Downloads/celebdf/Celeb-synthesis/id13_id10_0008.mp4,1,0.01596795
/home/tianlong/Downloads/celebdf/Celeb-synthesis/id12_id7_0006.mp4,1,0.6315277
/home/tianlong/Downloads/celebdf/Celeb-synthesis/id6_id2_0008.mp4,1,0.13202006
/home/tianlong/Downloads/celebdf/Celeb-synthesis/id2_id0_0002.mp4,1,0.85678405
/home/tianlong/Downloads/celebdf/Celeb-synthesis/id2_id6_0002.mp4,1,0.66849786
/home/tianlong/Downloads/celebdf/Celeb-synthesis/id30_id28_0006.mp4,1,0.14566557
/home/tianlong/Downloads/celebdf/Celeb-synthesis/id52_id50_0007.mp4,1,0.2897336
/home/tianlong/Downloads/celebdf/Celeb-synthesis/id49_id52_0007.mp4,1,0.72459394
/home/tianlong/Downloads/celebdf/Celeb-synthesis/id51_id50_0008.mp4,1,0.85952914
/home/tianlong/Downloads/celebdf/Celeb-synthesis/id21_id3_0009.mp4,1,0.5181605
/home/tianlong/Downloads/celebdf/Celeb-synthesis/id31_id16_0002.mp4,1,0.038178563
/home/tianlong/Downloads/celebdf/Celeb-synthesis/id25_id28_0003.mp4,1,0.3851719
/home/tianlong/Downloads/celebdf/Celeb-synthesis/id21_id20_0006.mp4,1,0.99950725
/home/tianlong/Downloads/celebdf/Celeb-synthesis/id10_id7_0005.mp4,1,0.7058509
/home/tianlong/Downloads/celebdf/Celeb-synthesis/id38_id30_0006.mp4,1,0.61106795
/home/tianlong/Downloads/celebdf/Celeb-synthesis/id35_id30_0006.mp4,1,0.82194996
/home/tianlong/Downloads/celebdf/Celeb-synthesis/id20_id9_0008.mp4,1,0.9608423
/home/tianlong/Downloads/celebdf/Celeb-synthesis/id25_id23_0010.mp4,1,0.8487668
/home/tianlong/Downloads/celebdf/Celeb-synthesis/id17_id21_0000.mp4,1,0.104741
/home/tianlong/Downloads/celebdf/Celeb-synthesis/id45_id47_0002.mp4,1,0.9299854
/home/tianlong/Downloads/celebdf/Celeb-synthesis/id1_id3_0003.mp4,1,0.77864724
/home/tianlong/Downloads/celebdf/Celeb-synthesis/id27_id26_0006.mp4,1,0.7847902
/home/tianlong/Downloads/celebdf/Celeb-synthesis/id44_id42_0001.mp4,1,0.008055397
/home/tianlong/Downloads/celebdf/Celeb-synthesis/id57_id53_0006.mp4,1,0.58688015
/home/tianlong/Downloads/celebdf/Celeb-synthesis/id43_id39_0000.mp4,1,0.30186164
/home/tianlong/Downloads/celebdf/Celeb-synthesis/id35_id16_0004.mp4,1,0.18472111
/home/tianlong/Downloads/celebdf/Celeb-synthesis/id42_id40_0001.mp4,1,0.48405856
/home/tianlong/Downloads/celebdf/Celeb-synthesis/id21_id2_0000.mp4,1,0.07082953
/home/tianlong/Downloads/celebdf/Celeb-synthesis/id37_id21_0000.mp4,1,0.7074245
/home/tianlong/Downloads/celebdf/Celeb-synthesis/id29_id38_0008.mp4,1,0.95219153
/home/tianlong/Downloads/celebdf/Celeb-synthesis/id39_id44_0000.mp4,1,0.8868209
/home/tianlong/Downloads/celebdf/Celeb-synthesis/id9_id6_0005.mp4,1,0.7781503
/home/tianlong/Downloads/celebdf/Celeb-synthesis/id0_id1_0001.mp4,1,0.48270187
/home/tianlong/Downloads/celebdf/Celeb-synthesis/id31_id2_0004.mp4,1,0.15876612
/home/tianlong/Downloads/celebdf/Celeb-synthesis/id38_id34_0003.mp4,1,0.3332383
/home/tianlong/Downloads/celebdf/Celeb-synthesis/id56_id57_0007.mp4,1,0.85691416
/home/tianlong/Downloads/celebdf/Celeb-synthesis/id52_id58_0005.mp4,1,0.34245744
/home/tianlong/Downloads/celebdf/Celeb-synthesis/id28_id4_0000.mp4,1,0.11502306
/home/tianlong/Downloads/celebdf/Celeb-synthesis/id22_id26_0005.mp4,1,0.9999924
/home/tianlong/Downloads/celebdf/Celeb-synthesis/id4_id30_0000.mp4,1,0.641233
/home/tianlong/Downloads/celebdf/Celeb-synthesis/id29_id32_0003.mp4,1,0.17684497
/home/tianlong/Downloads/celebdf/Celeb-synthesis/id35_id20_0007.mp4,1,0.17870036
/home/tianlong/Downloads/celebdf/Celeb-synthesis/id1_id2_0007.mp4,1,0.9174533
/home/tianlong/Downloads/celebdf/Celeb-synthesis/id30_id3_0002.mp4,1,0.58292073
/home/tianlong/Downloads/celebdf/Celeb-synthesis/id22_id25_0001.mp4,1,0.41494146
/home/tianlong/Downloads/celebdf/Celeb-synthesis/id39_id44_0008.mp4,1,0.83863735
/home/tianlong/Downloads/celebdf/Celeb-synthesis/id34_id29_0008.mp4,1,0.81994057
/home/tianlong/Downloads/celebdf/Celeb-synthesis/id21_id28_0009.mp4,1,0.85116416
/home/tianlong/Downloads/celebdf/Celeb-synthesis/id30_id4_0001.mp4,1,0.36117488
/home/tianlong/Downloads/celebdf/Celeb-synthesis/id25_id19_0008.mp4,1,0.42210978
/home/tianlong/Downloads/celebdf/Celeb-synthesis/id21_id4_0002.mp4,1,0.117157534
/home/tianlong/Downloads/celebdf/Celeb-synthesis/id17_id28_0001.mp4,1,0.6137893
/home/tianlong/Downloads/celebdf/Celeb-synthesis/id6_id1_0007.mp4,1,0.006670949
/home/tianlong/Downloads/celebdf/Celeb-synthesis/id9_id2_0008.mp4,1,0.9989685
/home/tianlong/Downloads/celebdf/Celeb-synthesis/id8_id5_0008.mp4,1,0.9446122
/home/tianlong/Downloads/celebdf/Celeb-synthesis/id37_id3_0004.mp4,1,0.5569914
/home/tianlong/Downloads/celebdf/Celeb-synthesis/id17_id2_0003.mp4,1,0.71002126
