Video,Label,Prediction
/home/tianlong/Downloads/celebdf/YouTube-real/00170.mp4,0,0.7643952
/home/tianlong/Downloads/celebdf/YouTube-real/00208.mp4,0,0.0854647
/home/tianlong/Downloads/celebdf/YouTube-real/00063.mp4,0,0.14814718
/home/tianlong/Downloads/celebdf/YouTube-real/00024.mp4,0,0.05233385
/home/tianlong/Downloads/celebdf/YouTube-real/00021.mp4,0,0.05783159
/home/tianlong/Downloads/celebdf/YouTube-real/00036.mp4,0,0.11676276
/home/tianlong/Downloads/celebdf/YouTube-real/00202.mp4,0,0.053121094
/home/tianlong/Downloads/celebdf/YouTube-real/00236.mp4,0,0.10537701
/home/tianlong/Downloads/celebdf/YouTube-real/00197.mp4,0,0.05141507
/home/tianlong/Downloads/celebdf/YouTube-real/00133.mp4,0,0.111961156
/home/tianlong/Downloads/celebdf/YouTube-real/00213.mp4,0,0.060926817
/home/tianlong/Downloads/celebdf/YouTube-real/00011.mp4,0,0.05971656
/home/tianlong/Downloads/celebdf/YouTube-real/00095.mp4,0,0.15315902
/home/tianlong/Downloads/celebdf/YouTube-real/00138.mp4,0,0.12534297
/home/tianlong/Downloads/celebdf/YouTube-real/00106.mp4,0,0.051832028
/home/tianlong/Downloads/celebdf/YouTube-real/00194.mp4,0,0.04980842
/home/tianlong/Downloads/celebdf/YouTube-real/00092.mp4,0,0.110084936
/home/tianlong/Downloads/celebdf/YouTube-real/00227.mp4,0,0.14235064
/home/tianlong/Downloads/celebdf/YouTube-real/00244.mp4,0,0.16419049
/home/tianlong/Downloads/celebdf/YouTube-real/00119.mp4,0,0.1503313
/home/tianlong/Downloads/celebdf/YouTube-real/00082.mp4,0,0.071069404
/home/tianlong/Downloads/celebdf/YouTube-real/00188.mp4,0,0.07433716
/home/tianlong/Downloads/celebdf/YouTube-real/00076.mp4,0,0.06840583
/home/tianlong/Downloads/celebdf/YouTube-real/00047.mp4,0,0.55235213
/home/tianlong/Downloads/celebdf/YouTube-real/00168.mp4,0,0.45901784
/home/tianlong/Downloads/celebdf/YouTube-real/00207.mp4,0,0.060532182
/home/tianlong/Downloads/celebdf/YouTube-real/00193.mp4,0,0.05994201
/home/tianlong/Downloads/celebdf/YouTube-real/00061.mp4,0,0.07404458
/home/tianlong/Downloads/celebdf/YouTube-real/00023.mp4,0,0.10565314
/home/tianlong/Downloads/celebdf/YouTube-real/00048.mp4,0,0.1627619
/home/tianlong/Downloads/celebdf/YouTube-real/00250.mp4,0,0.0509582
/home/tianlong/Downloads/celebdf/YouTube-real/00251.mp4,0,0.04827988
/home/tianlong/Downloads/celebdf/YouTube-real/00252.mp4,0,0.053171463
/home/tianlong/Downloads/celebdf/YouTube-real/00253.mp4,0,0.05223211
/home/tianlong/Downloads/celebdf/YouTube-real/00254.mp4,0,0.76056427
/home/tianlong/Downloads/celebdf/YouTube-real/00255.mp4,0,0.060355667
/home/tianlong/Downloads/celebdf/YouTube-real/00256.mp4,0,0.116107486
/home/tianlong/Downloads/celebdf/YouTube-real/00257.mp4,0,0.06272419
/home/tianlong/Downloads/celebdf/YouTube-real/00258.mp4,0,0.048955467
/home/tianlong/Downloads/celebdf/YouTube-real/00259.mp4,0,0.052282173
/home/tianlong/Downloads/celebdf/YouTube-real/00260.mp4,0,0.045987554
/home/tianlong/Downloads/celebdf/YouTube-real/00261.mp4,0,0.071178384
/home/tianlong/Downloads/celebdf/YouTube-real/00262.mp4,0,0.048548516
/home/tianlong/Downloads/celebdf/YouTube-real/00263.mp4,0,0.04927209
/home/tianlong/Downloads/celebdf/YouTube-real/00264.mp4,0,0.05592819
/home/tianlong/Downloads/celebdf/YouTube-real/00265.mp4,0,0.057482142
/home/tianlong/Downloads/celebdf/YouTube-real/00266.mp4,0,0.2806499
/home/tianlong/Downloads/celebdf/YouTube-real/00267.mp4,0,0.05540275
/home/tianlong/Downloads/celebdf/YouTube-real/00268.mp4,0,0.049700156
/home/tianlong/Downloads/celebdf/YouTube-real/00269.mp4,0,0.058412116
/home/tianlong/Downloads/celebdf/YouTube-real/00270.mp4,0,0.04844045
/home/tianlong/Downloads/celebdf/YouTube-real/00271.mp4,0,0.37252623
/home/tianlong/Downloads/celebdf/YouTube-real/00272.mp4,0,0.056009565
/home/tianlong/Downloads/celebdf/YouTube-real/00273.mp4,0,0.06570046
/home/tianlong/Downloads/celebdf/YouTube-real/00274.mp4,0,0.052851006
/home/tianlong/Downloads/celebdf/YouTube-real/00275.mp4,0,0.11076069
/home/tianlong/Downloads/celebdf/YouTube-real/00276.mp4,0,0.059115574
/home/tianlong/Downloads/celebdf/YouTube-real/00277.mp4,0,0.049697522
/home/tianlong/Downloads/celebdf/YouTube-real/00278.mp4,0,0.0496957
/home/tianlong/Downloads/celebdf/YouTube-real/00279.mp4,0,0.48793864
/home/tianlong/Downloads/celebdf/YouTube-real/00280.mp4,0,0.05260404
/home/tianlong/Downloads/celebdf/YouTube-real/00281.mp4,0,0.05040619
/home/tianlong/Downloads/celebdf/YouTube-real/00282.mp4,0,0.089636385
/home/tianlong/Downloads/celebdf/YouTube-real/00283.mp4,0,0.0785538
/home/tianlong/Downloads/celebdf/YouTube-real/00284.mp4,0,0.04989601
/home/tianlong/Downloads/celebdf/YouTube-real/00285.mp4,0,0.04710306
/home/tianlong/Downloads/celebdf/YouTube-real/00286.mp4,0,0.052858636
/home/tianlong/Downloads/celebdf/YouTube-real/00287.mp4,0,0.071074486
/home/tianlong/Downloads/celebdf/YouTube-real/00288.mp4,0,0.053343102
/home/tianlong/Downloads/celebdf/YouTube-real/00289.mp4,0,0.055070266
/home/tianlong/Downloads/celebdf/Celeb-real/id1_0007.mp4,0,0.055933647
/home/tianlong/Downloads/celebdf/Celeb-real/id2_0008.mp4,0,0.10028067
/home/tianlong/Downloads/celebdf/Celeb-real/id3_0001.mp4,0,0.046288878
/home/tianlong/Downloads/celebdf/Celeb-real/id6_0005.mp4,0,0.049629603
/home/tianlong/Downloads/celebdf/Celeb-real/id9_0000.mp4,0,0.046308428
/home/tianlong/Downloads/celebdf/Celeb-real/id11_0008.mp4,0,0.05084947
/home/tianlong/Downloads/celebdf/Celeb-real/id16_0011.mp4,0,0.053517845
/home/tianlong/Downloads/celebdf/Celeb-real/id17_0000.mp4,0,0.047959387
/home/tianlong/Downloads/celebdf/Celeb-real/id35_0008.mp4,0,0.06758056
/home/tianlong/Downloads/celebdf/Celeb-real/id39_0005.mp4,0,0.053663127
/home/tianlong/Downloads/celebdf/Celeb-real/id48_0000.mp4,0,0.08949273
/home/tianlong/Downloads/celebdf/Celeb-real/id32_0008.mp4,0,0.0508731
/home/tianlong/Downloads/celebdf/Celeb-real/id56_0009.mp4,0,0.05408001
/home/tianlong/Downloads/celebdf/Celeb-real/id54_0007.mp4,0,0.04805279
/home/tianlong/Downloads/celebdf/Celeb-real/id37_0005.mp4,0,0.052501578
/home/tianlong/Downloads/celebdf/Celeb-real/id29_0008.mp4,0,0.048046257
/home/tianlong/Downloads/celebdf/Celeb-real/id43_0006.mp4,0,0.04789694
/home/tianlong/Downloads/celebdf/Celeb-real/id1_0006.mp4,0,0.04699896
/home/tianlong/Downloads/celebdf/Celeb-real/id51_0001.mp4,0,0.057440564
/home/tianlong/Downloads/celebdf/Celeb-real/id31_0007.mp4,0,0.046055224
/home/tianlong/Downloads/celebdf/Celeb-real/id2_0003.mp4,0,0.049364638
/home/tianlong/Downloads/celebdf/Celeb-real/id21_0009.mp4,0,0.056669578
/home/tianlong/Downloads/celebdf/Celeb-real/id50_0003.mp4,0,0.057597704
/home/tianlong/Downloads/celebdf/Celeb-real/id21_0006.mp4,0,0.047433782
/home/tianlong/Downloads/celebdf/Celeb-real/id44_0003.mp4,0,0.04654052
/home/tianlong/Downloads/celebdf/Celeb-real/id36_0006.mp4,0,0.2747291
/home/tianlong/Downloads/celebdf/Celeb-real/id36_0008.mp4,0,0.30736208
/home/tianlong/Downloads/celebdf/Celeb-real/id1_0008.mp4,0,0.051668663
/home/tianlong/Downloads/celebdf/Celeb-real/id45_0003.mp4,0,0.06387505
/home/tianlong/Downloads/celebdf/Celeb-real/id48_0003.mp4,0,0.105172805
/home/tianlong/Downloads/celebdf/Celeb-real/id23_0001.mp4,0,0.49941704
/home/tianlong/Downloads/celebdf/Celeb-real/id16_0010.mp4,0,0.06030502
/home/tianlong/Downloads/celebdf/Celeb-real/id31_0004.mp4,0,0.061325856
/home/tianlong/Downloads/celebdf/Celeb-real/id35_0000.mp4,0,0.6359419
/home/tianlong/Downloads/celebdf/Celeb-real/id58_0002.mp4,0,0.047459275
/home/tianlong/Downloads/celebdf/Celeb-real/id30_0007.mp4,0,0.04932194
/home/tianlong/Downloads/celebdf/Celeb-real/id12_0005.mp4,0,0.048502892
/home/tianlong/Downloads/celebdf/Celeb-real/id56_0002.mp4,0,0.047128987
/home/tianlong/Downloads/celebdf/Celeb-real/id33_0005.mp4,0,0.05911043
/home/tianlong/Downloads/celebdf/Celeb-real/id29_0009.mp4,0,0.054859854
/home/tianlong/Downloads/celebdf/Celeb-real/id13_0013.mp4,0,0.07329841
/home/tianlong/Downloads/celebdf/Celeb-real/id28_0009.mp4,0,0.053496756
/home/tianlong/Downloads/celebdf/Celeb-real/id36_0000.mp4,0,0.3010179
/home/tianlong/Downloads/celebdf/Celeb-real/id24_0009.mp4,0,0.8394728
/home/tianlong/Downloads/celebdf/Celeb-real/id39_0004.mp4,0,0.06702616
/home/tianlong/Downloads/celebdf/Celeb-real/id27_0008.mp4,0,0.052997854
/home/tianlong/Downloads/celebdf/Celeb-real/id11_0006.mp4,0,0.051976934
/home/tianlong/Downloads/celebdf/Celeb-real/id19_0007.mp4,0,0.047774546
/home/tianlong/Downloads/celebdf/Celeb-real/id37_0009.mp4,0,0.44327393
/home/tianlong/Downloads/celebdf/Celeb-real/id3_0008.mp4,0,0.049795207
/home/tianlong/Downloads/celebdf/Celeb-real/id46_0000.mp4,0,0.11208327
/home/tianlong/Downloads/celebdf/Celeb-real/id33_0008.mp4,0,0.045956295
/home/tianlong/Downloads/celebdf/Celeb-real/id8_0000.mp4,0,0.050119076
/home/tianlong/Downloads/celebdf/Celeb-real/id16_0007.mp4,0,0.05329131
/home/tianlong/Downloads/celebdf/Celeb-real/id1_0001.mp4,0,0.0636001
/home/tianlong/Downloads/celebdf/Celeb-real/id32_0002.mp4,0,0.053660363
/home/tianlong/Downloads/celebdf/Celeb-real/id19_0005.mp4,0,0.046781126
/home/tianlong/Downloads/celebdf/Celeb-real/id27_0009.mp4,0,0.05365034
/home/tianlong/Downloads/celebdf/Celeb-real/id2_0001.mp4,0,0.051455576
/home/tianlong/Downloads/celebdf/Celeb-real/id13_0011.mp4,0,0.049360767
/home/tianlong/Downloads/celebdf/Celeb-real/id49_0004.mp4,0,0.048602324
/home/tianlong/Downloads/celebdf/Celeb-real/id57_0007.mp4,0,0.07008615
/home/tianlong/Downloads/celebdf/Celeb-real/id26_0008.mp4,0,0.04915444
/home/tianlong/Downloads/celebdf/Celeb-real/id2_0004.mp4,0,0.48984572
/home/tianlong/Downloads/celebdf/Celeb-real/id36_0001.mp4,0,0.36729977
/home/tianlong/Downloads/celebdf/Celeb-real/id0_0001.mp4,0,0.053348903
/home/tianlong/Downloads/celebdf/Celeb-real/id10_0007.mp4,0,0.050529327
/home/tianlong/Downloads/celebdf/Celeb-real/id17_0002.mp4,0,0.064646654
/home/tianlong/Downloads/celebdf/Celeb-real/id4_0004.mp4,0,0.050037503
/home/tianlong/Downloads/celebdf/Celeb-real/id36_0002.mp4,0,0.32512254
/home/tianlong/Downloads/celebdf/Celeb-real/id53_0003.mp4,0,0.055328395
/home/tianlong/Downloads/celebdf/Celeb-real/id25_0010.mp4,0,0.050626904
/home/tianlong/Downloads/celebdf/Celeb-real/id51_0006.mp4,0,0.122142196
/home/tianlong/Downloads/celebdf/Celeb-real/id22_0000.mp4,0,0.0491041
/home/tianlong/Downloads/celebdf/Celeb-real/id10_0001.mp4,0,0.08719143
/home/tianlong/Downloads/celebdf/Celeb-real/id6_0002.mp4,0,0.04974128
/home/tianlong/Downloads/celebdf/Celeb-real/id12_0000.mp4,0,0.052323647
/home/tianlong/Downloads/celebdf/Celeb-real/id35_0003.mp4,0,0.7566968
/home/tianlong/Downloads/celebdf/Celeb-real/id3_0002.mp4,0,0.04679088
/home/tianlong/Downloads/celebdf/Celeb-real/id31_0003.mp4,0,0.053953916
/home/tianlong/Downloads/celebdf/Celeb-real/id52_0002.mp4,0,0.05597772
/home/tianlong/Downloads/celebdf/Celeb-real/id2_0002.mp4,0,0.055516563
/home/tianlong/Downloads/celebdf/Celeb-real/id44_0001.mp4,0,0.110769935
/home/tianlong/Downloads/celebdf/Celeb-real/id8_0009.mp4,0,0.049680457
/home/tianlong/Downloads/celebdf/Celeb-real/id33_0002.mp4,0,0.050861035
/home/tianlong/Downloads/celebdf/Celeb-real/id50_0000.mp4,0,0.048899654
/home/tianlong/Downloads/celebdf/Celeb-real/id40_0003.mp4,0,0.062285416
/home/tianlong/Downloads/celebdf/Celeb-real/id7_0006.mp4,0,0.048155457
/home/tianlong/Downloads/celebdf/Celeb-real/id53_0007.mp4,0,0.056261417
/home/tianlong/Downloads/celebdf/Celeb-real/id43_0002.mp4,0,0.061650652
/home/tianlong/Downloads/celebdf/Celeb-real/id56_0000.mp4,0,0.064662196
/home/tianlong/Downloads/celebdf/Celeb-real/id13_0004.mp4,0,0.04677343
/home/tianlong/Downloads/celebdf/Celeb-real/id43_0001.mp4,0,0.05353502
/home/tianlong/Downloads/celebdf/Celeb-real/id20_0008.mp4,0,0.34151733
/home/tianlong/Downloads/celebdf/Celeb-real/id28_0004.mp4,0,0.05273349
/home/tianlong/Downloads/celebdf/Celeb-real/id22_0009.mp4,0,0.051042397
/home/tianlong/Downloads/celebdf/Celeb-real/id53_0000.mp4,0,0.04853232
/home/tianlong/Downloads/celebdf/Celeb-real/id50_0006.mp4,0,0.05084469
/home/tianlong/Downloads/celebdf/Celeb-real/id32_0003.mp4,0,0.047503512
/home/tianlong/Downloads/celebdf/Celeb-real/id32_0006.mp4,0,0.83031076
/home/tianlong/Downloads/celebdf/Celeb-real/id57_0003.mp4,0,0.07741113
/home/tianlong/Downloads/celebdf/Celeb-real/id37_0004.mp4,0,0.051728506
/home/tianlong/Downloads/celebdf/Celeb-real/id28_0007.mp4,0,0.050365787
/home/tianlong/Downloads/celebdf/Celeb-real/id52_0001.mp4,0,0.049215354
/home/tianlong/Downloads/celebdf/Celeb-real/id40_0009.mp4,0,0.5225296
/home/tianlong/Downloads/celebdf/Celeb-real/id51_0005.mp4,0,0.0600372
/home/tianlong/Downloads/celebdf/Celeb-real/id34_0006.mp4,0,0.15275934
/home/tianlong/Downloads/celebdf/Celeb-real/id42_0002.mp4,0,0.049826194
/home/tianlong/Downloads/celebdf/Celeb-synthesis/id1_id0_0007.mp4,1,0.052081853
/home/tianlong/Downloads/celebdf/Celeb-synthesis/id1_id3_0007.mp4,1,0.053708788
/home/tianlong/Downloads/celebdf/Celeb-synthesis/id1_id4_0007.mp4,1,0.9189552
/home/tianlong/Downloads/celebdf/Celeb-synthesis/id1_id9_0007.mp4,1,0.047161985
/home/tianlong/Downloads/celebdf/Celeb-synthesis/id1_id16_0007.mp4,1,0.13464223
/home/tianlong/Downloads/celebdf/Celeb-synthesis/id1_id17_0007.mp4,1,0.07460463
/home/tianlong/Downloads/celebdf/Celeb-synthesis/id2_id0_0008.mp4,1,0.04800635
/home/tianlong/Downloads/celebdf/Celeb-synthesis/id2_id3_0008.mp4,1,0.047722977
/home/tianlong/Downloads/celebdf/Celeb-synthesis/id2_id9_0008.mp4,1,0.04633004
/home/tianlong/Downloads/celebdf/Celeb-synthesis/id3_id1_0001.mp4,1,0.046855487
/home/tianlong/Downloads/celebdf/Celeb-synthesis/id3_id2_0001.mp4,1,0.053678066
/home/tianlong/Downloads/celebdf/Celeb-synthesis/id3_id4_0001.mp4,1,0.05120996
/home/tianlong/Downloads/celebdf/Celeb-synthesis/id3_id6_0001.mp4,1,0.048478357
/home/tianlong/Downloads/celebdf/Celeb-synthesis/id3_id9_0001.mp4,1,0.046760593
/home/tianlong/Downloads/celebdf/Celeb-synthesis/id3_id16_0001.mp4,1,0.04913337
/home/tianlong/Downloads/celebdf/Celeb-synthesis/id4_id1_0003.mp4,1,0.05444329
/home/tianlong/Downloads/celebdf/Celeb-synthesis/id6_id0_0005.mp4,1,0.053497393
/home/tianlong/Downloads/celebdf/Celeb-synthesis/id6_id1_0005.mp4,1,0.048740305
/home/tianlong/Downloads/celebdf/Celeb-synthesis/id6_id2_0005.mp4,1,0.085192755
/home/tianlong/Downloads/celebdf/Celeb-synthesis/id6_id3_0005.mp4,1,0.058641255
/home/tianlong/Downloads/celebdf/Celeb-synthesis/id6_id16_0005.mp4,1,0.0777315
/home/tianlong/Downloads/celebdf/Celeb-synthesis/id7_id10_0009.mp4,1,0.050982065
/home/tianlong/Downloads/celebdf/Celeb-synthesis/id7_id11_0009.mp4,1,0.048453424
/home/tianlong/Downloads/celebdf/Celeb-synthesis/id7_id13_0009.mp4,1,0.048456524
/home/tianlong/Downloads/celebdf/Celeb-synthesis/id9_id0_0000.mp4,1,0.047546428
/home/tianlong/Downloads/celebdf/Celeb-synthesis/id9_id1_0000.mp4,1,0.04831399
/home/tianlong/Downloads/celebdf/Celeb-synthesis/id9_id2_0000.mp4,1,0.053461168
/home/tianlong/Downloads/celebdf/Celeb-synthesis/id9_id3_0000.mp4,1,0.048922475
/home/tianlong/Downloads/celebdf/Celeb-synthesis/id9_id6_0000.mp4,1,0.049206752
/home/tianlong/Downloads/celebdf/Celeb-synthesis/id9_id16_0000.mp4,1,0.058164373
/home/tianlong/Downloads/celebdf/Celeb-synthesis/id10_id7_0004.mp4,1,0.056886166
/home/tianlong/Downloads/celebdf/Celeb-synthesis/id10_id11_0004.mp4,1,0.05372087
/home/tianlong/Downloads/celebdf/Celeb-synthesis/id10_id12_0004.mp4,1,0.05223506
/home/tianlong/Downloads/celebdf/Celeb-synthesis/id10_id13_0004.mp4,1,0.050392978
/home/tianlong/Downloads/celebdf/Celeb-synthesis/id10_id7_0001.mp4,1,0.12690498
/home/tianlong/Downloads/celebdf/Celeb-synthesis/id10_id11_0001.mp4,1,0.06913781
/home/tianlong/Downloads/celebdf/Celeb-synthesis/id10_id12_0001.mp4,1,0.20923044
/home/tianlong/Downloads/celebdf/Celeb-synthesis/id10_id13_0001.mp4,1,0.10626893
/home/tianlong/Downloads/celebdf/Celeb-synthesis/id11_id7_0008.mp4,1,0.051524702
/home/tianlong/Downloads/celebdf/Celeb-synthesis/id16_id0_0011.mp4,1,0.04679108
/home/tianlong/Downloads/celebdf/Celeb-synthesis/id16_id1_0011.mp4,1,0.04959101
/home/tianlong/Downloads/celebdf/Celeb-synthesis/id16_id2_0011.mp4,1,0.05056881
/home/tianlong/Downloads/celebdf/Celeb-synthesis/id16_id3_0011.mp4,1,0.04905813
/home/tianlong/Downloads/celebdf/Celeb-synthesis/id16_id6_0011.mp4,1,0.047972996
/home/tianlong/Downloads/celebdf/Celeb-synthesis/id17_id0_0000.mp4,1,0.052290466
/home/tianlong/Downloads/celebdf/Celeb-synthesis/id17_id1_0000.mp4,1,0.0523895
/home/tianlong/Downloads/celebdf/Celeb-synthesis/id17_id2_0000.mp4,1,0.0726778
/home/tianlong/Downloads/celebdf/Celeb-synthesis/id17_id3_0000.mp4,1,0.05377062
/home/tianlong/Downloads/celebdf/Celeb-synthesis/id17_id6_0000.mp4,1,0.05071643
/home/tianlong/Downloads/celebdf/Celeb-synthesis/id17_id9_0000.mp4,1,0.048896626
/home/tianlong/Downloads/celebdf/Celeb-synthesis/id17_id16_0000.mp4,1,0.11945458
/home/tianlong/Downloads/celebdf/Celeb-synthesis/id16_id20_0000.mp4,1,0.04825407
/home/tianlong/Downloads/celebdf/Celeb-synthesis/id17_id23_0000.mp4,1,0.10782576
/home/tianlong/Downloads/celebdf/Celeb-synthesis/id3_id28_0001.mp4,1,0.04724823
/home/tianlong/Downloads/celebdf/Celeb-synthesis/id35_id32_0007.mp4,1,0.060407646
/home/tianlong/Downloads/celebdf/Celeb-synthesis/id30_id26_0004.mp4,1,0.05798301
/home/tianlong/Downloads/celebdf/Celeb-synthesis/id16_id20_0006.mp4,1,0.17415601
/home/tianlong/Downloads/celebdf/Celeb-synthesis/id4_id20_0001.mp4,1,0.088632435
/home/tianlong/Downloads/celebdf/Celeb-synthesis/id26_id3_0002.mp4,1,0.052276466
/home/tianlong/Downloads/celebdf/Celeb-synthesis/id20_id31_0006.mp4,1,0.11835395
/home/tianlong/Downloads/celebdf/Celeb-synthesis/id6_id23_0001.mp4,1,0.0786791
/home/tianlong/Downloads/celebdf/Celeb-synthesis/id9_id23_0009.mp4,1,0.15298474
/home/tianlong/Downloads/celebdf/Celeb-synthesis/id32_id33_0002.mp4,1,0.0507597
/home/tianlong/Downloads/celebdf/Celeb-synthesis/id16_id20_0012.mp4,1,0.07952303
/home/tianlong/Downloads/celebdf/Celeb-synthesis/id29_id30_0000.mp4,1,0.05859209
/home/tianlong/Downloads/celebdf/Celeb-synthesis/id3_id20_0008.mp4,1,0.05467058
/home/tianlong/Downloads/celebdf/Celeb-synthesis/id22_id27_0001.mp4,1,0.06071337
/home/tianlong/Downloads/celebdf/Celeb-synthesis/id27_id21_0002.mp4,1,0.04874863
/home/tianlong/Downloads/celebdf/Celeb-synthesis/id29_id35_0000.mp4,1,0.055078413
/home/tianlong/Downloads/celebdf/Celeb-synthesis/id21_id19_0005.mp4,1,0.05283337
/home/tianlong/Downloads/celebdf/Celeb-synthesis/id23_id26_0003.mp4,1,0.06013579
/home/tianlong/Downloads/celebdf/Celeb-synthesis/id30_id35_0009.mp4,1,0.053520527
/home/tianlong/Downloads/celebdf/Celeb-synthesis/id9_id26_0000.mp4,1,0.04986299
/home/tianlong/Downloads/celebdf/Celeb-synthesis/id33_id32_0006.mp4,1,0.05066604
/home/tianlong/Downloads/celebdf/Celeb-synthesis/id30_id34_0003.mp4,1,0.05466673
/home/tianlong/Downloads/celebdf/Celeb-synthesis/id29_id37_0008.mp4,1,0.04961388
/home/tianlong/Downloads/celebdf/Celeb-synthesis/id35_id31_0006.mp4,1,0.058675893
/home/tianlong/Downloads/celebdf/Celeb-synthesis/id37_id34_0008.mp4,1,0.09881864
/home/tianlong/Downloads/celebdf/Celeb-synthesis/id26_id16_0001.mp4,1,0.17368953
/home/tianlong/Downloads/celebdf/Celeb-synthesis/id17_id23_0009.mp4,1,0.6396413
/home/tianlong/Downloads/celebdf/Celeb-synthesis/id6_id20_0007.mp4,1,0.04772666
/home/tianlong/Downloads/celebdf/Celeb-synthesis/id1_id20_0001.mp4,1,0.078183375
/home/tianlong/Downloads/celebdf/Celeb-synthesis/id1_id23_0006.mp4,1,0.060637742
/home/tianlong/Downloads/celebdf/Celeb-synthesis/id37_id35_0001.mp4,1,0.8769201
/home/tianlong/Downloads/celebdf/Celeb-synthesis/id4_id23_0006.mp4,1,0.16424638
/home/tianlong/Downloads/celebdf/Celeb-synthesis/id17_id26_0006.mp4,1,0.26092622
/home/tianlong/Downloads/celebdf/Celeb-synthesis/id20_id1_0007.mp4,1,0.054473627
/home/tianlong/Downloads/celebdf/Celeb-synthesis/id0_id26_0009.mp4,1,0.050277468
/home/tianlong/Downloads/celebdf/Celeb-synthesis/id38_id33_0005.mp4,1,0.055777088
/home/tianlong/Downloads/celebdf/Celeb-synthesis/id28_id35_0008.mp4,1,0.07082882
/home/tianlong/Downloads/celebdf/Celeb-synthesis/id23_id35_0006.mp4,1,0.2673188
/home/tianlong/Downloads/celebdf/Celeb-synthesis/id6_id28_0002.mp4,1,0.09340295
/home/tianlong/Downloads/celebdf/Celeb-synthesis/id35_id28_0006.mp4,1,0.05144959
/home/tianlong/Downloads/celebdf/Celeb-synthesis/id32_id31_0008.mp4,1,0.13095017
/home/tianlong/Downloads/celebdf/Celeb-synthesis/id38_id34_0004.mp4,1,0.14778292
/home/tianlong/Downloads/celebdf/Celeb-synthesis/id3_id28_0009.mp4,1,0.71946204
/home/tianlong/Downloads/celebdf/Celeb-synthesis/id37_id28_0007.mp4,1,0.05209161
/home/tianlong/Downloads/celebdf/Celeb-synthesis/id1_id20_0002.mp4,1,0.047468103
/home/tianlong/Downloads/celebdf/Celeb-synthesis/id37_id31_0008.mp4,1,0.12262389
/home/tianlong/Downloads/celebdf/Celeb-synthesis/id30_id23_0007.mp4,1,0.053814404
/home/tianlong/Downloads/celebdf/Celeb-synthesis/id28_id26_0000.mp4,1,0.070800096
/home/tianlong/Downloads/celebdf/Celeb-synthesis/id2_id28_0003.mp4,1,0.055725202
/home/tianlong/Downloads/celebdf/Celeb-synthesis/id27_id24_0007.mp4,1,0.14764717
/home/tianlong/Downloads/celebdf/Celeb-synthesis/id30_id32_0006.mp4,1,0.058621604
/home/tianlong/Downloads/celebdf/Celeb-synthesis/id35_id31_0009.mp4,1,0.11678422
/home/tianlong/Downloads/celebdf/Celeb-synthesis/id4_id21_0004.mp4,1,0.050230443
/home/tianlong/Downloads/celebdf/Celeb-synthesis/id37_id21_0005.mp4,1,0.21865149
/home/tianlong/Downloads/celebdf/Celeb-synthesis/id30_id21_0002.mp4,1,0.07031139
/home/tianlong/Downloads/celebdf/Celeb-synthesis/id16_id23_0011.mp4,1,0.07092449
/home/tianlong/Downloads/celebdf/Celeb-synthesis/id9_id20_0002.mp4,1,0.05208995
/home/tianlong/Downloads/celebdf/Celeb-synthesis/id6_id21_0006.mp4,1,0.060471468
/home/tianlong/Downloads/celebdf/Celeb-synthesis/id20_id19_0002.mp4,1,0.05593373
/home/tianlong/Downloads/celebdf/Celeb-synthesis/id28_id4_0006.mp4,1,0.057915915
/home/tianlong/Downloads/celebdf/Celeb-synthesis/id35_id34_0002.mp4,1,0.057351816
/home/tianlong/Downloads/celebdf/Celeb-synthesis/id35_id26_0003.mp4,1,0.08465968
/home/tianlong/Downloads/celebdf/Celeb-synthesis/id22_id28_0006.mp4,1,0.04944017
/home/tianlong/Downloads/celebdf/Celeb-synthesis/id30_id21_0005.mp4,1,0.06032572
/home/tianlong/Downloads/celebdf/Celeb-synthesis/id24_id20_0009.mp4,1,0.6119581
/home/tianlong/Downloads/celebdf/Celeb-synthesis/id4_id20_0000.mp4,1,0.048093528
/home/tianlong/Downloads/celebdf/Celeb-synthesis/id2_id26_0001.mp4,1,0.055285346
/home/tianlong/Downloads/celebdf/Celeb-synthesis/id21_id6_0005.mp4,1,0.07920321
/home/tianlong/Downloads/celebdf/Celeb-synthesis/id21_id9_0008.mp4,1,0.05662198
/home/tianlong/Downloads/celebdf/Celeb-synthesis/id22_id21_0005.mp4,1,0.056985434
/home/tianlong/Downloads/celebdf/Celeb-synthesis/id22_id27_0005.mp4,1,0.053263914
/home/tianlong/Downloads/celebdf/Celeb-synthesis/id23_id2_0007.mp4,1,0.60645807
/home/tianlong/Downloads/celebdf/Celeb-synthesis/id23_id3_0009.mp4,1,0.050354477
/home/tianlong/Downloads/celebdf/Celeb-synthesis/id24_id19_0000.mp4,1,0.054430995
/home/tianlong/Downloads/celebdf/Celeb-synthesis/id24_id21_0006.mp4,1,0.08370004
/home/tianlong/Downloads/celebdf/Celeb-synthesis/id24_id26_0009.mp4,1,0.74754435
/home/tianlong/Downloads/celebdf/Celeb-synthesis/id25_id19_0002.mp4,1,0.05023164
/home/tianlong/Downloads/celebdf/Celeb-synthesis/id25_id24_0003.mp4,1,0.053530168
/home/tianlong/Downloads/celebdf/Celeb-synthesis/id27_id21_0008.mp4,1,0.06342974
/home/tianlong/Downloads/celebdf/Celeb-synthesis/id27_id22_0007.mp4,1,0.05216257
/home/tianlong/Downloads/celebdf/Celeb-synthesis/id27_id25_0008.mp4,1,0.050391704
/home/tianlong/Downloads/celebdf/Celeb-synthesis/id28_id3_0004.mp4,1,0.05085016
/home/tianlong/Downloads/celebdf/Celeb-synthesis/id28_id6_0006.mp4,1,0.05066886
/home/tianlong/Downloads/celebdf/Celeb-synthesis/id29_id32_0000.mp4,1,0.052344702
/home/tianlong/Downloads/celebdf/Celeb-synthesis/id29_id37_0009.mp4,1,0.051970053
/home/tianlong/Downloads/celebdf/Celeb-synthesis/id30_id20_0004.mp4,1,0.058783107
/home/tianlong/Downloads/celebdf/Celeb-synthesis/id30_id23_0002.mp4,1,0.052882694
/home/tianlong/Downloads/celebdf/Celeb-synthesis/id32_id33_0004.mp4,1,0.049241465
/home/tianlong/Downloads/celebdf/Celeb-synthesis/id33_id38_0001.mp4,1,0.071232095
/home/tianlong/Downloads/celebdf/Celeb-synthesis/id34_id33_0005.mp4,1,0.05903178
/home/tianlong/Downloads/celebdf/Celeb-synthesis/id35_id31_0007.mp4,1,0.09159906
/home/tianlong/Downloads/celebdf/Celeb-synthesis/id49_id52_0005.mp4,1,0.050795276
/home/tianlong/Downloads/celebdf/Celeb-synthesis/id9_id2_0006.mp4,1,0.0586819
/home/tianlong/Downloads/celebdf/Celeb-synthesis/id7_id11_0007.mp4,1,0.059154868
/home/tianlong/Downloads/celebdf/Celeb-synthesis/id4_id37_0006.mp4,1,0.07191475
/home/tianlong/Downloads/celebdf/Celeb-synthesis/id37_id38_0009.mp4,1,0.83366704
/home/tianlong/Downloads/celebdf/Celeb-synthesis/id29_id30_0009.mp4,1,0.05885886
/home/tianlong/Downloads/celebdf/Celeb-synthesis/id0_id6_0007.mp4,1,0.056146797
/home/tianlong/Downloads/celebdf/Celeb-synthesis/id0_id16_0004.mp4,1,0.05991504
/home/tianlong/Downloads/celebdf/Celeb-synthesis/id31_id33_0008.mp4,1,0.055289827
/home/tianlong/Downloads/celebdf/Celeb-synthesis/id54_id49_0003.mp4,1,0.17916007
/home/tianlong/Downloads/celebdf/Celeb-synthesis/id0_id1_0000.mp4,1,0.06574423
/home/tianlong/Downloads/celebdf/Celeb-synthesis/id21_id28_0001.mp4,1,0.63319135
/home/tianlong/Downloads/celebdf/Celeb-synthesis/id33_id29_0004.mp4,1,0.07095562
/home/tianlong/Downloads/celebdf/Celeb-synthesis/id28_id0_0009.mp4,1,0.048747223
/home/tianlong/Downloads/celebdf/Celeb-synthesis/id6_id9_0006.mp4,1,0.04756903
/home/tianlong/Downloads/celebdf/Celeb-synthesis/id9_id0_0006.mp4,1,0.0554413
/home/tianlong/Downloads/celebdf/Celeb-synthesis/id26_id2_0005.mp4,1,0.065446354
/home/tianlong/Downloads/celebdf/Celeb-synthesis/id1_id3_0002.mp4,1,0.048960987
/home/tianlong/Downloads/celebdf/Celeb-synthesis/id4_id6_0008.mp4,1,0.048531152
/home/tianlong/Downloads/celebdf/Celeb-synthesis/id16_id28_0005.mp4,1,0.102903046
/home/tianlong/Downloads/celebdf/Celeb-synthesis/id37_id35_0005.mp4,1,0.9263935
/home/tianlong/Downloads/celebdf/Celeb-synthesis/id19_id20_0004.mp4,1,0.047684353
/home/tianlong/Downloads/celebdf/Celeb-synthesis/id46_id41_0000.mp4,1,0.05330543
/home/tianlong/Downloads/celebdf/Celeb-synthesis/id51_id57_0004.mp4,1,0.07696458
/home/tianlong/Downloads/celebdf/Celeb-synthesis/id29_id37_0005.mp4,1,0.13946295
/home/tianlong/Downloads/celebdf/Celeb-synthesis/id35_id23_0007.mp4,1,0.487611
/home/tianlong/Downloads/celebdf/Celeb-synthesis/id34_id33_0002.mp4,1,0.052446242
/home/tianlong/Downloads/celebdf/Celeb-synthesis/id1_id3_0006.mp4,1,0.05506769
/home/tianlong/Downloads/celebdf/Celeb-synthesis/id13_id10_0005.mp4,1,0.05250016
/home/tianlong/Downloads/celebdf/Celeb-synthesis/id56_id55_0009.mp4,1,0.05130281
/home/tianlong/Downloads/celebdf/Celeb-synthesis/id25_id28_0010.mp4,1,0.052268665
/home/tianlong/Downloads/celebdf/Celeb-synthesis/id20_id37_0004.mp4,1,0.19530267
/home/tianlong/Downloads/celebdf/Celeb-synthesis/id37_id29_0002.mp4,1,0.056223262
/home/tianlong/Downloads/celebdf/Celeb-synthesis/id56_id54_0007.mp4,1,0.050222598
/home/tianlong/Downloads/celebdf/Celeb-synthesis/id19_id20_0000.mp4,1,0.052049562
/home/tianlong/Downloads/celebdf/Celeb-synthesis/id4_id28_0006.mp4,1,0.44630557
/home/tianlong/Downloads/celebdf/Celeb-synthesis/id53_id58_0005.mp4,1,0.16260928
/home/tianlong/Downloads/celebdf/Celeb-synthesis/id55_id57_0002.mp4,1,0.5384644
/home/tianlong/Downloads/celebdf/Celeb-synthesis/id24_id26_0004.mp4,1,0.15281942
/home/tianlong/Downloads/celebdf/Celeb-synthesis/id20_id0_0006.mp4,1,0.41306934
/home/tianlong/Downloads/celebdf/Celeb-synthesis/id37_id2_0009.mp4,1,0.25501615
/home/tianlong/Downloads/celebdf/Celeb-synthesis/id30_id26_0006.mp4,1,0.17936538
/home/tianlong/Downloads/celebdf/Celeb-synthesis/id16_id2_0001.mp4,1,0.06485527
/home/tianlong/Downloads/celebdf/Celeb-synthesis/id26_id1_0002.mp4,1,0.053601276
/home/tianlong/Downloads/celebdf/Celeb-synthesis/id30_id6_0007.mp4,1,0.049686063
/home/tianlong/Downloads/celebdf/Celeb-synthesis/id44_id41_0005.mp4,1,0.06102165
/home/tianlong/Downloads/celebdf/Celeb-synthesis/id16_id2_0006.mp4,1,0.6348889
/home/tianlong/Downloads/celebdf/Celeb-synthesis/id1_id16_0004.mp4,1,0.08376646
/home/tianlong/Downloads/celebdf/Celeb-synthesis/id16_id21_0002.mp4,1,0.066344656
/home/tianlong/Downloads/celebdf/Celeb-synthesis/id4_id0_0000.mp4,1,0.07443034
/home/tianlong/Downloads/celebdf/Celeb-synthesis/id8_id0_0002.mp4,1,0.055895824
/home/tianlong/Downloads/celebdf/Celeb-synthesis/id19_id23_0001.mp4,1,0.8696588
/home/tianlong/Downloads/celebdf/Celeb-synthesis/id37_id3_0006.mp4,1,0.05070998
/home/tianlong/Downloads/celebdf/Celeb-synthesis/id9_id16_0007.mp4,1,0.18361492
/home/tianlong/Downloads/celebdf/Celeb-synthesis/id47_id43_0007.mp4,1,0.056581162
/home/tianlong/Downloads/celebdf/Celeb-synthesis/id16_id3_0009.mp4,1,0.048313532
/home/tianlong/Downloads/celebdf/Celeb-synthesis/id26_id28_0002.mp4,1,0.07786602
/home/tianlong/Downloads/celebdf/Celeb-synthesis/id8_id3_0003.mp4,1,0.055904817
/home/tianlong/Downloads/celebdf/Celeb-synthesis/id30_id28_0000.mp4,1,0.08082239
/home/tianlong/Downloads/celebdf/Celeb-synthesis/id27_id23_0008.mp4,1,0.22173482
/home/tianlong/Downloads/celebdf/Celeb-synthesis/id28_id20_0008.mp4,1,0.05070811
/home/tianlong/Downloads/celebdf/Celeb-synthesis/id1_id2_0002.mp4,1,0.059004206
/home/tianlong/Downloads/celebdf/Celeb-synthesis/id46_id39_0000.mp4,1,0.05565363
/home/tianlong/Downloads/celebdf/Celeb-synthesis/id37_id28_0008.mp4,1,0.050075173
/home/tianlong/Downloads/celebdf/Celeb-synthesis/id0_id3_0007.mp4,1,0.048940387
/home/tianlong/Downloads/celebdf/Celeb-synthesis/id4_id1_0002.mp4,1,0.048447426
/home/tianlong/Downloads/celebdf/Celeb-synthesis/id13_id7_0000.mp4,1,0.063525185
/home/tianlong/Downloads/celebdf/Celeb-synthesis/id50_id53_0000.mp4,1,0.05105988
/home/tianlong/Downloads/celebdf/Celeb-synthesis/id50_id56_0005.mp4,1,0.34771502
/home/tianlong/Downloads/celebdf/Celeb-synthesis/id4_id21_0009.mp4,1,0.5902549
/home/tianlong/Downloads/celebdf/Celeb-synthesis/id23_id3_0004.mp4,1,0.1333025
/home/tianlong/Downloads/celebdf/Celeb-synthesis/id56_id51_0000.mp4,1,0.06680035
/home/tianlong/Downloads/celebdf/Celeb-synthesis/id30_id3_0006.mp4,1,0.56489235
/home/tianlong/Downloads/celebdf/Celeb-synthesis/id28_id20_0006.mp4,1,0.056003336
/home/tianlong/Downloads/celebdf/Celeb-synthesis/id4_id20_0008.mp4,1,0.048317432
/home/tianlong/Downloads/celebdf/Celeb-synthesis/id54_id58_0006.mp4,1,0.1613758
/home/tianlong/Downloads/celebdf/Celeb-synthesis/id53_id57_0005.mp4,1,0.06550512
/home/tianlong/Downloads/celebdf/Celeb-synthesis/id31_id33_0009.mp4,1,0.071174
/home/tianlong/Downloads/celebdf/Celeb-synthesis/id0_id21_0000.mp4,1,0.43766865
/home/tianlong/Downloads/celebdf/Celeb-synthesis/id6_id23_0006.mp4,1,0.07183848
/home/tianlong/Downloads/celebdf/Celeb-synthesis/id48_id45_0002.mp4,1,0.054935385
/home/tianlong/Downloads/celebdf/Celeb-synthesis/id46_id45_0001.mp4,1,0.055225078
/home/tianlong/Downloads/celebdf/Celeb-synthesis/id28_id21_0006.mp4,1,0.059130255
/home/tianlong/Downloads/celebdf/Celeb-synthesis/id12_id10_0005.mp4,1,0.05728697
/home/tianlong/Downloads/celebdf/Celeb-synthesis/id54_id56_0000.mp4,1,0.06601552
/home/tianlong/Downloads/celebdf/Celeb-synthesis/id39_id47_0004.mp4,1,0.15202805
/home/tianlong/Downloads/celebdf/Celeb-synthesis/id9_id3_0009.mp4,1,0.058367506
/home/tianlong/Downloads/celebdf/Celeb-synthesis/id35_id16_0007.mp4,1,0.16080117
/home/tianlong/Downloads/celebdf/Celeb-synthesis/id21_id2_0002.mp4,1,0.62758446
/home/tianlong/Downloads/celebdf/Celeb-synthesis/id12_id10_0002.mp4,1,0.060741153
/home/tianlong/Downloads/celebdf/Celeb-synthesis/id10_id13_0007.mp4,1,0.050479442
/home/tianlong/Downloads/celebdf/Celeb-synthesis/id20_id31_0008.mp4,1,0.2933948
/home/tianlong/Downloads/celebdf/Celeb-synthesis/id0_id16_0003.mp4,1,0.05474064
/home/tianlong/Downloads/celebdf/Celeb-synthesis/id0_id16_0007.mp4,1,0.05510358
/home/tianlong/Downloads/celebdf/Celeb-synthesis/id2_id16_0004.mp4,1,0.74647766
/home/tianlong/Downloads/celebdf/Celeb-synthesis/id13_id7_0012.mp4,1,0.055419806
/home/tianlong/Downloads/celebdf/Celeb-synthesis/id37_id1_0002.mp4,1,0.05506126
/home/tianlong/Downloads/celebdf/Celeb-synthesis/id30_id28_0004.mp4,1,0.15382546
/home/tianlong/Downloads/celebdf/Celeb-synthesis/id53_id52_0003.mp4,1,0.05153624
/home/tianlong/Downloads/celebdf/Celeb-synthesis/id54_id56_0006.mp4,1,0.05633827
/home/tianlong/Downloads/celebdf/Celeb-synthesis/id3_id28_0002.mp4,1,0.047588628
/home/tianlong/Downloads/celebdf/Celeb-synthesis/id37_id4_0000.mp4,1,0.059007287
/home/tianlong/Downloads/celebdf/Celeb-synthesis/id28_id9_0000.mp4,1,0.0532208
/home/tianlong/Downloads/celebdf/Celeb-synthesis/id4_id2_0003.mp4,1,0.08466354
/home/tianlong/Downloads/celebdf/Celeb-synthesis/id25_id21_0005.mp4,1,0.17512302
/home/tianlong/Downloads/celebdf/Celeb-synthesis/id17_id3_0007.mp4,1,0.051086713
/home/tianlong/Downloads/celebdf/Celeb-synthesis/id2_id1_0004.mp4,1,0.8293985
/home/tianlong/Downloads/celebdf/Celeb-synthesis/id3_id9_0003.mp4,1,0.048959743
/home/tianlong/Downloads/celebdf/Celeb-synthesis/id16_id6_0001.mp4,1,0.05217511
/home/tianlong/Downloads/celebdf/Celeb-synthesis/id8_id6_0002.mp4,1,0.04943897
/home/tianlong/Downloads/celebdf/Celeb-synthesis/id17_id16_0007.mp4,1,0.053089995
/home/tianlong/Downloads/celebdf/Celeb-synthesis/id4_id26_0007.mp4,1,0.1041108
/home/tianlong/Downloads/celebdf/Celeb-synthesis/id44_id45_0000.mp4,1,0.08281802
/home/tianlong/Downloads/celebdf/Celeb-synthesis/id0_id1_0005.mp4,1,0.049571294
/home/tianlong/Downloads/celebdf/Celeb-synthesis/id57_id51_0000.mp4,1,0.068189174
/home/tianlong/Downloads/celebdf/Celeb-synthesis/id34_id32_0007.mp4,1,0.05859817
/home/tianlong/Downloads/celebdf/Celeb-synthesis/id32_id31_0006.mp4,1,0.93560666
/home/tianlong/Downloads/celebdf/Celeb-synthesis/id48_id41_0001.mp4,1,0.050306775
/home/tianlong/Downloads/celebdf/Celeb-synthesis/id4_id0_0004.mp4,1,0.047808737
/home/tianlong/Downloads/celebdf/Celeb-synthesis/id21_id19_0009.mp4,1,0.21849532
/home/tianlong/Downloads/celebdf/Celeb-synthesis/id45_id39_0008.mp4,1,0.06244701
/home/tianlong/Downloads/celebdf/Celeb-synthesis/id31_id30_0009.mp4,1,0.049991846
/home/tianlong/Downloads/celebdf/Celeb-synthesis/id27_id19_0001.mp4,1,0.08602079
/home/tianlong/Downloads/celebdf/Celeb-synthesis/id23_id16_0003.mp4,1,0.056986086
/home/tianlong/Downloads/celebdf/Celeb-synthesis/id58_id57_0008.mp4,1,0.09522783
/home/tianlong/Downloads/celebdf/Celeb-synthesis/id17_id2_0007.mp4,1,0.057821326
/home/tianlong/Downloads/celebdf/Celeb-synthesis/id28_id3_0001.mp4,1,0.0596352
/home/tianlong/Downloads/celebdf/Celeb-synthesis/id23_id35_0009.mp4,1,0.06379067
/home/tianlong/Downloads/celebdf/Celeb-synthesis/id4_id0_0001.mp4,1,0.061377794
/home/tianlong/Downloads/celebdf/Celeb-synthesis/id17_id31_0009.mp4,1,0.12494945
/home/tianlong/Downloads/celebdf/Celeb-synthesis/id48_id47_0008.mp4,1,0.062450226
/home/tianlong/Downloads/celebdf/Celeb-synthesis/id50_id49_0001.mp4,1,0.051881764
/home/tianlong/Downloads/celebdf/Celeb-synthesis/id20_id1_0003.mp4,1,0.05315892
/home/tianlong/Downloads/celebdf/Celeb-synthesis/id16_id3_0010.mp4,1,0.054579098
/home/tianlong/Downloads/celebdf/Celeb-synthesis/id23_id19_0000.mp4,1,0.4889073
/home/tianlong/Downloads/celebdf/Celeb-synthesis/id1_id3_0009.mp4,1,0.058701362
/home/tianlong/Downloads/celebdf/Celeb-synthesis/id43_id40_0005.mp4,1,0.11748153
/home/tianlong/Downloads/celebdf/Celeb-synthesis/id4_id6_0002.mp4,1,0.05056158
/home/tianlong/Downloads/celebdf/Celeb-synthesis/id10_id7_0008.mp4,1,0.07556712
/home/tianlong/Downloads/celebdf/Celeb-synthesis/id13_id10_0008.mp4,1,0.064068764
/home/tianlong/Downloads/celebdf/Celeb-synthesis/id12_id7_0006.mp4,1,0.11755666
/home/tianlong/Downloads/celebdf/Celeb-synthesis/id6_id2_0008.mp4,1,0.24595267
/home/tianlong/Downloads/celebdf/Celeb-synthesis/id2_id0_0002.mp4,1,0.049275655
/home/tianlong/Downloads/celebdf/Celeb-synthesis/id2_id6_0002.mp4,1,0.04916495
/home/tianlong/Downloads/celebdf/Celeb-synthesis/id30_id28_0006.mp4,1,0.29095146
/home/tianlong/Downloads/celebdf/Celeb-synthesis/id52_id50_0007.mp4,1,0.092802934
/home/tianlong/Downloads/celebdf/Celeb-synthesis/id49_id52_0007.mp4,1,0.047685046
/home/tianlong/Downloads/celebdf/Celeb-synthesis/id51_id50_0008.mp4,1,0.050948244
/home/tianlong/Downloads/celebdf/Celeb-synthesis/id21_id3_0009.mp4,1,0.2746686
/home/tianlong/Downloads/celebdf/Celeb-synthesis/id31_id16_0002.mp4,1,0.08559168
/home/tianlong/Downloads/celebdf/Celeb-synthesis/id25_id28_0003.mp4,1,0.06945873
/home/tianlong/Downloads/celebdf/Celeb-synthesis/id21_id20_0006.mp4,1,0.046699453
/home/tianlong/Downloads/celebdf/Celeb-synthesis/id10_id7_0005.mp4,1,0.070770435
/home/tianlong/Downloads/celebdf/Celeb-synthesis/id38_id30_0006.mp4,1,0.6281962
/home/tianlong/Downloads/celebdf/Celeb-synthesis/id35_id30_0006.mp4,1,0.047866963
/home/tianlong/Downloads/celebdf/Celeb-synthesis/id20_id9_0008.mp4,1,0.048674606
/home/tianlong/Downloads/celebdf/Celeb-synthesis/id25_id23_0010.mp4,1,0.83280605
/home/tianlong/Downloads/celebdf/Celeb-synthesis/id17_id21_0000.mp4,1,0.05972254
/home/tianlong/Downloads/celebdf/Celeb-synthesis/id45_id47_0002.mp4,1,0.05174513
/home/tianlong/Downloads/celebdf/Celeb-synthesis/id1_id3_0003.mp4,1,0.0489217
/home/tianlong/Downloads/celebdf/Celeb-synthesis/id27_id26_0006.mp4,1,0.06987261
/home/tianlong/Downloads/celebdf/Celeb-synthesis/id44_id42_0001.mp4,1,0.06423416
/home/tianlong/Downloads/celebdf/Celeb-synthesis/id57_id53_0006.mp4,1,0.15658352
/home/tianlong/Downloads/celebdf/Celeb-synthesis/id43_id39_0000.mp4,1,0.08055523
/home/tianlong/Downloads/celebdf/Celeb-synthesis/id35_id16_0004.mp4,1,0.6295847
/home/tianlong/Downloads/celebdf/Celeb-synthesis/id42_id40_0001.mp4,1,0.0631807
/home/tianlong/Downloads/celebdf/Celeb-synthesis/id21_id2_0000.mp4,1,0.056116838
/home/tianlong/Downloads/celebdf/Celeb-synthesis/id37_id21_0000.mp4,1,0.050025508
/home/tianlong/Downloads/celebdf/Celeb-synthesis/id29_id38_0008.mp4,1,0.067332625
/home/tianlong/Downloads/celebdf/Celeb-synthesis/id39_id44_0000.mp4,1,0.40450966
/home/tianlong/Downloads/celebdf/Celeb-synthesis/id9_id6_0005.mp4,1,0.053866897
/home/tianlong/Downloads/celebdf/Celeb-synthesis/id0_id1_0001.mp4,1,0.06411319
/home/tianlong/Downloads/celebdf/Celeb-synthesis/id31_id2_0004.mp4,1,0.06615677
/home/tianlong/Downloads/celebdf/Celeb-synthesis/id38_id34_0003.mp4,1,0.7120887
/home/tianlong/Downloads/celebdf/Celeb-synthesis/id56_id57_0007.mp4,1,0.04993488
/home/tianlong/Downloads/celebdf/Celeb-synthesis/id52_id58_0005.mp4,1,0.7150003
/home/tianlong/Downloads/celebdf/Celeb-synthesis/id28_id4_0000.mp4,1,0.78092974
/home/tianlong/Downloads/celebdf/Celeb-synthesis/id22_id26_0005.mp4,1,0.049267042
/home/tianlong/Downloads/celebdf/Celeb-synthesis/id4_id30_0000.mp4,1,0.05830224
/home/tianlong/Downloads/celebdf/Celeb-synthesis/id29_id32_0003.mp4,1,0.05275006
/home/tianlong/Downloads/celebdf/Celeb-synthesis/id35_id20_0007.mp4,1,0.08512147
/home/tianlong/Downloads/celebdf/Celeb-synthesis/id1_id2_0007.mp4,1,0.17038693
/home/tianlong/Downloads/celebdf/Celeb-synthesis/id30_id3_0002.mp4,1,0.048077926
/home/tianlong/Downloads/celebdf/Celeb-synthesis/id22_id25_0001.mp4,1,0.05146464
/home/tianlong/Downloads/celebdf/Celeb-synthesis/id39_id44_0008.mp4,1,0.33660406
/home/tianlong/Downloads/celebdf/Celeb-synthesis/id34_id29_0008.mp4,1,0.22527222
/home/tianlong/Downloads/celebdf/Celeb-synthesis/id21_id28_0009.mp4,1,0.2524616
/home/tianlong/Downloads/celebdf/Celeb-synthesis/id30_id4_0001.mp4,1,0.47920543
/home/tianlong/Downloads/celebdf/Celeb-synthesis/id25_id19_0008.mp4,1,0.43261907
/home/tianlong/Downloads/celebdf/Celeb-synthesis/id21_id4_0002.mp4,1,0.89789873
/home/tianlong/Downloads/celebdf/Celeb-synthesis/id17_id28_0001.mp4,1,0.1997576
/home/tianlong/Downloads/celebdf/Celeb-synthesis/id6_id1_0007.mp4,1,0.048849158
/home/tianlong/Downloads/celebdf/Celeb-synthesis/id9_id2_0008.mp4,1,0.050219394
/home/tianlong/Downloads/celebdf/Celeb-synthesis/id8_id5_0008.mp4,1,0.054890078
/home/tianlong/Downloads/celebdf/Celeb-synthesis/id37_id3_0004.mp4,1,0.05607805
/home/tianlong/Downloads/celebdf/Celeb-synthesis/id17_id2_0003.mp4,1,0.5919837
