Video,Label,Prediction
/home/tianlong/Downloads/celebdf/YouTube-real/00170.mp4,0,0.00014192976
/home/tianlong/Downloads/celebdf/YouTube-real/00208.mp4,0,0.00010026495
/home/tianlong/Downloads/celebdf/YouTube-real/00063.mp4,0,0.03880026
/home/tianlong/Downloads/celebdf/YouTube-real/00024.mp4,0,0.00023878223
/home/tianlong/Downloads/celebdf/YouTube-real/00021.mp4,0,0.0017256318
/home/tianlong/Downloads/celebdf/YouTube-real/00036.mp4,0,0.00061939564
/home/tianlong/Downloads/celebdf/YouTube-real/00202.mp4,0,0.0005215308
/home/tianlong/Downloads/celebdf/YouTube-real/00236.mp4,0,0.00022291322
/home/tianlong/Downloads/celebdf/YouTube-real/00197.mp4,0,0.00045883376
/home/tianlong/Downloads/celebdf/YouTube-real/00133.mp4,0,3.847245e-05
/home/tianlong/Downloads/celebdf/YouTube-real/00213.mp4,0,0.0003324176
/home/tianlong/Downloads/celebdf/YouTube-real/00011.mp4,0,0.00097052194
/home/tianlong/Downloads/celebdf/YouTube-real/00095.mp4,0,0.015341299
/home/tianlong/Downloads/celebdf/YouTube-real/00138.mp4,0,0.00013200923
/home/tianlong/Downloads/celebdf/YouTube-real/00106.mp4,0,0.16579476
/home/tianlong/Downloads/celebdf/YouTube-real/00194.mp4,0,0.0009649663
/home/tianlong/Downloads/celebdf/YouTube-real/00092.mp4,0,0.0001016629
/home/tianlong/Downloads/celebdf/YouTube-real/00227.mp4,0,0.00012696188
/home/tianlong/Downloads/celebdf/YouTube-real/00244.mp4,0,0.0039571836
/home/tianlong/Downloads/celebdf/YouTube-real/00119.mp4,0,0.00011637238
/home/tianlong/Downloads/celebdf/YouTube-real/00082.mp4,0,0.0010280678
/home/tianlong/Downloads/celebdf/YouTube-real/00188.mp4,0,0.06264113
/home/tianlong/Downloads/celebdf/YouTube-real/00076.mp4,0,0.00026422192
/home/tianlong/Downloads/celebdf/YouTube-real/00047.mp4,0,0.002524722
/home/tianlong/Downloads/celebdf/YouTube-real/00168.mp4,0,0.00010684474
/home/tianlong/Downloads/celebdf/YouTube-real/00207.mp4,0,0.020767365
/home/tianlong/Downloads/celebdf/YouTube-real/00193.mp4,0,0.0014038252
/home/tianlong/Downloads/celebdf/YouTube-real/00061.mp4,0,0.00013140711
/home/tianlong/Downloads/celebdf/YouTube-real/00023.mp4,0,0.18891315
/home/tianlong/Downloads/celebdf/YouTube-real/00048.mp4,0,0.001702936
/home/tianlong/Downloads/celebdf/YouTube-real/00250.mp4,0,0.0010559493
/home/tianlong/Downloads/celebdf/YouTube-real/00251.mp4,0,0.0013964975
/home/tianlong/Downloads/celebdf/YouTube-real/00252.mp4,0,0.00078915746
/home/tianlong/Downloads/celebdf/YouTube-real/00253.mp4,0,0.035213184
/home/tianlong/Downloads/celebdf/YouTube-real/00254.mp4,0,5.525478e-05
/home/tianlong/Downloads/celebdf/YouTube-real/00255.mp4,0,0.001135586
/home/tianlong/Downloads/celebdf/YouTube-real/00256.mp4,0,0.0006896257
/home/tianlong/Downloads/celebdf/YouTube-real/00257.mp4,0,3.7711503e-05
/home/tianlong/Downloads/celebdf/YouTube-real/00258.mp4,0,7.311406e-05
/home/tianlong/Downloads/celebdf/YouTube-real/00259.mp4,0,0.00013560377
/home/tianlong/Downloads/celebdf/YouTube-real/00260.mp4,0,0.14892796
/home/tianlong/Downloads/celebdf/YouTube-real/00261.mp4,0,0.00019904175
/home/tianlong/Downloads/celebdf/YouTube-real/00262.mp4,0,0.00053202885
/home/tianlong/Downloads/celebdf/YouTube-real/00263.mp4,0,0.0254937
/home/tianlong/Downloads/celebdf/YouTube-real/00264.mp4,0,0.07448679
/home/tianlong/Downloads/celebdf/YouTube-real/00265.mp4,0,6.609365e-05
/home/tianlong/Downloads/celebdf/YouTube-real/00266.mp4,0,0.0013903657
/home/tianlong/Downloads/celebdf/YouTube-real/00267.mp4,0,0.0011562651
/home/tianlong/Downloads/celebdf/YouTube-real/00268.mp4,0,0.00038780805
/home/tianlong/Downloads/celebdf/YouTube-real/00269.mp4,0,0.0002685928
/home/tianlong/Downloads/celebdf/YouTube-real/00270.mp4,0,0.00019633758
/home/tianlong/Downloads/celebdf/YouTube-real/00271.mp4,0,0.0004421628
/home/tianlong/Downloads/celebdf/YouTube-real/00272.mp4,0,0.00012526907
/home/tianlong/Downloads/celebdf/YouTube-real/00273.mp4,0,9.8606826e-05
/home/tianlong/Downloads/celebdf/YouTube-real/00274.mp4,0,6.734436e-05
/home/tianlong/Downloads/celebdf/YouTube-real/00275.mp4,0,0.005198145
/home/tianlong/Downloads/celebdf/YouTube-real/00276.mp4,0,0.0008189099
/home/tianlong/Downloads/celebdf/YouTube-real/00277.mp4,0,0.0001318508
/home/tianlong/Downloads/celebdf/YouTube-real/00278.mp4,0,0.000865125
/home/tianlong/Downloads/celebdf/YouTube-real/00279.mp4,0,1.838637e-05
/home/tianlong/Downloads/celebdf/YouTube-real/00280.mp4,0,0.008154431
/home/tianlong/Downloads/celebdf/YouTube-real/00281.mp4,0,0.012551335
/home/tianlong/Downloads/celebdf/YouTube-real/00282.mp4,0,0.00022261112
/home/tianlong/Downloads/celebdf/YouTube-real/00283.mp4,0,0.00438477
/home/tianlong/Downloads/celebdf/YouTube-real/00284.mp4,0,0.00019347915
/home/tianlong/Downloads/celebdf/YouTube-real/00285.mp4,0,0.0011321215
/home/tianlong/Downloads/celebdf/YouTube-real/00286.mp4,0,0.00014953731
/home/tianlong/Downloads/celebdf/YouTube-real/00287.mp4,0,0.0003202642
/home/tianlong/Downloads/celebdf/YouTube-real/00288.mp4,0,0.0070382855
/home/tianlong/Downloads/celebdf/YouTube-real/00289.mp4,0,9.325816e-05
/home/tianlong/Downloads/celebdf/Celeb-real/id1_0007.mp4,0,0.028539974
/home/tianlong/Downloads/celebdf/Celeb-real/id2_0008.mp4,0,0.01106678
/home/tianlong/Downloads/celebdf/Celeb-real/id3_0001.mp4,0,0.001149465
/home/tianlong/Downloads/celebdf/Celeb-real/id6_0005.mp4,0,0.0015679213
/home/tianlong/Downloads/celebdf/Celeb-real/id9_0000.mp4,0,0.019068578
/home/tianlong/Downloads/celebdf/Celeb-real/id11_0008.mp4,0,8.491297e-05
/home/tianlong/Downloads/celebdf/Celeb-real/id16_0011.mp4,0,0.001872227
/home/tianlong/Downloads/celebdf/Celeb-real/id17_0000.mp4,0,0.00050028187
/home/tianlong/Downloads/celebdf/Celeb-real/id35_0008.mp4,0,3.5869594e-05
/home/tianlong/Downloads/celebdf/Celeb-real/id39_0005.mp4,0,0.0023156644
/home/tianlong/Downloads/celebdf/Celeb-real/id48_0000.mp4,0,0.00011837925
/home/tianlong/Downloads/celebdf/Celeb-real/id32_0008.mp4,0,8.4865846e-05
/home/tianlong/Downloads/celebdf/Celeb-real/id56_0009.mp4,0,0.004445545
/home/tianlong/Downloads/celebdf/Celeb-real/id54_0007.mp4,0,0.04596517
/home/tianlong/Downloads/celebdf/Celeb-real/id37_0005.mp4,0,0.00059662166
/home/tianlong/Downloads/celebdf/Celeb-real/id29_0008.mp4,0,4.245964e-05
/home/tianlong/Downloads/celebdf/Celeb-real/id43_0006.mp4,0,0.008192799
/home/tianlong/Downloads/celebdf/Celeb-real/id1_0006.mp4,0,7.1800125e-05
/home/tianlong/Downloads/celebdf/Celeb-real/id51_0001.mp4,0,0.002254041
/home/tianlong/Downloads/celebdf/Celeb-real/id31_0007.mp4,0,0.00713483
/home/tianlong/Downloads/celebdf/Celeb-real/id2_0003.mp4,0,0.0002957139
/home/tianlong/Downloads/celebdf/Celeb-real/id21_0009.mp4,0,0.000532376
/home/tianlong/Downloads/celebdf/Celeb-real/id50_0003.mp4,0,0.012200499
/home/tianlong/Downloads/celebdf/Celeb-real/id21_0006.mp4,0,0.00019527969
/home/tianlong/Downloads/celebdf/Celeb-real/id44_0003.mp4,0,0.012143263
/home/tianlong/Downloads/celebdf/Celeb-real/id36_0006.mp4,0,0.0006056943
/home/tianlong/Downloads/celebdf/Celeb-real/id36_0008.mp4,0,0.0012498628
/home/tianlong/Downloads/celebdf/Celeb-real/id1_0008.mp4,0,0.00048557593
/home/tianlong/Downloads/celebdf/Celeb-real/id45_0003.mp4,0,1.487369e-05
/home/tianlong/Downloads/celebdf/Celeb-real/id48_0003.mp4,0,0.00068273913
/home/tianlong/Downloads/celebdf/Celeb-real/id23_0001.mp4,0,0.0004912486
/home/tianlong/Downloads/celebdf/Celeb-real/id16_0010.mp4,0,0.0006230004
/home/tianlong/Downloads/celebdf/Celeb-real/id31_0004.mp4,0,0.0011080337
/home/tianlong/Downloads/celebdf/Celeb-real/id35_0000.mp4,0,0.00010565317
/home/tianlong/Downloads/celebdf/Celeb-real/id58_0002.mp4,0,0.0013577163
/home/tianlong/Downloads/celebdf/Celeb-real/id30_0007.mp4,0,0.0047061173
/home/tianlong/Downloads/celebdf/Celeb-real/id12_0005.mp4,0,0.43009263
/home/tianlong/Downloads/celebdf/Celeb-real/id56_0002.mp4,0,0.00029031467
/home/tianlong/Downloads/celebdf/Celeb-real/id33_0005.mp4,0,0.00016607103
/home/tianlong/Downloads/celebdf/Celeb-real/id29_0009.mp4,0,0.00021635855
/home/tianlong/Downloads/celebdf/Celeb-real/id13_0013.mp4,0,5.178207e-05
/home/tianlong/Downloads/celebdf/Celeb-real/id28_0009.mp4,0,0.00026495208
/home/tianlong/Downloads/celebdf/Celeb-real/id36_0000.mp4,0,0.005521982
/home/tianlong/Downloads/celebdf/Celeb-real/id24_0009.mp4,0,6.535978e-05
/home/tianlong/Downloads/celebdf/Celeb-real/id39_0004.mp4,0,0.0005474639
/home/tianlong/Downloads/celebdf/Celeb-real/id27_0008.mp4,0,0.0001800229
/home/tianlong/Downloads/celebdf/Celeb-real/id11_0006.mp4,0,0.00052138616
/home/tianlong/Downloads/celebdf/Celeb-real/id19_0007.mp4,0,0.00048425497
/home/tianlong/Downloads/celebdf/Celeb-real/id37_0009.mp4,0,0.0005296527
/home/tianlong/Downloads/celebdf/Celeb-real/id3_0008.mp4,0,0.0002957727
/home/tianlong/Downloads/celebdf/Celeb-real/id46_0000.mp4,0,0.00071824377
/home/tianlong/Downloads/celebdf/Celeb-real/id33_0008.mp4,0,0.00029873865
/home/tianlong/Downloads/celebdf/Celeb-real/id8_0000.mp4,0,0.00023519623
/home/tianlong/Downloads/celebdf/Celeb-real/id16_0007.mp4,0,0.0032668118
/home/tianlong/Downloads/celebdf/Celeb-real/id1_0001.mp4,0,0.00050793483
/home/tianlong/Downloads/celebdf/Celeb-real/id32_0002.mp4,0,0.00017023901
/home/tianlong/Downloads/celebdf/Celeb-real/id19_0005.mp4,0,0.008750038
/home/tianlong/Downloads/celebdf/Celeb-real/id27_0009.mp4,0,0.00013522817
/home/tianlong/Downloads/celebdf/Celeb-real/id2_0001.mp4,0,0.00294013
/home/tianlong/Downloads/celebdf/Celeb-real/id13_0011.mp4,0,0.001692693
/home/tianlong/Downloads/celebdf/Celeb-real/id49_0004.mp4,0,0.005771682
/home/tianlong/Downloads/celebdf/Celeb-real/id57_0007.mp4,0,0.0014007466
/home/tianlong/Downloads/celebdf/Celeb-real/id26_0008.mp4,0,4.2936445e-05
/home/tianlong/Downloads/celebdf/Celeb-real/id2_0004.mp4,0,0.0001288889
/home/tianlong/Downloads/celebdf/Celeb-real/id36_0001.mp4,0,0.009808958
/home/tianlong/Downloads/celebdf/Celeb-real/id0_0001.mp4,0,0.0003956606
/home/tianlong/Downloads/celebdf/Celeb-real/id10_0007.mp4,0,0.1283186
/home/tianlong/Downloads/celebdf/Celeb-real/id17_0002.mp4,0,0.0002853666
/home/tianlong/Downloads/celebdf/Celeb-real/id4_0004.mp4,0,0.0043639224
/home/tianlong/Downloads/celebdf/Celeb-real/id36_0002.mp4,0,0.0036202744
/home/tianlong/Downloads/celebdf/Celeb-real/id53_0003.mp4,0,0.0010561333
/home/tianlong/Downloads/celebdf/Celeb-real/id25_0010.mp4,0,0.00015778243
/home/tianlong/Downloads/celebdf/Celeb-real/id51_0006.mp4,0,0.0010776571
/home/tianlong/Downloads/celebdf/Celeb-real/id22_0000.mp4,0,0.0027140253
/home/tianlong/Downloads/celebdf/Celeb-real/id10_0001.mp4,0,0.009235141
/home/tianlong/Downloads/celebdf/Celeb-real/id6_0002.mp4,0,0.0007552949
/home/tianlong/Downloads/celebdf/Celeb-real/id12_0000.mp4,0,0.0009364728
/home/tianlong/Downloads/celebdf/Celeb-real/id35_0003.mp4,0,0.0064511006
/home/tianlong/Downloads/celebdf/Celeb-real/id3_0002.mp4,0,0.00151508
/home/tianlong/Downloads/celebdf/Celeb-real/id31_0003.mp4,0,0.0020733946
/home/tianlong/Downloads/celebdf/Celeb-real/id52_0002.mp4,0,0.0025094282
/home/tianlong/Downloads/celebdf/Celeb-real/id2_0002.mp4,0,0.002556588
/home/tianlong/Downloads/celebdf/Celeb-real/id44_0001.mp4,0,0.0003201699
/home/tianlong/Downloads/celebdf/Celeb-real/id8_0009.mp4,0,0.08179897
/home/tianlong/Downloads/celebdf/Celeb-real/id33_0002.mp4,0,0.0024396905
/home/tianlong/Downloads/celebdf/Celeb-real/id50_0000.mp4,0,0.0006349759
/home/tianlong/Downloads/celebdf/Celeb-real/id40_0003.mp4,0,0.0012461533
/home/tianlong/Downloads/celebdf/Celeb-real/id7_0006.mp4,0,0.00050646864
/home/tianlong/Downloads/celebdf/Celeb-real/id53_0007.mp4,0,0.00013649525
/home/tianlong/Downloads/celebdf/Celeb-real/id43_0002.mp4,0,8.260029e-05
/home/tianlong/Downloads/celebdf/Celeb-real/id56_0000.mp4,0,3.6800287e-05
/home/tianlong/Downloads/celebdf/Celeb-real/id13_0004.mp4,0,0.046064816
/home/tianlong/Downloads/celebdf/Celeb-real/id43_0001.mp4,0,0.0019289989
/home/tianlong/Downloads/celebdf/Celeb-real/id20_0008.mp4,0,0.0002504035
/home/tianlong/Downloads/celebdf/Celeb-real/id28_0004.mp4,0,0.00013807695
/home/tianlong/Downloads/celebdf/Celeb-real/id22_0009.mp4,0,0.004734481
/home/tianlong/Downloads/celebdf/Celeb-real/id53_0000.mp4,0,0.005615868
/home/tianlong/Downloads/celebdf/Celeb-real/id50_0006.mp4,0,0.00052188936
/home/tianlong/Downloads/celebdf/Celeb-real/id32_0003.mp4,0,0.0005979751
/home/tianlong/Downloads/celebdf/Celeb-real/id32_0006.mp4,0,0.0009189141
/home/tianlong/Downloads/celebdf/Celeb-real/id57_0003.mp4,0,0.064635225
/home/tianlong/Downloads/celebdf/Celeb-real/id37_0004.mp4,0,0.00027153158
/home/tianlong/Downloads/celebdf/Celeb-real/id28_0007.mp4,0,0.11742201
/home/tianlong/Downloads/celebdf/Celeb-real/id52_0001.mp4,0,0.0023401275
/home/tianlong/Downloads/celebdf/Celeb-real/id40_0009.mp4,0,0.0025299839
/home/tianlong/Downloads/celebdf/Celeb-real/id51_0005.mp4,0,0.0021348693
/home/tianlong/Downloads/celebdf/Celeb-real/id34_0006.mp4,0,0.00021929196
/home/tianlong/Downloads/celebdf/Celeb-real/id42_0002.mp4,0,0.0010264703
/home/tianlong/Downloads/celebdf/Celeb-synthesis/id1_id0_0007.mp4,1,0.014711
/home/tianlong/Downloads/celebdf/Celeb-synthesis/id1_id3_0007.mp4,1,0.37815756
/home/tianlong/Downloads/celebdf/Celeb-synthesis/id1_id4_0007.mp4,1,0.0627239
/home/tianlong/Downloads/celebdf/Celeb-synthesis/id1_id9_0007.mp4,1,0.89194316
/home/tianlong/Downloads/celebdf/Celeb-synthesis/id1_id16_0007.mp4,1,0.12513135
/home/tianlong/Downloads/celebdf/Celeb-synthesis/id1_id17_0007.mp4,1,0.15117674
/home/tianlong/Downloads/celebdf/Celeb-synthesis/id2_id0_0008.mp4,1,0.6050482
/home/tianlong/Downloads/celebdf/Celeb-synthesis/id2_id3_0008.mp4,1,0.7478216
/home/tianlong/Downloads/celebdf/Celeb-synthesis/id2_id9_0008.mp4,1,0.8946911
/home/tianlong/Downloads/celebdf/Celeb-synthesis/id3_id1_0001.mp4,1,0.009893912
/home/tianlong/Downloads/celebdf/Celeb-synthesis/id3_id2_0001.mp4,1,0.0040026596
/home/tianlong/Downloads/celebdf/Celeb-synthesis/id3_id4_0001.mp4,1,0.0018837737
/home/tianlong/Downloads/celebdf/Celeb-synthesis/id3_id6_0001.mp4,1,0.0455998
/home/tianlong/Downloads/celebdf/Celeb-synthesis/id3_id9_0001.mp4,1,0.051312514
/home/tianlong/Downloads/celebdf/Celeb-synthesis/id3_id16_0001.mp4,1,0.006936078
/home/tianlong/Downloads/celebdf/Celeb-synthesis/id4_id1_0003.mp4,1,0.0015025835
/home/tianlong/Downloads/celebdf/Celeb-synthesis/id6_id0_0005.mp4,1,0.013937903
/home/tianlong/Downloads/celebdf/Celeb-synthesis/id6_id1_0005.mp4,1,0.017626064
/home/tianlong/Downloads/celebdf/Celeb-synthesis/id6_id2_0005.mp4,1,0.011272504
/home/tianlong/Downloads/celebdf/Celeb-synthesis/id6_id3_0005.mp4,1,0.015506715
/home/tianlong/Downloads/celebdf/Celeb-synthesis/id6_id16_0005.mp4,1,0.00824227
/home/tianlong/Downloads/celebdf/Celeb-synthesis/id7_id10_0009.mp4,1,0.0042252596
/home/tianlong/Downloads/celebdf/Celeb-synthesis/id7_id11_0009.mp4,1,0.05414384
/home/tianlong/Downloads/celebdf/Celeb-synthesis/id7_id13_0009.mp4,1,0.052525956
/home/tianlong/Downloads/celebdf/Celeb-synthesis/id9_id0_0000.mp4,1,0.21683018
/home/tianlong/Downloads/celebdf/Celeb-synthesis/id9_id1_0000.mp4,1,0.13256006
/home/tianlong/Downloads/celebdf/Celeb-synthesis/id9_id2_0000.mp4,1,0.14953302
/home/tianlong/Downloads/celebdf/Celeb-synthesis/id9_id3_0000.mp4,1,0.10583892
/home/tianlong/Downloads/celebdf/Celeb-synthesis/id9_id6_0000.mp4,1,0.14721726
/home/tianlong/Downloads/celebdf/Celeb-synthesis/id9_id16_0000.mp4,1,0.14260833
/home/tianlong/Downloads/celebdf/Celeb-synthesis/id10_id7_0004.mp4,1,0.004129188
/home/tianlong/Downloads/celebdf/Celeb-synthesis/id10_id11_0004.mp4,1,0.0017186593
/home/tianlong/Downloads/celebdf/Celeb-synthesis/id10_id12_0004.mp4,1,0.0011892478
/home/tianlong/Downloads/celebdf/Celeb-synthesis/id10_id13_0004.mp4,1,0.00037886266
/home/tianlong/Downloads/celebdf/Celeb-synthesis/id10_id7_0001.mp4,1,0.0396908
/home/tianlong/Downloads/celebdf/Celeb-synthesis/id10_id11_0001.mp4,1,0.045555968
/home/tianlong/Downloads/celebdf/Celeb-synthesis/id10_id12_0001.mp4,1,0.015916867
/home/tianlong/Downloads/celebdf/Celeb-synthesis/id10_id13_0001.mp4,1,0.034282908
/home/tianlong/Downloads/celebdf/Celeb-synthesis/id11_id7_0008.mp4,1,0.00014452671
/home/tianlong/Downloads/celebdf/Celeb-synthesis/id16_id0_0011.mp4,1,0.003251202
/home/tianlong/Downloads/celebdf/Celeb-synthesis/id16_id1_0011.mp4,1,0.028208723
/home/tianlong/Downloads/celebdf/Celeb-synthesis/id16_id2_0011.mp4,1,0.0007524686
/home/tianlong/Downloads/celebdf/Celeb-synthesis/id16_id3_0011.mp4,1,0.009979437
/home/tianlong/Downloads/celebdf/Celeb-synthesis/id16_id6_0011.mp4,1,0.0018035792
/home/tianlong/Downloads/celebdf/Celeb-synthesis/id17_id0_0000.mp4,1,0.00013869998
/home/tianlong/Downloads/celebdf/Celeb-synthesis/id17_id1_0000.mp4,1,0.00012701013
/home/tianlong/Downloads/celebdf/Celeb-synthesis/id17_id2_0000.mp4,1,0.0003257748
/home/tianlong/Downloads/celebdf/Celeb-synthesis/id17_id3_0000.mp4,1,0.00014231447
/home/tianlong/Downloads/celebdf/Celeb-synthesis/id17_id6_0000.mp4,1,7.643028e-05
/home/tianlong/Downloads/celebdf/Celeb-synthesis/id17_id9_0000.mp4,1,0.0012290813
/home/tianlong/Downloads/celebdf/Celeb-synthesis/id17_id16_0000.mp4,1,0.000137063
/home/tianlong/Downloads/celebdf/Celeb-synthesis/id16_id20_0000.mp4,1,0.09357943
/home/tianlong/Downloads/celebdf/Celeb-synthesis/id17_id23_0000.mp4,1,0.00015325494
/home/tianlong/Downloads/celebdf/Celeb-synthesis/id3_id28_0001.mp4,1,0.018634778
/home/tianlong/Downloads/celebdf/Celeb-synthesis/id35_id32_0007.mp4,1,0.00011181012
/home/tianlong/Downloads/celebdf/Celeb-synthesis/id30_id26_0004.mp4,1,0.003543334
/home/tianlong/Downloads/celebdf/Celeb-synthesis/id16_id20_0006.mp4,1,0.00024386996
/home/tianlong/Downloads/celebdf/Celeb-synthesis/id4_id20_0001.mp4,1,0.00130346
/home/tianlong/Downloads/celebdf/Celeb-synthesis/id26_id3_0002.mp4,1,0.033388626
/home/tianlong/Downloads/celebdf/Celeb-synthesis/id20_id31_0006.mp4,1,0.000108862914
/home/tianlong/Downloads/celebdf/Celeb-synthesis/id6_id23_0001.mp4,1,0.025911462
/home/tianlong/Downloads/celebdf/Celeb-synthesis/id9_id23_0009.mp4,1,0.00051127106
/home/tianlong/Downloads/celebdf/Celeb-synthesis/id32_id33_0002.mp4,1,0.00047182385
/home/tianlong/Downloads/celebdf/Celeb-synthesis/id16_id20_0012.mp4,1,0.0062598763
/home/tianlong/Downloads/celebdf/Celeb-synthesis/id29_id30_0000.mp4,1,0.0015128661
/home/tianlong/Downloads/celebdf/Celeb-synthesis/id3_id20_0008.mp4,1,0.00022944114
/home/tianlong/Downloads/celebdf/Celeb-synthesis/id22_id27_0001.mp4,1,0.16089086
/home/tianlong/Downloads/celebdf/Celeb-synthesis/id27_id21_0002.mp4,1,0.00047234856
/home/tianlong/Downloads/celebdf/Celeb-synthesis/id29_id35_0000.mp4,1,0.0011333338
/home/tianlong/Downloads/celebdf/Celeb-synthesis/id21_id19_0005.mp4,1,0.0016302379
/home/tianlong/Downloads/celebdf/Celeb-synthesis/id23_id26_0003.mp4,1,0.089472786
/home/tianlong/Downloads/celebdf/Celeb-synthesis/id30_id35_0009.mp4,1,0.0009810557
/home/tianlong/Downloads/celebdf/Celeb-synthesis/id9_id26_0000.mp4,1,0.21514814
/home/tianlong/Downloads/celebdf/Celeb-synthesis/id33_id32_0006.mp4,1,0.0012276865
/home/tianlong/Downloads/celebdf/Celeb-synthesis/id30_id34_0003.mp4,1,0.0030672443
/home/tianlong/Downloads/celebdf/Celeb-synthesis/id29_id37_0008.mp4,1,0.0004679913
/home/tianlong/Downloads/celebdf/Celeb-synthesis/id35_id31_0006.mp4,1,0.010502541
/home/tianlong/Downloads/celebdf/Celeb-synthesis/id37_id34_0008.mp4,1,0.00045700473
/home/tianlong/Downloads/celebdf/Celeb-synthesis/id26_id16_0001.mp4,1,0.00014752772
/home/tianlong/Downloads/celebdf/Celeb-synthesis/id17_id23_0009.mp4,1,7.151379e-05
/home/tianlong/Downloads/celebdf/Celeb-synthesis/id6_id20_0007.mp4,1,0.0007367237
/home/tianlong/Downloads/celebdf/Celeb-synthesis/id1_id20_0001.mp4,1,0.0034129303
/home/tianlong/Downloads/celebdf/Celeb-synthesis/id1_id23_0006.mp4,1,0.028915625
/home/tianlong/Downloads/celebdf/Celeb-synthesis/id37_id35_0001.mp4,1,0.00040440104
/home/tianlong/Downloads/celebdf/Celeb-synthesis/id4_id23_0006.mp4,1,0.008667861
/home/tianlong/Downloads/celebdf/Celeb-synthesis/id17_id26_0006.mp4,1,0.112165764
/home/tianlong/Downloads/celebdf/Celeb-synthesis/id20_id1_0007.mp4,1,0.058985874
/home/tianlong/Downloads/celebdf/Celeb-synthesis/id0_id26_0009.mp4,1,0.00026814215
/home/tianlong/Downloads/celebdf/Celeb-synthesis/id38_id33_0005.mp4,1,0.00015502778
/home/tianlong/Downloads/celebdf/Celeb-synthesis/id28_id35_0008.mp4,1,0.00052128494
/home/tianlong/Downloads/celebdf/Celeb-synthesis/id23_id35_0006.mp4,1,8.265662e-05
/home/tianlong/Downloads/celebdf/Celeb-synthesis/id6_id28_0002.mp4,1,0.0017241465
/home/tianlong/Downloads/celebdf/Celeb-synthesis/id35_id28_0006.mp4,1,0.0096066585
/home/tianlong/Downloads/celebdf/Celeb-synthesis/id32_id31_0008.mp4,1,0.00033313548
/home/tianlong/Downloads/celebdf/Celeb-synthesis/id38_id34_0004.mp4,1,0.0041553336
/home/tianlong/Downloads/celebdf/Celeb-synthesis/id3_id28_0009.mp4,1,0.006231186
/home/tianlong/Downloads/celebdf/Celeb-synthesis/id37_id28_0007.mp4,1,0.00056977454
/home/tianlong/Downloads/celebdf/Celeb-synthesis/id1_id20_0002.mp4,1,0.044862747
/home/tianlong/Downloads/celebdf/Celeb-synthesis/id37_id31_0008.mp4,1,0.00038926347
/home/tianlong/Downloads/celebdf/Celeb-synthesis/id30_id23_0007.mp4,1,0.0013141861
/home/tianlong/Downloads/celebdf/Celeb-synthesis/id28_id26_0000.mp4,1,0.0032339233
/home/tianlong/Downloads/celebdf/Celeb-synthesis/id2_id28_0003.mp4,1,0.0008156295
/home/tianlong/Downloads/celebdf/Celeb-synthesis/id27_id24_0007.mp4,1,0.00022468437
/home/tianlong/Downloads/celebdf/Celeb-synthesis/id30_id32_0006.mp4,1,0.00018232786
/home/tianlong/Downloads/celebdf/Celeb-synthesis/id35_id31_0009.mp4,1,0.00014500733
/home/tianlong/Downloads/celebdf/Celeb-synthesis/id4_id21_0004.mp4,1,0.026453137
/home/tianlong/Downloads/celebdf/Celeb-synthesis/id37_id21_0005.mp4,1,0.0008445728
/home/tianlong/Downloads/celebdf/Celeb-synthesis/id30_id21_0002.mp4,1,0.00032920504
/home/tianlong/Downloads/celebdf/Celeb-synthesis/id16_id23_0011.mp4,1,0.0018499095
/home/tianlong/Downloads/celebdf/Celeb-synthesis/id9_id20_0002.mp4,1,0.108058
/home/tianlong/Downloads/celebdf/Celeb-synthesis/id6_id21_0006.mp4,1,0.001537711
/home/tianlong/Downloads/celebdf/Celeb-synthesis/id20_id19_0002.mp4,1,0.00029474142
/home/tianlong/Downloads/celebdf/Celeb-synthesis/id28_id4_0006.mp4,1,0.0009044433
/home/tianlong/Downloads/celebdf/Celeb-synthesis/id35_id34_0002.mp4,1,0.002432228
/home/tianlong/Downloads/celebdf/Celeb-synthesis/id35_id26_0003.mp4,1,0.0052441964
/home/tianlong/Downloads/celebdf/Celeb-synthesis/id22_id28_0006.mp4,1,0.0038109333
/home/tianlong/Downloads/celebdf/Celeb-synthesis/id30_id21_0005.mp4,1,0.0009630596
/home/tianlong/Downloads/celebdf/Celeb-synthesis/id24_id20_0009.mp4,1,4.215048e-05
/home/tianlong/Downloads/celebdf/Celeb-synthesis/id4_id20_0000.mp4,1,0.004689034
/home/tianlong/Downloads/celebdf/Celeb-synthesis/id2_id26_0001.mp4,1,0.1631176
/home/tianlong/Downloads/celebdf/Celeb-synthesis/id21_id6_0005.mp4,1,0.0010112961
/home/tianlong/Downloads/celebdf/Celeb-synthesis/id21_id9_0008.mp4,1,0.00017303877
/home/tianlong/Downloads/celebdf/Celeb-synthesis/id22_id21_0005.mp4,1,0.0007456074
/home/tianlong/Downloads/celebdf/Celeb-synthesis/id22_id27_0005.mp4,1,0.0007191306
/home/tianlong/Downloads/celebdf/Celeb-synthesis/id23_id2_0007.mp4,1,0.0018507292
/home/tianlong/Downloads/celebdf/Celeb-synthesis/id23_id3_0009.mp4,1,0.037385978
/home/tianlong/Downloads/celebdf/Celeb-synthesis/id24_id19_0000.mp4,1,0.00078340527
/home/tianlong/Downloads/celebdf/Celeb-synthesis/id24_id21_0006.mp4,1,0.0002502578
/home/tianlong/Downloads/celebdf/Celeb-synthesis/id24_id26_0009.mp4,1,8.417225e-05
/home/tianlong/Downloads/celebdf/Celeb-synthesis/id25_id19_0002.mp4,1,5.1484978e-05
/home/tianlong/Downloads/celebdf/Celeb-synthesis/id25_id24_0003.mp4,1,0.00084999827
/home/tianlong/Downloads/celebdf/Celeb-synthesis/id27_id21_0008.mp4,1,0.0003906033
/home/tianlong/Downloads/celebdf/Celeb-synthesis/id27_id22_0007.mp4,1,0.00023584758
/home/tianlong/Downloads/celebdf/Celeb-synthesis/id27_id25_0008.mp4,1,0.00039656152
/home/tianlong/Downloads/celebdf/Celeb-synthesis/id28_id3_0004.mp4,1,0.00016617801
/home/tianlong/Downloads/celebdf/Celeb-synthesis/id28_id6_0006.mp4,1,0.00035287836
/home/tianlong/Downloads/celebdf/Celeb-synthesis/id29_id32_0000.mp4,1,0.0017073139
/home/tianlong/Downloads/celebdf/Celeb-synthesis/id29_id37_0009.mp4,1,0.00021459293
/home/tianlong/Downloads/celebdf/Celeb-synthesis/id30_id20_0004.mp4,1,0.010200122
/home/tianlong/Downloads/celebdf/Celeb-synthesis/id30_id23_0002.mp4,1,0.00040966197
/home/tianlong/Downloads/celebdf/Celeb-synthesis/id32_id33_0004.mp4,1,0.016165804
/home/tianlong/Downloads/celebdf/Celeb-synthesis/id33_id38_0001.mp4,1,0.0005724346
/home/tianlong/Downloads/celebdf/Celeb-synthesis/id34_id33_0005.mp4,1,0.094055995
/home/tianlong/Downloads/celebdf/Celeb-synthesis/id35_id31_0007.mp4,1,9.3421164e-05
/home/tianlong/Downloads/celebdf/Celeb-synthesis/id49_id52_0005.mp4,1,0.06970018
/home/tianlong/Downloads/celebdf/Celeb-synthesis/id9_id2_0006.mp4,1,0.013203926
/home/tianlong/Downloads/celebdf/Celeb-synthesis/id7_id11_0007.mp4,1,0.00038666662
/home/tianlong/Downloads/celebdf/Celeb-synthesis/id4_id37_0006.mp4,1,0.040300507
/home/tianlong/Downloads/celebdf/Celeb-synthesis/id37_id38_0009.mp4,1,0.0011955778
/home/tianlong/Downloads/celebdf/Celeb-synthesis/id29_id30_0009.mp4,1,0.0014807669
/home/tianlong/Downloads/celebdf/Celeb-synthesis/id0_id6_0007.mp4,1,0.03635064
/home/tianlong/Downloads/celebdf/Celeb-synthesis/id0_id16_0004.mp4,1,0.05964461
/home/tianlong/Downloads/celebdf/Celeb-synthesis/id31_id33_0008.mp4,1,0.0036674633
/home/tianlong/Downloads/celebdf/Celeb-synthesis/id54_id49_0003.mp4,1,0.0011419759
/home/tianlong/Downloads/celebdf/Celeb-synthesis/id0_id1_0000.mp4,1,8.871583e-05
/home/tianlong/Downloads/celebdf/Celeb-synthesis/id21_id28_0001.mp4,1,0.0004968376
/home/tianlong/Downloads/celebdf/Celeb-synthesis/id33_id29_0004.mp4,1,0.001023024
/home/tianlong/Downloads/celebdf/Celeb-synthesis/id28_id0_0009.mp4,1,0.0039356546
/home/tianlong/Downloads/celebdf/Celeb-synthesis/id6_id9_0006.mp4,1,0.20439434
/home/tianlong/Downloads/celebdf/Celeb-synthesis/id9_id0_0006.mp4,1,0.020870615
/home/tianlong/Downloads/celebdf/Celeb-synthesis/id26_id2_0005.mp4,1,0.00048619337
/home/tianlong/Downloads/celebdf/Celeb-synthesis/id1_id3_0002.mp4,1,0.0062960065
/home/tianlong/Downloads/celebdf/Celeb-synthesis/id4_id6_0008.mp4,1,0.0009228812
/home/tianlong/Downloads/celebdf/Celeb-synthesis/id16_id28_0005.mp4,1,0.019342477
/home/tianlong/Downloads/celebdf/Celeb-synthesis/id37_id35_0005.mp4,1,0.001611538
/home/tianlong/Downloads/celebdf/Celeb-synthesis/id19_id20_0004.mp4,1,0.0029222178
/home/tianlong/Downloads/celebdf/Celeb-synthesis/id46_id41_0000.mp4,1,0.0009884685
/home/tianlong/Downloads/celebdf/Celeb-synthesis/id51_id57_0004.mp4,1,0.07324839
/home/tianlong/Downloads/celebdf/Celeb-synthesis/id29_id37_0005.mp4,1,6.3846106e-05
/home/tianlong/Downloads/celebdf/Celeb-synthesis/id35_id23_0007.mp4,1,0.00017230038
/home/tianlong/Downloads/celebdf/Celeb-synthesis/id34_id33_0002.mp4,1,0.013274893
/home/tianlong/Downloads/celebdf/Celeb-synthesis/id1_id3_0006.mp4,1,0.06672527
/home/tianlong/Downloads/celebdf/Celeb-synthesis/id13_id10_0005.mp4,1,0.2565513
/home/tianlong/Downloads/celebdf/Celeb-synthesis/id56_id55_0009.mp4,1,0.022953436
/home/tianlong/Downloads/celebdf/Celeb-synthesis/id25_id28_0010.mp4,1,0.00048696846
/home/tianlong/Downloads/celebdf/Celeb-synthesis/id20_id37_0004.mp4,1,0.31564733
/home/tianlong/Downloads/celebdf/Celeb-synthesis/id37_id29_0002.mp4,1,0.05554848
/home/tianlong/Downloads/celebdf/Celeb-synthesis/id56_id54_0007.mp4,1,0.084208965
/home/tianlong/Downloads/celebdf/Celeb-synthesis/id19_id20_0000.mp4,1,0.01086661
/home/tianlong/Downloads/celebdf/Celeb-synthesis/id4_id28_0006.mp4,1,0.16646272
/home/tianlong/Downloads/celebdf/Celeb-synthesis/id53_id58_0005.mp4,1,0.00040653342
/home/tianlong/Downloads/celebdf/Celeb-synthesis/id55_id57_0002.mp4,1,0.007096152
/home/tianlong/Downloads/celebdf/Celeb-synthesis/id24_id26_0004.mp4,1,0.00015987887
/home/tianlong/Downloads/celebdf/Celeb-synthesis/id20_id0_0006.mp4,1,0.000104687
/home/tianlong/Downloads/celebdf/Celeb-synthesis/id37_id2_0009.mp4,1,0.0006334983
/home/tianlong/Downloads/celebdf/Celeb-synthesis/id30_id26_0006.mp4,1,0.00033761532
/home/tianlong/Downloads/celebdf/Celeb-synthesis/id16_id2_0001.mp4,1,7.7650926e-05
/home/tianlong/Downloads/celebdf/Celeb-synthesis/id26_id1_0002.mp4,1,0.20204337
/home/tianlong/Downloads/celebdf/Celeb-synthesis/id30_id6_0007.mp4,1,0.0077387453
/home/tianlong/Downloads/celebdf/Celeb-synthesis/id44_id41_0005.mp4,1,0.20945883
/home/tianlong/Downloads/celebdf/Celeb-synthesis/id16_id2_0006.mp4,1,0.00018942183
/home/tianlong/Downloads/celebdf/Celeb-synthesis/id1_id16_0004.mp4,1,6.745294e-05
/home/tianlong/Downloads/celebdf/Celeb-synthesis/id16_id21_0002.mp4,1,0.00027103984
/home/tianlong/Downloads/celebdf/Celeb-synthesis/id4_id0_0000.mp4,1,0.001991976
/home/tianlong/Downloads/celebdf/Celeb-synthesis/id8_id0_0002.mp4,1,0.0435785
/home/tianlong/Downloads/celebdf/Celeb-synthesis/id19_id23_0001.mp4,1,6.2472805e-05
/home/tianlong/Downloads/celebdf/Celeb-synthesis/id37_id3_0006.mp4,1,0.09489403
/home/tianlong/Downloads/celebdf/Celeb-synthesis/id9_id16_0007.mp4,1,0.09345505
/home/tianlong/Downloads/celebdf/Celeb-synthesis/id47_id43_0007.mp4,1,0.33167917
/home/tianlong/Downloads/celebdf/Celeb-synthesis/id16_id3_0009.mp4,1,0.22876167
/home/tianlong/Downloads/celebdf/Celeb-synthesis/id26_id28_0002.mp4,1,0.12722197
/home/tianlong/Downloads/celebdf/Celeb-synthesis/id8_id3_0003.mp4,1,9.921787e-05
/home/tianlong/Downloads/celebdf/Celeb-synthesis/id30_id28_0000.mp4,1,0.00032979605
/home/tianlong/Downloads/celebdf/Celeb-synthesis/id27_id23_0008.mp4,1,0.00022281773
/home/tianlong/Downloads/celebdf/Celeb-synthesis/id28_id20_0008.mp4,1,0.0037301325
/home/tianlong/Downloads/celebdf/Celeb-synthesis/id1_id2_0002.mp4,1,0.0025671576
/home/tianlong/Downloads/celebdf/Celeb-synthesis/id46_id39_0000.mp4,1,0.0006343333
/home/tianlong/Downloads/celebdf/Celeb-synthesis/id37_id28_0008.mp4,1,0.0019259397
/home/tianlong/Downloads/celebdf/Celeb-synthesis/id0_id3_0007.mp4,1,0.028867323
/home/tianlong/Downloads/celebdf/Celeb-synthesis/id4_id1_0002.mp4,1,0.0036124066
/home/tianlong/Downloads/celebdf/Celeb-synthesis/id13_id7_0000.mp4,1,0.004249858
/home/tianlong/Downloads/celebdf/Celeb-synthesis/id50_id53_0000.mp4,1,0.0029518628
/home/tianlong/Downloads/celebdf/Celeb-synthesis/id50_id56_0005.mp4,1,0.0010780117
/home/tianlong/Downloads/celebdf/Celeb-synthesis/id4_id21_0009.mp4,1,8.732066e-05
/home/tianlong/Downloads/celebdf/Celeb-synthesis/id23_id3_0004.mp4,1,0.15924571
/home/tianlong/Downloads/celebdf/Celeb-synthesis/id56_id51_0000.mp4,1,7.41013e-05
/home/tianlong/Downloads/celebdf/Celeb-synthesis/id30_id3_0006.mp4,1,0.0002075242
/home/tianlong/Downloads/celebdf/Celeb-synthesis/id28_id20_0006.mp4,1,0.0026309222
/home/tianlong/Downloads/celebdf/Celeb-synthesis/id4_id20_0008.mp4,1,0.0023262238
/home/tianlong/Downloads/celebdf/Celeb-synthesis/id54_id58_0006.mp4,1,0.010558173
/home/tianlong/Downloads/celebdf/Celeb-synthesis/id53_id57_0005.mp4,1,0.0025883182
/home/tianlong/Downloads/celebdf/Celeb-synthesis/id31_id33_0009.mp4,1,0.00054712425
/home/tianlong/Downloads/celebdf/Celeb-synthesis/id0_id21_0000.mp4,1,0.00015702457
/home/tianlong/Downloads/celebdf/Celeb-synthesis/id6_id23_0006.mp4,1,0.0073809074
/home/tianlong/Downloads/celebdf/Celeb-synthesis/id48_id45_0002.mp4,1,0.00047275255
/home/tianlong/Downloads/celebdf/Celeb-synthesis/id46_id45_0001.mp4,1,0.008183124
/home/tianlong/Downloads/celebdf/Celeb-synthesis/id28_id21_0006.mp4,1,0.001960092
/home/tianlong/Downloads/celebdf/Celeb-synthesis/id12_id10_0005.mp4,1,0.2157968
/home/tianlong/Downloads/celebdf/Celeb-synthesis/id54_id56_0000.mp4,1,0.019522548
/home/tianlong/Downloads/celebdf/Celeb-synthesis/id39_id47_0004.mp4,1,0.012027357
/home/tianlong/Downloads/celebdf/Celeb-synthesis/id9_id3_0009.mp4,1,0.000750885
/home/tianlong/Downloads/celebdf/Celeb-synthesis/id35_id16_0007.mp4,1,0.00025764474
/home/tianlong/Downloads/celebdf/Celeb-synthesis/id21_id2_0002.mp4,1,5.191621e-05
/home/tianlong/Downloads/celebdf/Celeb-synthesis/id12_id10_0002.mp4,1,0.106189564
/home/tianlong/Downloads/celebdf/Celeb-synthesis/id10_id13_0007.mp4,1,0.04591932
/home/tianlong/Downloads/celebdf/Celeb-synthesis/id20_id31_0008.mp4,1,0.0013394143
/home/tianlong/Downloads/celebdf/Celeb-synthesis/id0_id16_0003.mp4,1,0.095996566
/home/tianlong/Downloads/celebdf/Celeb-synthesis/id0_id16_0007.mp4,1,0.08117428
/home/tianlong/Downloads/celebdf/Celeb-synthesis/id2_id16_0004.mp4,1,0.00020587782
/home/tianlong/Downloads/celebdf/Celeb-synthesis/id13_id7_0012.mp4,1,0.0053733457
/home/tianlong/Downloads/celebdf/Celeb-synthesis/id37_id1_0002.mp4,1,0.007183613
/home/tianlong/Downloads/celebdf/Celeb-synthesis/id30_id28_0004.mp4,1,0.0068965093
/home/tianlong/Downloads/celebdf/Celeb-synthesis/id53_id52_0003.mp4,1,0.025438836
/home/tianlong/Downloads/celebdf/Celeb-synthesis/id54_id56_0006.mp4,1,0.010105686
/home/tianlong/Downloads/celebdf/Celeb-synthesis/id3_id28_0002.mp4,1,0.028080393
/home/tianlong/Downloads/celebdf/Celeb-synthesis/id37_id4_0000.mp4,1,0.0014056412
/home/tianlong/Downloads/celebdf/Celeb-synthesis/id28_id9_0000.mp4,1,0.0040737907
/home/tianlong/Downloads/celebdf/Celeb-synthesis/id4_id2_0003.mp4,1,0.038412284
/home/tianlong/Downloads/celebdf/Celeb-synthesis/id25_id21_0005.mp4,1,5.093018e-05
/home/tianlong/Downloads/celebdf/Celeb-synthesis/id17_id3_0007.mp4,1,0.0030775494
/home/tianlong/Downloads/celebdf/Celeb-synthesis/id2_id1_0004.mp4,1,0.0006103923
/home/tianlong/Downloads/celebdf/Celeb-synthesis/id3_id9_0003.mp4,1,0.004751728
/home/tianlong/Downloads/celebdf/Celeb-synthesis/id16_id6_0001.mp4,1,0.00013786396
/home/tianlong/Downloads/celebdf/Celeb-synthesis/id8_id6_0002.mp4,1,0.021864654
/home/tianlong/Downloads/celebdf/Celeb-synthesis/id17_id16_0007.mp4,1,0.003898054
/home/tianlong/Downloads/celebdf/Celeb-synthesis/id4_id26_0007.mp4,1,0.13582218
/home/tianlong/Downloads/celebdf/Celeb-synthesis/id44_id45_0000.mp4,1,0.0005424433
/home/tianlong/Downloads/celebdf/Celeb-synthesis/id0_id1_0005.mp4,1,0.015737591
/home/tianlong/Downloads/celebdf/Celeb-synthesis/id57_id51_0000.mp4,1,0.001082222
/home/tianlong/Downloads/celebdf/Celeb-synthesis/id34_id32_0007.mp4,1,0.023550827
/home/tianlong/Downloads/celebdf/Celeb-synthesis/id32_id31_0006.mp4,1,0.0008565866
/home/tianlong/Downloads/celebdf/Celeb-synthesis/id48_id41_0001.mp4,1,0.0014396447
/home/tianlong/Downloads/celebdf/Celeb-synthesis/id4_id0_0004.mp4,1,0.008134709
/home/tianlong/Downloads/celebdf/Celeb-synthesis/id21_id19_0009.mp4,1,0.0010739551
/home/tianlong/Downloads/celebdf/Celeb-synthesis/id45_id39_0008.mp4,1,2.7720977e-05
/home/tianlong/Downloads/celebdf/Celeb-synthesis/id31_id30_0009.mp4,1,0.0060969433
/home/tianlong/Downloads/celebdf/Celeb-synthesis/id27_id19_0001.mp4,1,5.078958e-05
/home/tianlong/Downloads/celebdf/Celeb-synthesis/id23_id16_0003.mp4,1,0.00048120093
/home/tianlong/Downloads/celebdf/Celeb-synthesis/id58_id57_0008.mp4,1,7.380026e-05
/home/tianlong/Downloads/celebdf/Celeb-synthesis/id17_id2_0007.mp4,1,0.0015682757
/home/tianlong/Downloads/celebdf/Celeb-synthesis/id28_id3_0001.mp4,1,0.0014246792
/home/tianlong/Downloads/celebdf/Celeb-synthesis/id23_id35_0009.mp4,1,0.033705693
/home/tianlong/Downloads/celebdf/Celeb-synthesis/id4_id0_0001.mp4,1,0.0003522987
/home/tianlong/Downloads/celebdf/Celeb-synthesis/id17_id31_0009.mp4,1,9.451754e-05
/home/tianlong/Downloads/celebdf/Celeb-synthesis/id48_id47_0008.mp4,1,0.0008015965
/home/tianlong/Downloads/celebdf/Celeb-synthesis/id50_id49_0001.mp4,1,0.00031008478
/home/tianlong/Downloads/celebdf/Celeb-synthesis/id20_id1_0003.mp4,1,0.37451094
/home/tianlong/Downloads/celebdf/Celeb-synthesis/id16_id3_0010.mp4,1,0.0021868995
/home/tianlong/Downloads/celebdf/Celeb-synthesis/id23_id19_0000.mp4,1,5.420998e-05
/home/tianlong/Downloads/celebdf/Celeb-synthesis/id1_id3_0009.mp4,1,0.093613185
/home/tianlong/Downloads/celebdf/Celeb-synthesis/id43_id40_0005.mp4,1,0.009978844
/home/tianlong/Downloads/celebdf/Celeb-synthesis/id4_id6_0002.mp4,1,0.0005911292
/home/tianlong/Downloads/celebdf/Celeb-synthesis/id10_id7_0008.mp4,1,0.00013172816
/home/tianlong/Downloads/celebdf/Celeb-synthesis/id13_id10_0008.mp4,1,0.0008104979
/home/tianlong/Downloads/celebdf/Celeb-synthesis/id12_id7_0006.mp4,1,7.115435e-05
/home/tianlong/Downloads/celebdf/Celeb-synthesis/id6_id2_0008.mp4,1,0.0023664874
/home/tianlong/Downloads/celebdf/Celeb-synthesis/id2_id0_0002.mp4,1,0.33662444
/home/tianlong/Downloads/celebdf/Celeb-synthesis/id2_id6_0002.mp4,1,0.15363452
/home/tianlong/Downloads/celebdf/Celeb-synthesis/id30_id28_0006.mp4,1,0.00073225546
/home/tianlong/Downloads/celebdf/Celeb-synthesis/id52_id50_0007.mp4,1,0.00023676455
/home/tianlong/Downloads/celebdf/Celeb-synthesis/id49_id52_0007.mp4,1,0.05373656
/home/tianlong/Downloads/celebdf/Celeb-synthesis/id51_id50_0008.mp4,1,0.00038483462
/home/tianlong/Downloads/celebdf/Celeb-synthesis/id21_id3_0009.mp4,1,0.0016322763
/home/tianlong/Downloads/celebdf/Celeb-synthesis/id31_id16_0002.mp4,1,0.0003455269
/home/tianlong/Downloads/celebdf/Celeb-synthesis/id25_id28_0003.mp4,1,0.0045950813
/home/tianlong/Downloads/celebdf/Celeb-synthesis/id21_id20_0006.mp4,1,0.007851463
/home/tianlong/Downloads/celebdf/Celeb-synthesis/id10_id7_0005.mp4,1,0.06284641
/home/tianlong/Downloads/celebdf/Celeb-synthesis/id38_id30_0006.mp4,1,0.000350019
/home/tianlong/Downloads/celebdf/Celeb-synthesis/id35_id30_0006.mp4,1,0.07797567
/home/tianlong/Downloads/celebdf/Celeb-synthesis/id20_id9_0008.mp4,1,0.0008528124
/home/tianlong/Downloads/celebdf/Celeb-synthesis/id25_id23_0010.mp4,1,0.0003498884
/home/tianlong/Downloads/celebdf/Celeb-synthesis/id17_id21_0000.mp4,1,0.0006629746
/home/tianlong/Downloads/celebdf/Celeb-synthesis/id45_id47_0002.mp4,1,0.026436508
/home/tianlong/Downloads/celebdf/Celeb-synthesis/id1_id3_0003.mp4,1,0.00016771171
/home/tianlong/Downloads/celebdf/Celeb-synthesis/id27_id26_0006.mp4,1,0.04507262
/home/tianlong/Downloads/celebdf/Celeb-synthesis/id44_id42_0001.mp4,1,0.00071973266
/home/tianlong/Downloads/celebdf/Celeb-synthesis/id57_id53_0006.mp4,1,0.0020150528
/home/tianlong/Downloads/celebdf/Celeb-synthesis/id43_id39_0000.mp4,1,0.0049274797
/home/tianlong/Downloads/celebdf/Celeb-synthesis/id35_id16_0004.mp4,1,0.00017277928
/home/tianlong/Downloads/celebdf/Celeb-synthesis/id42_id40_0001.mp4,1,2.6731137e-05
/home/tianlong/Downloads/celebdf/Celeb-synthesis/id21_id2_0000.mp4,1,0.022905864
/home/tianlong/Downloads/celebdf/Celeb-synthesis/id37_id21_0000.mp4,1,0.002114981
/home/tianlong/Downloads/celebdf/Celeb-synthesis/id29_id38_0008.mp4,1,7.300469e-05
/home/tianlong/Downloads/celebdf/Celeb-synthesis/id39_id44_0000.mp4,1,0.0007448621
/home/tianlong/Downloads/celebdf/Celeb-synthesis/id9_id6_0005.mp4,1,0.40668926
/home/tianlong/Downloads/celebdf/Celeb-synthesis/id0_id1_0001.mp4,1,0.006244461
/home/tianlong/Downloads/celebdf/Celeb-synthesis/id31_id2_0004.mp4,1,0.0052682697
/home/tianlong/Downloads/celebdf/Celeb-synthesis/id38_id34_0003.mp4,1,0.0001883734
/home/tianlong/Downloads/celebdf/Celeb-synthesis/id56_id57_0007.mp4,1,0.006471881
/home/tianlong/Downloads/celebdf/Celeb-synthesis/id52_id58_0005.mp4,1,0.0017005432
/home/tianlong/Downloads/celebdf/Celeb-synthesis/id28_id4_0000.mp4,1,0.0026390462
/home/tianlong/Downloads/celebdf/Celeb-synthesis/id22_id26_0005.mp4,1,0.003117867
/home/tianlong/Downloads/celebdf/Celeb-synthesis/id4_id30_0000.mp4,1,0.0097041745
/home/tianlong/Downloads/celebdf/Celeb-synthesis/id29_id32_0003.mp4,1,0.0016221857
/home/tianlong/Downloads/celebdf/Celeb-synthesis/id35_id20_0007.mp4,1,0.00028769684
/home/tianlong/Downloads/celebdf/Celeb-synthesis/id1_id2_0007.mp4,1,0.0025947667
/home/tianlong/Downloads/celebdf/Celeb-synthesis/id30_id3_0002.mp4,1,0.00034063266
/home/tianlong/Downloads/celebdf/Celeb-synthesis/id22_id25_0001.mp4,1,0.0782852
/home/tianlong/Downloads/celebdf/Celeb-synthesis/id39_id44_0008.mp4,1,0.0030219364
/home/tianlong/Downloads/celebdf/Celeb-synthesis/id34_id29_0008.mp4,1,0.0009338626
/home/tianlong/Downloads/celebdf/Celeb-synthesis/id21_id28_0009.mp4,1,0.0011689998
/home/tianlong/Downloads/celebdf/Celeb-synthesis/id30_id4_0001.mp4,1,0.0006686163
/home/tianlong/Downloads/celebdf/Celeb-synthesis/id25_id19_0008.mp4,1,0.00013503962
/home/tianlong/Downloads/celebdf/Celeb-synthesis/id21_id4_0002.mp4,1,3.9002312e-05
/home/tianlong/Downloads/celebdf/Celeb-synthesis/id17_id28_0001.mp4,1,9.402093e-05
/home/tianlong/Downloads/celebdf/Celeb-synthesis/id6_id1_0007.mp4,1,0.011161828
/home/tianlong/Downloads/celebdf/Celeb-synthesis/id9_id2_0008.mp4,1,0.12308973
/home/tianlong/Downloads/celebdf/Celeb-synthesis/id8_id5_0008.mp4,1,0.00032474616
/home/tianlong/Downloads/celebdf/Celeb-synthesis/id37_id3_0004.mp4,1,0.12460283
/home/tianlong/Downloads/celebdf/Celeb-synthesis/id17_id2_0003.mp4,1,0.00046800362
