Video,Label,Prediction
/home/tianlong/Downloads/celebdf/YouTube-real/00170.mp4,0,0.47373408
/home/tianlong/Downloads/celebdf/YouTube-real/00208.mp4,0,0.3185894
/home/tianlong/Downloads/celebdf/YouTube-real/00063.mp4,0,0.22814326
/home/tianlong/Downloads/celebdf/YouTube-real/00024.mp4,0,0.082957916
/home/tianlong/Downloads/celebdf/YouTube-real/00021.mp4,0,0.08336045
/home/tianlong/Downloads/celebdf/YouTube-real/00036.mp4,0,0.002336839
/home/tianlong/Downloads/celebdf/YouTube-real/00202.mp4,0,0.11488707
/home/tianlong/Downloads/celebdf/YouTube-real/00236.mp4,0,0.21381512
/home/tianlong/Downloads/celebdf/YouTube-real/00197.mp4,0,0.010491835
/home/tianlong/Downloads/celebdf/YouTube-real/00133.mp4,0,0.31621963
/home/tianlong/Downloads/celebdf/YouTube-real/00213.mp4,0,0.09205861
/home/tianlong/Downloads/celebdf/YouTube-real/00011.mp4,0,0.21434109
/home/tianlong/Downloads/celebdf/YouTube-real/00095.mp4,0,0.32684642
/home/tianlong/Downloads/celebdf/YouTube-real/00138.mp4,0,0.3104761
/home/tianlong/Downloads/celebdf/YouTube-real/00106.mp4,0,0.04937697
/home/tianlong/Downloads/celebdf/YouTube-real/00194.mp4,0,0.05704952
/home/tianlong/Downloads/celebdf/YouTube-real/00092.mp4,0,0.19201069
/home/tianlong/Downloads/celebdf/YouTube-real/00227.mp4,0,0.36944848
/home/tianlong/Downloads/celebdf/YouTube-real/00244.mp4,0,0.09079269
/home/tianlong/Downloads/celebdf/YouTube-real/00119.mp4,0,0.15741375
/home/tianlong/Downloads/celebdf/YouTube-real/00082.mp4,0,0.33996832
/home/tianlong/Downloads/celebdf/YouTube-real/00188.mp4,0,0.20785525
/home/tianlong/Downloads/celebdf/YouTube-real/00076.mp4,0,0.35289043
/home/tianlong/Downloads/celebdf/YouTube-real/00047.mp4,0,0.37134847
/home/tianlong/Downloads/celebdf/YouTube-real/00168.mp4,0,0.37616894
/home/tianlong/Downloads/celebdf/YouTube-real/00207.mp4,0,0.30533025
/home/tianlong/Downloads/celebdf/YouTube-real/00193.mp4,0,0.2673448
/home/tianlong/Downloads/celebdf/YouTube-real/00061.mp4,0,0.33504087
/home/tianlong/Downloads/celebdf/YouTube-real/00023.mp4,0,0.1451768
/home/tianlong/Downloads/celebdf/YouTube-real/00048.mp4,0,0.07560064
/home/tianlong/Downloads/celebdf/YouTube-real/00250.mp4,0,0.024087714
/home/tianlong/Downloads/celebdf/YouTube-real/00251.mp4,0,0.25851157
/home/tianlong/Downloads/celebdf/YouTube-real/00252.mp4,0,0.027345944
/home/tianlong/Downloads/celebdf/YouTube-real/00253.mp4,0,0.02543145
/home/tianlong/Downloads/celebdf/YouTube-real/00254.mp4,0,0.22594604
/home/tianlong/Downloads/celebdf/YouTube-real/00255.mp4,0,0.102972485
/home/tianlong/Downloads/celebdf/YouTube-real/00256.mp4,0,0.25263846
/home/tianlong/Downloads/celebdf/YouTube-real/00257.mp4,0,0.074876465
/home/tianlong/Downloads/celebdf/YouTube-real/00258.mp4,0,0.18993007
/home/tianlong/Downloads/celebdf/YouTube-real/00259.mp4,0,0.087303236
/home/tianlong/Downloads/celebdf/YouTube-real/00260.mp4,0,0.017215315
/home/tianlong/Downloads/celebdf/YouTube-real/00261.mp4,0,0.28266138
/home/tianlong/Downloads/celebdf/YouTube-real/00262.mp4,0,0.25507656
/home/tianlong/Downloads/celebdf/YouTube-real/00263.mp4,0,0.27523383
/home/tianlong/Downloads/celebdf/YouTube-real/00264.mp4,0,0.20350806
/home/tianlong/Downloads/celebdf/YouTube-real/00265.mp4,0,0.32902694
/home/tianlong/Downloads/celebdf/YouTube-real/00266.mp4,0,0.30146858
/home/tianlong/Downloads/celebdf/YouTube-real/00267.mp4,0,0.29742354
/home/tianlong/Downloads/celebdf/YouTube-real/00268.mp4,0,0.2633484
/home/tianlong/Downloads/celebdf/YouTube-real/00269.mp4,0,0.02482335
/home/tianlong/Downloads/celebdf/YouTube-real/00270.mp4,0,0.1283175
/home/tianlong/Downloads/celebdf/YouTube-real/00271.mp4,0,0.2123506
/home/tianlong/Downloads/celebdf/YouTube-real/00272.mp4,0,0.0057395645
/home/tianlong/Downloads/celebdf/YouTube-real/00273.mp4,0,0.3222106
/home/tianlong/Downloads/celebdf/YouTube-real/00274.mp4,0,0.18915896
/home/tianlong/Downloads/celebdf/YouTube-real/00275.mp4,0,0.35387135
/home/tianlong/Downloads/celebdf/YouTube-real/00276.mp4,0,0.07931474
/home/tianlong/Downloads/celebdf/YouTube-real/00277.mp4,0,0.108529404
/home/tianlong/Downloads/celebdf/YouTube-real/00278.mp4,0,0.013019653
/home/tianlong/Downloads/celebdf/YouTube-real/00279.mp4,0,0.2840497
/home/tianlong/Downloads/celebdf/YouTube-real/00280.mp4,0,0.1516226
/home/tianlong/Downloads/celebdf/YouTube-real/00281.mp4,0,0.19101508
/home/tianlong/Downloads/celebdf/YouTube-real/00282.mp4,0,0.2859556
/home/tianlong/Downloads/celebdf/YouTube-real/00283.mp4,0,0.07690141
/home/tianlong/Downloads/celebdf/YouTube-real/00284.mp4,0,0.1447418
/home/tianlong/Downloads/celebdf/YouTube-real/00285.mp4,0,0.20245266
/home/tianlong/Downloads/celebdf/YouTube-real/00286.mp4,0,0.14589831
/home/tianlong/Downloads/celebdf/YouTube-real/00287.mp4,0,0.022529595
/home/tianlong/Downloads/celebdf/YouTube-real/00288.mp4,0,0.08041042
/home/tianlong/Downloads/celebdf/YouTube-real/00289.mp4,0,0.18913063
/home/tianlong/Downloads/celebdf/Celeb-real/id1_0007.mp4,0,0.22605792
/home/tianlong/Downloads/celebdf/Celeb-real/id2_0008.mp4,0,0.07370216
/home/tianlong/Downloads/celebdf/Celeb-real/id3_0001.mp4,0,0.10701211
/home/tianlong/Downloads/celebdf/Celeb-real/id6_0005.mp4,0,0.02087451
/home/tianlong/Downloads/celebdf/Celeb-real/id9_0000.mp4,0,0.00092381623
/home/tianlong/Downloads/celebdf/Celeb-real/id11_0008.mp4,0,0.17620605
/home/tianlong/Downloads/celebdf/Celeb-real/id16_0011.mp4,0,0.022749063
/home/tianlong/Downloads/celebdf/Celeb-real/id17_0000.mp4,0,0.08656465
/home/tianlong/Downloads/celebdf/Celeb-real/id35_0008.mp4,0,0.08177004
/home/tianlong/Downloads/celebdf/Celeb-real/id39_0005.mp4,0,0.06249839
/home/tianlong/Downloads/celebdf/Celeb-real/id48_0000.mp4,0,0.35134482
/home/tianlong/Downloads/celebdf/Celeb-real/id32_0008.mp4,0,0.1489278
/home/tianlong/Downloads/celebdf/Celeb-real/id56_0009.mp4,0,0.3183741
/home/tianlong/Downloads/celebdf/Celeb-real/id54_0007.mp4,0,0.20385256
/home/tianlong/Downloads/celebdf/Celeb-real/id37_0005.mp4,0,0.0567019
/home/tianlong/Downloads/celebdf/Celeb-real/id29_0008.mp4,0,0.016950855
/home/tianlong/Downloads/celebdf/Celeb-real/id43_0006.mp4,0,0.11817869
/home/tianlong/Downloads/celebdf/Celeb-real/id1_0006.mp4,0,0.0017763948
/home/tianlong/Downloads/celebdf/Celeb-real/id51_0001.mp4,0,0.06863846
/home/tianlong/Downloads/celebdf/Celeb-real/id31_0007.mp4,0,0.0031450535
/home/tianlong/Downloads/celebdf/Celeb-real/id2_0003.mp4,0,0.14826313
/home/tianlong/Downloads/celebdf/Celeb-real/id21_0009.mp4,0,0.027678967
/home/tianlong/Downloads/celebdf/Celeb-real/id50_0003.mp4,0,0.1171215
/home/tianlong/Downloads/celebdf/Celeb-real/id21_0006.mp4,0,0.0039346693
/home/tianlong/Downloads/celebdf/Celeb-real/id44_0003.mp4,0,0.06658301
/home/tianlong/Downloads/celebdf/Celeb-real/id36_0006.mp4,0,0.015969181
/home/tianlong/Downloads/celebdf/Celeb-real/id36_0008.mp4,0,0.024426958
/home/tianlong/Downloads/celebdf/Celeb-real/id1_0008.mp4,0,0.077822894
/home/tianlong/Downloads/celebdf/Celeb-real/id45_0003.mp4,0,0.31959224
/home/tianlong/Downloads/celebdf/Celeb-real/id48_0003.mp4,0,0.291421
/home/tianlong/Downloads/celebdf/Celeb-real/id23_0001.mp4,0,0.2807608
/home/tianlong/Downloads/celebdf/Celeb-real/id16_0010.mp4,0,0.1701115
/home/tianlong/Downloads/celebdf/Celeb-real/id31_0004.mp4,0,0.0117862765
/home/tianlong/Downloads/celebdf/Celeb-real/id35_0000.mp4,0,0.21627751
/home/tianlong/Downloads/celebdf/Celeb-real/id58_0002.mp4,0,0.040911693
/home/tianlong/Downloads/celebdf/Celeb-real/id30_0007.mp4,0,0.0760021
/home/tianlong/Downloads/celebdf/Celeb-real/id12_0005.mp4,0,0.06089493
/home/tianlong/Downloads/celebdf/Celeb-real/id56_0002.mp4,0,0.15851358
/home/tianlong/Downloads/celebdf/Celeb-real/id33_0005.mp4,0,0.02901937
/home/tianlong/Downloads/celebdf/Celeb-real/id29_0009.mp4,0,0.09453485
/home/tianlong/Downloads/celebdf/Celeb-real/id13_0013.mp4,0,0.37284487
/home/tianlong/Downloads/celebdf/Celeb-real/id28_0009.mp4,0,0.050708342
/home/tianlong/Downloads/celebdf/Celeb-real/id36_0000.mp4,0,0.102865934
/home/tianlong/Downloads/celebdf/Celeb-real/id24_0009.mp4,0,0.3069691
/home/tianlong/Downloads/celebdf/Celeb-real/id39_0004.mp4,0,0.29867837
/home/tianlong/Downloads/celebdf/Celeb-real/id27_0008.mp4,0,0.05441772
/home/tianlong/Downloads/celebdf/Celeb-real/id11_0006.mp4,0,0.2727854
/home/tianlong/Downloads/celebdf/Celeb-real/id19_0007.mp4,0,0.15890554
/home/tianlong/Downloads/celebdf/Celeb-real/id37_0009.mp4,0,0.24709615
/home/tianlong/Downloads/celebdf/Celeb-real/id3_0008.mp4,0,0.046482407
/home/tianlong/Downloads/celebdf/Celeb-real/id46_0000.mp4,0,0.31319186
/home/tianlong/Downloads/celebdf/Celeb-real/id33_0008.mp4,0,0.022125635
/home/tianlong/Downloads/celebdf/Celeb-real/id8_0000.mp4,0,0.06536352
/home/tianlong/Downloads/celebdf/Celeb-real/id16_0007.mp4,0,0.04855416
/home/tianlong/Downloads/celebdf/Celeb-real/id1_0001.mp4,0,0.015668416
/home/tianlong/Downloads/celebdf/Celeb-real/id32_0002.mp4,0,0.024692325
/home/tianlong/Downloads/celebdf/Celeb-real/id19_0005.mp4,0,0.12339921
/home/tianlong/Downloads/celebdf/Celeb-real/id27_0009.mp4,0,0.055963118
/home/tianlong/Downloads/celebdf/Celeb-real/id2_0001.mp4,0,0.050656002
/home/tianlong/Downloads/celebdf/Celeb-real/id13_0011.mp4,0,0.1287914
/home/tianlong/Downloads/celebdf/Celeb-real/id49_0004.mp4,0,0.24304421
/home/tianlong/Downloads/celebdf/Celeb-real/id57_0007.mp4,0,0.16622111
/home/tianlong/Downloads/celebdf/Celeb-real/id26_0008.mp4,0,0.048320062
/home/tianlong/Downloads/celebdf/Celeb-real/id2_0004.mp4,0,0.23715231
/home/tianlong/Downloads/celebdf/Celeb-real/id36_0001.mp4,0,0.06801317
/home/tianlong/Downloads/celebdf/Celeb-real/id0_0001.mp4,0,0.17306833
/home/tianlong/Downloads/celebdf/Celeb-real/id10_0007.mp4,0,0.1855162
/home/tianlong/Downloads/celebdf/Celeb-real/id17_0002.mp4,0,0.049247183
/home/tianlong/Downloads/celebdf/Celeb-real/id4_0004.mp4,0,0.012843105
/home/tianlong/Downloads/celebdf/Celeb-real/id36_0002.mp4,0,0.10774936
/home/tianlong/Downloads/celebdf/Celeb-real/id53_0003.mp4,0,0.047870357
/home/tianlong/Downloads/celebdf/Celeb-real/id25_0010.mp4,0,0.20368564
/home/tianlong/Downloads/celebdf/Celeb-real/id51_0006.mp4,0,0.32698408
/home/tianlong/Downloads/celebdf/Celeb-real/id22_0000.mp4,0,0.05528282
/home/tianlong/Downloads/celebdf/Celeb-real/id10_0001.mp4,0,0.439328
/home/tianlong/Downloads/celebdf/Celeb-real/id6_0002.mp4,0,0.038722087
/home/tianlong/Downloads/celebdf/Celeb-real/id12_0000.mp4,0,0.22946925
/home/tianlong/Downloads/celebdf/Celeb-real/id35_0003.mp4,0,0.1426528
/home/tianlong/Downloads/celebdf/Celeb-real/id3_0002.mp4,0,0.016607871
/home/tianlong/Downloads/celebdf/Celeb-real/id31_0003.mp4,0,0.012708711
/home/tianlong/Downloads/celebdf/Celeb-real/id52_0002.mp4,0,0.032683466
/home/tianlong/Downloads/celebdf/Celeb-real/id2_0002.mp4,0,0.08416431
/home/tianlong/Downloads/celebdf/Celeb-real/id44_0001.mp4,0,0.33932975
/home/tianlong/Downloads/celebdf/Celeb-real/id8_0009.mp4,0,0.12347978
/home/tianlong/Downloads/celebdf/Celeb-real/id33_0002.mp4,0,0.018438552
/home/tianlong/Downloads/celebdf/Celeb-real/id50_0000.mp4,0,0.027900841
/home/tianlong/Downloads/celebdf/Celeb-real/id40_0003.mp4,0,0.28027532
/home/tianlong/Downloads/celebdf/Celeb-real/id7_0006.mp4,0,0.10872018
/home/tianlong/Downloads/celebdf/Celeb-real/id53_0007.mp4,0,0.059689544
/home/tianlong/Downloads/celebdf/Celeb-real/id43_0002.mp4,0,0.35129192
/home/tianlong/Downloads/celebdf/Celeb-real/id56_0000.mp4,0,0.29365999
/home/tianlong/Downloads/celebdf/Celeb-real/id13_0004.mp4,0,0.0017958656
/home/tianlong/Downloads/celebdf/Celeb-real/id43_0001.mp4,0,0.16740844
/home/tianlong/Downloads/celebdf/Celeb-real/id20_0008.mp4,0,0.3010836
/home/tianlong/Downloads/celebdf/Celeb-real/id28_0004.mp4,0,0.32838607
/home/tianlong/Downloads/celebdf/Celeb-real/id22_0009.mp4,0,0.24980609
/home/tianlong/Downloads/celebdf/Celeb-real/id53_0000.mp4,0,0.042768944
/home/tianlong/Downloads/celebdf/Celeb-real/id50_0006.mp4,0,0.09441547
/home/tianlong/Downloads/celebdf/Celeb-real/id32_0003.mp4,0,0.012784863
/home/tianlong/Downloads/celebdf/Celeb-real/id32_0006.mp4,0,0.39724723
/home/tianlong/Downloads/celebdf/Celeb-real/id57_0003.mp4,0,0.18825501
/home/tianlong/Downloads/celebdf/Celeb-real/id37_0004.mp4,0,0.17918548
/home/tianlong/Downloads/celebdf/Celeb-real/id28_0007.mp4,0,0.0047439737
/home/tianlong/Downloads/celebdf/Celeb-real/id52_0001.mp4,0,0.09415485
/home/tianlong/Downloads/celebdf/Celeb-real/id40_0009.mp4,0,0.45844227
/home/tianlong/Downloads/celebdf/Celeb-real/id51_0005.mp4,0,0.14685497
/home/tianlong/Downloads/celebdf/Celeb-real/id34_0006.mp4,0,0.10046029
/home/tianlong/Downloads/celebdf/Celeb-real/id42_0002.mp4,0,0.15545642
/home/tianlong/Downloads/celebdf/Celeb-synthesis/id1_id0_0007.mp4,1,0.31526735
/home/tianlong/Downloads/celebdf/Celeb-synthesis/id1_id3_0007.mp4,1,0.22516343
/home/tianlong/Downloads/celebdf/Celeb-synthesis/id1_id4_0007.mp4,1,0.6747447
/home/tianlong/Downloads/celebdf/Celeb-synthesis/id1_id9_0007.mp4,1,0.083476916
/home/tianlong/Downloads/celebdf/Celeb-synthesis/id1_id16_0007.mp4,1,0.4514772
/home/tianlong/Downloads/celebdf/Celeb-synthesis/id1_id17_0007.mp4,1,0.33247772
/home/tianlong/Downloads/celebdf/Celeb-synthesis/id2_id0_0008.mp4,1,0.08887229
/home/tianlong/Downloads/celebdf/Celeb-synthesis/id2_id3_0008.mp4,1,0.030882606
/home/tianlong/Downloads/celebdf/Celeb-synthesis/id2_id9_0008.mp4,1,0.004234623
/home/tianlong/Downloads/celebdf/Celeb-synthesis/id3_id1_0001.mp4,1,0.045742486
/home/tianlong/Downloads/celebdf/Celeb-synthesis/id3_id2_0001.mp4,1,0.20019284
/home/tianlong/Downloads/celebdf/Celeb-synthesis/id3_id4_0001.mp4,1,0.16977789
/home/tianlong/Downloads/celebdf/Celeb-synthesis/id3_id6_0001.mp4,1,0.094396845
/home/tianlong/Downloads/celebdf/Celeb-synthesis/id3_id9_0001.mp4,1,0.03407653
/home/tianlong/Downloads/celebdf/Celeb-synthesis/id3_id16_0001.mp4,1,0.21084332
/home/tianlong/Downloads/celebdf/Celeb-synthesis/id4_id1_0003.mp4,1,0.07244901
/home/tianlong/Downloads/celebdf/Celeb-synthesis/id6_id0_0005.mp4,1,0.19639108
/home/tianlong/Downloads/celebdf/Celeb-synthesis/id6_id1_0005.mp4,1,0.028252486
/home/tianlong/Downloads/celebdf/Celeb-synthesis/id6_id2_0005.mp4,1,0.18355852
/home/tianlong/Downloads/celebdf/Celeb-synthesis/id6_id3_0005.mp4,1,0.07769774
/home/tianlong/Downloads/celebdf/Celeb-synthesis/id6_id16_0005.mp4,1,0.13182405
/home/tianlong/Downloads/celebdf/Celeb-synthesis/id7_id10_0009.mp4,1,0.18279934
/home/tianlong/Downloads/celebdf/Celeb-synthesis/id7_id11_0009.mp4,1,0.15779218
/home/tianlong/Downloads/celebdf/Celeb-synthesis/id7_id13_0009.mp4,1,0.041681446
/home/tianlong/Downloads/celebdf/Celeb-synthesis/id9_id0_0000.mp4,1,0.048952974
/home/tianlong/Downloads/celebdf/Celeb-synthesis/id9_id1_0000.mp4,1,0.0035696118
/home/tianlong/Downloads/celebdf/Celeb-synthesis/id9_id2_0000.mp4,1,0.021665264
/home/tianlong/Downloads/celebdf/Celeb-synthesis/id9_id3_0000.mp4,1,0.0064268634
/home/tianlong/Downloads/celebdf/Celeb-synthesis/id9_id6_0000.mp4,1,0.00891693
/home/tianlong/Downloads/celebdf/Celeb-synthesis/id9_id16_0000.mp4,1,0.033312466
/home/tianlong/Downloads/celebdf/Celeb-synthesis/id10_id7_0004.mp4,1,0.28050774
/home/tianlong/Downloads/celebdf/Celeb-synthesis/id10_id11_0004.mp4,1,0.36761445
/home/tianlong/Downloads/celebdf/Celeb-synthesis/id10_id12_0004.mp4,1,0.34750938
/home/tianlong/Downloads/celebdf/Celeb-synthesis/id10_id13_0004.mp4,1,0.32374716
/home/tianlong/Downloads/celebdf/Celeb-synthesis/id10_id7_0001.mp4,1,0.33776972
/home/tianlong/Downloads/celebdf/Celeb-synthesis/id10_id11_0001.mp4,1,0.34901673
/home/tianlong/Downloads/celebdf/Celeb-synthesis/id10_id12_0001.mp4,1,0.39151794
/home/tianlong/Downloads/celebdf/Celeb-synthesis/id10_id13_0001.mp4,1,0.41029388
/home/tianlong/Downloads/celebdf/Celeb-synthesis/id11_id7_0008.mp4,1,0.173354
/home/tianlong/Downloads/celebdf/Celeb-synthesis/id16_id0_0011.mp4,1,0.10755964
/home/tianlong/Downloads/celebdf/Celeb-synthesis/id16_id1_0011.mp4,1,0.01531163
/home/tianlong/Downloads/celebdf/Celeb-synthesis/id16_id2_0011.mp4,1,0.15581009
/home/tianlong/Downloads/celebdf/Celeb-synthesis/id16_id3_0011.mp4,1,0.052346963
/home/tianlong/Downloads/celebdf/Celeb-synthesis/id16_id6_0011.mp4,1,0.040144637
/home/tianlong/Downloads/celebdf/Celeb-synthesis/id17_id0_0000.mp4,1,0.29215994
/home/tianlong/Downloads/celebdf/Celeb-synthesis/id17_id1_0000.mp4,1,0.12912624
/home/tianlong/Downloads/celebdf/Celeb-synthesis/id17_id2_0000.mp4,1,0.26828387
/home/tianlong/Downloads/celebdf/Celeb-synthesis/id17_id3_0000.mp4,1,0.24441092
/home/tianlong/Downloads/celebdf/Celeb-synthesis/id17_id6_0000.mp4,1,0.19494995
/home/tianlong/Downloads/celebdf/Celeb-synthesis/id17_id9_0000.mp4,1,0.1285728
/home/tianlong/Downloads/celebdf/Celeb-synthesis/id17_id16_0000.mp4,1,0.27549785
/home/tianlong/Downloads/celebdf/Celeb-synthesis/id16_id20_0000.mp4,1,0.016105734
/home/tianlong/Downloads/celebdf/Celeb-synthesis/id17_id23_0000.mp4,1,0.29716593
/home/tianlong/Downloads/celebdf/Celeb-synthesis/id3_id28_0001.mp4,1,0.07591391
/home/tianlong/Downloads/celebdf/Celeb-synthesis/id35_id32_0007.mp4,1,0.11775293
/home/tianlong/Downloads/celebdf/Celeb-synthesis/id30_id26_0004.mp4,1,0.051116765
/home/tianlong/Downloads/celebdf/Celeb-synthesis/id16_id20_0006.mp4,1,0.14731368
/home/tianlong/Downloads/celebdf/Celeb-synthesis/id4_id20_0001.mp4,1,0.17218994
/home/tianlong/Downloads/celebdf/Celeb-synthesis/id26_id3_0002.mp4,1,0.14327529
/home/tianlong/Downloads/celebdf/Celeb-synthesis/id20_id31_0006.mp4,1,0.020767912
/home/tianlong/Downloads/celebdf/Celeb-synthesis/id6_id23_0001.mp4,1,0.092594765
/home/tianlong/Downloads/celebdf/Celeb-synthesis/id9_id23_0009.mp4,1,0.2851028
/home/tianlong/Downloads/celebdf/Celeb-synthesis/id32_id33_0002.mp4,1,0.015383871
/home/tianlong/Downloads/celebdf/Celeb-synthesis/id16_id20_0012.mp4,1,0.050568074
/home/tianlong/Downloads/celebdf/Celeb-synthesis/id29_id30_0000.mp4,1,0.044088777
/home/tianlong/Downloads/celebdf/Celeb-synthesis/id3_id20_0008.mp4,1,0.03932543
/home/tianlong/Downloads/celebdf/Celeb-synthesis/id22_id27_0001.mp4,1,0.17745902
/home/tianlong/Downloads/celebdf/Celeb-synthesis/id27_id21_0002.mp4,1,0.015004273
/home/tianlong/Downloads/celebdf/Celeb-synthesis/id29_id35_0000.mp4,1,0.038026944
/home/tianlong/Downloads/celebdf/Celeb-synthesis/id21_id19_0005.mp4,1,0.027083104
/home/tianlong/Downloads/celebdf/Celeb-synthesis/id23_id26_0003.mp4,1,0.045763828
/home/tianlong/Downloads/celebdf/Celeb-synthesis/id30_id35_0009.mp4,1,0.13678505
/home/tianlong/Downloads/celebdf/Celeb-synthesis/id9_id26_0000.mp4,1,0.006108564
/home/tianlong/Downloads/celebdf/Celeb-synthesis/id33_id32_0006.mp4,1,0.07177078
/home/tianlong/Downloads/celebdf/Celeb-synthesis/id30_id34_0003.mp4,1,0.004957457
/home/tianlong/Downloads/celebdf/Celeb-synthesis/id29_id37_0008.mp4,1,0.029290408
/home/tianlong/Downloads/celebdf/Celeb-synthesis/id35_id31_0006.mp4,1,0.05529929
/home/tianlong/Downloads/celebdf/Celeb-synthesis/id37_id34_0008.mp4,1,0.06445239
/home/tianlong/Downloads/celebdf/Celeb-synthesis/id26_id16_0001.mp4,1,0.14511935
/home/tianlong/Downloads/celebdf/Celeb-synthesis/id17_id23_0009.mp4,1,0.13410023
/home/tianlong/Downloads/celebdf/Celeb-synthesis/id6_id20_0007.mp4,1,0.0021024572
/home/tianlong/Downloads/celebdf/Celeb-synthesis/id1_id20_0001.mp4,1,0.0311981
/home/tianlong/Downloads/celebdf/Celeb-synthesis/id1_id23_0006.mp4,1,0.0032215721
/home/tianlong/Downloads/celebdf/Celeb-synthesis/id37_id35_0001.mp4,1,0.16237994
/home/tianlong/Downloads/celebdf/Celeb-synthesis/id4_id23_0006.mp4,1,0.21382289
/home/tianlong/Downloads/celebdf/Celeb-synthesis/id17_id26_0006.mp4,1,0.109590866
/home/tianlong/Downloads/celebdf/Celeb-synthesis/id20_id1_0007.mp4,1,0.082866155
/home/tianlong/Downloads/celebdf/Celeb-synthesis/id0_id26_0009.mp4,1,0.04915095
/home/tianlong/Downloads/celebdf/Celeb-synthesis/id38_id33_0005.mp4,1,0.022206578
/home/tianlong/Downloads/celebdf/Celeb-synthesis/id28_id35_0008.mp4,1,0.13295294
/home/tianlong/Downloads/celebdf/Celeb-synthesis/id23_id35_0006.mp4,1,0.032112442
/home/tianlong/Downloads/celebdf/Celeb-synthesis/id6_id28_0002.mp4,1,0.033849638
/home/tianlong/Downloads/celebdf/Celeb-synthesis/id35_id28_0006.mp4,1,0.03595051
/home/tianlong/Downloads/celebdf/Celeb-synthesis/id32_id31_0008.mp4,1,0.11826594
/home/tianlong/Downloads/celebdf/Celeb-synthesis/id38_id34_0004.mp4,1,0.07497791
/home/tianlong/Downloads/celebdf/Celeb-synthesis/id3_id28_0009.mp4,1,0.01688164
/home/tianlong/Downloads/celebdf/Celeb-synthesis/id37_id28_0007.mp4,1,0.05612413
/home/tianlong/Downloads/celebdf/Celeb-synthesis/id1_id20_0002.mp4,1,0.015547539
/home/tianlong/Downloads/celebdf/Celeb-synthesis/id37_id31_0008.mp4,1,0.032629065
/home/tianlong/Downloads/celebdf/Celeb-synthesis/id30_id23_0007.mp4,1,0.11287439
/home/tianlong/Downloads/celebdf/Celeb-synthesis/id28_id26_0000.mp4,1,0.044639654
/home/tianlong/Downloads/celebdf/Celeb-synthesis/id2_id28_0003.mp4,1,0.07634681
/home/tianlong/Downloads/celebdf/Celeb-synthesis/id27_id24_0007.mp4,1,0.18499891
/home/tianlong/Downloads/celebdf/Celeb-synthesis/id30_id32_0006.mp4,1,0.0686617
/home/tianlong/Downloads/celebdf/Celeb-synthesis/id35_id31_0009.mp4,1,0.06724275
/home/tianlong/Downloads/celebdf/Celeb-synthesis/id4_id21_0004.mp4,1,0.032189403
/home/tianlong/Downloads/celebdf/Celeb-synthesis/id37_id21_0005.mp4,1,0.07894997
/home/tianlong/Downloads/celebdf/Celeb-synthesis/id30_id21_0002.mp4,1,0.044285838
/home/tianlong/Downloads/celebdf/Celeb-synthesis/id16_id23_0011.mp4,1,0.1785371
/home/tianlong/Downloads/celebdf/Celeb-synthesis/id9_id20_0002.mp4,1,0.025767764
/home/tianlong/Downloads/celebdf/Celeb-synthesis/id6_id21_0006.mp4,1,0.010187438
/home/tianlong/Downloads/celebdf/Celeb-synthesis/id20_id19_0002.mp4,1,0.10071442
/home/tianlong/Downloads/celebdf/Celeb-synthesis/id28_id4_0006.mp4,1,0.3468806
/home/tianlong/Downloads/celebdf/Celeb-synthesis/id35_id34_0002.mp4,1,0.078543596
/home/tianlong/Downloads/celebdf/Celeb-synthesis/id35_id26_0003.mp4,1,0.043689564
/home/tianlong/Downloads/celebdf/Celeb-synthesis/id22_id28_0006.mp4,1,0.04612102
/home/tianlong/Downloads/celebdf/Celeb-synthesis/id30_id21_0005.mp4,1,0.048608474
/home/tianlong/Downloads/celebdf/Celeb-synthesis/id24_id20_0009.mp4,1,0.09656872
/home/tianlong/Downloads/celebdf/Celeb-synthesis/id4_id20_0000.mp4,1,0.053975124
/home/tianlong/Downloads/celebdf/Celeb-synthesis/id2_id26_0001.mp4,1,0.00475605
/home/tianlong/Downloads/celebdf/Celeb-synthesis/id21_id6_0005.mp4,1,0.048949044
/home/tianlong/Downloads/celebdf/Celeb-synthesis/id21_id9_0008.mp4,1,0.082934186
/home/tianlong/Downloads/celebdf/Celeb-synthesis/id22_id21_0005.mp4,1,0.112481676
/home/tianlong/Downloads/celebdf/Celeb-synthesis/id22_id27_0005.mp4,1,0.122794054
/home/tianlong/Downloads/celebdf/Celeb-synthesis/id23_id2_0007.mp4,1,0.13920265
/home/tianlong/Downloads/celebdf/Celeb-synthesis/id23_id3_0009.mp4,1,0.045064393
/home/tianlong/Downloads/celebdf/Celeb-synthesis/id24_id19_0000.mp4,1,0.15565875
/home/tianlong/Downloads/celebdf/Celeb-synthesis/id24_id21_0006.mp4,1,0.018439056
/home/tianlong/Downloads/celebdf/Celeb-synthesis/id24_id26_0009.mp4,1,0.16095543
/home/tianlong/Downloads/celebdf/Celeb-synthesis/id25_id19_0002.mp4,1,0.004530039
/home/tianlong/Downloads/celebdf/Celeb-synthesis/id25_id24_0003.mp4,1,0.18957898
/home/tianlong/Downloads/celebdf/Celeb-synthesis/id27_id21_0008.mp4,1,0.02500174
/home/tianlong/Downloads/celebdf/Celeb-synthesis/id27_id22_0007.mp4,1,0.06138394
/home/tianlong/Downloads/celebdf/Celeb-synthesis/id27_id25_0008.mp4,1,0.045075197
/home/tianlong/Downloads/celebdf/Celeb-synthesis/id28_id3_0004.mp4,1,0.21549276
/home/tianlong/Downloads/celebdf/Celeb-synthesis/id28_id6_0006.mp4,1,0.32740244
/home/tianlong/Downloads/celebdf/Celeb-synthesis/id29_id32_0000.mp4,1,0.013042514
/home/tianlong/Downloads/celebdf/Celeb-synthesis/id29_id37_0009.mp4,1,0.05823804
/home/tianlong/Downloads/celebdf/Celeb-synthesis/id30_id20_0004.mp4,1,0.032415964
/home/tianlong/Downloads/celebdf/Celeb-synthesis/id30_id23_0002.mp4,1,0.12748799
/home/tianlong/Downloads/celebdf/Celeb-synthesis/id32_id33_0004.mp4,1,0.021875797
/home/tianlong/Downloads/celebdf/Celeb-synthesis/id33_id38_0001.mp4,1,0.0926559
/home/tianlong/Downloads/celebdf/Celeb-synthesis/id34_id33_0005.mp4,1,0.015137784
/home/tianlong/Downloads/celebdf/Celeb-synthesis/id35_id31_0007.mp4,1,0.17125359
/home/tianlong/Downloads/celebdf/Celeb-synthesis/id49_id52_0005.mp4,1,0.050045073
/home/tianlong/Downloads/celebdf/Celeb-synthesis/id9_id2_0006.mp4,1,0.13043216
/home/tianlong/Downloads/celebdf/Celeb-synthesis/id7_id11_0007.mp4,1,0.38827282
/home/tianlong/Downloads/celebdf/Celeb-synthesis/id4_id37_0006.mp4,1,0.14018102
/home/tianlong/Downloads/celebdf/Celeb-synthesis/id37_id38_0009.mp4,1,0.30186707
/home/tianlong/Downloads/celebdf/Celeb-synthesis/id29_id30_0009.mp4,1,0.16836838
/home/tianlong/Downloads/celebdf/Celeb-synthesis/id0_id6_0007.mp4,1,0.070889644
/home/tianlong/Downloads/celebdf/Celeb-synthesis/id0_id16_0004.mp4,1,0.24100575
/home/tianlong/Downloads/celebdf/Celeb-synthesis/id31_id33_0008.mp4,1,0.008250618
/home/tianlong/Downloads/celebdf/Celeb-synthesis/id54_id49_0003.mp4,1,0.24215281
/home/tianlong/Downloads/celebdf/Celeb-synthesis/id0_id1_0000.mp4,1,0.14615294
/home/tianlong/Downloads/celebdf/Celeb-synthesis/id21_id28_0001.mp4,1,0.075189725
/home/tianlong/Downloads/celebdf/Celeb-synthesis/id33_id29_0004.mp4,1,0.0789218
/home/tianlong/Downloads/celebdf/Celeb-synthesis/id28_id0_0009.mp4,1,0.16240723
/home/tianlong/Downloads/celebdf/Celeb-synthesis/id6_id9_0006.mp4,1,0.0010654046
/home/tianlong/Downloads/celebdf/Celeb-synthesis/id9_id0_0006.mp4,1,0.058246452
/home/tianlong/Downloads/celebdf/Celeb-synthesis/id26_id2_0005.mp4,1,0.17327856
/home/tianlong/Downloads/celebdf/Celeb-synthesis/id1_id3_0002.mp4,1,0.08362334
/home/tianlong/Downloads/celebdf/Celeb-synthesis/id4_id6_0008.mp4,1,0.042455163
/home/tianlong/Downloads/celebdf/Celeb-synthesis/id16_id28_0005.mp4,1,0.037401743
/home/tianlong/Downloads/celebdf/Celeb-synthesis/id37_id35_0005.mp4,1,0.12512119
/home/tianlong/Downloads/celebdf/Celeb-synthesis/id19_id20_0004.mp4,1,0.012543956
/home/tianlong/Downloads/celebdf/Celeb-synthesis/id46_id41_0000.mp4,1,0.31663442
/home/tianlong/Downloads/celebdf/Celeb-synthesis/id51_id57_0004.mp4,1,0.32653004
/home/tianlong/Downloads/celebdf/Celeb-synthesis/id29_id37_0005.mp4,1,0.2792371
/home/tianlong/Downloads/celebdf/Celeb-synthesis/id35_id23_0007.mp4,1,0.36753127
/home/tianlong/Downloads/celebdf/Celeb-synthesis/id34_id33_0002.mp4,1,0.0045793173
/home/tianlong/Downloads/celebdf/Celeb-synthesis/id1_id3_0006.mp4,1,0.018929888
/home/tianlong/Downloads/celebdf/Celeb-synthesis/id13_id10_0005.mp4,1,0.04361508
/home/tianlong/Downloads/celebdf/Celeb-synthesis/id56_id55_0009.mp4,1,0.21033685
/home/tianlong/Downloads/celebdf/Celeb-synthesis/id25_id28_0010.mp4,1,0.195387
/home/tianlong/Downloads/celebdf/Celeb-synthesis/id20_id37_0004.mp4,1,0.20194587
/home/tianlong/Downloads/celebdf/Celeb-synthesis/id37_id29_0002.mp4,1,0.004740239
/home/tianlong/Downloads/celebdf/Celeb-synthesis/id56_id54_0007.mp4,1,0.06459882
/home/tianlong/Downloads/celebdf/Celeb-synthesis/id19_id20_0000.mp4,1,0.01176421
/home/tianlong/Downloads/celebdf/Celeb-synthesis/id4_id28_0006.mp4,1,0.10626455
/home/tianlong/Downloads/celebdf/Celeb-synthesis/id53_id58_0005.mp4,1,0.3449472
/home/tianlong/Downloads/celebdf/Celeb-synthesis/id55_id57_0002.mp4,1,0.27413097
/home/tianlong/Downloads/celebdf/Celeb-synthesis/id24_id26_0004.mp4,1,0.293852
/home/tianlong/Downloads/celebdf/Celeb-synthesis/id20_id0_0006.mp4,1,0.12238934
/home/tianlong/Downloads/celebdf/Celeb-synthesis/id37_id2_0009.mp4,1,0.3520698
/home/tianlong/Downloads/celebdf/Celeb-synthesis/id30_id26_0006.mp4,1,0.1601263
/home/tianlong/Downloads/celebdf/Celeb-synthesis/id16_id2_0001.mp4,1,0.115134776
/home/tianlong/Downloads/celebdf/Celeb-synthesis/id26_id1_0002.mp4,1,0.06008699
/home/tianlong/Downloads/celebdf/Celeb-synthesis/id30_id6_0007.mp4,1,0.03198283
/home/tianlong/Downloads/celebdf/Celeb-synthesis/id44_id41_0005.mp4,1,0.34406775
/home/tianlong/Downloads/celebdf/Celeb-synthesis/id16_id2_0006.mp4,1,0.6227159
/home/tianlong/Downloads/celebdf/Celeb-synthesis/id1_id16_0004.mp4,1,0.16448691
/home/tianlong/Downloads/celebdf/Celeb-synthesis/id16_id21_0002.mp4,1,0.03766169
/home/tianlong/Downloads/celebdf/Celeb-synthesis/id4_id0_0000.mp4,1,0.21407394
/home/tianlong/Downloads/celebdf/Celeb-synthesis/id8_id0_0002.mp4,1,0.1827478
/home/tianlong/Downloads/celebdf/Celeb-synthesis/id19_id23_0001.mp4,1,0.20233023
/home/tianlong/Downloads/celebdf/Celeb-synthesis/id37_id3_0006.mp4,1,0.1079769
/home/tianlong/Downloads/celebdf/Celeb-synthesis/id9_id16_0007.mp4,1,0.12567827
/home/tianlong/Downloads/celebdf/Celeb-synthesis/id47_id43_0007.mp4,1,0.34541646
/home/tianlong/Downloads/celebdf/Celeb-synthesis/id16_id3_0009.mp4,1,0.03125979
/home/tianlong/Downloads/celebdf/Celeb-synthesis/id26_id28_0002.mp4,1,0.07418814
/home/tianlong/Downloads/celebdf/Celeb-synthesis/id8_id3_0003.mp4,1,0.104610264
/home/tianlong/Downloads/celebdf/Celeb-synthesis/id30_id28_0000.mp4,1,0.09950423
/home/tianlong/Downloads/celebdf/Celeb-synthesis/id27_id23_0008.mp4,1,0.14990884
/home/tianlong/Downloads/celebdf/Celeb-synthesis/id28_id20_0008.mp4,1,0.08468632
/home/tianlong/Downloads/celebdf/Celeb-synthesis/id1_id2_0002.mp4,1,0.1315903
/home/tianlong/Downloads/celebdf/Celeb-synthesis/id46_id39_0000.mp4,1,0.23546627
/home/tianlong/Downloads/celebdf/Celeb-synthesis/id37_id28_0008.mp4,1,0.016582118
/home/tianlong/Downloads/celebdf/Celeb-synthesis/id0_id3_0007.mp4,1,0.08838717
/home/tianlong/Downloads/celebdf/Celeb-synthesis/id4_id1_0002.mp4,1,0.03251623
/home/tianlong/Downloads/celebdf/Celeb-synthesis/id13_id7_0000.mp4,1,0.13992152
/home/tianlong/Downloads/celebdf/Celeb-synthesis/id50_id53_0000.mp4,1,0.1674224
/home/tianlong/Downloads/celebdf/Celeb-synthesis/id50_id56_0005.mp4,1,0.40045586
/home/tianlong/Downloads/celebdf/Celeb-synthesis/id4_id21_0009.mp4,1,0.053165726
/home/tianlong/Downloads/celebdf/Celeb-synthesis/id23_id3_0004.mp4,1,0.027141163
/home/tianlong/Downloads/celebdf/Celeb-synthesis/id56_id51_0000.mp4,1,0.2897624
/home/tianlong/Downloads/celebdf/Celeb-synthesis/id30_id3_0006.mp4,1,0.113168016
/home/tianlong/Downloads/celebdf/Celeb-synthesis/id28_id20_0006.mp4,1,0.32373974
/home/tianlong/Downloads/celebdf/Celeb-synthesis/id4_id20_0008.mp4,1,0.07413558
/home/tianlong/Downloads/celebdf/Celeb-synthesis/id54_id58_0006.mp4,1,0.48858947
/home/tianlong/Downloads/celebdf/Celeb-synthesis/id53_id57_0005.mp4,1,0.29889083
/home/tianlong/Downloads/celebdf/Celeb-synthesis/id31_id33_0009.mp4,1,0.040570006
/home/tianlong/Downloads/celebdf/Celeb-synthesis/id0_id21_0000.mp4,1,0.26577693
/home/tianlong/Downloads/celebdf/Celeb-synthesis/id6_id23_0006.mp4,1,0.018625773
/home/tianlong/Downloads/celebdf/Celeb-synthesis/id48_id45_0002.mp4,1,0.121966705
/home/tianlong/Downloads/celebdf/Celeb-synthesis/id46_id45_0001.mp4,1,0.06616062
/home/tianlong/Downloads/celebdf/Celeb-synthesis/id28_id21_0006.mp4,1,0.26483732
/home/tianlong/Downloads/celebdf/Celeb-synthesis/id12_id10_0005.mp4,1,0.24170527
/home/tianlong/Downloads/celebdf/Celeb-synthesis/id54_id56_0000.mp4,1,0.26623714
/home/tianlong/Downloads/celebdf/Celeb-synthesis/id39_id47_0004.mp4,1,0.3628825
/home/tianlong/Downloads/celebdf/Celeb-synthesis/id9_id3_0009.mp4,1,0.096377425
/home/tianlong/Downloads/celebdf/Celeb-synthesis/id35_id16_0007.mp4,1,0.3082336
/home/tianlong/Downloads/celebdf/Celeb-synthesis/id21_id2_0002.mp4,1,0.21170561
/home/tianlong/Downloads/celebdf/Celeb-synthesis/id12_id10_0002.mp4,1,0.355908
/home/tianlong/Downloads/celebdf/Celeb-synthesis/id10_id13_0007.mp4,1,0.31379256
/home/tianlong/Downloads/celebdf/Celeb-synthesis/id20_id31_0008.mp4,1,0.11068018
/home/tianlong/Downloads/celebdf/Celeb-synthesis/id0_id16_0003.mp4,1,0.03618628
/home/tianlong/Downloads/celebdf/Celeb-synthesis/id0_id16_0007.mp4,1,0.075801894
/home/tianlong/Downloads/celebdf/Celeb-synthesis/id2_id16_0004.mp4,1,0.32766575
/home/tianlong/Downloads/celebdf/Celeb-synthesis/id13_id7_0012.mp4,1,0.16982591
/home/tianlong/Downloads/celebdf/Celeb-synthesis/id37_id1_0002.mp4,1,0.0074852495
/home/tianlong/Downloads/celebdf/Celeb-synthesis/id30_id28_0004.mp4,1,0.10152159
/home/tianlong/Downloads/celebdf/Celeb-synthesis/id53_id52_0003.mp4,1,0.03317046
/home/tianlong/Downloads/celebdf/Celeb-synthesis/id54_id56_0006.mp4,1,0.49734235
/home/tianlong/Downloads/celebdf/Celeb-synthesis/id3_id28_0002.mp4,1,0.021456659
/home/tianlong/Downloads/celebdf/Celeb-synthesis/id37_id4_0000.mp4,1,0.11245175
/home/tianlong/Downloads/celebdf/Celeb-synthesis/id28_id9_0000.mp4,1,0.02338452
/home/tianlong/Downloads/celebdf/Celeb-synthesis/id4_id2_0003.mp4,1,0.31824997
/home/tianlong/Downloads/celebdf/Celeb-synthesis/id25_id21_0005.mp4,1,0.17596039
/home/tianlong/Downloads/celebdf/Celeb-synthesis/id17_id3_0007.mp4,1,0.10246496
/home/tianlong/Downloads/celebdf/Celeb-synthesis/id2_id1_0004.mp4,1,0.19985075
/home/tianlong/Downloads/celebdf/Celeb-synthesis/id3_id9_0003.mp4,1,0.0056348746
/home/tianlong/Downloads/celebdf/Celeb-synthesis/id16_id6_0001.mp4,1,0.023740685
/home/tianlong/Downloads/celebdf/Celeb-synthesis/id8_id6_0002.mp4,1,0.055843033
/home/tianlong/Downloads/celebdf/Celeb-synthesis/id17_id16_0007.mp4,1,0.086985976
/home/tianlong/Downloads/celebdf/Celeb-synthesis/id4_id26_0007.mp4,1,0.018965958
/home/tianlong/Downloads/celebdf/Celeb-synthesis/id44_id45_0000.mp4,1,0.29299298
/home/tianlong/Downloads/celebdf/Celeb-synthesis/id0_id1_0005.mp4,1,0.06192568
/home/tianlong/Downloads/celebdf/Celeb-synthesis/id57_id51_0000.mp4,1,0.37309846
/home/tianlong/Downloads/celebdf/Celeb-synthesis/id34_id32_0007.mp4,1,0.060316194
/home/tianlong/Downloads/celebdf/Celeb-synthesis/id32_id31_0006.mp4,1,0.4003752
/home/tianlong/Downloads/celebdf/Celeb-synthesis/id48_id41_0001.mp4,1,0.40173164
/home/tianlong/Downloads/celebdf/Celeb-synthesis/id4_id0_0004.mp4,1,0.035039145
/home/tianlong/Downloads/celebdf/Celeb-synthesis/id21_id19_0009.mp4,1,0.04813306
/home/tianlong/Downloads/celebdf/Celeb-synthesis/id45_id39_0008.mp4,1,0.4532385
/home/tianlong/Downloads/celebdf/Celeb-synthesis/id31_id30_0009.mp4,1,0.059339948
/home/tianlong/Downloads/celebdf/Celeb-synthesis/id27_id19_0001.mp4,1,0.00018081562
/home/tianlong/Downloads/celebdf/Celeb-synthesis/id23_id16_0003.mp4,1,0.060563732
/home/tianlong/Downloads/celebdf/Celeb-synthesis/id58_id57_0008.mp4,1,0.23700714
/home/tianlong/Downloads/celebdf/Celeb-synthesis/id17_id2_0007.mp4,1,0.1762808
/home/tianlong/Downloads/celebdf/Celeb-synthesis/id28_id3_0001.mp4,1,0.0787758
/home/tianlong/Downloads/celebdf/Celeb-synthesis/id23_id35_0009.mp4,1,0.08854644
/home/tianlong/Downloads/celebdf/Celeb-synthesis/id4_id0_0001.mp4,1,0.27786806
/home/tianlong/Downloads/celebdf/Celeb-synthesis/id17_id31_0009.mp4,1,0.04585231
/home/tianlong/Downloads/celebdf/Celeb-synthesis/id48_id47_0008.mp4,1,0.17415458
/home/tianlong/Downloads/celebdf/Celeb-synthesis/id50_id49_0001.mp4,1,0.121467195
/home/tianlong/Downloads/celebdf/Celeb-synthesis/id20_id1_0003.mp4,1,0.00904262
/home/tianlong/Downloads/celebdf/Celeb-synthesis/id16_id3_0010.mp4,1,0.1405341
/home/tianlong/Downloads/celebdf/Celeb-synthesis/id23_id19_0000.mp4,1,0.19316807
/home/tianlong/Downloads/celebdf/Celeb-synthesis/id1_id3_0009.mp4,1,0.08061397
/home/tianlong/Downloads/celebdf/Celeb-synthesis/id43_id40_0005.mp4,1,0.40910465
/home/tianlong/Downloads/celebdf/Celeb-synthesis/id4_id6_0002.mp4,1,0.026213193
/home/tianlong/Downloads/celebdf/Celeb-synthesis/id10_id7_0008.mp4,1,0.37481394
/home/tianlong/Downloads/celebdf/Celeb-synthesis/id13_id10_0008.mp4,1,0.33440465
/home/tianlong/Downloads/celebdf/Celeb-synthesis/id12_id7_0006.mp4,1,0.33654317
/home/tianlong/Downloads/celebdf/Celeb-synthesis/id6_id2_0008.mp4,1,0.16572952
/home/tianlong/Downloads/celebdf/Celeb-synthesis/id2_id0_0002.mp4,1,0.11728597
/home/tianlong/Downloads/celebdf/Celeb-synthesis/id2_id6_0002.mp4,1,0.012484288
/home/tianlong/Downloads/celebdf/Celeb-synthesis/id30_id28_0006.mp4,1,0.15040706
/home/tianlong/Downloads/celebdf/Celeb-synthesis/id52_id50_0007.mp4,1,0.4261934
/home/tianlong/Downloads/celebdf/Celeb-synthesis/id49_id52_0007.mp4,1,0.0037883143
/home/tianlong/Downloads/celebdf/Celeb-synthesis/id51_id50_0008.mp4,1,0.21416847
/home/tianlong/Downloads/celebdf/Celeb-synthesis/id21_id3_0009.mp4,1,0.21567671
/home/tianlong/Downloads/celebdf/Celeb-synthesis/id31_id16_0002.mp4,1,0.15151413
/home/tianlong/Downloads/celebdf/Celeb-synthesis/id25_id28_0003.mp4,1,0.09975474
/home/tianlong/Downloads/celebdf/Celeb-synthesis/id21_id20_0006.mp4,1,0.044323243
/home/tianlong/Downloads/celebdf/Celeb-synthesis/id10_id7_0005.mp4,1,0.24368677
/home/tianlong/Downloads/celebdf/Celeb-synthesis/id38_id30_0006.mp4,1,0.20142984
/home/tianlong/Downloads/celebdf/Celeb-synthesis/id35_id30_0006.mp4,1,0.13431035
/home/tianlong/Downloads/celebdf/Celeb-synthesis/id20_id9_0008.mp4,1,0.17111942
/home/tianlong/Downloads/celebdf/Celeb-synthesis/id25_id23_0010.mp4,1,0.34670788
/home/tianlong/Downloads/celebdf/Celeb-synthesis/id17_id21_0000.mp4,1,0.1787887
/home/tianlong/Downloads/celebdf/Celeb-synthesis/id45_id47_0002.mp4,1,0.2498823
/home/tianlong/Downloads/celebdf/Celeb-synthesis/id1_id3_0003.mp4,1,0.0021065795
/home/tianlong/Downloads/celebdf/Celeb-synthesis/id27_id26_0006.mp4,1,0.09898364
/home/tianlong/Downloads/celebdf/Celeb-synthesis/id44_id42_0001.mp4,1,0.18279164
/home/tianlong/Downloads/celebdf/Celeb-synthesis/id57_id53_0006.mp4,1,0.1793247
/home/tianlong/Downloads/celebdf/Celeb-synthesis/id43_id39_0000.mp4,1,0.18214463
/home/tianlong/Downloads/celebdf/Celeb-synthesis/id35_id16_0004.mp4,1,0.15475819
/home/tianlong/Downloads/celebdf/Celeb-synthesis/id42_id40_0001.mp4,1,0.2736128
/home/tianlong/Downloads/celebdf/Celeb-synthesis/id21_id2_0000.mp4,1,0.18478318
/home/tianlong/Downloads/celebdf/Celeb-synthesis/id37_id21_0000.mp4,1,0.047511384
/home/tianlong/Downloads/celebdf/Celeb-synthesis/id29_id38_0008.mp4,1,0.055686403
/home/tianlong/Downloads/celebdf/Celeb-synthesis/id39_id44_0000.mp4,1,0.51016724
/home/tianlong/Downloads/celebdf/Celeb-synthesis/id9_id6_0005.mp4,1,0.015674483
/home/tianlong/Downloads/celebdf/Celeb-synthesis/id0_id1_0001.mp4,1,0.1577095
/home/tianlong/Downloads/celebdf/Celeb-synthesis/id31_id2_0004.mp4,1,0.130269
/home/tianlong/Downloads/celebdf/Celeb-synthesis/id38_id34_0003.mp4,1,0.13558695
/home/tianlong/Downloads/celebdf/Celeb-synthesis/id56_id57_0007.mp4,1,0.09181619
/home/tianlong/Downloads/celebdf/Celeb-synthesis/id52_id58_0005.mp4,1,0.49964848
/home/tianlong/Downloads/celebdf/Celeb-synthesis/id28_id4_0000.mp4,1,0.14212629
/home/tianlong/Downloads/celebdf/Celeb-synthesis/id22_id26_0005.mp4,1,0.116909765
/home/tianlong/Downloads/celebdf/Celeb-synthesis/id4_id30_0000.mp4,1,0.09021766
/home/tianlong/Downloads/celebdf/Celeb-synthesis/id29_id32_0003.mp4,1,0.059376705
/home/tianlong/Downloads/celebdf/Celeb-synthesis/id35_id20_0007.mp4,1,0.28442267
/home/tianlong/Downloads/celebdf/Celeb-synthesis/id1_id2_0007.mp4,1,0.49754745
/home/tianlong/Downloads/celebdf/Celeb-synthesis/id30_id3_0002.mp4,1,0.07453344
/home/tianlong/Downloads/celebdf/Celeb-synthesis/id22_id25_0001.mp4,1,0.2014548
/home/tianlong/Downloads/celebdf/Celeb-synthesis/id39_id44_0008.mp4,1,0.5431829
/home/tianlong/Downloads/celebdf/Celeb-synthesis/id34_id29_0008.mp4,1,0.14961466
/home/tianlong/Downloads/celebdf/Celeb-synthesis/id21_id28_0009.mp4,1,0.061658133
/home/tianlong/Downloads/celebdf/Celeb-synthesis/id30_id4_0001.mp4,1,0.30888933
/home/tianlong/Downloads/celebdf/Celeb-synthesis/id25_id19_0008.mp4,1,0.076499
/home/tianlong/Downloads/celebdf/Celeb-synthesis/id21_id4_0002.mp4,1,0.23523131
/home/tianlong/Downloads/celebdf/Celeb-synthesis/id17_id28_0001.mp4,1,0.020591922
/home/tianlong/Downloads/celebdf/Celeb-synthesis/id6_id1_0007.mp4,1,0.0022419628
/home/tianlong/Downloads/celebdf/Celeb-synthesis/id9_id2_0008.mp4,1,0.0904652
/home/tianlong/Downloads/celebdf/Celeb-synthesis/id8_id5_0008.mp4,1,0.20389934
/home/tianlong/Downloads/celebdf/Celeb-synthesis/id37_id3_0004.mp4,1,0.097002424
/home/tianlong/Downloads/celebdf/Celeb-synthesis/id17_id2_0003.mp4,1,0.6317096
