Video,Label,Prediction
/home/tianlong/Downloads/celebdf/YouTube-real/00170.mp4,0,0.9940044
/home/tianlong/Downloads/celebdf/YouTube-real/00208.mp4,0,0.6853618
/home/tianlong/Downloads/celebdf/YouTube-real/00063.mp4,0,0.99749506
/home/tianlong/Downloads/celebdf/YouTube-real/00024.mp4,0,9.413673e-05
/home/tianlong/Downloads/celebdf/YouTube-real/00021.mp4,0,0.00036439375
/home/tianlong/Downloads/celebdf/YouTube-real/00036.mp4,0,0.00018344702
/home/tianlong/Downloads/celebdf/YouTube-real/00202.mp4,0,0.99886996
/home/tianlong/Downloads/celebdf/YouTube-real/00236.mp4,0,0.0010864234
/home/tianlong/Downloads/celebdf/YouTube-real/00197.mp4,0,0.00017320244
/home/tianlong/Downloads/celebdf/YouTube-real/00133.mp4,0,0.98116416
/home/tianlong/Downloads/celebdf/YouTube-real/00213.mp4,0,0.0009233319
/home/tianlong/Downloads/celebdf/YouTube-real/00011.mp4,0,0.9316885
/home/tianlong/Downloads/celebdf/YouTube-real/00095.mp4,0,0.99970007
/home/tianlong/Downloads/celebdf/YouTube-real/00138.mp4,0,0.00053889246
/home/tianlong/Downloads/celebdf/YouTube-real/00106.mp4,0,0.015736274
/home/tianlong/Downloads/celebdf/YouTube-real/00194.mp4,0,0.0005893773
/home/tianlong/Downloads/celebdf/YouTube-real/00092.mp4,0,0.027280144
/home/tianlong/Downloads/celebdf/YouTube-real/00227.mp4,0,0.00015085728
/home/tianlong/Downloads/celebdf/YouTube-real/00244.mp4,0,0.0005039938
/home/tianlong/Downloads/celebdf/YouTube-real/00119.mp4,0,0.0006835115
/home/tianlong/Downloads/celebdf/YouTube-real/00082.mp4,0,0.00020118536
/home/tianlong/Downloads/celebdf/YouTube-real/00188.mp4,0,0.00624446
/home/tianlong/Downloads/celebdf/YouTube-real/00076.mp4,0,0.00024402334
/home/tianlong/Downloads/celebdf/YouTube-real/00047.mp4,0,0.83441454
/home/tianlong/Downloads/celebdf/YouTube-real/00168.mp4,0,0.53807575
/home/tianlong/Downloads/celebdf/YouTube-real/00207.mp4,0,0.0080223465
/home/tianlong/Downloads/celebdf/YouTube-real/00193.mp4,0,0.0003707084
/home/tianlong/Downloads/celebdf/YouTube-real/00061.mp4,0,0.99925107
/home/tianlong/Downloads/celebdf/YouTube-real/00023.mp4,0,0.00593008
/home/tianlong/Downloads/celebdf/YouTube-real/00048.mp4,0,0.99415576
/home/tianlong/Downloads/celebdf/YouTube-real/00250.mp4,0,0.00031757265
/home/tianlong/Downloads/celebdf/YouTube-real/00251.mp4,0,0.95201904
/home/tianlong/Downloads/celebdf/YouTube-real/00252.mp4,0,0.00014796044
/home/tianlong/Downloads/celebdf/YouTube-real/00253.mp4,0,0.00040866132
/home/tianlong/Downloads/celebdf/YouTube-real/00254.mp4,0,0.99338526
/home/tianlong/Downloads/celebdf/YouTube-real/00255.mp4,0,0.00084930303
/home/tianlong/Downloads/celebdf/YouTube-real/00256.mp4,0,0.0001057779
/home/tianlong/Downloads/celebdf/YouTube-real/00257.mp4,0,0.00043355356
/home/tianlong/Downloads/celebdf/YouTube-real/00258.mp4,0,0.0014349014
/home/tianlong/Downloads/celebdf/YouTube-real/00259.mp4,0,0.00021720969
/home/tianlong/Downloads/celebdf/YouTube-real/00260.mp4,0,0.0004331512
/home/tianlong/Downloads/celebdf/YouTube-real/00261.mp4,0,0.0031540915
/home/tianlong/Downloads/celebdf/YouTube-real/00262.mp4,0,0.0006909845
/home/tianlong/Downloads/celebdf/YouTube-real/00263.mp4,0,0.00020060765
/home/tianlong/Downloads/celebdf/YouTube-real/00264.mp4,0,0.038308356
/home/tianlong/Downloads/celebdf/YouTube-real/00265.mp4,0,0.00017192609
/home/tianlong/Downloads/celebdf/YouTube-real/00266.mp4,0,0.0014426372
/home/tianlong/Downloads/celebdf/YouTube-real/00267.mp4,0,0.000135195
/home/tianlong/Downloads/celebdf/YouTube-real/00268.mp4,0,0.00018002011
/home/tianlong/Downloads/celebdf/YouTube-real/00269.mp4,0,8.869314e-05
/home/tianlong/Downloads/celebdf/YouTube-real/00270.mp4,0,0.0004983586
/home/tianlong/Downloads/celebdf/YouTube-real/00271.mp4,0,0.00068512664
/home/tianlong/Downloads/celebdf/YouTube-real/00272.mp4,0,0.6950538
/home/tianlong/Downloads/celebdf/YouTube-real/00273.mp4,0,0.00012557654
/home/tianlong/Downloads/celebdf/YouTube-real/00274.mp4,0,0.00012111244
/home/tianlong/Downloads/celebdf/YouTube-real/00275.mp4,0,0.039880887
/home/tianlong/Downloads/celebdf/YouTube-real/00276.mp4,0,0.00023529955
/home/tianlong/Downloads/celebdf/YouTube-real/00277.mp4,0,0.00031212208
/home/tianlong/Downloads/celebdf/YouTube-real/00278.mp4,0,0.0004389405
/home/tianlong/Downloads/celebdf/YouTube-real/00279.mp4,0,0.0005529863
/home/tianlong/Downloads/celebdf/YouTube-real/00280.mp4,0,0.24041328
/home/tianlong/Downloads/celebdf/YouTube-real/00281.mp4,0,0.41133693
/home/tianlong/Downloads/celebdf/YouTube-real/00282.mp4,0,0.01912516
/home/tianlong/Downloads/celebdf/YouTube-real/00283.mp4,0,0.8885049
/home/tianlong/Downloads/celebdf/YouTube-real/00284.mp4,0,0.0005419499
/home/tianlong/Downloads/celebdf/YouTube-real/00285.mp4,0,0.71743786
/home/tianlong/Downloads/celebdf/YouTube-real/00286.mp4,0,0.97047955
/home/tianlong/Downloads/celebdf/YouTube-real/00287.mp4,0,0.03945082
/home/tianlong/Downloads/celebdf/YouTube-real/00288.mp4,0,0.00012352031
/home/tianlong/Downloads/celebdf/YouTube-real/00289.mp4,0,0.0011273919
/home/tianlong/Downloads/celebdf/Celeb-real/id1_0007.mp4,0,0.00032051146
/home/tianlong/Downloads/celebdf/Celeb-real/id2_0008.mp4,0,0.68461597
/home/tianlong/Downloads/celebdf/Celeb-real/id3_0001.mp4,0,0.00013397125
/home/tianlong/Downloads/celebdf/Celeb-real/id6_0005.mp4,0,0.19342895
/home/tianlong/Downloads/celebdf/Celeb-real/id9_0000.mp4,0,0.00074413174
/home/tianlong/Downloads/celebdf/Celeb-real/id11_0008.mp4,0,0.011776988
/home/tianlong/Downloads/celebdf/Celeb-real/id16_0011.mp4,0,0.9988317
/home/tianlong/Downloads/celebdf/Celeb-real/id17_0000.mp4,0,0.09639839
/home/tianlong/Downloads/celebdf/Celeb-real/id35_0008.mp4,0,0.0022141838
/home/tianlong/Downloads/celebdf/Celeb-real/id39_0005.mp4,0,0.06947468
/home/tianlong/Downloads/celebdf/Celeb-real/id48_0000.mp4,0,0.00025167895
/home/tianlong/Downloads/celebdf/Celeb-real/id32_0008.mp4,0,0.00031455338
/home/tianlong/Downloads/celebdf/Celeb-real/id56_0009.mp4,0,0.9995492
/home/tianlong/Downloads/celebdf/Celeb-real/id54_0007.mp4,0,0.21507654
/home/tianlong/Downloads/celebdf/Celeb-real/id37_0005.mp4,0,0.0007624432
/home/tianlong/Downloads/celebdf/Celeb-real/id29_0008.mp4,0,0.000322395
/home/tianlong/Downloads/celebdf/Celeb-real/id43_0006.mp4,0,0.00030853684
/home/tianlong/Downloads/celebdf/Celeb-real/id1_0006.mp4,0,0.0005122889
/home/tianlong/Downloads/celebdf/Celeb-real/id51_0001.mp4,0,0.3455498
/home/tianlong/Downloads/celebdf/Celeb-real/id31_0007.mp4,0,0.0010637591
/home/tianlong/Downloads/celebdf/Celeb-real/id2_0003.mp4,0,0.00039735326
/home/tianlong/Downloads/celebdf/Celeb-real/id21_0009.mp4,0,0.16714753
/home/tianlong/Downloads/celebdf/Celeb-real/id50_0003.mp4,0,0.00012470223
/home/tianlong/Downloads/celebdf/Celeb-real/id21_0006.mp4,0,0.008772455
/home/tianlong/Downloads/celebdf/Celeb-real/id44_0003.mp4,0,0.0020935345
/home/tianlong/Downloads/celebdf/Celeb-real/id36_0006.mp4,0,0.15395142
/home/tianlong/Downloads/celebdf/Celeb-real/id36_0008.mp4,0,0.0010851077
/home/tianlong/Downloads/celebdf/Celeb-real/id1_0008.mp4,0,0.00028197546
/home/tianlong/Downloads/celebdf/Celeb-real/id45_0003.mp4,0,0.0010908298
/home/tianlong/Downloads/celebdf/Celeb-real/id48_0003.mp4,0,0.00017902967
/home/tianlong/Downloads/celebdf/Celeb-real/id23_0001.mp4,0,0.00013954249
/home/tianlong/Downloads/celebdf/Celeb-real/id16_0010.mp4,0,0.0018546581
/home/tianlong/Downloads/celebdf/Celeb-real/id31_0004.mp4,0,0.00090622064
/home/tianlong/Downloads/celebdf/Celeb-real/id35_0000.mp4,0,0.99772054
/home/tianlong/Downloads/celebdf/Celeb-real/id58_0002.mp4,0,0.0001987271
/home/tianlong/Downloads/celebdf/Celeb-real/id30_0007.mp4,0,0.00049348455
/home/tianlong/Downloads/celebdf/Celeb-real/id12_0005.mp4,0,0.00019131781
/home/tianlong/Downloads/celebdf/Celeb-real/id56_0002.mp4,0,0.22291233
/home/tianlong/Downloads/celebdf/Celeb-real/id33_0005.mp4,0,0.10532121
/home/tianlong/Downloads/celebdf/Celeb-real/id29_0009.mp4,0,0.0045024683
/home/tianlong/Downloads/celebdf/Celeb-real/id13_0013.mp4,0,0.0005030454
/home/tianlong/Downloads/celebdf/Celeb-real/id28_0009.mp4,0,0.002249181
/home/tianlong/Downloads/celebdf/Celeb-real/id36_0000.mp4,0,0.00077080756
/home/tianlong/Downloads/celebdf/Celeb-real/id24_0009.mp4,0,0.7696138
/home/tianlong/Downloads/celebdf/Celeb-real/id39_0004.mp4,0,0.00026518377
/home/tianlong/Downloads/celebdf/Celeb-real/id27_0008.mp4,0,0.99504673
/home/tianlong/Downloads/celebdf/Celeb-real/id11_0006.mp4,0,0.00032290345
/home/tianlong/Downloads/celebdf/Celeb-real/id19_0007.mp4,0,0.00026571093
/home/tianlong/Downloads/celebdf/Celeb-real/id37_0009.mp4,0,0.91757137
/home/tianlong/Downloads/celebdf/Celeb-real/id3_0008.mp4,0,0.0006266942
/home/tianlong/Downloads/celebdf/Celeb-real/id46_0000.mp4,0,0.9878
/home/tianlong/Downloads/celebdf/Celeb-real/id33_0008.mp4,0,0.0021691187
/home/tianlong/Downloads/celebdf/Celeb-real/id8_0000.mp4,0,0.0035523535
/home/tianlong/Downloads/celebdf/Celeb-real/id16_0007.mp4,0,0.10214786
/home/tianlong/Downloads/celebdf/Celeb-real/id1_0001.mp4,0,0.0078207785
/home/tianlong/Downloads/celebdf/Celeb-real/id32_0002.mp4,0,0.99773765
/home/tianlong/Downloads/celebdf/Celeb-real/id19_0005.mp4,0,0.0005493137
/home/tianlong/Downloads/celebdf/Celeb-real/id27_0009.mp4,0,0.00028696295
/home/tianlong/Downloads/celebdf/Celeb-real/id2_0001.mp4,0,0.00013533985
/home/tianlong/Downloads/celebdf/Celeb-real/id13_0011.mp4,0,0.00013634762
/home/tianlong/Downloads/celebdf/Celeb-real/id49_0004.mp4,0,0.024017865
/home/tianlong/Downloads/celebdf/Celeb-real/id57_0007.mp4,0,0.0006079111
/home/tianlong/Downloads/celebdf/Celeb-real/id26_0008.mp4,0,0.0036411698
/home/tianlong/Downloads/celebdf/Celeb-real/id2_0004.mp4,0,0.005589448
/home/tianlong/Downloads/celebdf/Celeb-real/id36_0001.mp4,0,0.0052962746
/home/tianlong/Downloads/celebdf/Celeb-real/id0_0001.mp4,0,0.00012898448
/home/tianlong/Downloads/celebdf/Celeb-real/id10_0007.mp4,0,0.0003147676
/home/tianlong/Downloads/celebdf/Celeb-real/id17_0002.mp4,0,0.9983997
/home/tianlong/Downloads/celebdf/Celeb-real/id4_0004.mp4,0,0.9979569
/home/tianlong/Downloads/celebdf/Celeb-real/id36_0002.mp4,0,0.0006025752
/home/tianlong/Downloads/celebdf/Celeb-real/id53_0003.mp4,0,0.031784695
/home/tianlong/Downloads/celebdf/Celeb-real/id25_0010.mp4,0,0.0015063587
/home/tianlong/Downloads/celebdf/Celeb-real/id51_0006.mp4,0,0.79002124
/home/tianlong/Downloads/celebdf/Celeb-real/id22_0000.mp4,0,0.00019577474
/home/tianlong/Downloads/celebdf/Celeb-real/id10_0001.mp4,0,0.000104508596
/home/tianlong/Downloads/celebdf/Celeb-real/id6_0002.mp4,0,0.9298774
/home/tianlong/Downloads/celebdf/Celeb-real/id12_0000.mp4,0,9.433128e-05
/home/tianlong/Downloads/celebdf/Celeb-real/id35_0003.mp4,0,0.0004998487
/home/tianlong/Downloads/celebdf/Celeb-real/id3_0002.mp4,0,0.011093776
/home/tianlong/Downloads/celebdf/Celeb-real/id31_0003.mp4,0,0.1361013
/home/tianlong/Downloads/celebdf/Celeb-real/id52_0002.mp4,0,0.11836855
/home/tianlong/Downloads/celebdf/Celeb-real/id2_0002.mp4,0,0.0021595366
/home/tianlong/Downloads/celebdf/Celeb-real/id44_0001.mp4,0,0.00035339833
/home/tianlong/Downloads/celebdf/Celeb-real/id8_0009.mp4,0,0.001190029
/home/tianlong/Downloads/celebdf/Celeb-real/id33_0002.mp4,0,0.0010584994
/home/tianlong/Downloads/celebdf/Celeb-real/id50_0000.mp4,0,0.24119173
/home/tianlong/Downloads/celebdf/Celeb-real/id40_0003.mp4,0,0.97074234
/home/tianlong/Downloads/celebdf/Celeb-real/id7_0006.mp4,0,0.00020757313
/home/tianlong/Downloads/celebdf/Celeb-real/id53_0007.mp4,0,0.04368607
/home/tianlong/Downloads/celebdf/Celeb-real/id43_0002.mp4,0,0.00016708014
/home/tianlong/Downloads/celebdf/Celeb-real/id56_0000.mp4,0,0.07329564
/home/tianlong/Downloads/celebdf/Celeb-real/id13_0004.mp4,0,0.000521305
/home/tianlong/Downloads/celebdf/Celeb-real/id43_0001.mp4,0,0.0006322912
/home/tianlong/Downloads/celebdf/Celeb-real/id20_0008.mp4,0,0.0007322971
/home/tianlong/Downloads/celebdf/Celeb-real/id28_0004.mp4,0,0.106735155
/home/tianlong/Downloads/celebdf/Celeb-real/id22_0009.mp4,0,0.056407854
/home/tianlong/Downloads/celebdf/Celeb-real/id53_0000.mp4,0,0.9547213
/home/tianlong/Downloads/celebdf/Celeb-real/id50_0006.mp4,0,0.0024222212
/home/tianlong/Downloads/celebdf/Celeb-real/id32_0003.mp4,0,0.20124385
/home/tianlong/Downloads/celebdf/Celeb-real/id32_0006.mp4,0,0.0036867633
/home/tianlong/Downloads/celebdf/Celeb-real/id57_0003.mp4,0,0.0003151537
/home/tianlong/Downloads/celebdf/Celeb-real/id37_0004.mp4,0,0.00047566227
/home/tianlong/Downloads/celebdf/Celeb-real/id28_0007.mp4,0,0.78139514
/home/tianlong/Downloads/celebdf/Celeb-real/id52_0001.mp4,0,0.0013160269
/home/tianlong/Downloads/celebdf/Celeb-real/id40_0009.mp4,0,0.9991085
/home/tianlong/Downloads/celebdf/Celeb-real/id51_0005.mp4,0,0.7564593
/home/tianlong/Downloads/celebdf/Celeb-real/id34_0006.mp4,0,0.89688027
/home/tianlong/Downloads/celebdf/Celeb-real/id42_0002.mp4,0,0.04666129
/home/tianlong/Downloads/celebdf/Celeb-synthesis/id1_id0_0007.mp4,1,0.00021492544
/home/tianlong/Downloads/celebdf/Celeb-synthesis/id1_id3_0007.mp4,1,0.00021254235
/home/tianlong/Downloads/celebdf/Celeb-synthesis/id1_id4_0007.mp4,1,0.000256192
/home/tianlong/Downloads/celebdf/Celeb-synthesis/id1_id9_0007.mp4,1,0.00041787565
/home/tianlong/Downloads/celebdf/Celeb-synthesis/id1_id16_0007.mp4,1,0.0015405919
/home/tianlong/Downloads/celebdf/Celeb-synthesis/id1_id17_0007.mp4,1,0.00031128316
/home/tianlong/Downloads/celebdf/Celeb-synthesis/id2_id0_0008.mp4,1,0.13588108
/home/tianlong/Downloads/celebdf/Celeb-synthesis/id2_id3_0008.mp4,1,0.7510308
/home/tianlong/Downloads/celebdf/Celeb-synthesis/id2_id9_0008.mp4,1,0.99919575
/home/tianlong/Downloads/celebdf/Celeb-synthesis/id3_id1_0001.mp4,1,0.00046189575
/home/tianlong/Downloads/celebdf/Celeb-synthesis/id3_id2_0001.mp4,1,0.0008328973
/home/tianlong/Downloads/celebdf/Celeb-synthesis/id3_id4_0001.mp4,1,0.060344566
/home/tianlong/Downloads/celebdf/Celeb-synthesis/id3_id6_0001.mp4,1,0.0015120757
/home/tianlong/Downloads/celebdf/Celeb-synthesis/id3_id9_0001.mp4,1,0.0004903315
/home/tianlong/Downloads/celebdf/Celeb-synthesis/id3_id16_0001.mp4,1,0.012222654
/home/tianlong/Downloads/celebdf/Celeb-synthesis/id4_id1_0003.mp4,1,0.0004097471
/home/tianlong/Downloads/celebdf/Celeb-synthesis/id6_id0_0005.mp4,1,0.9118548
/home/tianlong/Downloads/celebdf/Celeb-synthesis/id6_id1_0005.mp4,1,0.60148627
/home/tianlong/Downloads/celebdf/Celeb-synthesis/id6_id2_0005.mp4,1,0.6943075
/home/tianlong/Downloads/celebdf/Celeb-synthesis/id6_id3_0005.mp4,1,0.3758098
/home/tianlong/Downloads/celebdf/Celeb-synthesis/id6_id16_0005.mp4,1,0.99879766
/home/tianlong/Downloads/celebdf/Celeb-synthesis/id7_id10_0009.mp4,1,0.00034162283
/home/tianlong/Downloads/celebdf/Celeb-synthesis/id7_id11_0009.mp4,1,0.0006981246
/home/tianlong/Downloads/celebdf/Celeb-synthesis/id7_id13_0009.mp4,1,0.00032187384
/home/tianlong/Downloads/celebdf/Celeb-synthesis/id9_id0_0000.mp4,1,0.0013393187
/home/tianlong/Downloads/celebdf/Celeb-synthesis/id9_id1_0000.mp4,1,0.0014196599
/home/tianlong/Downloads/celebdf/Celeb-synthesis/id9_id2_0000.mp4,1,0.00017769888
/home/tianlong/Downloads/celebdf/Celeb-synthesis/id9_id3_0000.mp4,1,0.00024504802
/home/tianlong/Downloads/celebdf/Celeb-synthesis/id9_id6_0000.mp4,1,0.00025201365
/home/tianlong/Downloads/celebdf/Celeb-synthesis/id9_id16_0000.mp4,1,0.014650804
/home/tianlong/Downloads/celebdf/Celeb-synthesis/id10_id7_0004.mp4,1,0.0014694276
/home/tianlong/Downloads/celebdf/Celeb-synthesis/id10_id11_0004.mp4,1,0.00052104867
/home/tianlong/Downloads/celebdf/Celeb-synthesis/id10_id12_0004.mp4,1,0.0002360854
/home/tianlong/Downloads/celebdf/Celeb-synthesis/id10_id13_0004.mp4,1,0.00021849836
/home/tianlong/Downloads/celebdf/Celeb-synthesis/id10_id7_0001.mp4,1,0.00017615392
/home/tianlong/Downloads/celebdf/Celeb-synthesis/id10_id11_0001.mp4,1,0.00011306272
/home/tianlong/Downloads/celebdf/Celeb-synthesis/id10_id12_0001.mp4,1,0.00019176818
/home/tianlong/Downloads/celebdf/Celeb-synthesis/id10_id13_0001.mp4,1,0.0001250008
/home/tianlong/Downloads/celebdf/Celeb-synthesis/id11_id7_0008.mp4,1,0.42278436
/home/tianlong/Downloads/celebdf/Celeb-synthesis/id16_id0_0011.mp4,1,0.010758675
/home/tianlong/Downloads/celebdf/Celeb-synthesis/id16_id1_0011.mp4,1,0.0011255736
/home/tianlong/Downloads/celebdf/Celeb-synthesis/id16_id2_0011.mp4,1,0.0022254938
/home/tianlong/Downloads/celebdf/Celeb-synthesis/id16_id3_0011.mp4,1,0.052397776
/home/tianlong/Downloads/celebdf/Celeb-synthesis/id16_id6_0011.mp4,1,0.9059033
/home/tianlong/Downloads/celebdf/Celeb-synthesis/id17_id0_0000.mp4,1,0.0033875655
/home/tianlong/Downloads/celebdf/Celeb-synthesis/id17_id1_0000.mp4,1,0.00041029902
/home/tianlong/Downloads/celebdf/Celeb-synthesis/id17_id2_0000.mp4,1,0.0005529041
/home/tianlong/Downloads/celebdf/Celeb-synthesis/id17_id3_0000.mp4,1,0.0014183985
/home/tianlong/Downloads/celebdf/Celeb-synthesis/id17_id6_0000.mp4,1,0.0006839865
/home/tianlong/Downloads/celebdf/Celeb-synthesis/id17_id9_0000.mp4,1,0.0031135383
/home/tianlong/Downloads/celebdf/Celeb-synthesis/id17_id16_0000.mp4,1,0.21242309
/home/tianlong/Downloads/celebdf/Celeb-synthesis/id16_id20_0000.mp4,1,0.998928
/home/tianlong/Downloads/celebdf/Celeb-synthesis/id17_id23_0000.mp4,1,0.008166817
/home/tianlong/Downloads/celebdf/Celeb-synthesis/id3_id28_0001.mp4,1,0.0019274977
/home/tianlong/Downloads/celebdf/Celeb-synthesis/id35_id32_0007.mp4,1,0.016446942
/home/tianlong/Downloads/celebdf/Celeb-synthesis/id30_id26_0004.mp4,1,0.9996952
/home/tianlong/Downloads/celebdf/Celeb-synthesis/id16_id20_0006.mp4,1,0.013518356
/home/tianlong/Downloads/celebdf/Celeb-synthesis/id4_id20_0001.mp4,1,0.00065990887
/home/tianlong/Downloads/celebdf/Celeb-synthesis/id26_id3_0002.mp4,1,0.0011527571
/home/tianlong/Downloads/celebdf/Celeb-synthesis/id20_id31_0006.mp4,1,0.0072383843
/home/tianlong/Downloads/celebdf/Celeb-synthesis/id6_id23_0001.mp4,1,0.8740679
/home/tianlong/Downloads/celebdf/Celeb-synthesis/id9_id23_0009.mp4,1,0.0015347486
/home/tianlong/Downloads/celebdf/Celeb-synthesis/id32_id33_0002.mp4,1,0.995468
/home/tianlong/Downloads/celebdf/Celeb-synthesis/id16_id20_0012.mp4,1,0.9939224
/home/tianlong/Downloads/celebdf/Celeb-synthesis/id29_id30_0000.mp4,1,0.7711984
/home/tianlong/Downloads/celebdf/Celeb-synthesis/id3_id20_0008.mp4,1,0.42949307
/home/tianlong/Downloads/celebdf/Celeb-synthesis/id22_id27_0001.mp4,1,0.00028958518
/home/tianlong/Downloads/celebdf/Celeb-synthesis/id27_id21_0002.mp4,1,0.1666223
/home/tianlong/Downloads/celebdf/Celeb-synthesis/id29_id35_0000.mp4,1,0.879125
/home/tianlong/Downloads/celebdf/Celeb-synthesis/id21_id19_0005.mp4,1,0.0005743645
/home/tianlong/Downloads/celebdf/Celeb-synthesis/id23_id26_0003.mp4,1,0.9793428
/home/tianlong/Downloads/celebdf/Celeb-synthesis/id30_id35_0009.mp4,1,0.99925905
/home/tianlong/Downloads/celebdf/Celeb-synthesis/id9_id26_0000.mp4,1,0.0022001413
/home/tianlong/Downloads/celebdf/Celeb-synthesis/id33_id32_0006.mp4,1,0.99938524
/home/tianlong/Downloads/celebdf/Celeb-synthesis/id30_id34_0003.mp4,1,0.80333716
/home/tianlong/Downloads/celebdf/Celeb-synthesis/id29_id37_0008.mp4,1,0.00047038367
/home/tianlong/Downloads/celebdf/Celeb-synthesis/id35_id31_0006.mp4,1,0.0015148924
/home/tianlong/Downloads/celebdf/Celeb-synthesis/id37_id34_0008.mp4,1,0.0026578482
/home/tianlong/Downloads/celebdf/Celeb-synthesis/id26_id16_0001.mp4,1,0.9987772
/home/tianlong/Downloads/celebdf/Celeb-synthesis/id17_id23_0009.mp4,1,0.9946694
/home/tianlong/Downloads/celebdf/Celeb-synthesis/id6_id20_0007.mp4,1,0.9900962
/home/tianlong/Downloads/celebdf/Celeb-synthesis/id1_id20_0001.mp4,1,0.00026900962
/home/tianlong/Downloads/celebdf/Celeb-synthesis/id1_id23_0006.mp4,1,0.0020049948
/home/tianlong/Downloads/celebdf/Celeb-synthesis/id37_id35_0001.mp4,1,0.99957734
/home/tianlong/Downloads/celebdf/Celeb-synthesis/id4_id23_0006.mp4,1,0.013900829
/home/tianlong/Downloads/celebdf/Celeb-synthesis/id17_id26_0006.mp4,1,0.9489005
/home/tianlong/Downloads/celebdf/Celeb-synthesis/id20_id1_0007.mp4,1,0.00015310623
/home/tianlong/Downloads/celebdf/Celeb-synthesis/id0_id26_0009.mp4,1,0.0141793825
/home/tianlong/Downloads/celebdf/Celeb-synthesis/id38_id33_0005.mp4,1,0.9369233
/home/tianlong/Downloads/celebdf/Celeb-synthesis/id28_id35_0008.mp4,1,0.26211774
/home/tianlong/Downloads/celebdf/Celeb-synthesis/id23_id35_0006.mp4,1,0.99935144
/home/tianlong/Downloads/celebdf/Celeb-synthesis/id6_id28_0002.mp4,1,0.9993968
/home/tianlong/Downloads/celebdf/Celeb-synthesis/id35_id28_0006.mp4,1,0.0022244165
/home/tianlong/Downloads/celebdf/Celeb-synthesis/id32_id31_0008.mp4,1,0.976767
/home/tianlong/Downloads/celebdf/Celeb-synthesis/id38_id34_0004.mp4,1,0.99911565
/home/tianlong/Downloads/celebdf/Celeb-synthesis/id3_id28_0009.mp4,1,0.022642365
/home/tianlong/Downloads/celebdf/Celeb-synthesis/id37_id28_0007.mp4,1,0.990638
/home/tianlong/Downloads/celebdf/Celeb-synthesis/id1_id20_0002.mp4,1,0.0020909212
/home/tianlong/Downloads/celebdf/Celeb-synthesis/id37_id31_0008.mp4,1,0.006129386
/home/tianlong/Downloads/celebdf/Celeb-synthesis/id30_id23_0007.mp4,1,0.00039270797
/home/tianlong/Downloads/celebdf/Celeb-synthesis/id28_id26_0000.mp4,1,0.00038791634
/home/tianlong/Downloads/celebdf/Celeb-synthesis/id2_id28_0003.mp4,1,0.021404251
/home/tianlong/Downloads/celebdf/Celeb-synthesis/id27_id24_0007.mp4,1,0.09516331
/home/tianlong/Downloads/celebdf/Celeb-synthesis/id30_id32_0006.mp4,1,0.9510785
/home/tianlong/Downloads/celebdf/Celeb-synthesis/id35_id31_0009.mp4,1,0.0043409243
/home/tianlong/Downloads/celebdf/Celeb-synthesis/id4_id21_0004.mp4,1,0.99847585
/home/tianlong/Downloads/celebdf/Celeb-synthesis/id37_id21_0005.mp4,1,0.9978097
/home/tianlong/Downloads/celebdf/Celeb-synthesis/id30_id21_0002.mp4,1,0.0014260237
/home/tianlong/Downloads/celebdf/Celeb-synthesis/id16_id23_0011.mp4,1,0.8348203
/home/tianlong/Downloads/celebdf/Celeb-synthesis/id9_id20_0002.mp4,1,0.8961739
/home/tianlong/Downloads/celebdf/Celeb-synthesis/id6_id21_0006.mp4,1,0.9519273
/home/tianlong/Downloads/celebdf/Celeb-synthesis/id20_id19_0002.mp4,1,0.93396693
/home/tianlong/Downloads/celebdf/Celeb-synthesis/id28_id4_0006.mp4,1,0.60402757
/home/tianlong/Downloads/celebdf/Celeb-synthesis/id35_id34_0002.mp4,1,0.003916373
/home/tianlong/Downloads/celebdf/Celeb-synthesis/id35_id26_0003.mp4,1,0.0015018356
/home/tianlong/Downloads/celebdf/Celeb-synthesis/id22_id28_0006.mp4,1,0.00034419005
/home/tianlong/Downloads/celebdf/Celeb-synthesis/id30_id21_0005.mp4,1,0.08859071
/home/tianlong/Downloads/celebdf/Celeb-synthesis/id24_id20_0009.mp4,1,0.00032840698
/home/tianlong/Downloads/celebdf/Celeb-synthesis/id4_id20_0000.mp4,1,0.24272862
/home/tianlong/Downloads/celebdf/Celeb-synthesis/id2_id26_0001.mp4,1,0.00266069
/home/tianlong/Downloads/celebdf/Celeb-synthesis/id21_id6_0005.mp4,1,0.0009192054
/home/tianlong/Downloads/celebdf/Celeb-synthesis/id21_id9_0008.mp4,1,0.00024524552
/home/tianlong/Downloads/celebdf/Celeb-synthesis/id22_id21_0005.mp4,1,0.99927384
/home/tianlong/Downloads/celebdf/Celeb-synthesis/id22_id27_0005.mp4,1,0.99916935
/home/tianlong/Downloads/celebdf/Celeb-synthesis/id23_id2_0007.mp4,1,0.6780242
/home/tianlong/Downloads/celebdf/Celeb-synthesis/id23_id3_0009.mp4,1,0.00020738438
/home/tianlong/Downloads/celebdf/Celeb-synthesis/id24_id19_0000.mp4,1,0.88957185
/home/tianlong/Downloads/celebdf/Celeb-synthesis/id24_id21_0006.mp4,1,0.00061085366
/home/tianlong/Downloads/celebdf/Celeb-synthesis/id24_id26_0009.mp4,1,0.06279591
/home/tianlong/Downloads/celebdf/Celeb-synthesis/id25_id19_0002.mp4,1,0.86711144
/home/tianlong/Downloads/celebdf/Celeb-synthesis/id25_id24_0003.mp4,1,0.56824654
/home/tianlong/Downloads/celebdf/Celeb-synthesis/id27_id21_0008.mp4,1,0.998987
/home/tianlong/Downloads/celebdf/Celeb-synthesis/id27_id22_0007.mp4,1,0.039415315
/home/tianlong/Downloads/celebdf/Celeb-synthesis/id27_id25_0008.mp4,1,0.99837315
/home/tianlong/Downloads/celebdf/Celeb-synthesis/id28_id3_0004.mp4,1,0.00017238324
/home/tianlong/Downloads/celebdf/Celeb-synthesis/id28_id6_0006.mp4,1,0.0021502513
/home/tianlong/Downloads/celebdf/Celeb-synthesis/id29_id32_0000.mp4,1,0.083196014
/home/tianlong/Downloads/celebdf/Celeb-synthesis/id29_id37_0009.mp4,1,0.21687171
/home/tianlong/Downloads/celebdf/Celeb-synthesis/id30_id20_0004.mp4,1,0.99958974
/home/tianlong/Downloads/celebdf/Celeb-synthesis/id30_id23_0002.mp4,1,0.0010487944
/home/tianlong/Downloads/celebdf/Celeb-synthesis/id32_id33_0004.mp4,1,0.0036544013
/home/tianlong/Downloads/celebdf/Celeb-synthesis/id33_id38_0001.mp4,1,0.96575814
/home/tianlong/Downloads/celebdf/Celeb-synthesis/id34_id33_0005.mp4,1,0.99893814
/home/tianlong/Downloads/celebdf/Celeb-synthesis/id35_id31_0007.mp4,1,0.9881918
/home/tianlong/Downloads/celebdf/Celeb-synthesis/id49_id52_0005.mp4,1,0.99974805
/home/tianlong/Downloads/celebdf/Celeb-synthesis/id9_id2_0006.mp4,1,0.0012980414
/home/tianlong/Downloads/celebdf/Celeb-synthesis/id7_id11_0007.mp4,1,0.06225661
/home/tianlong/Downloads/celebdf/Celeb-synthesis/id4_id37_0006.mp4,1,0.0058403676
/home/tianlong/Downloads/celebdf/Celeb-synthesis/id37_id38_0009.mp4,1,0.9992698
/home/tianlong/Downloads/celebdf/Celeb-synthesis/id29_id30_0009.mp4,1,0.026085127
/home/tianlong/Downloads/celebdf/Celeb-synthesis/id0_id6_0007.mp4,1,0.99924505
/home/tianlong/Downloads/celebdf/Celeb-synthesis/id0_id16_0004.mp4,1,0.002469034
/home/tianlong/Downloads/celebdf/Celeb-synthesis/id31_id33_0008.mp4,1,0.9980117
/home/tianlong/Downloads/celebdf/Celeb-synthesis/id54_id49_0003.mp4,1,0.99948287
/home/tianlong/Downloads/celebdf/Celeb-synthesis/id0_id1_0000.mp4,1,0.0003539253
/home/tianlong/Downloads/celebdf/Celeb-synthesis/id21_id28_0001.mp4,1,0.7321784
/home/tianlong/Downloads/celebdf/Celeb-synthesis/id33_id29_0004.mp4,1,0.8761415
/home/tianlong/Downloads/celebdf/Celeb-synthesis/id28_id0_0009.mp4,1,0.010463427
/home/tianlong/Downloads/celebdf/Celeb-synthesis/id6_id9_0006.mp4,1,0.0015552575
/home/tianlong/Downloads/celebdf/Celeb-synthesis/id9_id0_0006.mp4,1,0.0014598679
/home/tianlong/Downloads/celebdf/Celeb-synthesis/id26_id2_0005.mp4,1,0.00014062901
/home/tianlong/Downloads/celebdf/Celeb-synthesis/id1_id3_0002.mp4,1,0.00035207171
/home/tianlong/Downloads/celebdf/Celeb-synthesis/id4_id6_0008.mp4,1,0.0010055394
/home/tianlong/Downloads/celebdf/Celeb-synthesis/id16_id28_0005.mp4,1,0.96076035
/home/tianlong/Downloads/celebdf/Celeb-synthesis/id37_id35_0005.mp4,1,0.9979942
/home/tianlong/Downloads/celebdf/Celeb-synthesis/id19_id20_0004.mp4,1,0.50420827
/home/tianlong/Downloads/celebdf/Celeb-synthesis/id46_id41_0000.mp4,1,0.014145043
/home/tianlong/Downloads/celebdf/Celeb-synthesis/id51_id57_0004.mp4,1,0.07109028
/home/tianlong/Downloads/celebdf/Celeb-synthesis/id29_id37_0005.mp4,1,0.005606207
/home/tianlong/Downloads/celebdf/Celeb-synthesis/id35_id23_0007.mp4,1,0.9068739
/home/tianlong/Downloads/celebdf/Celeb-synthesis/id34_id33_0002.mp4,1,0.68519837
/home/tianlong/Downloads/celebdf/Celeb-synthesis/id1_id3_0006.mp4,1,0.0009180532
/home/tianlong/Downloads/celebdf/Celeb-synthesis/id13_id10_0005.mp4,1,0.00025753625
/home/tianlong/Downloads/celebdf/Celeb-synthesis/id56_id55_0009.mp4,1,0.9980562
/home/tianlong/Downloads/celebdf/Celeb-synthesis/id25_id28_0010.mp4,1,0.0020419445
/home/tianlong/Downloads/celebdf/Celeb-synthesis/id20_id37_0004.mp4,1,0.00036353464
/home/tianlong/Downloads/celebdf/Celeb-synthesis/id37_id29_0002.mp4,1,0.8641767
/home/tianlong/Downloads/celebdf/Celeb-synthesis/id56_id54_0007.mp4,1,0.999846
/home/tianlong/Downloads/celebdf/Celeb-synthesis/id19_id20_0000.mp4,1,0.05207122
/home/tianlong/Downloads/celebdf/Celeb-synthesis/id4_id28_0006.mp4,1,0.008146294
/home/tianlong/Downloads/celebdf/Celeb-synthesis/id53_id58_0005.mp4,1,0.0004707255
/home/tianlong/Downloads/celebdf/Celeb-synthesis/id55_id57_0002.mp4,1,0.43905866
/home/tianlong/Downloads/celebdf/Celeb-synthesis/id24_id26_0004.mp4,1,0.03520538
/home/tianlong/Downloads/celebdf/Celeb-synthesis/id20_id0_0006.mp4,1,0.02688977
/home/tianlong/Downloads/celebdf/Celeb-synthesis/id37_id2_0009.mp4,1,0.7449097
/home/tianlong/Downloads/celebdf/Celeb-synthesis/id30_id26_0006.mp4,1,0.9867684
/home/tianlong/Downloads/celebdf/Celeb-synthesis/id16_id2_0001.mp4,1,0.936156
/home/tianlong/Downloads/celebdf/Celeb-synthesis/id26_id1_0002.mp4,1,0.012051901
/home/tianlong/Downloads/celebdf/Celeb-synthesis/id30_id6_0007.mp4,1,0.00017822642
/home/tianlong/Downloads/celebdf/Celeb-synthesis/id44_id41_0005.mp4,1,0.00023481545
/home/tianlong/Downloads/celebdf/Celeb-synthesis/id16_id2_0006.mp4,1,0.01769636
/home/tianlong/Downloads/celebdf/Celeb-synthesis/id1_id16_0004.mp4,1,0.026372604
/home/tianlong/Downloads/celebdf/Celeb-synthesis/id16_id21_0002.mp4,1,0.950231
/home/tianlong/Downloads/celebdf/Celeb-synthesis/id4_id0_0000.mp4,1,0.03990932
/home/tianlong/Downloads/celebdf/Celeb-synthesis/id8_id0_0002.mp4,1,0.5591652
/home/tianlong/Downloads/celebdf/Celeb-synthesis/id19_id23_0001.mp4,1,0.9950976
/home/tianlong/Downloads/celebdf/Celeb-synthesis/id37_id3_0006.mp4,1,0.0017201541
/home/tianlong/Downloads/celebdf/Celeb-synthesis/id9_id16_0007.mp4,1,0.0004061832
/home/tianlong/Downloads/celebdf/Celeb-synthesis/id47_id43_0007.mp4,1,0.00037486528
/home/tianlong/Downloads/celebdf/Celeb-synthesis/id16_id3_0009.mp4,1,0.046271473
/home/tianlong/Downloads/celebdf/Celeb-synthesis/id26_id28_0002.mp4,1,0.9704934
/home/tianlong/Downloads/celebdf/Celeb-synthesis/id8_id3_0003.mp4,1,0.97966504
/home/tianlong/Downloads/celebdf/Celeb-synthesis/id30_id28_0000.mp4,1,0.8722725
/home/tianlong/Downloads/celebdf/Celeb-synthesis/id27_id23_0008.mp4,1,0.9990307
/home/tianlong/Downloads/celebdf/Celeb-synthesis/id28_id20_0008.mp4,1,0.26258564
/home/tianlong/Downloads/celebdf/Celeb-synthesis/id1_id2_0002.mp4,1,0.00033119018
/home/tianlong/Downloads/celebdf/Celeb-synthesis/id46_id39_0000.mp4,1,0.92280424
/home/tianlong/Downloads/celebdf/Celeb-synthesis/id37_id28_0008.mp4,1,0.022352973
/home/tianlong/Downloads/celebdf/Celeb-synthesis/id0_id3_0007.mp4,1,0.9923773
/home/tianlong/Downloads/celebdf/Celeb-synthesis/id4_id1_0002.mp4,1,0.00046528605
/home/tianlong/Downloads/celebdf/Celeb-synthesis/id13_id7_0000.mp4,1,0.00013072828
/home/tianlong/Downloads/celebdf/Celeb-synthesis/id50_id53_0000.mp4,1,0.9970812
/home/tianlong/Downloads/celebdf/Celeb-synthesis/id50_id56_0005.mp4,1,0.00034580362
/home/tianlong/Downloads/celebdf/Celeb-synthesis/id4_id21_0009.mp4,1,0.004984109
/home/tianlong/Downloads/celebdf/Celeb-synthesis/id23_id3_0004.mp4,1,0.8292422
/home/tianlong/Downloads/celebdf/Celeb-synthesis/id56_id51_0000.mp4,1,0.0023775604
/home/tianlong/Downloads/celebdf/Celeb-synthesis/id30_id3_0006.mp4,1,0.9152013
/home/tianlong/Downloads/celebdf/Celeb-synthesis/id28_id20_0006.mp4,1,0.10414108
/home/tianlong/Downloads/celebdf/Celeb-synthesis/id4_id20_0008.mp4,1,0.00030033532
/home/tianlong/Downloads/celebdf/Celeb-synthesis/id54_id58_0006.mp4,1,0.0002466685
/home/tianlong/Downloads/celebdf/Celeb-synthesis/id53_id57_0005.mp4,1,0.00054320064
/home/tianlong/Downloads/celebdf/Celeb-synthesis/id31_id33_0009.mp4,1,0.93238914
/home/tianlong/Downloads/celebdf/Celeb-synthesis/id0_id21_0000.mp4,1,0.9986313
/home/tianlong/Downloads/celebdf/Celeb-synthesis/id6_id23_0006.mp4,1,0.8502645
/home/tianlong/Downloads/celebdf/Celeb-synthesis/id48_id45_0002.mp4,1,0.9788163
/home/tianlong/Downloads/celebdf/Celeb-synthesis/id46_id45_0001.mp4,1,0.004998569
/home/tianlong/Downloads/celebdf/Celeb-synthesis/id28_id21_0006.mp4,1,0.06303537
/home/tianlong/Downloads/celebdf/Celeb-synthesis/id12_id10_0005.mp4,1,0.00095620553
/home/tianlong/Downloads/celebdf/Celeb-synthesis/id54_id56_0000.mp4,1,0.00078446115
/home/tianlong/Downloads/celebdf/Celeb-synthesis/id39_id47_0004.mp4,1,0.0019152573
/home/tianlong/Downloads/celebdf/Celeb-synthesis/id9_id3_0009.mp4,1,0.0003021098
/home/tianlong/Downloads/celebdf/Celeb-synthesis/id35_id16_0007.mp4,1,0.99781716
/home/tianlong/Downloads/celebdf/Celeb-synthesis/id21_id2_0002.mp4,1,0.6384896
/home/tianlong/Downloads/celebdf/Celeb-synthesis/id12_id10_0002.mp4,1,0.0002145528
/home/tianlong/Downloads/celebdf/Celeb-synthesis/id10_id13_0007.mp4,1,0.00021154135
/home/tianlong/Downloads/celebdf/Celeb-synthesis/id20_id31_0008.mp4,1,0.8462577
/home/tianlong/Downloads/celebdf/Celeb-synthesis/id0_id16_0003.mp4,1,0.026559673
/home/tianlong/Downloads/celebdf/Celeb-synthesis/id0_id16_0007.mp4,1,0.99911004
/home/tianlong/Downloads/celebdf/Celeb-synthesis/id2_id16_0004.mp4,1,0.47166023
/home/tianlong/Downloads/celebdf/Celeb-synthesis/id13_id7_0012.mp4,1,0.33990273
/home/tianlong/Downloads/celebdf/Celeb-synthesis/id37_id1_0002.mp4,1,0.32428706
/home/tianlong/Downloads/celebdf/Celeb-synthesis/id30_id28_0004.mp4,1,0.9995153
/home/tianlong/Downloads/celebdf/Celeb-synthesis/id53_id52_0003.mp4,1,0.99557096
/home/tianlong/Downloads/celebdf/Celeb-synthesis/id54_id56_0006.mp4,1,0.000113006885
/home/tianlong/Downloads/celebdf/Celeb-synthesis/id3_id28_0002.mp4,1,0.39779556
/home/tianlong/Downloads/celebdf/Celeb-synthesis/id37_id4_0000.mp4,1,0.9897223
/home/tianlong/Downloads/celebdf/Celeb-synthesis/id28_id9_0000.mp4,1,0.00026158107
/home/tianlong/Downloads/celebdf/Celeb-synthesis/id4_id2_0003.mp4,1,0.00031381892
/home/tianlong/Downloads/celebdf/Celeb-synthesis/id25_id21_0005.mp4,1,0.71565247
/home/tianlong/Downloads/celebdf/Celeb-synthesis/id17_id3_0007.mp4,1,0.92600644
/home/tianlong/Downloads/celebdf/Celeb-synthesis/id2_id1_0004.mp4,1,0.12465865
/home/tianlong/Downloads/celebdf/Celeb-synthesis/id3_id9_0003.mp4,1,0.535348
/home/tianlong/Downloads/celebdf/Celeb-synthesis/id16_id6_0001.mp4,1,0.99868387
/home/tianlong/Downloads/celebdf/Celeb-synthesis/id8_id6_0002.mp4,1,0.0028095348
/home/tianlong/Downloads/celebdf/Celeb-synthesis/id17_id16_0007.mp4,1,0.99763393
/home/tianlong/Downloads/celebdf/Celeb-synthesis/id4_id26_0007.mp4,1,0.25122473
/home/tianlong/Downloads/celebdf/Celeb-synthesis/id44_id45_0000.mp4,1,0.004249314
/home/tianlong/Downloads/celebdf/Celeb-synthesis/id0_id1_0005.mp4,1,0.0006339989
/home/tianlong/Downloads/celebdf/Celeb-synthesis/id57_id51_0000.mp4,1,0.00019846464
/home/tianlong/Downloads/celebdf/Celeb-synthesis/id34_id32_0007.mp4,1,0.9995803
/home/tianlong/Downloads/celebdf/Celeb-synthesis/id32_id31_0006.mp4,1,0.00091911096
/home/tianlong/Downloads/celebdf/Celeb-synthesis/id48_id41_0001.mp4,1,0.20821474
/home/tianlong/Downloads/celebdf/Celeb-synthesis/id4_id0_0004.mp4,1,0.004004686
/home/tianlong/Downloads/celebdf/Celeb-synthesis/id21_id19_0009.mp4,1,0.99910045
/home/tianlong/Downloads/celebdf/Celeb-synthesis/id45_id39_0008.mp4,1,0.0004973405
/home/tianlong/Downloads/celebdf/Celeb-synthesis/id31_id30_0009.mp4,1,0.77827287
/home/tianlong/Downloads/celebdf/Celeb-synthesis/id27_id19_0001.mp4,1,0.6049231
/home/tianlong/Downloads/celebdf/Celeb-synthesis/id23_id16_0003.mp4,1,0.14629251
/home/tianlong/Downloads/celebdf/Celeb-synthesis/id58_id57_0008.mp4,1,0.9772191
/home/tianlong/Downloads/celebdf/Celeb-synthesis/id17_id2_0007.mp4,1,0.99626005
/home/tianlong/Downloads/celebdf/Celeb-synthesis/id28_id3_0001.mp4,1,0.0048981044
/home/tianlong/Downloads/celebdf/Celeb-synthesis/id23_id35_0009.mp4,1,0.0017547732
/home/tianlong/Downloads/celebdf/Celeb-synthesis/id4_id0_0001.mp4,1,0.0005361054
/home/tianlong/Downloads/celebdf/Celeb-synthesis/id17_id31_0009.mp4,1,0.30590242
/home/tianlong/Downloads/celebdf/Celeb-synthesis/id48_id47_0008.mp4,1,0.35571393
/home/tianlong/Downloads/celebdf/Celeb-synthesis/id50_id49_0001.mp4,1,0.9996927
/home/tianlong/Downloads/celebdf/Celeb-synthesis/id20_id1_0003.mp4,1,0.97958434
/home/tianlong/Downloads/celebdf/Celeb-synthesis/id16_id3_0010.mp4,1,0.00048137407
/home/tianlong/Downloads/celebdf/Celeb-synthesis/id23_id19_0000.mp4,1,0.024120273
/home/tianlong/Downloads/celebdf/Celeb-synthesis/id1_id3_0009.mp4,1,0.007840799
/home/tianlong/Downloads/celebdf/Celeb-synthesis/id43_id40_0005.mp4,1,0.00035245458
/home/tianlong/Downloads/celebdf/Celeb-synthesis/id4_id6_0002.mp4,1,0.023688024
/home/tianlong/Downloads/celebdf/Celeb-synthesis/id10_id7_0008.mp4,1,0.00017504935
/home/tianlong/Downloads/celebdf/Celeb-synthesis/id13_id10_0008.mp4,1,0.00016433111
/home/tianlong/Downloads/celebdf/Celeb-synthesis/id12_id7_0006.mp4,1,0.0033738245
/home/tianlong/Downloads/celebdf/Celeb-synthesis/id6_id2_0008.mp4,1,0.9985636
/home/tianlong/Downloads/celebdf/Celeb-synthesis/id2_id0_0002.mp4,1,0.02769965
/home/tianlong/Downloads/celebdf/Celeb-synthesis/id2_id6_0002.mp4,1,0.11614399
/home/tianlong/Downloads/celebdf/Celeb-synthesis/id30_id28_0006.mp4,1,0.9927214
/home/tianlong/Downloads/celebdf/Celeb-synthesis/id52_id50_0007.mp4,1,0.016032051
/home/tianlong/Downloads/celebdf/Celeb-synthesis/id49_id52_0007.mp4,1,0.9997731
/home/tianlong/Downloads/celebdf/Celeb-synthesis/id51_id50_0008.mp4,1,0.00016410563
/home/tianlong/Downloads/celebdf/Celeb-synthesis/id21_id3_0009.mp4,1,0.39170644
/home/tianlong/Downloads/celebdf/Celeb-synthesis/id31_id16_0002.mp4,1,0.9725982
/home/tianlong/Downloads/celebdf/Celeb-synthesis/id25_id28_0003.mp4,1,0.2885873
/home/tianlong/Downloads/celebdf/Celeb-synthesis/id21_id20_0006.mp4,1,0.37776852
/home/tianlong/Downloads/celebdf/Celeb-synthesis/id10_id7_0005.mp4,1,0.078102894
/home/tianlong/Downloads/celebdf/Celeb-synthesis/id38_id30_0006.mp4,1,0.19590254
/home/tianlong/Downloads/celebdf/Celeb-synthesis/id35_id30_0006.mp4,1,0.00019822501
/home/tianlong/Downloads/celebdf/Celeb-synthesis/id20_id9_0008.mp4,1,0.0014693561
/home/tianlong/Downloads/celebdf/Celeb-synthesis/id25_id23_0010.mp4,1,0.07847935
/home/tianlong/Downloads/celebdf/Celeb-synthesis/id17_id21_0000.mp4,1,0.12605503
/home/tianlong/Downloads/celebdf/Celeb-synthesis/id45_id47_0002.mp4,1,0.0075870506
/home/tianlong/Downloads/celebdf/Celeb-synthesis/id1_id3_0003.mp4,1,0.9773276
/home/tianlong/Downloads/celebdf/Celeb-synthesis/id27_id26_0006.mp4,1,0.00081038655
/home/tianlong/Downloads/celebdf/Celeb-synthesis/id44_id42_0001.mp4,1,0.00026139137
/home/tianlong/Downloads/celebdf/Celeb-synthesis/id57_id53_0006.mp4,1,0.9993286
/home/tianlong/Downloads/celebdf/Celeb-synthesis/id43_id39_0000.mp4,1,0.000102180136
/home/tianlong/Downloads/celebdf/Celeb-synthesis/id35_id16_0004.mp4,1,0.9990544
/home/tianlong/Downloads/celebdf/Celeb-synthesis/id42_id40_0001.mp4,1,0.7684838
/home/tianlong/Downloads/celebdf/Celeb-synthesis/id21_id2_0000.mp4,1,0.97119796
/home/tianlong/Downloads/celebdf/Celeb-synthesis/id37_id21_0000.mp4,1,0.016463272
/home/tianlong/Downloads/celebdf/Celeb-synthesis/id29_id38_0008.mp4,1,0.0009766207
/home/tianlong/Downloads/celebdf/Celeb-synthesis/id39_id44_0000.mp4,1,0.00077243295
/home/tianlong/Downloads/celebdf/Celeb-synthesis/id9_id6_0005.mp4,1,0.095697366
/home/tianlong/Downloads/celebdf/Celeb-synthesis/id0_id1_0001.mp4,1,0.00013243881
/home/tianlong/Downloads/celebdf/Celeb-synthesis/id31_id2_0004.mp4,1,0.001457508
/home/tianlong/Downloads/celebdf/Celeb-synthesis/id38_id34_0003.mp4,1,0.9995623
/home/tianlong/Downloads/celebdf/Celeb-synthesis/id56_id57_0007.mp4,1,0.9997658
/home/tianlong/Downloads/celebdf/Celeb-synthesis/id52_id58_0005.mp4,1,0.9971877
/home/tianlong/Downloads/celebdf/Celeb-synthesis/id28_id4_0000.mp4,1,0.0048418744
/home/tianlong/Downloads/celebdf/Celeb-synthesis/id22_id26_0005.mp4,1,0.99909604
/home/tianlong/Downloads/celebdf/Celeb-synthesis/id4_id30_0000.mp4,1,0.98343277
/home/tianlong/Downloads/celebdf/Celeb-synthesis/id29_id32_0003.mp4,1,0.90305686
/home/tianlong/Downloads/celebdf/Celeb-synthesis/id35_id20_0007.mp4,1,0.61375487
/home/tianlong/Downloads/celebdf/Celeb-synthesis/id1_id2_0007.mp4,1,0.00014299074
/home/tianlong/Downloads/celebdf/Celeb-synthesis/id30_id3_0002.mp4,1,0.0002099089
/home/tianlong/Downloads/celebdf/Celeb-synthesis/id22_id25_0001.mp4,1,0.00042078833
/home/tianlong/Downloads/celebdf/Celeb-synthesis/id39_id44_0008.mp4,1,0.0028472075
/home/tianlong/Downloads/celebdf/Celeb-synthesis/id34_id29_0008.mp4,1,0.968494
/home/tianlong/Downloads/celebdf/Celeb-synthesis/id21_id28_0009.mp4,1,0.7301841
/home/tianlong/Downloads/celebdf/Celeb-synthesis/id30_id4_0001.mp4,1,0.9995572
/home/tianlong/Downloads/celebdf/Celeb-synthesis/id25_id19_0008.mp4,1,0.5878257
/home/tianlong/Downloads/celebdf/Celeb-synthesis/id21_id4_0002.mp4,1,0.966131
/home/tianlong/Downloads/celebdf/Celeb-synthesis/id17_id28_0001.mp4,1,0.96467274
/home/tianlong/Downloads/celebdf/Celeb-synthesis/id6_id1_0007.mp4,1,0.09138339
/home/tianlong/Downloads/celebdf/Celeb-synthesis/id9_id2_0008.mp4,1,0.029230779
/home/tianlong/Downloads/celebdf/Celeb-synthesis/id8_id5_0008.mp4,1,0.00018016624
/home/tianlong/Downloads/celebdf/Celeb-synthesis/id37_id3_0004.mp4,1,0.0171089
/home/tianlong/Downloads/celebdf/Celeb-synthesis/id17_id2_0003.mp4,1,0.0054975613
