Video,Label,Prediction
/home/tianlong/Downloads/celebdf/YouTube-real/00170.mp4,0,0.11401732
/home/tianlong/Downloads/celebdf/YouTube-real/00208.mp4,0,9.059753e-05
/home/tianlong/Downloads/celebdf/YouTube-real/00063.mp4,0,0.46406993
/home/tianlong/Downloads/celebdf/YouTube-real/00024.mp4,0,4.9385882e-05
/home/tianlong/Downloads/celebdf/YouTube-real/00021.mp4,0,0.0028116992
/home/tianlong/Downloads/celebdf/YouTube-real/00036.mp4,0,0.0006498859
/home/tianlong/Downloads/celebdf/YouTube-real/00202.mp4,0,0.00040951153
/home/tianlong/Downloads/celebdf/YouTube-real/00236.mp4,0,0.0011430872
/home/tianlong/Downloads/celebdf/YouTube-real/00197.mp4,0,3.4175802e-05
/home/tianlong/Downloads/celebdf/YouTube-real/00133.mp4,0,0.12889662
/home/tianlong/Downloads/celebdf/YouTube-real/00213.mp4,0,0.00085157837
/home/tianlong/Downloads/celebdf/YouTube-real/00011.mp4,0,0.00093776843
/home/tianlong/Downloads/celebdf/YouTube-real/00095.mp4,0,0.18277678
/home/tianlong/Downloads/celebdf/YouTube-real/00138.mp4,0,0.00074971106
/home/tianlong/Downloads/celebdf/YouTube-real/00106.mp4,0,0.00636106
/home/tianlong/Downloads/celebdf/YouTube-real/00194.mp4,0,0.00058419455
/home/tianlong/Downloads/celebdf/YouTube-real/00092.mp4,0,0.012985831
/home/tianlong/Downloads/celebdf/YouTube-real/00227.mp4,0,0.00013348344
/home/tianlong/Downloads/celebdf/YouTube-real/00244.mp4,0,6.8453875e-05
/home/tianlong/Downloads/celebdf/YouTube-real/00119.mp4,0,0.0021908497
/home/tianlong/Downloads/celebdf/YouTube-real/00082.mp4,0,3.6585643e-05
/home/tianlong/Downloads/celebdf/YouTube-real/00188.mp4,0,0.00033250396
/home/tianlong/Downloads/celebdf/YouTube-real/00076.mp4,0,1.8590463e-05
/home/tianlong/Downloads/celebdf/YouTube-real/00047.mp4,0,0.0012192938
/home/tianlong/Downloads/celebdf/YouTube-real/00168.mp4,0,3.1226788e-05
/home/tianlong/Downloads/celebdf/YouTube-real/00207.mp4,0,0.053574197
/home/tianlong/Downloads/celebdf/YouTube-real/00193.mp4,0,0.0001435007
/home/tianlong/Downloads/celebdf/YouTube-real/00061.mp4,0,0.012505084
/home/tianlong/Downloads/celebdf/YouTube-real/00023.mp4,0,0.075003535
/home/tianlong/Downloads/celebdf/YouTube-real/00048.mp4,0,0.012941057
/home/tianlong/Downloads/celebdf/YouTube-real/00250.mp4,0,0.0030560882
/home/tianlong/Downloads/celebdf/YouTube-real/00251.mp4,0,0.00018888625
/home/tianlong/Downloads/celebdf/YouTube-real/00252.mp4,0,0.0002840243
/home/tianlong/Downloads/celebdf/YouTube-real/00253.mp4,0,0.0024232497
/home/tianlong/Downloads/celebdf/YouTube-real/00254.mp4,0,0.001182232
/home/tianlong/Downloads/celebdf/YouTube-real/00255.mp4,0,6.8570094e-05
/home/tianlong/Downloads/celebdf/YouTube-real/00256.mp4,0,0.00040875073
/home/tianlong/Downloads/celebdf/YouTube-real/00257.mp4,0,0.00091106584
/home/tianlong/Downloads/celebdf/YouTube-real/00258.mp4,0,2.0286278e-05
/home/tianlong/Downloads/celebdf/YouTube-real/00259.mp4,0,0.0032859934
/home/tianlong/Downloads/celebdf/YouTube-real/00260.mp4,0,0.000410909
/home/tianlong/Downloads/celebdf/YouTube-real/00261.mp4,0,0.0004561905
/home/tianlong/Downloads/celebdf/YouTube-real/00262.mp4,0,3.207613e-05
/home/tianlong/Downloads/celebdf/YouTube-real/00263.mp4,0,0.0037760623
/home/tianlong/Downloads/celebdf/YouTube-real/00264.mp4,0,0.0015855936
/home/tianlong/Downloads/celebdf/YouTube-real/00265.mp4,0,0.00017326458
/home/tianlong/Downloads/celebdf/YouTube-real/00266.mp4,0,0.33109435
/home/tianlong/Downloads/celebdf/YouTube-real/00267.mp4,0,8.001764e-05
/home/tianlong/Downloads/celebdf/YouTube-real/00268.mp4,0,0.00033597782
/home/tianlong/Downloads/celebdf/YouTube-real/00269.mp4,0,1.2479594e-05
/home/tianlong/Downloads/celebdf/YouTube-real/00270.mp4,0,6.21631e-06
/home/tianlong/Downloads/celebdf/YouTube-real/00271.mp4,0,0.008623935
/home/tianlong/Downloads/celebdf/YouTube-real/00272.mp4,0,0.00016327435
/home/tianlong/Downloads/celebdf/YouTube-real/00273.mp4,0,2.008802e-05
/home/tianlong/Downloads/celebdf/YouTube-real/00274.mp4,0,4.572191e-06
/home/tianlong/Downloads/celebdf/YouTube-real/00275.mp4,0,0.0035005617
/home/tianlong/Downloads/celebdf/YouTube-real/00276.mp4,0,2.9107565e-05
/home/tianlong/Downloads/celebdf/YouTube-real/00277.mp4,0,3.810256e-06
/home/tianlong/Downloads/celebdf/YouTube-real/00278.mp4,0,0.00025382097
/home/tianlong/Downloads/celebdf/YouTube-real/00279.mp4,0,0.027563188
/home/tianlong/Downloads/celebdf/YouTube-real/00280.mp4,0,0.004248322
/home/tianlong/Downloads/celebdf/YouTube-real/00281.mp4,0,0.0024232653
/home/tianlong/Downloads/celebdf/YouTube-real/00282.mp4,0,0.005088725
/home/tianlong/Downloads/celebdf/YouTube-real/00283.mp4,0,0.015425412
/home/tianlong/Downloads/celebdf/YouTube-real/00284.mp4,0,0.0004648994
/home/tianlong/Downloads/celebdf/YouTube-real/00285.mp4,0,0.0002870266
/home/tianlong/Downloads/celebdf/YouTube-real/00286.mp4,0,0.03385882
/home/tianlong/Downloads/celebdf/YouTube-real/00287.mp4,0,0.00059022143
/home/tianlong/Downloads/celebdf/YouTube-real/00288.mp4,0,0.001335121
/home/tianlong/Downloads/celebdf/YouTube-real/00289.mp4,0,0.00028333932
/home/tianlong/Downloads/celebdf/Celeb-real/id1_0007.mp4,0,0.0018738525
/home/tianlong/Downloads/celebdf/Celeb-real/id2_0008.mp4,0,0.00094666163
/home/tianlong/Downloads/celebdf/Celeb-real/id3_0001.mp4,0,0.00011218471
/home/tianlong/Downloads/celebdf/Celeb-real/id6_0005.mp4,0,0.009823209
/home/tianlong/Downloads/celebdf/Celeb-real/id9_0000.mp4,0,0.00092021405
/home/tianlong/Downloads/celebdf/Celeb-real/id11_0008.mp4,0,0.00037941834
/home/tianlong/Downloads/celebdf/Celeb-real/id16_0011.mp4,0,0.027764076
/home/tianlong/Downloads/celebdf/Celeb-real/id17_0000.mp4,0,0.00016267036
/home/tianlong/Downloads/celebdf/Celeb-real/id35_0008.mp4,0,0.00078657677
/home/tianlong/Downloads/celebdf/Celeb-real/id39_0005.mp4,0,0.039831813
/home/tianlong/Downloads/celebdf/Celeb-real/id48_0000.mp4,0,0.00026131704
/home/tianlong/Downloads/celebdf/Celeb-real/id32_0008.mp4,0,0.00022700554
/home/tianlong/Downloads/celebdf/Celeb-real/id56_0009.mp4,0,0.002107925
/home/tianlong/Downloads/celebdf/Celeb-real/id54_0007.mp4,0,0.00021097381
/home/tianlong/Downloads/celebdf/Celeb-real/id37_0005.mp4,0,0.00029346405
/home/tianlong/Downloads/celebdf/Celeb-real/id29_0008.mp4,0,0.0002581608
/home/tianlong/Downloads/celebdf/Celeb-real/id43_0006.mp4,0,8.4485684e-05
/home/tianlong/Downloads/celebdf/Celeb-real/id1_0006.mp4,0,9.454248e-06
/home/tianlong/Downloads/celebdf/Celeb-real/id51_0001.mp4,0,0.0003935183
/home/tianlong/Downloads/celebdf/Celeb-real/id31_0007.mp4,0,0.00076006755
/home/tianlong/Downloads/celebdf/Celeb-real/id2_0003.mp4,0,0.00028875677
/home/tianlong/Downloads/celebdf/Celeb-real/id21_0009.mp4,0,0.001295503
/home/tianlong/Downloads/celebdf/Celeb-real/id50_0003.mp4,0,0.00043752612
/home/tianlong/Downloads/celebdf/Celeb-real/id21_0006.mp4,0,5.62361e-05
/home/tianlong/Downloads/celebdf/Celeb-real/id44_0003.mp4,0,5.81529e-05
/home/tianlong/Downloads/celebdf/Celeb-real/id36_0006.mp4,0,0.00071021623
/home/tianlong/Downloads/celebdf/Celeb-real/id36_0008.mp4,0,6.3104366e-05
/home/tianlong/Downloads/celebdf/Celeb-real/id1_0008.mp4,0,0.00014543149
/home/tianlong/Downloads/celebdf/Celeb-real/id45_0003.mp4,0,0.00068025995
/home/tianlong/Downloads/celebdf/Celeb-real/id48_0003.mp4,0,0.00050968357
/home/tianlong/Downloads/celebdf/Celeb-real/id23_0001.mp4,0,0.00083137397
/home/tianlong/Downloads/celebdf/Celeb-real/id16_0010.mp4,0,0.00068783655
/home/tianlong/Downloads/celebdf/Celeb-real/id31_0004.mp4,0,0.0002304704
/home/tianlong/Downloads/celebdf/Celeb-real/id35_0000.mp4,0,0.0020341538
/home/tianlong/Downloads/celebdf/Celeb-real/id58_0002.mp4,0,0.00021380116
/home/tianlong/Downloads/celebdf/Celeb-real/id30_0007.mp4,0,0.00047689685
/home/tianlong/Downloads/celebdf/Celeb-real/id12_0005.mp4,0,0.0007420555
/home/tianlong/Downloads/celebdf/Celeb-real/id56_0002.mp4,0,0.0006094133
/home/tianlong/Downloads/celebdf/Celeb-real/id33_0005.mp4,0,0.006712536
/home/tianlong/Downloads/celebdf/Celeb-real/id29_0009.mp4,0,0.00048981054
/home/tianlong/Downloads/celebdf/Celeb-real/id13_0013.mp4,0,0.055307567
/home/tianlong/Downloads/celebdf/Celeb-real/id28_0009.mp4,0,0.00050001673
/home/tianlong/Downloads/celebdf/Celeb-real/id36_0000.mp4,0,0.0020675596
/home/tianlong/Downloads/celebdf/Celeb-real/id24_0009.mp4,0,0.048743684
/home/tianlong/Downloads/celebdf/Celeb-real/id39_0004.mp4,0,0.00030317792
/home/tianlong/Downloads/celebdf/Celeb-real/id27_0008.mp4,0,0.00041613128
/home/tianlong/Downloads/celebdf/Celeb-real/id11_0006.mp4,0,0.00012080099
/home/tianlong/Downloads/celebdf/Celeb-real/id19_0007.mp4,0,0.0005355474
/home/tianlong/Downloads/celebdf/Celeb-real/id37_0009.mp4,0,0.03524431
/home/tianlong/Downloads/celebdf/Celeb-real/id3_0008.mp4,0,0.0005988702
/home/tianlong/Downloads/celebdf/Celeb-real/id46_0000.mp4,0,0.0022573625
/home/tianlong/Downloads/celebdf/Celeb-real/id33_0008.mp4,0,0.0001449564
/home/tianlong/Downloads/celebdf/Celeb-real/id8_0000.mp4,0,0.0025833182
/home/tianlong/Downloads/celebdf/Celeb-real/id16_0007.mp4,0,0.0008656407
/home/tianlong/Downloads/celebdf/Celeb-real/id1_0001.mp4,0,0.00012424882
/home/tianlong/Downloads/celebdf/Celeb-real/id32_0002.mp4,0,0.0008302385
/home/tianlong/Downloads/celebdf/Celeb-real/id19_0005.mp4,0,2.3402954e-05
/home/tianlong/Downloads/celebdf/Celeb-real/id27_0009.mp4,0,3.0937434e-05
/home/tianlong/Downloads/celebdf/Celeb-real/id2_0001.mp4,0,3.9586444e-05
/home/tianlong/Downloads/celebdf/Celeb-real/id13_0011.mp4,0,3.3884447e-05
/home/tianlong/Downloads/celebdf/Celeb-real/id49_0004.mp4,0,0.0030567674
/home/tianlong/Downloads/celebdf/Celeb-real/id57_0007.mp4,0,0.0010268167
/home/tianlong/Downloads/celebdf/Celeb-real/id26_0008.mp4,0,0.0013823519
/home/tianlong/Downloads/celebdf/Celeb-real/id2_0004.mp4,0,0.0022168495
/home/tianlong/Downloads/celebdf/Celeb-real/id36_0001.mp4,0,0.00022810225
/home/tianlong/Downloads/celebdf/Celeb-real/id0_0001.mp4,0,0.0058898805
/home/tianlong/Downloads/celebdf/Celeb-real/id10_0007.mp4,0,9.904342e-05
/home/tianlong/Downloads/celebdf/Celeb-real/id17_0002.mp4,0,0.0037167878
/home/tianlong/Downloads/celebdf/Celeb-real/id4_0004.mp4,0,0.0026337025
/home/tianlong/Downloads/celebdf/Celeb-real/id36_0002.mp4,0,0.0013011423
/home/tianlong/Downloads/celebdf/Celeb-real/id53_0003.mp4,0,0.036745824
/home/tianlong/Downloads/celebdf/Celeb-real/id25_0010.mp4,0,0.00086021225
/home/tianlong/Downloads/celebdf/Celeb-real/id51_0006.mp4,0,0.0030633598
/home/tianlong/Downloads/celebdf/Celeb-real/id22_0000.mp4,0,0.00038272413
/home/tianlong/Downloads/celebdf/Celeb-real/id10_0001.mp4,0,0.0014383713
/home/tianlong/Downloads/celebdf/Celeb-real/id6_0002.mp4,0,0.008129617
/home/tianlong/Downloads/celebdf/Celeb-real/id12_0000.mp4,0,0.00072842976
/home/tianlong/Downloads/celebdf/Celeb-real/id35_0003.mp4,0,0.104613885
/home/tianlong/Downloads/celebdf/Celeb-real/id3_0002.mp4,0,0.0012018444
/home/tianlong/Downloads/celebdf/Celeb-real/id31_0003.mp4,0,0.00041820318
/home/tianlong/Downloads/celebdf/Celeb-real/id52_0002.mp4,0,0.0044049565
/home/tianlong/Downloads/celebdf/Celeb-real/id2_0002.mp4,0,0.00068534905
/home/tianlong/Downloads/celebdf/Celeb-real/id44_0001.mp4,0,0.00013935869
/home/tianlong/Downloads/celebdf/Celeb-real/id8_0009.mp4,0,0.0025630943
/home/tianlong/Downloads/celebdf/Celeb-real/id33_0002.mp4,0,0.00094984425
/home/tianlong/Downloads/celebdf/Celeb-real/id50_0000.mp4,0,0.0014420977
/home/tianlong/Downloads/celebdf/Celeb-real/id40_0003.mp4,0,0.00015500023
/home/tianlong/Downloads/celebdf/Celeb-real/id7_0006.mp4,0,0.00011356148
/home/tianlong/Downloads/celebdf/Celeb-real/id53_0007.mp4,0,0.012356492
/home/tianlong/Downloads/celebdf/Celeb-real/id43_0002.mp4,0,7.6192715e-05
/home/tianlong/Downloads/celebdf/Celeb-real/id56_0000.mp4,0,0.00015278625
/home/tianlong/Downloads/celebdf/Celeb-real/id13_0004.mp4,0,7.48157e-05
/home/tianlong/Downloads/celebdf/Celeb-real/id43_0001.mp4,0,9.503338e-05
/home/tianlong/Downloads/celebdf/Celeb-real/id20_0008.mp4,0,0.00020394199
/home/tianlong/Downloads/celebdf/Celeb-real/id28_0004.mp4,0,0.0013760452
/home/tianlong/Downloads/celebdf/Celeb-real/id22_0009.mp4,0,0.0033681695
/home/tianlong/Downloads/celebdf/Celeb-real/id53_0000.mp4,0,0.0010600479
/home/tianlong/Downloads/celebdf/Celeb-real/id50_0006.mp4,0,0.0009901822
/home/tianlong/Downloads/celebdf/Celeb-real/id32_0003.mp4,0,0.00035032342
/home/tianlong/Downloads/celebdf/Celeb-real/id32_0006.mp4,0,0.35775512
/home/tianlong/Downloads/celebdf/Celeb-real/id57_0003.mp4,0,0.00069944496
/home/tianlong/Downloads/celebdf/Celeb-real/id37_0004.mp4,0,7.052322e-05
/home/tianlong/Downloads/celebdf/Celeb-real/id28_0007.mp4,0,0.0050947657
/home/tianlong/Downloads/celebdf/Celeb-real/id52_0001.mp4,0,0.041472275
/home/tianlong/Downloads/celebdf/Celeb-real/id40_0009.mp4,0,0.07003524
/home/tianlong/Downloads/celebdf/Celeb-real/id51_0005.mp4,0,0.21539998
/home/tianlong/Downloads/celebdf/Celeb-real/id34_0006.mp4,0,0.008237364
/home/tianlong/Downloads/celebdf/Celeb-real/id42_0002.mp4,0,0.00018360719
/home/tianlong/Downloads/celebdf/Celeb-synthesis/id1_id0_0007.mp4,1,0.0005299868
/home/tianlong/Downloads/celebdf/Celeb-synthesis/id1_id3_0007.mp4,1,0.0022553923
/home/tianlong/Downloads/celebdf/Celeb-synthesis/id1_id4_0007.mp4,1,0.01882648
/home/tianlong/Downloads/celebdf/Celeb-synthesis/id1_id9_0007.mp4,1,0.001459749
/home/tianlong/Downloads/celebdf/Celeb-synthesis/id1_id16_0007.mp4,1,0.013115945
/home/tianlong/Downloads/celebdf/Celeb-synthesis/id1_id17_0007.mp4,1,0.11108865
/home/tianlong/Downloads/celebdf/Celeb-synthesis/id2_id0_0008.mp4,1,0.12283055
/home/tianlong/Downloads/celebdf/Celeb-synthesis/id2_id3_0008.mp4,1,0.160968
/home/tianlong/Downloads/celebdf/Celeb-synthesis/id2_id9_0008.mp4,1,0.07721149
/home/tianlong/Downloads/celebdf/Celeb-synthesis/id3_id1_0001.mp4,1,0.00033344404
/home/tianlong/Downloads/celebdf/Celeb-synthesis/id3_id2_0001.mp4,1,0.00040893108
/home/tianlong/Downloads/celebdf/Celeb-synthesis/id3_id4_0001.mp4,1,0.0020768512
/home/tianlong/Downloads/celebdf/Celeb-synthesis/id3_id6_0001.mp4,1,0.0013607412
/home/tianlong/Downloads/celebdf/Celeb-synthesis/id3_id9_0001.mp4,1,0.000797073
/home/tianlong/Downloads/celebdf/Celeb-synthesis/id3_id16_0001.mp4,1,0.0008673584
/home/tianlong/Downloads/celebdf/Celeb-synthesis/id4_id1_0003.mp4,1,0.0009980971
/home/tianlong/Downloads/celebdf/Celeb-synthesis/id6_id0_0005.mp4,1,0.43214208
/home/tianlong/Downloads/celebdf/Celeb-synthesis/id6_id1_0005.mp4,1,0.016595157
/home/tianlong/Downloads/celebdf/Celeb-synthesis/id6_id2_0005.mp4,1,0.07896728
/home/tianlong/Downloads/celebdf/Celeb-synthesis/id6_id3_0005.mp4,1,0.053081166
/home/tianlong/Downloads/celebdf/Celeb-synthesis/id6_id16_0005.mp4,1,0.11152929
/home/tianlong/Downloads/celebdf/Celeb-synthesis/id7_id10_0009.mp4,1,0.023696624
/home/tianlong/Downloads/celebdf/Celeb-synthesis/id7_id11_0009.mp4,1,0.026236657
/home/tianlong/Downloads/celebdf/Celeb-synthesis/id7_id13_0009.mp4,1,0.0034471422
/home/tianlong/Downloads/celebdf/Celeb-synthesis/id9_id0_0000.mp4,1,0.5249876
/home/tianlong/Downloads/celebdf/Celeb-synthesis/id9_id1_0000.mp4,1,0.010287883
/home/tianlong/Downloads/celebdf/Celeb-synthesis/id9_id2_0000.mp4,1,0.007223328
/home/tianlong/Downloads/celebdf/Celeb-synthesis/id9_id3_0000.mp4,1,0.021271672
/home/tianlong/Downloads/celebdf/Celeb-synthesis/id9_id6_0000.mp4,1,0.20755413
/home/tianlong/Downloads/celebdf/Celeb-synthesis/id9_id16_0000.mp4,1,0.19584608
/home/tianlong/Downloads/celebdf/Celeb-synthesis/id10_id7_0004.mp4,1,0.00016019042
/home/tianlong/Downloads/celebdf/Celeb-synthesis/id10_id11_0004.mp4,1,6.931076e-05
/home/tianlong/Downloads/celebdf/Celeb-synthesis/id10_id12_0004.mp4,1,0.0004035234
/home/tianlong/Downloads/celebdf/Celeb-synthesis/id10_id13_0004.mp4,1,2.6004805e-05
/home/tianlong/Downloads/celebdf/Celeb-synthesis/id10_id7_0001.mp4,1,0.006089891
/home/tianlong/Downloads/celebdf/Celeb-synthesis/id10_id11_0001.mp4,1,0.0020094144
/home/tianlong/Downloads/celebdf/Celeb-synthesis/id10_id12_0001.mp4,1,0.029991677
/home/tianlong/Downloads/celebdf/Celeb-synthesis/id10_id13_0001.mp4,1,0.00065705914
/home/tianlong/Downloads/celebdf/Celeb-synthesis/id11_id7_0008.mp4,1,0.0005335357
/home/tianlong/Downloads/celebdf/Celeb-synthesis/id16_id0_0011.mp4,1,0.0036983765
/home/tianlong/Downloads/celebdf/Celeb-synthesis/id16_id1_0011.mp4,1,0.0017115923
/home/tianlong/Downloads/celebdf/Celeb-synthesis/id16_id2_0011.mp4,1,0.0017795675
/home/tianlong/Downloads/celebdf/Celeb-synthesis/id16_id3_0011.mp4,1,0.009222264
/home/tianlong/Downloads/celebdf/Celeb-synthesis/id16_id6_0011.mp4,1,0.02506712
/home/tianlong/Downloads/celebdf/Celeb-synthesis/id17_id0_0000.mp4,1,0.0034833502
/home/tianlong/Downloads/celebdf/Celeb-synthesis/id17_id1_0000.mp4,1,8.7650245e-05
/home/tianlong/Downloads/celebdf/Celeb-synthesis/id17_id2_0000.mp4,1,0.00025618245
/home/tianlong/Downloads/celebdf/Celeb-synthesis/id17_id3_0000.mp4,1,0.00089822046
/home/tianlong/Downloads/celebdf/Celeb-synthesis/id17_id6_0000.mp4,1,0.0003874389
/home/tianlong/Downloads/celebdf/Celeb-synthesis/id17_id9_0000.mp4,1,0.00011603172
/home/tianlong/Downloads/celebdf/Celeb-synthesis/id17_id16_0000.mp4,1,0.03381554
/home/tianlong/Downloads/celebdf/Celeb-synthesis/id16_id20_0000.mp4,1,0.010338587
/home/tianlong/Downloads/celebdf/Celeb-synthesis/id17_id23_0000.mp4,1,0.0058016777
/home/tianlong/Downloads/celebdf/Celeb-synthesis/id3_id28_0001.mp4,1,0.001490036
/home/tianlong/Downloads/celebdf/Celeb-synthesis/id35_id32_0007.mp4,1,0.0018739462
/home/tianlong/Downloads/celebdf/Celeb-synthesis/id30_id26_0004.mp4,1,0.061156966
/home/tianlong/Downloads/celebdf/Celeb-synthesis/id16_id20_0006.mp4,1,0.00067292445
/home/tianlong/Downloads/celebdf/Celeb-synthesis/id4_id20_0001.mp4,1,0.001421201
/home/tianlong/Downloads/celebdf/Celeb-synthesis/id26_id3_0002.mp4,1,0.07703545
/home/tianlong/Downloads/celebdf/Celeb-synthesis/id20_id31_0006.mp4,1,0.0055033593
/home/tianlong/Downloads/celebdf/Celeb-synthesis/id6_id23_0001.mp4,1,0.24639285
/home/tianlong/Downloads/celebdf/Celeb-synthesis/id9_id23_0009.mp4,1,0.0025716228
/home/tianlong/Downloads/celebdf/Celeb-synthesis/id32_id33_0002.mp4,1,0.0026418448
/home/tianlong/Downloads/celebdf/Celeb-synthesis/id16_id20_0012.mp4,1,0.036128636
/home/tianlong/Downloads/celebdf/Celeb-synthesis/id29_id30_0000.mp4,1,0.017581763
/home/tianlong/Downloads/celebdf/Celeb-synthesis/id3_id20_0008.mp4,1,0.0060201725
/home/tianlong/Downloads/celebdf/Celeb-synthesis/id22_id27_0001.mp4,1,0.12059589
/home/tianlong/Downloads/celebdf/Celeb-synthesis/id27_id21_0002.mp4,1,0.0015906955
/home/tianlong/Downloads/celebdf/Celeb-synthesis/id29_id35_0000.mp4,1,0.01721042
/home/tianlong/Downloads/celebdf/Celeb-synthesis/id21_id19_0005.mp4,1,0.0011565879
/home/tianlong/Downloads/celebdf/Celeb-synthesis/id23_id26_0003.mp4,1,0.002026899
/home/tianlong/Downloads/celebdf/Celeb-synthesis/id30_id35_0009.mp4,1,0.00086836924
/home/tianlong/Downloads/celebdf/Celeb-synthesis/id9_id26_0000.mp4,1,0.019837607
/home/tianlong/Downloads/celebdf/Celeb-synthesis/id33_id32_0006.mp4,1,0.0073598973
/home/tianlong/Downloads/celebdf/Celeb-synthesis/id30_id34_0003.mp4,1,0.000862174
/home/tianlong/Downloads/celebdf/Celeb-synthesis/id29_id37_0008.mp4,1,0.0019768476
/home/tianlong/Downloads/celebdf/Celeb-synthesis/id35_id31_0006.mp4,1,0.00088148506
/home/tianlong/Downloads/celebdf/Celeb-synthesis/id37_id34_0008.mp4,1,0.0024421206
/home/tianlong/Downloads/celebdf/Celeb-synthesis/id26_id16_0001.mp4,1,0.0169974
/home/tianlong/Downloads/celebdf/Celeb-synthesis/id17_id23_0009.mp4,1,0.0537679
/home/tianlong/Downloads/celebdf/Celeb-synthesis/id6_id20_0007.mp4,1,0.0003865332
/home/tianlong/Downloads/celebdf/Celeb-synthesis/id1_id20_0001.mp4,1,0.0016934825
/home/tianlong/Downloads/celebdf/Celeb-synthesis/id1_id23_0006.mp4,1,0.021294173
/home/tianlong/Downloads/celebdf/Celeb-synthesis/id37_id35_0001.mp4,1,0.0751585
/home/tianlong/Downloads/celebdf/Celeb-synthesis/id4_id23_0006.mp4,1,0.549326
/home/tianlong/Downloads/celebdf/Celeb-synthesis/id17_id26_0006.mp4,1,0.1813462
/home/tianlong/Downloads/celebdf/Celeb-synthesis/id20_id1_0007.mp4,1,0.0036129127
/home/tianlong/Downloads/celebdf/Celeb-synthesis/id0_id26_0009.mp4,1,0.0010513884
/home/tianlong/Downloads/celebdf/Celeb-synthesis/id38_id33_0005.mp4,1,0.0008681137
/home/tianlong/Downloads/celebdf/Celeb-synthesis/id28_id35_0008.mp4,1,0.0020373955
/home/tianlong/Downloads/celebdf/Celeb-synthesis/id23_id35_0006.mp4,1,0.00688026
/home/tianlong/Downloads/celebdf/Celeb-synthesis/id6_id28_0002.mp4,1,0.15100004
/home/tianlong/Downloads/celebdf/Celeb-synthesis/id35_id28_0006.mp4,1,0.0008235066
/home/tianlong/Downloads/celebdf/Celeb-synthesis/id32_id31_0008.mp4,1,0.004679351
/home/tianlong/Downloads/celebdf/Celeb-synthesis/id38_id34_0004.mp4,1,0.13401389
/home/tianlong/Downloads/celebdf/Celeb-synthesis/id3_id28_0009.mp4,1,0.06913005
/home/tianlong/Downloads/celebdf/Celeb-synthesis/id37_id28_0007.mp4,1,0.0013297288
/home/tianlong/Downloads/celebdf/Celeb-synthesis/id1_id20_0002.mp4,1,0.00021387267
/home/tianlong/Downloads/celebdf/Celeb-synthesis/id37_id31_0008.mp4,1,0.0009735826
/home/tianlong/Downloads/celebdf/Celeb-synthesis/id30_id23_0007.mp4,1,0.0055918386
/home/tianlong/Downloads/celebdf/Celeb-synthesis/id28_id26_0000.mp4,1,0.0036644998
/home/tianlong/Downloads/celebdf/Celeb-synthesis/id2_id28_0003.mp4,1,0.0043402603
/home/tianlong/Downloads/celebdf/Celeb-synthesis/id27_id24_0007.mp4,1,0.00010359805
/home/tianlong/Downloads/celebdf/Celeb-synthesis/id30_id32_0006.mp4,1,0.008311486
/home/tianlong/Downloads/celebdf/Celeb-synthesis/id35_id31_0009.mp4,1,0.02886893
/home/tianlong/Downloads/celebdf/Celeb-synthesis/id4_id21_0004.mp4,1,0.00061143126
/home/tianlong/Downloads/celebdf/Celeb-synthesis/id37_id21_0005.mp4,1,0.001237774
/home/tianlong/Downloads/celebdf/Celeb-synthesis/id30_id21_0002.mp4,1,0.0011441947
/home/tianlong/Downloads/celebdf/Celeb-synthesis/id16_id23_0011.mp4,1,0.02006609
/home/tianlong/Downloads/celebdf/Celeb-synthesis/id9_id20_0002.mp4,1,0.193545
/home/tianlong/Downloads/celebdf/Celeb-synthesis/id6_id21_0006.mp4,1,0.020399695
/home/tianlong/Downloads/celebdf/Celeb-synthesis/id20_id19_0002.mp4,1,0.041023273
/home/tianlong/Downloads/celebdf/Celeb-synthesis/id28_id4_0006.mp4,1,0.00733303
/home/tianlong/Downloads/celebdf/Celeb-synthesis/id35_id34_0002.mp4,1,0.0028546825
/home/tianlong/Downloads/celebdf/Celeb-synthesis/id35_id26_0003.mp4,1,0.05546154
/home/tianlong/Downloads/celebdf/Celeb-synthesis/id22_id28_0006.mp4,1,0.0010824786
/home/tianlong/Downloads/celebdf/Celeb-synthesis/id30_id21_0005.mp4,1,0.002053821
/home/tianlong/Downloads/celebdf/Celeb-synthesis/id24_id20_0009.mp4,1,0.002286945
/home/tianlong/Downloads/celebdf/Celeb-synthesis/id4_id20_0000.mp4,1,0.027263662
/home/tianlong/Downloads/celebdf/Celeb-synthesis/id2_id26_0001.mp4,1,0.001005359
/home/tianlong/Downloads/celebdf/Celeb-synthesis/id21_id6_0005.mp4,1,0.007511033
/home/tianlong/Downloads/celebdf/Celeb-synthesis/id21_id9_0008.mp4,1,0.009552725
/home/tianlong/Downloads/celebdf/Celeb-synthesis/id22_id21_0005.mp4,1,0.0018192824
/home/tianlong/Downloads/celebdf/Celeb-synthesis/id22_id27_0005.mp4,1,0.0028018274
/home/tianlong/Downloads/celebdf/Celeb-synthesis/id23_id2_0007.mp4,1,0.0035291743
/home/tianlong/Downloads/celebdf/Celeb-synthesis/id23_id3_0009.mp4,1,0.00046458826
/home/tianlong/Downloads/celebdf/Celeb-synthesis/id24_id19_0000.mp4,1,0.015669852
/home/tianlong/Downloads/celebdf/Celeb-synthesis/id24_id21_0006.mp4,1,0.00033865465
/home/tianlong/Downloads/celebdf/Celeb-synthesis/id24_id26_0009.mp4,1,0.04865123
/home/tianlong/Downloads/celebdf/Celeb-synthesis/id25_id19_0002.mp4,1,0.006820631
/home/tianlong/Downloads/celebdf/Celeb-synthesis/id25_id24_0003.mp4,1,0.052280672
/home/tianlong/Downloads/celebdf/Celeb-synthesis/id27_id21_0008.mp4,1,0.00039935397
/home/tianlong/Downloads/celebdf/Celeb-synthesis/id27_id22_0007.mp4,1,0.00020406749
/home/tianlong/Downloads/celebdf/Celeb-synthesis/id27_id25_0008.mp4,1,0.00096985884
/home/tianlong/Downloads/celebdf/Celeb-synthesis/id28_id3_0004.mp4,1,0.00022010603
/home/tianlong/Downloads/celebdf/Celeb-synthesis/id28_id6_0006.mp4,1,0.0020421674
/home/tianlong/Downloads/celebdf/Celeb-synthesis/id29_id32_0000.mp4,1,0.010903806
/home/tianlong/Downloads/celebdf/Celeb-synthesis/id29_id37_0009.mp4,1,0.003499141
/home/tianlong/Downloads/celebdf/Celeb-synthesis/id30_id20_0004.mp4,1,0.03950789
/home/tianlong/Downloads/celebdf/Celeb-synthesis/id30_id23_0002.mp4,1,0.006228336
/home/tianlong/Downloads/celebdf/Celeb-synthesis/id32_id33_0004.mp4,1,0.0020156659
/home/tianlong/Downloads/celebdf/Celeb-synthesis/id33_id38_0001.mp4,1,0.025135893
/home/tianlong/Downloads/celebdf/Celeb-synthesis/id34_id33_0005.mp4,1,0.047714464
/home/tianlong/Downloads/celebdf/Celeb-synthesis/id35_id31_0007.mp4,1,0.0023730998
/home/tianlong/Downloads/celebdf/Celeb-synthesis/id49_id52_0005.mp4,1,0.28275946
/home/tianlong/Downloads/celebdf/Celeb-synthesis/id9_id2_0006.mp4,1,0.0078044436
/home/tianlong/Downloads/celebdf/Celeb-synthesis/id7_id11_0007.mp4,1,0.13300171
/home/tianlong/Downloads/celebdf/Celeb-synthesis/id4_id37_0006.mp4,1,0.48605165
/home/tianlong/Downloads/celebdf/Celeb-synthesis/id37_id38_0009.mp4,1,0.30511796
/home/tianlong/Downloads/celebdf/Celeb-synthesis/id29_id30_0009.mp4,1,0.0032837447
/home/tianlong/Downloads/celebdf/Celeb-synthesis/id0_id6_0007.mp4,1,0.0025174243
/home/tianlong/Downloads/celebdf/Celeb-synthesis/id0_id16_0004.mp4,1,0.009353058
/home/tianlong/Downloads/celebdf/Celeb-synthesis/id31_id33_0008.mp4,1,0.14374855
/home/tianlong/Downloads/celebdf/Celeb-synthesis/id54_id49_0003.mp4,1,0.0021076794
/home/tianlong/Downloads/celebdf/Celeb-synthesis/id0_id1_0000.mp4,1,0.0023153073
/home/tianlong/Downloads/celebdf/Celeb-synthesis/id21_id28_0001.mp4,1,0.0051129297
/home/tianlong/Downloads/celebdf/Celeb-synthesis/id33_id29_0004.mp4,1,0.026710585
/home/tianlong/Downloads/celebdf/Celeb-synthesis/id28_id0_0009.mp4,1,0.004753626
/home/tianlong/Downloads/celebdf/Celeb-synthesis/id6_id9_0006.mp4,1,0.0052437866
/home/tianlong/Downloads/celebdf/Celeb-synthesis/id9_id0_0006.mp4,1,0.10358342
/home/tianlong/Downloads/celebdf/Celeb-synthesis/id26_id2_0005.mp4,1,0.0001424681
/home/tianlong/Downloads/celebdf/Celeb-synthesis/id1_id3_0002.mp4,1,0.00019128932
/home/tianlong/Downloads/celebdf/Celeb-synthesis/id4_id6_0008.mp4,1,0.0012036351
/home/tianlong/Downloads/celebdf/Celeb-synthesis/id16_id28_0005.mp4,1,0.016240075
/home/tianlong/Downloads/celebdf/Celeb-synthesis/id37_id35_0005.mp4,1,0.008835746
/home/tianlong/Downloads/celebdf/Celeb-synthesis/id19_id20_0004.mp4,1,0.0010449872
/home/tianlong/Downloads/celebdf/Celeb-synthesis/id46_id41_0000.mp4,1,0.0009287813
/home/tianlong/Downloads/celebdf/Celeb-synthesis/id51_id57_0004.mp4,1,0.0018302787
/home/tianlong/Downloads/celebdf/Celeb-synthesis/id29_id37_0005.mp4,1,0.12178625
/home/tianlong/Downloads/celebdf/Celeb-synthesis/id35_id23_0007.mp4,1,0.03502719
/home/tianlong/Downloads/celebdf/Celeb-synthesis/id34_id33_0002.mp4,1,0.003553585
/home/tianlong/Downloads/celebdf/Celeb-synthesis/id1_id3_0006.mp4,1,0.00068401825
/home/tianlong/Downloads/celebdf/Celeb-synthesis/id13_id10_0005.mp4,1,0.00036841695
/home/tianlong/Downloads/celebdf/Celeb-synthesis/id56_id55_0009.mp4,1,0.00038213943
/home/tianlong/Downloads/celebdf/Celeb-synthesis/id25_id28_0010.mp4,1,0.0015132237
/home/tianlong/Downloads/celebdf/Celeb-synthesis/id20_id37_0004.mp4,1,0.26606572
/home/tianlong/Downloads/celebdf/Celeb-synthesis/id37_id29_0002.mp4,1,0.081545986
/home/tianlong/Downloads/celebdf/Celeb-synthesis/id56_id54_0007.mp4,1,0.07268069
/home/tianlong/Downloads/celebdf/Celeb-synthesis/id19_id20_0000.mp4,1,0.0008989826
/home/tianlong/Downloads/celebdf/Celeb-synthesis/id4_id28_0006.mp4,1,0.4691686
/home/tianlong/Downloads/celebdf/Celeb-synthesis/id53_id58_0005.mp4,1,0.0035802126
/home/tianlong/Downloads/celebdf/Celeb-synthesis/id55_id57_0002.mp4,1,0.10498285
/home/tianlong/Downloads/celebdf/Celeb-synthesis/id24_id26_0004.mp4,1,0.00067858683
/home/tianlong/Downloads/celebdf/Celeb-synthesis/id20_id0_0006.mp4,1,0.0015364551
/home/tianlong/Downloads/celebdf/Celeb-synthesis/id37_id2_0009.mp4,1,0.095575795
/home/tianlong/Downloads/celebdf/Celeb-synthesis/id30_id26_0006.mp4,1,0.003447819
/home/tianlong/Downloads/celebdf/Celeb-synthesis/id16_id2_0001.mp4,1,0.00226779
/home/tianlong/Downloads/celebdf/Celeb-synthesis/id26_id1_0002.mp4,1,0.20738065
/home/tianlong/Downloads/celebdf/Celeb-synthesis/id30_id6_0007.mp4,1,0.00073760503
/home/tianlong/Downloads/celebdf/Celeb-synthesis/id44_id41_0005.mp4,1,0.024319947
/home/tianlong/Downloads/celebdf/Celeb-synthesis/id16_id2_0006.mp4,1,0.00025622675
/home/tianlong/Downloads/celebdf/Celeb-synthesis/id1_id16_0004.mp4,1,0.0008121299
/home/tianlong/Downloads/celebdf/Celeb-synthesis/id16_id21_0002.mp4,1,0.035024524
/home/tianlong/Downloads/celebdf/Celeb-synthesis/id4_id0_0000.mp4,1,0.05389034
/home/tianlong/Downloads/celebdf/Celeb-synthesis/id8_id0_0002.mp4,1,0.07394546
/home/tianlong/Downloads/celebdf/Celeb-synthesis/id19_id23_0001.mp4,1,0.0037016082
/home/tianlong/Downloads/celebdf/Celeb-synthesis/id37_id3_0006.mp4,1,0.010735686
/home/tianlong/Downloads/celebdf/Celeb-synthesis/id9_id16_0007.mp4,1,0.05410239
/home/tianlong/Downloads/celebdf/Celeb-synthesis/id47_id43_0007.mp4,1,0.09820929
/home/tianlong/Downloads/celebdf/Celeb-synthesis/id16_id3_0009.mp4,1,0.002403951
/home/tianlong/Downloads/celebdf/Celeb-synthesis/id26_id28_0002.mp4,1,0.30183202
/home/tianlong/Downloads/celebdf/Celeb-synthesis/id8_id3_0003.mp4,1,0.00080326403
/home/tianlong/Downloads/celebdf/Celeb-synthesis/id30_id28_0000.mp4,1,0.0024546024
/home/tianlong/Downloads/celebdf/Celeb-synthesis/id27_id23_0008.mp4,1,0.0010249133
/home/tianlong/Downloads/celebdf/Celeb-synthesis/id28_id20_0008.mp4,1,0.007242474
/home/tianlong/Downloads/celebdf/Celeb-synthesis/id1_id2_0002.mp4,1,0.00014221201
/home/tianlong/Downloads/celebdf/Celeb-synthesis/id46_id39_0000.mp4,1,0.0012352921
/home/tianlong/Downloads/celebdf/Celeb-synthesis/id37_id28_0008.mp4,1,0.0029811156
/home/tianlong/Downloads/celebdf/Celeb-synthesis/id0_id3_0007.mp4,1,0.0003864274
/home/tianlong/Downloads/celebdf/Celeb-synthesis/id4_id1_0002.mp4,1,0.0012510512
/home/tianlong/Downloads/celebdf/Celeb-synthesis/id13_id7_0000.mp4,1,1.6775004e-05
/home/tianlong/Downloads/celebdf/Celeb-synthesis/id50_id53_0000.mp4,1,0.24742246
/home/tianlong/Downloads/celebdf/Celeb-synthesis/id50_id56_0005.mp4,1,0.0027026788
/home/tianlong/Downloads/celebdf/Celeb-synthesis/id4_id21_0009.mp4,1,0.10877545
/home/tianlong/Downloads/celebdf/Celeb-synthesis/id23_id3_0004.mp4,1,0.16766155
/home/tianlong/Downloads/celebdf/Celeb-synthesis/id56_id51_0000.mp4,1,0.00014472536
/home/tianlong/Downloads/celebdf/Celeb-synthesis/id30_id3_0006.mp4,1,0.0022978757
/home/tianlong/Downloads/celebdf/Celeb-synthesis/id28_id20_0006.mp4,1,0.0034900685
/home/tianlong/Downloads/celebdf/Celeb-synthesis/id4_id20_0008.mp4,1,0.00015812714
/home/tianlong/Downloads/celebdf/Celeb-synthesis/id54_id58_0006.mp4,1,0.003022894
/home/tianlong/Downloads/celebdf/Celeb-synthesis/id53_id57_0005.mp4,1,0.00061938586
/home/tianlong/Downloads/celebdf/Celeb-synthesis/id31_id33_0009.mp4,1,0.005333551
/home/tianlong/Downloads/celebdf/Celeb-synthesis/id0_id21_0000.mp4,1,0.029333357
/home/tianlong/Downloads/celebdf/Celeb-synthesis/id6_id23_0006.mp4,1,0.55384463
/home/tianlong/Downloads/celebdf/Celeb-synthesis/id48_id45_0002.mp4,1,0.0022810749
/home/tianlong/Downloads/celebdf/Celeb-synthesis/id46_id45_0001.mp4,1,0.0062692217
/home/tianlong/Downloads/celebdf/Celeb-synthesis/id28_id21_0006.mp4,1,0.0029994813
/home/tianlong/Downloads/celebdf/Celeb-synthesis/id12_id10_0005.mp4,1,0.049244415
/home/tianlong/Downloads/celebdf/Celeb-synthesis/id54_id56_0000.mp4,1,0.13078263
/home/tianlong/Downloads/celebdf/Celeb-synthesis/id39_id47_0004.mp4,1,0.022917766
/home/tianlong/Downloads/celebdf/Celeb-synthesis/id9_id3_0009.mp4,1,0.00024923537
/home/tianlong/Downloads/celebdf/Celeb-synthesis/id35_id16_0007.mp4,1,0.021167362
/home/tianlong/Downloads/celebdf/Celeb-synthesis/id21_id2_0002.mp4,1,0.0059984997
/home/tianlong/Downloads/celebdf/Celeb-synthesis/id12_id10_0002.mp4,1,0.0007692025
/home/tianlong/Downloads/celebdf/Celeb-synthesis/id10_id13_0007.mp4,1,0.00040213738
/home/tianlong/Downloads/celebdf/Celeb-synthesis/id20_id31_0008.mp4,1,0.0011592465
/home/tianlong/Downloads/celebdf/Celeb-synthesis/id0_id16_0003.mp4,1,0.03282513
/home/tianlong/Downloads/celebdf/Celeb-synthesis/id0_id16_0007.mp4,1,0.0012475982
/home/tianlong/Downloads/celebdf/Celeb-synthesis/id2_id16_0004.mp4,1,0.00945963
/home/tianlong/Downloads/celebdf/Celeb-synthesis/id13_id7_0012.mp4,1,0.001016937
/home/tianlong/Downloads/celebdf/Celeb-synthesis/id37_id1_0002.mp4,1,0.004972872
/home/tianlong/Downloads/celebdf/Celeb-synthesis/id30_id28_0004.mp4,1,0.06621284
/home/tianlong/Downloads/celebdf/Celeb-synthesis/id53_id52_0003.mp4,1,0.13587806
/home/tianlong/Downloads/celebdf/Celeb-synthesis/id54_id56_0006.mp4,1,0.0018533634
/home/tianlong/Downloads/celebdf/Celeb-synthesis/id3_id28_0002.mp4,1,0.021763276
/home/tianlong/Downloads/celebdf/Celeb-synthesis/id37_id4_0000.mp4,1,0.018782105
/home/tianlong/Downloads/celebdf/Celeb-synthesis/id28_id9_0000.mp4,1,0.0023090339
/home/tianlong/Downloads/celebdf/Celeb-synthesis/id4_id2_0003.mp4,1,0.00061369396
/home/tianlong/Downloads/celebdf/Celeb-synthesis/id25_id21_0005.mp4,1,0.032279946
/home/tianlong/Downloads/celebdf/Celeb-synthesis/id17_id3_0007.mp4,1,0.0032059576
/home/tianlong/Downloads/celebdf/Celeb-synthesis/id2_id1_0004.mp4,1,0.00909895
/home/tianlong/Downloads/celebdf/Celeb-synthesis/id3_id9_0003.mp4,1,0.00066957617
/home/tianlong/Downloads/celebdf/Celeb-synthesis/id16_id6_0001.mp4,1,0.017756809
/home/tianlong/Downloads/celebdf/Celeb-synthesis/id8_id6_0002.mp4,1,0.034343865
/home/tianlong/Downloads/celebdf/Celeb-synthesis/id17_id16_0007.mp4,1,0.003559069
/home/tianlong/Downloads/celebdf/Celeb-synthesis/id4_id26_0007.mp4,1,0.0035368477
/home/tianlong/Downloads/celebdf/Celeb-synthesis/id44_id45_0000.mp4,1,0.0082951505
/home/tianlong/Downloads/celebdf/Celeb-synthesis/id0_id1_0005.mp4,1,0.0010312569
/home/tianlong/Downloads/celebdf/Celeb-synthesis/id57_id51_0000.mp4,1,0.0011780437
/home/tianlong/Downloads/celebdf/Celeb-synthesis/id34_id32_0007.mp4,1,0.02214854
/home/tianlong/Downloads/celebdf/Celeb-synthesis/id32_id31_0006.mp4,1,0.50598896
/home/tianlong/Downloads/celebdf/Celeb-synthesis/id48_id41_0001.mp4,1,0.001786663
/home/tianlong/Downloads/celebdf/Celeb-synthesis/id4_id0_0004.mp4,1,0.00015386596
/home/tianlong/Downloads/celebdf/Celeb-synthesis/id21_id19_0009.mp4,1,0.41980538
/home/tianlong/Downloads/celebdf/Celeb-synthesis/id45_id39_0008.mp4,1,0.001163799
/home/tianlong/Downloads/celebdf/Celeb-synthesis/id31_id30_0009.mp4,1,0.0013719263
/home/tianlong/Downloads/celebdf/Celeb-synthesis/id27_id19_0001.mp4,1,0.00016932175
/home/tianlong/Downloads/celebdf/Celeb-synthesis/id23_id16_0003.mp4,1,0.0005809574
/home/tianlong/Downloads/celebdf/Celeb-synthesis/id58_id57_0008.mp4,1,0.0021196622
/home/tianlong/Downloads/celebdf/Celeb-synthesis/id17_id2_0007.mp4,1,0.0008081206
/home/tianlong/Downloads/celebdf/Celeb-synthesis/id28_id3_0001.mp4,1,0.0037816085
/home/tianlong/Downloads/celebdf/Celeb-synthesis/id23_id35_0009.mp4,1,0.006848662
/home/tianlong/Downloads/celebdf/Celeb-synthesis/id4_id0_0001.mp4,1,0.0035291065
/home/tianlong/Downloads/celebdf/Celeb-synthesis/id17_id31_0009.mp4,1,0.000649738
/home/tianlong/Downloads/celebdf/Celeb-synthesis/id48_id47_0008.mp4,1,0.0003324783
/home/tianlong/Downloads/celebdf/Celeb-synthesis/id50_id49_0001.mp4,1,0.007796292
/home/tianlong/Downloads/celebdf/Celeb-synthesis/id20_id1_0003.mp4,1,0.062714964
/home/tianlong/Downloads/celebdf/Celeb-synthesis/id16_id3_0010.mp4,1,0.002304343
/home/tianlong/Downloads/celebdf/Celeb-synthesis/id23_id19_0000.mp4,1,0.02347418
/home/tianlong/Downloads/celebdf/Celeb-synthesis/id1_id3_0009.mp4,1,0.19943687
/home/tianlong/Downloads/celebdf/Celeb-synthesis/id43_id40_0005.mp4,1,0.0045026797
/home/tianlong/Downloads/celebdf/Celeb-synthesis/id4_id6_0002.mp4,1,0.007598792
/home/tianlong/Downloads/celebdf/Celeb-synthesis/id10_id7_0008.mp4,1,0.00016479919
/home/tianlong/Downloads/celebdf/Celeb-synthesis/id13_id10_0008.mp4,1,0.005380267
/home/tianlong/Downloads/celebdf/Celeb-synthesis/id12_id7_0006.mp4,1,0.0006904889
/home/tianlong/Downloads/celebdf/Celeb-synthesis/id6_id2_0008.mp4,1,0.002085417
/home/tianlong/Downloads/celebdf/Celeb-synthesis/id2_id0_0002.mp4,1,0.27413142
/home/tianlong/Downloads/celebdf/Celeb-synthesis/id2_id6_0002.mp4,1,0.2710927
/home/tianlong/Downloads/celebdf/Celeb-synthesis/id30_id28_0006.mp4,1,0.0034263325
/home/tianlong/Downloads/celebdf/Celeb-synthesis/id52_id50_0007.mp4,1,0.062494986
/home/tianlong/Downloads/celebdf/Celeb-synthesis/id49_id52_0007.mp4,1,0.006348677
/home/tianlong/Downloads/celebdf/Celeb-synthesis/id51_id50_0008.mp4,1,0.0005916531
/home/tianlong/Downloads/celebdf/Celeb-synthesis/id21_id3_0009.mp4,1,0.028737903
/home/tianlong/Downloads/celebdf/Celeb-synthesis/id31_id16_0002.mp4,1,0.047603864
/home/tianlong/Downloads/celebdf/Celeb-synthesis/id25_id28_0003.mp4,1,0.029921105
/home/tianlong/Downloads/celebdf/Celeb-synthesis/id21_id20_0006.mp4,1,0.0004907745
/home/tianlong/Downloads/celebdf/Celeb-synthesis/id10_id7_0005.mp4,1,0.00034903712
/home/tianlong/Downloads/celebdf/Celeb-synthesis/id38_id30_0006.mp4,1,0.036370657
/home/tianlong/Downloads/celebdf/Celeb-synthesis/id35_id30_0006.mp4,1,0.0007086735
/home/tianlong/Downloads/celebdf/Celeb-synthesis/id20_id9_0008.mp4,1,0.000304663
/home/tianlong/Downloads/celebdf/Celeb-synthesis/id25_id23_0010.mp4,1,0.016462754
/home/tianlong/Downloads/celebdf/Celeb-synthesis/id17_id21_0000.mp4,1,0.0014688709
/home/tianlong/Downloads/celebdf/Celeb-synthesis/id45_id47_0002.mp4,1,0.0061889784
/home/tianlong/Downloads/celebdf/Celeb-synthesis/id1_id3_0003.mp4,1,0.0006084604
/home/tianlong/Downloads/celebdf/Celeb-synthesis/id27_id26_0006.mp4,1,0.08022701
/home/tianlong/Downloads/celebdf/Celeb-synthesis/id44_id42_0001.mp4,1,0.0026262663
/home/tianlong/Downloads/celebdf/Celeb-synthesis/id57_id53_0006.mp4,1,0.0662308
/home/tianlong/Downloads/celebdf/Celeb-synthesis/id43_id39_0000.mp4,1,0.00017610652
/home/tianlong/Downloads/celebdf/Celeb-synthesis/id35_id16_0004.mp4,1,0.040447094
/home/tianlong/Downloads/celebdf/Celeb-synthesis/id42_id40_0001.mp4,1,0.0010699747
/home/tianlong/Downloads/celebdf/Celeb-synthesis/id21_id2_0000.mp4,1,0.0016127862
/home/tianlong/Downloads/celebdf/Celeb-synthesis/id37_id21_0000.mp4,1,0.00091478677
/home/tianlong/Downloads/celebdf/Celeb-synthesis/id29_id38_0008.mp4,1,0.008766478
/home/tianlong/Downloads/celebdf/Celeb-synthesis/id39_id44_0000.mp4,1,0.0026383616
/home/tianlong/Downloads/celebdf/Celeb-synthesis/id9_id6_0005.mp4,1,0.18228176
/home/tianlong/Downloads/celebdf/Celeb-synthesis/id0_id1_0001.mp4,1,0.0025882735
/home/tianlong/Downloads/celebdf/Celeb-synthesis/id31_id2_0004.mp4,1,0.0058025024
/home/tianlong/Downloads/celebdf/Celeb-synthesis/id38_id34_0003.mp4,1,0.0782156
/home/tianlong/Downloads/celebdf/Celeb-synthesis/id56_id57_0007.mp4,1,0.0037130073
/home/tianlong/Downloads/celebdf/Celeb-synthesis/id52_id58_0005.mp4,1,0.052019775
/home/tianlong/Downloads/celebdf/Celeb-synthesis/id28_id4_0000.mp4,1,0.060379155
/home/tianlong/Downloads/celebdf/Celeb-synthesis/id22_id26_0005.mp4,1,0.004346849
/home/tianlong/Downloads/celebdf/Celeb-synthesis/id4_id30_0000.mp4,1,0.031666607
/home/tianlong/Downloads/celebdf/Celeb-synthesis/id29_id32_0003.mp4,1,0.039619766
/home/tianlong/Downloads/celebdf/Celeb-synthesis/id35_id20_0007.mp4,1,0.007878584
/home/tianlong/Downloads/celebdf/Celeb-synthesis/id1_id2_0007.mp4,1,0.00026868048
/home/tianlong/Downloads/celebdf/Celeb-synthesis/id30_id3_0002.mp4,1,0.0003637338
/home/tianlong/Downloads/celebdf/Celeb-synthesis/id22_id25_0001.mp4,1,0.20021212
/home/tianlong/Downloads/celebdf/Celeb-synthesis/id39_id44_0008.mp4,1,0.0016921401
/home/tianlong/Downloads/celebdf/Celeb-synthesis/id34_id29_0008.mp4,1,0.023668421
/home/tianlong/Downloads/celebdf/Celeb-synthesis/id21_id28_0009.mp4,1,0.0055363635
/home/tianlong/Downloads/celebdf/Celeb-synthesis/id30_id4_0001.mp4,1,0.028963616
/home/tianlong/Downloads/celebdf/Celeb-synthesis/id25_id19_0008.mp4,1,0.043044433
/home/tianlong/Downloads/celebdf/Celeb-synthesis/id21_id4_0002.mp4,1,0.021015521
/home/tianlong/Downloads/celebdf/Celeb-synthesis/id17_id28_0001.mp4,1,0.0062778806
/home/tianlong/Downloads/celebdf/Celeb-synthesis/id6_id1_0007.mp4,1,0.00050133717
/home/tianlong/Downloads/celebdf/Celeb-synthesis/id9_id2_0008.mp4,1,0.0031335733
/home/tianlong/Downloads/celebdf/Celeb-synthesis/id8_id5_0008.mp4,1,0.0042207725
/home/tianlong/Downloads/celebdf/Celeb-synthesis/id37_id3_0004.mp4,1,0.0044847215
/home/tianlong/Downloads/celebdf/Celeb-synthesis/id17_id2_0003.mp4,1,0.00015248422
