Video,Label,Prediction
/home/tianlong/Downloads/celebdf/YouTube-real/00170.mp4,0,0.007194022
/home/tianlong/Downloads/celebdf/YouTube-real/00208.mp4,0,0.00013495542
/home/tianlong/Downloads/celebdf/YouTube-real/00063.mp4,0,0.006394168
/home/tianlong/Downloads/celebdf/YouTube-real/00024.mp4,0,0.00010662322
/home/tianlong/Downloads/celebdf/YouTube-real/00021.mp4,0,0.018330354
/home/tianlong/Downloads/celebdf/YouTube-real/00036.mp4,0,0.0056965593
/home/tianlong/Downloads/celebdf/YouTube-real/00202.mp4,0,0.0020828396
/home/tianlong/Downloads/celebdf/YouTube-real/00236.mp4,0,0.0003131366
/home/tianlong/Downloads/celebdf/YouTube-real/00197.mp4,0,0.000102806414
/home/tianlong/Downloads/celebdf/YouTube-real/00133.mp4,0,0.0052413065
/home/tianlong/Downloads/celebdf/YouTube-real/00213.mp4,0,0.0001246766
/home/tianlong/Downloads/celebdf/YouTube-real/00011.mp4,0,0.0005027509
/home/tianlong/Downloads/celebdf/YouTube-real/00095.mp4,0,0.0055892738
/home/tianlong/Downloads/celebdf/YouTube-real/00138.mp4,0,0.008688388
/home/tianlong/Downloads/celebdf/YouTube-real/00106.mp4,0,0.0019575972
/home/tianlong/Downloads/celebdf/YouTube-real/00194.mp4,0,0.00085165136
/home/tianlong/Downloads/celebdf/YouTube-real/00092.mp4,0,0.002043379
/home/tianlong/Downloads/celebdf/YouTube-real/00227.mp4,0,0.004172111
/home/tianlong/Downloads/celebdf/YouTube-real/00244.mp4,0,0.048485376
/home/tianlong/Downloads/celebdf/YouTube-real/00119.mp4,0,0.0021690556
/home/tianlong/Downloads/celebdf/YouTube-real/00082.mp4,0,0.0037413654
/home/tianlong/Downloads/celebdf/YouTube-real/00188.mp4,0,0.0007225644
/home/tianlong/Downloads/celebdf/YouTube-real/00076.mp4,0,4.0004878e-05
/home/tianlong/Downloads/celebdf/YouTube-real/00047.mp4,0,0.0042329244
/home/tianlong/Downloads/celebdf/YouTube-real/00168.mp4,0,0.0003503091
/home/tianlong/Downloads/celebdf/YouTube-real/00207.mp4,0,0.0018559045
/home/tianlong/Downloads/celebdf/YouTube-real/00193.mp4,0,0.0013632827
/home/tianlong/Downloads/celebdf/YouTube-real/00061.mp4,0,0.013396027
/home/tianlong/Downloads/celebdf/YouTube-real/00023.mp4,0,0.001018671
/home/tianlong/Downloads/celebdf/YouTube-real/00048.mp4,0,0.08481128
/home/tianlong/Downloads/celebdf/YouTube-real/00250.mp4,0,0.0029062955
/home/tianlong/Downloads/celebdf/YouTube-real/00251.mp4,0,0.25845194
/home/tianlong/Downloads/celebdf/YouTube-real/00252.mp4,0,0.0002668121
/home/tianlong/Downloads/celebdf/YouTube-real/00253.mp4,0,0.0001870136
/home/tianlong/Downloads/celebdf/YouTube-real/00254.mp4,0,0.0004925168
/home/tianlong/Downloads/celebdf/YouTube-real/00255.mp4,0,0.0018467503
/home/tianlong/Downloads/celebdf/YouTube-real/00256.mp4,0,0.0005308877
/home/tianlong/Downloads/celebdf/YouTube-real/00257.mp4,0,0.00024492774
/home/tianlong/Downloads/celebdf/YouTube-real/00258.mp4,0,0.00026117446
/home/tianlong/Downloads/celebdf/YouTube-real/00259.mp4,0,0.00015710799
/home/tianlong/Downloads/celebdf/YouTube-real/00260.mp4,0,0.0002536962
/home/tianlong/Downloads/celebdf/YouTube-real/00261.mp4,0,0.0062881485
/home/tianlong/Downloads/celebdf/YouTube-real/00262.mp4,0,2.1131238e-05
/home/tianlong/Downloads/celebdf/YouTube-real/00263.mp4,0,0.0007314949
/home/tianlong/Downloads/celebdf/YouTube-real/00264.mp4,0,0.0065207374
/home/tianlong/Downloads/celebdf/YouTube-real/00265.mp4,0,6.5574204e-05
/home/tianlong/Downloads/celebdf/YouTube-real/00266.mp4,0,0.0049670143
/home/tianlong/Downloads/celebdf/YouTube-real/00267.mp4,0,0.00027038535
/home/tianlong/Downloads/celebdf/YouTube-real/00268.mp4,0,0.0004051248
/home/tianlong/Downloads/celebdf/YouTube-real/00269.mp4,0,7.893284e-06
/home/tianlong/Downloads/celebdf/YouTube-real/00270.mp4,0,2.3948156e-05
/home/tianlong/Downloads/celebdf/YouTube-real/00271.mp4,0,0.00015004941
/home/tianlong/Downloads/celebdf/YouTube-real/00272.mp4,0,0.00027859927
/home/tianlong/Downloads/celebdf/YouTube-real/00273.mp4,0,2.3335924e-05
/home/tianlong/Downloads/celebdf/YouTube-real/00274.mp4,0,2.2535267e-05
/home/tianlong/Downloads/celebdf/YouTube-real/00275.mp4,0,0.000814025
/home/tianlong/Downloads/celebdf/YouTube-real/00276.mp4,0,0.012127919
/home/tianlong/Downloads/celebdf/YouTube-real/00277.mp4,0,5.6084806e-05
/home/tianlong/Downloads/celebdf/YouTube-real/00278.mp4,0,0.008454705
/home/tianlong/Downloads/celebdf/YouTube-real/00279.mp4,0,0.26087642
/home/tianlong/Downloads/celebdf/YouTube-real/00280.mp4,0,0.001652165
/home/tianlong/Downloads/celebdf/YouTube-real/00281.mp4,0,0.12410194
/home/tianlong/Downloads/celebdf/YouTube-real/00282.mp4,0,0.0015533615
/home/tianlong/Downloads/celebdf/YouTube-real/00283.mp4,0,0.0016014387
/home/tianlong/Downloads/celebdf/YouTube-real/00284.mp4,0,0.00014989622
/home/tianlong/Downloads/celebdf/YouTube-real/00285.mp4,0,0.0579196
/home/tianlong/Downloads/celebdf/YouTube-real/00286.mp4,0,0.0032055627
/home/tianlong/Downloads/celebdf/YouTube-real/00287.mp4,0,0.0009703593
/home/tianlong/Downloads/celebdf/YouTube-real/00288.mp4,0,0.00040973263
/home/tianlong/Downloads/celebdf/YouTube-real/00289.mp4,0,0.0001821925
/home/tianlong/Downloads/celebdf/Celeb-real/id1_0007.mp4,0,0.00019492829
/home/tianlong/Downloads/celebdf/Celeb-real/id2_0008.mp4,0,0.00058263505
/home/tianlong/Downloads/celebdf/Celeb-real/id3_0001.mp4,0,6.451287e-05
/home/tianlong/Downloads/celebdf/Celeb-real/id6_0005.mp4,0,0.0055505466
/home/tianlong/Downloads/celebdf/Celeb-real/id9_0000.mp4,0,0.0010005083
/home/tianlong/Downloads/celebdf/Celeb-real/id11_0008.mp4,0,0.00019038576
/home/tianlong/Downloads/celebdf/Celeb-real/id16_0011.mp4,0,0.0007988854
/home/tianlong/Downloads/celebdf/Celeb-real/id17_0000.mp4,0,0.00061881595
/home/tianlong/Downloads/celebdf/Celeb-real/id35_0008.mp4,0,0.0010537952
/home/tianlong/Downloads/celebdf/Celeb-real/id39_0005.mp4,0,0.030230086
/home/tianlong/Downloads/celebdf/Celeb-real/id48_0000.mp4,0,0.00017598724
/home/tianlong/Downloads/celebdf/Celeb-real/id32_0008.mp4,0,0.00037831743
/home/tianlong/Downloads/celebdf/Celeb-real/id56_0009.mp4,0,0.013261442
/home/tianlong/Downloads/celebdf/Celeb-real/id54_0007.mp4,0,3.6165322e-05
/home/tianlong/Downloads/celebdf/Celeb-real/id37_0005.mp4,0,0.004251794
/home/tianlong/Downloads/celebdf/Celeb-real/id29_0008.mp4,0,6.4606975e-05
/home/tianlong/Downloads/celebdf/Celeb-real/id43_0006.mp4,0,0.00011051183
/home/tianlong/Downloads/celebdf/Celeb-real/id1_0006.mp4,0,0.00021769013
/home/tianlong/Downloads/celebdf/Celeb-real/id51_0001.mp4,0,0.00052914553
/home/tianlong/Downloads/celebdf/Celeb-real/id31_0007.mp4,0,0.0011646013
/home/tianlong/Downloads/celebdf/Celeb-real/id2_0003.mp4,0,0.0005806076
/home/tianlong/Downloads/celebdf/Celeb-real/id21_0009.mp4,0,0.006306791
/home/tianlong/Downloads/celebdf/Celeb-real/id50_0003.mp4,0,1.7330032e-05
/home/tianlong/Downloads/celebdf/Celeb-real/id21_0006.mp4,0,0.00013123627
/home/tianlong/Downloads/celebdf/Celeb-real/id44_0003.mp4,0,0.0001232487
/home/tianlong/Downloads/celebdf/Celeb-real/id36_0006.mp4,0,0.00021999334
/home/tianlong/Downloads/celebdf/Celeb-real/id36_0008.mp4,0,4.3128884e-06
/home/tianlong/Downloads/celebdf/Celeb-real/id1_0008.mp4,0,0.00011591149
/home/tianlong/Downloads/celebdf/Celeb-real/id45_0003.mp4,0,0.00059310754
/home/tianlong/Downloads/celebdf/Celeb-real/id48_0003.mp4,0,0.058487665
/home/tianlong/Downloads/celebdf/Celeb-real/id23_0001.mp4,0,0.07611875
/home/tianlong/Downloads/celebdf/Celeb-real/id16_0010.mp4,0,0.00033444315
/home/tianlong/Downloads/celebdf/Celeb-real/id31_0004.mp4,0,0.00090935547
/home/tianlong/Downloads/celebdf/Celeb-real/id35_0000.mp4,0,0.056974314
/home/tianlong/Downloads/celebdf/Celeb-real/id58_0002.mp4,0,4.6420137e-05
/home/tianlong/Downloads/celebdf/Celeb-real/id30_0007.mp4,0,8.1683174e-05
/home/tianlong/Downloads/celebdf/Celeb-real/id12_0005.mp4,0,0.00014476434
/home/tianlong/Downloads/celebdf/Celeb-real/id56_0002.mp4,0,0.00030395616
/home/tianlong/Downloads/celebdf/Celeb-real/id33_0005.mp4,0,0.001308232
/home/tianlong/Downloads/celebdf/Celeb-real/id29_0009.mp4,0,0.0001479986
/home/tianlong/Downloads/celebdf/Celeb-real/id13_0013.mp4,0,0.003919135
/home/tianlong/Downloads/celebdf/Celeb-real/id28_0009.mp4,0,0.00033539085
/home/tianlong/Downloads/celebdf/Celeb-real/id36_0000.mp4,0,2.202419e-05
/home/tianlong/Downloads/celebdf/Celeb-real/id24_0009.mp4,0,0.0020497413
/home/tianlong/Downloads/celebdf/Celeb-real/id39_0004.mp4,0,0.0007229362
/home/tianlong/Downloads/celebdf/Celeb-real/id27_0008.mp4,0,0.00020320775
/home/tianlong/Downloads/celebdf/Celeb-real/id11_0006.mp4,0,0.00026873514
/home/tianlong/Downloads/celebdf/Celeb-real/id19_0007.mp4,0,0.0011990475
/home/tianlong/Downloads/celebdf/Celeb-real/id37_0009.mp4,0,0.18308489
/home/tianlong/Downloads/celebdf/Celeb-real/id3_0008.mp4,0,0.0027089235
/home/tianlong/Downloads/celebdf/Celeb-real/id46_0000.mp4,0,0.00069786195
/home/tianlong/Downloads/celebdf/Celeb-real/id33_0008.mp4,0,0.00037709397
/home/tianlong/Downloads/celebdf/Celeb-real/id8_0000.mp4,0,2.8147484e-05
/home/tianlong/Downloads/celebdf/Celeb-real/id16_0007.mp4,0,0.00030239605
/home/tianlong/Downloads/celebdf/Celeb-real/id1_0001.mp4,0,0.04804399
/home/tianlong/Downloads/celebdf/Celeb-real/id32_0002.mp4,0,0.0033984855
/home/tianlong/Downloads/celebdf/Celeb-real/id19_0005.mp4,0,1.3129582e-05
/home/tianlong/Downloads/celebdf/Celeb-real/id27_0009.mp4,0,6.5213615e-05
/home/tianlong/Downloads/celebdf/Celeb-real/id2_0001.mp4,0,0.0010760056
/home/tianlong/Downloads/celebdf/Celeb-real/id13_0011.mp4,0,7.293239e-05
/home/tianlong/Downloads/celebdf/Celeb-real/id49_0004.mp4,0,0.0009098837
/home/tianlong/Downloads/celebdf/Celeb-real/id57_0007.mp4,0,0.0001294949
/home/tianlong/Downloads/celebdf/Celeb-real/id26_0008.mp4,0,0.0075316764
/home/tianlong/Downloads/celebdf/Celeb-real/id2_0004.mp4,0,0.00040951036
/home/tianlong/Downloads/celebdf/Celeb-real/id36_0001.mp4,0,4.8632435e-05
/home/tianlong/Downloads/celebdf/Celeb-real/id0_0001.mp4,0,3.0414503e-05
/home/tianlong/Downloads/celebdf/Celeb-real/id10_0007.mp4,0,0.00016621585
/home/tianlong/Downloads/celebdf/Celeb-real/id17_0002.mp4,0,0.009767264
/home/tianlong/Downloads/celebdf/Celeb-real/id4_0004.mp4,0,0.0019288159
/home/tianlong/Downloads/celebdf/Celeb-real/id36_0002.mp4,0,2.1009148e-05
/home/tianlong/Downloads/celebdf/Celeb-real/id53_0003.mp4,0,0.0026294936
/home/tianlong/Downloads/celebdf/Celeb-real/id25_0010.mp4,0,0.003895189
/home/tianlong/Downloads/celebdf/Celeb-real/id51_0006.mp4,0,0.0074501084
/home/tianlong/Downloads/celebdf/Celeb-real/id22_0000.mp4,0,0.00026812876
/home/tianlong/Downloads/celebdf/Celeb-real/id10_0001.mp4,0,0.0038563781
/home/tianlong/Downloads/celebdf/Celeb-real/id6_0002.mp4,0,0.013514137
/home/tianlong/Downloads/celebdf/Celeb-real/id12_0000.mp4,0,0.00020891758
/home/tianlong/Downloads/celebdf/Celeb-real/id35_0003.mp4,0,0.036526907
/home/tianlong/Downloads/celebdf/Celeb-real/id3_0002.mp4,0,0.000347542
/home/tianlong/Downloads/celebdf/Celeb-real/id31_0003.mp4,0,0.028738266
/home/tianlong/Downloads/celebdf/Celeb-real/id52_0002.mp4,0,0.0038243164
/home/tianlong/Downloads/celebdf/Celeb-real/id2_0002.mp4,0,0.00040657297
/home/tianlong/Downloads/celebdf/Celeb-real/id44_0001.mp4,0,0.00055952923
/home/tianlong/Downloads/celebdf/Celeb-real/id8_0009.mp4,0,0.0007561962
/home/tianlong/Downloads/celebdf/Celeb-real/id33_0002.mp4,0,0.00011697442
/home/tianlong/Downloads/celebdf/Celeb-real/id50_0000.mp4,0,0.00052155287
/home/tianlong/Downloads/celebdf/Celeb-real/id40_0003.mp4,0,6.1610255e-05
/home/tianlong/Downloads/celebdf/Celeb-real/id7_0006.mp4,0,0.0007040802
/home/tianlong/Downloads/celebdf/Celeb-real/id53_0007.mp4,0,0.0018436899
/home/tianlong/Downloads/celebdf/Celeb-real/id43_0002.mp4,0,0.0008175784
/home/tianlong/Downloads/celebdf/Celeb-real/id56_0000.mp4,0,0.0006554598
/home/tianlong/Downloads/celebdf/Celeb-real/id13_0004.mp4,0,0.009369505
/home/tianlong/Downloads/celebdf/Celeb-real/id43_0001.mp4,0,0.0013706805
/home/tianlong/Downloads/celebdf/Celeb-real/id20_0008.mp4,0,0.00223972
/home/tianlong/Downloads/celebdf/Celeb-real/id28_0004.mp4,0,0.016242262
/home/tianlong/Downloads/celebdf/Celeb-real/id22_0009.mp4,0,0.013672097
/home/tianlong/Downloads/celebdf/Celeb-real/id53_0000.mp4,0,0.0050687906
/home/tianlong/Downloads/celebdf/Celeb-real/id50_0006.mp4,0,0.0039311135
/home/tianlong/Downloads/celebdf/Celeb-real/id32_0003.mp4,0,0.0072445245
/home/tianlong/Downloads/celebdf/Celeb-real/id32_0006.mp4,0,0.911919
/home/tianlong/Downloads/celebdf/Celeb-real/id57_0003.mp4,0,0.0014742607
/home/tianlong/Downloads/celebdf/Celeb-real/id37_0004.mp4,0,2.869315e-05
/home/tianlong/Downloads/celebdf/Celeb-real/id28_0007.mp4,0,0.00408724
/home/tianlong/Downloads/celebdf/Celeb-real/id52_0001.mp4,0,0.028404867
/home/tianlong/Downloads/celebdf/Celeb-real/id40_0009.mp4,0,0.0005547713
/home/tianlong/Downloads/celebdf/Celeb-real/id51_0005.mp4,0,0.0027909896
/home/tianlong/Downloads/celebdf/Celeb-real/id34_0006.mp4,0,0.041628383
/home/tianlong/Downloads/celebdf/Celeb-real/id42_0002.mp4,0,0.00031716478
/home/tianlong/Downloads/celebdf/Celeb-synthesis/id1_id0_0007.mp4,1,0.9898507
/home/tianlong/Downloads/celebdf/Celeb-synthesis/id1_id3_0007.mp4,1,0.99907076
/home/tianlong/Downloads/celebdf/Celeb-synthesis/id1_id4_0007.mp4,1,0.9999795
/home/tianlong/Downloads/celebdf/Celeb-synthesis/id1_id9_0007.mp4,1,0.99986446
/home/tianlong/Downloads/celebdf/Celeb-synthesis/id1_id16_0007.mp4,1,0.9999589
/home/tianlong/Downloads/celebdf/Celeb-synthesis/id1_id17_0007.mp4,1,0.9996619
/home/tianlong/Downloads/celebdf/Celeb-synthesis/id2_id0_0008.mp4,1,0.9999916
/home/tianlong/Downloads/celebdf/Celeb-synthesis/id2_id3_0008.mp4,1,0.9999579
/home/tianlong/Downloads/celebdf/Celeb-synthesis/id2_id9_0008.mp4,1,0.9999984
/home/tianlong/Downloads/celebdf/Celeb-synthesis/id3_id1_0001.mp4,1,0.70197284
/home/tianlong/Downloads/celebdf/Celeb-synthesis/id3_id2_0001.mp4,1,0.997826
/home/tianlong/Downloads/celebdf/Celeb-synthesis/id3_id4_0001.mp4,1,0.99486464
/home/tianlong/Downloads/celebdf/Celeb-synthesis/id3_id6_0001.mp4,1,0.9999563
/home/tianlong/Downloads/celebdf/Celeb-synthesis/id3_id9_0001.mp4,1,0.9900216
/home/tianlong/Downloads/celebdf/Celeb-synthesis/id3_id16_0001.mp4,1,0.93987244
/home/tianlong/Downloads/celebdf/Celeb-synthesis/id4_id1_0003.mp4,1,0.9922136
/home/tianlong/Downloads/celebdf/Celeb-synthesis/id6_id0_0005.mp4,1,0.98050386
/home/tianlong/Downloads/celebdf/Celeb-synthesis/id6_id1_0005.mp4,1,0.94837266
/home/tianlong/Downloads/celebdf/Celeb-synthesis/id6_id2_0005.mp4,1,0.99998426
/home/tianlong/Downloads/celebdf/Celeb-synthesis/id6_id3_0005.mp4,1,0.99901944
/home/tianlong/Downloads/celebdf/Celeb-synthesis/id6_id16_0005.mp4,1,0.9963682
/home/tianlong/Downloads/celebdf/Celeb-synthesis/id7_id10_0009.mp4,1,0.8554279
/home/tianlong/Downloads/celebdf/Celeb-synthesis/id7_id11_0009.mp4,1,0.9952313
/home/tianlong/Downloads/celebdf/Celeb-synthesis/id7_id13_0009.mp4,1,0.98064554
/home/tianlong/Downloads/celebdf/Celeb-synthesis/id9_id0_0000.mp4,1,0.9990159
/home/tianlong/Downloads/celebdf/Celeb-synthesis/id9_id1_0000.mp4,1,0.9522092
/home/tianlong/Downloads/celebdf/Celeb-synthesis/id9_id2_0000.mp4,1,0.9685484
/home/tianlong/Downloads/celebdf/Celeb-synthesis/id9_id3_0000.mp4,1,0.9801811
/home/tianlong/Downloads/celebdf/Celeb-synthesis/id9_id6_0000.mp4,1,0.9481009
/home/tianlong/Downloads/celebdf/Celeb-synthesis/id9_id16_0000.mp4,1,0.9930798
/home/tianlong/Downloads/celebdf/Celeb-synthesis/id10_id7_0004.mp4,1,0.8953227
/home/tianlong/Downloads/celebdf/Celeb-synthesis/id10_id11_0004.mp4,1,0.9747106
/home/tianlong/Downloads/celebdf/Celeb-synthesis/id10_id12_0004.mp4,1,0.9244183
/home/tianlong/Downloads/celebdf/Celeb-synthesis/id10_id13_0004.mp4,1,0.74397546
/home/tianlong/Downloads/celebdf/Celeb-synthesis/id10_id7_0001.mp4,1,0.9849342
/home/tianlong/Downloads/celebdf/Celeb-synthesis/id10_id11_0001.mp4,1,0.9988636
/home/tianlong/Downloads/celebdf/Celeb-synthesis/id10_id12_0001.mp4,1,0.9999566
/home/tianlong/Downloads/celebdf/Celeb-synthesis/id10_id13_0001.mp4,1,0.99618304
/home/tianlong/Downloads/celebdf/Celeb-synthesis/id11_id7_0008.mp4,1,0.8214078
/home/tianlong/Downloads/celebdf/Celeb-synthesis/id16_id0_0011.mp4,1,0.9075767
/home/tianlong/Downloads/celebdf/Celeb-synthesis/id16_id1_0011.mp4,1,0.5933358
/home/tianlong/Downloads/celebdf/Celeb-synthesis/id16_id2_0011.mp4,1,0.93833303
/home/tianlong/Downloads/celebdf/Celeb-synthesis/id16_id3_0011.mp4,1,0.93032634
/home/tianlong/Downloads/celebdf/Celeb-synthesis/id16_id6_0011.mp4,1,0.88621825
/home/tianlong/Downloads/celebdf/Celeb-synthesis/id17_id0_0000.mp4,1,0.9211359
/home/tianlong/Downloads/celebdf/Celeb-synthesis/id17_id1_0000.mp4,1,0.4390203
/home/tianlong/Downloads/celebdf/Celeb-synthesis/id17_id2_0000.mp4,1,0.9998282
/home/tianlong/Downloads/celebdf/Celeb-synthesis/id17_id3_0000.mp4,1,0.74506366
/home/tianlong/Downloads/celebdf/Celeb-synthesis/id17_id6_0000.mp4,1,0.90466595
/home/tianlong/Downloads/celebdf/Celeb-synthesis/id17_id9_0000.mp4,1,0.988166
/home/tianlong/Downloads/celebdf/Celeb-synthesis/id17_id16_0000.mp4,1,0.8153041
/home/tianlong/Downloads/celebdf/Celeb-synthesis/id16_id20_0000.mp4,1,0.99911916
/home/tianlong/Downloads/celebdf/Celeb-synthesis/id17_id23_0000.mp4,1,0.99808437
/home/tianlong/Downloads/celebdf/Celeb-synthesis/id3_id28_0001.mp4,1,0.9966871
/home/tianlong/Downloads/celebdf/Celeb-synthesis/id35_id32_0007.mp4,1,0.9733939
/home/tianlong/Downloads/celebdf/Celeb-synthesis/id30_id26_0004.mp4,1,0.9012607
/home/tianlong/Downloads/celebdf/Celeb-synthesis/id16_id20_0006.mp4,1,0.99971867
/home/tianlong/Downloads/celebdf/Celeb-synthesis/id4_id20_0001.mp4,1,0.66513413
/home/tianlong/Downloads/celebdf/Celeb-synthesis/id26_id3_0002.mp4,1,0.9158893
/home/tianlong/Downloads/celebdf/Celeb-synthesis/id20_id31_0006.mp4,1,0.43301567
/home/tianlong/Downloads/celebdf/Celeb-synthesis/id6_id23_0001.mp4,1,0.9965224
/home/tianlong/Downloads/celebdf/Celeb-synthesis/id9_id23_0009.mp4,1,0.99718106
/home/tianlong/Downloads/celebdf/Celeb-synthesis/id32_id33_0002.mp4,1,0.99473745
/home/tianlong/Downloads/celebdf/Celeb-synthesis/id16_id20_0012.mp4,1,0.99985725
/home/tianlong/Downloads/celebdf/Celeb-synthesis/id29_id30_0000.mp4,1,0.99995625
/home/tianlong/Downloads/celebdf/Celeb-synthesis/id3_id20_0008.mp4,1,0.9806517
/home/tianlong/Downloads/celebdf/Celeb-synthesis/id22_id27_0001.mp4,1,0.9999809
/home/tianlong/Downloads/celebdf/Celeb-synthesis/id27_id21_0002.mp4,1,0.774155
/home/tianlong/Downloads/celebdf/Celeb-synthesis/id29_id35_0000.mp4,1,0.94854957
/home/tianlong/Downloads/celebdf/Celeb-synthesis/id21_id19_0005.mp4,1,0.2908065
/home/tianlong/Downloads/celebdf/Celeb-synthesis/id23_id26_0003.mp4,1,0.9611167
/home/tianlong/Downloads/celebdf/Celeb-synthesis/id30_id35_0009.mp4,1,0.9985382
/home/tianlong/Downloads/celebdf/Celeb-synthesis/id9_id26_0000.mp4,1,0.99996775
/home/tianlong/Downloads/celebdf/Celeb-synthesis/id33_id32_0006.mp4,1,0.9975723
/home/tianlong/Downloads/celebdf/Celeb-synthesis/id30_id34_0003.mp4,1,0.9906217
/home/tianlong/Downloads/celebdf/Celeb-synthesis/id29_id37_0008.mp4,1,0.9893547
/home/tianlong/Downloads/celebdf/Celeb-synthesis/id35_id31_0006.mp4,1,0.9999393
/home/tianlong/Downloads/celebdf/Celeb-synthesis/id37_id34_0008.mp4,1,0.9623618
/home/tianlong/Downloads/celebdf/Celeb-synthesis/id26_id16_0001.mp4,1,0.99083453
/home/tianlong/Downloads/celebdf/Celeb-synthesis/id17_id23_0009.mp4,1,0.9987849
/home/tianlong/Downloads/celebdf/Celeb-synthesis/id6_id20_0007.mp4,1,0.92998254
/home/tianlong/Downloads/celebdf/Celeb-synthesis/id1_id20_0001.mp4,1,0.9999982
/home/tianlong/Downloads/celebdf/Celeb-synthesis/id1_id23_0006.mp4,1,0.99998295
/home/tianlong/Downloads/celebdf/Celeb-synthesis/id37_id35_0001.mp4,1,0.99087226
/home/tianlong/Downloads/celebdf/Celeb-synthesis/id4_id23_0006.mp4,1,0.9452423
/home/tianlong/Downloads/celebdf/Celeb-synthesis/id17_id26_0006.mp4,1,0.9999978
/home/tianlong/Downloads/celebdf/Celeb-synthesis/id20_id1_0007.mp4,1,0.8801627
/home/tianlong/Downloads/celebdf/Celeb-synthesis/id0_id26_0009.mp4,1,0.9806886
/home/tianlong/Downloads/celebdf/Celeb-synthesis/id38_id33_0005.mp4,1,0.9923307
/home/tianlong/Downloads/celebdf/Celeb-synthesis/id28_id35_0008.mp4,1,0.9999819
/home/tianlong/Downloads/celebdf/Celeb-synthesis/id23_id35_0006.mp4,1,0.99954593
/home/tianlong/Downloads/celebdf/Celeb-synthesis/id6_id28_0002.mp4,1,0.9999669
/home/tianlong/Downloads/celebdf/Celeb-synthesis/id35_id28_0006.mp4,1,0.99999887
/home/tianlong/Downloads/celebdf/Celeb-synthesis/id32_id31_0008.mp4,1,0.94671583
/home/tianlong/Downloads/celebdf/Celeb-synthesis/id38_id34_0004.mp4,1,0.9147862
/home/tianlong/Downloads/celebdf/Celeb-synthesis/id3_id28_0009.mp4,1,0.99958915
/home/tianlong/Downloads/celebdf/Celeb-synthesis/id37_id28_0007.mp4,1,0.99873525
/home/tianlong/Downloads/celebdf/Celeb-synthesis/id1_id20_0002.mp4,1,0.99677193
/home/tianlong/Downloads/celebdf/Celeb-synthesis/id37_id31_0008.mp4,1,0.98932344
/home/tianlong/Downloads/celebdf/Celeb-synthesis/id30_id23_0007.mp4,1,0.9769192
/home/tianlong/Downloads/celebdf/Celeb-synthesis/id28_id26_0000.mp4,1,0.9758771
/home/tianlong/Downloads/celebdf/Celeb-synthesis/id2_id28_0003.mp4,1,0.99736786
/home/tianlong/Downloads/celebdf/Celeb-synthesis/id27_id24_0007.mp4,1,0.8277132
/home/tianlong/Downloads/celebdf/Celeb-synthesis/id30_id32_0006.mp4,1,0.96537125
/home/tianlong/Downloads/celebdf/Celeb-synthesis/id35_id31_0009.mp4,1,0.99983114
/home/tianlong/Downloads/celebdf/Celeb-synthesis/id4_id21_0004.mp4,1,0.9999693
/home/tianlong/Downloads/celebdf/Celeb-synthesis/id37_id21_0005.mp4,1,0.9190625
/home/tianlong/Downloads/celebdf/Celeb-synthesis/id30_id21_0002.mp4,1,0.9412411
/home/tianlong/Downloads/celebdf/Celeb-synthesis/id16_id23_0011.mp4,1,0.99617755
/home/tianlong/Downloads/celebdf/Celeb-synthesis/id9_id20_0002.mp4,1,0.87056744
/home/tianlong/Downloads/celebdf/Celeb-synthesis/id6_id21_0006.mp4,1,0.98278713
/home/tianlong/Downloads/celebdf/Celeb-synthesis/id20_id19_0002.mp4,1,0.7458765
/home/tianlong/Downloads/celebdf/Celeb-synthesis/id28_id4_0006.mp4,1,0.9995804
/home/tianlong/Downloads/celebdf/Celeb-synthesis/id35_id34_0002.mp4,1,0.8948881
/home/tianlong/Downloads/celebdf/Celeb-synthesis/id35_id26_0003.mp4,1,0.9998829
/home/tianlong/Downloads/celebdf/Celeb-synthesis/id22_id28_0006.mp4,1,0.9423299
/home/tianlong/Downloads/celebdf/Celeb-synthesis/id30_id21_0005.mp4,1,0.95993346
/home/tianlong/Downloads/celebdf/Celeb-synthesis/id24_id20_0009.mp4,1,0.9993371
/home/tianlong/Downloads/celebdf/Celeb-synthesis/id4_id20_0000.mp4,1,0.77084
/home/tianlong/Downloads/celebdf/Celeb-synthesis/id2_id26_0001.mp4,1,0.9999982
/home/tianlong/Downloads/celebdf/Celeb-synthesis/id21_id6_0005.mp4,1,0.7152635
/home/tianlong/Downloads/celebdf/Celeb-synthesis/id21_id9_0008.mp4,1,0.99465525
/home/tianlong/Downloads/celebdf/Celeb-synthesis/id22_id21_0005.mp4,1,0.7319009
/home/tianlong/Downloads/celebdf/Celeb-synthesis/id22_id27_0005.mp4,1,0.9238806
/home/tianlong/Downloads/celebdf/Celeb-synthesis/id23_id2_0007.mp4,1,0.9491318
/home/tianlong/Downloads/celebdf/Celeb-synthesis/id23_id3_0009.mp4,1,0.9996505
/home/tianlong/Downloads/celebdf/Celeb-synthesis/id24_id19_0000.mp4,1,0.82877123
/home/tianlong/Downloads/celebdf/Celeb-synthesis/id24_id21_0006.mp4,1,0.99844056
/home/tianlong/Downloads/celebdf/Celeb-synthesis/id24_id26_0009.mp4,1,0.99885607
/home/tianlong/Downloads/celebdf/Celeb-synthesis/id25_id19_0002.mp4,1,0.9883426
/home/tianlong/Downloads/celebdf/Celeb-synthesis/id25_id24_0003.mp4,1,0.97034293
/home/tianlong/Downloads/celebdf/Celeb-synthesis/id27_id21_0008.mp4,1,0.8632493
/home/tianlong/Downloads/celebdf/Celeb-synthesis/id27_id22_0007.mp4,1,0.86277676
/home/tianlong/Downloads/celebdf/Celeb-synthesis/id27_id25_0008.mp4,1,0.6156727
/home/tianlong/Downloads/celebdf/Celeb-synthesis/id28_id3_0004.mp4,1,0.9384929
/home/tianlong/Downloads/celebdf/Celeb-synthesis/id28_id6_0006.mp4,1,0.999845
/home/tianlong/Downloads/celebdf/Celeb-synthesis/id29_id32_0000.mp4,1,0.99393594
/home/tianlong/Downloads/celebdf/Celeb-synthesis/id29_id37_0009.mp4,1,0.8861722
/home/tianlong/Downloads/celebdf/Celeb-synthesis/id30_id20_0004.mp4,1,0.81691045
/home/tianlong/Downloads/celebdf/Celeb-synthesis/id30_id23_0002.mp4,1,0.95769393
/home/tianlong/Downloads/celebdf/Celeb-synthesis/id32_id33_0004.mp4,1,0.97405756
/home/tianlong/Downloads/celebdf/Celeb-synthesis/id33_id38_0001.mp4,1,0.9798311
/home/tianlong/Downloads/celebdf/Celeb-synthesis/id34_id33_0005.mp4,1,0.9793078
/home/tianlong/Downloads/celebdf/Celeb-synthesis/id35_id31_0007.mp4,1,0.99624956
/home/tianlong/Downloads/celebdf/Celeb-synthesis/id49_id52_0005.mp4,1,0.99773026
/home/tianlong/Downloads/celebdf/Celeb-synthesis/id9_id2_0006.mp4,1,0.97023124
/home/tianlong/Downloads/celebdf/Celeb-synthesis/id7_id11_0007.mp4,1,0.047344036
/home/tianlong/Downloads/celebdf/Celeb-synthesis/id4_id37_0006.mp4,1,0.93679124
/home/tianlong/Downloads/celebdf/Celeb-synthesis/id37_id38_0009.mp4,1,0.9821817
/home/tianlong/Downloads/celebdf/Celeb-synthesis/id29_id30_0009.mp4,1,0.9962454
/home/tianlong/Downloads/celebdf/Celeb-synthesis/id0_id6_0007.mp4,1,0.8821618
/home/tianlong/Downloads/celebdf/Celeb-synthesis/id0_id16_0004.mp4,1,0.98871565
/home/tianlong/Downloads/celebdf/Celeb-synthesis/id31_id33_0008.mp4,1,0.99999493
/home/tianlong/Downloads/celebdf/Celeb-synthesis/id54_id49_0003.mp4,1,0.9894208
/home/tianlong/Downloads/celebdf/Celeb-synthesis/id0_id1_0000.mp4,1,0.9749423
/home/tianlong/Downloads/celebdf/Celeb-synthesis/id21_id28_0001.mp4,1,0.95252573
/home/tianlong/Downloads/celebdf/Celeb-synthesis/id33_id29_0004.mp4,1,0.934461
/home/tianlong/Downloads/celebdf/Celeb-synthesis/id28_id0_0009.mp4,1,0.99997634
/home/tianlong/Downloads/celebdf/Celeb-synthesis/id6_id9_0006.mp4,1,0.9554021
/home/tianlong/Downloads/celebdf/Celeb-synthesis/id9_id0_0006.mp4,1,0.9551398
/home/tianlong/Downloads/celebdf/Celeb-synthesis/id26_id2_0005.mp4,1,0.99999887
/home/tianlong/Downloads/celebdf/Celeb-synthesis/id1_id3_0002.mp4,1,0.9994742
/home/tianlong/Downloads/celebdf/Celeb-synthesis/id4_id6_0008.mp4,1,0.9479151
/home/tianlong/Downloads/celebdf/Celeb-synthesis/id16_id28_0005.mp4,1,0.9466467
/home/tianlong/Downloads/celebdf/Celeb-synthesis/id37_id35_0005.mp4,1,0.9537749
/home/tianlong/Downloads/celebdf/Celeb-synthesis/id19_id20_0004.mp4,1,0.9999982
/home/tianlong/Downloads/celebdf/Celeb-synthesis/id46_id41_0000.mp4,1,0.9999405
/home/tianlong/Downloads/celebdf/Celeb-synthesis/id51_id57_0004.mp4,1,0.9843097
/home/tianlong/Downloads/celebdf/Celeb-synthesis/id29_id37_0005.mp4,1,0.9972948
/home/tianlong/Downloads/celebdf/Celeb-synthesis/id35_id23_0007.mp4,1,0.9975036
/home/tianlong/Downloads/celebdf/Celeb-synthesis/id34_id33_0002.mp4,1,0.98014605
/home/tianlong/Downloads/celebdf/Celeb-synthesis/id1_id3_0006.mp4,1,0.99999887
/home/tianlong/Downloads/celebdf/Celeb-synthesis/id13_id10_0005.mp4,1,0.99661076
/home/tianlong/Downloads/celebdf/Celeb-synthesis/id56_id55_0009.mp4,1,0.990081
/home/tianlong/Downloads/celebdf/Celeb-synthesis/id25_id28_0010.mp4,1,0.9998468
/home/tianlong/Downloads/celebdf/Celeb-synthesis/id20_id37_0004.mp4,1,0.8940082
/home/tianlong/Downloads/celebdf/Celeb-synthesis/id37_id29_0002.mp4,1,0.943649
/home/tianlong/Downloads/celebdf/Celeb-synthesis/id56_id54_0007.mp4,1,0.9995306
/home/tianlong/Downloads/celebdf/Celeb-synthesis/id19_id20_0000.mp4,1,0.9527222
/home/tianlong/Downloads/celebdf/Celeb-synthesis/id4_id28_0006.mp4,1,0.89581203
/home/tianlong/Downloads/celebdf/Celeb-synthesis/id53_id58_0005.mp4,1,0.19680348
/home/tianlong/Downloads/celebdf/Celeb-synthesis/id55_id57_0002.mp4,1,0.7872196
/home/tianlong/Downloads/celebdf/Celeb-synthesis/id24_id26_0004.mp4,1,0.93471986
/home/tianlong/Downloads/celebdf/Celeb-synthesis/id20_id0_0006.mp4,1,0.9997215
/home/tianlong/Downloads/celebdf/Celeb-synthesis/id37_id2_0009.mp4,1,0.9477252
/home/tianlong/Downloads/celebdf/Celeb-synthesis/id30_id26_0006.mp4,1,0.7100552
/home/tianlong/Downloads/celebdf/Celeb-synthesis/id16_id2_0001.mp4,1,0.9834669
/home/tianlong/Downloads/celebdf/Celeb-synthesis/id26_id1_0002.mp4,1,0.77186537
/home/tianlong/Downloads/celebdf/Celeb-synthesis/id30_id6_0007.mp4,1,0.998909
/home/tianlong/Downloads/celebdf/Celeb-synthesis/id44_id41_0005.mp4,1,0.8110857
/home/tianlong/Downloads/celebdf/Celeb-synthesis/id16_id2_0006.mp4,1,0.9999903
/home/tianlong/Downloads/celebdf/Celeb-synthesis/id1_id16_0004.mp4,1,0.9591711
/home/tianlong/Downloads/celebdf/Celeb-synthesis/id16_id21_0002.mp4,1,0.9789761
/home/tianlong/Downloads/celebdf/Celeb-synthesis/id4_id0_0000.mp4,1,0.9141754
/home/tianlong/Downloads/celebdf/Celeb-synthesis/id8_id0_0002.mp4,1,0.9999959
/home/tianlong/Downloads/celebdf/Celeb-synthesis/id19_id23_0001.mp4,1,0.9277291
/home/tianlong/Downloads/celebdf/Celeb-synthesis/id37_id3_0006.mp4,1,0.9999644
/home/tianlong/Downloads/celebdf/Celeb-synthesis/id9_id16_0007.mp4,1,0.9992738
/home/tianlong/Downloads/celebdf/Celeb-synthesis/id47_id43_0007.mp4,1,0.99586785
/home/tianlong/Downloads/celebdf/Celeb-synthesis/id16_id3_0009.mp4,1,0.99999875
/home/tianlong/Downloads/celebdf/Celeb-synthesis/id26_id28_0002.mp4,1,0.99575335
/home/tianlong/Downloads/celebdf/Celeb-synthesis/id8_id3_0003.mp4,1,0.8968517
/home/tianlong/Downloads/celebdf/Celeb-synthesis/id30_id28_0000.mp4,1,0.98577297
/home/tianlong/Downloads/celebdf/Celeb-synthesis/id27_id23_0008.mp4,1,0.9544512
/home/tianlong/Downloads/celebdf/Celeb-synthesis/id28_id20_0008.mp4,1,0.9998802
/home/tianlong/Downloads/celebdf/Celeb-synthesis/id1_id2_0002.mp4,1,0.9999717
/home/tianlong/Downloads/celebdf/Celeb-synthesis/id46_id39_0000.mp4,1,0.99990195
/home/tianlong/Downloads/celebdf/Celeb-synthesis/id37_id28_0008.mp4,1,0.99206984
/home/tianlong/Downloads/celebdf/Celeb-synthesis/id0_id3_0007.mp4,1,0.9846589
/home/tianlong/Downloads/celebdf/Celeb-synthesis/id4_id1_0002.mp4,1,0.99980354
/home/tianlong/Downloads/celebdf/Celeb-synthesis/id13_id7_0000.mp4,1,0.95931256
/home/tianlong/Downloads/celebdf/Celeb-synthesis/id50_id53_0000.mp4,1,0.99573165
/home/tianlong/Downloads/celebdf/Celeb-synthesis/id50_id56_0005.mp4,1,0.4933979
/home/tianlong/Downloads/celebdf/Celeb-synthesis/id4_id21_0009.mp4,1,0.7353872
/home/tianlong/Downloads/celebdf/Celeb-synthesis/id23_id3_0004.mp4,1,0.8017087
/home/tianlong/Downloads/celebdf/Celeb-synthesis/id56_id51_0000.mp4,1,0.94199085
/home/tianlong/Downloads/celebdf/Celeb-synthesis/id30_id3_0006.mp4,1,0.9537368
/home/tianlong/Downloads/celebdf/Celeb-synthesis/id28_id20_0006.mp4,1,0.96508473
/home/tianlong/Downloads/celebdf/Celeb-synthesis/id4_id20_0008.mp4,1,0.5660211
/home/tianlong/Downloads/celebdf/Celeb-synthesis/id54_id58_0006.mp4,1,0.9918181
/home/tianlong/Downloads/celebdf/Celeb-synthesis/id53_id57_0005.mp4,1,0.48778015
/home/tianlong/Downloads/celebdf/Celeb-synthesis/id31_id33_0009.mp4,1,0.95140874
/home/tianlong/Downloads/celebdf/Celeb-synthesis/id0_id21_0000.mp4,1,0.9560067
/home/tianlong/Downloads/celebdf/Celeb-synthesis/id6_id23_0006.mp4,1,0.9943266
/home/tianlong/Downloads/celebdf/Celeb-synthesis/id48_id45_0002.mp4,1,0.7391218
/home/tianlong/Downloads/celebdf/Celeb-synthesis/id46_id45_0001.mp4,1,0.9965094
/home/tianlong/Downloads/celebdf/Celeb-synthesis/id28_id21_0006.mp4,1,0.98722374
/home/tianlong/Downloads/celebdf/Celeb-synthesis/id12_id10_0005.mp4,1,0.7495612
/home/tianlong/Downloads/celebdf/Celeb-synthesis/id54_id56_0000.mp4,1,0.7874854
/home/tianlong/Downloads/celebdf/Celeb-synthesis/id39_id47_0004.mp4,1,0.9995848
/home/tianlong/Downloads/celebdf/Celeb-synthesis/id9_id3_0009.mp4,1,0.913298
/home/tianlong/Downloads/celebdf/Celeb-synthesis/id35_id16_0007.mp4,1,0.723082
/home/tianlong/Downloads/celebdf/Celeb-synthesis/id21_id2_0002.mp4,1,0.9999895
/home/tianlong/Downloads/celebdf/Celeb-synthesis/id12_id10_0002.mp4,1,0.76943797
/home/tianlong/Downloads/celebdf/Celeb-synthesis/id10_id13_0007.mp4,1,0.9995997
/home/tianlong/Downloads/celebdf/Celeb-synthesis/id20_id31_0008.mp4,1,0.9863237
/home/tianlong/Downloads/celebdf/Celeb-synthesis/id0_id16_0003.mp4,1,0.8097426
/home/tianlong/Downloads/celebdf/Celeb-synthesis/id0_id16_0007.mp4,1,0.9957838
/home/tianlong/Downloads/celebdf/Celeb-synthesis/id2_id16_0004.mp4,1,0.9999846
/home/tianlong/Downloads/celebdf/Celeb-synthesis/id13_id7_0012.mp4,1,0.99999714
/home/tianlong/Downloads/celebdf/Celeb-synthesis/id37_id1_0002.mp4,1,0.9999753
/home/tianlong/Downloads/celebdf/Celeb-synthesis/id30_id28_0004.mp4,1,0.9954985
/home/tianlong/Downloads/celebdf/Celeb-synthesis/id53_id52_0003.mp4,1,0.9996783
/home/tianlong/Downloads/celebdf/Celeb-synthesis/id54_id56_0006.mp4,1,0.9869987
/home/tianlong/Downloads/celebdf/Celeb-synthesis/id3_id28_0002.mp4,1,0.9418486
/home/tianlong/Downloads/celebdf/Celeb-synthesis/id37_id4_0000.mp4,1,0.99999034
/home/tianlong/Downloads/celebdf/Celeb-synthesis/id28_id9_0000.mp4,1,0.9557489
/home/tianlong/Downloads/celebdf/Celeb-synthesis/id4_id2_0003.mp4,1,0.99741924
/home/tianlong/Downloads/celebdf/Celeb-synthesis/id25_id21_0005.mp4,1,0.969556
/home/tianlong/Downloads/celebdf/Celeb-synthesis/id17_id3_0007.mp4,1,0.998701
/home/tianlong/Downloads/celebdf/Celeb-synthesis/id2_id1_0004.mp4,1,0.9990264
/home/tianlong/Downloads/celebdf/Celeb-synthesis/id3_id9_0003.mp4,1,0.9999428
/home/tianlong/Downloads/celebdf/Celeb-synthesis/id16_id6_0001.mp4,1,0.73415595
/home/tianlong/Downloads/celebdf/Celeb-synthesis/id8_id6_0002.mp4,1,0.994849
/home/tianlong/Downloads/celebdf/Celeb-synthesis/id17_id16_0007.mp4,1,0.98714656
/home/tianlong/Downloads/celebdf/Celeb-synthesis/id4_id26_0007.mp4,1,0.9999676
/home/tianlong/Downloads/celebdf/Celeb-synthesis/id44_id45_0000.mp4,1,0.92705965
/home/tianlong/Downloads/celebdf/Celeb-synthesis/id0_id1_0005.mp4,1,0.25403953
/home/tianlong/Downloads/celebdf/Celeb-synthesis/id57_id51_0000.mp4,1,0.9994012
/home/tianlong/Downloads/celebdf/Celeb-synthesis/id34_id32_0007.mp4,1,0.96964693
/home/tianlong/Downloads/celebdf/Celeb-synthesis/id32_id31_0006.mp4,1,0.9671401
/home/tianlong/Downloads/celebdf/Celeb-synthesis/id48_id41_0001.mp4,1,0.9653018
/home/tianlong/Downloads/celebdf/Celeb-synthesis/id4_id0_0004.mp4,1,0.9614148
/home/tianlong/Downloads/celebdf/Celeb-synthesis/id21_id19_0009.mp4,1,0.9962201
/home/tianlong/Downloads/celebdf/Celeb-synthesis/id45_id39_0008.mp4,1,0.9999116
/home/tianlong/Downloads/celebdf/Celeb-synthesis/id31_id30_0009.mp4,1,0.6130399
/home/tianlong/Downloads/celebdf/Celeb-synthesis/id27_id19_0001.mp4,1,0.9870852
/home/tianlong/Downloads/celebdf/Celeb-synthesis/id23_id16_0003.mp4,1,0.9213643
/home/tianlong/Downloads/celebdf/Celeb-synthesis/id58_id57_0008.mp4,1,0.8278874
/home/tianlong/Downloads/celebdf/Celeb-synthesis/id17_id2_0007.mp4,1,0.99891746
/home/tianlong/Downloads/celebdf/Celeb-synthesis/id28_id3_0001.mp4,1,0.9985219
/home/tianlong/Downloads/celebdf/Celeb-synthesis/id23_id35_0009.mp4,1,0.98783314
/home/tianlong/Downloads/celebdf/Celeb-synthesis/id4_id0_0001.mp4,1,0.85089475
/home/tianlong/Downloads/celebdf/Celeb-synthesis/id17_id31_0009.mp4,1,0.9993496
/home/tianlong/Downloads/celebdf/Celeb-synthesis/id48_id47_0008.mp4,1,0.98884726
/home/tianlong/Downloads/celebdf/Celeb-synthesis/id50_id49_0001.mp4,1,0.899082
/home/tianlong/Downloads/celebdf/Celeb-synthesis/id20_id1_0003.mp4,1,0.9999119
/home/tianlong/Downloads/celebdf/Celeb-synthesis/id16_id3_0010.mp4,1,0.544027
/home/tianlong/Downloads/celebdf/Celeb-synthesis/id23_id19_0000.mp4,1,0.8177031
/home/tianlong/Downloads/celebdf/Celeb-synthesis/id1_id3_0009.mp4,1,0.9999115
/home/tianlong/Downloads/celebdf/Celeb-synthesis/id43_id40_0005.mp4,1,0.9983581
/home/tianlong/Downloads/celebdf/Celeb-synthesis/id4_id6_0002.mp4,1,0.9860214
/home/tianlong/Downloads/celebdf/Celeb-synthesis/id10_id7_0008.mp4,1,0.9867779
/home/tianlong/Downloads/celebdf/Celeb-synthesis/id13_id10_0008.mp4,1,0.14586064
/home/tianlong/Downloads/celebdf/Celeb-synthesis/id12_id7_0006.mp4,1,0.9992288
/home/tianlong/Downloads/celebdf/Celeb-synthesis/id6_id2_0008.mp4,1,0.99998343
/home/tianlong/Downloads/celebdf/Celeb-synthesis/id2_id0_0002.mp4,1,0.9997095
/home/tianlong/Downloads/celebdf/Celeb-synthesis/id2_id6_0002.mp4,1,0.99641246
/home/tianlong/Downloads/celebdf/Celeb-synthesis/id30_id28_0006.mp4,1,0.7126404
/home/tianlong/Downloads/celebdf/Celeb-synthesis/id52_id50_0007.mp4,1,0.073478
/home/tianlong/Downloads/celebdf/Celeb-synthesis/id49_id52_0007.mp4,1,0.9998425
/home/tianlong/Downloads/celebdf/Celeb-synthesis/id51_id50_0008.mp4,1,0.91467583
/home/tianlong/Downloads/celebdf/Celeb-synthesis/id21_id3_0009.mp4,1,0.9998525
/home/tianlong/Downloads/celebdf/Celeb-synthesis/id31_id16_0002.mp4,1,0.999716
/home/tianlong/Downloads/celebdf/Celeb-synthesis/id25_id28_0003.mp4,1,0.94079924
/home/tianlong/Downloads/celebdf/Celeb-synthesis/id21_id20_0006.mp4,1,0.99986494
/home/tianlong/Downloads/celebdf/Celeb-synthesis/id10_id7_0005.mp4,1,0.80174816
/home/tianlong/Downloads/celebdf/Celeb-synthesis/id38_id30_0006.mp4,1,0.9999875
/home/tianlong/Downloads/celebdf/Celeb-synthesis/id35_id30_0006.mp4,1,0.9480723
/home/tianlong/Downloads/celebdf/Celeb-synthesis/id20_id9_0008.mp4,1,0.98451424
/home/tianlong/Downloads/celebdf/Celeb-synthesis/id25_id23_0010.mp4,1,0.9999816
/home/tianlong/Downloads/celebdf/Celeb-synthesis/id17_id21_0000.mp4,1,0.95927113
/home/tianlong/Downloads/celebdf/Celeb-synthesis/id45_id47_0002.mp4,1,0.9769794
/home/tianlong/Downloads/celebdf/Celeb-synthesis/id1_id3_0003.mp4,1,0.9999955
/home/tianlong/Downloads/celebdf/Celeb-synthesis/id27_id26_0006.mp4,1,0.9916123
/home/tianlong/Downloads/celebdf/Celeb-synthesis/id44_id42_0001.mp4,1,0.99944866
/home/tianlong/Downloads/celebdf/Celeb-synthesis/id57_id53_0006.mp4,1,0.88283694
/home/tianlong/Downloads/celebdf/Celeb-synthesis/id43_id39_0000.mp4,1,0.9300165
/home/tianlong/Downloads/celebdf/Celeb-synthesis/id35_id16_0004.mp4,1,0.99992275
/home/tianlong/Downloads/celebdf/Celeb-synthesis/id42_id40_0001.mp4,1,0.68150795
/home/tianlong/Downloads/celebdf/Celeb-synthesis/id21_id2_0000.mp4,1,0.999979
/home/tianlong/Downloads/celebdf/Celeb-synthesis/id37_id21_0000.mp4,1,0.99927264
/home/tianlong/Downloads/celebdf/Celeb-synthesis/id29_id38_0008.mp4,1,0.999773
/home/tianlong/Downloads/celebdf/Celeb-synthesis/id39_id44_0000.mp4,1,0.98828906
/home/tianlong/Downloads/celebdf/Celeb-synthesis/id9_id6_0005.mp4,1,0.99998426
/home/tianlong/Downloads/celebdf/Celeb-synthesis/id0_id1_0001.mp4,1,0.2377295
/home/tianlong/Downloads/celebdf/Celeb-synthesis/id31_id2_0004.mp4,1,0.9999809
/home/tianlong/Downloads/celebdf/Celeb-synthesis/id38_id34_0003.mp4,1,0.9254071
/home/tianlong/Downloads/celebdf/Celeb-synthesis/id56_id57_0007.mp4,1,0.91598475
/home/tianlong/Downloads/celebdf/Celeb-synthesis/id52_id58_0005.mp4,1,0.96444815
/home/tianlong/Downloads/celebdf/Celeb-synthesis/id28_id4_0000.mp4,1,0.99996674
/home/tianlong/Downloads/celebdf/Celeb-synthesis/id22_id26_0005.mp4,1,0.9993841
/home/tianlong/Downloads/celebdf/Celeb-synthesis/id4_id30_0000.mp4,1,0.99997234
/home/tianlong/Downloads/celebdf/Celeb-synthesis/id29_id32_0003.mp4,1,0.99999714
/home/tianlong/Downloads/celebdf/Celeb-synthesis/id35_id20_0007.mp4,1,0.9924528
/home/tianlong/Downloads/celebdf/Celeb-synthesis/id1_id2_0007.mp4,1,0.8886245
/home/tianlong/Downloads/celebdf/Celeb-synthesis/id30_id3_0002.mp4,1,0.89592427
/home/tianlong/Downloads/celebdf/Celeb-synthesis/id22_id25_0001.mp4,1,0.99990064
/home/tianlong/Downloads/celebdf/Celeb-synthesis/id39_id44_0008.mp4,1,0.9533361
/home/tianlong/Downloads/celebdf/Celeb-synthesis/id34_id29_0008.mp4,1,0.99999523
/home/tianlong/Downloads/celebdf/Celeb-synthesis/id21_id28_0009.mp4,1,0.9913126
/home/tianlong/Downloads/celebdf/Celeb-synthesis/id30_id4_0001.mp4,1,0.9990252
/home/tianlong/Downloads/celebdf/Celeb-synthesis/id25_id19_0008.mp4,1,0.9978781
/home/tianlong/Downloads/celebdf/Celeb-synthesis/id21_id4_0002.mp4,1,0.9999946
/home/tianlong/Downloads/celebdf/Celeb-synthesis/id17_id28_0001.mp4,1,0.82278204
/home/tianlong/Downloads/celebdf/Celeb-synthesis/id6_id1_0007.mp4,1,0.7736242
/home/tianlong/Downloads/celebdf/Celeb-synthesis/id9_id2_0008.mp4,1,0.99668676
/home/tianlong/Downloads/celebdf/Celeb-synthesis/id8_id5_0008.mp4,1,0.89566696
/home/tianlong/Downloads/celebdf/Celeb-synthesis/id37_id3_0004.mp4,1,1.0
/home/tianlong/Downloads/celebdf/Celeb-synthesis/id17_id2_0003.mp4,1,0.9966016
