Video,Label,Prediction
/home/tianlong/Downloads/celebdf/YouTube-real/00170.mp4,0,0.5656574
/home/tianlong/Downloads/celebdf/YouTube-real/00208.mp4,0,0.56306446
/home/tianlong/Downloads/celebdf/YouTube-real/00063.mp4,0,0.5724295
/home/tianlong/Downloads/celebdf/YouTube-real/00024.mp4,0,0.6152665
/home/tianlong/Downloads/celebdf/YouTube-real/00021.mp4,0,0.60122764
/home/tianlong/Downloads/celebdf/YouTube-real/00036.mp4,0,0.58015776
/home/tianlong/Downloads/celebdf/YouTube-real/00202.mp4,0,0.523585
/home/tianlong/Downloads/celebdf/YouTube-real/00236.mp4,0,0.4251659
/home/tianlong/Downloads/celebdf/YouTube-real/00197.mp4,0,0.44083005
/home/tianlong/Downloads/celebdf/YouTube-real/00133.mp4,0,0.6130222
/home/tianlong/Downloads/celebdf/YouTube-real/00213.mp4,0,0.5385961
/home/tianlong/Downloads/celebdf/YouTube-real/00011.mp4,0,0.53375125
/home/tianlong/Downloads/celebdf/YouTube-real/00095.mp4,0,0.5492752
/home/tianlong/Downloads/celebdf/YouTube-real/00138.mp4,0,0.630949
/home/tianlong/Downloads/celebdf/YouTube-real/00106.mp4,0,0.4687922
/home/tianlong/Downloads/celebdf/YouTube-real/00194.mp4,0,0.49209905
/home/tianlong/Downloads/celebdf/YouTube-real/00092.mp4,0,0.51308835
/home/tianlong/Downloads/celebdf/YouTube-real/00227.mp4,0,0.4242928
/home/tianlong/Downloads/celebdf/YouTube-real/00244.mp4,0,0.5219413
/home/tianlong/Downloads/celebdf/YouTube-real/00119.mp4,0,0.7925868
/home/tianlong/Downloads/celebdf/YouTube-real/00082.mp4,0,0.60094386
/home/tianlong/Downloads/celebdf/YouTube-real/00188.mp4,0,0.42787853
/home/tianlong/Downloads/celebdf/YouTube-real/00076.mp4,0,0.45061404
/home/tianlong/Downloads/celebdf/YouTube-real/00047.mp4,0,0.64295304
/home/tianlong/Downloads/celebdf/YouTube-real/00168.mp4,0,0.49149033
/home/tianlong/Downloads/celebdf/YouTube-real/00207.mp4,0,0.47822085
/home/tianlong/Downloads/celebdf/YouTube-real/00193.mp4,0,0.36527362
/home/tianlong/Downloads/celebdf/YouTube-real/00061.mp4,0,0.5697519
/home/tianlong/Downloads/celebdf/YouTube-real/00023.mp4,0,0.48947802
/home/tianlong/Downloads/celebdf/YouTube-real/00048.mp4,0,0.567831
/home/tianlong/Downloads/celebdf/YouTube-real/00250.mp4,0,0.49890548
/home/tianlong/Downloads/celebdf/YouTube-real/00251.mp4,0,0.52982146
/home/tianlong/Downloads/celebdf/YouTube-real/00252.mp4,0,0.5604943
/home/tianlong/Downloads/celebdf/YouTube-real/00253.mp4,0,0.52840286
/home/tianlong/Downloads/celebdf/YouTube-real/00254.mp4,0,0.5586337
/home/tianlong/Downloads/celebdf/YouTube-real/00255.mp4,0,0.43943137
/home/tianlong/Downloads/celebdf/YouTube-real/00256.mp4,0,0.48554906
/home/tianlong/Downloads/celebdf/YouTube-real/00257.mp4,0,0.4909483
/home/tianlong/Downloads/celebdf/YouTube-real/00258.mp4,0,0.48096925
/home/tianlong/Downloads/celebdf/YouTube-real/00259.mp4,0,0.47235352
/home/tianlong/Downloads/celebdf/YouTube-real/00260.mp4,0,0.36812013
/home/tianlong/Downloads/celebdf/YouTube-real/00261.mp4,0,0.5790878
/home/tianlong/Downloads/celebdf/YouTube-real/00262.mp4,0,0.5431249
/home/tianlong/Downloads/celebdf/YouTube-real/00263.mp4,0,0.52806926
/home/tianlong/Downloads/celebdf/YouTube-real/00264.mp4,0,0.3950721
/home/tianlong/Downloads/celebdf/YouTube-real/00265.mp4,0,0.5991389
/home/tianlong/Downloads/celebdf/YouTube-real/00266.mp4,0,0.6064674
/home/tianlong/Downloads/celebdf/YouTube-real/00267.mp4,0,0.45244828
/home/tianlong/Downloads/celebdf/YouTube-real/00268.mp4,0,0.51566494
/home/tianlong/Downloads/celebdf/YouTube-real/00269.mp4,0,0.45301336
/home/tianlong/Downloads/celebdf/YouTube-real/00270.mp4,0,0.49247295
/home/tianlong/Downloads/celebdf/YouTube-real/00271.mp4,0,0.5284957
/home/tianlong/Downloads/celebdf/YouTube-real/00272.mp4,0,0.5789349
/home/tianlong/Downloads/celebdf/YouTube-real/00273.mp4,0,0.4941643
/home/tianlong/Downloads/celebdf/YouTube-real/00274.mp4,0,0.4287537
/home/tianlong/Downloads/celebdf/YouTube-real/00275.mp4,0,0.58349365
/home/tianlong/Downloads/celebdf/YouTube-real/00276.mp4,0,0.4448641
/home/tianlong/Downloads/celebdf/YouTube-real/00277.mp4,0,0.47032362
/home/tianlong/Downloads/celebdf/YouTube-real/00278.mp4,0,0.45290527
/home/tianlong/Downloads/celebdf/YouTube-real/00279.mp4,0,0.7851653
/home/tianlong/Downloads/celebdf/YouTube-real/00280.mp4,0,0.58381814
/home/tianlong/Downloads/celebdf/YouTube-real/00281.mp4,0,0.5857148
/home/tianlong/Downloads/celebdf/YouTube-real/00282.mp4,0,0.5244476
/home/tianlong/Downloads/celebdf/YouTube-real/00283.mp4,0,0.58074576
/home/tianlong/Downloads/celebdf/YouTube-real/00284.mp4,0,0.5041858
/home/tianlong/Downloads/celebdf/YouTube-real/00285.mp4,0,0.50276047
/home/tianlong/Downloads/celebdf/YouTube-real/00286.mp4,0,0.57199425
/home/tianlong/Downloads/celebdf/YouTube-real/00287.mp4,0,0.56074446
/home/tianlong/Downloads/celebdf/YouTube-real/00288.mp4,0,0.5654257
/home/tianlong/Downloads/celebdf/YouTube-real/00289.mp4,0,0.5847672
/home/tianlong/Downloads/celebdf/Celeb-real/id1_0007.mp4,0,0.45676953
/home/tianlong/Downloads/celebdf/Celeb-real/id2_0008.mp4,0,0.43560934
/home/tianlong/Downloads/celebdf/Celeb-real/id3_0001.mp4,0,0.40229154
/home/tianlong/Downloads/celebdf/Celeb-real/id6_0005.mp4,0,0.584942
/home/tianlong/Downloads/celebdf/Celeb-real/id9_0000.mp4,0,0.51010495
/home/tianlong/Downloads/celebdf/Celeb-real/id11_0008.mp4,0,0.53110063
/home/tianlong/Downloads/celebdf/Celeb-real/id16_0011.mp4,0,0.51111495
/home/tianlong/Downloads/celebdf/Celeb-real/id17_0000.mp4,0,0.3772001
/home/tianlong/Downloads/celebdf/Celeb-real/id35_0008.mp4,0,0.5232727
/home/tianlong/Downloads/celebdf/Celeb-real/id39_0005.mp4,0,0.57200533
/home/tianlong/Downloads/celebdf/Celeb-real/id48_0000.mp4,0,0.5303645
/home/tianlong/Downloads/celebdf/Celeb-real/id32_0008.mp4,0,0.5208581
/home/tianlong/Downloads/celebdf/Celeb-real/id56_0009.mp4,0,0.567652
/home/tianlong/Downloads/celebdf/Celeb-real/id54_0007.mp4,0,0.41869077
/home/tianlong/Downloads/celebdf/Celeb-real/id37_0005.mp4,0,0.48171806
/home/tianlong/Downloads/celebdf/Celeb-real/id29_0008.mp4,0,0.44677943
/home/tianlong/Downloads/celebdf/Celeb-real/id43_0006.mp4,0,0.3870061
/home/tianlong/Downloads/celebdf/Celeb-real/id1_0006.mp4,0,0.38429588
/home/tianlong/Downloads/celebdf/Celeb-real/id51_0001.mp4,0,0.56875527
/home/tianlong/Downloads/celebdf/Celeb-real/id31_0007.mp4,0,0.49453443
/home/tianlong/Downloads/celebdf/Celeb-real/id2_0003.mp4,0,0.4108793
/home/tianlong/Downloads/celebdf/Celeb-real/id21_0009.mp4,0,0.43426806
/home/tianlong/Downloads/celebdf/Celeb-real/id50_0003.mp4,0,0.5401437
/home/tianlong/Downloads/celebdf/Celeb-real/id21_0006.mp4,0,0.3144396
/home/tianlong/Downloads/celebdf/Celeb-real/id44_0003.mp4,0,0.4418575
/home/tianlong/Downloads/celebdf/Celeb-real/id36_0006.mp4,0,0.56827056
/home/tianlong/Downloads/celebdf/Celeb-real/id36_0008.mp4,0,0.3453628
/home/tianlong/Downloads/celebdf/Celeb-real/id1_0008.mp4,0,0.37766713
/home/tianlong/Downloads/celebdf/Celeb-real/id45_0003.mp4,0,0.6083461
/home/tianlong/Downloads/celebdf/Celeb-real/id48_0003.mp4,0,0.50077397
/home/tianlong/Downloads/celebdf/Celeb-real/id23_0001.mp4,0,0.51030153
/home/tianlong/Downloads/celebdf/Celeb-real/id16_0010.mp4,0,0.5129889
/home/tianlong/Downloads/celebdf/Celeb-real/id31_0004.mp4,0,0.542857
/home/tianlong/Downloads/celebdf/Celeb-real/id35_0000.mp4,0,0.5505601
/home/tianlong/Downloads/celebdf/Celeb-real/id58_0002.mp4,0,0.46929345
/home/tianlong/Downloads/celebdf/Celeb-real/id30_0007.mp4,0,0.49531108
/home/tianlong/Downloads/celebdf/Celeb-real/id12_0005.mp4,0,0.4568096
/home/tianlong/Downloads/celebdf/Celeb-real/id56_0002.mp4,0,0.47352156
/home/tianlong/Downloads/celebdf/Celeb-real/id33_0005.mp4,0,0.61664546
/home/tianlong/Downloads/celebdf/Celeb-real/id29_0009.mp4,0,0.47284308
/home/tianlong/Downloads/celebdf/Celeb-real/id13_0013.mp4,0,0.59358037
/home/tianlong/Downloads/celebdf/Celeb-real/id28_0009.mp4,0,0.4838139
/home/tianlong/Downloads/celebdf/Celeb-real/id36_0000.mp4,0,0.50368124
/home/tianlong/Downloads/celebdf/Celeb-real/id24_0009.mp4,0,0.7451978
/home/tianlong/Downloads/celebdf/Celeb-real/id39_0004.mp4,0,0.56174004
/home/tianlong/Downloads/celebdf/Celeb-real/id27_0008.mp4,0,0.4304019
/home/tianlong/Downloads/celebdf/Celeb-real/id11_0006.mp4,0,0.47542387
/home/tianlong/Downloads/celebdf/Celeb-real/id19_0007.mp4,0,0.5380567
/home/tianlong/Downloads/celebdf/Celeb-real/id37_0009.mp4,0,0.6161212
/home/tianlong/Downloads/celebdf/Celeb-real/id3_0008.mp4,0,0.4307019
/home/tianlong/Downloads/celebdf/Celeb-real/id46_0000.mp4,0,0.5721446
/home/tianlong/Downloads/celebdf/Celeb-real/id33_0008.mp4,0,0.47935843
/home/tianlong/Downloads/celebdf/Celeb-real/id8_0000.mp4,0,0.5030284
/home/tianlong/Downloads/celebdf/Celeb-real/id16_0007.mp4,0,0.43979087
/home/tianlong/Downloads/celebdf/Celeb-real/id1_0001.mp4,0,0.5675522
/home/tianlong/Downloads/celebdf/Celeb-real/id32_0002.mp4,0,0.5086944
/home/tianlong/Downloads/celebdf/Celeb-real/id19_0005.mp4,0,0.4085618
/home/tianlong/Downloads/celebdf/Celeb-real/id27_0009.mp4,0,0.3947709
/home/tianlong/Downloads/celebdf/Celeb-real/id2_0001.mp4,0,0.4409093
/home/tianlong/Downloads/celebdf/Celeb-real/id13_0011.mp4,0,0.5025259
/home/tianlong/Downloads/celebdf/Celeb-real/id49_0004.mp4,0,0.5544147
/home/tianlong/Downloads/celebdf/Celeb-real/id57_0007.mp4,0,0.5339981
/home/tianlong/Downloads/celebdf/Celeb-real/id26_0008.mp4,0,0.5804537
/home/tianlong/Downloads/celebdf/Celeb-real/id2_0004.mp4,0,0.6203534
/home/tianlong/Downloads/celebdf/Celeb-real/id36_0001.mp4,0,0.4361381
/home/tianlong/Downloads/celebdf/Celeb-real/id0_0001.mp4,0,0.5024751
/home/tianlong/Downloads/celebdf/Celeb-real/id10_0007.mp4,0,0.28355923
/home/tianlong/Downloads/celebdf/Celeb-real/id17_0002.mp4,0,0.5430933
/home/tianlong/Downloads/celebdf/Celeb-real/id4_0004.mp4,0,0.5013793
/home/tianlong/Downloads/celebdf/Celeb-real/id36_0002.mp4,0,0.4265291
/home/tianlong/Downloads/celebdf/Celeb-real/id53_0003.mp4,0,0.472742
/home/tianlong/Downloads/celebdf/Celeb-real/id25_0010.mp4,0,0.56495446
/home/tianlong/Downloads/celebdf/Celeb-real/id51_0006.mp4,0,0.6459378
/home/tianlong/Downloads/celebdf/Celeb-real/id22_0000.mp4,0,0.5055598
/home/tianlong/Downloads/celebdf/Celeb-real/id10_0001.mp4,0,0.6285532
/home/tianlong/Downloads/celebdf/Celeb-real/id6_0002.mp4,0,0.7028384
/home/tianlong/Downloads/celebdf/Celeb-real/id12_0000.mp4,0,0.56580096
/home/tianlong/Downloads/celebdf/Celeb-real/id35_0003.mp4,0,0.48410335
/home/tianlong/Downloads/celebdf/Celeb-real/id3_0002.mp4,0,0.38278717
/home/tianlong/Downloads/celebdf/Celeb-real/id31_0003.mp4,0,0.50424874
/home/tianlong/Downloads/celebdf/Celeb-real/id52_0002.mp4,0,0.54222167
/home/tianlong/Downloads/celebdf/Celeb-real/id2_0002.mp4,0,0.43560266
/home/tianlong/Downloads/celebdf/Celeb-real/id44_0001.mp4,0,0.5385321
/home/tianlong/Downloads/celebdf/Celeb-real/id8_0009.mp4,0,0.4728238
/home/tianlong/Downloads/celebdf/Celeb-real/id33_0002.mp4,0,0.53135705
/home/tianlong/Downloads/celebdf/Celeb-real/id50_0000.mp4,0,0.56985366
/home/tianlong/Downloads/celebdf/Celeb-real/id40_0003.mp4,0,0.457309
/home/tianlong/Downloads/celebdf/Celeb-real/id7_0006.mp4,0,0.5037592
/home/tianlong/Downloads/celebdf/Celeb-real/id53_0007.mp4,0,0.53096986
/home/tianlong/Downloads/celebdf/Celeb-real/id43_0002.mp4,0,0.49615607
/home/tianlong/Downloads/celebdf/Celeb-real/id56_0000.mp4,0,0.559821
/home/tianlong/Downloads/celebdf/Celeb-real/id13_0004.mp4,0,0.43006846
/home/tianlong/Downloads/celebdf/Celeb-real/id43_0001.mp4,0,0.44151416
/home/tianlong/Downloads/celebdf/Celeb-real/id20_0008.mp4,0,0.59554046
/home/tianlong/Downloads/celebdf/Celeb-real/id28_0004.mp4,0,0.5441812
/home/tianlong/Downloads/celebdf/Celeb-real/id22_0009.mp4,0,0.5886688
/home/tianlong/Downloads/celebdf/Celeb-real/id53_0000.mp4,0,0.5516676
/home/tianlong/Downloads/celebdf/Celeb-real/id50_0006.mp4,0,0.43228954
/home/tianlong/Downloads/celebdf/Celeb-real/id32_0003.mp4,0,0.50345767
/home/tianlong/Downloads/celebdf/Celeb-real/id32_0006.mp4,0,0.647609
/home/tianlong/Downloads/celebdf/Celeb-real/id57_0003.mp4,0,0.56223696
/home/tianlong/Downloads/celebdf/Celeb-real/id37_0004.mp4,0,0.49750203
/home/tianlong/Downloads/celebdf/Celeb-real/id28_0007.mp4,0,0.4039548
/home/tianlong/Downloads/celebdf/Celeb-real/id52_0001.mp4,0,0.54766536
/home/tianlong/Downloads/celebdf/Celeb-real/id40_0009.mp4,0,0.57355744
/home/tianlong/Downloads/celebdf/Celeb-real/id51_0005.mp4,0,0.58202815
/home/tianlong/Downloads/celebdf/Celeb-real/id34_0006.mp4,0,0.5586184
/home/tianlong/Downloads/celebdf/Celeb-real/id42_0002.mp4,0,0.47381806
/home/tianlong/Downloads/celebdf/Celeb-synthesis/id1_id0_0007.mp4,1,0.4193638
/home/tianlong/Downloads/celebdf/Celeb-synthesis/id1_id3_0007.mp4,1,0.48120293
/home/tianlong/Downloads/celebdf/Celeb-synthesis/id1_id4_0007.mp4,1,0.527305
/home/tianlong/Downloads/celebdf/Celeb-synthesis/id1_id9_0007.mp4,1,0.453521
/home/tianlong/Downloads/celebdf/Celeb-synthesis/id1_id16_0007.mp4,1,0.4964617
/home/tianlong/Downloads/celebdf/Celeb-synthesis/id1_id17_0007.mp4,1,0.48309773
/home/tianlong/Downloads/celebdf/Celeb-synthesis/id2_id0_0008.mp4,1,0.46778378
/home/tianlong/Downloads/celebdf/Celeb-synthesis/id2_id3_0008.mp4,1,0.503157
/home/tianlong/Downloads/celebdf/Celeb-synthesis/id2_id9_0008.mp4,1,0.45412225
/home/tianlong/Downloads/celebdf/Celeb-synthesis/id3_id1_0001.mp4,1,0.5049105
/home/tianlong/Downloads/celebdf/Celeb-synthesis/id3_id2_0001.mp4,1,0.45037717
/home/tianlong/Downloads/celebdf/Celeb-synthesis/id3_id4_0001.mp4,1,0.48198444
/home/tianlong/Downloads/celebdf/Celeb-synthesis/id3_id6_0001.mp4,1,0.53678197
/home/tianlong/Downloads/celebdf/Celeb-synthesis/id3_id9_0001.mp4,1,0.48141494
/home/tianlong/Downloads/celebdf/Celeb-synthesis/id3_id16_0001.mp4,1,0.4821744
/home/tianlong/Downloads/celebdf/Celeb-synthesis/id4_id1_0003.mp4,1,0.47269806
/home/tianlong/Downloads/celebdf/Celeb-synthesis/id6_id0_0005.mp4,1,0.5785973
/home/tianlong/Downloads/celebdf/Celeb-synthesis/id6_id1_0005.mp4,1,0.55685794
/home/tianlong/Downloads/celebdf/Celeb-synthesis/id6_id2_0005.mp4,1,0.5898824
/home/tianlong/Downloads/celebdf/Celeb-synthesis/id6_id3_0005.mp4,1,0.57938117
/home/tianlong/Downloads/celebdf/Celeb-synthesis/id6_id16_0005.mp4,1,0.5978181
/home/tianlong/Downloads/celebdf/Celeb-synthesis/id7_id10_0009.mp4,1,0.55144095
/home/tianlong/Downloads/celebdf/Celeb-synthesis/id7_id11_0009.mp4,1,0.5381675
/home/tianlong/Downloads/celebdf/Celeb-synthesis/id7_id13_0009.mp4,1,0.53032696
/home/tianlong/Downloads/celebdf/Celeb-synthesis/id9_id0_0000.mp4,1,0.54355943
/home/tianlong/Downloads/celebdf/Celeb-synthesis/id9_id1_0000.mp4,1,0.5838325
/home/tianlong/Downloads/celebdf/Celeb-synthesis/id9_id2_0000.mp4,1,0.5073318
/home/tianlong/Downloads/celebdf/Celeb-synthesis/id9_id3_0000.mp4,1,0.56237525
/home/tianlong/Downloads/celebdf/Celeb-synthesis/id9_id6_0000.mp4,1,0.5900918
/home/tianlong/Downloads/celebdf/Celeb-synthesis/id9_id16_0000.mp4,1,0.59776866
/home/tianlong/Downloads/celebdf/Celeb-synthesis/id10_id7_0004.mp4,1,0.50555855
/home/tianlong/Downloads/celebdf/Celeb-synthesis/id10_id11_0004.mp4,1,0.46091828
/home/tianlong/Downloads/celebdf/Celeb-synthesis/id10_id12_0004.mp4,1,0.5136056
/home/tianlong/Downloads/celebdf/Celeb-synthesis/id10_id13_0004.mp4,1,0.46464333
/home/tianlong/Downloads/celebdf/Celeb-synthesis/id10_id7_0001.mp4,1,0.65454715
/home/tianlong/Downloads/celebdf/Celeb-synthesis/id10_id11_0001.mp4,1,0.6324263
/home/tianlong/Downloads/celebdf/Celeb-synthesis/id10_id12_0001.mp4,1,0.72273743
/home/tianlong/Downloads/celebdf/Celeb-synthesis/id10_id13_0001.mp4,1,0.6462797
/home/tianlong/Downloads/celebdf/Celeb-synthesis/id11_id7_0008.mp4,1,0.5539714
/home/tianlong/Downloads/celebdf/Celeb-synthesis/id16_id0_0011.mp4,1,0.45055562
/home/tianlong/Downloads/celebdf/Celeb-synthesis/id16_id1_0011.mp4,1,0.49702272
/home/tianlong/Downloads/celebdf/Celeb-synthesis/id16_id2_0011.mp4,1,0.49129754
/home/tianlong/Downloads/celebdf/Celeb-synthesis/id16_id3_0011.mp4,1,0.50433415
/home/tianlong/Downloads/celebdf/Celeb-synthesis/id16_id6_0011.mp4,1,0.50615996
/home/tianlong/Downloads/celebdf/Celeb-synthesis/id17_id0_0000.mp4,1,0.45305055
/home/tianlong/Downloads/celebdf/Celeb-synthesis/id17_id1_0000.mp4,1,0.42568225
/home/tianlong/Downloads/celebdf/Celeb-synthesis/id17_id2_0000.mp4,1,0.42070097
/home/tianlong/Downloads/celebdf/Celeb-synthesis/id17_id3_0000.mp4,1,0.44508544
/home/tianlong/Downloads/celebdf/Celeb-synthesis/id17_id6_0000.mp4,1,0.5031368
/home/tianlong/Downloads/celebdf/Celeb-synthesis/id17_id9_0000.mp4,1,0.38618952
/home/tianlong/Downloads/celebdf/Celeb-synthesis/id17_id16_0000.mp4,1,0.4995634
/home/tianlong/Downloads/celebdf/Celeb-synthesis/id16_id20_0000.mp4,1,0.5445864
/home/tianlong/Downloads/celebdf/Celeb-synthesis/id17_id23_0000.mp4,1,0.553099
/home/tianlong/Downloads/celebdf/Celeb-synthesis/id3_id28_0001.mp4,1,0.5093542
/home/tianlong/Downloads/celebdf/Celeb-synthesis/id35_id32_0007.mp4,1,0.52958417
/home/tianlong/Downloads/celebdf/Celeb-synthesis/id30_id26_0004.mp4,1,0.5239219
/home/tianlong/Downloads/celebdf/Celeb-synthesis/id16_id20_0006.mp4,1,0.5500434
/home/tianlong/Downloads/celebdf/Celeb-synthesis/id4_id20_0001.mp4,1,0.57719815
/home/tianlong/Downloads/celebdf/Celeb-synthesis/id26_id3_0002.mp4,1,0.51143646
/home/tianlong/Downloads/celebdf/Celeb-synthesis/id20_id31_0006.mp4,1,0.56284297
/home/tianlong/Downloads/celebdf/Celeb-synthesis/id6_id23_0001.mp4,1,0.59482306
/home/tianlong/Downloads/celebdf/Celeb-synthesis/id9_id23_0009.mp4,1,0.5438066
/home/tianlong/Downloads/celebdf/Celeb-synthesis/id32_id33_0002.mp4,1,0.54071695
/home/tianlong/Downloads/celebdf/Celeb-synthesis/id16_id20_0012.mp4,1,0.5263027
/home/tianlong/Downloads/celebdf/Celeb-synthesis/id29_id30_0000.mp4,1,0.48784432
/home/tianlong/Downloads/celebdf/Celeb-synthesis/id3_id20_0008.mp4,1,0.50302
/home/tianlong/Downloads/celebdf/Celeb-synthesis/id22_id27_0001.mp4,1,0.5409239
/home/tianlong/Downloads/celebdf/Celeb-synthesis/id27_id21_0002.mp4,1,0.47290373
/home/tianlong/Downloads/celebdf/Celeb-synthesis/id29_id35_0000.mp4,1,0.50722873
/home/tianlong/Downloads/celebdf/Celeb-synthesis/id21_id19_0005.mp4,1,0.571736
/home/tianlong/Downloads/celebdf/Celeb-synthesis/id23_id26_0003.mp4,1,0.523553
/home/tianlong/Downloads/celebdf/Celeb-synthesis/id30_id35_0009.mp4,1,0.49104434
/home/tianlong/Downloads/celebdf/Celeb-synthesis/id9_id26_0000.mp4,1,0.6049348
/home/tianlong/Downloads/celebdf/Celeb-synthesis/id33_id32_0006.mp4,1,0.52544415
/home/tianlong/Downloads/celebdf/Celeb-synthesis/id30_id34_0003.mp4,1,0.53213674
/home/tianlong/Downloads/celebdf/Celeb-synthesis/id29_id37_0008.mp4,1,0.5103539
/home/tianlong/Downloads/celebdf/Celeb-synthesis/id35_id31_0006.mp4,1,0.49059454
/home/tianlong/Downloads/celebdf/Celeb-synthesis/id37_id34_0008.mp4,1,0.53160757
/home/tianlong/Downloads/celebdf/Celeb-synthesis/id26_id16_0001.mp4,1,0.5913111
/home/tianlong/Downloads/celebdf/Celeb-synthesis/id17_id23_0009.mp4,1,0.60434157
/home/tianlong/Downloads/celebdf/Celeb-synthesis/id6_id20_0007.mp4,1,0.5013533
/home/tianlong/Downloads/celebdf/Celeb-synthesis/id1_id20_0001.mp4,1,0.59859174
/home/tianlong/Downloads/celebdf/Celeb-synthesis/id1_id23_0006.mp4,1,0.52577084
/home/tianlong/Downloads/celebdf/Celeb-synthesis/id37_id35_0001.mp4,1,0.57071555
/home/tianlong/Downloads/celebdf/Celeb-synthesis/id4_id23_0006.mp4,1,0.5477999
/home/tianlong/Downloads/celebdf/Celeb-synthesis/id17_id26_0006.mp4,1,0.55930924
/home/tianlong/Downloads/celebdf/Celeb-synthesis/id20_id1_0007.mp4,1,0.61405957
/home/tianlong/Downloads/celebdf/Celeb-synthesis/id0_id26_0009.mp4,1,0.4785111
/home/tianlong/Downloads/celebdf/Celeb-synthesis/id38_id33_0005.mp4,1,0.4720553
/home/tianlong/Downloads/celebdf/Celeb-synthesis/id28_id35_0008.mp4,1,0.46673527
/home/tianlong/Downloads/celebdf/Celeb-synthesis/id23_id35_0006.mp4,1,0.6135716
/home/tianlong/Downloads/celebdf/Celeb-synthesis/id6_id28_0002.mp4,1,0.7174696
/home/tianlong/Downloads/celebdf/Celeb-synthesis/id35_id28_0006.mp4,1,0.43221173
/home/tianlong/Downloads/celebdf/Celeb-synthesis/id32_id31_0008.mp4,1,0.5954829
/home/tianlong/Downloads/celebdf/Celeb-synthesis/id38_id34_0004.mp4,1,0.5694216
/home/tianlong/Downloads/celebdf/Celeb-synthesis/id3_id28_0009.mp4,1,0.56754166
/home/tianlong/Downloads/celebdf/Celeb-synthesis/id37_id28_0007.mp4,1,0.52681816
/home/tianlong/Downloads/celebdf/Celeb-synthesis/id1_id20_0002.mp4,1,0.47560826
/home/tianlong/Downloads/celebdf/Celeb-synthesis/id37_id31_0008.mp4,1,0.5578468
/home/tianlong/Downloads/celebdf/Celeb-synthesis/id30_id23_0007.mp4,1,0.52639997
/home/tianlong/Downloads/celebdf/Celeb-synthesis/id28_id26_0000.mp4,1,0.58078516
/home/tianlong/Downloads/celebdf/Celeb-synthesis/id2_id28_0003.mp4,1,0.47566444
/home/tianlong/Downloads/celebdf/Celeb-synthesis/id27_id24_0007.mp4,1,0.5474343
/home/tianlong/Downloads/celebdf/Celeb-synthesis/id30_id32_0006.mp4,1,0.58437645
/home/tianlong/Downloads/celebdf/Celeb-synthesis/id35_id31_0009.mp4,1,0.60229534
/home/tianlong/Downloads/celebdf/Celeb-synthesis/id4_id21_0004.mp4,1,0.48318133
/home/tianlong/Downloads/celebdf/Celeb-synthesis/id37_id21_0005.mp4,1,0.5550816
/home/tianlong/Downloads/celebdf/Celeb-synthesis/id30_id21_0002.mp4,1,0.50745535
/home/tianlong/Downloads/celebdf/Celeb-synthesis/id16_id23_0011.mp4,1,0.57063806
/home/tianlong/Downloads/celebdf/Celeb-synthesis/id9_id20_0002.mp4,1,0.48646766
/home/tianlong/Downloads/celebdf/Celeb-synthesis/id6_id21_0006.mp4,1,0.56768787
/home/tianlong/Downloads/celebdf/Celeb-synthesis/id20_id19_0002.mp4,1,0.5719105
/home/tianlong/Downloads/celebdf/Celeb-synthesis/id28_id4_0006.mp4,1,0.41075787
/home/tianlong/Downloads/celebdf/Celeb-synthesis/id35_id34_0002.mp4,1,0.5116379
/home/tianlong/Downloads/celebdf/Celeb-synthesis/id35_id26_0003.mp4,1,0.49647057
/home/tianlong/Downloads/celebdf/Celeb-synthesis/id22_id28_0006.mp4,1,0.589356
/home/tianlong/Downloads/celebdf/Celeb-synthesis/id30_id21_0005.mp4,1,0.5265311
/home/tianlong/Downloads/celebdf/Celeb-synthesis/id24_id20_0009.mp4,1,0.6514541
/home/tianlong/Downloads/celebdf/Celeb-synthesis/id4_id20_0000.mp4,1,0.52578926
/home/tianlong/Downloads/celebdf/Celeb-synthesis/id2_id26_0001.mp4,1,0.5663065
/home/tianlong/Downloads/celebdf/Celeb-synthesis/id21_id6_0005.mp4,1,0.61501396
/home/tianlong/Downloads/celebdf/Celeb-synthesis/id21_id9_0008.mp4,1,0.56848055
/home/tianlong/Downloads/celebdf/Celeb-synthesis/id22_id21_0005.mp4,1,0.5318402
/home/tianlong/Downloads/celebdf/Celeb-synthesis/id22_id27_0005.mp4,1,0.5303924
/home/tianlong/Downloads/celebdf/Celeb-synthesis/id23_id2_0007.mp4,1,0.5332263
/home/tianlong/Downloads/celebdf/Celeb-synthesis/id23_id3_0009.mp4,1,0.48609704
/home/tianlong/Downloads/celebdf/Celeb-synthesis/id24_id19_0000.mp4,1,0.5623542
/home/tianlong/Downloads/celebdf/Celeb-synthesis/id24_id21_0006.mp4,1,0.4672842
/home/tianlong/Downloads/celebdf/Celeb-synthesis/id24_id26_0009.mp4,1,0.7123248
/home/tianlong/Downloads/celebdf/Celeb-synthesis/id25_id19_0002.mp4,1,0.55006266
/home/tianlong/Downloads/celebdf/Celeb-synthesis/id25_id24_0003.mp4,1,0.56141806
/home/tianlong/Downloads/celebdf/Celeb-synthesis/id27_id21_0008.mp4,1,0.45405048
/home/tianlong/Downloads/celebdf/Celeb-synthesis/id27_id22_0007.mp4,1,0.537506
/home/tianlong/Downloads/celebdf/Celeb-synthesis/id27_id25_0008.mp4,1,0.455523
/home/tianlong/Downloads/celebdf/Celeb-synthesis/id28_id3_0004.mp4,1,0.548223
/home/tianlong/Downloads/celebdf/Celeb-synthesis/id28_id6_0006.mp4,1,0.44230166
/home/tianlong/Downloads/celebdf/Celeb-synthesis/id29_id32_0000.mp4,1,0.4642921
/home/tianlong/Downloads/celebdf/Celeb-synthesis/id29_id37_0009.mp4,1,0.5054861
/home/tianlong/Downloads/celebdf/Celeb-synthesis/id30_id20_0004.mp4,1,0.52745026
/home/tianlong/Downloads/celebdf/Celeb-synthesis/id30_id23_0002.mp4,1,0.5303241
/home/tianlong/Downloads/celebdf/Celeb-synthesis/id32_id33_0004.mp4,1,0.4827097
/home/tianlong/Downloads/celebdf/Celeb-synthesis/id33_id38_0001.mp4,1,0.6028877
/home/tianlong/Downloads/celebdf/Celeb-synthesis/id34_id33_0005.mp4,1,0.62855977
/home/tianlong/Downloads/celebdf/Celeb-synthesis/id35_id31_0007.mp4,1,0.5490523
/home/tianlong/Downloads/celebdf/Celeb-synthesis/id49_id52_0005.mp4,1,0.5645005
/home/tianlong/Downloads/celebdf/Celeb-synthesis/id9_id2_0006.mp4,1,0.40414983
/home/tianlong/Downloads/celebdf/Celeb-synthesis/id7_id11_0007.mp4,1,0.5588418
/home/tianlong/Downloads/celebdf/Celeb-synthesis/id4_id37_0006.mp4,1,0.5116096
/home/tianlong/Downloads/celebdf/Celeb-synthesis/id37_id38_0009.mp4,1,0.6330962
/home/tianlong/Downloads/celebdf/Celeb-synthesis/id29_id30_0009.mp4,1,0.5076884
/home/tianlong/Downloads/celebdf/Celeb-synthesis/id0_id6_0007.mp4,1,0.49588758
/home/tianlong/Downloads/celebdf/Celeb-synthesis/id0_id16_0004.mp4,1,0.4645881
/home/tianlong/Downloads/celebdf/Celeb-synthesis/id31_id33_0008.mp4,1,0.49251252
/home/tianlong/Downloads/celebdf/Celeb-synthesis/id54_id49_0003.mp4,1,0.56482
/home/tianlong/Downloads/celebdf/Celeb-synthesis/id0_id1_0000.mp4,1,0.524169
/home/tianlong/Downloads/celebdf/Celeb-synthesis/id21_id28_0001.mp4,1,0.575174
/home/tianlong/Downloads/celebdf/Celeb-synthesis/id33_id29_0004.mp4,1,0.5406734
/home/tianlong/Downloads/celebdf/Celeb-synthesis/id28_id0_0009.mp4,1,0.5038865
/home/tianlong/Downloads/celebdf/Celeb-synthesis/id6_id9_0006.mp4,1,0.51950854
/home/tianlong/Downloads/celebdf/Celeb-synthesis/id9_id0_0006.mp4,1,0.41811046
/home/tianlong/Downloads/celebdf/Celeb-synthesis/id26_id2_0005.mp4,1,0.6236396
/home/tianlong/Downloads/celebdf/Celeb-synthesis/id1_id3_0002.mp4,1,0.53395575
/home/tianlong/Downloads/celebdf/Celeb-synthesis/id4_id6_0008.mp4,1,0.5203956
/home/tianlong/Downloads/celebdf/Celeb-synthesis/id16_id28_0005.mp4,1,0.57003725
/home/tianlong/Downloads/celebdf/Celeb-synthesis/id37_id35_0005.mp4,1,0.61528975
/home/tianlong/Downloads/celebdf/Celeb-synthesis/id19_id20_0004.mp4,1,0.54142064
/home/tianlong/Downloads/celebdf/Celeb-synthesis/id46_id41_0000.mp4,1,0.5099759
/home/tianlong/Downloads/celebdf/Celeb-synthesis/id51_id57_0004.mp4,1,0.58197486
/home/tianlong/Downloads/celebdf/Celeb-synthesis/id29_id37_0005.mp4,1,0.6244737
/home/tianlong/Downloads/celebdf/Celeb-synthesis/id35_id23_0007.mp4,1,0.5697529
/home/tianlong/Downloads/celebdf/Celeb-synthesis/id34_id33_0002.mp4,1,0.55765915
/home/tianlong/Downloads/celebdf/Celeb-synthesis/id1_id3_0006.mp4,1,0.45072645
/home/tianlong/Downloads/celebdf/Celeb-synthesis/id13_id10_0005.mp4,1,0.42375344
/home/tianlong/Downloads/celebdf/Celeb-synthesis/id56_id55_0009.mp4,1,0.5581646
/home/tianlong/Downloads/celebdf/Celeb-synthesis/id25_id28_0010.mp4,1,0.58984864
/home/tianlong/Downloads/celebdf/Celeb-synthesis/id20_id37_0004.mp4,1,0.5926547
/home/tianlong/Downloads/celebdf/Celeb-synthesis/id37_id29_0002.mp4,1,0.5457614
/home/tianlong/Downloads/celebdf/Celeb-synthesis/id56_id54_0007.mp4,1,0.5865893
/home/tianlong/Downloads/celebdf/Celeb-synthesis/id19_id20_0000.mp4,1,0.47096413
/home/tianlong/Downloads/celebdf/Celeb-synthesis/id4_id28_0006.mp4,1,0.53722894
/home/tianlong/Downloads/celebdf/Celeb-synthesis/id53_id58_0005.mp4,1,0.554602
/home/tianlong/Downloads/celebdf/Celeb-synthesis/id55_id57_0002.mp4,1,0.5888353
/home/tianlong/Downloads/celebdf/Celeb-synthesis/id24_id26_0004.mp4,1,0.60513294
/home/tianlong/Downloads/celebdf/Celeb-synthesis/id20_id0_0006.mp4,1,0.5418855
/home/tianlong/Downloads/celebdf/Celeb-synthesis/id37_id2_0009.mp4,1,0.6251185
/home/tianlong/Downloads/celebdf/Celeb-synthesis/id30_id26_0006.mp4,1,0.58179736
/home/tianlong/Downloads/celebdf/Celeb-synthesis/id16_id2_0001.mp4,1,0.5719187
/home/tianlong/Downloads/celebdf/Celeb-synthesis/id26_id1_0002.mp4,1,0.51403993
/home/tianlong/Downloads/celebdf/Celeb-synthesis/id30_id6_0007.mp4,1,0.54168046
/home/tianlong/Downloads/celebdf/Celeb-synthesis/id44_id41_0005.mp4,1,0.573449
/home/tianlong/Downloads/celebdf/Celeb-synthesis/id16_id2_0006.mp4,1,0.5289153
/home/tianlong/Downloads/celebdf/Celeb-synthesis/id1_id16_0004.mp4,1,0.5044285
/home/tianlong/Downloads/celebdf/Celeb-synthesis/id16_id21_0002.mp4,1,0.55346644
/home/tianlong/Downloads/celebdf/Celeb-synthesis/id4_id0_0000.mp4,1,0.5438561
/home/tianlong/Downloads/celebdf/Celeb-synthesis/id8_id0_0002.mp4,1,0.48681077
/home/tianlong/Downloads/celebdf/Celeb-synthesis/id19_id23_0001.mp4,1,0.55373937
/home/tianlong/Downloads/celebdf/Celeb-synthesis/id37_id3_0006.mp4,1,0.5878636
/home/tianlong/Downloads/celebdf/Celeb-synthesis/id9_id16_0007.mp4,1,0.53825796
/home/tianlong/Downloads/celebdf/Celeb-synthesis/id47_id43_0007.mp4,1,0.59695596
/home/tianlong/Downloads/celebdf/Celeb-synthesis/id16_id3_0009.mp4,1,0.41090423
/home/tianlong/Downloads/celebdf/Celeb-synthesis/id26_id28_0002.mp4,1,0.52229947
/home/tianlong/Downloads/celebdf/Celeb-synthesis/id8_id3_0003.mp4,1,0.6050087
/home/tianlong/Downloads/celebdf/Celeb-synthesis/id30_id28_0000.mp4,1,0.52714485
/home/tianlong/Downloads/celebdf/Celeb-synthesis/id27_id23_0008.mp4,1,0.54367924
/home/tianlong/Downloads/celebdf/Celeb-synthesis/id28_id20_0008.mp4,1,0.4464094
/home/tianlong/Downloads/celebdf/Celeb-synthesis/id1_id2_0002.mp4,1,0.5135015
/home/tianlong/Downloads/celebdf/Celeb-synthesis/id46_id39_0000.mp4,1,0.5296198
/home/tianlong/Downloads/celebdf/Celeb-synthesis/id37_id28_0008.mp4,1,0.5132754
/home/tianlong/Downloads/celebdf/Celeb-synthesis/id0_id3_0007.mp4,1,0.43484315
/home/tianlong/Downloads/celebdf/Celeb-synthesis/id4_id1_0002.mp4,1,0.51714647
/home/tianlong/Downloads/celebdf/Celeb-synthesis/id13_id7_0000.mp4,1,0.62332255
/home/tianlong/Downloads/celebdf/Celeb-synthesis/id50_id53_0000.mp4,1,0.5893718
/home/tianlong/Downloads/celebdf/Celeb-synthesis/id50_id56_0005.mp4,1,0.59219533
/home/tianlong/Downloads/celebdf/Celeb-synthesis/id4_id21_0009.mp4,1,0.5461459
/home/tianlong/Downloads/celebdf/Celeb-synthesis/id23_id3_0004.mp4,1,0.61777925
/home/tianlong/Downloads/celebdf/Celeb-synthesis/id56_id51_0000.mp4,1,0.59122956
/home/tianlong/Downloads/celebdf/Celeb-synthesis/id30_id3_0006.mp4,1,0.6013204
/home/tianlong/Downloads/celebdf/Celeb-synthesis/id28_id20_0006.mp4,1,0.37788865
/home/tianlong/Downloads/celebdf/Celeb-synthesis/id4_id20_0008.mp4,1,0.48956823
/home/tianlong/Downloads/celebdf/Celeb-synthesis/id54_id58_0006.mp4,1,0.6696609
/home/tianlong/Downloads/celebdf/Celeb-synthesis/id53_id57_0005.mp4,1,0.5507839
/home/tianlong/Downloads/celebdf/Celeb-synthesis/id31_id33_0009.mp4,1,0.6038009
/home/tianlong/Downloads/celebdf/Celeb-synthesis/id0_id21_0000.mp4,1,0.5248505
/home/tianlong/Downloads/celebdf/Celeb-synthesis/id6_id23_0006.mp4,1,0.59458673
/home/tianlong/Downloads/celebdf/Celeb-synthesis/id48_id45_0002.mp4,1,0.5767691
/home/tianlong/Downloads/celebdf/Celeb-synthesis/id46_id45_0001.mp4,1,0.4749795
/home/tianlong/Downloads/celebdf/Celeb-synthesis/id28_id21_0006.mp4,1,0.39806163
/home/tianlong/Downloads/celebdf/Celeb-synthesis/id12_id10_0005.mp4,1,0.50265604
/home/tianlong/Downloads/celebdf/Celeb-synthesis/id54_id56_0000.mp4,1,0.5719909
/home/tianlong/Downloads/celebdf/Celeb-synthesis/id39_id47_0004.mp4,1,0.60940677
/home/tianlong/Downloads/celebdf/Celeb-synthesis/id9_id3_0009.mp4,1,0.51569754
/home/tianlong/Downloads/celebdf/Celeb-synthesis/id35_id16_0007.mp4,1,0.5578087
/home/tianlong/Downloads/celebdf/Celeb-synthesis/id21_id2_0002.mp4,1,0.5893332
/home/tianlong/Downloads/celebdf/Celeb-synthesis/id12_id10_0002.mp4,1,0.63469225
/home/tianlong/Downloads/celebdf/Celeb-synthesis/id10_id13_0007.mp4,1,0.39885446
/home/tianlong/Downloads/celebdf/Celeb-synthesis/id20_id31_0008.mp4,1,0.6336716
/home/tianlong/Downloads/celebdf/Celeb-synthesis/id0_id16_0003.mp4,1,0.47051874
/home/tianlong/Downloads/celebdf/Celeb-synthesis/id0_id16_0007.mp4,1,0.4528144
/home/tianlong/Downloads/celebdf/Celeb-synthesis/id2_id16_0004.mp4,1,0.6426117
/home/tianlong/Downloads/celebdf/Celeb-synthesis/id13_id7_0012.mp4,1,0.43480054
/home/tianlong/Downloads/celebdf/Celeb-synthesis/id37_id1_0002.mp4,1,0.565757
/home/tianlong/Downloads/celebdf/Celeb-synthesis/id30_id28_0004.mp4,1,0.54308325
/home/tianlong/Downloads/celebdf/Celeb-synthesis/id53_id52_0003.mp4,1,0.48437628
/home/tianlong/Downloads/celebdf/Celeb-synthesis/id54_id56_0006.mp4,1,0.6616717
/home/tianlong/Downloads/celebdf/Celeb-synthesis/id3_id28_0002.mp4,1,0.4494133
/home/tianlong/Downloads/celebdf/Celeb-synthesis/id37_id4_0000.mp4,1,0.62627685
/home/tianlong/Downloads/celebdf/Celeb-synthesis/id28_id9_0000.mp4,1,0.5406094
/home/tianlong/Downloads/celebdf/Celeb-synthesis/id4_id2_0003.mp4,1,0.49878106
/home/tianlong/Downloads/celebdf/Celeb-synthesis/id25_id21_0005.mp4,1,0.5350665
/home/tianlong/Downloads/celebdf/Celeb-synthesis/id17_id3_0007.mp4,1,0.46311864
/home/tianlong/Downloads/celebdf/Celeb-synthesis/id2_id1_0004.mp4,1,0.6685403
/home/tianlong/Downloads/celebdf/Celeb-synthesis/id3_id9_0003.mp4,1,0.44011718
/home/tianlong/Downloads/celebdf/Celeb-synthesis/id16_id6_0001.mp4,1,0.60052717
/home/tianlong/Downloads/celebdf/Celeb-synthesis/id8_id6_0002.mp4,1,0.522934
/home/tianlong/Downloads/celebdf/Celeb-synthesis/id17_id16_0007.mp4,1,0.47608718
/home/tianlong/Downloads/celebdf/Celeb-synthesis/id4_id26_0007.mp4,1,0.5081409
/home/tianlong/Downloads/celebdf/Celeb-synthesis/id44_id45_0000.mp4,1,0.57087076
/home/tianlong/Downloads/celebdf/Celeb-synthesis/id0_id1_0005.mp4,1,0.44375023
/home/tianlong/Downloads/celebdf/Celeb-synthesis/id57_id51_0000.mp4,1,0.63261974
/home/tianlong/Downloads/celebdf/Celeb-synthesis/id34_id32_0007.mp4,1,0.59826195
/home/tianlong/Downloads/celebdf/Celeb-synthesis/id32_id31_0006.mp4,1,0.6889924
/home/tianlong/Downloads/celebdf/Celeb-synthesis/id48_id41_0001.mp4,1,0.5440656
/home/tianlong/Downloads/celebdf/Celeb-synthesis/id4_id0_0004.mp4,1,0.4131802
/home/tianlong/Downloads/celebdf/Celeb-synthesis/id21_id19_0009.mp4,1,0.5419687
/home/tianlong/Downloads/celebdf/Celeb-synthesis/id45_id39_0008.mp4,1,0.6168652
/home/tianlong/Downloads/celebdf/Celeb-synthesis/id31_id30_0009.mp4,1,0.5346377
/home/tianlong/Downloads/celebdf/Celeb-synthesis/id27_id19_0001.mp4,1,0.51199114
/home/tianlong/Downloads/celebdf/Celeb-synthesis/id23_id16_0003.mp4,1,0.53580916
/home/tianlong/Downloads/celebdf/Celeb-synthesis/id58_id57_0008.mp4,1,0.5824712
/home/tianlong/Downloads/celebdf/Celeb-synthesis/id17_id2_0007.mp4,1,0.45786905
/home/tianlong/Downloads/celebdf/Celeb-synthesis/id28_id3_0001.mp4,1,0.46739173
/home/tianlong/Downloads/celebdf/Celeb-synthesis/id23_id35_0009.mp4,1,0.4789048
/home/tianlong/Downloads/celebdf/Celeb-synthesis/id4_id0_0001.mp4,1,0.60480326
/home/tianlong/Downloads/celebdf/Celeb-synthesis/id17_id31_0009.mp4,1,0.5638026
/home/tianlong/Downloads/celebdf/Celeb-synthesis/id48_id47_0008.mp4,1,0.46468702
/home/tianlong/Downloads/celebdf/Celeb-synthesis/id50_id49_0001.mp4,1,0.5708412
/home/tianlong/Downloads/celebdf/Celeb-synthesis/id20_id1_0003.mp4,1,0.6330509
/home/tianlong/Downloads/celebdf/Celeb-synthesis/id16_id3_0010.mp4,1,0.5328681
/home/tianlong/Downloads/celebdf/Celeb-synthesis/id23_id19_0000.mp4,1,0.5323148
/home/tianlong/Downloads/celebdf/Celeb-synthesis/id1_id3_0009.mp4,1,0.4563622
/home/tianlong/Downloads/celebdf/Celeb-synthesis/id43_id40_0005.mp4,1,0.5925812
/home/tianlong/Downloads/celebdf/Celeb-synthesis/id4_id6_0002.mp4,1,0.5425809
/home/tianlong/Downloads/celebdf/Celeb-synthesis/id10_id7_0008.mp4,1,0.5497914
/home/tianlong/Downloads/celebdf/Celeb-synthesis/id13_id10_0008.mp4,1,0.55021083
/home/tianlong/Downloads/celebdf/Celeb-synthesis/id12_id7_0006.mp4,1,0.6089438
/home/tianlong/Downloads/celebdf/Celeb-synthesis/id6_id2_0008.mp4,1,0.64836526
/home/tianlong/Downloads/celebdf/Celeb-synthesis/id2_id0_0002.mp4,1,0.47475028
/home/tianlong/Downloads/celebdf/Celeb-synthesis/id2_id6_0002.mp4,1,0.5226753
/home/tianlong/Downloads/celebdf/Celeb-synthesis/id30_id28_0006.mp4,1,0.597998
/home/tianlong/Downloads/celebdf/Celeb-synthesis/id52_id50_0007.mp4,1,0.67532647
/home/tianlong/Downloads/celebdf/Celeb-synthesis/id49_id52_0007.mp4,1,0.5505802
/home/tianlong/Downloads/celebdf/Celeb-synthesis/id51_id50_0008.mp4,1,0.6351003
/home/tianlong/Downloads/celebdf/Celeb-synthesis/id21_id3_0009.mp4,1,0.5468915
/home/tianlong/Downloads/celebdf/Celeb-synthesis/id31_id16_0002.mp4,1,0.6001881
/home/tianlong/Downloads/celebdf/Celeb-synthesis/id25_id28_0003.mp4,1,0.5214334
/home/tianlong/Downloads/celebdf/Celeb-synthesis/id21_id20_0006.mp4,1,0.43229023
/home/tianlong/Downloads/celebdf/Celeb-synthesis/id10_id7_0005.mp4,1,0.45536795
/home/tianlong/Downloads/celebdf/Celeb-synthesis/id38_id30_0006.mp4,1,0.6056159
/home/tianlong/Downloads/celebdf/Celeb-synthesis/id35_id30_0006.mp4,1,0.3759239
/home/tianlong/Downloads/celebdf/Celeb-synthesis/id20_id9_0008.mp4,1,0.5895381
/home/tianlong/Downloads/celebdf/Celeb-synthesis/id25_id23_0010.mp4,1,0.63822997
/home/tianlong/Downloads/celebdf/Celeb-synthesis/id17_id21_0000.mp4,1,0.43043527
/home/tianlong/Downloads/celebdf/Celeb-synthesis/id45_id47_0002.mp4,1,0.5925059
/home/tianlong/Downloads/celebdf/Celeb-synthesis/id1_id3_0003.mp4,1,0.45874462
/home/tianlong/Downloads/celebdf/Celeb-synthesis/id27_id26_0006.mp4,1,0.5891172
/home/tianlong/Downloads/celebdf/Celeb-synthesis/id44_id42_0001.mp4,1,0.6507298
/home/tianlong/Downloads/celebdf/Celeb-synthesis/id57_id53_0006.mp4,1,0.5764207
/home/tianlong/Downloads/celebdf/Celeb-synthesis/id43_id39_0000.mp4,1,0.5768137
/home/tianlong/Downloads/celebdf/Celeb-synthesis/id35_id16_0004.mp4,1,0.52920175
/home/tianlong/Downloads/celebdf/Celeb-synthesis/id42_id40_0001.mp4,1,0.558184
/home/tianlong/Downloads/celebdf/Celeb-synthesis/id21_id2_0000.mp4,1,0.50271606
/home/tianlong/Downloads/celebdf/Celeb-synthesis/id37_id21_0000.mp4,1,0.5035059
/home/tianlong/Downloads/celebdf/Celeb-synthesis/id29_id38_0008.mp4,1,0.5150135
/home/tianlong/Downloads/celebdf/Celeb-synthesis/id39_id44_0000.mp4,1,0.56241983
/home/tianlong/Downloads/celebdf/Celeb-synthesis/id9_id6_0005.mp4,1,0.601026
/home/tianlong/Downloads/celebdf/Celeb-synthesis/id0_id1_0001.mp4,1,0.54505295
/home/tianlong/Downloads/celebdf/Celeb-synthesis/id31_id2_0004.mp4,1,0.556465
/home/tianlong/Downloads/celebdf/Celeb-synthesis/id38_id34_0003.mp4,1,0.6391777
/home/tianlong/Downloads/celebdf/Celeb-synthesis/id56_id57_0007.mp4,1,0.57933205
/home/tianlong/Downloads/celebdf/Celeb-synthesis/id52_id58_0005.mp4,1,0.59483486
/home/tianlong/Downloads/celebdf/Celeb-synthesis/id28_id4_0000.mp4,1,0.580011
/home/tianlong/Downloads/celebdf/Celeb-synthesis/id22_id26_0005.mp4,1,0.57990044
/home/tianlong/Downloads/celebdf/Celeb-synthesis/id4_id30_0000.mp4,1,0.5356449
/home/tianlong/Downloads/celebdf/Celeb-synthesis/id29_id32_0003.mp4,1,0.5720848
/home/tianlong/Downloads/celebdf/Celeb-synthesis/id35_id20_0007.mp4,1,0.5336497
/home/tianlong/Downloads/celebdf/Celeb-synthesis/id1_id2_0007.mp4,1,0.4699028
/home/tianlong/Downloads/celebdf/Celeb-synthesis/id30_id3_0002.mp4,1,0.45259738
/home/tianlong/Downloads/celebdf/Celeb-synthesis/id22_id25_0001.mp4,1,0.54736674
/home/tianlong/Downloads/celebdf/Celeb-synthesis/id39_id44_0008.mp4,1,0.58891267
/home/tianlong/Downloads/celebdf/Celeb-synthesis/id34_id29_0008.mp4,1,0.59622926
/home/tianlong/Downloads/celebdf/Celeb-synthesis/id21_id28_0009.mp4,1,0.5223076
/home/tianlong/Downloads/celebdf/Celeb-synthesis/id30_id4_0001.mp4,1,0.54199964
/home/tianlong/Downloads/celebdf/Celeb-synthesis/id25_id19_0008.mp4,1,0.5497851
/home/tianlong/Downloads/celebdf/Celeb-synthesis/id21_id4_0002.mp4,1,0.6041279
/home/tianlong/Downloads/celebdf/Celeb-synthesis/id17_id28_0001.mp4,1,0.62609017
/home/tianlong/Downloads/celebdf/Celeb-synthesis/id6_id1_0007.mp4,1,0.51355034
/home/tianlong/Downloads/celebdf/Celeb-synthesis/id9_id2_0008.mp4,1,0.34082446
/home/tianlong/Downloads/celebdf/Celeb-synthesis/id8_id5_0008.mp4,1,0.54125506
/home/tianlong/Downloads/celebdf/Celeb-synthesis/id37_id3_0004.mp4,1,0.57659507
/home/tianlong/Downloads/celebdf/Celeb-synthesis/id17_id2_0003.mp4,1,0.5629779
