Video,Label,Prediction
/home/tianlong/Downloads/celebdf/YouTube-real/00170.mp4,0,0.7512582
/home/tianlong/Downloads/celebdf/YouTube-real/00208.mp4,0,0.5713731
/home/tianlong/Downloads/celebdf/YouTube-real/00063.mp4,0,0.85141754
/home/tianlong/Downloads/celebdf/YouTube-real/00024.mp4,0,0.0056245076
/home/tianlong/Downloads/celebdf/YouTube-real/00021.mp4,0,0.00041229924
/home/tianlong/Downloads/celebdf/YouTube-real/00036.mp4,0,7.1329273e-19
/home/tianlong/Downloads/celebdf/YouTube-real/00202.mp4,0,0.6303582
/home/tianlong/Downloads/celebdf/YouTube-real/00236.mp4,0,0.23521888
/home/tianlong/Downloads/celebdf/YouTube-real/00197.mp4,0,1.3098309e-12
/home/tianlong/Downloads/celebdf/YouTube-real/00133.mp4,0,1.0
/home/tianlong/Downloads/celebdf/YouTube-real/00213.mp4,0,1.0
/home/tianlong/Downloads/celebdf/YouTube-real/00011.mp4,0,0.62672937
/home/tianlong/Downloads/celebdf/YouTube-real/00095.mp4,0,0.9999796
/home/tianlong/Downloads/celebdf/YouTube-real/00138.mp4,0,0.91802245
/home/tianlong/Downloads/celebdf/YouTube-real/00106.mp4,0,0.038230143
/home/tianlong/Downloads/celebdf/YouTube-real/00194.mp4,0,1.0343241e-26
/home/tianlong/Downloads/celebdf/YouTube-real/00092.mp4,0,1.0
/home/tianlong/Downloads/celebdf/YouTube-real/00227.mp4,0,0.002646593
/home/tianlong/Downloads/celebdf/YouTube-real/00244.mp4,0,0.12039336
/home/tianlong/Downloads/celebdf/YouTube-real/00119.mp4,0,0.13301189
/home/tianlong/Downloads/celebdf/YouTube-real/00082.mp4,0,6.2271695e-11
/home/tianlong/Downloads/celebdf/YouTube-real/00188.mp4,0,1.588414e-39
/home/tianlong/Downloads/celebdf/YouTube-real/00076.mp4,0,2.3812763e-10
/home/tianlong/Downloads/celebdf/YouTube-real/00047.mp4,0,0.6214732
/home/tianlong/Downloads/celebdf/YouTube-real/00168.mp4,0,0.19258295
/home/tianlong/Downloads/celebdf/YouTube-real/00207.mp4,0,0.5478986
/home/tianlong/Downloads/celebdf/YouTube-real/00193.mp4,0,6.328487e-16
/home/tianlong/Downloads/celebdf/YouTube-real/00061.mp4,0,0.9999998
/home/tianlong/Downloads/celebdf/YouTube-real/00023.mp4,0,0.052934565
/home/tianlong/Downloads/celebdf/YouTube-real/00048.mp4,0,0.8143945
/home/tianlong/Downloads/celebdf/YouTube-real/00250.mp4,0,0.2588606
/home/tianlong/Downloads/celebdf/YouTube-real/00251.mp4,0,0.18016413
/home/tianlong/Downloads/celebdf/YouTube-real/00252.mp4,0,8.081004e-23
/home/tianlong/Downloads/celebdf/YouTube-real/00253.mp4,0,0.00051667733
/home/tianlong/Downloads/celebdf/YouTube-real/00254.mp4,0,1.0
/home/tianlong/Downloads/celebdf/YouTube-real/00255.mp4,0,1.1661361e-29
/home/tianlong/Downloads/celebdf/YouTube-real/00256.mp4,0,1.2057975e-09
/home/tianlong/Downloads/celebdf/YouTube-real/00257.mp4,0,0.085326925
/home/tianlong/Downloads/celebdf/YouTube-real/00258.mp4,0,1.5870226e-05
/home/tianlong/Downloads/celebdf/YouTube-real/00259.mp4,0,0.20640226
/home/tianlong/Downloads/celebdf/YouTube-real/00260.mp4,0,1.9380717e-22
/home/tianlong/Downloads/celebdf/YouTube-real/00261.mp4,0,0.52100366
/home/tianlong/Downloads/celebdf/YouTube-real/00262.mp4,0,1.47274e-09
/home/tianlong/Downloads/celebdf/YouTube-real/00263.mp4,0,0.011569856
/home/tianlong/Downloads/celebdf/YouTube-real/00264.mp4,0,2.3883806e-07
/home/tianlong/Downloads/celebdf/YouTube-real/00265.mp4,0,0.1395199
/home/tianlong/Downloads/celebdf/YouTube-real/00266.mp4,0,0.71742934
/home/tianlong/Downloads/celebdf/YouTube-real/00267.mp4,0,0.0013343936
/home/tianlong/Downloads/celebdf/YouTube-real/00268.mp4,0,0.0034314927
/home/tianlong/Downloads/celebdf/YouTube-real/00269.mp4,0,1.7105987e-16
/home/tianlong/Downloads/celebdf/YouTube-real/00270.mp4,0,1.6685671e-20
/home/tianlong/Downloads/celebdf/YouTube-real/00271.mp4,0,0.1456286
/home/tianlong/Downloads/celebdf/YouTube-real/00272.mp4,0,0.088334166
/home/tianlong/Downloads/celebdf/YouTube-real/00273.mp4,0,2.4734723e-06
/home/tianlong/Downloads/celebdf/YouTube-real/00274.mp4,0,1.3112968e-12
/home/tianlong/Downloads/celebdf/YouTube-real/00275.mp4,0,0.8859383
/home/tianlong/Downloads/celebdf/YouTube-real/00276.mp4,0,2.4868022e-12
/home/tianlong/Downloads/celebdf/YouTube-real/00277.mp4,0,8.610907e-06
/home/tianlong/Downloads/celebdf/YouTube-real/00278.mp4,0,0.00061910524
/home/tianlong/Downloads/celebdf/YouTube-real/00279.mp4,0,1.0
/home/tianlong/Downloads/celebdf/YouTube-real/00280.mp4,0,0.72161806
/home/tianlong/Downloads/celebdf/YouTube-real/00281.mp4,0,0.10710517
/home/tianlong/Downloads/celebdf/YouTube-real/00282.mp4,0,0.99999505
/home/tianlong/Downloads/celebdf/YouTube-real/00283.mp4,0,0.999512
/home/tianlong/Downloads/celebdf/YouTube-real/00284.mp4,0,0.87534106
/home/tianlong/Downloads/celebdf/YouTube-real/00285.mp4,0,0.47763005
/home/tianlong/Downloads/celebdf/YouTube-real/00286.mp4,0,1.0
/home/tianlong/Downloads/celebdf/YouTube-real/00287.mp4,0,0.11726568
/home/tianlong/Downloads/celebdf/YouTube-real/00288.mp4,0,0.049947094
/home/tianlong/Downloads/celebdf/YouTube-real/00289.mp4,0,0.07586428
/home/tianlong/Downloads/celebdf/Celeb-real/id1_0007.mp4,0,0.71936524
/home/tianlong/Downloads/celebdf/Celeb-real/id2_0008.mp4,0,1.3567423e-37
/home/tianlong/Downloads/celebdf/Celeb-real/id3_0001.mp4,0,7.0467435e-31
/home/tianlong/Downloads/celebdf/Celeb-real/id6_0005.mp4,0,0.1299984
/home/tianlong/Downloads/celebdf/Celeb-real/id9_0000.mp4,0,0.0002763774
/home/tianlong/Downloads/celebdf/Celeb-real/id11_0008.mp4,0,0.89966697
/home/tianlong/Downloads/celebdf/Celeb-real/id16_0011.mp4,0,0.9859824
/home/tianlong/Downloads/celebdf/Celeb-real/id17_0000.mp4,0,1.44082005e-05
/home/tianlong/Downloads/celebdf/Celeb-real/id35_0008.mp4,0,0.7665316
/home/tianlong/Downloads/celebdf/Celeb-real/id39_0005.mp4,0,0.42549014
/home/tianlong/Downloads/celebdf/Celeb-real/id48_0000.mp4,0,0.59892184
/home/tianlong/Downloads/celebdf/Celeb-real/id32_0008.mp4,0,0.00021223682
/home/tianlong/Downloads/celebdf/Celeb-real/id56_0009.mp4,0,0.75524646
/home/tianlong/Downloads/celebdf/Celeb-real/id54_0007.mp4,0,5.012755e-17
/home/tianlong/Downloads/celebdf/Celeb-real/id37_0005.mp4,0,3.7558093e-06
/home/tianlong/Downloads/celebdf/Celeb-real/id29_0008.mp4,0,0.54134685
/home/tianlong/Downloads/celebdf/Celeb-real/id43_0006.mp4,0,6.6143987e-24
/home/tianlong/Downloads/celebdf/Celeb-real/id1_0006.mp4,0,7.36653e-17
/home/tianlong/Downloads/celebdf/Celeb-real/id51_0001.mp4,0,0.0013358325
/home/tianlong/Downloads/celebdf/Celeb-real/id31_0007.mp4,0,2.408338e-22
/home/tianlong/Downloads/celebdf/Celeb-real/id2_0003.mp4,0,0.047785904
/home/tianlong/Downloads/celebdf/Celeb-real/id21_0009.mp4,0,5.7387964e-17
/home/tianlong/Downloads/celebdf/Celeb-real/id50_0003.mp4,0,0.00011446348
/home/tianlong/Downloads/celebdf/Celeb-real/id21_0006.mp4,0,6.121183e-29
/home/tianlong/Downloads/celebdf/Celeb-real/id44_0003.mp4,0,0.0
/home/tianlong/Downloads/celebdf/Celeb-real/id36_0006.mp4,0,9.901911e-06
/home/tianlong/Downloads/celebdf/Celeb-real/id36_0008.mp4,0,3.5406828e-27
/home/tianlong/Downloads/celebdf/Celeb-real/id1_0008.mp4,0,1.6379752e-11
/home/tianlong/Downloads/celebdf/Celeb-real/id45_0003.mp4,0,0.2714489
/home/tianlong/Downloads/celebdf/Celeb-real/id48_0003.mp4,0,0.095865265
/home/tianlong/Downloads/celebdf/Celeb-real/id23_0001.mp4,0,0.056859612
/home/tianlong/Downloads/celebdf/Celeb-real/id16_0010.mp4,0,0.1705391
/home/tianlong/Downloads/celebdf/Celeb-real/id31_0004.mp4,0,6.6529886e-11
/home/tianlong/Downloads/celebdf/Celeb-real/id35_0000.mp4,0,0.99613696
/home/tianlong/Downloads/celebdf/Celeb-real/id58_0002.mp4,0,1.3439308e-21
/home/tianlong/Downloads/celebdf/Celeb-real/id30_0007.mp4,0,4.1461963e-08
/home/tianlong/Downloads/celebdf/Celeb-real/id12_0005.mp4,0,2.9631926e-09
/home/tianlong/Downloads/celebdf/Celeb-real/id56_0002.mp4,0,0.552329
/home/tianlong/Downloads/celebdf/Celeb-real/id33_0005.mp4,0,0.9999998
/home/tianlong/Downloads/celebdf/Celeb-real/id29_0009.mp4,0,0.7575389
/home/tianlong/Downloads/celebdf/Celeb-real/id13_0013.mp4,0,1.0
/home/tianlong/Downloads/celebdf/Celeb-real/id28_0009.mp4,0,0.0038593437
/home/tianlong/Downloads/celebdf/Celeb-real/id36_0000.mp4,0,4.8472526e-10
/home/tianlong/Downloads/celebdf/Celeb-real/id24_0009.mp4,0,0.999574
/home/tianlong/Downloads/celebdf/Celeb-real/id39_0004.mp4,0,0.00014909104
/home/tianlong/Downloads/celebdf/Celeb-real/id27_0008.mp4,0,0.06330641
/home/tianlong/Downloads/celebdf/Celeb-real/id11_0006.mp4,0,0.056392927
/home/tianlong/Downloads/celebdf/Celeb-real/id19_0007.mp4,0,0.14380911
/home/tianlong/Downloads/celebdf/Celeb-real/id37_0009.mp4,0,1.0
/home/tianlong/Downloads/celebdf/Celeb-real/id3_0008.mp4,0,3.5883385e-24
/home/tianlong/Downloads/celebdf/Celeb-real/id46_0000.mp4,0,0.8270529
/home/tianlong/Downloads/celebdf/Celeb-real/id33_0008.mp4,0,1.06795985e-08
/home/tianlong/Downloads/celebdf/Celeb-real/id8_0000.mp4,0,0.97167444
/home/tianlong/Downloads/celebdf/Celeb-real/id16_0007.mp4,0,4.2012e-33
/home/tianlong/Downloads/celebdf/Celeb-real/id1_0001.mp4,0,0.59397197
/home/tianlong/Downloads/celebdf/Celeb-real/id32_0002.mp4,0,0.24113533
/home/tianlong/Downloads/celebdf/Celeb-real/id19_0005.mp4,0,0.00064905145
/home/tianlong/Downloads/celebdf/Celeb-real/id27_0009.mp4,0,6.463329e-23
/home/tianlong/Downloads/celebdf/Celeb-real/id2_0001.mp4,0,1.3441369e-14
/home/tianlong/Downloads/celebdf/Celeb-real/id13_0011.mp4,0,4.1779846e-19
/home/tianlong/Downloads/celebdf/Celeb-real/id49_0004.mp4,0,0.17740181
/home/tianlong/Downloads/celebdf/Celeb-real/id57_0007.mp4,0,0.08624315
/home/tianlong/Downloads/celebdf/Celeb-real/id26_0008.mp4,0,0.8417835
/home/tianlong/Downloads/celebdf/Celeb-real/id2_0004.mp4,0,0.9373857
/home/tianlong/Downloads/celebdf/Celeb-real/id36_0001.mp4,0,1.1375734e-23
/home/tianlong/Downloads/celebdf/Celeb-real/id0_0001.mp4,0,0.46926183
/home/tianlong/Downloads/celebdf/Celeb-real/id10_0007.mp4,0,5.17801e-40
/home/tianlong/Downloads/celebdf/Celeb-real/id17_0002.mp4,0,0.99900657
/home/tianlong/Downloads/celebdf/Celeb-real/id4_0004.mp4,0,0.14855568
/home/tianlong/Downloads/celebdf/Celeb-real/id36_0002.mp4,0,1.18309174e-14
/home/tianlong/Downloads/celebdf/Celeb-real/id53_0003.mp4,0,0.07170506
/home/tianlong/Downloads/celebdf/Celeb-real/id25_0010.mp4,0,0.6384534
/home/tianlong/Downloads/celebdf/Celeb-real/id51_0006.mp4,0,0.9999913
/home/tianlong/Downloads/celebdf/Celeb-real/id22_0000.mp4,0,2.1726344e-05
/home/tianlong/Downloads/celebdf/Celeb-real/id10_0001.mp4,0,0.013510565
/home/tianlong/Downloads/celebdf/Celeb-real/id6_0002.mp4,0,0.9274804
/home/tianlong/Downloads/celebdf/Celeb-real/id12_0000.mp4,0,0.0039583133
/home/tianlong/Downloads/celebdf/Celeb-real/id35_0003.mp4,0,0.7958693
/home/tianlong/Downloads/celebdf/Celeb-real/id3_0002.mp4,0,4.37929e-08
/home/tianlong/Downloads/celebdf/Celeb-real/id31_0003.mp4,0,1.4456836e-05
/home/tianlong/Downloads/celebdf/Celeb-real/id52_0002.mp4,0,0.26731634
/home/tianlong/Downloads/celebdf/Celeb-real/id2_0002.mp4,0,1.2551088e-15
/home/tianlong/Downloads/celebdf/Celeb-real/id44_0001.mp4,0,1.3871108e-06
/home/tianlong/Downloads/celebdf/Celeb-real/id8_0009.mp4,0,0.00051112793
/home/tianlong/Downloads/celebdf/Celeb-real/id33_0002.mp4,0,2.0370279e-12
/home/tianlong/Downloads/celebdf/Celeb-real/id50_0000.mp4,0,0.25807288
/home/tianlong/Downloads/celebdf/Celeb-real/id40_0003.mp4,0,0.027871305
/home/tianlong/Downloads/celebdf/Celeb-real/id7_0006.mp4,0,0.036399033
/home/tianlong/Downloads/celebdf/Celeb-real/id53_0007.mp4,0,0.9750252
/home/tianlong/Downloads/celebdf/Celeb-real/id43_0002.mp4,0,0.11141745
/home/tianlong/Downloads/celebdf/Celeb-real/id56_0000.mp4,0,0.39368063
/home/tianlong/Downloads/celebdf/Celeb-real/id13_0004.mp4,0,5.1205595e-30
/home/tianlong/Downloads/celebdf/Celeb-real/id43_0001.mp4,0,2.2074123e-15
/home/tianlong/Downloads/celebdf/Celeb-real/id20_0008.mp4,0,0.1548682
/home/tianlong/Downloads/celebdf/Celeb-real/id28_0004.mp4,0,0.8429204
/home/tianlong/Downloads/celebdf/Celeb-real/id22_0009.mp4,0,0.553041
/home/tianlong/Downloads/celebdf/Celeb-real/id53_0000.mp4,0,0.000176658
/home/tianlong/Downloads/celebdf/Celeb-real/id50_0006.mp4,0,0.39896148
/home/tianlong/Downloads/celebdf/Celeb-real/id32_0003.mp4,0,2.4161334e-11
/home/tianlong/Downloads/celebdf/Celeb-real/id32_0006.mp4,0,1.0
/home/tianlong/Downloads/celebdf/Celeb-real/id57_0003.mp4,0,0.40471196
/home/tianlong/Downloads/celebdf/Celeb-real/id37_0004.mp4,0,3.1127416e-24
/home/tianlong/Downloads/celebdf/Celeb-real/id28_0007.mp4,0,0.08383914
/home/tianlong/Downloads/celebdf/Celeb-real/id52_0001.mp4,0,0.14150842
/home/tianlong/Downloads/celebdf/Celeb-real/id40_0009.mp4,0,0.9999468
/home/tianlong/Downloads/celebdf/Celeb-real/id51_0005.mp4,0,0.9501467
/home/tianlong/Downloads/celebdf/Celeb-real/id34_0006.mp4,0,0.6042928
/home/tianlong/Downloads/celebdf/Celeb-real/id42_0002.mp4,0,1.3304475e-12
/home/tianlong/Downloads/celebdf/Celeb-synthesis/id1_id0_0007.mp4,1,0.10951992
/home/tianlong/Downloads/celebdf/Celeb-synthesis/id1_id3_0007.mp4,1,0.6164013
/home/tianlong/Downloads/celebdf/Celeb-synthesis/id1_id4_0007.mp4,1,0.99936837
/home/tianlong/Downloads/celebdf/Celeb-synthesis/id1_id9_0007.mp4,1,2.0010815e-05
/home/tianlong/Downloads/celebdf/Celeb-synthesis/id1_id16_0007.mp4,1,0.9740912
/home/tianlong/Downloads/celebdf/Celeb-synthesis/id1_id17_0007.mp4,1,0.99999845
/home/tianlong/Downloads/celebdf/Celeb-synthesis/id2_id0_0008.mp4,1,9.733969e-11
/home/tianlong/Downloads/celebdf/Celeb-synthesis/id2_id3_0008.mp4,1,3.5152709e-10
/home/tianlong/Downloads/celebdf/Celeb-synthesis/id2_id9_0008.mp4,1,6.4451144e-15
/home/tianlong/Downloads/celebdf/Celeb-synthesis/id3_id1_0001.mp4,1,2.7592525e-12
/home/tianlong/Downloads/celebdf/Celeb-synthesis/id3_id2_0001.mp4,1,6.855198e-15
/home/tianlong/Downloads/celebdf/Celeb-synthesis/id3_id4_0001.mp4,1,0.084543906
/home/tianlong/Downloads/celebdf/Celeb-synthesis/id3_id6_0001.mp4,1,1.10330216e-13
/home/tianlong/Downloads/celebdf/Celeb-synthesis/id3_id9_0001.mp4,1,5.2485478e-15
/home/tianlong/Downloads/celebdf/Celeb-synthesis/id3_id16_0001.mp4,1,1.637395e-07
/home/tianlong/Downloads/celebdf/Celeb-synthesis/id4_id1_0003.mp4,1,0.87685263
/home/tianlong/Downloads/celebdf/Celeb-synthesis/id6_id0_0005.mp4,1,0.896722
/home/tianlong/Downloads/celebdf/Celeb-synthesis/id6_id1_0005.mp4,1,0.12735046
/home/tianlong/Downloads/celebdf/Celeb-synthesis/id6_id2_0005.mp4,1,0.4547065
/home/tianlong/Downloads/celebdf/Celeb-synthesis/id6_id3_0005.mp4,1,0.1349915
/home/tianlong/Downloads/celebdf/Celeb-synthesis/id6_id16_0005.mp4,1,0.65929157
/home/tianlong/Downloads/celebdf/Celeb-synthesis/id7_id10_0009.mp4,1,0.2030504
/home/tianlong/Downloads/celebdf/Celeb-synthesis/id7_id11_0009.mp4,1,0.16437367
/home/tianlong/Downloads/celebdf/Celeb-synthesis/id7_id13_0009.mp4,1,5.7164525e-06
/home/tianlong/Downloads/celebdf/Celeb-synthesis/id9_id0_0000.mp4,1,0.82490957
/home/tianlong/Downloads/celebdf/Celeb-synthesis/id9_id1_0000.mp4,1,0.12355057
/home/tianlong/Downloads/celebdf/Celeb-synthesis/id9_id2_0000.mp4,1,0.026388567
/home/tianlong/Downloads/celebdf/Celeb-synthesis/id9_id3_0000.mp4,1,0.1267443
/home/tianlong/Downloads/celebdf/Celeb-synthesis/id9_id6_0000.mp4,1,0.15684293
/home/tianlong/Downloads/celebdf/Celeb-synthesis/id9_id16_0000.mp4,1,0.8144971
/home/tianlong/Downloads/celebdf/Celeb-synthesis/id10_id7_0004.mp4,1,3.9715657e-09
/home/tianlong/Downloads/celebdf/Celeb-synthesis/id10_id11_0004.mp4,1,6.36987e-16
/home/tianlong/Downloads/celebdf/Celeb-synthesis/id10_id12_0004.mp4,1,1.2147439e-07
/home/tianlong/Downloads/celebdf/Celeb-synthesis/id10_id13_0004.mp4,1,5.2860613e-13
/home/tianlong/Downloads/celebdf/Celeb-synthesis/id10_id7_0001.mp4,1,0.48844036
/home/tianlong/Downloads/celebdf/Celeb-synthesis/id10_id11_0001.mp4,1,0.013166589
/home/tianlong/Downloads/celebdf/Celeb-synthesis/id10_id12_0001.mp4,1,0.9977261
/home/tianlong/Downloads/celebdf/Celeb-synthesis/id10_id13_0001.mp4,1,0.1973156
/home/tianlong/Downloads/celebdf/Celeb-synthesis/id11_id7_0008.mp4,1,0.5310241
/home/tianlong/Downloads/celebdf/Celeb-synthesis/id16_id0_0011.mp4,1,0.050129075
/home/tianlong/Downloads/celebdf/Celeb-synthesis/id16_id1_0011.mp4,1,0.00020620765
/home/tianlong/Downloads/celebdf/Celeb-synthesis/id16_id2_0011.mp4,1,0.005152816
/home/tianlong/Downloads/celebdf/Celeb-synthesis/id16_id3_0011.mp4,1,0.19064942
/home/tianlong/Downloads/celebdf/Celeb-synthesis/id16_id6_0011.mp4,1,6.600078e-07
/home/tianlong/Downloads/celebdf/Celeb-synthesis/id17_id0_0000.mp4,1,0.8012598
/home/tianlong/Downloads/celebdf/Celeb-synthesis/id17_id1_0000.mp4,1,1.7080305e-06
/home/tianlong/Downloads/celebdf/Celeb-synthesis/id17_id2_0000.mp4,1,1.3688698e-09
/home/tianlong/Downloads/celebdf/Celeb-synthesis/id17_id3_0000.mp4,1,0.10407953
/home/tianlong/Downloads/celebdf/Celeb-synthesis/id17_id6_0000.mp4,1,0.0001761212
/home/tianlong/Downloads/celebdf/Celeb-synthesis/id17_id9_0000.mp4,1,8.190238e-10
/home/tianlong/Downloads/celebdf/Celeb-synthesis/id17_id16_0000.mp4,1,0.9737757
/home/tianlong/Downloads/celebdf/Celeb-synthesis/id16_id20_0000.mp4,1,0.35030526
/home/tianlong/Downloads/celebdf/Celeb-synthesis/id17_id23_0000.mp4,1,0.9299656
/home/tianlong/Downloads/celebdf/Celeb-synthesis/id3_id28_0001.mp4,1,5.973081e-05
/home/tianlong/Downloads/celebdf/Celeb-synthesis/id35_id32_0007.mp4,1,0.34629467
/home/tianlong/Downloads/celebdf/Celeb-synthesis/id30_id26_0004.mp4,1,1.0
/home/tianlong/Downloads/celebdf/Celeb-synthesis/id16_id20_0006.mp4,1,0.99780715
/home/tianlong/Downloads/celebdf/Celeb-synthesis/id4_id20_0001.mp4,1,0.14566217
/home/tianlong/Downloads/celebdf/Celeb-synthesis/id26_id3_0002.mp4,1,0.004901399
/home/tianlong/Downloads/celebdf/Celeb-synthesis/id20_id31_0006.mp4,1,0.96990824
/home/tianlong/Downloads/celebdf/Celeb-synthesis/id6_id23_0001.mp4,1,0.78353924
/home/tianlong/Downloads/celebdf/Celeb-synthesis/id9_id23_0009.mp4,1,0.9813403
/home/tianlong/Downloads/celebdf/Celeb-synthesis/id32_id33_0002.mp4,1,0.50797325
/home/tianlong/Downloads/celebdf/Celeb-synthesis/id16_id20_0012.mp4,1,0.64995176
/home/tianlong/Downloads/celebdf/Celeb-synthesis/id29_id30_0000.mp4,1,0.9999998
/home/tianlong/Downloads/celebdf/Celeb-synthesis/id3_id20_0008.mp4,1,0.17494449
/home/tianlong/Downloads/celebdf/Celeb-synthesis/id22_id27_0001.mp4,1,0.0013564604
/home/tianlong/Downloads/celebdf/Celeb-synthesis/id27_id21_0002.mp4,1,0.044588983
/home/tianlong/Downloads/celebdf/Celeb-synthesis/id29_id35_0000.mp4,1,1.0
/home/tianlong/Downloads/celebdf/Celeb-synthesis/id21_id19_0005.mp4,1,0.9990196
/home/tianlong/Downloads/celebdf/Celeb-synthesis/id23_id26_0003.mp4,1,5.7950247e-06
/home/tianlong/Downloads/celebdf/Celeb-synthesis/id30_id35_0009.mp4,1,0.8830005
/home/tianlong/Downloads/celebdf/Celeb-synthesis/id9_id26_0000.mp4,1,0.2860682
/home/tianlong/Downloads/celebdf/Celeb-synthesis/id33_id32_0006.mp4,1,0.055690862
/home/tianlong/Downloads/celebdf/Celeb-synthesis/id30_id34_0003.mp4,1,0.5067936
/home/tianlong/Downloads/celebdf/Celeb-synthesis/id29_id37_0008.mp4,1,0.3019828
/home/tianlong/Downloads/celebdf/Celeb-synthesis/id35_id31_0006.mp4,1,4.3096216e-07
/home/tianlong/Downloads/celebdf/Celeb-synthesis/id37_id34_0008.mp4,1,0.092125826
/home/tianlong/Downloads/celebdf/Celeb-synthesis/id26_id16_0001.mp4,1,0.98682296
/home/tianlong/Downloads/celebdf/Celeb-synthesis/id17_id23_0009.mp4,1,0.9999997
/home/tianlong/Downloads/celebdf/Celeb-synthesis/id6_id20_0007.mp4,1,5.470616e-05
/home/tianlong/Downloads/celebdf/Celeb-synthesis/id1_id20_0001.mp4,1,1.0
/home/tianlong/Downloads/celebdf/Celeb-synthesis/id1_id23_0006.mp4,1,0.8039281
/home/tianlong/Downloads/celebdf/Celeb-synthesis/id37_id35_0001.mp4,1,0.9727868
/home/tianlong/Downloads/celebdf/Celeb-synthesis/id4_id23_0006.mp4,1,0.97376025
/home/tianlong/Downloads/celebdf/Celeb-synthesis/id17_id26_0006.mp4,1,1.0
/home/tianlong/Downloads/celebdf/Celeb-synthesis/id20_id1_0007.mp4,1,0.008851749
/home/tianlong/Downloads/celebdf/Celeb-synthesis/id0_id26_0009.mp4,1,0.35011476
/home/tianlong/Downloads/celebdf/Celeb-synthesis/id38_id33_0005.mp4,1,0.999982
/home/tianlong/Downloads/celebdf/Celeb-synthesis/id28_id35_0008.mp4,1,0.0014571429
/home/tianlong/Downloads/celebdf/Celeb-synthesis/id23_id35_0006.mp4,1,0.99720573
/home/tianlong/Downloads/celebdf/Celeb-synthesis/id6_id28_0002.mp4,1,1.0
/home/tianlong/Downloads/celebdf/Celeb-synthesis/id35_id28_0006.mp4,1,3.2604876e-16
/home/tianlong/Downloads/celebdf/Celeb-synthesis/id32_id31_0008.mp4,1,0.44358373
/home/tianlong/Downloads/celebdf/Celeb-synthesis/id38_id34_0004.mp4,1,1.0
/home/tianlong/Downloads/celebdf/Celeb-synthesis/id3_id28_0009.mp4,1,0.87225455
/home/tianlong/Downloads/celebdf/Celeb-synthesis/id37_id28_0007.mp4,1,5.677896e-08
/home/tianlong/Downloads/celebdf/Celeb-synthesis/id1_id20_0002.mp4,1,1.020723e-11
/home/tianlong/Downloads/celebdf/Celeb-synthesis/id37_id31_0008.mp4,1,0.15969725
/home/tianlong/Downloads/celebdf/Celeb-synthesis/id30_id23_0007.mp4,1,0.19147663
/home/tianlong/Downloads/celebdf/Celeb-synthesis/id28_id26_0000.mp4,1,0.9992216
/home/tianlong/Downloads/celebdf/Celeb-synthesis/id2_id28_0003.mp4,1,0.18070407
/home/tianlong/Downloads/celebdf/Celeb-synthesis/id27_id24_0007.mp4,1,0.5024058
/home/tianlong/Downloads/celebdf/Celeb-synthesis/id30_id32_0006.mp4,1,0.38399535
/home/tianlong/Downloads/celebdf/Celeb-synthesis/id35_id31_0009.mp4,1,0.8235294
/home/tianlong/Downloads/celebdf/Celeb-synthesis/id4_id21_0004.mp4,1,1.7551089e-05
/home/tianlong/Downloads/celebdf/Celeb-synthesis/id37_id21_0005.mp4,1,0.1310477
/home/tianlong/Downloads/celebdf/Celeb-synthesis/id30_id21_0002.mp4,1,0.48519668
/home/tianlong/Downloads/celebdf/Celeb-synthesis/id16_id23_0011.mp4,1,0.70931846
/home/tianlong/Downloads/celebdf/Celeb-synthesis/id9_id20_0002.mp4,1,0.052495964
/home/tianlong/Downloads/celebdf/Celeb-synthesis/id6_id21_0006.mp4,1,0.9998621
/home/tianlong/Downloads/celebdf/Celeb-synthesis/id20_id19_0002.mp4,1,0.51188976
/home/tianlong/Downloads/celebdf/Celeb-synthesis/id28_id4_0006.mp4,1,0.0011336178
/home/tianlong/Downloads/celebdf/Celeb-synthesis/id35_id34_0002.mp4,1,0.34072608
/home/tianlong/Downloads/celebdf/Celeb-synthesis/id35_id26_0003.mp4,1,0.6777391
/home/tianlong/Downloads/celebdf/Celeb-synthesis/id22_id28_0006.mp4,1,0.050363652
/home/tianlong/Downloads/celebdf/Celeb-synthesis/id30_id21_0005.mp4,1,0.022322403
/home/tianlong/Downloads/celebdf/Celeb-synthesis/id24_id20_0009.mp4,1,0.67372835
/home/tianlong/Downloads/celebdf/Celeb-synthesis/id4_id20_0000.mp4,1,0.36060035
/home/tianlong/Downloads/celebdf/Celeb-synthesis/id2_id26_0001.mp4,1,3.0978968e-06
/home/tianlong/Downloads/celebdf/Celeb-synthesis/id21_id6_0005.mp4,1,0.9999998
/home/tianlong/Downloads/celebdf/Celeb-synthesis/id21_id9_0008.mp4,1,0.33094615
/home/tianlong/Downloads/celebdf/Celeb-synthesis/id22_id21_0005.mp4,1,1.4264848e-05
/home/tianlong/Downloads/celebdf/Celeb-synthesis/id22_id27_0005.mp4,1,0.00045197475
/home/tianlong/Downloads/celebdf/Celeb-synthesis/id23_id2_0007.mp4,1,0.7480282
/home/tianlong/Downloads/celebdf/Celeb-synthesis/id23_id3_0009.mp4,1,0.035021875
/home/tianlong/Downloads/celebdf/Celeb-synthesis/id24_id19_0000.mp4,1,0.7555046
/home/tianlong/Downloads/celebdf/Celeb-synthesis/id24_id21_0006.mp4,1,3.2597406e-13
/home/tianlong/Downloads/celebdf/Celeb-synthesis/id24_id26_0009.mp4,1,0.9915107
/home/tianlong/Downloads/celebdf/Celeb-synthesis/id25_id19_0002.mp4,1,0.34365603
/home/tianlong/Downloads/celebdf/Celeb-synthesis/id25_id24_0003.mp4,1,0.22063033
/home/tianlong/Downloads/celebdf/Celeb-synthesis/id27_id21_0008.mp4,1,0.03628113
/home/tianlong/Downloads/celebdf/Celeb-synthesis/id27_id22_0007.mp4,1,0.1915738
/home/tianlong/Downloads/celebdf/Celeb-synthesis/id27_id25_0008.mp4,1,0.24515648
/home/tianlong/Downloads/celebdf/Celeb-synthesis/id28_id3_0004.mp4,1,0.003573935
/home/tianlong/Downloads/celebdf/Celeb-synthesis/id28_id6_0006.mp4,1,6.2308357e-07
/home/tianlong/Downloads/celebdf/Celeb-synthesis/id29_id32_0000.mp4,1,0.94220304
/home/tianlong/Downloads/celebdf/Celeb-synthesis/id29_id37_0009.mp4,1,0.5622395
/home/tianlong/Downloads/celebdf/Celeb-synthesis/id30_id20_0004.mp4,1,1.0
/home/tianlong/Downloads/celebdf/Celeb-synthesis/id30_id23_0002.mp4,1,0.87942106
/home/tianlong/Downloads/celebdf/Celeb-synthesis/id32_id33_0004.mp4,1,0.021481749
/home/tianlong/Downloads/celebdf/Celeb-synthesis/id33_id38_0001.mp4,1,0.9999794
/home/tianlong/Downloads/celebdf/Celeb-synthesis/id34_id33_0005.mp4,1,0.04753945
/home/tianlong/Downloads/celebdf/Celeb-synthesis/id35_id31_0007.mp4,1,0.5130496
/home/tianlong/Downloads/celebdf/Celeb-synthesis/id49_id52_0005.mp4,1,0.47943217
/home/tianlong/Downloads/celebdf/Celeb-synthesis/id9_id2_0006.mp4,1,0.04316687
/home/tianlong/Downloads/celebdf/Celeb-synthesis/id7_id11_0007.mp4,1,1.0
/home/tianlong/Downloads/celebdf/Celeb-synthesis/id4_id37_0006.mp4,1,0.8522787
/home/tianlong/Downloads/celebdf/Celeb-synthesis/id37_id38_0009.mp4,1,1.0
/home/tianlong/Downloads/celebdf/Celeb-synthesis/id29_id30_0009.mp4,1,0.6092979
/home/tianlong/Downloads/celebdf/Celeb-synthesis/id0_id6_0007.mp4,1,0.23464783
/home/tianlong/Downloads/celebdf/Celeb-synthesis/id0_id16_0004.mp4,1,0.029944783
/home/tianlong/Downloads/celebdf/Celeb-synthesis/id31_id33_0008.mp4,1,0.111668505
/home/tianlong/Downloads/celebdf/Celeb-synthesis/id54_id49_0003.mp4,1,0.99936163
/home/tianlong/Downloads/celebdf/Celeb-synthesis/id0_id1_0000.mp4,1,0.70912206
/home/tianlong/Downloads/celebdf/Celeb-synthesis/id21_id28_0001.mp4,1,0.99499273
/home/tianlong/Downloads/celebdf/Celeb-synthesis/id33_id29_0004.mp4,1,0.9999987
/home/tianlong/Downloads/celebdf/Celeb-synthesis/id28_id0_0009.mp4,1,0.17791247
/home/tianlong/Downloads/celebdf/Celeb-synthesis/id6_id9_0006.mp4,1,0.23616803
/home/tianlong/Downloads/celebdf/Celeb-synthesis/id9_id0_0006.mp4,1,0.27298674
/home/tianlong/Downloads/celebdf/Celeb-synthesis/id26_id2_0005.mp4,1,8.7940273e-16
/home/tianlong/Downloads/celebdf/Celeb-synthesis/id1_id3_0002.mp4,1,5.4198684e-11
/home/tianlong/Downloads/celebdf/Celeb-synthesis/id4_id6_0008.mp4,1,1.12798225e-05
/home/tianlong/Downloads/celebdf/Celeb-synthesis/id16_id28_0005.mp4,1,0.044710755
/home/tianlong/Downloads/celebdf/Celeb-synthesis/id37_id35_0005.mp4,1,0.6994291
/home/tianlong/Downloads/celebdf/Celeb-synthesis/id19_id20_0004.mp4,1,6.6714865e-06
/home/tianlong/Downloads/celebdf/Celeb-synthesis/id46_id41_0000.mp4,1,0.024859305
/home/tianlong/Downloads/celebdf/Celeb-synthesis/id51_id57_0004.mp4,1,0.017706571
/home/tianlong/Downloads/celebdf/Celeb-synthesis/id29_id37_0005.mp4,1,1.0
/home/tianlong/Downloads/celebdf/Celeb-synthesis/id35_id23_0007.mp4,1,0.9995553
/home/tianlong/Downloads/celebdf/Celeb-synthesis/id34_id33_0002.mp4,1,0.7920724
/home/tianlong/Downloads/celebdf/Celeb-synthesis/id1_id3_0006.mp4,1,8.765117e-06
/home/tianlong/Downloads/celebdf/Celeb-synthesis/id13_id10_0005.mp4,1,5.2689366e-25
/home/tianlong/Downloads/celebdf/Celeb-synthesis/id56_id55_0009.mp4,1,0.051661067
/home/tianlong/Downloads/celebdf/Celeb-synthesis/id25_id28_0010.mp4,1,0.7023505
/home/tianlong/Downloads/celebdf/Celeb-synthesis/id20_id37_0004.mp4,1,0.14053446
/home/tianlong/Downloads/celebdf/Celeb-synthesis/id37_id29_0002.mp4,1,0.092473544
/home/tianlong/Downloads/celebdf/Celeb-synthesis/id56_id54_0007.mp4,1,0.5736538
/home/tianlong/Downloads/celebdf/Celeb-synthesis/id19_id20_0000.mp4,1,0.00040345843
/home/tianlong/Downloads/celebdf/Celeb-synthesis/id4_id28_0006.mp4,1,0.9932395
/home/tianlong/Downloads/celebdf/Celeb-synthesis/id53_id58_0005.mp4,1,0.03260446
/home/tianlong/Downloads/celebdf/Celeb-synthesis/id55_id57_0002.mp4,1,1.0
/home/tianlong/Downloads/celebdf/Celeb-synthesis/id24_id26_0004.mp4,1,0.9479434
/home/tianlong/Downloads/celebdf/Celeb-synthesis/id20_id0_0006.mp4,1,0.9135687
/home/tianlong/Downloads/celebdf/Celeb-synthesis/id37_id2_0009.mp4,1,1.0
/home/tianlong/Downloads/celebdf/Celeb-synthesis/id30_id26_0006.mp4,1,0.55426586
/home/tianlong/Downloads/celebdf/Celeb-synthesis/id16_id2_0001.mp4,1,0.8709787
/home/tianlong/Downloads/celebdf/Celeb-synthesis/id26_id1_0002.mp4,1,0.017342195
/home/tianlong/Downloads/celebdf/Celeb-synthesis/id30_id6_0007.mp4,1,8.4859376e-13
/home/tianlong/Downloads/celebdf/Celeb-synthesis/id44_id41_0005.mp4,1,0.3560907
/home/tianlong/Downloads/celebdf/Celeb-synthesis/id16_id2_0006.mp4,1,0.6189374
/home/tianlong/Downloads/celebdf/Celeb-synthesis/id1_id16_0004.mp4,1,0.33681807
/home/tianlong/Downloads/celebdf/Celeb-synthesis/id16_id21_0002.mp4,1,0.9186433
/home/tianlong/Downloads/celebdf/Celeb-synthesis/id4_id0_0000.mp4,1,0.6400591
/home/tianlong/Downloads/celebdf/Celeb-synthesis/id8_id0_0002.mp4,1,0.18101563
/home/tianlong/Downloads/celebdf/Celeb-synthesis/id19_id23_0001.mp4,1,0.9999913
/home/tianlong/Downloads/celebdf/Celeb-synthesis/id37_id3_0006.mp4,1,0.008385444
/home/tianlong/Downloads/celebdf/Celeb-synthesis/id9_id16_0007.mp4,1,0.36605778
/home/tianlong/Downloads/celebdf/Celeb-synthesis/id47_id43_0007.mp4,1,0.15977985
/home/tianlong/Downloads/celebdf/Celeb-synthesis/id16_id3_0009.mp4,1,7.0608205e-27
/home/tianlong/Downloads/celebdf/Celeb-synthesis/id26_id28_0002.mp4,1,0.0017849356
/home/tianlong/Downloads/celebdf/Celeb-synthesis/id8_id3_0003.mp4,1,0.41525835
/home/tianlong/Downloads/celebdf/Celeb-synthesis/id30_id28_0000.mp4,1,0.7715736
/home/tianlong/Downloads/celebdf/Celeb-synthesis/id27_id23_0008.mp4,1,0.99552137
/home/tianlong/Downloads/celebdf/Celeb-synthesis/id28_id20_0008.mp4,1,0.0031304522
/home/tianlong/Downloads/celebdf/Celeb-synthesis/id1_id2_0002.mp4,1,4.4963014e-17
/home/tianlong/Downloads/celebdf/Celeb-synthesis/id46_id39_0000.mp4,1,0.0014075823
/home/tianlong/Downloads/celebdf/Celeb-synthesis/id37_id28_0008.mp4,1,0.21774897
/home/tianlong/Downloads/celebdf/Celeb-synthesis/id0_id3_0007.mp4,1,1.4252536e-05
/home/tianlong/Downloads/celebdf/Celeb-synthesis/id4_id1_0002.mp4,1,0.3326499
/home/tianlong/Downloads/celebdf/Celeb-synthesis/id13_id7_0000.mp4,1,5.0293003e-10
/home/tianlong/Downloads/celebdf/Celeb-synthesis/id50_id53_0000.mp4,1,0.9114539
/home/tianlong/Downloads/celebdf/Celeb-synthesis/id50_id56_0005.mp4,1,0.9449266
/home/tianlong/Downloads/celebdf/Celeb-synthesis/id4_id21_0009.mp4,1,0.7664989
/home/tianlong/Downloads/celebdf/Celeb-synthesis/id23_id3_0004.mp4,1,0.63350594
/home/tianlong/Downloads/celebdf/Celeb-synthesis/id56_id51_0000.mp4,1,0.13614418
/home/tianlong/Downloads/celebdf/Celeb-synthesis/id30_id3_0006.mp4,1,0.82528913
/home/tianlong/Downloads/celebdf/Celeb-synthesis/id28_id20_0006.mp4,1,0.061143268
/home/tianlong/Downloads/celebdf/Celeb-synthesis/id4_id20_0008.mp4,1,0.00016952588
/home/tianlong/Downloads/celebdf/Celeb-synthesis/id54_id58_0006.mp4,1,0.8847996
/home/tianlong/Downloads/celebdf/Celeb-synthesis/id53_id57_0005.mp4,1,0.027148003
/home/tianlong/Downloads/celebdf/Celeb-synthesis/id31_id33_0009.mp4,1,0.5412711
/home/tianlong/Downloads/celebdf/Celeb-synthesis/id0_id21_0000.mp4,1,0.9999849
/home/tianlong/Downloads/celebdf/Celeb-synthesis/id6_id23_0006.mp4,1,1.0
/home/tianlong/Downloads/celebdf/Celeb-synthesis/id48_id45_0002.mp4,1,0.9502125
/home/tianlong/Downloads/celebdf/Celeb-synthesis/id46_id45_0001.mp4,1,0.18419984
/home/tianlong/Downloads/celebdf/Celeb-synthesis/id28_id21_0006.mp4,1,0.003713115
/home/tianlong/Downloads/celebdf/Celeb-synthesis/id12_id10_0005.mp4,1,0.102509424
/home/tianlong/Downloads/celebdf/Celeb-synthesis/id54_id56_0000.mp4,1,0.95047605
/home/tianlong/Downloads/celebdf/Celeb-synthesis/id39_id47_0004.mp4,1,0.71592987
/home/tianlong/Downloads/celebdf/Celeb-synthesis/id9_id3_0009.mp4,1,0.18085982
/home/tianlong/Downloads/celebdf/Celeb-synthesis/id35_id16_0007.mp4,1,0.9992663
/home/tianlong/Downloads/celebdf/Celeb-synthesis/id21_id2_0002.mp4,1,0.39249068
/home/tianlong/Downloads/celebdf/Celeb-synthesis/id12_id10_0002.mp4,1,0.052358337
/home/tianlong/Downloads/celebdf/Celeb-synthesis/id10_id13_0007.mp4,1,7.5927215e-26
/home/tianlong/Downloads/celebdf/Celeb-synthesis/id20_id31_0008.mp4,1,0.049337946
/home/tianlong/Downloads/celebdf/Celeb-synthesis/id0_id16_0003.mp4,1,0.0009801876
/home/tianlong/Downloads/celebdf/Celeb-synthesis/id0_id16_0007.mp4,1,0.0012211489
/home/tianlong/Downloads/celebdf/Celeb-synthesis/id2_id16_0004.mp4,1,0.99999607
/home/tianlong/Downloads/celebdf/Celeb-synthesis/id13_id7_0012.mp4,1,9.070207e-13
/home/tianlong/Downloads/celebdf/Celeb-synthesis/id37_id1_0002.mp4,1,0.016878055
/home/tianlong/Downloads/celebdf/Celeb-synthesis/id30_id28_0004.mp4,1,1.0
/home/tianlong/Downloads/celebdf/Celeb-synthesis/id53_id52_0003.mp4,1,0.04804169
/home/tianlong/Downloads/celebdf/Celeb-synthesis/id54_id56_0006.mp4,1,0.52969354
/home/tianlong/Downloads/celebdf/Celeb-synthesis/id3_id28_0002.mp4,1,0.0040049036
/home/tianlong/Downloads/celebdf/Celeb-synthesis/id37_id4_0000.mp4,1,0.40527192
/home/tianlong/Downloads/celebdf/Celeb-synthesis/id28_id9_0000.mp4,1,0.48149148
/home/tianlong/Downloads/celebdf/Celeb-synthesis/id4_id2_0003.mp4,1,0.7281076
/home/tianlong/Downloads/celebdf/Celeb-synthesis/id25_id21_0005.mp4,1,0.9560729
/home/tianlong/Downloads/celebdf/Celeb-synthesis/id17_id3_0007.mp4,1,0.05358696
/home/tianlong/Downloads/celebdf/Celeb-synthesis/id2_id1_0004.mp4,1,0.9999994
/home/tianlong/Downloads/celebdf/Celeb-synthesis/id3_id9_0003.mp4,1,4.421598e-11
/home/tianlong/Downloads/celebdf/Celeb-synthesis/id16_id6_0001.mp4,1,0.9999307
/home/tianlong/Downloads/celebdf/Celeb-synthesis/id8_id6_0002.mp4,1,0.10885201
/home/tianlong/Downloads/celebdf/Celeb-synthesis/id17_id16_0007.mp4,1,0.088467784
/home/tianlong/Downloads/celebdf/Celeb-synthesis/id4_id26_0007.mp4,1,0.12166661
/home/tianlong/Downloads/celebdf/Celeb-synthesis/id44_id45_0000.mp4,1,0.99928254
/home/tianlong/Downloads/celebdf/Celeb-synthesis/id0_id1_0005.mp4,1,4.3219766e-06
/home/tianlong/Downloads/celebdf/Celeb-synthesis/id57_id51_0000.mp4,1,0.7420079
/home/tianlong/Downloads/celebdf/Celeb-synthesis/id34_id32_0007.mp4,1,0.10425111
/home/tianlong/Downloads/celebdf/Celeb-synthesis/id32_id31_0006.mp4,1,1.0
/home/tianlong/Downloads/celebdf/Celeb-synthesis/id48_id41_0001.mp4,1,0.0014244168
/home/tianlong/Downloads/celebdf/Celeb-synthesis/id4_id0_0004.mp4,1,8.251259e-24
/home/tianlong/Downloads/celebdf/Celeb-synthesis/id21_id19_0009.mp4,1,0.99396646
/home/tianlong/Downloads/celebdf/Celeb-synthesis/id45_id39_0008.mp4,1,0.89072704
/home/tianlong/Downloads/celebdf/Celeb-synthesis/id31_id30_0009.mp4,1,2.6171687e-05
/home/tianlong/Downloads/celebdf/Celeb-synthesis/id27_id19_0001.mp4,1,0.27183285
/home/tianlong/Downloads/celebdf/Celeb-synthesis/id23_id16_0003.mp4,1,8.377336e-09
/home/tianlong/Downloads/celebdf/Celeb-synthesis/id58_id57_0008.mp4,1,0.87689734
/home/tianlong/Downloads/celebdf/Celeb-synthesis/id17_id2_0007.mp4,1,0.0019697528
/home/tianlong/Downloads/celebdf/Celeb-synthesis/id28_id3_0001.mp4,1,1.3472881e-09
/home/tianlong/Downloads/celebdf/Celeb-synthesis/id23_id35_0009.mp4,1,0.6404089
/home/tianlong/Downloads/celebdf/Celeb-synthesis/id4_id0_0001.mp4,1,0.006809072
/home/tianlong/Downloads/celebdf/Celeb-synthesis/id17_id31_0009.mp4,1,0.45774898
/home/tianlong/Downloads/celebdf/Celeb-synthesis/id48_id47_0008.mp4,1,0.08364523
/home/tianlong/Downloads/celebdf/Celeb-synthesis/id50_id49_0001.mp4,1,0.80370367
/home/tianlong/Downloads/celebdf/Celeb-synthesis/id20_id1_0003.mp4,1,0.0030015388
/home/tianlong/Downloads/celebdf/Celeb-synthesis/id16_id3_0010.mp4,1,0.2092335
/home/tianlong/Downloads/celebdf/Celeb-synthesis/id23_id19_0000.mp4,1,0.99987984
/home/tianlong/Downloads/celebdf/Celeb-synthesis/id1_id3_0009.mp4,1,0.04603848
/home/tianlong/Downloads/celebdf/Celeb-synthesis/id43_id40_0005.mp4,1,0.7626613
/home/tianlong/Downloads/celebdf/Celeb-synthesis/id4_id6_0002.mp4,1,0.4617115
/home/tianlong/Downloads/celebdf/Celeb-synthesis/id10_id7_0008.mp4,1,0.14645055
/home/tianlong/Downloads/celebdf/Celeb-synthesis/id13_id10_0008.mp4,1,0.99771756
/home/tianlong/Downloads/celebdf/Celeb-synthesis/id12_id7_0006.mp4,1,0.292365
/home/tianlong/Downloads/celebdf/Celeb-synthesis/id6_id2_0008.mp4,1,0.13921997
/home/tianlong/Downloads/celebdf/Celeb-synthesis/id2_id0_0002.mp4,1,1.547905e-08
/home/tianlong/Downloads/celebdf/Celeb-synthesis/id2_id6_0002.mp4,1,0.00015102485
/home/tianlong/Downloads/celebdf/Celeb-synthesis/id30_id28_0006.mp4,1,0.6270969
/home/tianlong/Downloads/celebdf/Celeb-synthesis/id52_id50_0007.mp4,1,1.0
/home/tianlong/Downloads/celebdf/Celeb-synthesis/id49_id52_0007.mp4,1,0.3965469
/home/tianlong/Downloads/celebdf/Celeb-synthesis/id51_id50_0008.mp4,1,0.529909
/home/tianlong/Downloads/celebdf/Celeb-synthesis/id21_id3_0009.mp4,1,0.5598058
/home/tianlong/Downloads/celebdf/Celeb-synthesis/id31_id16_0002.mp4,1,1.0
/home/tianlong/Downloads/celebdf/Celeb-synthesis/id25_id28_0003.mp4,1,0.03245309
/home/tianlong/Downloads/celebdf/Celeb-synthesis/id21_id20_0006.mp4,1,4.0922993e-10
/home/tianlong/Downloads/celebdf/Celeb-synthesis/id10_id7_0005.mp4,1,8.313965e-06
/home/tianlong/Downloads/celebdf/Celeb-synthesis/id38_id30_0006.mp4,1,1.0
/home/tianlong/Downloads/celebdf/Celeb-synthesis/id35_id30_0006.mp4,1,4.563392e-21
/home/tianlong/Downloads/celebdf/Celeb-synthesis/id20_id9_0008.mp4,1,4.052122e-09
/home/tianlong/Downloads/celebdf/Celeb-synthesis/id25_id23_0010.mp4,1,0.96838474
/home/tianlong/Downloads/celebdf/Celeb-synthesis/id17_id21_0000.mp4,1,0.047888465
/home/tianlong/Downloads/celebdf/Celeb-synthesis/id45_id47_0002.mp4,1,0.1925446
/home/tianlong/Downloads/celebdf/Celeb-synthesis/id1_id3_0003.mp4,1,1.9704641e-10
/home/tianlong/Downloads/celebdf/Celeb-synthesis/id27_id26_0006.mp4,1,0.091655724
/home/tianlong/Downloads/celebdf/Celeb-synthesis/id44_id42_0001.mp4,1,0.114387
/home/tianlong/Downloads/celebdf/Celeb-synthesis/id57_id53_0006.mp4,1,0.4320859
/home/tianlong/Downloads/celebdf/Celeb-synthesis/id43_id39_0000.mp4,1,0.09137424
/home/tianlong/Downloads/celebdf/Celeb-synthesis/id35_id16_0004.mp4,1,0.9999994
/home/tianlong/Downloads/celebdf/Celeb-synthesis/id42_id40_0001.mp4,1,0.6340707
/home/tianlong/Downloads/celebdf/Celeb-synthesis/id21_id2_0000.mp4,1,7.1067704e-14
/home/tianlong/Downloads/celebdf/Celeb-synthesis/id37_id21_0000.mp4,1,5.856818e-07
/home/tianlong/Downloads/celebdf/Celeb-synthesis/id29_id38_0008.mp4,1,0.98603183
/home/tianlong/Downloads/celebdf/Celeb-synthesis/id39_id44_0000.mp4,1,0.50233406
/home/tianlong/Downloads/celebdf/Celeb-synthesis/id9_id6_0005.mp4,1,1.3042145e-06
/home/tianlong/Downloads/celebdf/Celeb-synthesis/id0_id1_0001.mp4,1,0.47885332
/home/tianlong/Downloads/celebdf/Celeb-synthesis/id31_id2_0004.mp4,1,0.19168656
/home/tianlong/Downloads/celebdf/Celeb-synthesis/id38_id34_0003.mp4,1,0.99995786
/home/tianlong/Downloads/celebdf/Celeb-synthesis/id56_id57_0007.mp4,1,0.24106376
/home/tianlong/Downloads/celebdf/Celeb-synthesis/id52_id58_0005.mp4,1,0.9343051
/home/tianlong/Downloads/celebdf/Celeb-synthesis/id28_id4_0000.mp4,1,0.95286673
/home/tianlong/Downloads/celebdf/Celeb-synthesis/id22_id26_0005.mp4,1,0.066769496
/home/tianlong/Downloads/celebdf/Celeb-synthesis/id4_id30_0000.mp4,1,0.35556844
/home/tianlong/Downloads/celebdf/Celeb-synthesis/id29_id32_0003.mp4,1,1.0
/home/tianlong/Downloads/celebdf/Celeb-synthesis/id35_id20_0007.mp4,1,0.897076
/home/tianlong/Downloads/celebdf/Celeb-synthesis/id1_id2_0007.mp4,1,1.3526168e-05
/home/tianlong/Downloads/celebdf/Celeb-synthesis/id30_id3_0002.mp4,1,3.4393015e-09
/home/tianlong/Downloads/celebdf/Celeb-synthesis/id22_id25_0001.mp4,1,0.6705855
/home/tianlong/Downloads/celebdf/Celeb-synthesis/id39_id44_0008.mp4,1,0.14627533
/home/tianlong/Downloads/celebdf/Celeb-synthesis/id34_id29_0008.mp4,1,0.3148419
/home/tianlong/Downloads/celebdf/Celeb-synthesis/id21_id28_0009.mp4,1,0.80290097
/home/tianlong/Downloads/celebdf/Celeb-synthesis/id30_id4_0001.mp4,1,0.91781634
/home/tianlong/Downloads/celebdf/Celeb-synthesis/id25_id19_0008.mp4,1,1.0
/home/tianlong/Downloads/celebdf/Celeb-synthesis/id21_id4_0002.mp4,1,0.7024754
/home/tianlong/Downloads/celebdf/Celeb-synthesis/id17_id28_0001.mp4,1,0.7228176
/home/tianlong/Downloads/celebdf/Celeb-synthesis/id6_id1_0007.mp4,1,0.00030979217
/home/tianlong/Downloads/celebdf/Celeb-synthesis/id9_id2_0008.mp4,1,1.3624941e-28
/home/tianlong/Downloads/celebdf/Celeb-synthesis/id8_id5_0008.mp4,1,0.050130535
/home/tianlong/Downloads/celebdf/Celeb-synthesis/id37_id3_0004.mp4,1,0.014440137
/home/tianlong/Downloads/celebdf/Celeb-synthesis/id17_id2_0003.mp4,1,0.08113476
