Video,Label,Prediction
/home/tianlong/Downloads/celebdf/YouTube-real/00170.mp4,0,0.9862097
/home/tianlong/Downloads/celebdf/YouTube-real/00208.mp4,0,0.9756644
/home/tianlong/Downloads/celebdf/YouTube-real/00063.mp4,0,0.9989502
/home/tianlong/Downloads/celebdf/YouTube-real/00024.mp4,0,0.0036494094
/home/tianlong/Downloads/celebdf/YouTube-real/00021.mp4,0,0.61065143
/home/tianlong/Downloads/celebdf/YouTube-real/00036.mp4,0,0.99934524
/home/tianlong/Downloads/celebdf/YouTube-real/00202.mp4,0,0.998319
/home/tianlong/Downloads/celebdf/YouTube-real/00236.mp4,0,0.9997943
/home/tianlong/Downloads/celebdf/YouTube-real/00197.mp4,0,0.9944528
/home/tianlong/Downloads/celebdf/YouTube-real/00133.mp4,0,0.9962842
/home/tianlong/Downloads/celebdf/YouTube-real/00213.mp4,0,0.98206884
/home/tianlong/Downloads/celebdf/YouTube-real/00011.mp4,0,0.9971693
/home/tianlong/Downloads/celebdf/YouTube-real/00095.mp4,0,0.991578
/home/tianlong/Downloads/celebdf/YouTube-real/00138.mp4,0,0.9994012
/home/tianlong/Downloads/celebdf/YouTube-real/00106.mp4,0,0.9999316
/home/tianlong/Downloads/celebdf/YouTube-real/00194.mp4,0,0.9124217
/home/tianlong/Downloads/celebdf/YouTube-real/00092.mp4,0,0.98191917
/home/tianlong/Downloads/celebdf/YouTube-real/00227.mp4,0,0.862868
/home/tianlong/Downloads/celebdf/YouTube-real/00244.mp4,0,0.43902937
/home/tianlong/Downloads/celebdf/YouTube-real/00119.mp4,0,0.9854837
/home/tianlong/Downloads/celebdf/YouTube-real/00082.mp4,0,0.0014145668
/home/tianlong/Downloads/celebdf/YouTube-real/00188.mp4,0,0.98542756
/home/tianlong/Downloads/celebdf/YouTube-real/00076.mp4,0,0.03972316
/home/tianlong/Downloads/celebdf/YouTube-real/00047.mp4,0,0.98368156
/home/tianlong/Downloads/celebdf/YouTube-real/00168.mp4,0,0.8663636
/home/tianlong/Downloads/celebdf/YouTube-real/00207.mp4,0,0.997993
/home/tianlong/Downloads/celebdf/YouTube-real/00193.mp4,0,0.85889304
/home/tianlong/Downloads/celebdf/YouTube-real/00061.mp4,0,0.9956196
/home/tianlong/Downloads/celebdf/YouTube-real/00023.mp4,0,0.99722195
/home/tianlong/Downloads/celebdf/YouTube-real/00048.mp4,0,0.9579854
/home/tianlong/Downloads/celebdf/YouTube-real/00250.mp4,0,0.97113556
/home/tianlong/Downloads/celebdf/YouTube-real/00251.mp4,0,0.99408406
/home/tianlong/Downloads/celebdf/YouTube-real/00252.mp4,0,0.9544839
/home/tianlong/Downloads/celebdf/YouTube-real/00253.mp4,0,0.85443443
/home/tianlong/Downloads/celebdf/YouTube-real/00254.mp4,0,0.9273475
/home/tianlong/Downloads/celebdf/YouTube-real/00255.mp4,0,0.8221677
/home/tianlong/Downloads/celebdf/YouTube-real/00256.mp4,0,0.9983437
/home/tianlong/Downloads/celebdf/YouTube-real/00257.mp4,0,0.97758204
/home/tianlong/Downloads/celebdf/YouTube-real/00258.mp4,0,0.5539828
/home/tianlong/Downloads/celebdf/YouTube-real/00259.mp4,0,0.9997948
/home/tianlong/Downloads/celebdf/YouTube-real/00260.mp4,0,0.98928237
/home/tianlong/Downloads/celebdf/YouTube-real/00261.mp4,0,0.96482885
/home/tianlong/Downloads/celebdf/YouTube-real/00262.mp4,0,0.9977647
/home/tianlong/Downloads/celebdf/YouTube-real/00263.mp4,0,0.9982821
/home/tianlong/Downloads/celebdf/YouTube-real/00264.mp4,0,0.9963057
/home/tianlong/Downloads/celebdf/YouTube-real/00265.mp4,0,0.8734317
/home/tianlong/Downloads/celebdf/YouTube-real/00266.mp4,0,0.99701154
/home/tianlong/Downloads/celebdf/YouTube-real/00267.mp4,0,0.15286465
/home/tianlong/Downloads/celebdf/YouTube-real/00268.mp4,0,0.72751004
/home/tianlong/Downloads/celebdf/YouTube-real/00269.mp4,0,0.10919194
/home/tianlong/Downloads/celebdf/YouTube-real/00270.mp4,0,0.112208776
/home/tianlong/Downloads/celebdf/YouTube-real/00271.mp4,0,0.9984017
/home/tianlong/Downloads/celebdf/YouTube-real/00272.mp4,0,0.90665656
/home/tianlong/Downloads/celebdf/YouTube-real/00273.mp4,0,0.72163767
/home/tianlong/Downloads/celebdf/YouTube-real/00274.mp4,0,0.011958851
/home/tianlong/Downloads/celebdf/YouTube-real/00275.mp4,0,0.9822819
/home/tianlong/Downloads/celebdf/YouTube-real/00276.mp4,0,0.3002154
/home/tianlong/Downloads/celebdf/YouTube-real/00277.mp4,0,0.028927773
/home/tianlong/Downloads/celebdf/YouTube-real/00278.mp4,0,0.9969939
/home/tianlong/Downloads/celebdf/YouTube-real/00279.mp4,0,0.9947897
/home/tianlong/Downloads/celebdf/YouTube-real/00280.mp4,0,0.9997271
/home/tianlong/Downloads/celebdf/YouTube-real/00281.mp4,0,0.99947137
/home/tianlong/Downloads/celebdf/YouTube-real/00282.mp4,0,0.9979845
/home/tianlong/Downloads/celebdf/YouTube-real/00283.mp4,0,0.99729294
/home/tianlong/Downloads/celebdf/YouTube-real/00284.mp4,0,0.9898935
/home/tianlong/Downloads/celebdf/YouTube-real/00285.mp4,0,0.9989562
/home/tianlong/Downloads/celebdf/YouTube-real/00286.mp4,0,0.9917527
/home/tianlong/Downloads/celebdf/YouTube-real/00287.mp4,0,0.9672276
/home/tianlong/Downloads/celebdf/YouTube-real/00288.mp4,0,0.99965894
/home/tianlong/Downloads/celebdf/YouTube-real/00289.mp4,0,0.80559474
/home/tianlong/Downloads/celebdf/Celeb-real/id1_0007.mp4,0,0.99649185
/home/tianlong/Downloads/celebdf/Celeb-real/id2_0008.mp4,0,0.8627129
/home/tianlong/Downloads/celebdf/Celeb-real/id3_0001.mp4,0,0.738635
/home/tianlong/Downloads/celebdf/Celeb-real/id6_0005.mp4,0,0.99987364
/home/tianlong/Downloads/celebdf/Celeb-real/id9_0000.mp4,0,0.99980193
/home/tianlong/Downloads/celebdf/Celeb-real/id11_0008.mp4,0,0.99879515
/home/tianlong/Downloads/celebdf/Celeb-real/id16_0011.mp4,0,0.9927617
/home/tianlong/Downloads/celebdf/Celeb-real/id17_0000.mp4,0,0.99906975
/home/tianlong/Downloads/celebdf/Celeb-real/id35_0008.mp4,0,0.9903413
/home/tianlong/Downloads/celebdf/Celeb-real/id39_0005.mp4,0,0.99985385
/home/tianlong/Downloads/celebdf/Celeb-real/id48_0000.mp4,0,0.41240785
/home/tianlong/Downloads/celebdf/Celeb-real/id32_0008.mp4,0,0.858121
/home/tianlong/Downloads/celebdf/Celeb-real/id56_0009.mp4,0,0.99041325
/home/tianlong/Downloads/celebdf/Celeb-real/id54_0007.mp4,0,0.19262388
/home/tianlong/Downloads/celebdf/Celeb-real/id37_0005.mp4,0,0.7122527
/home/tianlong/Downloads/celebdf/Celeb-real/id29_0008.mp4,0,0.9183755
/home/tianlong/Downloads/celebdf/Celeb-real/id43_0006.mp4,0,0.9990982
/home/tianlong/Downloads/celebdf/Celeb-real/id1_0006.mp4,0,0.98985004
/home/tianlong/Downloads/celebdf/Celeb-real/id51_0001.mp4,0,0.8991494
/home/tianlong/Downloads/celebdf/Celeb-real/id31_0007.mp4,0,0.9965282
/home/tianlong/Downloads/celebdf/Celeb-real/id2_0003.mp4,0,0.6022745
/home/tianlong/Downloads/celebdf/Celeb-real/id21_0009.mp4,0,0.2097128
/home/tianlong/Downloads/celebdf/Celeb-real/id50_0003.mp4,0,0.9997634
/home/tianlong/Downloads/celebdf/Celeb-real/id21_0006.mp4,0,0.98123837
/home/tianlong/Downloads/celebdf/Celeb-real/id44_0003.mp4,0,0.38352397
/home/tianlong/Downloads/celebdf/Celeb-real/id36_0006.mp4,0,0.9993794
/home/tianlong/Downloads/celebdf/Celeb-real/id36_0008.mp4,0,0.9860254
/home/tianlong/Downloads/celebdf/Celeb-real/id1_0008.mp4,0,0.98675364
/home/tianlong/Downloads/celebdf/Celeb-real/id45_0003.mp4,0,0.9993074
/home/tianlong/Downloads/celebdf/Celeb-real/id48_0003.mp4,0,0.27329236
/home/tianlong/Downloads/celebdf/Celeb-real/id23_0001.mp4,0,0.99826896
/home/tianlong/Downloads/celebdf/Celeb-real/id16_0010.mp4,0,0.97157604
/home/tianlong/Downloads/celebdf/Celeb-real/id31_0004.mp4,0,0.9779292
/home/tianlong/Downloads/celebdf/Celeb-real/id35_0000.mp4,0,0.987828
/home/tianlong/Downloads/celebdf/Celeb-real/id58_0002.mp4,0,0.99546236
/home/tianlong/Downloads/celebdf/Celeb-real/id30_0007.mp4,0,0.9932302
/home/tianlong/Downloads/celebdf/Celeb-real/id12_0005.mp4,0,0.9613257
/home/tianlong/Downloads/celebdf/Celeb-real/id56_0002.mp4,0,0.9965869
/home/tianlong/Downloads/celebdf/Celeb-real/id33_0005.mp4,0,0.9990989
/home/tianlong/Downloads/celebdf/Celeb-real/id29_0009.mp4,0,0.9993337
/home/tianlong/Downloads/celebdf/Celeb-real/id13_0013.mp4,0,0.86471045
/home/tianlong/Downloads/celebdf/Celeb-real/id28_0009.mp4,0,0.3880346
/home/tianlong/Downloads/celebdf/Celeb-real/id36_0000.mp4,0,0.9845069
/home/tianlong/Downloads/celebdf/Celeb-real/id24_0009.mp4,0,0.90637624
/home/tianlong/Downloads/celebdf/Celeb-real/id39_0004.mp4,0,0.5030828
/home/tianlong/Downloads/celebdf/Celeb-real/id27_0008.mp4,0,0.9855041
/home/tianlong/Downloads/celebdf/Celeb-real/id11_0006.mp4,0,0.9842853
/home/tianlong/Downloads/celebdf/Celeb-real/id19_0007.mp4,0,0.9447986
/home/tianlong/Downloads/celebdf/Celeb-real/id37_0009.mp4,0,0.9959204
/home/tianlong/Downloads/celebdf/Celeb-real/id3_0008.mp4,0,0.9778462
/home/tianlong/Downloads/celebdf/Celeb-real/id46_0000.mp4,0,0.117967635
/home/tianlong/Downloads/celebdf/Celeb-real/id33_0008.mp4,0,0.9997404
/home/tianlong/Downloads/celebdf/Celeb-real/id8_0000.mp4,0,0.9002643
/home/tianlong/Downloads/celebdf/Celeb-real/id16_0007.mp4,0,0.8420398
/home/tianlong/Downloads/celebdf/Celeb-real/id1_0001.mp4,0,0.9927105
/home/tianlong/Downloads/celebdf/Celeb-real/id32_0002.mp4,0,0.9990538
/home/tianlong/Downloads/celebdf/Celeb-real/id19_0005.mp4,0,0.99767905
/home/tianlong/Downloads/celebdf/Celeb-real/id27_0009.mp4,0,0.19381212
/home/tianlong/Downloads/celebdf/Celeb-real/id2_0001.mp4,0,0.6795208
/home/tianlong/Downloads/celebdf/Celeb-real/id13_0011.mp4,0,0.011678888
/home/tianlong/Downloads/celebdf/Celeb-real/id49_0004.mp4,0,0.9651213
/home/tianlong/Downloads/celebdf/Celeb-real/id57_0007.mp4,0,0.9708402
/home/tianlong/Downloads/celebdf/Celeb-real/id26_0008.mp4,0,0.8828143
/home/tianlong/Downloads/celebdf/Celeb-real/id2_0004.mp4,0,0.8802943
/home/tianlong/Downloads/celebdf/Celeb-real/id36_0001.mp4,0,0.9409985
/home/tianlong/Downloads/celebdf/Celeb-real/id0_0001.mp4,0,0.9999001
/home/tianlong/Downloads/celebdf/Celeb-real/id10_0007.mp4,0,0.9958793
/home/tianlong/Downloads/celebdf/Celeb-real/id17_0002.mp4,0,0.97569877
/home/tianlong/Downloads/celebdf/Celeb-real/id4_0004.mp4,0,0.1725293
/home/tianlong/Downloads/celebdf/Celeb-real/id36_0002.mp4,0,0.93410736
/home/tianlong/Downloads/celebdf/Celeb-real/id53_0003.mp4,0,0.5929969
/home/tianlong/Downloads/celebdf/Celeb-real/id25_0010.mp4,0,0.53473413
/home/tianlong/Downloads/celebdf/Celeb-real/id51_0006.mp4,0,0.6647501
/home/tianlong/Downloads/celebdf/Celeb-real/id22_0000.mp4,0,0.96297973
/home/tianlong/Downloads/celebdf/Celeb-real/id10_0001.mp4,0,0.9669183
/home/tianlong/Downloads/celebdf/Celeb-real/id6_0002.mp4,0,0.9766679
/home/tianlong/Downloads/celebdf/Celeb-real/id12_0000.mp4,0,0.95116967
/home/tianlong/Downloads/celebdf/Celeb-real/id35_0003.mp4,0,0.99831104
/home/tianlong/Downloads/celebdf/Celeb-real/id3_0002.mp4,0,0.9976566
/home/tianlong/Downloads/celebdf/Celeb-real/id31_0003.mp4,0,0.9987847
/home/tianlong/Downloads/celebdf/Celeb-real/id52_0002.mp4,0,0.35047156
/home/tianlong/Downloads/celebdf/Celeb-real/id2_0002.mp4,0,0.66391516
/home/tianlong/Downloads/celebdf/Celeb-real/id44_0001.mp4,0,0.8115684
/home/tianlong/Downloads/celebdf/Celeb-real/id8_0009.mp4,0,0.996959
/home/tianlong/Downloads/celebdf/Celeb-real/id33_0002.mp4,0,0.9998616
/home/tianlong/Downloads/celebdf/Celeb-real/id50_0000.mp4,0,0.95980954
/home/tianlong/Downloads/celebdf/Celeb-real/id40_0003.mp4,0,0.9940135
/home/tianlong/Downloads/celebdf/Celeb-real/id7_0006.mp4,0,0.99648476
/home/tianlong/Downloads/celebdf/Celeb-real/id53_0007.mp4,0,0.9930936
/home/tianlong/Downloads/celebdf/Celeb-real/id43_0002.mp4,0,0.9646292
/home/tianlong/Downloads/celebdf/Celeb-real/id56_0000.mp4,0,0.47954118
/home/tianlong/Downloads/celebdf/Celeb-real/id13_0004.mp4,0,0.99913126
/home/tianlong/Downloads/celebdf/Celeb-real/id43_0001.mp4,0,0.98695314
/home/tianlong/Downloads/celebdf/Celeb-real/id20_0008.mp4,0,0.2026244
/home/tianlong/Downloads/celebdf/Celeb-real/id28_0004.mp4,0,0.97348624
/home/tianlong/Downloads/celebdf/Celeb-real/id22_0009.mp4,0,0.96015024
/home/tianlong/Downloads/celebdf/Celeb-real/id53_0000.mp4,0,0.28559586
/home/tianlong/Downloads/celebdf/Celeb-real/id50_0006.mp4,0,0.9537345
/home/tianlong/Downloads/celebdf/Celeb-real/id32_0003.mp4,0,0.95417744
/home/tianlong/Downloads/celebdf/Celeb-real/id32_0006.mp4,0,0.95835733
/home/tianlong/Downloads/celebdf/Celeb-real/id57_0003.mp4,0,0.998906
/home/tianlong/Downloads/celebdf/Celeb-real/id37_0004.mp4,0,0.066063926
/home/tianlong/Downloads/celebdf/Celeb-real/id28_0007.mp4,0,0.6253493
/home/tianlong/Downloads/celebdf/Celeb-real/id52_0001.mp4,0,0.9992804
/home/tianlong/Downloads/celebdf/Celeb-real/id40_0009.mp4,0,0.9959162
/home/tianlong/Downloads/celebdf/Celeb-real/id51_0005.mp4,0,0.99854654
/home/tianlong/Downloads/celebdf/Celeb-real/id34_0006.mp4,0,0.9773521
/home/tianlong/Downloads/celebdf/Celeb-real/id42_0002.mp4,0,0.950779
/home/tianlong/Downloads/celebdf/Celeb-synthesis/id1_id0_0007.mp4,1,0.9989261
/home/tianlong/Downloads/celebdf/Celeb-synthesis/id1_id3_0007.mp4,1,0.9996039
/home/tianlong/Downloads/celebdf/Celeb-synthesis/id1_id4_0007.mp4,1,0.99684566
/home/tianlong/Downloads/celebdf/Celeb-synthesis/id1_id9_0007.mp4,1,0.9991092
/home/tianlong/Downloads/celebdf/Celeb-synthesis/id1_id16_0007.mp4,1,0.99726415
/home/tianlong/Downloads/celebdf/Celeb-synthesis/id1_id17_0007.mp4,1,0.9944332
/home/tianlong/Downloads/celebdf/Celeb-synthesis/id2_id0_0008.mp4,1,0.85919654
/home/tianlong/Downloads/celebdf/Celeb-synthesis/id2_id3_0008.mp4,1,0.95991325
/home/tianlong/Downloads/celebdf/Celeb-synthesis/id2_id9_0008.mp4,1,0.9763896
/home/tianlong/Downloads/celebdf/Celeb-synthesis/id3_id1_0001.mp4,1,0.9682196
/home/tianlong/Downloads/celebdf/Celeb-synthesis/id3_id2_0001.mp4,1,0.93950677
/home/tianlong/Downloads/celebdf/Celeb-synthesis/id3_id4_0001.mp4,1,0.99258465
/home/tianlong/Downloads/celebdf/Celeb-synthesis/id3_id6_0001.mp4,1,0.9843997
/home/tianlong/Downloads/celebdf/Celeb-synthesis/id3_id9_0001.mp4,1,0.9948585
/home/tianlong/Downloads/celebdf/Celeb-synthesis/id3_id16_0001.mp4,1,0.98339254
/home/tianlong/Downloads/celebdf/Celeb-synthesis/id4_id1_0003.mp4,1,0.87319994
/home/tianlong/Downloads/celebdf/Celeb-synthesis/id6_id0_0005.mp4,1,0.9997956
/home/tianlong/Downloads/celebdf/Celeb-synthesis/id6_id1_0005.mp4,1,0.99971133
/home/tianlong/Downloads/celebdf/Celeb-synthesis/id6_id2_0005.mp4,1,0.9993474
/home/tianlong/Downloads/celebdf/Celeb-synthesis/id6_id3_0005.mp4,1,0.99954396
/home/tianlong/Downloads/celebdf/Celeb-synthesis/id6_id16_0005.mp4,1,0.9996619
/home/tianlong/Downloads/celebdf/Celeb-synthesis/id7_id10_0009.mp4,1,0.9725664
/home/tianlong/Downloads/celebdf/Celeb-synthesis/id7_id11_0009.mp4,1,0.9897662
/home/tianlong/Downloads/celebdf/Celeb-synthesis/id7_id13_0009.mp4,1,0.9763015
/home/tianlong/Downloads/celebdf/Celeb-synthesis/id9_id0_0000.mp4,1,0.9998211
/home/tianlong/Downloads/celebdf/Celeb-synthesis/id9_id1_0000.mp4,1,0.99956816
/home/tianlong/Downloads/celebdf/Celeb-synthesis/id9_id2_0000.mp4,1,0.9995603
/home/tianlong/Downloads/celebdf/Celeb-synthesis/id9_id3_0000.mp4,1,0.99976176
/home/tianlong/Downloads/celebdf/Celeb-synthesis/id9_id6_0000.mp4,1,0.9998572
/home/tianlong/Downloads/celebdf/Celeb-synthesis/id9_id16_0000.mp4,1,0.99946386
/home/tianlong/Downloads/celebdf/Celeb-synthesis/id10_id7_0004.mp4,1,0.9782266
/home/tianlong/Downloads/celebdf/Celeb-synthesis/id10_id11_0004.mp4,1,0.85470724
/home/tianlong/Downloads/celebdf/Celeb-synthesis/id10_id12_0004.mp4,1,0.9545064
/home/tianlong/Downloads/celebdf/Celeb-synthesis/id10_id13_0004.mp4,1,0.9638169
/home/tianlong/Downloads/celebdf/Celeb-synthesis/id10_id7_0001.mp4,1,0.9384148
/home/tianlong/Downloads/celebdf/Celeb-synthesis/id10_id11_0001.mp4,1,0.9895182
/home/tianlong/Downloads/celebdf/Celeb-synthesis/id10_id12_0001.mp4,1,0.93865407
/home/tianlong/Downloads/celebdf/Celeb-synthesis/id10_id13_0001.mp4,1,0.8780841
/home/tianlong/Downloads/celebdf/Celeb-synthesis/id11_id7_0008.mp4,1,0.9990515
/home/tianlong/Downloads/celebdf/Celeb-synthesis/id16_id0_0011.mp4,1,0.9996371
/home/tianlong/Downloads/celebdf/Celeb-synthesis/id16_id1_0011.mp4,1,0.999493
/home/tianlong/Downloads/celebdf/Celeb-synthesis/id16_id2_0011.mp4,1,0.99949944
/home/tianlong/Downloads/celebdf/Celeb-synthesis/id16_id3_0011.mp4,1,0.99979395
/home/tianlong/Downloads/celebdf/Celeb-synthesis/id16_id6_0011.mp4,1,0.9998565
/home/tianlong/Downloads/celebdf/Celeb-synthesis/id17_id0_0000.mp4,1,0.9994148
/home/tianlong/Downloads/celebdf/Celeb-synthesis/id17_id1_0000.mp4,1,0.9947807
/home/tianlong/Downloads/celebdf/Celeb-synthesis/id17_id2_0000.mp4,1,0.9996928
/home/tianlong/Downloads/celebdf/Celeb-synthesis/id17_id3_0000.mp4,1,0.99948347
/home/tianlong/Downloads/celebdf/Celeb-synthesis/id17_id6_0000.mp4,1,0.9987962
/home/tianlong/Downloads/celebdf/Celeb-synthesis/id17_id9_0000.mp4,1,0.9995278
/home/tianlong/Downloads/celebdf/Celeb-synthesis/id17_id16_0000.mp4,1,0.97044307
/home/tianlong/Downloads/celebdf/Celeb-synthesis/id16_id20_0000.mp4,1,0.99877936
/home/tianlong/Downloads/celebdf/Celeb-synthesis/id17_id23_0000.mp4,1,0.9933274
/home/tianlong/Downloads/celebdf/Celeb-synthesis/id3_id28_0001.mp4,1,0.9823658
/home/tianlong/Downloads/celebdf/Celeb-synthesis/id35_id32_0007.mp4,1,0.9753846
/home/tianlong/Downloads/celebdf/Celeb-synthesis/id30_id26_0004.mp4,1,0.99979705
/home/tianlong/Downloads/celebdf/Celeb-synthesis/id16_id20_0006.mp4,1,0.99584925
/home/tianlong/Downloads/celebdf/Celeb-synthesis/id4_id20_0001.mp4,1,0.1863622
/home/tianlong/Downloads/celebdf/Celeb-synthesis/id26_id3_0002.mp4,1,0.9985758
/home/tianlong/Downloads/celebdf/Celeb-synthesis/id20_id31_0006.mp4,1,0.9982407
/home/tianlong/Downloads/celebdf/Celeb-synthesis/id6_id23_0001.mp4,1,0.9768152
/home/tianlong/Downloads/celebdf/Celeb-synthesis/id9_id23_0009.mp4,1,0.9894371
/home/tianlong/Downloads/celebdf/Celeb-synthesis/id32_id33_0002.mp4,1,0.9993923
/home/tianlong/Downloads/celebdf/Celeb-synthesis/id16_id20_0012.mp4,1,0.5934306
/home/tianlong/Downloads/celebdf/Celeb-synthesis/id29_id30_0000.mp4,1,0.9987564
/home/tianlong/Downloads/celebdf/Celeb-synthesis/id3_id20_0008.mp4,1,0.92422163
/home/tianlong/Downloads/celebdf/Celeb-synthesis/id22_id27_0001.mp4,1,0.88872015
/home/tianlong/Downloads/celebdf/Celeb-synthesis/id27_id21_0002.mp4,1,0.98633206
/home/tianlong/Downloads/celebdf/Celeb-synthesis/id29_id35_0000.mp4,1,0.99832815
/home/tianlong/Downloads/celebdf/Celeb-synthesis/id21_id19_0005.mp4,1,0.9347474
/home/tianlong/Downloads/celebdf/Celeb-synthesis/id23_id26_0003.mp4,1,0.939986
/home/tianlong/Downloads/celebdf/Celeb-synthesis/id30_id35_0009.mp4,1,0.9465248
/home/tianlong/Downloads/celebdf/Celeb-synthesis/id9_id26_0000.mp4,1,0.9997558
/home/tianlong/Downloads/celebdf/Celeb-synthesis/id33_id32_0006.mp4,1,0.99559766
/home/tianlong/Downloads/celebdf/Celeb-synthesis/id30_id34_0003.mp4,1,0.9955722
/home/tianlong/Downloads/celebdf/Celeb-synthesis/id29_id37_0008.mp4,1,0.96981186
/home/tianlong/Downloads/celebdf/Celeb-synthesis/id35_id31_0006.mp4,1,0.748352
/home/tianlong/Downloads/celebdf/Celeb-synthesis/id37_id34_0008.mp4,1,0.99798113
/home/tianlong/Downloads/celebdf/Celeb-synthesis/id26_id16_0001.mp4,1,0.9813874
/home/tianlong/Downloads/celebdf/Celeb-synthesis/id17_id23_0009.mp4,1,0.9531851
/home/tianlong/Downloads/celebdf/Celeb-synthesis/id6_id20_0007.mp4,1,0.9998729
/home/tianlong/Downloads/celebdf/Celeb-synthesis/id1_id20_0001.mp4,1,0.9747946
/home/tianlong/Downloads/celebdf/Celeb-synthesis/id1_id23_0006.mp4,1,0.9884206
/home/tianlong/Downloads/celebdf/Celeb-synthesis/id37_id35_0001.mp4,1,0.99975556
/home/tianlong/Downloads/celebdf/Celeb-synthesis/id4_id23_0006.mp4,1,0.75135875
/home/tianlong/Downloads/celebdf/Celeb-synthesis/id17_id26_0006.mp4,1,0.97519004
/home/tianlong/Downloads/celebdf/Celeb-synthesis/id20_id1_0007.mp4,1,0.95839727
/home/tianlong/Downloads/celebdf/Celeb-synthesis/id0_id26_0009.mp4,1,0.9992442
/home/tianlong/Downloads/celebdf/Celeb-synthesis/id38_id33_0005.mp4,1,0.99333364
/home/tianlong/Downloads/celebdf/Celeb-synthesis/id28_id35_0008.mp4,1,0.42084005
/home/tianlong/Downloads/celebdf/Celeb-synthesis/id23_id35_0006.mp4,1,0.9997638
/home/tianlong/Downloads/celebdf/Celeb-synthesis/id6_id28_0002.mp4,1,0.98673487
/home/tianlong/Downloads/celebdf/Celeb-synthesis/id35_id28_0006.mp4,1,0.99817634
/home/tianlong/Downloads/celebdf/Celeb-synthesis/id32_id31_0008.mp4,1,0.6892558
/home/tianlong/Downloads/celebdf/Celeb-synthesis/id38_id34_0004.mp4,1,0.99584264
/home/tianlong/Downloads/celebdf/Celeb-synthesis/id3_id28_0009.mp4,1,0.9935963
/home/tianlong/Downloads/celebdf/Celeb-synthesis/id37_id28_0007.mp4,1,0.5477858
/home/tianlong/Downloads/celebdf/Celeb-synthesis/id1_id20_0002.mp4,1,0.57619655
/home/tianlong/Downloads/celebdf/Celeb-synthesis/id37_id31_0008.mp4,1,0.992282
/home/tianlong/Downloads/celebdf/Celeb-synthesis/id30_id23_0007.mp4,1,0.8449926
/home/tianlong/Downloads/celebdf/Celeb-synthesis/id28_id26_0000.mp4,1,0.950012
/home/tianlong/Downloads/celebdf/Celeb-synthesis/id2_id28_0003.mp4,1,0.30484456
/home/tianlong/Downloads/celebdf/Celeb-synthesis/id27_id24_0007.mp4,1,0.92704505
/home/tianlong/Downloads/celebdf/Celeb-synthesis/id30_id32_0006.mp4,1,0.9774374
/home/tianlong/Downloads/celebdf/Celeb-synthesis/id35_id31_0009.mp4,1,0.1589269
/home/tianlong/Downloads/celebdf/Celeb-synthesis/id4_id21_0004.mp4,1,0.98957145
/home/tianlong/Downloads/celebdf/Celeb-synthesis/id37_id21_0005.mp4,1,0.9940333
/home/tianlong/Downloads/celebdf/Celeb-synthesis/id30_id21_0002.mp4,1,0.9939037
/home/tianlong/Downloads/celebdf/Celeb-synthesis/id16_id23_0011.mp4,1,0.9996013
/home/tianlong/Downloads/celebdf/Celeb-synthesis/id9_id20_0002.mp4,1,0.99975127
/home/tianlong/Downloads/celebdf/Celeb-synthesis/id6_id21_0006.mp4,1,0.99975187
/home/tianlong/Downloads/celebdf/Celeb-synthesis/id20_id19_0002.mp4,1,0.9222109
/home/tianlong/Downloads/celebdf/Celeb-synthesis/id28_id4_0006.mp4,1,0.5854151
/home/tianlong/Downloads/celebdf/Celeb-synthesis/id35_id34_0002.mp4,1,0.9939674
/home/tianlong/Downloads/celebdf/Celeb-synthesis/id35_id26_0003.mp4,1,0.73850065
/home/tianlong/Downloads/celebdf/Celeb-synthesis/id22_id28_0006.mp4,1,0.3217474
/home/tianlong/Downloads/celebdf/Celeb-synthesis/id30_id21_0005.mp4,1,0.5467797
/home/tianlong/Downloads/celebdf/Celeb-synthesis/id24_id20_0009.mp4,1,0.9118577
/home/tianlong/Downloads/celebdf/Celeb-synthesis/id4_id20_0000.mp4,1,0.59519744
/home/tianlong/Downloads/celebdf/Celeb-synthesis/id2_id26_0001.mp4,1,0.7445641
/home/tianlong/Downloads/celebdf/Celeb-synthesis/id21_id6_0005.mp4,1,0.93975097
/home/tianlong/Downloads/celebdf/Celeb-synthesis/id21_id9_0008.mp4,1,0.98589295
/home/tianlong/Downloads/celebdf/Celeb-synthesis/id22_id21_0005.mp4,1,0.9782849
/home/tianlong/Downloads/celebdf/Celeb-synthesis/id22_id27_0005.mp4,1,0.9860065
/home/tianlong/Downloads/celebdf/Celeb-synthesis/id23_id2_0007.mp4,1,0.9864304
/home/tianlong/Downloads/celebdf/Celeb-synthesis/id23_id3_0009.mp4,1,0.8255407
/home/tianlong/Downloads/celebdf/Celeb-synthesis/id24_id19_0000.mp4,1,0.9752706
/home/tianlong/Downloads/celebdf/Celeb-synthesis/id24_id21_0006.mp4,1,0.8430629
/home/tianlong/Downloads/celebdf/Celeb-synthesis/id24_id26_0009.mp4,1,0.9431062
/home/tianlong/Downloads/celebdf/Celeb-synthesis/id25_id19_0002.mp4,1,0.72428244
/home/tianlong/Downloads/celebdf/Celeb-synthesis/id25_id24_0003.mp4,1,0.99071515
/home/tianlong/Downloads/celebdf/Celeb-synthesis/id27_id21_0008.mp4,1,0.88212866
/home/tianlong/Downloads/celebdf/Celeb-synthesis/id27_id22_0007.mp4,1,0.99787974
/home/tianlong/Downloads/celebdf/Celeb-synthesis/id27_id25_0008.mp4,1,0.9958366
/home/tianlong/Downloads/celebdf/Celeb-synthesis/id28_id3_0004.mp4,1,0.6734555
/home/tianlong/Downloads/celebdf/Celeb-synthesis/id28_id6_0006.mp4,1,0.6034638
/home/tianlong/Downloads/celebdf/Celeb-synthesis/id29_id32_0000.mp4,1,0.99856657
/home/tianlong/Downloads/celebdf/Celeb-synthesis/id29_id37_0009.mp4,1,0.99927276
/home/tianlong/Downloads/celebdf/Celeb-synthesis/id30_id20_0004.mp4,1,0.9997713
/home/tianlong/Downloads/celebdf/Celeb-synthesis/id30_id23_0002.mp4,1,0.9954406
/home/tianlong/Downloads/celebdf/Celeb-synthesis/id32_id33_0004.mp4,1,0.40660053
/home/tianlong/Downloads/celebdf/Celeb-synthesis/id33_id38_0001.mp4,1,0.99851435
/home/tianlong/Downloads/celebdf/Celeb-synthesis/id34_id33_0005.mp4,1,0.9070175
/home/tianlong/Downloads/celebdf/Celeb-synthesis/id35_id31_0007.mp4,1,0.981833
/home/tianlong/Downloads/celebdf/Celeb-synthesis/id49_id52_0005.mp4,1,0.9867416
/home/tianlong/Downloads/celebdf/Celeb-synthesis/id9_id2_0006.mp4,1,0.9984352
/home/tianlong/Downloads/celebdf/Celeb-synthesis/id7_id11_0007.mp4,1,0.9859659
/home/tianlong/Downloads/celebdf/Celeb-synthesis/id4_id37_0006.mp4,1,0.79259664
/home/tianlong/Downloads/celebdf/Celeb-synthesis/id37_id38_0009.mp4,1,0.9973339
/home/tianlong/Downloads/celebdf/Celeb-synthesis/id29_id30_0009.mp4,1,0.9993088
/home/tianlong/Downloads/celebdf/Celeb-synthesis/id0_id6_0007.mp4,1,0.99980515
/home/tianlong/Downloads/celebdf/Celeb-synthesis/id0_id16_0004.mp4,1,0.29424438
/home/tianlong/Downloads/celebdf/Celeb-synthesis/id31_id33_0008.mp4,1,0.9922255
/home/tianlong/Downloads/celebdf/Celeb-synthesis/id54_id49_0003.mp4,1,0.9991654
/home/tianlong/Downloads/celebdf/Celeb-synthesis/id0_id1_0000.mp4,1,0.9986706
/home/tianlong/Downloads/celebdf/Celeb-synthesis/id21_id28_0001.mp4,1,0.9966217
/home/tianlong/Downloads/celebdf/Celeb-synthesis/id33_id29_0004.mp4,1,0.99700457
/home/tianlong/Downloads/celebdf/Celeb-synthesis/id28_id0_0009.mp4,1,0.69295436
/home/tianlong/Downloads/celebdf/Celeb-synthesis/id6_id9_0006.mp4,1,0.99987924
/home/tianlong/Downloads/celebdf/Celeb-synthesis/id9_id0_0006.mp4,1,0.99947554
/home/tianlong/Downloads/celebdf/Celeb-synthesis/id26_id2_0005.mp4,1,0.7427639
/home/tianlong/Downloads/celebdf/Celeb-synthesis/id1_id3_0002.mp4,1,0.77174073
/home/tianlong/Downloads/celebdf/Celeb-synthesis/id4_id6_0008.mp4,1,0.6959358
/home/tianlong/Downloads/celebdf/Celeb-synthesis/id16_id28_0005.mp4,1,0.99750406
/home/tianlong/Downloads/celebdf/Celeb-synthesis/id37_id35_0005.mp4,1,0.98776126
/home/tianlong/Downloads/celebdf/Celeb-synthesis/id19_id20_0004.mp4,1,0.9948808
/home/tianlong/Downloads/celebdf/Celeb-synthesis/id46_id41_0000.mp4,1,0.7105549
/home/tianlong/Downloads/celebdf/Celeb-synthesis/id51_id57_0004.mp4,1,0.3690749
/home/tianlong/Downloads/celebdf/Celeb-synthesis/id29_id37_0005.mp4,1,0.9760357
/home/tianlong/Downloads/celebdf/Celeb-synthesis/id35_id23_0007.mp4,1,0.93805546
/home/tianlong/Downloads/celebdf/Celeb-synthesis/id34_id33_0002.mp4,1,0.9110727
/home/tianlong/Downloads/celebdf/Celeb-synthesis/id1_id3_0006.mp4,1,0.9978192
/home/tianlong/Downloads/celebdf/Celeb-synthesis/id13_id10_0005.mp4,1,0.98989874
/home/tianlong/Downloads/celebdf/Celeb-synthesis/id56_id55_0009.mp4,1,0.9985367
/home/tianlong/Downloads/celebdf/Celeb-synthesis/id25_id28_0010.mp4,1,0.9565593
/home/tianlong/Downloads/celebdf/Celeb-synthesis/id20_id37_0004.mp4,1,0.99582905
/home/tianlong/Downloads/celebdf/Celeb-synthesis/id37_id29_0002.mp4,1,0.99807775
/home/tianlong/Downloads/celebdf/Celeb-synthesis/id56_id54_0007.mp4,1,0.9997956
/home/tianlong/Downloads/celebdf/Celeb-synthesis/id19_id20_0000.mp4,1,0.9891768
/home/tianlong/Downloads/celebdf/Celeb-synthesis/id4_id28_0006.mp4,1,0.79746443
/home/tianlong/Downloads/celebdf/Celeb-synthesis/id53_id58_0005.mp4,1,0.09561569
/home/tianlong/Downloads/celebdf/Celeb-synthesis/id55_id57_0002.mp4,1,0.9946085
/home/tianlong/Downloads/celebdf/Celeb-synthesis/id24_id26_0004.mp4,1,0.9594155
/home/tianlong/Downloads/celebdf/Celeb-synthesis/id20_id0_0006.mp4,1,0.9964986
/home/tianlong/Downloads/celebdf/Celeb-synthesis/id37_id2_0009.mp4,1,0.9953726
/home/tianlong/Downloads/celebdf/Celeb-synthesis/id30_id26_0006.mp4,1,0.928616
/home/tianlong/Downloads/celebdf/Celeb-synthesis/id16_id2_0001.mp4,1,0.9905895
/home/tianlong/Downloads/celebdf/Celeb-synthesis/id26_id1_0002.mp4,1,0.97947294
/home/tianlong/Downloads/celebdf/Celeb-synthesis/id30_id6_0007.mp4,1,0.99564606
/home/tianlong/Downloads/celebdf/Celeb-synthesis/id44_id41_0005.mp4,1,0.9980527
/home/tianlong/Downloads/celebdf/Celeb-synthesis/id16_id2_0006.mp4,1,0.9987159
/home/tianlong/Downloads/celebdf/Celeb-synthesis/id1_id16_0004.mp4,1,0.7897017
/home/tianlong/Downloads/celebdf/Celeb-synthesis/id16_id21_0002.mp4,1,0.992687
/home/tianlong/Downloads/celebdf/Celeb-synthesis/id4_id0_0000.mp4,1,0.521304
/home/tianlong/Downloads/celebdf/Celeb-synthesis/id8_id0_0002.mp4,1,0.995218
/home/tianlong/Downloads/celebdf/Celeb-synthesis/id19_id23_0001.mp4,1,0.9703582
/home/tianlong/Downloads/celebdf/Celeb-synthesis/id37_id3_0006.mp4,1,0.99571383
/home/tianlong/Downloads/celebdf/Celeb-synthesis/id9_id16_0007.mp4,1,0.99616796
/home/tianlong/Downloads/celebdf/Celeb-synthesis/id47_id43_0007.mp4,1,0.92182
/home/tianlong/Downloads/celebdf/Celeb-synthesis/id16_id3_0009.mp4,1,0.61994493
/home/tianlong/Downloads/celebdf/Celeb-synthesis/id26_id28_0002.mp4,1,0.97102195
/home/tianlong/Downloads/celebdf/Celeb-synthesis/id8_id3_0003.mp4,1,0.028679337
/home/tianlong/Downloads/celebdf/Celeb-synthesis/id30_id28_0000.mp4,1,0.9955538
/home/tianlong/Downloads/celebdf/Celeb-synthesis/id27_id23_0008.mp4,1,0.33151934
/home/tianlong/Downloads/celebdf/Celeb-synthesis/id28_id20_0008.mp4,1,0.48133233
/home/tianlong/Downloads/celebdf/Celeb-synthesis/id1_id2_0002.mp4,1,0.7109189
/home/tianlong/Downloads/celebdf/Celeb-synthesis/id46_id39_0000.mp4,1,0.4746175
/home/tianlong/Downloads/celebdf/Celeb-synthesis/id37_id28_0008.mp4,1,0.99633884
/home/tianlong/Downloads/celebdf/Celeb-synthesis/id0_id3_0007.mp4,1,0.9997762
/home/tianlong/Downloads/celebdf/Celeb-synthesis/id4_id1_0002.mp4,1,0.9897195
/home/tianlong/Downloads/celebdf/Celeb-synthesis/id13_id7_0000.mp4,1,0.013289009
/home/tianlong/Downloads/celebdf/Celeb-synthesis/id50_id53_0000.mp4,1,0.88363427
/home/tianlong/Downloads/celebdf/Celeb-synthesis/id50_id56_0005.mp4,1,0.06603307
/home/tianlong/Downloads/celebdf/Celeb-synthesis/id4_id21_0009.mp4,1,0.95147055
/home/tianlong/Downloads/celebdf/Celeb-synthesis/id23_id3_0004.mp4,1,0.99810636
/home/tianlong/Downloads/celebdf/Celeb-synthesis/id56_id51_0000.mp4,1,0.19046202
/home/tianlong/Downloads/celebdf/Celeb-synthesis/id30_id3_0006.mp4,1,0.9953076
/home/tianlong/Downloads/celebdf/Celeb-synthesis/id28_id20_0006.mp4,1,0.8417622
/home/tianlong/Downloads/celebdf/Celeb-synthesis/id4_id20_0008.mp4,1,0.7789334
/home/tianlong/Downloads/celebdf/Celeb-synthesis/id54_id58_0006.mp4,1,0.95302427
/home/tianlong/Downloads/celebdf/Celeb-synthesis/id53_id57_0005.mp4,1,0.34263253
/home/tianlong/Downloads/celebdf/Celeb-synthesis/id31_id33_0009.mp4,1,0.9259078
/home/tianlong/Downloads/celebdf/Celeb-synthesis/id0_id21_0000.mp4,1,0.99693763
/home/tianlong/Downloads/celebdf/Celeb-synthesis/id6_id23_0006.mp4,1,0.9998909
/home/tianlong/Downloads/celebdf/Celeb-synthesis/id48_id45_0002.mp4,1,0.5523473
/home/tianlong/Downloads/celebdf/Celeb-synthesis/id46_id45_0001.mp4,1,0.91136074
/home/tianlong/Downloads/celebdf/Celeb-synthesis/id28_id21_0006.mp4,1,0.31910163
/home/tianlong/Downloads/celebdf/Celeb-synthesis/id12_id10_0005.mp4,1,0.23500971
/home/tianlong/Downloads/celebdf/Celeb-synthesis/id54_id56_0000.mp4,1,0.99618846
/home/tianlong/Downloads/celebdf/Celeb-synthesis/id39_id47_0004.mp4,1,0.70464945
/home/tianlong/Downloads/celebdf/Celeb-synthesis/id9_id3_0009.mp4,1,0.9645068
/home/tianlong/Downloads/celebdf/Celeb-synthesis/id35_id16_0007.mp4,1,0.8560595
/home/tianlong/Downloads/celebdf/Celeb-synthesis/id21_id2_0002.mp4,1,0.9662606
/home/tianlong/Downloads/celebdf/Celeb-synthesis/id12_id10_0002.mp4,1,0.8296889
/home/tianlong/Downloads/celebdf/Celeb-synthesis/id10_id13_0007.mp4,1,0.98654306
/home/tianlong/Downloads/celebdf/Celeb-synthesis/id20_id31_0008.mp4,1,0.3269321
/home/tianlong/Downloads/celebdf/Celeb-synthesis/id0_id16_0003.mp4,1,0.99991333
/home/tianlong/Downloads/celebdf/Celeb-synthesis/id0_id16_0007.mp4,1,0.99958986
/home/tianlong/Downloads/celebdf/Celeb-synthesis/id2_id16_0004.mp4,1,0.9741052
/home/tianlong/Downloads/celebdf/Celeb-synthesis/id13_id7_0012.mp4,1,0.8664437
/home/tianlong/Downloads/celebdf/Celeb-synthesis/id37_id1_0002.mp4,1,0.86333674
/home/tianlong/Downloads/celebdf/Celeb-synthesis/id30_id28_0004.mp4,1,0.9997876
/home/tianlong/Downloads/celebdf/Celeb-synthesis/id53_id52_0003.mp4,1,0.427042
/home/tianlong/Downloads/celebdf/Celeb-synthesis/id54_id56_0006.mp4,1,0.5680491
/home/tianlong/Downloads/celebdf/Celeb-synthesis/id3_id28_0002.mp4,1,0.9982957
/home/tianlong/Downloads/celebdf/Celeb-synthesis/id37_id4_0000.mp4,1,0.9739483
/home/tianlong/Downloads/celebdf/Celeb-synthesis/id28_id9_0000.mp4,1,0.9730353
/home/tianlong/Downloads/celebdf/Celeb-synthesis/id4_id2_0003.mp4,1,0.7203837
/home/tianlong/Downloads/celebdf/Celeb-synthesis/id25_id21_0005.mp4,1,0.9987878
/home/tianlong/Downloads/celebdf/Celeb-synthesis/id17_id3_0007.mp4,1,0.9936752
/home/tianlong/Downloads/celebdf/Celeb-synthesis/id2_id1_0004.mp4,1,0.91407967
/home/tianlong/Downloads/celebdf/Celeb-synthesis/id3_id9_0003.mp4,1,0.97418445
/home/tianlong/Downloads/celebdf/Celeb-synthesis/id16_id6_0001.mp4,1,0.9986571
/home/tianlong/Downloads/celebdf/Celeb-synthesis/id8_id6_0002.mp4,1,0.9971349
/home/tianlong/Downloads/celebdf/Celeb-synthesis/id17_id16_0007.mp4,1,0.99394494
/home/tianlong/Downloads/celebdf/Celeb-synthesis/id4_id26_0007.mp4,1,0.8988751
/home/tianlong/Downloads/celebdf/Celeb-synthesis/id44_id45_0000.mp4,1,0.99350893
/home/tianlong/Downloads/celebdf/Celeb-synthesis/id0_id1_0005.mp4,1,0.99738294
/home/tianlong/Downloads/celebdf/Celeb-synthesis/id57_id51_0000.mp4,1,0.9858726
/home/tianlong/Downloads/celebdf/Celeb-synthesis/id34_id32_0007.mp4,1,0.534546
/home/tianlong/Downloads/celebdf/Celeb-synthesis/id32_id31_0006.mp4,1,0.9921749
/home/tianlong/Downloads/celebdf/Celeb-synthesis/id48_id41_0001.mp4,1,0.48357397
/home/tianlong/Downloads/celebdf/Celeb-synthesis/id4_id0_0004.mp4,1,0.99493235
/home/tianlong/Downloads/celebdf/Celeb-synthesis/id21_id19_0009.mp4,1,0.21752112
/home/tianlong/Downloads/celebdf/Celeb-synthesis/id45_id39_0008.mp4,1,0.996082
/home/tianlong/Downloads/celebdf/Celeb-synthesis/id31_id30_0009.mp4,1,0.91139567
/home/tianlong/Downloads/celebdf/Celeb-synthesis/id27_id19_0001.mp4,1,0.85640216
/home/tianlong/Downloads/celebdf/Celeb-synthesis/id23_id16_0003.mp4,1,0.718489
/home/tianlong/Downloads/celebdf/Celeb-synthesis/id58_id57_0008.mp4,1,0.9496548
/home/tianlong/Downloads/celebdf/Celeb-synthesis/id17_id2_0007.mp4,1,0.9981674
/home/tianlong/Downloads/celebdf/Celeb-synthesis/id28_id3_0001.mp4,1,0.79727906
/home/tianlong/Downloads/celebdf/Celeb-synthesis/id23_id35_0009.mp4,1,0.9623243
/home/tianlong/Downloads/celebdf/Celeb-synthesis/id4_id0_0001.mp4,1,0.28829965
/home/tianlong/Downloads/celebdf/Celeb-synthesis/id17_id31_0009.mp4,1,0.8382721
/home/tianlong/Downloads/celebdf/Celeb-synthesis/id48_id47_0008.mp4,1,0.984861
/home/tianlong/Downloads/celebdf/Celeb-synthesis/id50_id49_0001.mp4,1,0.86391807
/home/tianlong/Downloads/celebdf/Celeb-synthesis/id20_id1_0003.mp4,1,0.9891144
/home/tianlong/Downloads/celebdf/Celeb-synthesis/id16_id3_0010.mp4,1,0.9651845
/home/tianlong/Downloads/celebdf/Celeb-synthesis/id23_id19_0000.mp4,1,0.9947054
/home/tianlong/Downloads/celebdf/Celeb-synthesis/id1_id3_0009.mp4,1,0.405212
/home/tianlong/Downloads/celebdf/Celeb-synthesis/id43_id40_0005.mp4,1,0.06426485
/home/tianlong/Downloads/celebdf/Celeb-synthesis/id4_id6_0002.mp4,1,0.99864393
/home/tianlong/Downloads/celebdf/Celeb-synthesis/id10_id7_0008.mp4,1,0.94759333
/home/tianlong/Downloads/celebdf/Celeb-synthesis/id13_id10_0008.mp4,1,0.7422131
/home/tianlong/Downloads/celebdf/Celeb-synthesis/id12_id7_0006.mp4,1,0.9985065
/home/tianlong/Downloads/celebdf/Celeb-synthesis/id6_id2_0008.mp4,1,0.99491644
/home/tianlong/Downloads/celebdf/Celeb-synthesis/id2_id0_0002.mp4,1,0.9665708
/home/tianlong/Downloads/celebdf/Celeb-synthesis/id2_id6_0002.mp4,1,0.98639977
/home/tianlong/Downloads/celebdf/Celeb-synthesis/id30_id28_0006.mp4,1,0.96964127
/home/tianlong/Downloads/celebdf/Celeb-synthesis/id52_id50_0007.mp4,1,0.97222036
/home/tianlong/Downloads/celebdf/Celeb-synthesis/id49_id52_0007.mp4,1,0.9997701
/home/tianlong/Downloads/celebdf/Celeb-synthesis/id51_id50_0008.mp4,1,0.9900293
/home/tianlong/Downloads/celebdf/Celeb-synthesis/id21_id3_0009.mp4,1,0.052097384
/home/tianlong/Downloads/celebdf/Celeb-synthesis/id31_id16_0002.mp4,1,0.9932962
/home/tianlong/Downloads/celebdf/Celeb-synthesis/id25_id28_0003.mp4,1,0.99340916
/home/tianlong/Downloads/celebdf/Celeb-synthesis/id21_id20_0006.mp4,1,0.6979292
/home/tianlong/Downloads/celebdf/Celeb-synthesis/id10_id7_0005.mp4,1,0.81765044
/home/tianlong/Downloads/celebdf/Celeb-synthesis/id38_id30_0006.mp4,1,0.9903798
/home/tianlong/Downloads/celebdf/Celeb-synthesis/id35_id30_0006.mp4,1,0.99872774
/home/tianlong/Downloads/celebdf/Celeb-synthesis/id20_id9_0008.mp4,1,0.6670109
/home/tianlong/Downloads/celebdf/Celeb-synthesis/id25_id23_0010.mp4,1,0.1342
/home/tianlong/Downloads/celebdf/Celeb-synthesis/id17_id21_0000.mp4,1,0.9984156
/home/tianlong/Downloads/celebdf/Celeb-synthesis/id45_id47_0002.mp4,1,0.91924906
/home/tianlong/Downloads/celebdf/Celeb-synthesis/id1_id3_0003.mp4,1,0.992597
/home/tianlong/Downloads/celebdf/Celeb-synthesis/id27_id26_0006.mp4,1,0.7472235
/home/tianlong/Downloads/celebdf/Celeb-synthesis/id44_id42_0001.mp4,1,0.86328363
/home/tianlong/Downloads/celebdf/Celeb-synthesis/id57_id53_0006.mp4,1,0.22740681
/home/tianlong/Downloads/celebdf/Celeb-synthesis/id43_id39_0000.mp4,1,0.5549469
/home/tianlong/Downloads/celebdf/Celeb-synthesis/id35_id16_0004.mp4,1,0.98098534
/home/tianlong/Downloads/celebdf/Celeb-synthesis/id42_id40_0001.mp4,1,0.99718386
/home/tianlong/Downloads/celebdf/Celeb-synthesis/id21_id2_0000.mp4,1,0.9267572
/home/tianlong/Downloads/celebdf/Celeb-synthesis/id37_id21_0000.mp4,1,0.3861399
/home/tianlong/Downloads/celebdf/Celeb-synthesis/id29_id38_0008.mp4,1,0.91700435
/home/tianlong/Downloads/celebdf/Celeb-synthesis/id39_id44_0000.mp4,1,0.9778324
/home/tianlong/Downloads/celebdf/Celeb-synthesis/id9_id6_0005.mp4,1,0.7686132
/home/tianlong/Downloads/celebdf/Celeb-synthesis/id0_id1_0001.mp4,1,0.99990773
/home/tianlong/Downloads/celebdf/Celeb-synthesis/id31_id2_0004.mp4,1,0.99439275
/home/tianlong/Downloads/celebdf/Celeb-synthesis/id38_id34_0003.mp4,1,0.99852777
/home/tianlong/Downloads/celebdf/Celeb-synthesis/id56_id57_0007.mp4,1,0.9996113
/home/tianlong/Downloads/celebdf/Celeb-synthesis/id52_id58_0005.mp4,1,0.99913067
/home/tianlong/Downloads/celebdf/Celeb-synthesis/id28_id4_0000.mp4,1,0.9578958
/home/tianlong/Downloads/celebdf/Celeb-synthesis/id22_id26_0005.mp4,1,0.9454504
/home/tianlong/Downloads/celebdf/Celeb-synthesis/id4_id30_0000.mp4,1,0.7835728
/home/tianlong/Downloads/celebdf/Celeb-synthesis/id29_id32_0003.mp4,1,0.9980414
/home/tianlong/Downloads/celebdf/Celeb-synthesis/id35_id20_0007.mp4,1,0.9814959
/home/tianlong/Downloads/celebdf/Celeb-synthesis/id1_id2_0007.mp4,1,0.99098516
/home/tianlong/Downloads/celebdf/Celeb-synthesis/id30_id3_0002.mp4,1,0.9991295
/home/tianlong/Downloads/celebdf/Celeb-synthesis/id22_id25_0001.mp4,1,0.96446836
/home/tianlong/Downloads/celebdf/Celeb-synthesis/id39_id44_0008.mp4,1,0.32372454
/home/tianlong/Downloads/celebdf/Celeb-synthesis/id34_id29_0008.mp4,1,0.9455797
/home/tianlong/Downloads/celebdf/Celeb-synthesis/id21_id28_0009.mp4,1,0.036433823
/home/tianlong/Downloads/celebdf/Celeb-synthesis/id30_id4_0001.mp4,1,0.9975988
/home/tianlong/Downloads/celebdf/Celeb-synthesis/id25_id19_0008.mp4,1,0.9930167
/home/tianlong/Downloads/celebdf/Celeb-synthesis/id21_id4_0002.mp4,1,0.97727144
/home/tianlong/Downloads/celebdf/Celeb-synthesis/id17_id28_0001.mp4,1,0.98167074
/home/tianlong/Downloads/celebdf/Celeb-synthesis/id6_id1_0007.mp4,1,0.9998031
/home/tianlong/Downloads/celebdf/Celeb-synthesis/id9_id2_0008.mp4,1,0.7992215
/home/tianlong/Downloads/celebdf/Celeb-synthesis/id8_id5_0008.mp4,1,0.9847039
/home/tianlong/Downloads/celebdf/Celeb-synthesis/id37_id3_0004.mp4,1,0.7312215
/home/tianlong/Downloads/celebdf/Celeb-synthesis/id17_id2_0003.mp4,1,0.9315909
