Video,Label,Prediction
/home/tianlong/Downloads/celebdf/YouTube-real/00170.mp4,0,0.9551162
/home/tianlong/Downloads/celebdf/YouTube-real/00208.mp4,0,0.18012612
/home/tianlong/Downloads/celebdf/YouTube-real/00063.mp4,0,0.9725011
/home/tianlong/Downloads/celebdf/YouTube-real/00024.mp4,0,0.531048
/home/tianlong/Downloads/celebdf/YouTube-real/00021.mp4,0,0.21199147
/home/tianlong/Downloads/celebdf/YouTube-real/00036.mp4,0,0.30098873
/home/tianlong/Downloads/celebdf/YouTube-real/00202.mp4,0,0.4183421
/home/tianlong/Downloads/celebdf/YouTube-real/00236.mp4,0,0.14941888
/home/tianlong/Downloads/celebdf/YouTube-real/00197.mp4,0,0.37805867
/home/tianlong/Downloads/celebdf/YouTube-real/00133.mp4,0,0.89735687
/home/tianlong/Downloads/celebdf/YouTube-real/00213.mp4,0,0.97571427
/home/tianlong/Downloads/celebdf/YouTube-real/00011.mp4,0,0.49753523
/home/tianlong/Downloads/celebdf/YouTube-real/00095.mp4,0,0.9709009
/home/tianlong/Downloads/celebdf/YouTube-real/00138.mp4,0,0.9470501
/home/tianlong/Downloads/celebdf/YouTube-real/00106.mp4,0,0.13525866
/home/tianlong/Downloads/celebdf/YouTube-real/00194.mp4,0,0.55079514
/home/tianlong/Downloads/celebdf/YouTube-real/00092.mp4,0,0.9683648
/home/tianlong/Downloads/celebdf/YouTube-real/00227.mp4,0,0.07680592
/home/tianlong/Downloads/celebdf/YouTube-real/00244.mp4,0,0.31747565
/home/tianlong/Downloads/celebdf/YouTube-real/00119.mp4,0,0.8103802
/home/tianlong/Downloads/celebdf/YouTube-real/00082.mp4,0,0.50351024
/home/tianlong/Downloads/celebdf/YouTube-real/00188.mp4,0,0.1736967
/home/tianlong/Downloads/celebdf/YouTube-real/00076.mp4,0,0.11261925
/home/tianlong/Downloads/celebdf/YouTube-real/00047.mp4,0,0.36043707
/home/tianlong/Downloads/celebdf/YouTube-real/00168.mp4,0,0.38497326
/home/tianlong/Downloads/celebdf/YouTube-real/00207.mp4,0,0.48007825
/home/tianlong/Downloads/celebdf/YouTube-real/00193.mp4,0,0.06595712
/home/tianlong/Downloads/celebdf/YouTube-real/00061.mp4,0,0.94840896
/home/tianlong/Downloads/celebdf/YouTube-real/00023.mp4,0,0.11856714
/home/tianlong/Downloads/celebdf/YouTube-real/00048.mp4,0,0.95959765
/home/tianlong/Downloads/celebdf/YouTube-real/00250.mp4,0,0.510693
/home/tianlong/Downloads/celebdf/YouTube-real/00251.mp4,0,0.45762876
/home/tianlong/Downloads/celebdf/YouTube-real/00252.mp4,0,0.42368564
/home/tianlong/Downloads/celebdf/YouTube-real/00253.mp4,0,0.15008485
/home/tianlong/Downloads/celebdf/YouTube-real/00254.mp4,0,0.97044367
/home/tianlong/Downloads/celebdf/YouTube-real/00255.mp4,0,0.07569118
/home/tianlong/Downloads/celebdf/YouTube-real/00256.mp4,0,0.102133386
/home/tianlong/Downloads/celebdf/YouTube-real/00257.mp4,0,0.38732448
/home/tianlong/Downloads/celebdf/YouTube-real/00258.mp4,0,0.092264906
/home/tianlong/Downloads/celebdf/YouTube-real/00259.mp4,0,0.9633676
/home/tianlong/Downloads/celebdf/YouTube-real/00260.mp4,0,0.63629955
/home/tianlong/Downloads/celebdf/YouTube-real/00261.mp4,0,0.52503943
/home/tianlong/Downloads/celebdf/YouTube-real/00262.mp4,0,0.48652068
/home/tianlong/Downloads/celebdf/YouTube-real/00263.mp4,0,0.0860861
/home/tianlong/Downloads/celebdf/YouTube-real/00264.mp4,0,0.07023721
/home/tianlong/Downloads/celebdf/YouTube-real/00265.mp4,0,0.5160492
/home/tianlong/Downloads/celebdf/YouTube-real/00266.mp4,0,0.5460053
/home/tianlong/Downloads/celebdf/YouTube-real/00267.mp4,0,0.07585878
/home/tianlong/Downloads/celebdf/YouTube-real/00268.mp4,0,0.8536125
/home/tianlong/Downloads/celebdf/YouTube-real/00269.mp4,0,0.52053624
/home/tianlong/Downloads/celebdf/YouTube-real/00270.mp4,0,0.15310688
/home/tianlong/Downloads/celebdf/YouTube-real/00271.mp4,0,0.9653125
/home/tianlong/Downloads/celebdf/YouTube-real/00272.mp4,0,0.5131496
/home/tianlong/Downloads/celebdf/YouTube-real/00273.mp4,0,0.21903895
/home/tianlong/Downloads/celebdf/YouTube-real/00274.mp4,0,0.083157055
/home/tianlong/Downloads/celebdf/YouTube-real/00275.mp4,0,0.5729213
/home/tianlong/Downloads/celebdf/YouTube-real/00276.mp4,0,0.07312874
/home/tianlong/Downloads/celebdf/YouTube-real/00277.mp4,0,0.11756541
/home/tianlong/Downloads/celebdf/YouTube-real/00278.mp4,0,0.4549419
/home/tianlong/Downloads/celebdf/YouTube-real/00279.mp4,0,0.96138114
/home/tianlong/Downloads/celebdf/YouTube-real/00280.mp4,0,0.40047213
/home/tianlong/Downloads/celebdf/YouTube-real/00281.mp4,0,0.44410366
/home/tianlong/Downloads/celebdf/YouTube-real/00282.mp4,0,0.9543657
/home/tianlong/Downloads/celebdf/YouTube-real/00283.mp4,0,0.9734355
/home/tianlong/Downloads/celebdf/YouTube-real/00284.mp4,0,0.3959521
/home/tianlong/Downloads/celebdf/YouTube-real/00285.mp4,0,0.6069046
/home/tianlong/Downloads/celebdf/YouTube-real/00286.mp4,0,0.9424374
/home/tianlong/Downloads/celebdf/YouTube-real/00287.mp4,0,0.35516116
/home/tianlong/Downloads/celebdf/YouTube-real/00288.mp4,0,0.18559451
/home/tianlong/Downloads/celebdf/YouTube-real/00289.mp4,0,0.28657395
/home/tianlong/Downloads/celebdf/Celeb-real/id1_0007.mp4,0,0.3923179
/home/tianlong/Downloads/celebdf/Celeb-real/id2_0008.mp4,0,0.079216026
/home/tianlong/Downloads/celebdf/Celeb-real/id3_0001.mp4,0,0.0765283
/home/tianlong/Downloads/celebdf/Celeb-real/id6_0005.mp4,0,0.96861666
/home/tianlong/Downloads/celebdf/Celeb-real/id9_0000.mp4,0,0.4811049
/home/tianlong/Downloads/celebdf/Celeb-real/id11_0008.mp4,0,0.5832115
/home/tianlong/Downloads/celebdf/Celeb-real/id16_0011.mp4,0,0.7108974
/home/tianlong/Downloads/celebdf/Celeb-real/id17_0000.mp4,0,0.31805053
/home/tianlong/Downloads/celebdf/Celeb-real/id35_0008.mp4,0,0.4223491
/home/tianlong/Downloads/celebdf/Celeb-real/id39_0005.mp4,0,0.27156827
/home/tianlong/Downloads/celebdf/Celeb-real/id48_0000.mp4,0,0.95431095
/home/tianlong/Downloads/celebdf/Celeb-real/id32_0008.mp4,0,0.96297455
/home/tianlong/Downloads/celebdf/Celeb-real/id56_0009.mp4,0,0.18391208
/home/tianlong/Downloads/celebdf/Celeb-real/id54_0007.mp4,0,0.12160223
/home/tianlong/Downloads/celebdf/Celeb-real/id37_0005.mp4,0,0.20870386
/home/tianlong/Downloads/celebdf/Celeb-real/id29_0008.mp4,0,0.80544233
/home/tianlong/Downloads/celebdf/Celeb-real/id43_0006.mp4,0,0.07404706
/home/tianlong/Downloads/celebdf/Celeb-real/id1_0006.mp4,0,0.3895834
/home/tianlong/Downloads/celebdf/Celeb-real/id51_0001.mp4,0,0.09783339
/home/tianlong/Downloads/celebdf/Celeb-real/id31_0007.mp4,0,0.069035016
/home/tianlong/Downloads/celebdf/Celeb-real/id2_0003.mp4,0,0.14137174
/home/tianlong/Downloads/celebdf/Celeb-real/id21_0009.mp4,0,0.58032864
/home/tianlong/Downloads/celebdf/Celeb-real/id50_0003.mp4,0,0.067556694
/home/tianlong/Downloads/celebdf/Celeb-real/id21_0006.mp4,0,0.093240395
/home/tianlong/Downloads/celebdf/Celeb-real/id44_0003.mp4,0,0.098319806
/home/tianlong/Downloads/celebdf/Celeb-real/id36_0006.mp4,0,0.5307329
/home/tianlong/Downloads/celebdf/Celeb-real/id36_0008.mp4,0,0.110498495
/home/tianlong/Downloads/celebdf/Celeb-real/id1_0008.mp4,0,0.34074676
/home/tianlong/Downloads/celebdf/Celeb-real/id45_0003.mp4,0,0.52311665
/home/tianlong/Downloads/celebdf/Celeb-real/id48_0003.mp4,0,0.08252327
/home/tianlong/Downloads/celebdf/Celeb-real/id23_0001.mp4,0,0.25887772
/home/tianlong/Downloads/celebdf/Celeb-real/id16_0010.mp4,0,0.15640594
/home/tianlong/Downloads/celebdf/Celeb-real/id31_0004.mp4,0,0.12930718
/home/tianlong/Downloads/celebdf/Celeb-real/id35_0000.mp4,0,0.9508532
/home/tianlong/Downloads/celebdf/Celeb-real/id58_0002.mp4,0,0.15868185
/home/tianlong/Downloads/celebdf/Celeb-real/id30_0007.mp4,0,0.24727659
/home/tianlong/Downloads/celebdf/Celeb-real/id12_0005.mp4,0,0.081012085
/home/tianlong/Downloads/celebdf/Celeb-real/id56_0002.mp4,0,0.24426298
/home/tianlong/Downloads/celebdf/Celeb-real/id33_0005.mp4,0,0.81507605
/home/tianlong/Downloads/celebdf/Celeb-real/id29_0009.mp4,0,0.51439935
/home/tianlong/Downloads/celebdf/Celeb-real/id13_0013.mp4,0,0.8411394
/home/tianlong/Downloads/celebdf/Celeb-real/id28_0009.mp4,0,0.5567182
/home/tianlong/Downloads/celebdf/Celeb-real/id36_0000.mp4,0,0.17618462
/home/tianlong/Downloads/celebdf/Celeb-real/id24_0009.mp4,0,0.9660651
/home/tianlong/Downloads/celebdf/Celeb-real/id39_0004.mp4,0,0.78931516
/home/tianlong/Downloads/celebdf/Celeb-real/id27_0008.mp4,0,0.2147441
/home/tianlong/Downloads/celebdf/Celeb-real/id11_0006.mp4,0,0.36001077
/home/tianlong/Downloads/celebdf/Celeb-real/id19_0007.mp4,0,0.11707731
/home/tianlong/Downloads/celebdf/Celeb-real/id37_0009.mp4,0,0.52894586
/home/tianlong/Downloads/celebdf/Celeb-real/id3_0008.mp4,0,0.09083767
/home/tianlong/Downloads/celebdf/Celeb-real/id46_0000.mp4,0,0.17881511
/home/tianlong/Downloads/celebdf/Celeb-real/id33_0008.mp4,0,0.14972885
/home/tianlong/Downloads/celebdf/Celeb-real/id8_0000.mp4,0,0.25156298
/home/tianlong/Downloads/celebdf/Celeb-real/id16_0007.mp4,0,0.08921927
/home/tianlong/Downloads/celebdf/Celeb-real/id1_0001.mp4,0,0.47574252
/home/tianlong/Downloads/celebdf/Celeb-real/id32_0002.mp4,0,0.8914395
/home/tianlong/Downloads/celebdf/Celeb-real/id19_0005.mp4,0,0.07122282
/home/tianlong/Downloads/celebdf/Celeb-real/id27_0009.mp4,0,0.08371118
/home/tianlong/Downloads/celebdf/Celeb-real/id2_0001.mp4,0,0.10983007
/home/tianlong/Downloads/celebdf/Celeb-real/id13_0011.mp4,0,0.10079058
/home/tianlong/Downloads/celebdf/Celeb-real/id49_0004.mp4,0,0.600074
/home/tianlong/Downloads/celebdf/Celeb-real/id57_0007.mp4,0,0.6025918
/home/tianlong/Downloads/celebdf/Celeb-real/id26_0008.mp4,0,0.9029156
/home/tianlong/Downloads/celebdf/Celeb-real/id2_0004.mp4,0,0.8137715
/home/tianlong/Downloads/celebdf/Celeb-real/id36_0001.mp4,0,0.83369803
/home/tianlong/Downloads/celebdf/Celeb-real/id0_0001.mp4,0,0.5242471
/home/tianlong/Downloads/celebdf/Celeb-real/id10_0007.mp4,0,0.05969332
/home/tianlong/Downloads/celebdf/Celeb-real/id17_0002.mp4,0,0.94752175
/home/tianlong/Downloads/celebdf/Celeb-real/id4_0004.mp4,0,0.096685395
/home/tianlong/Downloads/celebdf/Celeb-real/id36_0002.mp4,0,0.52844685
/home/tianlong/Downloads/celebdf/Celeb-real/id53_0003.mp4,0,0.938474
/home/tianlong/Downloads/celebdf/Celeb-real/id25_0010.mp4,0,0.6646613
/home/tianlong/Downloads/celebdf/Celeb-real/id51_0006.mp4,0,0.7615523
/home/tianlong/Downloads/celebdf/Celeb-real/id22_0000.mp4,0,0.10075443
/home/tianlong/Downloads/celebdf/Celeb-real/id10_0001.mp4,0,0.13154478
/home/tianlong/Downloads/celebdf/Celeb-real/id6_0002.mp4,0,0.38646096
/home/tianlong/Downloads/celebdf/Celeb-real/id12_0000.mp4,0,0.49687427
/home/tianlong/Downloads/celebdf/Celeb-real/id35_0003.mp4,0,0.96375597
/home/tianlong/Downloads/celebdf/Celeb-real/id3_0002.mp4,0,0.35686868
/home/tianlong/Downloads/celebdf/Celeb-real/id31_0003.mp4,0,0.17290924
/home/tianlong/Downloads/celebdf/Celeb-real/id52_0002.mp4,0,0.74744684
/home/tianlong/Downloads/celebdf/Celeb-real/id2_0002.mp4,0,0.06611855
/home/tianlong/Downloads/celebdf/Celeb-real/id44_0001.mp4,0,0.19191527
/home/tianlong/Downloads/celebdf/Celeb-real/id8_0009.mp4,0,0.08832369
/home/tianlong/Downloads/celebdf/Celeb-real/id33_0002.mp4,0,0.26618367
/home/tianlong/Downloads/celebdf/Celeb-real/id50_0000.mp4,0,0.55982006
/home/tianlong/Downloads/celebdf/Celeb-real/id40_0003.mp4,0,0.14351682
/home/tianlong/Downloads/celebdf/Celeb-real/id7_0006.mp4,0,0.13015623
/home/tianlong/Downloads/celebdf/Celeb-real/id53_0007.mp4,0,0.382692
/home/tianlong/Downloads/celebdf/Celeb-real/id43_0002.mp4,0,0.9653305
/home/tianlong/Downloads/celebdf/Celeb-real/id56_0000.mp4,0,0.5953852
/home/tianlong/Downloads/celebdf/Celeb-real/id13_0004.mp4,0,0.11234694
/home/tianlong/Downloads/celebdf/Celeb-real/id43_0001.mp4,0,0.10162814
/home/tianlong/Downloads/celebdf/Celeb-real/id20_0008.mp4,0,0.9639554
/home/tianlong/Downloads/celebdf/Celeb-real/id28_0004.mp4,0,0.94369406
/home/tianlong/Downloads/celebdf/Celeb-real/id22_0009.mp4,0,0.6841891
/home/tianlong/Downloads/celebdf/Celeb-real/id53_0000.mp4,0,0.62518597
/home/tianlong/Downloads/celebdf/Celeb-real/id50_0006.mp4,0,0.96029115
/home/tianlong/Downloads/celebdf/Celeb-real/id32_0003.mp4,0,0.9569871
/home/tianlong/Downloads/celebdf/Celeb-real/id32_0006.mp4,0,0.90892494
/home/tianlong/Downloads/celebdf/Celeb-real/id57_0003.mp4,0,0.5331823
/home/tianlong/Downloads/celebdf/Celeb-real/id37_0004.mp4,0,0.08413096
/home/tianlong/Downloads/celebdf/Celeb-real/id28_0007.mp4,0,0.19621375
/home/tianlong/Downloads/celebdf/Celeb-real/id52_0001.mp4,0,0.20463218
/home/tianlong/Downloads/celebdf/Celeb-real/id40_0009.mp4,0,0.88081795
/home/tianlong/Downloads/celebdf/Celeb-real/id51_0005.mp4,0,0.70930475
/home/tianlong/Downloads/celebdf/Celeb-real/id34_0006.mp4,0,0.80928564
/home/tianlong/Downloads/celebdf/Celeb-real/id42_0002.mp4,0,0.06225998
/home/tianlong/Downloads/celebdf/Celeb-synthesis/id1_id0_0007.mp4,1,0.88634336
/home/tianlong/Downloads/celebdf/Celeb-synthesis/id1_id3_0007.mp4,1,0.6109216
/home/tianlong/Downloads/celebdf/Celeb-synthesis/id1_id4_0007.mp4,1,0.97528505
/home/tianlong/Downloads/celebdf/Celeb-synthesis/id1_id9_0007.mp4,1,0.97300684
/home/tianlong/Downloads/celebdf/Celeb-synthesis/id1_id16_0007.mp4,1,0.9759896
/home/tianlong/Downloads/celebdf/Celeb-synthesis/id1_id17_0007.mp4,1,0.98223466
/home/tianlong/Downloads/celebdf/Celeb-synthesis/id2_id0_0008.mp4,1,0.093201496
/home/tianlong/Downloads/celebdf/Celeb-synthesis/id2_id3_0008.mp4,1,0.3102853
/home/tianlong/Downloads/celebdf/Celeb-synthesis/id2_id9_0008.mp4,1,0.15147199
/home/tianlong/Downloads/celebdf/Celeb-synthesis/id3_id1_0001.mp4,1,0.46416855
/home/tianlong/Downloads/celebdf/Celeb-synthesis/id3_id2_0001.mp4,1,0.1402224
/home/tianlong/Downloads/celebdf/Celeb-synthesis/id3_id4_0001.mp4,1,0.6552867
/home/tianlong/Downloads/celebdf/Celeb-synthesis/id3_id6_0001.mp4,1,0.8290964
/home/tianlong/Downloads/celebdf/Celeb-synthesis/id3_id9_0001.mp4,1,0.15380467
/home/tianlong/Downloads/celebdf/Celeb-synthesis/id3_id16_0001.mp4,1,0.15668146
/home/tianlong/Downloads/celebdf/Celeb-synthesis/id4_id1_0003.mp4,1,0.95627904
/home/tianlong/Downloads/celebdf/Celeb-synthesis/id6_id0_0005.mp4,1,0.9751015
/home/tianlong/Downloads/celebdf/Celeb-synthesis/id6_id1_0005.mp4,1,0.9294121
/home/tianlong/Downloads/celebdf/Celeb-synthesis/id6_id2_0005.mp4,1,0.958199
/home/tianlong/Downloads/celebdf/Celeb-synthesis/id6_id3_0005.mp4,1,0.6369962
/home/tianlong/Downloads/celebdf/Celeb-synthesis/id6_id16_0005.mp4,1,0.96811366
/home/tianlong/Downloads/celebdf/Celeb-synthesis/id7_id10_0009.mp4,1,0.08601667
/home/tianlong/Downloads/celebdf/Celeb-synthesis/id7_id11_0009.mp4,1,0.08800421
/home/tianlong/Downloads/celebdf/Celeb-synthesis/id7_id13_0009.mp4,1,0.118986756
/home/tianlong/Downloads/celebdf/Celeb-synthesis/id9_id0_0000.mp4,1,0.95318395
/home/tianlong/Downloads/celebdf/Celeb-synthesis/id9_id1_0000.mp4,1,0.9647387
/home/tianlong/Downloads/celebdf/Celeb-synthesis/id9_id2_0000.mp4,1,0.9539968
/home/tianlong/Downloads/celebdf/Celeb-synthesis/id9_id3_0000.mp4,1,0.96816564
/home/tianlong/Downloads/celebdf/Celeb-synthesis/id9_id6_0000.mp4,1,0.97338796
/home/tianlong/Downloads/celebdf/Celeb-synthesis/id9_id16_0000.mp4,1,0.9669652
/home/tianlong/Downloads/celebdf/Celeb-synthesis/id10_id7_0004.mp4,1,0.17404692
/home/tianlong/Downloads/celebdf/Celeb-synthesis/id10_id11_0004.mp4,1,0.17392658
/home/tianlong/Downloads/celebdf/Celeb-synthesis/id10_id12_0004.mp4,1,0.25476235
/home/tianlong/Downloads/celebdf/Celeb-synthesis/id10_id13_0004.mp4,1,0.10203843
/home/tianlong/Downloads/celebdf/Celeb-synthesis/id10_id7_0001.mp4,1,0.38742292
/home/tianlong/Downloads/celebdf/Celeb-synthesis/id10_id11_0001.mp4,1,0.44659266
/home/tianlong/Downloads/celebdf/Celeb-synthesis/id10_id12_0001.mp4,1,0.22464648
/home/tianlong/Downloads/celebdf/Celeb-synthesis/id10_id13_0001.mp4,1,0.16845833
/home/tianlong/Downloads/celebdf/Celeb-synthesis/id11_id7_0008.mp4,1,0.7192691
/home/tianlong/Downloads/celebdf/Celeb-synthesis/id16_id0_0011.mp4,1,0.40019307
/home/tianlong/Downloads/celebdf/Celeb-synthesis/id16_id1_0011.mp4,1,0.95655257
/home/tianlong/Downloads/celebdf/Celeb-synthesis/id16_id2_0011.mp4,1,0.3810028
/home/tianlong/Downloads/celebdf/Celeb-synthesis/id16_id3_0011.mp4,1,0.43377033
/home/tianlong/Downloads/celebdf/Celeb-synthesis/id16_id6_0011.mp4,1,0.9347336
/home/tianlong/Downloads/celebdf/Celeb-synthesis/id17_id0_0000.mp4,1,0.51198524
/home/tianlong/Downloads/celebdf/Celeb-synthesis/id17_id1_0000.mp4,1,0.15368931
/home/tianlong/Downloads/celebdf/Celeb-synthesis/id17_id2_0000.mp4,1,0.1652297
/home/tianlong/Downloads/celebdf/Celeb-synthesis/id17_id3_0000.mp4,1,0.17921968
/home/tianlong/Downloads/celebdf/Celeb-synthesis/id17_id6_0000.mp4,1,0.4816531
/home/tianlong/Downloads/celebdf/Celeb-synthesis/id17_id9_0000.mp4,1,0.07738544
/home/tianlong/Downloads/celebdf/Celeb-synthesis/id17_id16_0000.mp4,1,0.5668072
/home/tianlong/Downloads/celebdf/Celeb-synthesis/id16_id20_0000.mp4,1,0.16665727
/home/tianlong/Downloads/celebdf/Celeb-synthesis/id17_id23_0000.mp4,1,0.9515998
/home/tianlong/Downloads/celebdf/Celeb-synthesis/id3_id28_0001.mp4,1,0.12624958
/home/tianlong/Downloads/celebdf/Celeb-synthesis/id35_id32_0007.mp4,1,0.9681648
/home/tianlong/Downloads/celebdf/Celeb-synthesis/id30_id26_0004.mp4,1,0.85047585
/home/tianlong/Downloads/celebdf/Celeb-synthesis/id16_id20_0006.mp4,1,0.89887017
/home/tianlong/Downloads/celebdf/Celeb-synthesis/id4_id20_0001.mp4,1,0.88143414
/home/tianlong/Downloads/celebdf/Celeb-synthesis/id26_id3_0002.mp4,1,0.9516378
/home/tianlong/Downloads/celebdf/Celeb-synthesis/id20_id31_0006.mp4,1,0.968801
/home/tianlong/Downloads/celebdf/Celeb-synthesis/id6_id23_0001.mp4,1,0.9594087
/home/tianlong/Downloads/celebdf/Celeb-synthesis/id9_id23_0009.mp4,1,0.8867745
/home/tianlong/Downloads/celebdf/Celeb-synthesis/id32_id33_0002.mp4,1,0.9076359
/home/tianlong/Downloads/celebdf/Celeb-synthesis/id16_id20_0012.mp4,1,0.23518588
/home/tianlong/Downloads/celebdf/Celeb-synthesis/id29_id30_0000.mp4,1,0.9529243
/home/tianlong/Downloads/celebdf/Celeb-synthesis/id3_id20_0008.mp4,1,0.90219605
/home/tianlong/Downloads/celebdf/Celeb-synthesis/id22_id27_0001.mp4,1,0.4976727
/home/tianlong/Downloads/celebdf/Celeb-synthesis/id27_id21_0002.mp4,1,0.95991063
/home/tianlong/Downloads/celebdf/Celeb-synthesis/id29_id35_0000.mp4,1,0.96162194
/home/tianlong/Downloads/celebdf/Celeb-synthesis/id21_id19_0005.mp4,1,0.96427983
/home/tianlong/Downloads/celebdf/Celeb-synthesis/id23_id26_0003.mp4,1,0.96737736
/home/tianlong/Downloads/celebdf/Celeb-synthesis/id30_id35_0009.mp4,1,0.971144
/home/tianlong/Downloads/celebdf/Celeb-synthesis/id9_id26_0000.mp4,1,0.9718412
/home/tianlong/Downloads/celebdf/Celeb-synthesis/id33_id32_0006.mp4,1,0.971201
/home/tianlong/Downloads/celebdf/Celeb-synthesis/id30_id34_0003.mp4,1,0.71059763
/home/tianlong/Downloads/celebdf/Celeb-synthesis/id29_id37_0008.mp4,1,0.9711557
/home/tianlong/Downloads/celebdf/Celeb-synthesis/id35_id31_0006.mp4,1,0.9427564
/home/tianlong/Downloads/celebdf/Celeb-synthesis/id37_id34_0008.mp4,1,0.5998708
/home/tianlong/Downloads/celebdf/Celeb-synthesis/id26_id16_0001.mp4,1,0.73466736
/home/tianlong/Downloads/celebdf/Celeb-synthesis/id17_id23_0009.mp4,1,0.9689661
/home/tianlong/Downloads/celebdf/Celeb-synthesis/id6_id20_0007.mp4,1,0.4209987
/home/tianlong/Downloads/celebdf/Celeb-synthesis/id1_id20_0001.mp4,1,0.56623465
/home/tianlong/Downloads/celebdf/Celeb-synthesis/id1_id23_0006.mp4,1,0.9334733
/home/tianlong/Downloads/celebdf/Celeb-synthesis/id37_id35_0001.mp4,1,0.9664224
/home/tianlong/Downloads/celebdf/Celeb-synthesis/id4_id23_0006.mp4,1,0.9742414
/home/tianlong/Downloads/celebdf/Celeb-synthesis/id17_id26_0006.mp4,1,0.9723398
/home/tianlong/Downloads/celebdf/Celeb-synthesis/id20_id1_0007.mp4,1,0.22110416
/home/tianlong/Downloads/celebdf/Celeb-synthesis/id0_id26_0009.mp4,1,0.65811884
/home/tianlong/Downloads/celebdf/Celeb-synthesis/id38_id33_0005.mp4,1,0.9701873
/home/tianlong/Downloads/celebdf/Celeb-synthesis/id28_id35_0008.mp4,1,0.97278297
/home/tianlong/Downloads/celebdf/Celeb-synthesis/id23_id35_0006.mp4,1,0.9462759
/home/tianlong/Downloads/celebdf/Celeb-synthesis/id6_id28_0002.mp4,1,0.5573188
/home/tianlong/Downloads/celebdf/Celeb-synthesis/id35_id28_0006.mp4,1,0.07409636
/home/tianlong/Downloads/celebdf/Celeb-synthesis/id32_id31_0008.mp4,1,0.9676618
/home/tianlong/Downloads/celebdf/Celeb-synthesis/id38_id34_0004.mp4,1,0.9719082
/home/tianlong/Downloads/celebdf/Celeb-synthesis/id3_id28_0009.mp4,1,0.97608554
/home/tianlong/Downloads/celebdf/Celeb-synthesis/id37_id28_0007.mp4,1,0.5135204
/home/tianlong/Downloads/celebdf/Celeb-synthesis/id1_id20_0002.mp4,1,0.47543254
/home/tianlong/Downloads/celebdf/Celeb-synthesis/id37_id31_0008.mp4,1,0.59265786
/home/tianlong/Downloads/celebdf/Celeb-synthesis/id30_id23_0007.mp4,1,0.64891213
/home/tianlong/Downloads/celebdf/Celeb-synthesis/id28_id26_0000.mp4,1,0.968832
/home/tianlong/Downloads/celebdf/Celeb-synthesis/id2_id28_0003.mp4,1,0.97401434
/home/tianlong/Downloads/celebdf/Celeb-synthesis/id27_id24_0007.mp4,1,0.96624523
/home/tianlong/Downloads/celebdf/Celeb-synthesis/id30_id32_0006.mp4,1,0.9563379
/home/tianlong/Downloads/celebdf/Celeb-synthesis/id35_id31_0009.mp4,1,0.96118486
/home/tianlong/Downloads/celebdf/Celeb-synthesis/id4_id21_0004.mp4,1,0.24313165
/home/tianlong/Downloads/celebdf/Celeb-synthesis/id37_id21_0005.mp4,1,0.9585793
/home/tianlong/Downloads/celebdf/Celeb-synthesis/id30_id21_0002.mp4,1,0.95392746
/home/tianlong/Downloads/celebdf/Celeb-synthesis/id16_id23_0011.mp4,1,0.96474355
/home/tianlong/Downloads/celebdf/Celeb-synthesis/id9_id20_0002.mp4,1,0.92666847
/home/tianlong/Downloads/celebdf/Celeb-synthesis/id6_id21_0006.mp4,1,0.9550768
/home/tianlong/Downloads/celebdf/Celeb-synthesis/id20_id19_0002.mp4,1,0.9012742
/home/tianlong/Downloads/celebdf/Celeb-synthesis/id28_id4_0006.mp4,1,0.9753177
/home/tianlong/Downloads/celebdf/Celeb-synthesis/id35_id34_0002.mp4,1,0.9538403
/home/tianlong/Downloads/celebdf/Celeb-synthesis/id35_id26_0003.mp4,1,0.633466
/home/tianlong/Downloads/celebdf/Celeb-synthesis/id22_id28_0006.mp4,1,0.9591976
/home/tianlong/Downloads/celebdf/Celeb-synthesis/id30_id21_0005.mp4,1,0.94416696
/home/tianlong/Downloads/celebdf/Celeb-synthesis/id24_id20_0009.mp4,1,0.93946534
/home/tianlong/Downloads/celebdf/Celeb-synthesis/id4_id20_0000.mp4,1,0.541887
/home/tianlong/Downloads/celebdf/Celeb-synthesis/id2_id26_0001.mp4,1,0.9462432
/home/tianlong/Downloads/celebdf/Celeb-synthesis/id21_id6_0005.mp4,1,0.977503
/home/tianlong/Downloads/celebdf/Celeb-synthesis/id21_id9_0008.mp4,1,0.5971
/home/tianlong/Downloads/celebdf/Celeb-synthesis/id22_id21_0005.mp4,1,0.73629165
/home/tianlong/Downloads/celebdf/Celeb-synthesis/id22_id27_0005.mp4,1,0.6181199
/home/tianlong/Downloads/celebdf/Celeb-synthesis/id23_id2_0007.mp4,1,0.929714
/home/tianlong/Downloads/celebdf/Celeb-synthesis/id23_id3_0009.mp4,1,0.24221593
/home/tianlong/Downloads/celebdf/Celeb-synthesis/id24_id19_0000.mp4,1,0.9621241
/home/tianlong/Downloads/celebdf/Celeb-synthesis/id24_id21_0006.mp4,1,0.91022694
/home/tianlong/Downloads/celebdf/Celeb-synthesis/id24_id26_0009.mp4,1,0.9626235
/home/tianlong/Downloads/celebdf/Celeb-synthesis/id25_id19_0002.mp4,1,0.90852416
/home/tianlong/Downloads/celebdf/Celeb-synthesis/id25_id24_0003.mp4,1,0.6131175
/home/tianlong/Downloads/celebdf/Celeb-synthesis/id27_id21_0008.mp4,1,0.9540535
/home/tianlong/Downloads/celebdf/Celeb-synthesis/id27_id22_0007.mp4,1,0.8984456
/home/tianlong/Downloads/celebdf/Celeb-synthesis/id27_id25_0008.mp4,1,0.62498593
/home/tianlong/Downloads/celebdf/Celeb-synthesis/id28_id3_0004.mp4,1,0.877554
/home/tianlong/Downloads/celebdf/Celeb-synthesis/id28_id6_0006.mp4,1,0.9762081
/home/tianlong/Downloads/celebdf/Celeb-synthesis/id29_id32_0000.mp4,1,0.95334095
/home/tianlong/Downloads/celebdf/Celeb-synthesis/id29_id37_0009.mp4,1,0.577786
/home/tianlong/Downloads/celebdf/Celeb-synthesis/id30_id20_0004.mp4,1,0.950234
/home/tianlong/Downloads/celebdf/Celeb-synthesis/id30_id23_0002.mp4,1,0.95515114
/home/tianlong/Downloads/celebdf/Celeb-synthesis/id32_id33_0004.mp4,1,0.9707766
/home/tianlong/Downloads/celebdf/Celeb-synthesis/id33_id38_0001.mp4,1,0.90277433
/home/tianlong/Downloads/celebdf/Celeb-synthesis/id34_id33_0005.mp4,1,0.9576714
/home/tianlong/Downloads/celebdf/Celeb-synthesis/id35_id31_0007.mp4,1,0.9435059
/home/tianlong/Downloads/celebdf/Celeb-synthesis/id49_id52_0005.mp4,1,0.96301025
/home/tianlong/Downloads/celebdf/Celeb-synthesis/id9_id2_0006.mp4,1,0.54853255
/home/tianlong/Downloads/celebdf/Celeb-synthesis/id7_id11_0007.mp4,1,0.941553
/home/tianlong/Downloads/celebdf/Celeb-synthesis/id4_id37_0006.mp4,1,0.9745179
/home/tianlong/Downloads/celebdf/Celeb-synthesis/id37_id38_0009.mp4,1,0.68541265
/home/tianlong/Downloads/celebdf/Celeb-synthesis/id29_id30_0009.mp4,1,0.5997165
/home/tianlong/Downloads/celebdf/Celeb-synthesis/id0_id6_0007.mp4,1,0.92530197
/home/tianlong/Downloads/celebdf/Celeb-synthesis/id0_id16_0004.mp4,1,0.33804262
/home/tianlong/Downloads/celebdf/Celeb-synthesis/id31_id33_0008.mp4,1,0.93159616
/home/tianlong/Downloads/celebdf/Celeb-synthesis/id54_id49_0003.mp4,1,0.6815812
/home/tianlong/Downloads/celebdf/Celeb-synthesis/id0_id1_0000.mp4,1,0.597234
/home/tianlong/Downloads/celebdf/Celeb-synthesis/id21_id28_0001.mp4,1,0.9741383
/home/tianlong/Downloads/celebdf/Celeb-synthesis/id33_id29_0004.mp4,1,0.97131586
/home/tianlong/Downloads/celebdf/Celeb-synthesis/id28_id0_0009.mp4,1,0.93838215
/home/tianlong/Downloads/celebdf/Celeb-synthesis/id6_id9_0006.mp4,1,0.93520373
/home/tianlong/Downloads/celebdf/Celeb-synthesis/id9_id0_0006.mp4,1,0.461734
/home/tianlong/Downloads/celebdf/Celeb-synthesis/id26_id2_0005.mp4,1,0.2536534
/home/tianlong/Downloads/celebdf/Celeb-synthesis/id1_id3_0002.mp4,1,0.37976587
/home/tianlong/Downloads/celebdf/Celeb-synthesis/id4_id6_0008.mp4,1,0.9183922
/home/tianlong/Downloads/celebdf/Celeb-synthesis/id16_id28_0005.mp4,1,0.66457725
/home/tianlong/Downloads/celebdf/Celeb-synthesis/id37_id35_0005.mp4,1,0.96724117
/home/tianlong/Downloads/celebdf/Celeb-synthesis/id19_id20_0004.mp4,1,0.8936534
/home/tianlong/Downloads/celebdf/Celeb-synthesis/id46_id41_0000.mp4,1,0.1472303
/home/tianlong/Downloads/celebdf/Celeb-synthesis/id51_id57_0004.mp4,1,0.63512576
/home/tianlong/Downloads/celebdf/Celeb-synthesis/id29_id37_0005.mp4,1,0.9587789
/home/tianlong/Downloads/celebdf/Celeb-synthesis/id35_id23_0007.mp4,1,0.9776229
/home/tianlong/Downloads/celebdf/Celeb-synthesis/id34_id33_0002.mp4,1,0.9597979
/home/tianlong/Downloads/celebdf/Celeb-synthesis/id1_id3_0006.mp4,1,0.48986655
/home/tianlong/Downloads/celebdf/Celeb-synthesis/id13_id10_0005.mp4,1,0.06480917
/home/tianlong/Downloads/celebdf/Celeb-synthesis/id56_id55_0009.mp4,1,0.30156103
/home/tianlong/Downloads/celebdf/Celeb-synthesis/id25_id28_0010.mp4,1,0.9688487
/home/tianlong/Downloads/celebdf/Celeb-synthesis/id20_id37_0004.mp4,1,0.97722036
/home/tianlong/Downloads/celebdf/Celeb-synthesis/id37_id29_0002.mp4,1,0.45450696
/home/tianlong/Downloads/celebdf/Celeb-synthesis/id56_id54_0007.mp4,1,0.11943643
/home/tianlong/Downloads/celebdf/Celeb-synthesis/id19_id20_0000.mp4,1,0.25814933
/home/tianlong/Downloads/celebdf/Celeb-synthesis/id4_id28_0006.mp4,1,0.9733482
/home/tianlong/Downloads/celebdf/Celeb-synthesis/id53_id58_0005.mp4,1,0.953955
/home/tianlong/Downloads/celebdf/Celeb-synthesis/id55_id57_0002.mp4,1,0.92815834
/home/tianlong/Downloads/celebdf/Celeb-synthesis/id24_id26_0004.mp4,1,0.9666119
/home/tianlong/Downloads/celebdf/Celeb-synthesis/id20_id0_0006.mp4,1,0.9656217
/home/tianlong/Downloads/celebdf/Celeb-synthesis/id37_id2_0009.mp4,1,0.56545436
/home/tianlong/Downloads/celebdf/Celeb-synthesis/id30_id26_0006.mp4,1,0.96871
/home/tianlong/Downloads/celebdf/Celeb-synthesis/id16_id2_0001.mp4,1,0.25808343
/home/tianlong/Downloads/celebdf/Celeb-synthesis/id26_id1_0002.mp4,1,0.9727297
/home/tianlong/Downloads/celebdf/Celeb-synthesis/id30_id6_0007.mp4,1,0.819459
/home/tianlong/Downloads/celebdf/Celeb-synthesis/id44_id41_0005.mp4,1,0.34193772
/home/tianlong/Downloads/celebdf/Celeb-synthesis/id16_id2_0006.mp4,1,0.23068316
/home/tianlong/Downloads/celebdf/Celeb-synthesis/id1_id16_0004.mp4,1,0.75710106
/home/tianlong/Downloads/celebdf/Celeb-synthesis/id16_id21_0002.mp4,1,0.9130343
/home/tianlong/Downloads/celebdf/Celeb-synthesis/id4_id0_0000.mp4,1,0.93423927
/home/tianlong/Downloads/celebdf/Celeb-synthesis/id8_id0_0002.mp4,1,0.75024915
/home/tianlong/Downloads/celebdf/Celeb-synthesis/id19_id23_0001.mp4,1,0.62825114
/home/tianlong/Downloads/celebdf/Celeb-synthesis/id37_id3_0006.mp4,1,0.3852542
/home/tianlong/Downloads/celebdf/Celeb-synthesis/id9_id16_0007.mp4,1,0.74726796
/home/tianlong/Downloads/celebdf/Celeb-synthesis/id47_id43_0007.mp4,1,0.45140326
/home/tianlong/Downloads/celebdf/Celeb-synthesis/id16_id3_0009.mp4,1,0.111618675
/home/tianlong/Downloads/celebdf/Celeb-synthesis/id26_id28_0002.mp4,1,0.20738633
/home/tianlong/Downloads/celebdf/Celeb-synthesis/id8_id3_0003.mp4,1,0.50542665
/home/tianlong/Downloads/celebdf/Celeb-synthesis/id30_id28_0000.mp4,1,0.95600843
/home/tianlong/Downloads/celebdf/Celeb-synthesis/id27_id23_0008.mp4,1,0.97328067
/home/tianlong/Downloads/celebdf/Celeb-synthesis/id28_id20_0008.mp4,1,0.8190264
/home/tianlong/Downloads/celebdf/Celeb-synthesis/id1_id2_0002.mp4,1,0.4082926
/home/tianlong/Downloads/celebdf/Celeb-synthesis/id46_id39_0000.mp4,1,0.12724003
/home/tianlong/Downloads/celebdf/Celeb-synthesis/id37_id28_0008.mp4,1,0.2225254
/home/tianlong/Downloads/celebdf/Celeb-synthesis/id0_id3_0007.mp4,1,0.23232292
/home/tianlong/Downloads/celebdf/Celeb-synthesis/id4_id1_0002.mp4,1,0.9566996
/home/tianlong/Downloads/celebdf/Celeb-synthesis/id13_id7_0000.mp4,1,0.60410917
/home/tianlong/Downloads/celebdf/Celeb-synthesis/id50_id53_0000.mp4,1,0.96140116
/home/tianlong/Downloads/celebdf/Celeb-synthesis/id50_id56_0005.mp4,1,0.75278735
/home/tianlong/Downloads/celebdf/Celeb-synthesis/id4_id21_0009.mp4,1,0.9117951
/home/tianlong/Downloads/celebdf/Celeb-synthesis/id23_id3_0004.mp4,1,0.8804433
/home/tianlong/Downloads/celebdf/Celeb-synthesis/id56_id51_0000.mp4,1,0.91454166
/home/tianlong/Downloads/celebdf/Celeb-synthesis/id30_id3_0006.mp4,1,0.9666231
/home/tianlong/Downloads/celebdf/Celeb-synthesis/id28_id20_0006.mp4,1,0.64715177
/home/tianlong/Downloads/celebdf/Celeb-synthesis/id4_id20_0008.mp4,1,0.35834798
/home/tianlong/Downloads/celebdf/Celeb-synthesis/id54_id58_0006.mp4,1,0.96998423
/home/tianlong/Downloads/celebdf/Celeb-synthesis/id53_id57_0005.mp4,1,0.9692833
/home/tianlong/Downloads/celebdf/Celeb-synthesis/id31_id33_0009.mp4,1,0.59615475
/home/tianlong/Downloads/celebdf/Celeb-synthesis/id0_id21_0000.mp4,1,0.9564522
/home/tianlong/Downloads/celebdf/Celeb-synthesis/id6_id23_0006.mp4,1,0.96343786
/home/tianlong/Downloads/celebdf/Celeb-synthesis/id48_id45_0002.mp4,1,0.9461706
/home/tianlong/Downloads/celebdf/Celeb-synthesis/id46_id45_0001.mp4,1,0.15646233
/home/tianlong/Downloads/celebdf/Celeb-synthesis/id28_id21_0006.mp4,1,0.9705988
/home/tianlong/Downloads/celebdf/Celeb-synthesis/id12_id10_0005.mp4,1,0.16980864
/home/tianlong/Downloads/celebdf/Celeb-synthesis/id54_id56_0000.mp4,1,0.8984946
/home/tianlong/Downloads/celebdf/Celeb-synthesis/id39_id47_0004.mp4,1,0.97150844
/home/tianlong/Downloads/celebdf/Celeb-synthesis/id9_id3_0009.mp4,1,0.49855912
/home/tianlong/Downloads/celebdf/Celeb-synthesis/id35_id16_0007.mp4,1,0.9722082
/home/tianlong/Downloads/celebdf/Celeb-synthesis/id21_id2_0002.mp4,1,0.6986235
/home/tianlong/Downloads/celebdf/Celeb-synthesis/id12_id10_0002.mp4,1,0.3991572
/home/tianlong/Downloads/celebdf/Celeb-synthesis/id10_id13_0007.mp4,1,0.0761421
/home/tianlong/Downloads/celebdf/Celeb-synthesis/id20_id31_0008.mp4,1,0.90728635
/home/tianlong/Downloads/celebdf/Celeb-synthesis/id0_id16_0003.mp4,1,0.12576108
/home/tianlong/Downloads/celebdf/Celeb-synthesis/id0_id16_0007.mp4,1,0.28784442
/home/tianlong/Downloads/celebdf/Celeb-synthesis/id2_id16_0004.mp4,1,0.9680568
/home/tianlong/Downloads/celebdf/Celeb-synthesis/id13_id7_0012.mp4,1,0.46356758
/home/tianlong/Downloads/celebdf/Celeb-synthesis/id37_id1_0002.mp4,1,0.55140597
/home/tianlong/Downloads/celebdf/Celeb-synthesis/id30_id28_0004.mp4,1,0.9176712
/home/tianlong/Downloads/celebdf/Celeb-synthesis/id53_id52_0003.mp4,1,0.96636957
/home/tianlong/Downloads/celebdf/Celeb-synthesis/id54_id56_0006.mp4,1,0.966937
/home/tianlong/Downloads/celebdf/Celeb-synthesis/id3_id28_0002.mp4,1,0.31367
/home/tianlong/Downloads/celebdf/Celeb-synthesis/id37_id4_0000.mp4,1,0.89676493
/home/tianlong/Downloads/celebdf/Celeb-synthesis/id28_id9_0000.mp4,1,0.93084145
/home/tianlong/Downloads/celebdf/Celeb-synthesis/id4_id2_0003.mp4,1,0.24039617
/home/tianlong/Downloads/celebdf/Celeb-synthesis/id25_id21_0005.mp4,1,0.9663126
/home/tianlong/Downloads/celebdf/Celeb-synthesis/id17_id3_0007.mp4,1,0.08146283
/home/tianlong/Downloads/celebdf/Celeb-synthesis/id2_id1_0004.mp4,1,0.96030074
/home/tianlong/Downloads/celebdf/Celeb-synthesis/id3_id9_0003.mp4,1,0.074809104
/home/tianlong/Downloads/celebdf/Celeb-synthesis/id16_id6_0001.mp4,1,0.91858387
/home/tianlong/Downloads/celebdf/Celeb-synthesis/id8_id6_0002.mp4,1,0.67366374
/home/tianlong/Downloads/celebdf/Celeb-synthesis/id17_id16_0007.mp4,1,0.08917442
/home/tianlong/Downloads/celebdf/Celeb-synthesis/id4_id26_0007.mp4,1,0.9116315
/home/tianlong/Downloads/celebdf/Celeb-synthesis/id44_id45_0000.mp4,1,0.7550371
/home/tianlong/Downloads/celebdf/Celeb-synthesis/id0_id1_0005.mp4,1,0.36296952
/home/tianlong/Downloads/celebdf/Celeb-synthesis/id57_id51_0000.mp4,1,0.96080565
/home/tianlong/Downloads/celebdf/Celeb-synthesis/id34_id32_0007.mp4,1,0.96663105
/home/tianlong/Downloads/celebdf/Celeb-synthesis/id32_id31_0006.mp4,1,0.8303882
/home/tianlong/Downloads/celebdf/Celeb-synthesis/id48_id41_0001.mp4,1,0.5163959
/home/tianlong/Downloads/celebdf/Celeb-synthesis/id4_id0_0004.mp4,1,0.07405813
/home/tianlong/Downloads/celebdf/Celeb-synthesis/id21_id19_0009.mp4,1,0.97627693
/home/tianlong/Downloads/celebdf/Celeb-synthesis/id45_id39_0008.mp4,1,0.9629815
/home/tianlong/Downloads/celebdf/Celeb-synthesis/id31_id30_0009.mp4,1,0.6739063
/home/tianlong/Downloads/celebdf/Celeb-synthesis/id27_id19_0001.mp4,1,0.15901485
/home/tianlong/Downloads/celebdf/Celeb-synthesis/id23_id16_0003.mp4,1,0.9331176
/home/tianlong/Downloads/celebdf/Celeb-synthesis/id58_id57_0008.mp4,1,0.7005531
/home/tianlong/Downloads/celebdf/Celeb-synthesis/id17_id2_0007.mp4,1,0.07526938
/home/tianlong/Downloads/celebdf/Celeb-synthesis/id28_id3_0001.mp4,1,0.43153656
/home/tianlong/Downloads/celebdf/Celeb-synthesis/id23_id35_0009.mp4,1,0.5538395
/home/tianlong/Downloads/celebdf/Celeb-synthesis/id4_id0_0001.mp4,1,0.9699743
/home/tianlong/Downloads/celebdf/Celeb-synthesis/id17_id31_0009.mp4,1,0.9628775
/home/tianlong/Downloads/celebdf/Celeb-synthesis/id48_id47_0008.mp4,1,0.18376727
/home/tianlong/Downloads/celebdf/Celeb-synthesis/id50_id49_0001.mp4,1,0.95886594
/home/tianlong/Downloads/celebdf/Celeb-synthesis/id20_id1_0003.mp4,1,0.91438794
/home/tianlong/Downloads/celebdf/Celeb-synthesis/id16_id3_0010.mp4,1,0.41107115
/home/tianlong/Downloads/celebdf/Celeb-synthesis/id23_id19_0000.mp4,1,0.5557128
/home/tianlong/Downloads/celebdf/Celeb-synthesis/id1_id3_0009.mp4,1,0.96062756
/home/tianlong/Downloads/celebdf/Celeb-synthesis/id43_id40_0005.mp4,1,0.88494426
/home/tianlong/Downloads/celebdf/Celeb-synthesis/id4_id6_0002.mp4,1,0.9689316
/home/tianlong/Downloads/celebdf/Celeb-synthesis/id10_id7_0008.mp4,1,0.6987307
/home/tianlong/Downloads/celebdf/Celeb-synthesis/id13_id10_0008.mp4,1,0.9412484
/home/tianlong/Downloads/celebdf/Celeb-synthesis/id12_id7_0006.mp4,1,0.7731101
/home/tianlong/Downloads/celebdf/Celeb-synthesis/id6_id2_0008.mp4,1,0.5738887
/home/tianlong/Downloads/celebdf/Celeb-synthesis/id2_id0_0002.mp4,1,0.091778
/home/tianlong/Downloads/celebdf/Celeb-synthesis/id2_id6_0002.mp4,1,0.97459733
/home/tianlong/Downloads/celebdf/Celeb-synthesis/id30_id28_0006.mp4,1,0.9709056
/home/tianlong/Downloads/celebdf/Celeb-synthesis/id52_id50_0007.mp4,1,0.955369
/home/tianlong/Downloads/celebdf/Celeb-synthesis/id49_id52_0007.mp4,1,0.78135705
/home/tianlong/Downloads/celebdf/Celeb-synthesis/id51_id50_0008.mp4,1,0.8676685
/home/tianlong/Downloads/celebdf/Celeb-synthesis/id21_id3_0009.mp4,1,0.94462764
/home/tianlong/Downloads/celebdf/Celeb-synthesis/id31_id16_0002.mp4,1,0.5786044
/home/tianlong/Downloads/celebdf/Celeb-synthesis/id25_id28_0003.mp4,1,0.36603752
/home/tianlong/Downloads/celebdf/Celeb-synthesis/id21_id20_0006.mp4,1,0.19624159
/home/tianlong/Downloads/celebdf/Celeb-synthesis/id10_id7_0005.mp4,1,0.20439419
/home/tianlong/Downloads/celebdf/Celeb-synthesis/id38_id30_0006.mp4,1,0.97298884
/home/tianlong/Downloads/celebdf/Celeb-synthesis/id35_id30_0006.mp4,1,0.13231008
/home/tianlong/Downloads/celebdf/Celeb-synthesis/id20_id9_0008.mp4,1,0.43699953
/home/tianlong/Downloads/celebdf/Celeb-synthesis/id25_id23_0010.mp4,1,0.97577876
/home/tianlong/Downloads/celebdf/Celeb-synthesis/id17_id21_0000.mp4,1,0.1790268
/home/tianlong/Downloads/celebdf/Celeb-synthesis/id45_id47_0002.mp4,1,0.6219091
/home/tianlong/Downloads/celebdf/Celeb-synthesis/id1_id3_0003.mp4,1,0.08372317
/home/tianlong/Downloads/celebdf/Celeb-synthesis/id27_id26_0006.mp4,1,0.17388196
/home/tianlong/Downloads/celebdf/Celeb-synthesis/id44_id42_0001.mp4,1,0.10300372
/home/tianlong/Downloads/celebdf/Celeb-synthesis/id57_id53_0006.mp4,1,0.96441233
/home/tianlong/Downloads/celebdf/Celeb-synthesis/id43_id39_0000.mp4,1,0.51977724
/home/tianlong/Downloads/celebdf/Celeb-synthesis/id35_id16_0004.mp4,1,0.9623987
/home/tianlong/Downloads/celebdf/Celeb-synthesis/id42_id40_0001.mp4,1,0.94367933
/home/tianlong/Downloads/celebdf/Celeb-synthesis/id21_id2_0000.mp4,1,0.2277538
/home/tianlong/Downloads/celebdf/Celeb-synthesis/id37_id21_0000.mp4,1,0.4113383
/home/tianlong/Downloads/celebdf/Celeb-synthesis/id29_id38_0008.mp4,1,0.97958964
/home/tianlong/Downloads/celebdf/Celeb-synthesis/id39_id44_0000.mp4,1,0.95596933
/home/tianlong/Downloads/celebdf/Celeb-synthesis/id9_id6_0005.mp4,1,0.957639
/home/tianlong/Downloads/celebdf/Celeb-synthesis/id0_id1_0001.mp4,1,0.95515674
/home/tianlong/Downloads/celebdf/Celeb-synthesis/id31_id2_0004.mp4,1,0.17057768
/home/tianlong/Downloads/celebdf/Celeb-synthesis/id38_id34_0003.mp4,1,0.97069
/home/tianlong/Downloads/celebdf/Celeb-synthesis/id56_id57_0007.mp4,1,0.3213105
/home/tianlong/Downloads/celebdf/Celeb-synthesis/id52_id58_0005.mp4,1,0.95856714
/home/tianlong/Downloads/celebdf/Celeb-synthesis/id28_id4_0000.mp4,1,0.97635865
/home/tianlong/Downloads/celebdf/Celeb-synthesis/id22_id26_0005.mp4,1,0.9075184
/home/tianlong/Downloads/celebdf/Celeb-synthesis/id4_id30_0000.mp4,1,0.77215934
/home/tianlong/Downloads/celebdf/Celeb-synthesis/id29_id32_0003.mp4,1,0.96810037
/home/tianlong/Downloads/celebdf/Celeb-synthesis/id35_id20_0007.mp4,1,0.966822
/home/tianlong/Downloads/celebdf/Celeb-synthesis/id1_id2_0007.mp4,1,0.59392893
/home/tianlong/Downloads/celebdf/Celeb-synthesis/id30_id3_0002.mp4,1,0.7685385
/home/tianlong/Downloads/celebdf/Celeb-synthesis/id22_id25_0001.mp4,1,0.3225711
/home/tianlong/Downloads/celebdf/Celeb-synthesis/id39_id44_0008.mp4,1,0.4119034
/home/tianlong/Downloads/celebdf/Celeb-synthesis/id34_id29_0008.mp4,1,0.9675762
/home/tianlong/Downloads/celebdf/Celeb-synthesis/id21_id28_0009.mp4,1,0.95676726
/home/tianlong/Downloads/celebdf/Celeb-synthesis/id30_id4_0001.mp4,1,0.9624496
/home/tianlong/Downloads/celebdf/Celeb-synthesis/id25_id19_0008.mp4,1,0.9431343
/home/tianlong/Downloads/celebdf/Celeb-synthesis/id21_id4_0002.mp4,1,0.91660357
/home/tianlong/Downloads/celebdf/Celeb-synthesis/id17_id28_0001.mp4,1,0.95557874
/home/tianlong/Downloads/celebdf/Celeb-synthesis/id6_id1_0007.mp4,1,0.9329305
/home/tianlong/Downloads/celebdf/Celeb-synthesis/id9_id2_0008.mp4,1,0.209869
/home/tianlong/Downloads/celebdf/Celeb-synthesis/id8_id5_0008.mp4,1,0.4014716
/home/tianlong/Downloads/celebdf/Celeb-synthesis/id37_id3_0004.mp4,1,0.38865313
/home/tianlong/Downloads/celebdf/Celeb-synthesis/id17_id2_0003.mp4,1,0.7749824
