Video,Label,Prediction
/home/tianlong/Downloads/celebdf/YouTube-real/00170.mp4,0,0.8361785
/home/tianlong/Downloads/celebdf/YouTube-real/00208.mp4,0,0.87750876
/home/tianlong/Downloads/celebdf/YouTube-real/00063.mp4,0,0.99118465
/home/tianlong/Downloads/celebdf/YouTube-real/00024.mp4,0,0.0005804883
/home/tianlong/Downloads/celebdf/YouTube-real/00021.mp4,0,0.0005284058
/home/tianlong/Downloads/celebdf/YouTube-real/00036.mp4,0,0.0027974132
/home/tianlong/Downloads/celebdf/YouTube-real/00202.mp4,0,0.069761574
/home/tianlong/Downloads/celebdf/YouTube-real/00236.mp4,0,0.59447944
/home/tianlong/Downloads/celebdf/YouTube-real/00197.mp4,0,0.00068822555
/home/tianlong/Downloads/celebdf/YouTube-real/00133.mp4,0,0.9680885
/home/tianlong/Downloads/celebdf/YouTube-real/00213.mp4,0,0.2756723
/home/tianlong/Downloads/celebdf/YouTube-real/00011.mp4,0,0.5634528
/home/tianlong/Downloads/celebdf/YouTube-real/00095.mp4,0,0.95048416
/home/tianlong/Downloads/celebdf/YouTube-real/00138.mp4,0,0.33494276
/home/tianlong/Downloads/celebdf/YouTube-real/00106.mp4,0,0.0005277135
/home/tianlong/Downloads/celebdf/YouTube-real/00194.mp4,0,0.00058199844
/home/tianlong/Downloads/celebdf/YouTube-real/00092.mp4,0,0.91345876
/home/tianlong/Downloads/celebdf/YouTube-real/00227.mp4,0,0.0005716785
/home/tianlong/Downloads/celebdf/YouTube-real/00244.mp4,0,0.000569774
/home/tianlong/Downloads/celebdf/YouTube-real/00119.mp4,0,0.0005785206
/home/tianlong/Downloads/celebdf/YouTube-real/00082.mp4,0,0.0006519644
/home/tianlong/Downloads/celebdf/YouTube-real/00188.mp4,0,0.00079589104
/home/tianlong/Downloads/celebdf/YouTube-real/00076.mp4,0,0.0013138158
/home/tianlong/Downloads/celebdf/YouTube-real/00047.mp4,0,0.020531205
/home/tianlong/Downloads/celebdf/YouTube-real/00168.mp4,0,0.48909903
/home/tianlong/Downloads/celebdf/YouTube-real/00207.mp4,0,0.23211592
/home/tianlong/Downloads/celebdf/YouTube-real/00193.mp4,0,0.0007873425
/home/tianlong/Downloads/celebdf/YouTube-real/00061.mp4,0,0.9991454
/home/tianlong/Downloads/celebdf/YouTube-real/00023.mp4,0,0.12700585
/home/tianlong/Downloads/celebdf/YouTube-real/00048.mp4,0,0.43440747
/home/tianlong/Downloads/celebdf/YouTube-real/00250.mp4,0,0.09044789
/home/tianlong/Downloads/celebdf/YouTube-real/00251.mp4,0,0.06994829
/home/tianlong/Downloads/celebdf/YouTube-real/00252.mp4,0,0.0005767893
/home/tianlong/Downloads/celebdf/YouTube-real/00253.mp4,0,0.000609093
/home/tianlong/Downloads/celebdf/YouTube-real/00254.mp4,0,0.9969145
/home/tianlong/Downloads/celebdf/YouTube-real/00255.mp4,0,0.0006204753
/home/tianlong/Downloads/celebdf/YouTube-real/00256.mp4,0,0.00053988246
/home/tianlong/Downloads/celebdf/YouTube-real/00257.mp4,0,0.06766844
/home/tianlong/Downloads/celebdf/YouTube-real/00258.mp4,0,0.63209504
/home/tianlong/Downloads/celebdf/YouTube-real/00259.mp4,0,0.7398861
/home/tianlong/Downloads/celebdf/YouTube-real/00260.mp4,0,0.0005622135
/home/tianlong/Downloads/celebdf/YouTube-real/00261.mp4,0,0.0005674001
/home/tianlong/Downloads/celebdf/YouTube-real/00262.mp4,0,0.00061320356
/home/tianlong/Downloads/celebdf/YouTube-real/00263.mp4,0,0.00058334076
/home/tianlong/Downloads/celebdf/YouTube-real/00264.mp4,0,0.0026189287
/home/tianlong/Downloads/celebdf/YouTube-real/00265.mp4,0,0.002983914
/home/tianlong/Downloads/celebdf/YouTube-real/00266.mp4,0,0.2689494
/home/tianlong/Downloads/celebdf/YouTube-real/00267.mp4,0,0.93640375
/home/tianlong/Downloads/celebdf/YouTube-real/00268.mp4,0,0.033204872
/home/tianlong/Downloads/celebdf/YouTube-real/00269.mp4,0,0.0005307819
/home/tianlong/Downloads/celebdf/YouTube-real/00270.mp4,0,0.0007801188
/home/tianlong/Downloads/celebdf/YouTube-real/00271.mp4,0,0.9922708
/home/tianlong/Downloads/celebdf/YouTube-real/00272.mp4,0,0.9678821
/home/tianlong/Downloads/celebdf/YouTube-real/00273.mp4,0,0.0007168268
/home/tianlong/Downloads/celebdf/YouTube-real/00274.mp4,0,0.00063861965
/home/tianlong/Downloads/celebdf/YouTube-real/00275.mp4,0,0.98093456
/home/tianlong/Downloads/celebdf/YouTube-real/00276.mp4,0,0.0005313818
/home/tianlong/Downloads/celebdf/YouTube-real/00277.mp4,0,0.0011572951
/home/tianlong/Downloads/celebdf/YouTube-real/00278.mp4,0,0.0005506465
/home/tianlong/Downloads/celebdf/YouTube-real/00279.mp4,0,0.34750068
/home/tianlong/Downloads/celebdf/YouTube-real/00280.mp4,0,0.52702767
/home/tianlong/Downloads/celebdf/YouTube-real/00281.mp4,0,0.12166074
/home/tianlong/Downloads/celebdf/YouTube-real/00282.mp4,0,0.6218923
/home/tianlong/Downloads/celebdf/YouTube-real/00283.mp4,0,0.9992506
/home/tianlong/Downloads/celebdf/YouTube-real/00284.mp4,0,0.0049732267
/home/tianlong/Downloads/celebdf/YouTube-real/00285.mp4,0,0.0036567873
/home/tianlong/Downloads/celebdf/YouTube-real/00286.mp4,0,0.4394604
/home/tianlong/Downloads/celebdf/YouTube-real/00287.mp4,0,0.043848556
/home/tianlong/Downloads/celebdf/YouTube-real/00288.mp4,0,0.0005485974
/home/tianlong/Downloads/celebdf/YouTube-real/00289.mp4,0,0.0005746361
/home/tianlong/Downloads/celebdf/Celeb-real/id1_0007.mp4,0,0.008521772
/home/tianlong/Downloads/celebdf/Celeb-real/id2_0008.mp4,0,0.0005803365
/home/tianlong/Downloads/celebdf/Celeb-real/id3_0001.mp4,0,0.00053782307
/home/tianlong/Downloads/celebdf/Celeb-real/id6_0005.mp4,0,0.0011759894
/home/tianlong/Downloads/celebdf/Celeb-real/id9_0000.mp4,0,0.0006158729
/home/tianlong/Downloads/celebdf/Celeb-real/id11_0008.mp4,0,0.9962154
/home/tianlong/Downloads/celebdf/Celeb-real/id16_0011.mp4,0,0.8730675
/home/tianlong/Downloads/celebdf/Celeb-real/id17_0000.mp4,0,0.0005421137
/home/tianlong/Downloads/celebdf/Celeb-real/id35_0008.mp4,0,0.88024884
/home/tianlong/Downloads/celebdf/Celeb-real/id39_0005.mp4,0,0.00093127694
/home/tianlong/Downloads/celebdf/Celeb-real/id48_0000.mp4,0,0.14662296
/home/tianlong/Downloads/celebdf/Celeb-real/id32_0008.mp4,0,0.001032623
/home/tianlong/Downloads/celebdf/Celeb-real/id56_0009.mp4,0,0.71009547
/home/tianlong/Downloads/celebdf/Celeb-real/id54_0007.mp4,0,0.0005525666
/home/tianlong/Downloads/celebdf/Celeb-real/id37_0005.mp4,0,0.0006087869
/home/tianlong/Downloads/celebdf/Celeb-real/id29_0008.mp4,0,0.42563358
/home/tianlong/Downloads/celebdf/Celeb-real/id43_0006.mp4,0,0.00055866013
/home/tianlong/Downloads/celebdf/Celeb-real/id1_0006.mp4,0,0.00062791747
/home/tianlong/Downloads/celebdf/Celeb-real/id51_0001.mp4,0,0.00066355563
/home/tianlong/Downloads/celebdf/Celeb-real/id31_0007.mp4,0,0.0005427954
/home/tianlong/Downloads/celebdf/Celeb-real/id2_0003.mp4,0,0.00054520625
/home/tianlong/Downloads/celebdf/Celeb-real/id21_0009.mp4,0,0.038948175
/home/tianlong/Downloads/celebdf/Celeb-real/id50_0003.mp4,0,0.0006722842
/home/tianlong/Downloads/celebdf/Celeb-real/id21_0006.mp4,0,0.00057884876
/home/tianlong/Downloads/celebdf/Celeb-real/id44_0003.mp4,0,0.0005827942
/home/tianlong/Downloads/celebdf/Celeb-real/id36_0006.mp4,0,0.0006172748
/home/tianlong/Downloads/celebdf/Celeb-real/id36_0008.mp4,0,0.00054980296
/home/tianlong/Downloads/celebdf/Celeb-real/id1_0008.mp4,0,0.06142485
/home/tianlong/Downloads/celebdf/Celeb-real/id45_0003.mp4,0,0.99822706
/home/tianlong/Downloads/celebdf/Celeb-real/id48_0003.mp4,0,0.0036005017
/home/tianlong/Downloads/celebdf/Celeb-real/id23_0001.mp4,0,0.78274363
/home/tianlong/Downloads/celebdf/Celeb-real/id16_0010.mp4,0,0.0010365276
/home/tianlong/Downloads/celebdf/Celeb-real/id31_0004.mp4,0,0.000635477
/home/tianlong/Downloads/celebdf/Celeb-real/id35_0000.mp4,0,0.25384542
/home/tianlong/Downloads/celebdf/Celeb-real/id58_0002.mp4,0,0.0057880343
/home/tianlong/Downloads/celebdf/Celeb-real/id30_0007.mp4,0,0.0005857445
/home/tianlong/Downloads/celebdf/Celeb-real/id12_0005.mp4,0,0.00060225313
/home/tianlong/Downloads/celebdf/Celeb-real/id56_0002.mp4,0,0.00066723337
/home/tianlong/Downloads/celebdf/Celeb-real/id33_0005.mp4,0,0.7964541
/home/tianlong/Downloads/celebdf/Celeb-real/id29_0009.mp4,0,0.6896875
/home/tianlong/Downloads/celebdf/Celeb-real/id13_0013.mp4,0,0.99679846
/home/tianlong/Downloads/celebdf/Celeb-real/id28_0009.mp4,0,0.025092185
/home/tianlong/Downloads/celebdf/Celeb-real/id36_0000.mp4,0,0.061993614
/home/tianlong/Downloads/celebdf/Celeb-real/id24_0009.mp4,0,0.9990501
/home/tianlong/Downloads/celebdf/Celeb-real/id39_0004.mp4,0,0.009761708
/home/tianlong/Downloads/celebdf/Celeb-real/id27_0008.mp4,0,0.12719908
/home/tianlong/Downloads/celebdf/Celeb-real/id11_0006.mp4,0,0.008523798
/home/tianlong/Downloads/celebdf/Celeb-real/id19_0007.mp4,0,0.575335
/home/tianlong/Downloads/celebdf/Celeb-real/id37_0009.mp4,0,0.94235665
/home/tianlong/Downloads/celebdf/Celeb-real/id3_0008.mp4,0,0.0010583461
/home/tianlong/Downloads/celebdf/Celeb-real/id46_0000.mp4,0,0.99698025
/home/tianlong/Downloads/celebdf/Celeb-real/id33_0008.mp4,0,0.17061521
/home/tianlong/Downloads/celebdf/Celeb-real/id8_0000.mp4,0,0.13375193
/home/tianlong/Downloads/celebdf/Celeb-real/id16_0007.mp4,0,0.00060591835
/home/tianlong/Downloads/celebdf/Celeb-real/id1_0001.mp4,0,0.24782337
/home/tianlong/Downloads/celebdf/Celeb-real/id32_0002.mp4,0,0.002730985
/home/tianlong/Downloads/celebdf/Celeb-real/id19_0005.mp4,0,0.0006885759
/home/tianlong/Downloads/celebdf/Celeb-real/id27_0009.mp4,0,0.0005595448
/home/tianlong/Downloads/celebdf/Celeb-real/id2_0001.mp4,0,0.0005667531
/home/tianlong/Downloads/celebdf/Celeb-real/id13_0011.mp4,0,0.00062448165
/home/tianlong/Downloads/celebdf/Celeb-real/id49_0004.mp4,0,0.0005912399
/home/tianlong/Downloads/celebdf/Celeb-real/id57_0007.mp4,0,0.6851875
/home/tianlong/Downloads/celebdf/Celeb-real/id26_0008.mp4,0,0.68674785
/home/tianlong/Downloads/celebdf/Celeb-real/id2_0004.mp4,0,0.9973138
/home/tianlong/Downloads/celebdf/Celeb-real/id36_0001.mp4,0,0.24102403
/home/tianlong/Downloads/celebdf/Celeb-real/id0_0001.mp4,0,0.28135103
/home/tianlong/Downloads/celebdf/Celeb-real/id10_0007.mp4,0,0.00082154677
/home/tianlong/Downloads/celebdf/Celeb-real/id17_0002.mp4,0,0.9894996
/home/tianlong/Downloads/celebdf/Celeb-real/id4_0004.mp4,0,0.0024275235
/home/tianlong/Downloads/celebdf/Celeb-real/id36_0002.mp4,0,0.00076103344
/home/tianlong/Downloads/celebdf/Celeb-real/id53_0003.mp4,0,0.3599352
/home/tianlong/Downloads/celebdf/Celeb-real/id25_0010.mp4,0,0.00070446735
/home/tianlong/Downloads/celebdf/Celeb-real/id51_0006.mp4,0,0.811957
/home/tianlong/Downloads/celebdf/Celeb-real/id22_0000.mp4,0,0.0034734888
/home/tianlong/Downloads/celebdf/Celeb-real/id10_0001.mp4,0,0.0010048002
/home/tianlong/Downloads/celebdf/Celeb-real/id6_0002.mp4,0,0.80052465
/home/tianlong/Downloads/celebdf/Celeb-real/id12_0000.mp4,0,0.0006465587
/home/tianlong/Downloads/celebdf/Celeb-real/id35_0003.mp4,0,0.9630454
/home/tianlong/Downloads/celebdf/Celeb-real/id3_0002.mp4,0,0.00061373244
/home/tianlong/Downloads/celebdf/Celeb-real/id31_0003.mp4,0,0.00060122594
/home/tianlong/Downloads/celebdf/Celeb-real/id52_0002.mp4,0,0.001300693
/home/tianlong/Downloads/celebdf/Celeb-real/id2_0002.mp4,0,0.00095773087
/home/tianlong/Downloads/celebdf/Celeb-real/id44_0001.mp4,0,0.00868351
/home/tianlong/Downloads/celebdf/Celeb-real/id8_0009.mp4,0,0.0015677455
/home/tianlong/Downloads/celebdf/Celeb-real/id33_0002.mp4,0,0.0005929125
/home/tianlong/Downloads/celebdf/Celeb-real/id50_0000.mp4,0,0.0010509198
/home/tianlong/Downloads/celebdf/Celeb-real/id40_0003.mp4,0,0.00067652983
/home/tianlong/Downloads/celebdf/Celeb-real/id7_0006.mp4,0,0.0005622861
/home/tianlong/Downloads/celebdf/Celeb-real/id53_0007.mp4,0,0.9101584
/home/tianlong/Downloads/celebdf/Celeb-real/id43_0002.mp4,0,0.28036007
/home/tianlong/Downloads/celebdf/Celeb-real/id56_0000.mp4,0,0.712202
/home/tianlong/Downloads/celebdf/Celeb-real/id13_0004.mp4,0,0.00066350127
/home/tianlong/Downloads/celebdf/Celeb-real/id43_0001.mp4,0,0.00057245
/home/tianlong/Downloads/celebdf/Celeb-real/id20_0008.mp4,0,0.37054938
/home/tianlong/Downloads/celebdf/Celeb-real/id28_0004.mp4,0,0.99453163
/home/tianlong/Downloads/celebdf/Celeb-real/id22_0009.mp4,0,0.7397062
/home/tianlong/Downloads/celebdf/Celeb-real/id53_0000.mp4,0,0.3690005
/home/tianlong/Downloads/celebdf/Celeb-real/id50_0006.mp4,0,0.90053076
/home/tianlong/Downloads/celebdf/Celeb-real/id32_0003.mp4,0,0.0016480584
/home/tianlong/Downloads/celebdf/Celeb-real/id32_0006.mp4,0,0.58368224
/home/tianlong/Downloads/celebdf/Celeb-real/id57_0003.mp4,0,0.9985448
/home/tianlong/Downloads/celebdf/Celeb-real/id37_0004.mp4,0,0.0005424052
/home/tianlong/Downloads/celebdf/Celeb-real/id28_0007.mp4,0,0.0076379194
/home/tianlong/Downloads/celebdf/Celeb-real/id52_0001.mp4,0,0.36924458
/home/tianlong/Downloads/celebdf/Celeb-real/id40_0009.mp4,0,0.9992311
/home/tianlong/Downloads/celebdf/Celeb-real/id51_0005.mp4,0,0.9990902
/home/tianlong/Downloads/celebdf/Celeb-real/id34_0006.mp4,0,0.7468063
/home/tianlong/Downloads/celebdf/Celeb-real/id42_0002.mp4,0,0.00062834076
/home/tianlong/Downloads/celebdf/Celeb-synthesis/id1_id0_0007.mp4,1,0.0033188788
/home/tianlong/Downloads/celebdf/Celeb-synthesis/id1_id3_0007.mp4,1,0.0043440396
/home/tianlong/Downloads/celebdf/Celeb-synthesis/id1_id4_0007.mp4,1,0.99755067
/home/tianlong/Downloads/celebdf/Celeb-synthesis/id1_id9_0007.mp4,1,0.0009084382
/home/tianlong/Downloads/celebdf/Celeb-synthesis/id1_id16_0007.mp4,1,0.86774033
/home/tianlong/Downloads/celebdf/Celeb-synthesis/id1_id17_0007.mp4,1,0.98232746
/home/tianlong/Downloads/celebdf/Celeb-synthesis/id2_id0_0008.mp4,1,0.00057690643
/home/tianlong/Downloads/celebdf/Celeb-synthesis/id2_id3_0008.mp4,1,0.00057813997
/home/tianlong/Downloads/celebdf/Celeb-synthesis/id2_id9_0008.mp4,1,0.00058643945
/home/tianlong/Downloads/celebdf/Celeb-synthesis/id3_id1_0001.mp4,1,0.00055561
/home/tianlong/Downloads/celebdf/Celeb-synthesis/id3_id2_0001.mp4,1,0.00054263347
/home/tianlong/Downloads/celebdf/Celeb-synthesis/id3_id4_0001.mp4,1,0.0005904239
/home/tianlong/Downloads/celebdf/Celeb-synthesis/id3_id6_0001.mp4,1,0.00055315817
/home/tianlong/Downloads/celebdf/Celeb-synthesis/id3_id9_0001.mp4,1,0.00054826104
/home/tianlong/Downloads/celebdf/Celeb-synthesis/id3_id16_0001.mp4,1,0.00055099855
/home/tianlong/Downloads/celebdf/Celeb-synthesis/id4_id1_0003.mp4,1,0.0007091627
/home/tianlong/Downloads/celebdf/Celeb-synthesis/id6_id0_0005.mp4,1,0.9781235
/home/tianlong/Downloads/celebdf/Celeb-synthesis/id6_id1_0005.mp4,1,0.008336322
/home/tianlong/Downloads/celebdf/Celeb-synthesis/id6_id2_0005.mp4,1,0.4582616
/home/tianlong/Downloads/celebdf/Celeb-synthesis/id6_id3_0005.mp4,1,0.001803659
/home/tianlong/Downloads/celebdf/Celeb-synthesis/id6_id16_0005.mp4,1,0.9496068
/home/tianlong/Downloads/celebdf/Celeb-synthesis/id7_id10_0009.mp4,1,0.3321975
/home/tianlong/Downloads/celebdf/Celeb-synthesis/id7_id11_0009.mp4,1,0.07519903
/home/tianlong/Downloads/celebdf/Celeb-synthesis/id7_id13_0009.mp4,1,0.004120173
/home/tianlong/Downloads/celebdf/Celeb-synthesis/id9_id0_0000.mp4,1,0.26224455
/home/tianlong/Downloads/celebdf/Celeb-synthesis/id9_id1_0000.mp4,1,0.0010905095
/home/tianlong/Downloads/celebdf/Celeb-synthesis/id9_id2_0000.mp4,1,0.0007073561
/home/tianlong/Downloads/celebdf/Celeb-synthesis/id9_id3_0000.mp4,1,0.00087681046
/home/tianlong/Downloads/celebdf/Celeb-synthesis/id9_id6_0000.mp4,1,0.0019143843
/home/tianlong/Downloads/celebdf/Celeb-synthesis/id9_id16_0000.mp4,1,0.3481073
/home/tianlong/Downloads/celebdf/Celeb-synthesis/id10_id7_0004.mp4,1,0.0021310486
/home/tianlong/Downloads/celebdf/Celeb-synthesis/id10_id11_0004.mp4,1,0.0008537007
/home/tianlong/Downloads/celebdf/Celeb-synthesis/id10_id12_0004.mp4,1,0.15952654
/home/tianlong/Downloads/celebdf/Celeb-synthesis/id10_id13_0004.mp4,1,0.0008836801
/home/tianlong/Downloads/celebdf/Celeb-synthesis/id10_id7_0001.mp4,1,0.9027628
/home/tianlong/Downloads/celebdf/Celeb-synthesis/id10_id11_0001.mp4,1,0.12143826
/home/tianlong/Downloads/celebdf/Celeb-synthesis/id10_id12_0001.mp4,1,0.9981504
/home/tianlong/Downloads/celebdf/Celeb-synthesis/id10_id13_0001.mp4,1,0.3529518
/home/tianlong/Downloads/celebdf/Celeb-synthesis/id11_id7_0008.mp4,1,0.9648689
/home/tianlong/Downloads/celebdf/Celeb-synthesis/id16_id0_0011.mp4,1,0.00057842885
/home/tianlong/Downloads/celebdf/Celeb-synthesis/id16_id1_0011.mp4,1,0.0006001682
/home/tianlong/Downloads/celebdf/Celeb-synthesis/id16_id2_0011.mp4,1,0.00055873895
/home/tianlong/Downloads/celebdf/Celeb-synthesis/id16_id3_0011.mp4,1,0.00064301357
/home/tianlong/Downloads/celebdf/Celeb-synthesis/id16_id6_0011.mp4,1,0.0006259307
/home/tianlong/Downloads/celebdf/Celeb-synthesis/id17_id0_0000.mp4,1,0.0007609697
/home/tianlong/Downloads/celebdf/Celeb-synthesis/id17_id1_0000.mp4,1,0.0005406379
/home/tianlong/Downloads/celebdf/Celeb-synthesis/id17_id2_0000.mp4,1,0.00056355365
/home/tianlong/Downloads/celebdf/Celeb-synthesis/id17_id3_0000.mp4,1,0.00057598884
/home/tianlong/Downloads/celebdf/Celeb-synthesis/id17_id6_0000.mp4,1,0.0006951112
/home/tianlong/Downloads/celebdf/Celeb-synthesis/id17_id9_0000.mp4,1,0.00055076386
/home/tianlong/Downloads/celebdf/Celeb-synthesis/id17_id16_0000.mp4,1,0.01053658
/home/tianlong/Downloads/celebdf/Celeb-synthesis/id16_id20_0000.mp4,1,0.4944645
/home/tianlong/Downloads/celebdf/Celeb-synthesis/id17_id23_0000.mp4,1,0.9451882
/home/tianlong/Downloads/celebdf/Celeb-synthesis/id3_id28_0001.mp4,1,0.0005824991
/home/tianlong/Downloads/celebdf/Celeb-synthesis/id35_id32_0007.mp4,1,0.89624774
/home/tianlong/Downloads/celebdf/Celeb-synthesis/id30_id26_0004.mp4,1,0.6932322
/home/tianlong/Downloads/celebdf/Celeb-synthesis/id16_id20_0006.mp4,1,0.8126239
/home/tianlong/Downloads/celebdf/Celeb-synthesis/id4_id20_0001.mp4,1,0.0017365175
/home/tianlong/Downloads/celebdf/Celeb-synthesis/id26_id3_0002.mp4,1,0.002051872
/home/tianlong/Downloads/celebdf/Celeb-synthesis/id20_id31_0006.mp4,1,0.6972434
/home/tianlong/Downloads/celebdf/Celeb-synthesis/id6_id23_0001.mp4,1,0.9952369
/home/tianlong/Downloads/celebdf/Celeb-synthesis/id9_id23_0009.mp4,1,0.9958637
/home/tianlong/Downloads/celebdf/Celeb-synthesis/id32_id33_0002.mp4,1,0.08175457
/home/tianlong/Downloads/celebdf/Celeb-synthesis/id16_id20_0012.mp4,1,0.0029507058
/home/tianlong/Downloads/celebdf/Celeb-synthesis/id29_id30_0000.mp4,1,0.94922847
/home/tianlong/Downloads/celebdf/Celeb-synthesis/id3_id20_0008.mp4,1,0.57733536
/home/tianlong/Downloads/celebdf/Celeb-synthesis/id22_id27_0001.mp4,1,0.00057662604
/home/tianlong/Downloads/celebdf/Celeb-synthesis/id27_id21_0002.mp4,1,0.0008668586
/home/tianlong/Downloads/celebdf/Celeb-synthesis/id29_id35_0000.mp4,1,0.98177755
/home/tianlong/Downloads/celebdf/Celeb-synthesis/id21_id19_0005.mp4,1,0.993693
/home/tianlong/Downloads/celebdf/Celeb-synthesis/id23_id26_0003.mp4,1,0.00062659866
/home/tianlong/Downloads/celebdf/Celeb-synthesis/id30_id35_0009.mp4,1,0.003440227
/home/tianlong/Downloads/celebdf/Celeb-synthesis/id9_id26_0000.mp4,1,0.05764175
/home/tianlong/Downloads/celebdf/Celeb-synthesis/id33_id32_0006.mp4,1,0.22973388
/home/tianlong/Downloads/celebdf/Celeb-synthesis/id30_id34_0003.mp4,1,0.52395505
/home/tianlong/Downloads/celebdf/Celeb-synthesis/id29_id37_0008.mp4,1,0.59637225
/home/tianlong/Downloads/celebdf/Celeb-synthesis/id35_id31_0006.mp4,1,0.00094505167
/home/tianlong/Downloads/celebdf/Celeb-synthesis/id37_id34_0008.mp4,1,0.0014885234
/home/tianlong/Downloads/celebdf/Celeb-synthesis/id26_id16_0001.mp4,1,0.9984334
/home/tianlong/Downloads/celebdf/Celeb-synthesis/id17_id23_0009.mp4,1,0.99922204
/home/tianlong/Downloads/celebdf/Celeb-synthesis/id6_id20_0007.mp4,1,0.0006039824
/home/tianlong/Downloads/celebdf/Celeb-synthesis/id1_id20_0001.mp4,1,0.58995855
/home/tianlong/Downloads/celebdf/Celeb-synthesis/id1_id23_0006.mp4,1,0.0072005405
/home/tianlong/Downloads/celebdf/Celeb-synthesis/id37_id35_0001.mp4,1,0.99922156
/home/tianlong/Downloads/celebdf/Celeb-synthesis/id4_id23_0006.mp4,1,0.9979214
/home/tianlong/Downloads/celebdf/Celeb-synthesis/id17_id26_0006.mp4,1,0.99332726
/home/tianlong/Downloads/celebdf/Celeb-synthesis/id20_id1_0007.mp4,1,0.8989299
/home/tianlong/Downloads/celebdf/Celeb-synthesis/id0_id26_0009.mp4,1,0.89207494
/home/tianlong/Downloads/celebdf/Celeb-synthesis/id38_id33_0005.mp4,1,0.98317873
/home/tianlong/Downloads/celebdf/Celeb-synthesis/id28_id35_0008.mp4,1,0.7787761
/home/tianlong/Downloads/celebdf/Celeb-synthesis/id23_id35_0006.mp4,1,0.98760265
/home/tianlong/Downloads/celebdf/Celeb-synthesis/id6_id28_0002.mp4,1,0.20231053
/home/tianlong/Downloads/celebdf/Celeb-synthesis/id35_id28_0006.mp4,1,0.0006024701
/home/tianlong/Downloads/celebdf/Celeb-synthesis/id32_id31_0008.mp4,1,0.99339503
/home/tianlong/Downloads/celebdf/Celeb-synthesis/id38_id34_0004.mp4,1,0.9964606
/home/tianlong/Downloads/celebdf/Celeb-synthesis/id3_id28_0009.mp4,1,0.09222843
/home/tianlong/Downloads/celebdf/Celeb-synthesis/id37_id28_0007.mp4,1,0.00072553067
/home/tianlong/Downloads/celebdf/Celeb-synthesis/id1_id20_0002.mp4,1,0.00056245254
/home/tianlong/Downloads/celebdf/Celeb-synthesis/id37_id31_0008.mp4,1,0.00090205413
/home/tianlong/Downloads/celebdf/Celeb-synthesis/id30_id23_0007.mp4,1,0.26456967
/home/tianlong/Downloads/celebdf/Celeb-synthesis/id28_id26_0000.mp4,1,0.9970464
/home/tianlong/Downloads/celebdf/Celeb-synthesis/id2_id28_0003.mp4,1,0.0006125424
/home/tianlong/Downloads/celebdf/Celeb-synthesis/id27_id24_0007.mp4,1,0.32793584
/home/tianlong/Downloads/celebdf/Celeb-synthesis/id30_id32_0006.mp4,1,0.35291478
/home/tianlong/Downloads/celebdf/Celeb-synthesis/id35_id31_0009.mp4,1,0.97654486
/home/tianlong/Downloads/celebdf/Celeb-synthesis/id4_id21_0004.mp4,1,0.0005919306
/home/tianlong/Downloads/celebdf/Celeb-synthesis/id37_id21_0005.mp4,1,0.1265271
/home/tianlong/Downloads/celebdf/Celeb-synthesis/id30_id21_0002.mp4,1,0.52962136
/home/tianlong/Downloads/celebdf/Celeb-synthesis/id16_id23_0011.mp4,1,0.99743515
/home/tianlong/Downloads/celebdf/Celeb-synthesis/id9_id20_0002.mp4,1,0.0122009935
/home/tianlong/Downloads/celebdf/Celeb-synthesis/id6_id21_0006.mp4,1,0.99046093
/home/tianlong/Downloads/celebdf/Celeb-synthesis/id20_id19_0002.mp4,1,0.98757416
/home/tianlong/Downloads/celebdf/Celeb-synthesis/id28_id4_0006.mp4,1,0.39322332
/home/tianlong/Downloads/celebdf/Celeb-synthesis/id35_id34_0002.mp4,1,0.99794227
/home/tianlong/Downloads/celebdf/Celeb-synthesis/id35_id26_0003.mp4,1,0.2525289
/home/tianlong/Downloads/celebdf/Celeb-synthesis/id22_id28_0006.mp4,1,0.6412296
/home/tianlong/Downloads/celebdf/Celeb-synthesis/id30_id21_0005.mp4,1,0.915944
/home/tianlong/Downloads/celebdf/Celeb-synthesis/id24_id20_0009.mp4,1,0.5696933
/home/tianlong/Downloads/celebdf/Celeb-synthesis/id4_id20_0000.mp4,1,0.24673618
/home/tianlong/Downloads/celebdf/Celeb-synthesis/id2_id26_0001.mp4,1,0.00057612144
/home/tianlong/Downloads/celebdf/Celeb-synthesis/id21_id6_0005.mp4,1,0.7822428
/home/tianlong/Downloads/celebdf/Celeb-synthesis/id21_id9_0008.mp4,1,0.8712265
/home/tianlong/Downloads/celebdf/Celeb-synthesis/id22_id21_0005.mp4,1,0.29489473
/home/tianlong/Downloads/celebdf/Celeb-synthesis/id22_id27_0005.mp4,1,0.32168636
/home/tianlong/Downloads/celebdf/Celeb-synthesis/id23_id2_0007.mp4,1,0.7779983
/home/tianlong/Downloads/celebdf/Celeb-synthesis/id23_id3_0009.mp4,1,0.00055982056
/home/tianlong/Downloads/celebdf/Celeb-synthesis/id24_id19_0000.mp4,1,0.9963103
/home/tianlong/Downloads/celebdf/Celeb-synthesis/id24_id21_0006.mp4,1,0.0009251388
/home/tianlong/Downloads/celebdf/Celeb-synthesis/id24_id26_0009.mp4,1,0.98232645
/home/tianlong/Downloads/celebdf/Celeb-synthesis/id25_id19_0002.mp4,1,0.99596196
/home/tianlong/Downloads/celebdf/Celeb-synthesis/id25_id24_0003.mp4,1,0.06397732
/home/tianlong/Downloads/celebdf/Celeb-synthesis/id27_id21_0008.mp4,1,0.30516157
/home/tianlong/Downloads/celebdf/Celeb-synthesis/id27_id22_0007.mp4,1,0.16043225
/home/tianlong/Downloads/celebdf/Celeb-synthesis/id27_id25_0008.mp4,1,0.07274343
/home/tianlong/Downloads/celebdf/Celeb-synthesis/id28_id3_0004.mp4,1,0.009386129
/home/tianlong/Downloads/celebdf/Celeb-synthesis/id28_id6_0006.mp4,1,0.2837937
/home/tianlong/Downloads/celebdf/Celeb-synthesis/id29_id32_0000.mp4,1,0.63371134
/home/tianlong/Downloads/celebdf/Celeb-synthesis/id29_id37_0009.mp4,1,0.8707771
/home/tianlong/Downloads/celebdf/Celeb-synthesis/id30_id20_0004.mp4,1,0.84583443
/home/tianlong/Downloads/celebdf/Celeb-synthesis/id30_id23_0002.mp4,1,0.9730483
/home/tianlong/Downloads/celebdf/Celeb-synthesis/id32_id33_0004.mp4,1,0.37334764
/home/tianlong/Downloads/celebdf/Celeb-synthesis/id33_id38_0001.mp4,1,0.99280244
/home/tianlong/Downloads/celebdf/Celeb-synthesis/id34_id33_0005.mp4,1,0.48733822
/home/tianlong/Downloads/celebdf/Celeb-synthesis/id35_id31_0007.mp4,1,0.99824345
/home/tianlong/Downloads/celebdf/Celeb-synthesis/id49_id52_0005.mp4,1,0.81220806
/home/tianlong/Downloads/celebdf/Celeb-synthesis/id9_id2_0006.mp4,1,0.0006096251
/home/tianlong/Downloads/celebdf/Celeb-synthesis/id7_id11_0007.mp4,1,0.9923315
/home/tianlong/Downloads/celebdf/Celeb-synthesis/id4_id37_0006.mp4,1,0.98588216
/home/tianlong/Downloads/celebdf/Celeb-synthesis/id37_id38_0009.mp4,1,0.9521011
/home/tianlong/Downloads/celebdf/Celeb-synthesis/id29_id30_0009.mp4,1,0.8536937
/home/tianlong/Downloads/celebdf/Celeb-synthesis/id0_id6_0007.mp4,1,0.00061377016
/home/tianlong/Downloads/celebdf/Celeb-synthesis/id0_id16_0004.mp4,1,0.0006605929
/home/tianlong/Downloads/celebdf/Celeb-synthesis/id31_id33_0008.mp4,1,0.000669074
/home/tianlong/Downloads/celebdf/Celeb-synthesis/id54_id49_0003.mp4,1,0.998833
/home/tianlong/Downloads/celebdf/Celeb-synthesis/id0_id1_0000.mp4,1,0.94117606
/home/tianlong/Downloads/celebdf/Celeb-synthesis/id21_id28_0001.mp4,1,0.99421656
/home/tianlong/Downloads/celebdf/Celeb-synthesis/id33_id29_0004.mp4,1,0.99762815
/home/tianlong/Downloads/celebdf/Celeb-synthesis/id28_id0_0009.mp4,1,0.0039076046
/home/tianlong/Downloads/celebdf/Celeb-synthesis/id6_id9_0006.mp4,1,0.0006458951
/home/tianlong/Downloads/celebdf/Celeb-synthesis/id9_id0_0006.mp4,1,0.047769587
/home/tianlong/Downloads/celebdf/Celeb-synthesis/id26_id2_0005.mp4,1,0.97228897
/home/tianlong/Downloads/celebdf/Celeb-synthesis/id1_id3_0002.mp4,1,0.0005816208
/home/tianlong/Downloads/celebdf/Celeb-synthesis/id4_id6_0008.mp4,1,0.00067990186
/home/tianlong/Downloads/celebdf/Celeb-synthesis/id16_id28_0005.mp4,1,0.5839209
/home/tianlong/Downloads/celebdf/Celeb-synthesis/id37_id35_0005.mp4,1,0.6958485
/home/tianlong/Downloads/celebdf/Celeb-synthesis/id19_id20_0004.mp4,1,0.4453316
/home/tianlong/Downloads/celebdf/Celeb-synthesis/id46_id41_0000.mp4,1,0.99586725
/home/tianlong/Downloads/celebdf/Celeb-synthesis/id51_id57_0004.mp4,1,0.9496728
/home/tianlong/Downloads/celebdf/Celeb-synthesis/id29_id37_0005.mp4,1,0.8672157
/home/tianlong/Downloads/celebdf/Celeb-synthesis/id35_id23_0007.mp4,1,0.9993923
/home/tianlong/Downloads/celebdf/Celeb-synthesis/id34_id33_0002.mp4,1,0.16676098
/home/tianlong/Downloads/celebdf/Celeb-synthesis/id1_id3_0006.mp4,1,0.00072900986
/home/tianlong/Downloads/celebdf/Celeb-synthesis/id13_id10_0005.mp4,1,0.0005356036
/home/tianlong/Downloads/celebdf/Celeb-synthesis/id56_id55_0009.mp4,1,0.000624201
/home/tianlong/Downloads/celebdf/Celeb-synthesis/id25_id28_0010.mp4,1,0.8916127
/home/tianlong/Downloads/celebdf/Celeb-synthesis/id20_id37_0004.mp4,1,0.78843975
/home/tianlong/Downloads/celebdf/Celeb-synthesis/id37_id29_0002.mp4,1,0.24334352
/home/tianlong/Downloads/celebdf/Celeb-synthesis/id56_id54_0007.mp4,1,0.0009335525
/home/tianlong/Downloads/celebdf/Celeb-synthesis/id19_id20_0000.mp4,1,0.25277358
/home/tianlong/Downloads/celebdf/Celeb-synthesis/id4_id28_0006.mp4,1,0.9927221
/home/tianlong/Downloads/celebdf/Celeb-synthesis/id53_id58_0005.mp4,1,0.6694441
/home/tianlong/Downloads/celebdf/Celeb-synthesis/id55_id57_0002.mp4,1,0.9959214
/home/tianlong/Downloads/celebdf/Celeb-synthesis/id24_id26_0004.mp4,1,0.9978288
/home/tianlong/Downloads/celebdf/Celeb-synthesis/id20_id0_0006.mp4,1,0.51663274
/home/tianlong/Downloads/celebdf/Celeb-synthesis/id37_id2_0009.mp4,1,0.95702803
/home/tianlong/Downloads/celebdf/Celeb-synthesis/id30_id26_0006.mp4,1,0.38026455
/home/tianlong/Downloads/celebdf/Celeb-synthesis/id16_id2_0001.mp4,1,0.01246014
/home/tianlong/Downloads/celebdf/Celeb-synthesis/id26_id1_0002.mp4,1,0.0008542475
/home/tianlong/Downloads/celebdf/Celeb-synthesis/id30_id6_0007.mp4,1,0.001061539
/home/tianlong/Downloads/celebdf/Celeb-synthesis/id44_id41_0005.mp4,1,0.0008573744
/home/tianlong/Downloads/celebdf/Celeb-synthesis/id16_id2_0006.mp4,1,0.43437606
/home/tianlong/Downloads/celebdf/Celeb-synthesis/id1_id16_0004.mp4,1,0.8195998
/home/tianlong/Downloads/celebdf/Celeb-synthesis/id16_id21_0002.mp4,1,0.0034165303
/home/tianlong/Downloads/celebdf/Celeb-synthesis/id4_id0_0000.mp4,1,0.880003
/home/tianlong/Downloads/celebdf/Celeb-synthesis/id8_id0_0002.mp4,1,0.09755214
/home/tianlong/Downloads/celebdf/Celeb-synthesis/id19_id23_0001.mp4,1,0.7719779
/home/tianlong/Downloads/celebdf/Celeb-synthesis/id37_id3_0006.mp4,1,0.000683776
/home/tianlong/Downloads/celebdf/Celeb-synthesis/id9_id16_0007.mp4,1,0.9924865
/home/tianlong/Downloads/celebdf/Celeb-synthesis/id47_id43_0007.mp4,1,0.00063888816
/home/tianlong/Downloads/celebdf/Celeb-synthesis/id16_id3_0009.mp4,1,0.00066744233
/home/tianlong/Downloads/celebdf/Celeb-synthesis/id26_id28_0002.mp4,1,0.0013818983
/home/tianlong/Downloads/celebdf/Celeb-synthesis/id8_id3_0003.mp4,1,0.32446477
/home/tianlong/Downloads/celebdf/Celeb-synthesis/id30_id28_0000.mp4,1,0.93871105
/home/tianlong/Downloads/celebdf/Celeb-synthesis/id27_id23_0008.mp4,1,0.97962385
/home/tianlong/Downloads/celebdf/Celeb-synthesis/id28_id20_0008.mp4,1,0.2210118
/home/tianlong/Downloads/celebdf/Celeb-synthesis/id1_id2_0002.mp4,1,0.00058489933
/home/tianlong/Downloads/celebdf/Celeb-synthesis/id46_id39_0000.mp4,1,0.9964611
/home/tianlong/Downloads/celebdf/Celeb-synthesis/id37_id28_0008.mp4,1,0.0006061124
/home/tianlong/Downloads/celebdf/Celeb-synthesis/id0_id3_0007.mp4,1,0.00064238237
/home/tianlong/Downloads/celebdf/Celeb-synthesis/id4_id1_0002.mp4,1,0.36512733
/home/tianlong/Downloads/celebdf/Celeb-synthesis/id13_id7_0000.mp4,1,0.0005583152
/home/tianlong/Downloads/celebdf/Celeb-synthesis/id50_id53_0000.mp4,1,0.9979194
/home/tianlong/Downloads/celebdf/Celeb-synthesis/id50_id56_0005.mp4,1,0.56514853
/home/tianlong/Downloads/celebdf/Celeb-synthesis/id4_id21_0009.mp4,1,0.9779652
/home/tianlong/Downloads/celebdf/Celeb-synthesis/id23_id3_0004.mp4,1,0.0010542822
/home/tianlong/Downloads/celebdf/Celeb-synthesis/id56_id51_0000.mp4,1,0.0007061259
/home/tianlong/Downloads/celebdf/Celeb-synthesis/id30_id3_0006.mp4,1,0.7963103
/home/tianlong/Downloads/celebdf/Celeb-synthesis/id28_id20_0006.mp4,1,0.20905764
/home/tianlong/Downloads/celebdf/Celeb-synthesis/id4_id20_0008.mp4,1,0.0005571433
/home/tianlong/Downloads/celebdf/Celeb-synthesis/id54_id58_0006.mp4,1,0.15005468
/home/tianlong/Downloads/celebdf/Celeb-synthesis/id53_id57_0005.mp4,1,0.45728076
/home/tianlong/Downloads/celebdf/Celeb-synthesis/id31_id33_0009.mp4,1,0.9796892
/home/tianlong/Downloads/celebdf/Celeb-synthesis/id0_id21_0000.mp4,1,0.9991762
/home/tianlong/Downloads/celebdf/Celeb-synthesis/id6_id23_0006.mp4,1,0.9983327
/home/tianlong/Downloads/celebdf/Celeb-synthesis/id48_id45_0002.mp4,1,0.996485
/home/tianlong/Downloads/celebdf/Celeb-synthesis/id46_id45_0001.mp4,1,0.37782472
/home/tianlong/Downloads/celebdf/Celeb-synthesis/id28_id21_0006.mp4,1,0.1801573
/home/tianlong/Downloads/celebdf/Celeb-synthesis/id12_id10_0005.mp4,1,0.24004261
/home/tianlong/Downloads/celebdf/Celeb-synthesis/id54_id56_0000.mp4,1,0.9880311
/home/tianlong/Downloads/celebdf/Celeb-synthesis/id39_id47_0004.mp4,1,0.9885683
/home/tianlong/Downloads/celebdf/Celeb-synthesis/id9_id3_0009.mp4,1,0.33762458
/home/tianlong/Downloads/celebdf/Celeb-synthesis/id35_id16_0007.mp4,1,0.99928904
/home/tianlong/Downloads/celebdf/Celeb-synthesis/id21_id2_0002.mp4,1,0.49669197
/home/tianlong/Downloads/celebdf/Celeb-synthesis/id12_id10_0002.mp4,1,0.0009287928
/home/tianlong/Downloads/celebdf/Celeb-synthesis/id10_id13_0007.mp4,1,0.00057792844
/home/tianlong/Downloads/celebdf/Celeb-synthesis/id20_id31_0008.mp4,1,0.42386848
/home/tianlong/Downloads/celebdf/Celeb-synthesis/id0_id16_0003.mp4,1,0.00060968864
/home/tianlong/Downloads/celebdf/Celeb-synthesis/id0_id16_0007.mp4,1,0.0006938074
/home/tianlong/Downloads/celebdf/Celeb-synthesis/id2_id16_0004.mp4,1,0.99841857
/home/tianlong/Downloads/celebdf/Celeb-synthesis/id13_id7_0012.mp4,1,0.00065635465
/home/tianlong/Downloads/celebdf/Celeb-synthesis/id37_id1_0002.mp4,1,0.0007874858
/home/tianlong/Downloads/celebdf/Celeb-synthesis/id30_id28_0004.mp4,1,0.9558968
/home/tianlong/Downloads/celebdf/Celeb-synthesis/id53_id52_0003.mp4,1,0.48192084
/home/tianlong/Downloads/celebdf/Celeb-synthesis/id54_id56_0006.mp4,1,0.0028498066
/home/tianlong/Downloads/celebdf/Celeb-synthesis/id3_id28_0002.mp4,1,0.00064970256
/home/tianlong/Downloads/celebdf/Celeb-synthesis/id37_id4_0000.mp4,1,0.9991259
/home/tianlong/Downloads/celebdf/Celeb-synthesis/id28_id9_0000.mp4,1,0.70006925
/home/tianlong/Downloads/celebdf/Celeb-synthesis/id4_id2_0003.mp4,1,0.0019464337
/home/tianlong/Downloads/celebdf/Celeb-synthesis/id25_id21_0005.mp4,1,0.9986093
/home/tianlong/Downloads/celebdf/Celeb-synthesis/id17_id3_0007.mp4,1,0.00078604405
/home/tianlong/Downloads/celebdf/Celeb-synthesis/id2_id1_0004.mp4,1,0.9974905
/home/tianlong/Downloads/celebdf/Celeb-synthesis/id3_id9_0003.mp4,1,0.00403519
/home/tianlong/Downloads/celebdf/Celeb-synthesis/id16_id6_0001.mp4,1,0.79706436
/home/tianlong/Downloads/celebdf/Celeb-synthesis/id8_id6_0002.mp4,1,0.008401143
/home/tianlong/Downloads/celebdf/Celeb-synthesis/id17_id16_0007.mp4,1,0.0009488062
/home/tianlong/Downloads/celebdf/Celeb-synthesis/id4_id26_0007.mp4,1,0.0009975448
/home/tianlong/Downloads/celebdf/Celeb-synthesis/id44_id45_0000.mp4,1,0.71950483
/home/tianlong/Downloads/celebdf/Celeb-synthesis/id0_id1_0005.mp4,1,0.0006558142
/home/tianlong/Downloads/celebdf/Celeb-synthesis/id57_id51_0000.mp4,1,0.000836735
/home/tianlong/Downloads/celebdf/Celeb-synthesis/id34_id32_0007.mp4,1,0.9943936
/home/tianlong/Downloads/celebdf/Celeb-synthesis/id32_id31_0006.mp4,1,0.44052678
/home/tianlong/Downloads/celebdf/Celeb-synthesis/id48_id41_0001.mp4,1,0.30787063
/home/tianlong/Downloads/celebdf/Celeb-synthesis/id4_id0_0004.mp4,1,0.00054833706
/home/tianlong/Downloads/celebdf/Celeb-synthesis/id21_id19_0009.mp4,1,0.99927884
/home/tianlong/Downloads/celebdf/Celeb-synthesis/id45_id39_0008.mp4,1,0.70028514
/home/tianlong/Downloads/celebdf/Celeb-synthesis/id31_id30_0009.mp4,1,0.00086173695
/home/tianlong/Downloads/celebdf/Celeb-synthesis/id27_id19_0001.mp4,1,0.00064055837
/home/tianlong/Downloads/celebdf/Celeb-synthesis/id23_id16_0003.mp4,1,0.0006196219
/home/tianlong/Downloads/celebdf/Celeb-synthesis/id58_id57_0008.mp4,1,0.89467126
/home/tianlong/Downloads/celebdf/Celeb-synthesis/id17_id2_0007.mp4,1,0.0007164003
/home/tianlong/Downloads/celebdf/Celeb-synthesis/id28_id3_0001.mp4,1,0.0055748103
/home/tianlong/Downloads/celebdf/Celeb-synthesis/id23_id35_0009.mp4,1,0.0009713716
/home/tianlong/Downloads/celebdf/Celeb-synthesis/id4_id0_0001.mp4,1,0.5393716
/home/tianlong/Downloads/celebdf/Celeb-synthesis/id17_id31_0009.mp4,1,0.0010096557
/home/tianlong/Downloads/celebdf/Celeb-synthesis/id48_id47_0008.mp4,1,0.63667625
/home/tianlong/Downloads/celebdf/Celeb-synthesis/id50_id49_0001.mp4,1,0.93774647
/home/tianlong/Downloads/celebdf/Celeb-synthesis/id20_id1_0003.mp4,1,0.0005903345
/home/tianlong/Downloads/celebdf/Celeb-synthesis/id16_id3_0010.mp4,1,0.0100308955
/home/tianlong/Downloads/celebdf/Celeb-synthesis/id23_id19_0000.mp4,1,0.99923277
/home/tianlong/Downloads/celebdf/Celeb-synthesis/id1_id3_0009.mp4,1,0.22279386
/home/tianlong/Downloads/celebdf/Celeb-synthesis/id43_id40_0005.mp4,1,0.0014834095
/home/tianlong/Downloads/celebdf/Celeb-synthesis/id4_id6_0002.mp4,1,0.27331898
/home/tianlong/Downloads/celebdf/Celeb-synthesis/id10_id7_0008.mp4,1,0.9976527
/home/tianlong/Downloads/celebdf/Celeb-synthesis/id13_id10_0008.mp4,1,0.9983418
/home/tianlong/Downloads/celebdf/Celeb-synthesis/id12_id7_0006.mp4,1,0.96997327
/home/tianlong/Downloads/celebdf/Celeb-synthesis/id6_id2_0008.mp4,1,0.00058857625
/home/tianlong/Downloads/celebdf/Celeb-synthesis/id2_id0_0002.mp4,1,0.00443702
/home/tianlong/Downloads/celebdf/Celeb-synthesis/id2_id6_0002.mp4,1,0.019368969
/home/tianlong/Downloads/celebdf/Celeb-synthesis/id30_id28_0006.mp4,1,0.26975
/home/tianlong/Downloads/celebdf/Celeb-synthesis/id52_id50_0007.mp4,1,0.99358726
/home/tianlong/Downloads/celebdf/Celeb-synthesis/id49_id52_0007.mp4,1,0.00059354183
/home/tianlong/Downloads/celebdf/Celeb-synthesis/id51_id50_0008.mp4,1,0.9798895
/home/tianlong/Downloads/celebdf/Celeb-synthesis/id21_id3_0009.mp4,1,0.85391647
/home/tianlong/Downloads/celebdf/Celeb-synthesis/id31_id16_0002.mp4,1,0.33157542
/home/tianlong/Downloads/celebdf/Celeb-synthesis/id25_id28_0003.mp4,1,0.0024320069
/home/tianlong/Downloads/celebdf/Celeb-synthesis/id21_id20_0006.mp4,1,0.00058670057
/home/tianlong/Downloads/celebdf/Celeb-synthesis/id10_id7_0005.mp4,1,0.0007877857
/home/tianlong/Downloads/celebdf/Celeb-synthesis/id38_id30_0006.mp4,1,0.99889475
/home/tianlong/Downloads/celebdf/Celeb-synthesis/id35_id30_0006.mp4,1,0.0005554712
/home/tianlong/Downloads/celebdf/Celeb-synthesis/id20_id9_0008.mp4,1,0.41948295
/home/tianlong/Downloads/celebdf/Celeb-synthesis/id25_id23_0010.mp4,1,0.99874675
/home/tianlong/Downloads/celebdf/Celeb-synthesis/id17_id21_0000.mp4,1,0.00055886706
/home/tianlong/Downloads/celebdf/Celeb-synthesis/id45_id47_0002.mp4,1,0.3552994
/home/tianlong/Downloads/celebdf/Celeb-synthesis/id1_id3_0003.mp4,1,0.2184796
/home/tianlong/Downloads/celebdf/Celeb-synthesis/id27_id26_0006.mp4,1,0.0075045056
/home/tianlong/Downloads/celebdf/Celeb-synthesis/id44_id42_0001.mp4,1,0.8345107
/home/tianlong/Downloads/celebdf/Celeb-synthesis/id57_id53_0006.mp4,1,0.9931844
/home/tianlong/Downloads/celebdf/Celeb-synthesis/id43_id39_0000.mp4,1,0.0010506115
/home/tianlong/Downloads/celebdf/Celeb-synthesis/id35_id16_0004.mp4,1,0.8084692
/home/tianlong/Downloads/celebdf/Celeb-synthesis/id42_id40_0001.mp4,1,0.995484
/home/tianlong/Downloads/celebdf/Celeb-synthesis/id21_id2_0000.mp4,1,0.00059330027
/home/tianlong/Downloads/celebdf/Celeb-synthesis/id37_id21_0000.mp4,1,0.0768046
/home/tianlong/Downloads/celebdf/Celeb-synthesis/id29_id38_0008.mp4,1,0.99621284
/home/tianlong/Downloads/celebdf/Celeb-synthesis/id39_id44_0000.mp4,1,0.9712669
/home/tianlong/Downloads/celebdf/Celeb-synthesis/id9_id6_0005.mp4,1,0.14242123
/home/tianlong/Downloads/celebdf/Celeb-synthesis/id0_id1_0001.mp4,1,0.2480406
/home/tianlong/Downloads/celebdf/Celeb-synthesis/id31_id2_0004.mp4,1,0.041007943
/home/tianlong/Downloads/celebdf/Celeb-synthesis/id38_id34_0003.mp4,1,0.9683099
/home/tianlong/Downloads/celebdf/Celeb-synthesis/id56_id57_0007.mp4,1,0.0008045738
/home/tianlong/Downloads/celebdf/Celeb-synthesis/id52_id58_0005.mp4,1,0.99943405
/home/tianlong/Downloads/celebdf/Celeb-synthesis/id28_id4_0000.mp4,1,0.9984958
/home/tianlong/Downloads/celebdf/Celeb-synthesis/id22_id26_0005.mp4,1,0.020299526
/home/tianlong/Downloads/celebdf/Celeb-synthesis/id4_id30_0000.mp4,1,0.90023756
/home/tianlong/Downloads/celebdf/Celeb-synthesis/id29_id32_0003.mp4,1,0.37599897
/home/tianlong/Downloads/celebdf/Celeb-synthesis/id35_id20_0007.mp4,1,0.9975068
/home/tianlong/Downloads/celebdf/Celeb-synthesis/id1_id2_0007.mp4,1,0.0015060118
/home/tianlong/Downloads/celebdf/Celeb-synthesis/id30_id3_0002.mp4,1,0.0013421918
/home/tianlong/Downloads/celebdf/Celeb-synthesis/id22_id25_0001.mp4,1,0.00092914153
/home/tianlong/Downloads/celebdf/Celeb-synthesis/id39_id44_0008.mp4,1,0.0007422454
/home/tianlong/Downloads/celebdf/Celeb-synthesis/id34_id29_0008.mp4,1,0.9052688
/home/tianlong/Downloads/celebdf/Celeb-synthesis/id21_id28_0009.mp4,1,0.97493243
/home/tianlong/Downloads/celebdf/Celeb-synthesis/id30_id4_0001.mp4,1,0.99935776
/home/tianlong/Downloads/celebdf/Celeb-synthesis/id25_id19_0008.mp4,1,0.99893266
/home/tianlong/Downloads/celebdf/Celeb-synthesis/id21_id4_0002.mp4,1,0.9396419
/home/tianlong/Downloads/celebdf/Celeb-synthesis/id17_id28_0001.mp4,1,0.99646664
/home/tianlong/Downloads/celebdf/Celeb-synthesis/id6_id1_0007.mp4,1,0.015281795
/home/tianlong/Downloads/celebdf/Celeb-synthesis/id9_id2_0008.mp4,1,0.000577946
/home/tianlong/Downloads/celebdf/Celeb-synthesis/id8_id5_0008.mp4,1,0.15869215
/home/tianlong/Downloads/celebdf/Celeb-synthesis/id37_id3_0004.mp4,1,0.0006189818
/home/tianlong/Downloads/celebdf/Celeb-synthesis/id17_id2_0003.mp4,1,0.61569405
