Video,Label,Prediction
/home/tianlong/Downloads/celebdf/YouTube-real/00170.mp4,0,0.9883435
/home/tianlong/Downloads/celebdf/YouTube-real/00208.mp4,0,0.046425816
/home/tianlong/Downloads/celebdf/YouTube-real/00063.mp4,0,0.80543983
/home/tianlong/Downloads/celebdf/YouTube-real/00024.mp4,0,0.045081593
/home/tianlong/Downloads/celebdf/YouTube-real/00021.mp4,0,0.07984806
/home/tianlong/Downloads/celebdf/YouTube-real/00036.mp4,0,0.038254824
/home/tianlong/Downloads/celebdf/YouTube-real/00202.mp4,0,0.04268658
/home/tianlong/Downloads/celebdf/YouTube-real/00236.mp4,0,0.035577655
/home/tianlong/Downloads/celebdf/YouTube-real/00197.mp4,0,0.035328027
/home/tianlong/Downloads/celebdf/YouTube-real/00133.mp4,0,0.5216508
/home/tianlong/Downloads/celebdf/YouTube-real/00213.mp4,0,0.040388957
/home/tianlong/Downloads/celebdf/YouTube-real/00011.mp4,0,0.041918743
/home/tianlong/Downloads/celebdf/YouTube-real/00095.mp4,0,0.91606504
/home/tianlong/Downloads/celebdf/YouTube-real/00138.mp4,0,0.98746026
/home/tianlong/Downloads/celebdf/YouTube-real/00106.mp4,0,0.035589844
/home/tianlong/Downloads/celebdf/YouTube-real/00194.mp4,0,0.041911248
/home/tianlong/Downloads/celebdf/YouTube-real/00092.mp4,0,0.9762033
/home/tianlong/Downloads/celebdf/YouTube-real/00227.mp4,0,0.04040429
/home/tianlong/Downloads/celebdf/YouTube-real/00244.mp4,0,0.085268095
/home/tianlong/Downloads/celebdf/YouTube-real/00119.mp4,0,0.97170717
/home/tianlong/Downloads/celebdf/YouTube-real/00082.mp4,0,0.6654423
/home/tianlong/Downloads/celebdf/YouTube-real/00188.mp4,0,0.04511949
/home/tianlong/Downloads/celebdf/YouTube-real/00076.mp4,0,0.034191407
/home/tianlong/Downloads/celebdf/YouTube-real/00047.mp4,0,0.4748552
/home/tianlong/Downloads/celebdf/YouTube-real/00168.mp4,0,0.31635496
/home/tianlong/Downloads/celebdf/YouTube-real/00207.mp4,0,0.043850925
/home/tianlong/Downloads/celebdf/YouTube-real/00193.mp4,0,0.04352152
/home/tianlong/Downloads/celebdf/YouTube-real/00061.mp4,0,0.9134061
/home/tianlong/Downloads/celebdf/YouTube-real/00023.mp4,0,0.3179556
/home/tianlong/Downloads/celebdf/YouTube-real/00048.mp4,0,0.9675854
/home/tianlong/Downloads/celebdf/YouTube-real/00250.mp4,0,0.065451205
/home/tianlong/Downloads/celebdf/YouTube-real/00251.mp4,0,0.03811338
/home/tianlong/Downloads/celebdf/YouTube-real/00252.mp4,0,0.07186065
/home/tianlong/Downloads/celebdf/YouTube-real/00253.mp4,0,0.026512636
/home/tianlong/Downloads/celebdf/YouTube-real/00254.mp4,0,0.08829295
/home/tianlong/Downloads/celebdf/YouTube-real/00255.mp4,0,0.037426643
/home/tianlong/Downloads/celebdf/YouTube-real/00256.mp4,0,0.16149239
/home/tianlong/Downloads/celebdf/YouTube-real/00257.mp4,0,0.8525159
/home/tianlong/Downloads/celebdf/YouTube-real/00258.mp4,0,0.8698619
/home/tianlong/Downloads/celebdf/YouTube-real/00259.mp4,0,0.98079
/home/tianlong/Downloads/celebdf/YouTube-real/00260.mp4,0,0.025813261
/home/tianlong/Downloads/celebdf/YouTube-real/00261.mp4,0,0.18988454
/home/tianlong/Downloads/celebdf/YouTube-real/00262.mp4,0,0.053752974
/home/tianlong/Downloads/celebdf/YouTube-real/00263.mp4,0,0.04663524
/home/tianlong/Downloads/celebdf/YouTube-real/00264.mp4,0,0.04223671
/home/tianlong/Downloads/celebdf/YouTube-real/00265.mp4,0,0.64117503
/home/tianlong/Downloads/celebdf/YouTube-real/00266.mp4,0,0.04452367
/home/tianlong/Downloads/celebdf/YouTube-real/00267.mp4,0,0.92962736
/home/tianlong/Downloads/celebdf/YouTube-real/00268.mp4,0,0.057586152
/home/tianlong/Downloads/celebdf/YouTube-real/00269.mp4,0,0.9854778
/home/tianlong/Downloads/celebdf/YouTube-real/00270.mp4,0,0.04094937
/home/tianlong/Downloads/celebdf/YouTube-real/00271.mp4,0,0.07477095
/home/tianlong/Downloads/celebdf/YouTube-real/00272.mp4,0,0.0449553
/home/tianlong/Downloads/celebdf/YouTube-real/00273.mp4,0,0.062184975
/home/tianlong/Downloads/celebdf/YouTube-real/00274.mp4,0,0.15071301
/home/tianlong/Downloads/celebdf/YouTube-real/00275.mp4,0,0.8118236
/home/tianlong/Downloads/celebdf/YouTube-real/00276.mp4,0,0.039804943
/home/tianlong/Downloads/celebdf/YouTube-real/00277.mp4,0,0.047462896
/home/tianlong/Downloads/celebdf/YouTube-real/00278.mp4,0,0.05041151
/home/tianlong/Downloads/celebdf/YouTube-real/00279.mp4,0,0.6711065
/home/tianlong/Downloads/celebdf/YouTube-real/00280.mp4,0,0.039585635
/home/tianlong/Downloads/celebdf/YouTube-real/00281.mp4,0,0.03516732
/home/tianlong/Downloads/celebdf/YouTube-real/00282.mp4,0,0.80358225
/home/tianlong/Downloads/celebdf/YouTube-real/00283.mp4,0,0.9822512
/home/tianlong/Downloads/celebdf/YouTube-real/00284.mp4,0,0.039892573
/home/tianlong/Downloads/celebdf/YouTube-real/00285.mp4,0,0.03833473
/home/tianlong/Downloads/celebdf/YouTube-real/00286.mp4,0,0.048640303
/home/tianlong/Downloads/celebdf/YouTube-real/00287.mp4,0,0.18505774
/home/tianlong/Downloads/celebdf/YouTube-real/00288.mp4,0,0.037080158
/home/tianlong/Downloads/celebdf/YouTube-real/00289.mp4,0,0.07749923
/home/tianlong/Downloads/celebdf/Celeb-real/id1_0007.mp4,0,0.028211057
/home/tianlong/Downloads/celebdf/Celeb-real/id2_0008.mp4,0,0.028351877
/home/tianlong/Downloads/celebdf/Celeb-real/id3_0001.mp4,0,0.03272533
/home/tianlong/Downloads/celebdf/Celeb-real/id6_0005.mp4,0,0.037634067
/home/tianlong/Downloads/celebdf/Celeb-real/id9_0000.mp4,0,0.024742894
/home/tianlong/Downloads/celebdf/Celeb-real/id11_0008.mp4,0,0.054651987
/home/tianlong/Downloads/celebdf/Celeb-real/id16_0011.mp4,0,0.98944795
/home/tianlong/Downloads/celebdf/Celeb-real/id17_0000.mp4,0,0.03521317
/home/tianlong/Downloads/celebdf/Celeb-real/id35_0008.mp4,0,0.12479446
/home/tianlong/Downloads/celebdf/Celeb-real/id39_0005.mp4,0,0.26586056
/home/tianlong/Downloads/celebdf/Celeb-real/id48_0000.mp4,0,0.76342493
/home/tianlong/Downloads/celebdf/Celeb-real/id32_0008.mp4,0,0.032702766
/home/tianlong/Downloads/celebdf/Celeb-real/id56_0009.mp4,0,0.13809745
/home/tianlong/Downloads/celebdf/Celeb-real/id54_0007.mp4,0,0.89814585
/home/tianlong/Downloads/celebdf/Celeb-real/id37_0005.mp4,0,0.04425719
/home/tianlong/Downloads/celebdf/Celeb-real/id29_0008.mp4,0,0.04178408
/home/tianlong/Downloads/celebdf/Celeb-real/id43_0006.mp4,0,0.032337386
/home/tianlong/Downloads/celebdf/Celeb-real/id1_0006.mp4,0,0.026710799
/home/tianlong/Downloads/celebdf/Celeb-real/id51_0001.mp4,0,0.9116137
/home/tianlong/Downloads/celebdf/Celeb-real/id31_0007.mp4,0,0.032743912
/home/tianlong/Downloads/celebdf/Celeb-real/id2_0003.mp4,0,0.038787622
/home/tianlong/Downloads/celebdf/Celeb-real/id21_0009.mp4,0,0.04709169
/home/tianlong/Downloads/celebdf/Celeb-real/id50_0003.mp4,0,0.32700005
/home/tianlong/Downloads/celebdf/Celeb-real/id21_0006.mp4,0,0.027859667
/home/tianlong/Downloads/celebdf/Celeb-real/id44_0003.mp4,0,0.036310792
/home/tianlong/Downloads/celebdf/Celeb-real/id36_0006.mp4,0,0.038358256
/home/tianlong/Downloads/celebdf/Celeb-real/id36_0008.mp4,0,0.025160456
/home/tianlong/Downloads/celebdf/Celeb-real/id1_0008.mp4,0,0.29744506
/home/tianlong/Downloads/celebdf/Celeb-real/id45_0003.mp4,0,0.9572776
/home/tianlong/Downloads/celebdf/Celeb-real/id48_0003.mp4,0,0.05120048
/home/tianlong/Downloads/celebdf/Celeb-real/id23_0001.mp4,0,0.79604846
/home/tianlong/Downloads/celebdf/Celeb-real/id16_0010.mp4,0,0.38338727
/home/tianlong/Downloads/celebdf/Celeb-real/id31_0004.mp4,0,0.1431014
/home/tianlong/Downloads/celebdf/Celeb-real/id35_0000.mp4,0,0.8345291
/home/tianlong/Downloads/celebdf/Celeb-real/id58_0002.mp4,0,0.037134305
/home/tianlong/Downloads/celebdf/Celeb-real/id30_0007.mp4,0,0.046089135
/home/tianlong/Downloads/celebdf/Celeb-real/id12_0005.mp4,0,0.04032734
/home/tianlong/Downloads/celebdf/Celeb-real/id56_0002.mp4,0,0.043881875
/home/tianlong/Downloads/celebdf/Celeb-real/id33_0005.mp4,0,0.42455545
/home/tianlong/Downloads/celebdf/Celeb-real/id29_0009.mp4,0,0.053754877
/home/tianlong/Downloads/celebdf/Celeb-real/id13_0013.mp4,0,0.96389526
/home/tianlong/Downloads/celebdf/Celeb-real/id28_0009.mp4,0,0.040298007
/home/tianlong/Downloads/celebdf/Celeb-real/id36_0000.mp4,0,0.02892274
/home/tianlong/Downloads/celebdf/Celeb-real/id24_0009.mp4,0,0.99186146
/home/tianlong/Downloads/celebdf/Celeb-real/id39_0004.mp4,0,0.7115506
/home/tianlong/Downloads/celebdf/Celeb-real/id27_0008.mp4,0,0.03610609
/home/tianlong/Downloads/celebdf/Celeb-real/id11_0006.mp4,0,0.038481425
/home/tianlong/Downloads/celebdf/Celeb-real/id19_0007.mp4,0,0.032889128
/home/tianlong/Downloads/celebdf/Celeb-real/id37_0009.mp4,0,0.9844571
/home/tianlong/Downloads/celebdf/Celeb-real/id3_0008.mp4,0,0.045341715
/home/tianlong/Downloads/celebdf/Celeb-real/id46_0000.mp4,0,0.92160136
/home/tianlong/Downloads/celebdf/Celeb-real/id33_0008.mp4,0,0.041810762
/home/tianlong/Downloads/celebdf/Celeb-real/id8_0000.mp4,0,0.26106292
/home/tianlong/Downloads/celebdf/Celeb-real/id16_0007.mp4,0,0.033106998
/home/tianlong/Downloads/celebdf/Celeb-real/id1_0001.mp4,0,0.054817874
/home/tianlong/Downloads/celebdf/Celeb-real/id32_0002.mp4,0,0.03222478
/home/tianlong/Downloads/celebdf/Celeb-real/id19_0005.mp4,0,0.028758848
/home/tianlong/Downloads/celebdf/Celeb-real/id27_0009.mp4,0,0.028600605
/home/tianlong/Downloads/celebdf/Celeb-real/id2_0001.mp4,0,0.03891135
/home/tianlong/Downloads/celebdf/Celeb-real/id13_0011.mp4,0,0.9859627
/home/tianlong/Downloads/celebdf/Celeb-real/id49_0004.mp4,0,0.044357333
/home/tianlong/Downloads/celebdf/Celeb-real/id57_0007.mp4,0,0.09761124
/home/tianlong/Downloads/celebdf/Celeb-real/id26_0008.mp4,0,0.39457345
/home/tianlong/Downloads/celebdf/Celeb-real/id2_0004.mp4,0,0.98102003
/home/tianlong/Downloads/celebdf/Celeb-real/id36_0001.mp4,0,0.077867284
/home/tianlong/Downloads/celebdf/Celeb-real/id0_0001.mp4,0,0.17493108
/home/tianlong/Downloads/celebdf/Celeb-real/id10_0007.mp4,0,0.026569026
/home/tianlong/Downloads/celebdf/Celeb-real/id17_0002.mp4,0,0.46957785
/home/tianlong/Downloads/celebdf/Celeb-real/id4_0004.mp4,0,0.037329543
/home/tianlong/Downloads/celebdf/Celeb-real/id36_0002.mp4,0,0.031395208
/home/tianlong/Downloads/celebdf/Celeb-real/id53_0003.mp4,0,0.036863837
/home/tianlong/Downloads/celebdf/Celeb-real/id25_0010.mp4,0,0.056820817
/home/tianlong/Downloads/celebdf/Celeb-real/id51_0006.mp4,0,0.7326486
/home/tianlong/Downloads/celebdf/Celeb-real/id22_0000.mp4,0,0.038729083
/home/tianlong/Downloads/celebdf/Celeb-real/id10_0001.mp4,0,0.7605567
/home/tianlong/Downloads/celebdf/Celeb-real/id6_0002.mp4,0,0.97302204
/home/tianlong/Downloads/celebdf/Celeb-real/id12_0000.mp4,0,0.058638114
/home/tianlong/Downloads/celebdf/Celeb-real/id35_0003.mp4,0,0.08673293
/home/tianlong/Downloads/celebdf/Celeb-real/id3_0002.mp4,0,0.02895428
/home/tianlong/Downloads/celebdf/Celeb-real/id31_0003.mp4,0,0.046977106
/home/tianlong/Downloads/celebdf/Celeb-real/id52_0002.mp4,0,0.03987379
/home/tianlong/Downloads/celebdf/Celeb-real/id2_0002.mp4,0,0.03184781
/home/tianlong/Downloads/celebdf/Celeb-real/id44_0001.mp4,0,0.33354333
/home/tianlong/Downloads/celebdf/Celeb-real/id8_0009.mp4,0,0.029914336
/home/tianlong/Downloads/celebdf/Celeb-real/id33_0002.mp4,0,0.059023097
/home/tianlong/Downloads/celebdf/Celeb-real/id50_0000.mp4,0,0.056395806
/home/tianlong/Downloads/celebdf/Celeb-real/id40_0003.mp4,0,0.07712333
/home/tianlong/Downloads/celebdf/Celeb-real/id7_0006.mp4,0,0.044488974
/home/tianlong/Downloads/celebdf/Celeb-real/id53_0007.mp4,0,0.35718086
/home/tianlong/Downloads/celebdf/Celeb-real/id43_0002.mp4,0,0.08694127
/home/tianlong/Downloads/celebdf/Celeb-real/id56_0000.mp4,0,0.960326
/home/tianlong/Downloads/celebdf/Celeb-real/id13_0004.mp4,0,0.030004589
/home/tianlong/Downloads/celebdf/Celeb-real/id43_0001.mp4,0,0.03587363
/home/tianlong/Downloads/celebdf/Celeb-real/id20_0008.mp4,0,0.6901633
/home/tianlong/Downloads/celebdf/Celeb-real/id28_0004.mp4,0,0.04713553
/home/tianlong/Downloads/celebdf/Celeb-real/id22_0009.mp4,0,0.3195547
/home/tianlong/Downloads/celebdf/Celeb-real/id53_0000.mp4,0,0.07077485
/home/tianlong/Downloads/celebdf/Celeb-real/id50_0006.mp4,0,0.037590355
/home/tianlong/Downloads/celebdf/Celeb-real/id32_0003.mp4,0,0.02929948
/home/tianlong/Downloads/celebdf/Celeb-real/id32_0006.mp4,0,0.74646235
/home/tianlong/Downloads/celebdf/Celeb-real/id57_0003.mp4,0,0.057456326
/home/tianlong/Downloads/celebdf/Celeb-real/id37_0004.mp4,0,0.03885381
/home/tianlong/Downloads/celebdf/Celeb-real/id28_0007.mp4,0,0.042564567
/home/tianlong/Downloads/celebdf/Celeb-real/id52_0001.mp4,0,0.035133585
/home/tianlong/Downloads/celebdf/Celeb-real/id40_0009.mp4,0,0.91653246
/home/tianlong/Downloads/celebdf/Celeb-real/id51_0005.mp4,0,0.27106506
/home/tianlong/Downloads/celebdf/Celeb-real/id34_0006.mp4,0,0.22433579
/home/tianlong/Downloads/celebdf/Celeb-real/id42_0002.mp4,0,0.030559374
/home/tianlong/Downloads/celebdf/Celeb-synthesis/id1_id0_0007.mp4,1,0.03777806
/home/tianlong/Downloads/celebdf/Celeb-synthesis/id1_id3_0007.mp4,1,0.031202199
/home/tianlong/Downloads/celebdf/Celeb-synthesis/id1_id4_0007.mp4,1,0.9419851
/home/tianlong/Downloads/celebdf/Celeb-synthesis/id1_id9_0007.mp4,1,0.024593169
/home/tianlong/Downloads/celebdf/Celeb-synthesis/id1_id16_0007.mp4,1,0.031438585
/home/tianlong/Downloads/celebdf/Celeb-synthesis/id1_id17_0007.mp4,1,0.030992674
/home/tianlong/Downloads/celebdf/Celeb-synthesis/id2_id0_0008.mp4,1,0.026313933
/home/tianlong/Downloads/celebdf/Celeb-synthesis/id2_id3_0008.mp4,1,0.026765576
/home/tianlong/Downloads/celebdf/Celeb-synthesis/id2_id9_0008.mp4,1,0.022059498
/home/tianlong/Downloads/celebdf/Celeb-synthesis/id3_id1_0001.mp4,1,0.03474283
/home/tianlong/Downloads/celebdf/Celeb-synthesis/id3_id2_0001.mp4,1,0.041309997
/home/tianlong/Downloads/celebdf/Celeb-synthesis/id3_id4_0001.mp4,1,0.044776876
/home/tianlong/Downloads/celebdf/Celeb-synthesis/id3_id6_0001.mp4,1,0.03431857
/home/tianlong/Downloads/celebdf/Celeb-synthesis/id3_id9_0001.mp4,1,0.036075328
/home/tianlong/Downloads/celebdf/Celeb-synthesis/id3_id16_0001.mp4,1,0.03773409
/home/tianlong/Downloads/celebdf/Celeb-synthesis/id4_id1_0003.mp4,1,0.032928493
/home/tianlong/Downloads/celebdf/Celeb-synthesis/id6_id0_0005.mp4,1,0.9894047
/home/tianlong/Downloads/celebdf/Celeb-synthesis/id6_id1_0005.mp4,1,0.031233622
/home/tianlong/Downloads/celebdf/Celeb-synthesis/id6_id2_0005.mp4,1,0.9030901
/home/tianlong/Downloads/celebdf/Celeb-synthesis/id6_id3_0005.mp4,1,0.05276687
/home/tianlong/Downloads/celebdf/Celeb-synthesis/id6_id16_0005.mp4,1,0.8350526
/home/tianlong/Downloads/celebdf/Celeb-synthesis/id7_id10_0009.mp4,1,0.06494652
/home/tianlong/Downloads/celebdf/Celeb-synthesis/id7_id11_0009.mp4,1,0.03852863
/home/tianlong/Downloads/celebdf/Celeb-synthesis/id7_id13_0009.mp4,1,0.0430536
/home/tianlong/Downloads/celebdf/Celeb-synthesis/id9_id0_0000.mp4,1,0.03528399
/home/tianlong/Downloads/celebdf/Celeb-synthesis/id9_id1_0000.mp4,1,0.026798325
/home/tianlong/Downloads/celebdf/Celeb-synthesis/id9_id2_0000.mp4,1,0.038155917
/home/tianlong/Downloads/celebdf/Celeb-synthesis/id9_id3_0000.mp4,1,0.031280607
/home/tianlong/Downloads/celebdf/Celeb-synthesis/id9_id6_0000.mp4,1,0.032765146
/home/tianlong/Downloads/celebdf/Celeb-synthesis/id9_id16_0000.mp4,1,0.040993694
/home/tianlong/Downloads/celebdf/Celeb-synthesis/id10_id7_0004.mp4,1,0.047967467
/home/tianlong/Downloads/celebdf/Celeb-synthesis/id10_id11_0004.mp4,1,0.03415138
/home/tianlong/Downloads/celebdf/Celeb-synthesis/id10_id12_0004.mp4,1,0.03538412
/home/tianlong/Downloads/celebdf/Celeb-synthesis/id10_id13_0004.mp4,1,0.032640047
/home/tianlong/Downloads/celebdf/Celeb-synthesis/id10_id7_0001.mp4,1,0.95752454
/home/tianlong/Downloads/celebdf/Celeb-synthesis/id10_id11_0001.mp4,1,0.6433722
/home/tianlong/Downloads/celebdf/Celeb-synthesis/id10_id12_0001.mp4,1,0.77139086
/home/tianlong/Downloads/celebdf/Celeb-synthesis/id10_id13_0001.mp4,1,0.9134492
/home/tianlong/Downloads/celebdf/Celeb-synthesis/id11_id7_0008.mp4,1,0.060361553
/home/tianlong/Downloads/celebdf/Celeb-synthesis/id16_id0_0011.mp4,1,0.99168104
/home/tianlong/Downloads/celebdf/Celeb-synthesis/id16_id1_0011.mp4,1,0.03700865
/home/tianlong/Downloads/celebdf/Celeb-synthesis/id16_id2_0011.mp4,1,0.99200225
/home/tianlong/Downloads/celebdf/Celeb-synthesis/id16_id3_0011.mp4,1,0.99147487
/home/tianlong/Downloads/celebdf/Celeb-synthesis/id16_id6_0011.mp4,1,0.991932
/home/tianlong/Downloads/celebdf/Celeb-synthesis/id17_id0_0000.mp4,1,0.98966473
/home/tianlong/Downloads/celebdf/Celeb-synthesis/id17_id1_0000.mp4,1,0.0339079
/home/tianlong/Downloads/celebdf/Celeb-synthesis/id17_id2_0000.mp4,1,0.7875008
/home/tianlong/Downloads/celebdf/Celeb-synthesis/id17_id3_0000.mp4,1,0.27121505
/home/tianlong/Downloads/celebdf/Celeb-synthesis/id17_id6_0000.mp4,1,0.98456395
/home/tianlong/Downloads/celebdf/Celeb-synthesis/id17_id9_0000.mp4,1,0.03185488
/home/tianlong/Downloads/celebdf/Celeb-synthesis/id17_id16_0000.mp4,1,0.53101856
/home/tianlong/Downloads/celebdf/Celeb-synthesis/id16_id20_0000.mp4,1,0.06298748
/home/tianlong/Downloads/celebdf/Celeb-synthesis/id17_id23_0000.mp4,1,0.9645747
/home/tianlong/Downloads/celebdf/Celeb-synthesis/id3_id28_0001.mp4,1,0.036531936
/home/tianlong/Downloads/celebdf/Celeb-synthesis/id35_id32_0007.mp4,1,0.2894053
/home/tianlong/Downloads/celebdf/Celeb-synthesis/id30_id26_0004.mp4,1,0.068199985
/home/tianlong/Downloads/celebdf/Celeb-synthesis/id16_id20_0006.mp4,1,0.98706114
/home/tianlong/Downloads/celebdf/Celeb-synthesis/id4_id20_0001.mp4,1,0.2286437
/home/tianlong/Downloads/celebdf/Celeb-synthesis/id26_id3_0002.mp4,1,0.03354872
/home/tianlong/Downloads/celebdf/Celeb-synthesis/id20_id31_0006.mp4,1,0.3479497
/home/tianlong/Downloads/celebdf/Celeb-synthesis/id6_id23_0001.mp4,1,0.045508303
/home/tianlong/Downloads/celebdf/Celeb-synthesis/id9_id23_0009.mp4,1,0.102438904
/home/tianlong/Downloads/celebdf/Celeb-synthesis/id32_id33_0002.mp4,1,0.03809038
/home/tianlong/Downloads/celebdf/Celeb-synthesis/id16_id20_0012.mp4,1,0.034669142
/home/tianlong/Downloads/celebdf/Celeb-synthesis/id29_id30_0000.mp4,1,0.07176023
/home/tianlong/Downloads/celebdf/Celeb-synthesis/id3_id20_0008.mp4,1,0.10793397
/home/tianlong/Downloads/celebdf/Celeb-synthesis/id22_id27_0001.mp4,1,0.05255234
/home/tianlong/Downloads/celebdf/Celeb-synthesis/id27_id21_0002.mp4,1,0.8990074
/home/tianlong/Downloads/celebdf/Celeb-synthesis/id29_id35_0000.mp4,1,0.96140206
/home/tianlong/Downloads/celebdf/Celeb-synthesis/id21_id19_0005.mp4,1,0.044561803
/home/tianlong/Downloads/celebdf/Celeb-synthesis/id23_id26_0003.mp4,1,0.055670675
/home/tianlong/Downloads/celebdf/Celeb-synthesis/id30_id35_0009.mp4,1,0.04346639
/home/tianlong/Downloads/celebdf/Celeb-synthesis/id9_id26_0000.mp4,1,0.03552708
/home/tianlong/Downloads/celebdf/Celeb-synthesis/id33_id32_0006.mp4,1,0.037550025
/home/tianlong/Downloads/celebdf/Celeb-synthesis/id30_id34_0003.mp4,1,0.057191815
/home/tianlong/Downloads/celebdf/Celeb-synthesis/id29_id37_0008.mp4,1,0.044932082
/home/tianlong/Downloads/celebdf/Celeb-synthesis/id35_id31_0006.mp4,1,0.049133252
/home/tianlong/Downloads/celebdf/Celeb-synthesis/id37_id34_0008.mp4,1,0.23970903
/home/tianlong/Downloads/celebdf/Celeb-synthesis/id26_id16_0001.mp4,1,0.9606623
/home/tianlong/Downloads/celebdf/Celeb-synthesis/id17_id23_0009.mp4,1,0.9900029
/home/tianlong/Downloads/celebdf/Celeb-synthesis/id6_id20_0007.mp4,1,0.031499665
/home/tianlong/Downloads/celebdf/Celeb-synthesis/id1_id20_0001.mp4,1,0.37800518
/home/tianlong/Downloads/celebdf/Celeb-synthesis/id1_id23_0006.mp4,1,0.046217542
/home/tianlong/Downloads/celebdf/Celeb-synthesis/id37_id35_0001.mp4,1,0.96545583
/home/tianlong/Downloads/celebdf/Celeb-synthesis/id4_id23_0006.mp4,1,0.12987186
/home/tianlong/Downloads/celebdf/Celeb-synthesis/id17_id26_0006.mp4,1,0.0720473
/home/tianlong/Downloads/celebdf/Celeb-synthesis/id20_id1_0007.mp4,1,0.052436765
/home/tianlong/Downloads/celebdf/Celeb-synthesis/id0_id26_0009.mp4,1,0.90757865
/home/tianlong/Downloads/celebdf/Celeb-synthesis/id38_id33_0005.mp4,1,0.08933417
/home/tianlong/Downloads/celebdf/Celeb-synthesis/id28_id35_0008.mp4,1,0.09516882
/home/tianlong/Downloads/celebdf/Celeb-synthesis/id23_id35_0006.mp4,1,0.9892945
/home/tianlong/Downloads/celebdf/Celeb-synthesis/id6_id28_0002.mp4,1,0.97714114
/home/tianlong/Downloads/celebdf/Celeb-synthesis/id35_id28_0006.mp4,1,0.029609626
/home/tianlong/Downloads/celebdf/Celeb-synthesis/id32_id31_0008.mp4,1,0.4398524
/home/tianlong/Downloads/celebdf/Celeb-synthesis/id38_id34_0004.mp4,1,0.84675336
/home/tianlong/Downloads/celebdf/Celeb-synthesis/id3_id28_0009.mp4,1,0.9726713
/home/tianlong/Downloads/celebdf/Celeb-synthesis/id37_id28_0007.mp4,1,0.03926227
/home/tianlong/Downloads/celebdf/Celeb-synthesis/id1_id20_0002.mp4,1,0.045021355
/home/tianlong/Downloads/celebdf/Celeb-synthesis/id37_id31_0008.mp4,1,0.44407713
/home/tianlong/Downloads/celebdf/Celeb-synthesis/id30_id23_0007.mp4,1,0.13268241
/home/tianlong/Downloads/celebdf/Celeb-synthesis/id28_id26_0000.mp4,1,0.9840172
/home/tianlong/Downloads/celebdf/Celeb-synthesis/id2_id28_0003.mp4,1,0.05574829
/home/tianlong/Downloads/celebdf/Celeb-synthesis/id27_id24_0007.mp4,1,0.047068603
/home/tianlong/Downloads/celebdf/Celeb-synthesis/id30_id32_0006.mp4,1,0.62003076
/home/tianlong/Downloads/celebdf/Celeb-synthesis/id35_id31_0009.mp4,1,0.052897498
/home/tianlong/Downloads/celebdf/Celeb-synthesis/id4_id21_0004.mp4,1,0.06810335
/home/tianlong/Downloads/celebdf/Celeb-synthesis/id37_id21_0005.mp4,1,0.9728968
/home/tianlong/Downloads/celebdf/Celeb-synthesis/id30_id21_0002.mp4,1,0.03742407
/home/tianlong/Downloads/celebdf/Celeb-synthesis/id16_id23_0011.mp4,1,0.9921433
/home/tianlong/Downloads/celebdf/Celeb-synthesis/id9_id20_0002.mp4,1,0.031307753
/home/tianlong/Downloads/celebdf/Celeb-synthesis/id6_id21_0006.mp4,1,0.9873648
/home/tianlong/Downloads/celebdf/Celeb-synthesis/id20_id19_0002.mp4,1,0.864392
/home/tianlong/Downloads/celebdf/Celeb-synthesis/id28_id4_0006.mp4,1,0.04715752
/home/tianlong/Downloads/celebdf/Celeb-synthesis/id35_id34_0002.mp4,1,0.991306
/home/tianlong/Downloads/celebdf/Celeb-synthesis/id35_id26_0003.mp4,1,0.37288707
/home/tianlong/Downloads/celebdf/Celeb-synthesis/id22_id28_0006.mp4,1,0.054993454
/home/tianlong/Downloads/celebdf/Celeb-synthesis/id30_id21_0005.mp4,1,0.8876293
/home/tianlong/Downloads/celebdf/Celeb-synthesis/id24_id20_0009.mp4,1,0.9804385
/home/tianlong/Downloads/celebdf/Celeb-synthesis/id4_id20_0000.mp4,1,0.26804382
/home/tianlong/Downloads/celebdf/Celeb-synthesis/id2_id26_0001.mp4,1,0.035296295
/home/tianlong/Downloads/celebdf/Celeb-synthesis/id21_id6_0005.mp4,1,0.8923386
/home/tianlong/Downloads/celebdf/Celeb-synthesis/id21_id9_0008.mp4,1,0.20443146
/home/tianlong/Downloads/celebdf/Celeb-synthesis/id22_id21_0005.mp4,1,0.064581625
/home/tianlong/Downloads/celebdf/Celeb-synthesis/id22_id27_0005.mp4,1,0.04125054
/home/tianlong/Downloads/celebdf/Celeb-synthesis/id23_id2_0007.mp4,1,0.99155253
/home/tianlong/Downloads/celebdf/Celeb-synthesis/id23_id3_0009.mp4,1,0.12984304
/home/tianlong/Downloads/celebdf/Celeb-synthesis/id24_id19_0000.mp4,1,0.48223665
/home/tianlong/Downloads/celebdf/Celeb-synthesis/id24_id21_0006.mp4,1,0.04952598
/home/tianlong/Downloads/celebdf/Celeb-synthesis/id24_id26_0009.mp4,1,0.99125236
/home/tianlong/Downloads/celebdf/Celeb-synthesis/id25_id19_0002.mp4,1,0.045722973
/home/tianlong/Downloads/celebdf/Celeb-synthesis/id25_id24_0003.mp4,1,0.07461766
/home/tianlong/Downloads/celebdf/Celeb-synthesis/id27_id21_0008.mp4,1,0.037257377
/home/tianlong/Downloads/celebdf/Celeb-synthesis/id27_id22_0007.mp4,1,0.038799692
/home/tianlong/Downloads/celebdf/Celeb-synthesis/id27_id25_0008.mp4,1,0.035575103
/home/tianlong/Downloads/celebdf/Celeb-synthesis/id28_id3_0004.mp4,1,0.041821484
/home/tianlong/Downloads/celebdf/Celeb-synthesis/id28_id6_0006.mp4,1,0.050763052
/home/tianlong/Downloads/celebdf/Celeb-synthesis/id29_id32_0000.mp4,1,0.050956212
/home/tianlong/Downloads/celebdf/Celeb-synthesis/id29_id37_0009.mp4,1,0.03961098
/home/tianlong/Downloads/celebdf/Celeb-synthesis/id30_id20_0004.mp4,1,0.051893283
/home/tianlong/Downloads/celebdf/Celeb-synthesis/id30_id23_0002.mp4,1,0.044497974
/home/tianlong/Downloads/celebdf/Celeb-synthesis/id32_id33_0004.mp4,1,0.03952503
/home/tianlong/Downloads/celebdf/Celeb-synthesis/id33_id38_0001.mp4,1,0.98325264
/home/tianlong/Downloads/celebdf/Celeb-synthesis/id34_id33_0005.mp4,1,0.07259319
/home/tianlong/Downloads/celebdf/Celeb-synthesis/id35_id31_0007.mp4,1,0.89590746
/home/tianlong/Downloads/celebdf/Celeb-synthesis/id49_id52_0005.mp4,1,0.032478523
/home/tianlong/Downloads/celebdf/Celeb-synthesis/id9_id2_0006.mp4,1,0.0726452
/home/tianlong/Downloads/celebdf/Celeb-synthesis/id7_id11_0007.mp4,1,0.20408817
/home/tianlong/Downloads/celebdf/Celeb-synthesis/id4_id37_0006.mp4,1,0.038100746
/home/tianlong/Downloads/celebdf/Celeb-synthesis/id37_id38_0009.mp4,1,0.9895663
/home/tianlong/Downloads/celebdf/Celeb-synthesis/id29_id30_0009.mp4,1,0.05649932
/home/tianlong/Downloads/celebdf/Celeb-synthesis/id0_id6_0007.mp4,1,0.12117
/home/tianlong/Downloads/celebdf/Celeb-synthesis/id0_id16_0004.mp4,1,0.10925043
/home/tianlong/Downloads/celebdf/Celeb-synthesis/id31_id33_0008.mp4,1,0.051815577
/home/tianlong/Downloads/celebdf/Celeb-synthesis/id54_id49_0003.mp4,1,0.9512454
/home/tianlong/Downloads/celebdf/Celeb-synthesis/id0_id1_0000.mp4,1,0.63782793
/home/tianlong/Downloads/celebdf/Celeb-synthesis/id21_id28_0001.mp4,1,0.9810245
/home/tianlong/Downloads/celebdf/Celeb-synthesis/id33_id29_0004.mp4,1,0.0833958
/home/tianlong/Downloads/celebdf/Celeb-synthesis/id28_id0_0009.mp4,1,0.94474435
/home/tianlong/Downloads/celebdf/Celeb-synthesis/id6_id9_0006.mp4,1,0.03030905
/home/tianlong/Downloads/celebdf/Celeb-synthesis/id9_id0_0006.mp4,1,0.11921217
/home/tianlong/Downloads/celebdf/Celeb-synthesis/id26_id2_0005.mp4,1,0.9706932
/home/tianlong/Downloads/celebdf/Celeb-synthesis/id1_id3_0002.mp4,1,0.26204273
/home/tianlong/Downloads/celebdf/Celeb-synthesis/id4_id6_0008.mp4,1,0.060282286
/home/tianlong/Downloads/celebdf/Celeb-synthesis/id16_id28_0005.mp4,1,0.8460921
/home/tianlong/Downloads/celebdf/Celeb-synthesis/id37_id35_0005.mp4,1,0.8884784
/home/tianlong/Downloads/celebdf/Celeb-synthesis/id19_id20_0004.mp4,1,0.03211023
/home/tianlong/Downloads/celebdf/Celeb-synthesis/id46_id41_0000.mp4,1,0.43071866
/home/tianlong/Downloads/celebdf/Celeb-synthesis/id51_id57_0004.mp4,1,0.18477331
/home/tianlong/Downloads/celebdf/Celeb-synthesis/id29_id37_0005.mp4,1,0.76927096
/home/tianlong/Downloads/celebdf/Celeb-synthesis/id35_id23_0007.mp4,1,0.98546624
/home/tianlong/Downloads/celebdf/Celeb-synthesis/id34_id33_0002.mp4,1,0.046861622
/home/tianlong/Downloads/celebdf/Celeb-synthesis/id1_id3_0006.mp4,1,0.03281235
/home/tianlong/Downloads/celebdf/Celeb-synthesis/id13_id10_0005.mp4,1,0.034408472
/home/tianlong/Downloads/celebdf/Celeb-synthesis/id56_id55_0009.mp4,1,0.0538142
/home/tianlong/Downloads/celebdf/Celeb-synthesis/id25_id28_0010.mp4,1,0.06474647
/home/tianlong/Downloads/celebdf/Celeb-synthesis/id20_id37_0004.mp4,1,0.057737682
/home/tianlong/Downloads/celebdf/Celeb-synthesis/id37_id29_0002.mp4,1,0.041577585
/home/tianlong/Downloads/celebdf/Celeb-synthesis/id56_id54_0007.mp4,1,0.2626359
/home/tianlong/Downloads/celebdf/Celeb-synthesis/id19_id20_0000.mp4,1,0.045804806
/home/tianlong/Downloads/celebdf/Celeb-synthesis/id4_id28_0006.mp4,1,0.089594565
/home/tianlong/Downloads/celebdf/Celeb-synthesis/id53_id58_0005.mp4,1,0.3325637
/home/tianlong/Downloads/celebdf/Celeb-synthesis/id55_id57_0002.mp4,1,0.9727686
/home/tianlong/Downloads/celebdf/Celeb-synthesis/id24_id26_0004.mp4,1,0.29574227
/home/tianlong/Downloads/celebdf/Celeb-synthesis/id20_id0_0006.mp4,1,0.9907465
/home/tianlong/Downloads/celebdf/Celeb-synthesis/id37_id2_0009.mp4,1,0.9908398
/home/tianlong/Downloads/celebdf/Celeb-synthesis/id30_id26_0006.mp4,1,0.9363609
/home/tianlong/Downloads/celebdf/Celeb-synthesis/id16_id2_0001.mp4,1,0.97916794
/home/tianlong/Downloads/celebdf/Celeb-synthesis/id26_id1_0002.mp4,1,0.027509108
/home/tianlong/Downloads/celebdf/Celeb-synthesis/id30_id6_0007.mp4,1,0.056671195
/home/tianlong/Downloads/celebdf/Celeb-synthesis/id44_id41_0005.mp4,1,0.11356364
/home/tianlong/Downloads/celebdf/Celeb-synthesis/id16_id2_0006.mp4,1,0.98960614
/home/tianlong/Downloads/celebdf/Celeb-synthesis/id1_id16_0004.mp4,1,0.18043587
/home/tianlong/Downloads/celebdf/Celeb-synthesis/id16_id21_0002.mp4,1,0.987277
/home/tianlong/Downloads/celebdf/Celeb-synthesis/id4_id0_0000.mp4,1,0.97271246
/home/tianlong/Downloads/celebdf/Celeb-synthesis/id8_id0_0002.mp4,1,0.03901364
/home/tianlong/Downloads/celebdf/Celeb-synthesis/id19_id23_0001.mp4,1,0.984597
/home/tianlong/Downloads/celebdf/Celeb-synthesis/id37_id3_0006.mp4,1,0.03788435
/home/tianlong/Downloads/celebdf/Celeb-synthesis/id9_id16_0007.mp4,1,0.11461242
/home/tianlong/Downloads/celebdf/Celeb-synthesis/id47_id43_0007.mp4,1,0.2378424
/home/tianlong/Downloads/celebdf/Celeb-synthesis/id16_id3_0009.mp4,1,0.03395603
/home/tianlong/Downloads/celebdf/Celeb-synthesis/id26_id28_0002.mp4,1,0.032197222
/home/tianlong/Downloads/celebdf/Celeb-synthesis/id8_id3_0003.mp4,1,0.45482916
/home/tianlong/Downloads/celebdf/Celeb-synthesis/id30_id28_0000.mp4,1,0.24924536
/home/tianlong/Downloads/celebdf/Celeb-synthesis/id27_id23_0008.mp4,1,0.06652168
/home/tianlong/Downloads/celebdf/Celeb-synthesis/id28_id20_0008.mp4,1,0.04747983
/home/tianlong/Downloads/celebdf/Celeb-synthesis/id1_id2_0002.mp4,1,0.991532
/home/tianlong/Downloads/celebdf/Celeb-synthesis/id46_id39_0000.mp4,1,0.56982917
/home/tianlong/Downloads/celebdf/Celeb-synthesis/id37_id28_0008.mp4,1,0.03732441
/home/tianlong/Downloads/celebdf/Celeb-synthesis/id0_id3_0007.mp4,1,0.030056123
/home/tianlong/Downloads/celebdf/Celeb-synthesis/id4_id1_0002.mp4,1,0.03252019
/home/tianlong/Downloads/celebdf/Celeb-synthesis/id13_id7_0000.mp4,1,0.23748456
/home/tianlong/Downloads/celebdf/Celeb-synthesis/id50_id53_0000.mp4,1,0.2722358
/home/tianlong/Downloads/celebdf/Celeb-synthesis/id50_id56_0005.mp4,1,0.4850477
/home/tianlong/Downloads/celebdf/Celeb-synthesis/id4_id21_0009.mp4,1,0.98485756
/home/tianlong/Downloads/celebdf/Celeb-synthesis/id23_id3_0004.mp4,1,0.06936013
/home/tianlong/Downloads/celebdf/Celeb-synthesis/id56_id51_0000.mp4,1,0.3115378
/home/tianlong/Downloads/celebdf/Celeb-synthesis/id30_id3_0006.mp4,1,0.98770195
/home/tianlong/Downloads/celebdf/Celeb-synthesis/id28_id20_0006.mp4,1,0.040119626
/home/tianlong/Downloads/celebdf/Celeb-synthesis/id4_id20_0008.mp4,1,0.04037514
/home/tianlong/Downloads/celebdf/Celeb-synthesis/id54_id58_0006.mp4,1,0.98774594
/home/tianlong/Downloads/celebdf/Celeb-synthesis/id53_id57_0005.mp4,1,0.8857018
/home/tianlong/Downloads/celebdf/Celeb-synthesis/id31_id33_0009.mp4,1,0.091836624
/home/tianlong/Downloads/celebdf/Celeb-synthesis/id0_id21_0000.mp4,1,0.9838366
/home/tianlong/Downloads/celebdf/Celeb-synthesis/id6_id23_0006.mp4,1,0.04271346
/home/tianlong/Downloads/celebdf/Celeb-synthesis/id48_id45_0002.mp4,1,0.2390102
/home/tianlong/Downloads/celebdf/Celeb-synthesis/id46_id45_0001.mp4,1,0.06892002
/home/tianlong/Downloads/celebdf/Celeb-synthesis/id28_id21_0006.mp4,1,0.054109596
/home/tianlong/Downloads/celebdf/Celeb-synthesis/id12_id10_0005.mp4,1,0.91235334
/home/tianlong/Downloads/celebdf/Celeb-synthesis/id54_id56_0000.mp4,1,0.9667021
/home/tianlong/Downloads/celebdf/Celeb-synthesis/id39_id47_0004.mp4,1,0.9793387
/home/tianlong/Downloads/celebdf/Celeb-synthesis/id9_id3_0009.mp4,1,0.052973047
/home/tianlong/Downloads/celebdf/Celeb-synthesis/id35_id16_0007.mp4,1,0.96099806
/home/tianlong/Downloads/celebdf/Celeb-synthesis/id21_id2_0002.mp4,1,0.9905695
/home/tianlong/Downloads/celebdf/Celeb-synthesis/id12_id10_0002.mp4,1,0.3250549
/home/tianlong/Downloads/celebdf/Celeb-synthesis/id10_id13_0007.mp4,1,0.029605715
/home/tianlong/Downloads/celebdf/Celeb-synthesis/id20_id31_0008.mp4,1,0.4038445
/home/tianlong/Downloads/celebdf/Celeb-synthesis/id0_id16_0003.mp4,1,0.035258006
/home/tianlong/Downloads/celebdf/Celeb-synthesis/id0_id16_0007.mp4,1,0.03242398
/home/tianlong/Downloads/celebdf/Celeb-synthesis/id2_id16_0004.mp4,1,0.98493725
/home/tianlong/Downloads/celebdf/Celeb-synthesis/id13_id7_0012.mp4,1,0.035964437
/home/tianlong/Downloads/celebdf/Celeb-synthesis/id37_id1_0002.mp4,1,0.04366225
/home/tianlong/Downloads/celebdf/Celeb-synthesis/id30_id28_0004.mp4,1,0.09413012
/home/tianlong/Downloads/celebdf/Celeb-synthesis/id53_id52_0003.mp4,1,0.035467952
/home/tianlong/Downloads/celebdf/Celeb-synthesis/id54_id56_0006.mp4,1,0.9851007
/home/tianlong/Downloads/celebdf/Celeb-synthesis/id3_id28_0002.mp4,1,0.02953419
/home/tianlong/Downloads/celebdf/Celeb-synthesis/id37_id4_0000.mp4,1,0.7145997
/home/tianlong/Downloads/celebdf/Celeb-synthesis/id28_id9_0000.mp4,1,0.059546486
/home/tianlong/Downloads/celebdf/Celeb-synthesis/id4_id2_0003.mp4,1,0.90909415
/home/tianlong/Downloads/celebdf/Celeb-synthesis/id25_id21_0005.mp4,1,0.987933
/home/tianlong/Downloads/celebdf/Celeb-synthesis/id17_id3_0007.mp4,1,0.07302143
/home/tianlong/Downloads/celebdf/Celeb-synthesis/id2_id1_0004.mp4,1,0.93101156
/home/tianlong/Downloads/celebdf/Celeb-synthesis/id3_id9_0003.mp4,1,0.0370433
/home/tianlong/Downloads/celebdf/Celeb-synthesis/id16_id6_0001.mp4,1,0.97998935
/home/tianlong/Downloads/celebdf/Celeb-synthesis/id8_id6_0002.mp4,1,0.032882165
/home/tianlong/Downloads/celebdf/Celeb-synthesis/id17_id16_0007.mp4,1,0.050934654
/home/tianlong/Downloads/celebdf/Celeb-synthesis/id4_id26_0007.mp4,1,0.25665697
/home/tianlong/Downloads/celebdf/Celeb-synthesis/id44_id45_0000.mp4,1,0.16423573
/home/tianlong/Downloads/celebdf/Celeb-synthesis/id0_id1_0005.mp4,1,0.031385843
/home/tianlong/Downloads/celebdf/Celeb-synthesis/id57_id51_0000.mp4,1,0.41473034
/home/tianlong/Downloads/celebdf/Celeb-synthesis/id34_id32_0007.mp4,1,0.9579596
/home/tianlong/Downloads/celebdf/Celeb-synthesis/id32_id31_0006.mp4,1,0.5619507
/home/tianlong/Downloads/celebdf/Celeb-synthesis/id48_id41_0001.mp4,1,0.05388834
/home/tianlong/Downloads/celebdf/Celeb-synthesis/id4_id0_0004.mp4,1,0.04354056
/home/tianlong/Downloads/celebdf/Celeb-synthesis/id21_id19_0009.mp4,1,0.97602105
/home/tianlong/Downloads/celebdf/Celeb-synthesis/id45_id39_0008.mp4,1,0.987045
/home/tianlong/Downloads/celebdf/Celeb-synthesis/id31_id30_0009.mp4,1,0.037539393
/home/tianlong/Downloads/celebdf/Celeb-synthesis/id27_id19_0001.mp4,1,0.110941455
/home/tianlong/Downloads/celebdf/Celeb-synthesis/id23_id16_0003.mp4,1,0.049217414
/home/tianlong/Downloads/celebdf/Celeb-synthesis/id58_id57_0008.mp4,1,0.9911684
/home/tianlong/Downloads/celebdf/Celeb-synthesis/id17_id2_0007.mp4,1,0.17619063
/home/tianlong/Downloads/celebdf/Celeb-synthesis/id28_id3_0001.mp4,1,0.045256272
/home/tianlong/Downloads/celebdf/Celeb-synthesis/id23_id35_0009.mp4,1,0.097201705
/home/tianlong/Downloads/celebdf/Celeb-synthesis/id4_id0_0001.mp4,1,0.3319507
/home/tianlong/Downloads/celebdf/Celeb-synthesis/id17_id31_0009.mp4,1,0.98191994
/home/tianlong/Downloads/celebdf/Celeb-synthesis/id48_id47_0008.mp4,1,0.35899818
/home/tianlong/Downloads/celebdf/Celeb-synthesis/id50_id49_0001.mp4,1,0.21297155
/home/tianlong/Downloads/celebdf/Celeb-synthesis/id20_id1_0003.mp4,1,0.09633315
/home/tianlong/Downloads/celebdf/Celeb-synthesis/id16_id3_0010.mp4,1,0.8789458
/home/tianlong/Downloads/celebdf/Celeb-synthesis/id23_id19_0000.mp4,1,0.7713513
/home/tianlong/Downloads/celebdf/Celeb-synthesis/id1_id3_0009.mp4,1,0.11813519
/home/tianlong/Downloads/celebdf/Celeb-synthesis/id43_id40_0005.mp4,1,0.9765335
/home/tianlong/Downloads/celebdf/Celeb-synthesis/id4_id6_0002.mp4,1,0.045250434
/home/tianlong/Downloads/celebdf/Celeb-synthesis/id10_id7_0008.mp4,1,0.92603207
/home/tianlong/Downloads/celebdf/Celeb-synthesis/id13_id10_0008.mp4,1,0.9716778
/home/tianlong/Downloads/celebdf/Celeb-synthesis/id12_id7_0006.mp4,1,0.14607617
/home/tianlong/Downloads/celebdf/Celeb-synthesis/id6_id2_0008.mp4,1,0.9875689
/home/tianlong/Downloads/celebdf/Celeb-synthesis/id2_id0_0002.mp4,1,0.038468424
/home/tianlong/Downloads/celebdf/Celeb-synthesis/id2_id6_0002.mp4,1,0.04065776
/home/tianlong/Downloads/celebdf/Celeb-synthesis/id30_id28_0006.mp4,1,0.9428185
/home/tianlong/Downloads/celebdf/Celeb-synthesis/id52_id50_0007.mp4,1,0.9910125
/home/tianlong/Downloads/celebdf/Celeb-synthesis/id49_id52_0007.mp4,1,0.036368135
/home/tianlong/Downloads/celebdf/Celeb-synthesis/id51_id50_0008.mp4,1,0.9295396
/home/tianlong/Downloads/celebdf/Celeb-synthesis/id21_id3_0009.mp4,1,0.9097753
/home/tianlong/Downloads/celebdf/Celeb-synthesis/id31_id16_0002.mp4,1,0.6941911
/home/tianlong/Downloads/celebdf/Celeb-synthesis/id25_id28_0003.mp4,1,0.06541788
/home/tianlong/Downloads/celebdf/Celeb-synthesis/id21_id20_0006.mp4,1,0.03286337
/home/tianlong/Downloads/celebdf/Celeb-synthesis/id10_id7_0005.mp4,1,0.046285026
/home/tianlong/Downloads/celebdf/Celeb-synthesis/id38_id30_0006.mp4,1,0.9899378
/home/tianlong/Downloads/celebdf/Celeb-synthesis/id35_id30_0006.mp4,1,0.028589526
/home/tianlong/Downloads/celebdf/Celeb-synthesis/id20_id9_0008.mp4,1,0.12076259
/home/tianlong/Downloads/celebdf/Celeb-synthesis/id25_id23_0010.mp4,1,0.7591982
/home/tianlong/Downloads/celebdf/Celeb-synthesis/id17_id21_0000.mp4,1,0.3614373
/home/tianlong/Downloads/celebdf/Celeb-synthesis/id45_id47_0002.mp4,1,0.05406832
/home/tianlong/Downloads/celebdf/Celeb-synthesis/id1_id3_0003.mp4,1,0.03337843
/home/tianlong/Downloads/celebdf/Celeb-synthesis/id27_id26_0006.mp4,1,0.047087245
/home/tianlong/Downloads/celebdf/Celeb-synthesis/id44_id42_0001.mp4,1,0.3060604
/home/tianlong/Downloads/celebdf/Celeb-synthesis/id57_id53_0006.mp4,1,0.98611486
/home/tianlong/Downloads/celebdf/Celeb-synthesis/id43_id39_0000.mp4,1,0.42805877
/home/tianlong/Downloads/celebdf/Celeb-synthesis/id35_id16_0004.mp4,1,0.990763
/home/tianlong/Downloads/celebdf/Celeb-synthesis/id42_id40_0001.mp4,1,0.976219
/home/tianlong/Downloads/celebdf/Celeb-synthesis/id21_id2_0000.mp4,1,0.988607
/home/tianlong/Downloads/celebdf/Celeb-synthesis/id37_id21_0000.mp4,1,0.97320795
/home/tianlong/Downloads/celebdf/Celeb-synthesis/id29_id38_0008.mp4,1,0.9871453
/home/tianlong/Downloads/celebdf/Celeb-synthesis/id39_id44_0000.mp4,1,0.98219645
/home/tianlong/Downloads/celebdf/Celeb-synthesis/id9_id6_0005.mp4,1,0.035100497
/home/tianlong/Downloads/celebdf/Celeb-synthesis/id0_id1_0001.mp4,1,0.78422856
/home/tianlong/Downloads/celebdf/Celeb-synthesis/id31_id2_0004.mp4,1,0.072117195
/home/tianlong/Downloads/celebdf/Celeb-synthesis/id38_id34_0003.mp4,1,0.9909711
/home/tianlong/Downloads/celebdf/Celeb-synthesis/id56_id57_0007.mp4,1,0.47010183
/home/tianlong/Downloads/celebdf/Celeb-synthesis/id52_id58_0005.mp4,1,0.9213723
/home/tianlong/Downloads/celebdf/Celeb-synthesis/id28_id4_0000.mp4,1,0.99004704
/home/tianlong/Downloads/celebdf/Celeb-synthesis/id22_id26_0005.mp4,1,0.044960495
/home/tianlong/Downloads/celebdf/Celeb-synthesis/id4_id30_0000.mp4,1,0.28783357
/home/tianlong/Downloads/celebdf/Celeb-synthesis/id29_id32_0003.mp4,1,0.339832
/home/tianlong/Downloads/celebdf/Celeb-synthesis/id35_id20_0007.mp4,1,0.7307849
/home/tianlong/Downloads/celebdf/Celeb-synthesis/id1_id2_0007.mp4,1,0.08074755
/home/tianlong/Downloads/celebdf/Celeb-synthesis/id30_id3_0002.mp4,1,0.033248555
/home/tianlong/Downloads/celebdf/Celeb-synthesis/id22_id25_0001.mp4,1,0.043886743
/home/tianlong/Downloads/celebdf/Celeb-synthesis/id39_id44_0008.mp4,1,0.72804
/home/tianlong/Downloads/celebdf/Celeb-synthesis/id34_id29_0008.mp4,1,0.37492883
/home/tianlong/Downloads/celebdf/Celeb-synthesis/id21_id28_0009.mp4,1,0.6076308
/home/tianlong/Downloads/celebdf/Celeb-synthesis/id30_id4_0001.mp4,1,0.9818663
/home/tianlong/Downloads/celebdf/Celeb-synthesis/id25_id19_0008.mp4,1,0.9807582
/home/tianlong/Downloads/celebdf/Celeb-synthesis/id21_id4_0002.mp4,1,0.99098927
/home/tianlong/Downloads/celebdf/Celeb-synthesis/id17_id28_0001.mp4,1,0.9354754
/home/tianlong/Downloads/celebdf/Celeb-synthesis/id6_id1_0007.mp4,1,0.032699373
/home/tianlong/Downloads/celebdf/Celeb-synthesis/id9_id2_0008.mp4,1,0.05861949
/home/tianlong/Downloads/celebdf/Celeb-synthesis/id8_id5_0008.mp4,1,0.04806938
/home/tianlong/Downloads/celebdf/Celeb-synthesis/id37_id3_0004.mp4,1,0.05223398
/home/tianlong/Downloads/celebdf/Celeb-synthesis/id17_id2_0003.mp4,1,0.9924718
