Video,Label,Prediction
/home/tianlong/Downloads/celebdf/YouTube-real/00170.mp4,0,0.8321272
/home/tianlong/Downloads/celebdf/YouTube-real/00208.mp4,0,0.53446734
/home/tianlong/Downloads/celebdf/YouTube-real/00063.mp4,0,0.5999376
/home/tianlong/Downloads/celebdf/YouTube-real/00024.mp4,0,0.08043876
/home/tianlong/Downloads/celebdf/YouTube-real/00021.mp4,0,0.59826297
/home/tianlong/Downloads/celebdf/YouTube-real/00036.mp4,0,0.9616345
/home/tianlong/Downloads/celebdf/YouTube-real/00202.mp4,0,0.50000423
/home/tianlong/Downloads/celebdf/YouTube-real/00236.mp4,0,0.13011512
/home/tianlong/Downloads/celebdf/YouTube-real/00197.mp4,0,0.64353144
/home/tianlong/Downloads/celebdf/YouTube-real/00133.mp4,0,0.36494094
/home/tianlong/Downloads/celebdf/YouTube-real/00213.mp4,0,0.68283015
/home/tianlong/Downloads/celebdf/YouTube-real/00011.mp4,0,0.7786523
/home/tianlong/Downloads/celebdf/YouTube-real/00095.mp4,0,0.49818677
/home/tianlong/Downloads/celebdf/YouTube-real/00138.mp4,0,0.27130395
/home/tianlong/Downloads/celebdf/YouTube-real/00106.mp4,0,0.8413354
/home/tianlong/Downloads/celebdf/YouTube-real/00194.mp4,0,0.18900548
/home/tianlong/Downloads/celebdf/YouTube-real/00092.mp4,0,0.63017505
/home/tianlong/Downloads/celebdf/YouTube-real/00227.mp4,0,0.4621264
/home/tianlong/Downloads/celebdf/YouTube-real/00244.mp4,0,0.90477455
/home/tianlong/Downloads/celebdf/YouTube-real/00119.mp4,0,0.7058543
/home/tianlong/Downloads/celebdf/YouTube-real/00082.mp4,0,0.019940253
/home/tianlong/Downloads/celebdf/YouTube-real/00188.mp4,0,0.42099714
/home/tianlong/Downloads/celebdf/YouTube-real/00076.mp4,0,0.085156366
/home/tianlong/Downloads/celebdf/YouTube-real/00047.mp4,0,0.075639926
/home/tianlong/Downloads/celebdf/YouTube-real/00168.mp4,0,0.48363006
/home/tianlong/Downloads/celebdf/YouTube-real/00207.mp4,0,0.23265679
/home/tianlong/Downloads/celebdf/YouTube-real/00193.mp4,0,0.46073103
/home/tianlong/Downloads/celebdf/YouTube-real/00061.mp4,0,0.5410361
/home/tianlong/Downloads/celebdf/YouTube-real/00023.mp4,0,0.87264234
/home/tianlong/Downloads/celebdf/YouTube-real/00048.mp4,0,0.83559465
/home/tianlong/Downloads/celebdf/YouTube-real/00250.mp4,0,0.25648007
/home/tianlong/Downloads/celebdf/YouTube-real/00251.mp4,0,0.41998744
/home/tianlong/Downloads/celebdf/YouTube-real/00252.mp4,0,0.07879583
/home/tianlong/Downloads/celebdf/YouTube-real/00253.mp4,0,0.34646732
/home/tianlong/Downloads/celebdf/YouTube-real/00254.mp4,0,0.42320743
/home/tianlong/Downloads/celebdf/YouTube-real/00255.mp4,0,0.22750473
/home/tianlong/Downloads/celebdf/YouTube-real/00256.mp4,0,0.29272518
/home/tianlong/Downloads/celebdf/YouTube-real/00257.mp4,0,0.25857943
/home/tianlong/Downloads/celebdf/YouTube-real/00258.mp4,0,0.09670929
/home/tianlong/Downloads/celebdf/YouTube-real/00259.mp4,0,0.6236496
/home/tianlong/Downloads/celebdf/YouTube-real/00260.mp4,0,0.761969
/home/tianlong/Downloads/celebdf/YouTube-real/00261.mp4,0,0.41822672
/home/tianlong/Downloads/celebdf/YouTube-real/00262.mp4,0,0.35567147
/home/tianlong/Downloads/celebdf/YouTube-real/00263.mp4,0,0.87446374
/home/tianlong/Downloads/celebdf/YouTube-real/00264.mp4,0,0.77508485
/home/tianlong/Downloads/celebdf/YouTube-real/00265.mp4,0,0.017336113
/home/tianlong/Downloads/celebdf/YouTube-real/00266.mp4,0,0.80830616
/home/tianlong/Downloads/celebdf/YouTube-real/00267.mp4,0,0.58382696
/home/tianlong/Downloads/celebdf/YouTube-real/00268.mp4,0,0.38627833
/home/tianlong/Downloads/celebdf/YouTube-real/00269.mp4,0,0.22012237
/home/tianlong/Downloads/celebdf/YouTube-real/00270.mp4,0,0.11258118
/home/tianlong/Downloads/celebdf/YouTube-real/00271.mp4,0,0.945996
/home/tianlong/Downloads/celebdf/YouTube-real/00272.mp4,0,0.95741624
/home/tianlong/Downloads/celebdf/YouTube-real/00273.mp4,0,0.11968686
/home/tianlong/Downloads/celebdf/YouTube-real/00274.mp4,0,0.041606076
/home/tianlong/Downloads/celebdf/YouTube-real/00275.mp4,0,0.43683773
/home/tianlong/Downloads/celebdf/YouTube-real/00276.mp4,0,0.18131097
/home/tianlong/Downloads/celebdf/YouTube-real/00277.mp4,0,0.17728132
/home/tianlong/Downloads/celebdf/YouTube-real/00278.mp4,0,0.41115952
/home/tianlong/Downloads/celebdf/YouTube-real/00279.mp4,0,0.18978044
/home/tianlong/Downloads/celebdf/YouTube-real/00280.mp4,0,0.5874379
/home/tianlong/Downloads/celebdf/YouTube-real/00281.mp4,0,0.8071025
/home/tianlong/Downloads/celebdf/YouTube-real/00282.mp4,0,0.7232002
/home/tianlong/Downloads/celebdf/YouTube-real/00283.mp4,0,0.9429027
/home/tianlong/Downloads/celebdf/YouTube-real/00284.mp4,0,0.5576115
/home/tianlong/Downloads/celebdf/YouTube-real/00285.mp4,0,0.13047434
/home/tianlong/Downloads/celebdf/YouTube-real/00286.mp4,0,0.47938007
/home/tianlong/Downloads/celebdf/YouTube-real/00287.mp4,0,0.30567124
/home/tianlong/Downloads/celebdf/YouTube-real/00288.mp4,0,0.4231754
/home/tianlong/Downloads/celebdf/YouTube-real/00289.mp4,0,0.10541109
/home/tianlong/Downloads/celebdf/Celeb-real/id1_0007.mp4,0,0.6407262
/home/tianlong/Downloads/celebdf/Celeb-real/id2_0008.mp4,0,0.015249533
/home/tianlong/Downloads/celebdf/Celeb-real/id3_0001.mp4,0,0.6137507
/home/tianlong/Downloads/celebdf/Celeb-real/id6_0005.mp4,0,0.76128036
/home/tianlong/Downloads/celebdf/Celeb-real/id9_0000.mp4,0,0.5375998
/home/tianlong/Downloads/celebdf/Celeb-real/id11_0008.mp4,0,0.6764831
/home/tianlong/Downloads/celebdf/Celeb-real/id16_0011.mp4,0,0.97566193
/home/tianlong/Downloads/celebdf/Celeb-real/id17_0000.mp4,0,0.8602378
/home/tianlong/Downloads/celebdf/Celeb-real/id35_0008.mp4,0,0.27869183
/home/tianlong/Downloads/celebdf/Celeb-real/id39_0005.mp4,0,0.85966986
/home/tianlong/Downloads/celebdf/Celeb-real/id48_0000.mp4,0,0.55286825
/home/tianlong/Downloads/celebdf/Celeb-real/id32_0008.mp4,0,0.22920832
/home/tianlong/Downloads/celebdf/Celeb-real/id56_0009.mp4,0,0.90755045
/home/tianlong/Downloads/celebdf/Celeb-real/id54_0007.mp4,0,0.64890546
/home/tianlong/Downloads/celebdf/Celeb-real/id37_0005.mp4,0,0.66047543
/home/tianlong/Downloads/celebdf/Celeb-real/id29_0008.mp4,0,0.86165684
/home/tianlong/Downloads/celebdf/Celeb-real/id43_0006.mp4,0,0.11502701
/home/tianlong/Downloads/celebdf/Celeb-real/id1_0006.mp4,0,0.47359306
/home/tianlong/Downloads/celebdf/Celeb-real/id51_0001.mp4,0,0.52585286
/home/tianlong/Downloads/celebdf/Celeb-real/id31_0007.mp4,0,0.21963164
/home/tianlong/Downloads/celebdf/Celeb-real/id2_0003.mp4,0,0.6271671
/home/tianlong/Downloads/celebdf/Celeb-real/id21_0009.mp4,0,0.94880307
/home/tianlong/Downloads/celebdf/Celeb-real/id50_0003.mp4,0,0.6127605
/home/tianlong/Downloads/celebdf/Celeb-real/id21_0006.mp4,0,0.8803257
/home/tianlong/Downloads/celebdf/Celeb-real/id44_0003.mp4,0,0.39881247
/home/tianlong/Downloads/celebdf/Celeb-real/id36_0006.mp4,0,0.9110061
/home/tianlong/Downloads/celebdf/Celeb-real/id36_0008.mp4,0,0.957888
/home/tianlong/Downloads/celebdf/Celeb-real/id1_0008.mp4,0,0.03555294
/home/tianlong/Downloads/celebdf/Celeb-real/id45_0003.mp4,0,0.4678285
/home/tianlong/Downloads/celebdf/Celeb-real/id48_0003.mp4,0,0.31252414
/home/tianlong/Downloads/celebdf/Celeb-real/id23_0001.mp4,0,0.02581126
/home/tianlong/Downloads/celebdf/Celeb-real/id16_0010.mp4,0,0.43434826
/home/tianlong/Downloads/celebdf/Celeb-real/id31_0004.mp4,0,0.4383417
/home/tianlong/Downloads/celebdf/Celeb-real/id35_0000.mp4,0,0.3909106
/home/tianlong/Downloads/celebdf/Celeb-real/id58_0002.mp4,0,0.41466904
/home/tianlong/Downloads/celebdf/Celeb-real/id30_0007.mp4,0,0.5540825
/home/tianlong/Downloads/celebdf/Celeb-real/id12_0005.mp4,0,0.58033615
/home/tianlong/Downloads/celebdf/Celeb-real/id56_0002.mp4,0,0.6111001
/home/tianlong/Downloads/celebdf/Celeb-real/id33_0005.mp4,0,0.5252675
/home/tianlong/Downloads/celebdf/Celeb-real/id29_0009.mp4,0,0.521564
/home/tianlong/Downloads/celebdf/Celeb-real/id13_0013.mp4,0,0.15812898
/home/tianlong/Downloads/celebdf/Celeb-real/id28_0009.mp4,0,0.90253603
/home/tianlong/Downloads/celebdf/Celeb-real/id36_0000.mp4,0,0.90119743
/home/tianlong/Downloads/celebdf/Celeb-real/id24_0009.mp4,0,0.18277809
/home/tianlong/Downloads/celebdf/Celeb-real/id39_0004.mp4,0,0.44317484
/home/tianlong/Downloads/celebdf/Celeb-real/id27_0008.mp4,0,0.6670201
/home/tianlong/Downloads/celebdf/Celeb-real/id11_0006.mp4,0,0.5323804
/home/tianlong/Downloads/celebdf/Celeb-real/id19_0007.mp4,0,0.21220946
/home/tianlong/Downloads/celebdf/Celeb-real/id37_0009.mp4,0,0.28934443
/home/tianlong/Downloads/celebdf/Celeb-real/id3_0008.mp4,0,0.40286183
/home/tianlong/Downloads/celebdf/Celeb-real/id46_0000.mp4,0,0.74613255
/home/tianlong/Downloads/celebdf/Celeb-real/id33_0008.mp4,0,0.19633134
/home/tianlong/Downloads/celebdf/Celeb-real/id8_0000.mp4,0,0.7758143
/home/tianlong/Downloads/celebdf/Celeb-real/id16_0007.mp4,0,0.25973263
/home/tianlong/Downloads/celebdf/Celeb-real/id1_0001.mp4,0,0.22529021
/home/tianlong/Downloads/celebdf/Celeb-real/id32_0002.mp4,0,0.6590352
/home/tianlong/Downloads/celebdf/Celeb-real/id19_0005.mp4,0,0.78666323
/home/tianlong/Downloads/celebdf/Celeb-real/id27_0009.mp4,0,0.037512876
/home/tianlong/Downloads/celebdf/Celeb-real/id2_0001.mp4,0,0.3377282
/home/tianlong/Downloads/celebdf/Celeb-real/id13_0011.mp4,0,0.21578047
/home/tianlong/Downloads/celebdf/Celeb-real/id49_0004.mp4,0,0.5973507
/home/tianlong/Downloads/celebdf/Celeb-real/id57_0007.mp4,0,0.7875256
/home/tianlong/Downloads/celebdf/Celeb-real/id26_0008.mp4,0,0.13109647
/home/tianlong/Downloads/celebdf/Celeb-real/id2_0004.mp4,0,0.57729876
/home/tianlong/Downloads/celebdf/Celeb-real/id36_0001.mp4,0,0.71459705
/home/tianlong/Downloads/celebdf/Celeb-real/id0_0001.mp4,0,0.8648254
/home/tianlong/Downloads/celebdf/Celeb-real/id10_0007.mp4,0,0.4898531
/home/tianlong/Downloads/celebdf/Celeb-real/id17_0002.mp4,0,0.5992489
/home/tianlong/Downloads/celebdf/Celeb-real/id4_0004.mp4,0,0.3645566
/home/tianlong/Downloads/celebdf/Celeb-real/id36_0002.mp4,0,0.84135664
/home/tianlong/Downloads/celebdf/Celeb-real/id53_0003.mp4,0,0.9482342
/home/tianlong/Downloads/celebdf/Celeb-real/id25_0010.mp4,0,0.3685688
/home/tianlong/Downloads/celebdf/Celeb-real/id51_0006.mp4,0,0.37483585
/home/tianlong/Downloads/celebdf/Celeb-real/id22_0000.mp4,0,0.31841493
/home/tianlong/Downloads/celebdf/Celeb-real/id10_0001.mp4,0,0.042553484
/home/tianlong/Downloads/celebdf/Celeb-real/id6_0002.mp4,0,0.7564185
/home/tianlong/Downloads/celebdf/Celeb-real/id12_0000.mp4,0,0.14616425
/home/tianlong/Downloads/celebdf/Celeb-real/id35_0003.mp4,0,0.8295663
/home/tianlong/Downloads/celebdf/Celeb-real/id3_0002.mp4,0,0.30650103
/home/tianlong/Downloads/celebdf/Celeb-real/id31_0003.mp4,0,0.43916965
/home/tianlong/Downloads/celebdf/Celeb-real/id52_0002.mp4,0,0.7312973
/home/tianlong/Downloads/celebdf/Celeb-real/id2_0002.mp4,0,0.18648432
/home/tianlong/Downloads/celebdf/Celeb-real/id44_0001.mp4,0,0.23449457
/home/tianlong/Downloads/celebdf/Celeb-real/id8_0009.mp4,0,0.51818824
/home/tianlong/Downloads/celebdf/Celeb-real/id33_0002.mp4,0,0.45118493
/home/tianlong/Downloads/celebdf/Celeb-real/id50_0000.mp4,0,0.86447275
/home/tianlong/Downloads/celebdf/Celeb-real/id40_0003.mp4,0,0.6123183
/home/tianlong/Downloads/celebdf/Celeb-real/id7_0006.mp4,0,0.23766486
/home/tianlong/Downloads/celebdf/Celeb-real/id53_0007.mp4,0,0.18533656
/home/tianlong/Downloads/celebdf/Celeb-real/id43_0002.mp4,0,0.51739347
/home/tianlong/Downloads/celebdf/Celeb-real/id56_0000.mp4,0,0.5422616
/home/tianlong/Downloads/celebdf/Celeb-real/id13_0004.mp4,0,0.28329405
/home/tianlong/Downloads/celebdf/Celeb-real/id43_0001.mp4,0,0.17957824
/home/tianlong/Downloads/celebdf/Celeb-real/id20_0008.mp4,0,0.5667634
/home/tianlong/Downloads/celebdf/Celeb-real/id28_0004.mp4,0,0.45872077
/home/tianlong/Downloads/celebdf/Celeb-real/id22_0009.mp4,0,0.4544994
/home/tianlong/Downloads/celebdf/Celeb-real/id53_0000.mp4,0,0.6128939
/home/tianlong/Downloads/celebdf/Celeb-real/id50_0006.mp4,0,0.3167291
/home/tianlong/Downloads/celebdf/Celeb-real/id32_0003.mp4,0,0.29839227
/home/tianlong/Downloads/celebdf/Celeb-real/id32_0006.mp4,0,0.45648557
/home/tianlong/Downloads/celebdf/Celeb-real/id57_0003.mp4,0,0.7643278
/home/tianlong/Downloads/celebdf/Celeb-real/id37_0004.mp4,0,0.1418981
/home/tianlong/Downloads/celebdf/Celeb-real/id28_0007.mp4,0,0.9536308
/home/tianlong/Downloads/celebdf/Celeb-real/id52_0001.mp4,0,0.65738434
/home/tianlong/Downloads/celebdf/Celeb-real/id40_0009.mp4,0,0.7110854
/home/tianlong/Downloads/celebdf/Celeb-real/id51_0005.mp4,0,0.91595304
/home/tianlong/Downloads/celebdf/Celeb-real/id34_0006.mp4,0,0.27617478
/home/tianlong/Downloads/celebdf/Celeb-real/id42_0002.mp4,0,0.45881653
/home/tianlong/Downloads/celebdf/Celeb-synthesis/id1_id0_0007.mp4,1,0.5038837
/home/tianlong/Downloads/celebdf/Celeb-synthesis/id1_id3_0007.mp4,1,0.5376617
/home/tianlong/Downloads/celebdf/Celeb-synthesis/id1_id4_0007.mp4,1,0.19159564
/home/tianlong/Downloads/celebdf/Celeb-synthesis/id1_id9_0007.mp4,1,0.768405
/home/tianlong/Downloads/celebdf/Celeb-synthesis/id1_id16_0007.mp4,1,0.29765072
/home/tianlong/Downloads/celebdf/Celeb-synthesis/id1_id17_0007.mp4,1,0.48425716
/home/tianlong/Downloads/celebdf/Celeb-synthesis/id2_id0_0008.mp4,1,0.98282063
/home/tianlong/Downloads/celebdf/Celeb-synthesis/id2_id3_0008.mp4,1,0.9363392
/home/tianlong/Downloads/celebdf/Celeb-synthesis/id2_id9_0008.mp4,1,0.9646555
/home/tianlong/Downloads/celebdf/Celeb-synthesis/id3_id1_0001.mp4,1,0.82372504
/home/tianlong/Downloads/celebdf/Celeb-synthesis/id3_id2_0001.mp4,1,0.19245644
/home/tianlong/Downloads/celebdf/Celeb-synthesis/id3_id4_0001.mp4,1,0.8190026
/home/tianlong/Downloads/celebdf/Celeb-synthesis/id3_id6_0001.mp4,1,0.6536032
/home/tianlong/Downloads/celebdf/Celeb-synthesis/id3_id9_0001.mp4,1,0.78229725
/home/tianlong/Downloads/celebdf/Celeb-synthesis/id3_id16_0001.mp4,1,0.5301098
/home/tianlong/Downloads/celebdf/Celeb-synthesis/id4_id1_0003.mp4,1,0.3908065
/home/tianlong/Downloads/celebdf/Celeb-synthesis/id6_id0_0005.mp4,1,0.98198617
/home/tianlong/Downloads/celebdf/Celeb-synthesis/id6_id1_0005.mp4,1,0.76954466
/home/tianlong/Downloads/celebdf/Celeb-synthesis/id6_id2_0005.mp4,1,0.90481424
/home/tianlong/Downloads/celebdf/Celeb-synthesis/id6_id3_0005.mp4,1,0.927262
/home/tianlong/Downloads/celebdf/Celeb-synthesis/id6_id16_0005.mp4,1,0.7494907
/home/tianlong/Downloads/celebdf/Celeb-synthesis/id7_id10_0009.mp4,1,0.25884855
/home/tianlong/Downloads/celebdf/Celeb-synthesis/id7_id11_0009.mp4,1,0.597432
/home/tianlong/Downloads/celebdf/Celeb-synthesis/id7_id13_0009.mp4,1,0.4603595
/home/tianlong/Downloads/celebdf/Celeb-synthesis/id9_id0_0000.mp4,1,0.9847274
/home/tianlong/Downloads/celebdf/Celeb-synthesis/id9_id1_0000.mp4,1,0.7365375
/home/tianlong/Downloads/celebdf/Celeb-synthesis/id9_id2_0000.mp4,1,0.59946287
/home/tianlong/Downloads/celebdf/Celeb-synthesis/id9_id3_0000.mp4,1,0.81910914
/home/tianlong/Downloads/celebdf/Celeb-synthesis/id9_id6_0000.mp4,1,0.8354162
/home/tianlong/Downloads/celebdf/Celeb-synthesis/id9_id16_0000.mp4,1,0.81068575
/home/tianlong/Downloads/celebdf/Celeb-synthesis/id10_id7_0004.mp4,1,0.706697
/home/tianlong/Downloads/celebdf/Celeb-synthesis/id10_id11_0004.mp4,1,0.31058055
/home/tianlong/Downloads/celebdf/Celeb-synthesis/id10_id12_0004.mp4,1,0.25516742
/home/tianlong/Downloads/celebdf/Celeb-synthesis/id10_id13_0004.mp4,1,0.19908044
/home/tianlong/Downloads/celebdf/Celeb-synthesis/id10_id7_0001.mp4,1,0.19671994
/home/tianlong/Downloads/celebdf/Celeb-synthesis/id10_id11_0001.mp4,1,0.118470944
/home/tianlong/Downloads/celebdf/Celeb-synthesis/id10_id12_0001.mp4,1,0.22997455
/home/tianlong/Downloads/celebdf/Celeb-synthesis/id10_id13_0001.mp4,1,0.05726689
/home/tianlong/Downloads/celebdf/Celeb-synthesis/id11_id7_0008.mp4,1,0.56712633
/home/tianlong/Downloads/celebdf/Celeb-synthesis/id16_id0_0011.mp4,1,0.99548054
/home/tianlong/Downloads/celebdf/Celeb-synthesis/id16_id1_0011.mp4,1,0.8942444
/home/tianlong/Downloads/celebdf/Celeb-synthesis/id16_id2_0011.mp4,1,0.76736045
/home/tianlong/Downloads/celebdf/Celeb-synthesis/id16_id3_0011.mp4,1,0.9042384
/home/tianlong/Downloads/celebdf/Celeb-synthesis/id16_id6_0011.mp4,1,0.89081657
/home/tianlong/Downloads/celebdf/Celeb-synthesis/id17_id0_0000.mp4,1,0.977712
/home/tianlong/Downloads/celebdf/Celeb-synthesis/id17_id1_0000.mp4,1,0.8731273
/home/tianlong/Downloads/celebdf/Celeb-synthesis/id17_id2_0000.mp4,1,0.91112965
/home/tianlong/Downloads/celebdf/Celeb-synthesis/id17_id3_0000.mp4,1,0.873934
/home/tianlong/Downloads/celebdf/Celeb-synthesis/id17_id6_0000.mp4,1,0.79730266
/home/tianlong/Downloads/celebdf/Celeb-synthesis/id17_id9_0000.mp4,1,0.93176574
/home/tianlong/Downloads/celebdf/Celeb-synthesis/id17_id16_0000.mp4,1,0.9365984
/home/tianlong/Downloads/celebdf/Celeb-synthesis/id16_id20_0000.mp4,1,0.9665246
/home/tianlong/Downloads/celebdf/Celeb-synthesis/id17_id23_0000.mp4,1,0.40912548
/home/tianlong/Downloads/celebdf/Celeb-synthesis/id3_id28_0001.mp4,1,0.9535953
/home/tianlong/Downloads/celebdf/Celeb-synthesis/id35_id32_0007.mp4,1,0.8236659
/home/tianlong/Downloads/celebdf/Celeb-synthesis/id30_id26_0004.mp4,1,0.66253144
/home/tianlong/Downloads/celebdf/Celeb-synthesis/id16_id20_0006.mp4,1,0.629367
/home/tianlong/Downloads/celebdf/Celeb-synthesis/id4_id20_0001.mp4,1,0.6560029
/home/tianlong/Downloads/celebdf/Celeb-synthesis/id26_id3_0002.mp4,1,0.43385983
/home/tianlong/Downloads/celebdf/Celeb-synthesis/id20_id31_0006.mp4,1,0.80072564
/home/tianlong/Downloads/celebdf/Celeb-synthesis/id6_id23_0001.mp4,1,0.9382737
/home/tianlong/Downloads/celebdf/Celeb-synthesis/id9_id23_0009.mp4,1,0.5277582
/home/tianlong/Downloads/celebdf/Celeb-synthesis/id32_id33_0002.mp4,1,0.76395285
/home/tianlong/Downloads/celebdf/Celeb-synthesis/id16_id20_0012.mp4,1,0.9802149
/home/tianlong/Downloads/celebdf/Celeb-synthesis/id29_id30_0000.mp4,1,0.93634117
/home/tianlong/Downloads/celebdf/Celeb-synthesis/id3_id20_0008.mp4,1,0.82913417
/home/tianlong/Downloads/celebdf/Celeb-synthesis/id22_id27_0001.mp4,1,0.39905098
/home/tianlong/Downloads/celebdf/Celeb-synthesis/id27_id21_0002.mp4,1,0.69780505
/home/tianlong/Downloads/celebdf/Celeb-synthesis/id29_id35_0000.mp4,1,0.89291465
/home/tianlong/Downloads/celebdf/Celeb-synthesis/id21_id19_0005.mp4,1,0.10885984
/home/tianlong/Downloads/celebdf/Celeb-synthesis/id23_id26_0003.mp4,1,0.48850837
/home/tianlong/Downloads/celebdf/Celeb-synthesis/id30_id35_0009.mp4,1,0.80445796
/home/tianlong/Downloads/celebdf/Celeb-synthesis/id9_id26_0000.mp4,1,0.7151402
/home/tianlong/Downloads/celebdf/Celeb-synthesis/id33_id32_0006.mp4,1,0.35378033
/home/tianlong/Downloads/celebdf/Celeb-synthesis/id30_id34_0003.mp4,1,0.728141
/home/tianlong/Downloads/celebdf/Celeb-synthesis/id29_id37_0008.mp4,1,0.91133726
/home/tianlong/Downloads/celebdf/Celeb-synthesis/id35_id31_0006.mp4,1,0.9563602
/home/tianlong/Downloads/celebdf/Celeb-synthesis/id37_id34_0008.mp4,1,0.5645338
/home/tianlong/Downloads/celebdf/Celeb-synthesis/id26_id16_0001.mp4,1,0.34547952
/home/tianlong/Downloads/celebdf/Celeb-synthesis/id17_id23_0009.mp4,1,0.77013826
/home/tianlong/Downloads/celebdf/Celeb-synthesis/id6_id20_0007.mp4,1,0.9787593
/home/tianlong/Downloads/celebdf/Celeb-synthesis/id1_id20_0001.mp4,1,0.67353487
/home/tianlong/Downloads/celebdf/Celeb-synthesis/id1_id23_0006.mp4,1,0.99588954
/home/tianlong/Downloads/celebdf/Celeb-synthesis/id37_id35_0001.mp4,1,0.86475116
/home/tianlong/Downloads/celebdf/Celeb-synthesis/id4_id23_0006.mp4,1,0.86858016
/home/tianlong/Downloads/celebdf/Celeb-synthesis/id17_id26_0006.mp4,1,0.69320846
/home/tianlong/Downloads/celebdf/Celeb-synthesis/id20_id1_0007.mp4,1,0.61643076
/home/tianlong/Downloads/celebdf/Celeb-synthesis/id0_id26_0009.mp4,1,0.31574515
/home/tianlong/Downloads/celebdf/Celeb-synthesis/id38_id33_0005.mp4,1,0.7889985
/home/tianlong/Downloads/celebdf/Celeb-synthesis/id28_id35_0008.mp4,1,0.3795145
/home/tianlong/Downloads/celebdf/Celeb-synthesis/id23_id35_0006.mp4,1,0.8608195
/home/tianlong/Downloads/celebdf/Celeb-synthesis/id6_id28_0002.mp4,1,0.92493105
/home/tianlong/Downloads/celebdf/Celeb-synthesis/id35_id28_0006.mp4,1,0.99238646
/home/tianlong/Downloads/celebdf/Celeb-synthesis/id32_id31_0008.mp4,1,0.8178606
/home/tianlong/Downloads/celebdf/Celeb-synthesis/id38_id34_0004.mp4,1,0.6467699
/home/tianlong/Downloads/celebdf/Celeb-synthesis/id3_id28_0009.mp4,1,0.9435892
/home/tianlong/Downloads/celebdf/Celeb-synthesis/id37_id28_0007.mp4,1,0.9033723
/home/tianlong/Downloads/celebdf/Celeb-synthesis/id1_id20_0002.mp4,1,0.98022115
/home/tianlong/Downloads/celebdf/Celeb-synthesis/id37_id31_0008.mp4,1,0.6932973
/home/tianlong/Downloads/celebdf/Celeb-synthesis/id30_id23_0007.mp4,1,0.7536224
/home/tianlong/Downloads/celebdf/Celeb-synthesis/id28_id26_0000.mp4,1,0.33048877
/home/tianlong/Downloads/celebdf/Celeb-synthesis/id2_id28_0003.mp4,1,0.9035454
/home/tianlong/Downloads/celebdf/Celeb-synthesis/id27_id24_0007.mp4,1,0.45776916
/home/tianlong/Downloads/celebdf/Celeb-synthesis/id30_id32_0006.mp4,1,0.7451991
/home/tianlong/Downloads/celebdf/Celeb-synthesis/id35_id31_0009.mp4,1,0.6006405
/home/tianlong/Downloads/celebdf/Celeb-synthesis/id4_id21_0004.mp4,1,0.48381114
/home/tianlong/Downloads/celebdf/Celeb-synthesis/id37_id21_0005.mp4,1,0.70386165
/home/tianlong/Downloads/celebdf/Celeb-synthesis/id30_id21_0002.mp4,1,0.7496968
/home/tianlong/Downloads/celebdf/Celeb-synthesis/id16_id23_0011.mp4,1,0.7967956
/home/tianlong/Downloads/celebdf/Celeb-synthesis/id9_id20_0002.mp4,1,0.9845955
/home/tianlong/Downloads/celebdf/Celeb-synthesis/id6_id21_0006.mp4,1,0.77373064
/home/tianlong/Downloads/celebdf/Celeb-synthesis/id20_id19_0002.mp4,1,0.53105056
/home/tianlong/Downloads/celebdf/Celeb-synthesis/id28_id4_0006.mp4,1,0.85316706
/home/tianlong/Downloads/celebdf/Celeb-synthesis/id35_id34_0002.mp4,1,0.8422847
/home/tianlong/Downloads/celebdf/Celeb-synthesis/id35_id26_0003.mp4,1,0.35702485
/home/tianlong/Downloads/celebdf/Celeb-synthesis/id22_id28_0006.mp4,1,0.8827842
/home/tianlong/Downloads/celebdf/Celeb-synthesis/id30_id21_0005.mp4,1,0.80371636
/home/tianlong/Downloads/celebdf/Celeb-synthesis/id24_id20_0009.mp4,1,0.7100681
/home/tianlong/Downloads/celebdf/Celeb-synthesis/id4_id20_0000.mp4,1,0.7766876
/home/tianlong/Downloads/celebdf/Celeb-synthesis/id2_id26_0001.mp4,1,0.9469436
/home/tianlong/Downloads/celebdf/Celeb-synthesis/id21_id6_0005.mp4,1,0.39895687
/home/tianlong/Downloads/celebdf/Celeb-synthesis/id21_id9_0008.mp4,1,0.8001882
/home/tianlong/Downloads/celebdf/Celeb-synthesis/id22_id21_0005.mp4,1,0.957245
/home/tianlong/Downloads/celebdf/Celeb-synthesis/id22_id27_0005.mp4,1,0.9204737
/home/tianlong/Downloads/celebdf/Celeb-synthesis/id23_id2_0007.mp4,1,0.8531049
/home/tianlong/Downloads/celebdf/Celeb-synthesis/id23_id3_0009.mp4,1,0.9033734
/home/tianlong/Downloads/celebdf/Celeb-synthesis/id24_id19_0000.mp4,1,0.76354414
/home/tianlong/Downloads/celebdf/Celeb-synthesis/id24_id21_0006.mp4,1,0.6283245
/home/tianlong/Downloads/celebdf/Celeb-synthesis/id24_id26_0009.mp4,1,0.26371998
/home/tianlong/Downloads/celebdf/Celeb-synthesis/id25_id19_0002.mp4,1,0.5117647
/home/tianlong/Downloads/celebdf/Celeb-synthesis/id25_id24_0003.mp4,1,0.6907948
/home/tianlong/Downloads/celebdf/Celeb-synthesis/id27_id21_0008.mp4,1,0.7552252
/home/tianlong/Downloads/celebdf/Celeb-synthesis/id27_id22_0007.mp4,1,0.8258731
/home/tianlong/Downloads/celebdf/Celeb-synthesis/id27_id25_0008.mp4,1,0.8581392
/home/tianlong/Downloads/celebdf/Celeb-synthesis/id28_id3_0004.mp4,1,0.08923622
/home/tianlong/Downloads/celebdf/Celeb-synthesis/id28_id6_0006.mp4,1,0.69556653
/home/tianlong/Downloads/celebdf/Celeb-synthesis/id29_id32_0000.mp4,1,0.8014803
/home/tianlong/Downloads/celebdf/Celeb-synthesis/id29_id37_0009.mp4,1,0.6972382
/home/tianlong/Downloads/celebdf/Celeb-synthesis/id30_id20_0004.mp4,1,0.92277974
/home/tianlong/Downloads/celebdf/Celeb-synthesis/id30_id23_0002.mp4,1,0.7337617
/home/tianlong/Downloads/celebdf/Celeb-synthesis/id32_id33_0004.mp4,1,0.90042496
/home/tianlong/Downloads/celebdf/Celeb-synthesis/id33_id38_0001.mp4,1,0.8348935
/home/tianlong/Downloads/celebdf/Celeb-synthesis/id34_id33_0005.mp4,1,0.9220527
/home/tianlong/Downloads/celebdf/Celeb-synthesis/id35_id31_0007.mp4,1,0.878333
/home/tianlong/Downloads/celebdf/Celeb-synthesis/id49_id52_0005.mp4,1,0.9518625
/home/tianlong/Downloads/celebdf/Celeb-synthesis/id9_id2_0006.mp4,1,0.7419981
/home/tianlong/Downloads/celebdf/Celeb-synthesis/id7_id11_0007.mp4,1,0.5583502
/home/tianlong/Downloads/celebdf/Celeb-synthesis/id4_id37_0006.mp4,1,0.87744653
/home/tianlong/Downloads/celebdf/Celeb-synthesis/id37_id38_0009.mp4,1,0.76581764
/home/tianlong/Downloads/celebdf/Celeb-synthesis/id29_id30_0009.mp4,1,0.8232047
/home/tianlong/Downloads/celebdf/Celeb-synthesis/id0_id6_0007.mp4,1,0.6538521
/home/tianlong/Downloads/celebdf/Celeb-synthesis/id0_id16_0004.mp4,1,0.5887742
/home/tianlong/Downloads/celebdf/Celeb-synthesis/id31_id33_0008.mp4,1,0.9211856
/home/tianlong/Downloads/celebdf/Celeb-synthesis/id54_id49_0003.mp4,1,0.975959
/home/tianlong/Downloads/celebdf/Celeb-synthesis/id0_id1_0000.mp4,1,0.15451735
/home/tianlong/Downloads/celebdf/Celeb-synthesis/id21_id28_0001.mp4,1,0.9640678
/home/tianlong/Downloads/celebdf/Celeb-synthesis/id33_id29_0004.mp4,1,0.95183563
/home/tianlong/Downloads/celebdf/Celeb-synthesis/id28_id0_0009.mp4,1,0.9864823
/home/tianlong/Downloads/celebdf/Celeb-synthesis/id6_id9_0006.mp4,1,0.8648249
/home/tianlong/Downloads/celebdf/Celeb-synthesis/id9_id0_0006.mp4,1,0.99095803
/home/tianlong/Downloads/celebdf/Celeb-synthesis/id26_id2_0005.mp4,1,0.1415864
/home/tianlong/Downloads/celebdf/Celeb-synthesis/id1_id3_0002.mp4,1,0.7533917
/home/tianlong/Downloads/celebdf/Celeb-synthesis/id4_id6_0008.mp4,1,0.8471468
/home/tianlong/Downloads/celebdf/Celeb-synthesis/id16_id28_0005.mp4,1,0.91784656
/home/tianlong/Downloads/celebdf/Celeb-synthesis/id37_id35_0005.mp4,1,0.92148817
/home/tianlong/Downloads/celebdf/Celeb-synthesis/id19_id20_0004.mp4,1,0.82729214
/home/tianlong/Downloads/celebdf/Celeb-synthesis/id46_id41_0000.mp4,1,0.673189
/home/tianlong/Downloads/celebdf/Celeb-synthesis/id51_id57_0004.mp4,1,0.8489872
/home/tianlong/Downloads/celebdf/Celeb-synthesis/id29_id37_0005.mp4,1,0.73314583
/home/tianlong/Downloads/celebdf/Celeb-synthesis/id35_id23_0007.mp4,1,0.71994877
/home/tianlong/Downloads/celebdf/Celeb-synthesis/id34_id33_0002.mp4,1,0.7929886
/home/tianlong/Downloads/celebdf/Celeb-synthesis/id1_id3_0006.mp4,1,0.9824823
/home/tianlong/Downloads/celebdf/Celeb-synthesis/id13_id10_0005.mp4,1,0.31188127
/home/tianlong/Downloads/celebdf/Celeb-synthesis/id56_id55_0009.mp4,1,0.81071043
/home/tianlong/Downloads/celebdf/Celeb-synthesis/id25_id28_0010.mp4,1,0.84657735
/home/tianlong/Downloads/celebdf/Celeb-synthesis/id20_id37_0004.mp4,1,0.7280681
/home/tianlong/Downloads/celebdf/Celeb-synthesis/id37_id29_0002.mp4,1,0.99382895
/home/tianlong/Downloads/celebdf/Celeb-synthesis/id56_id54_0007.mp4,1,0.7268337
/home/tianlong/Downloads/celebdf/Celeb-synthesis/id19_id20_0000.mp4,1,0.93980706
/home/tianlong/Downloads/celebdf/Celeb-synthesis/id4_id28_0006.mp4,1,0.91126233
/home/tianlong/Downloads/celebdf/Celeb-synthesis/id53_id58_0005.mp4,1,0.5366119
/home/tianlong/Downloads/celebdf/Celeb-synthesis/id55_id57_0002.mp4,1,0.8268815
/home/tianlong/Downloads/celebdf/Celeb-synthesis/id24_id26_0004.mp4,1,0.2790899
/home/tianlong/Downloads/celebdf/Celeb-synthesis/id20_id0_0006.mp4,1,0.9230814
/home/tianlong/Downloads/celebdf/Celeb-synthesis/id37_id2_0009.mp4,1,0.68832356
/home/tianlong/Downloads/celebdf/Celeb-synthesis/id30_id26_0006.mp4,1,0.67345583
/home/tianlong/Downloads/celebdf/Celeb-synthesis/id16_id2_0001.mp4,1,0.37088042
/home/tianlong/Downloads/celebdf/Celeb-synthesis/id26_id1_0002.mp4,1,0.83846724
/home/tianlong/Downloads/celebdf/Celeb-synthesis/id30_id6_0007.mp4,1,0.52428246
/home/tianlong/Downloads/celebdf/Celeb-synthesis/id44_id41_0005.mp4,1,0.76217043
/home/tianlong/Downloads/celebdf/Celeb-synthesis/id16_id2_0006.mp4,1,0.30521384
/home/tianlong/Downloads/celebdf/Celeb-synthesis/id1_id16_0004.mp4,1,0.18940675
/home/tianlong/Downloads/celebdf/Celeb-synthesis/id16_id21_0002.mp4,1,0.8957421
/home/tianlong/Downloads/celebdf/Celeb-synthesis/id4_id0_0000.mp4,1,0.7051074
/home/tianlong/Downloads/celebdf/Celeb-synthesis/id8_id0_0002.mp4,1,0.98212415
/home/tianlong/Downloads/celebdf/Celeb-synthesis/id19_id23_0001.mp4,1,0.3724344
/home/tianlong/Downloads/celebdf/Celeb-synthesis/id37_id3_0006.mp4,1,0.5541354
/home/tianlong/Downloads/celebdf/Celeb-synthesis/id9_id16_0007.mp4,1,0.37093356
/home/tianlong/Downloads/celebdf/Celeb-synthesis/id47_id43_0007.mp4,1,0.806977
/home/tianlong/Downloads/celebdf/Celeb-synthesis/id16_id3_0009.mp4,1,0.8522239
/home/tianlong/Downloads/celebdf/Celeb-synthesis/id26_id28_0002.mp4,1,0.97216594
/home/tianlong/Downloads/celebdf/Celeb-synthesis/id8_id3_0003.mp4,1,0.54181945
/home/tianlong/Downloads/celebdf/Celeb-synthesis/id30_id28_0000.mp4,1,0.93738973
/home/tianlong/Downloads/celebdf/Celeb-synthesis/id27_id23_0008.mp4,1,0.75126326
/home/tianlong/Downloads/celebdf/Celeb-synthesis/id28_id20_0008.mp4,1,0.937181
/home/tianlong/Downloads/celebdf/Celeb-synthesis/id1_id2_0002.mp4,1,0.6680833
/home/tianlong/Downloads/celebdf/Celeb-synthesis/id46_id39_0000.mp4,1,0.72808135
/home/tianlong/Downloads/celebdf/Celeb-synthesis/id37_id28_0008.mp4,1,0.98905003
/home/tianlong/Downloads/celebdf/Celeb-synthesis/id0_id3_0007.mp4,1,0.62735575
/home/tianlong/Downloads/celebdf/Celeb-synthesis/id4_id1_0002.mp4,1,0.6170448
/home/tianlong/Downloads/celebdf/Celeb-synthesis/id13_id7_0000.mp4,1,0.8648429
/home/tianlong/Downloads/celebdf/Celeb-synthesis/id50_id53_0000.mp4,1,0.98071176
/home/tianlong/Downloads/celebdf/Celeb-synthesis/id50_id56_0005.mp4,1,0.58505327
/home/tianlong/Downloads/celebdf/Celeb-synthesis/id4_id21_0009.mp4,1,0.59096456
/home/tianlong/Downloads/celebdf/Celeb-synthesis/id23_id3_0004.mp4,1,0.7986054
/home/tianlong/Downloads/celebdf/Celeb-synthesis/id56_id51_0000.mp4,1,0.6933743
/home/tianlong/Downloads/celebdf/Celeb-synthesis/id30_id3_0006.mp4,1,0.765796
/home/tianlong/Downloads/celebdf/Celeb-synthesis/id28_id20_0006.mp4,1,0.94682455
/home/tianlong/Downloads/celebdf/Celeb-synthesis/id4_id20_0008.mp4,1,0.85402954
/home/tianlong/Downloads/celebdf/Celeb-synthesis/id54_id58_0006.mp4,1,0.91320974
/home/tianlong/Downloads/celebdf/Celeb-synthesis/id53_id57_0005.mp4,1,0.5352565
/home/tianlong/Downloads/celebdf/Celeb-synthesis/id31_id33_0009.mp4,1,0.8270378
/home/tianlong/Downloads/celebdf/Celeb-synthesis/id0_id21_0000.mp4,1,0.06739634
/home/tianlong/Downloads/celebdf/Celeb-synthesis/id6_id23_0006.mp4,1,0.94109994
/home/tianlong/Downloads/celebdf/Celeb-synthesis/id48_id45_0002.mp4,1,0.4935604
/home/tianlong/Downloads/celebdf/Celeb-synthesis/id46_id45_0001.mp4,1,0.9459052
/home/tianlong/Downloads/celebdf/Celeb-synthesis/id28_id21_0006.mp4,1,0.8598863
/home/tianlong/Downloads/celebdf/Celeb-synthesis/id12_id10_0005.mp4,1,0.88806105
/home/tianlong/Downloads/celebdf/Celeb-synthesis/id54_id56_0000.mp4,1,0.95139486
/home/tianlong/Downloads/celebdf/Celeb-synthesis/id39_id47_0004.mp4,1,0.7769147
/home/tianlong/Downloads/celebdf/Celeb-synthesis/id9_id3_0009.mp4,1,0.7021639
/home/tianlong/Downloads/celebdf/Celeb-synthesis/id35_id16_0007.mp4,1,0.8946584
/home/tianlong/Downloads/celebdf/Celeb-synthesis/id21_id2_0002.mp4,1,0.36825934
/home/tianlong/Downloads/celebdf/Celeb-synthesis/id12_id10_0002.mp4,1,0.36294514
/home/tianlong/Downloads/celebdf/Celeb-synthesis/id10_id13_0007.mp4,1,0.61298895
/home/tianlong/Downloads/celebdf/Celeb-synthesis/id20_id31_0008.mp4,1,0.8432951
/home/tianlong/Downloads/celebdf/Celeb-synthesis/id0_id16_0003.mp4,1,0.8880682
/home/tianlong/Downloads/celebdf/Celeb-synthesis/id0_id16_0007.mp4,1,0.67792565
/home/tianlong/Downloads/celebdf/Celeb-synthesis/id2_id16_0004.mp4,1,0.5756742
/home/tianlong/Downloads/celebdf/Celeb-synthesis/id13_id7_0012.mp4,1,0.80524665
/home/tianlong/Downloads/celebdf/Celeb-synthesis/id37_id1_0002.mp4,1,0.9555168
/home/tianlong/Downloads/celebdf/Celeb-synthesis/id30_id28_0004.mp4,1,0.9478515
/home/tianlong/Downloads/celebdf/Celeb-synthesis/id53_id52_0003.mp4,1,0.97191
/home/tianlong/Downloads/celebdf/Celeb-synthesis/id54_id56_0006.mp4,1,0.6952213
/home/tianlong/Downloads/celebdf/Celeb-synthesis/id3_id28_0002.mp4,1,0.9725708
/home/tianlong/Downloads/celebdf/Celeb-synthesis/id37_id4_0000.mp4,1,0.8807392
/home/tianlong/Downloads/celebdf/Celeb-synthesis/id28_id9_0000.mp4,1,0.63282025
/home/tianlong/Downloads/celebdf/Celeb-synthesis/id4_id2_0003.mp4,1,0.39655954
/home/tianlong/Downloads/celebdf/Celeb-synthesis/id25_id21_0005.mp4,1,0.4884166
/home/tianlong/Downloads/celebdf/Celeb-synthesis/id17_id3_0007.mp4,1,0.92126834
/home/tianlong/Downloads/celebdf/Celeb-synthesis/id2_id1_0004.mp4,1,0.15270911
/home/tianlong/Downloads/celebdf/Celeb-synthesis/id3_id9_0003.mp4,1,0.8979945
/home/tianlong/Downloads/celebdf/Celeb-synthesis/id16_id6_0001.mp4,1,0.81889343
/home/tianlong/Downloads/celebdf/Celeb-synthesis/id8_id6_0002.mp4,1,0.94570655
/home/tianlong/Downloads/celebdf/Celeb-synthesis/id17_id16_0007.mp4,1,0.71994084
/home/tianlong/Downloads/celebdf/Celeb-synthesis/id4_id26_0007.mp4,1,0.96585244
/home/tianlong/Downloads/celebdf/Celeb-synthesis/id44_id45_0000.mp4,1,0.7992746
/home/tianlong/Downloads/celebdf/Celeb-synthesis/id0_id1_0005.mp4,1,0.7671302
/home/tianlong/Downloads/celebdf/Celeb-synthesis/id57_id51_0000.mp4,1,0.37680694
/home/tianlong/Downloads/celebdf/Celeb-synthesis/id34_id32_0007.mp4,1,0.3762315
/home/tianlong/Downloads/celebdf/Celeb-synthesis/id32_id31_0006.mp4,1,0.6340414
/home/tianlong/Downloads/celebdf/Celeb-synthesis/id48_id41_0001.mp4,1,0.6717253
/home/tianlong/Downloads/celebdf/Celeb-synthesis/id4_id0_0004.mp4,1,0.80916375
/home/tianlong/Downloads/celebdf/Celeb-synthesis/id21_id19_0009.mp4,1,0.9780995
/home/tianlong/Downloads/celebdf/Celeb-synthesis/id45_id39_0008.mp4,1,0.71143705
/home/tianlong/Downloads/celebdf/Celeb-synthesis/id31_id30_0009.mp4,1,0.98200595
/home/tianlong/Downloads/celebdf/Celeb-synthesis/id27_id19_0001.mp4,1,0.8107077
/home/tianlong/Downloads/celebdf/Celeb-synthesis/id23_id16_0003.mp4,1,0.55502254
/home/tianlong/Downloads/celebdf/Celeb-synthesis/id58_id57_0008.mp4,1,0.6556354
/home/tianlong/Downloads/celebdf/Celeb-synthesis/id17_id2_0007.mp4,1,0.6967966
/home/tianlong/Downloads/celebdf/Celeb-synthesis/id28_id3_0001.mp4,1,0.8384878
/home/tianlong/Downloads/celebdf/Celeb-synthesis/id23_id35_0009.mp4,1,0.8614376
/home/tianlong/Downloads/celebdf/Celeb-synthesis/id4_id0_0001.mp4,1,0.5785676
/home/tianlong/Downloads/celebdf/Celeb-synthesis/id17_id31_0009.mp4,1,0.94637966
/home/tianlong/Downloads/celebdf/Celeb-synthesis/id48_id47_0008.mp4,1,0.4787743
/home/tianlong/Downloads/celebdf/Celeb-synthesis/id50_id49_0001.mp4,1,0.82681906
/home/tianlong/Downloads/celebdf/Celeb-synthesis/id20_id1_0003.mp4,1,0.8490618
/home/tianlong/Downloads/celebdf/Celeb-synthesis/id16_id3_0010.mp4,1,0.8648971
/home/tianlong/Downloads/celebdf/Celeb-synthesis/id23_id19_0000.mp4,1,0.7380742
/home/tianlong/Downloads/celebdf/Celeb-synthesis/id1_id3_0009.mp4,1,0.9135723
/home/tianlong/Downloads/celebdf/Celeb-synthesis/id43_id40_0005.mp4,1,0.84179604
/home/tianlong/Downloads/celebdf/Celeb-synthesis/id4_id6_0002.mp4,1,0.7558514
/home/tianlong/Downloads/celebdf/Celeb-synthesis/id10_id7_0008.mp4,1,0.06323383
/home/tianlong/Downloads/celebdf/Celeb-synthesis/id13_id10_0008.mp4,1,0.15641096
/home/tianlong/Downloads/celebdf/Celeb-synthesis/id12_id7_0006.mp4,1,0.32267526
/home/tianlong/Downloads/celebdf/Celeb-synthesis/id6_id2_0008.mp4,1,0.77366763
/home/tianlong/Downloads/celebdf/Celeb-synthesis/id2_id0_0002.mp4,1,0.9879678
/home/tianlong/Downloads/celebdf/Celeb-synthesis/id2_id6_0002.mp4,1,0.85718477
/home/tianlong/Downloads/celebdf/Celeb-synthesis/id30_id28_0006.mp4,1,0.8999268
/home/tianlong/Downloads/celebdf/Celeb-synthesis/id52_id50_0007.mp4,1,0.4721898
/home/tianlong/Downloads/celebdf/Celeb-synthesis/id49_id52_0007.mp4,1,0.9850658
/home/tianlong/Downloads/celebdf/Celeb-synthesis/id51_id50_0008.mp4,1,0.89222944
/home/tianlong/Downloads/celebdf/Celeb-synthesis/id21_id3_0009.mp4,1,0.92484725
/home/tianlong/Downloads/celebdf/Celeb-synthesis/id31_id16_0002.mp4,1,0.6370339
/home/tianlong/Downloads/celebdf/Celeb-synthesis/id25_id28_0003.mp4,1,0.83496773
/home/tianlong/Downloads/celebdf/Celeb-synthesis/id21_id20_0006.mp4,1,0.9516655
/home/tianlong/Downloads/celebdf/Celeb-synthesis/id10_id7_0005.mp4,1,0.44103652
/home/tianlong/Downloads/celebdf/Celeb-synthesis/id38_id30_0006.mp4,1,0.8292753
/home/tianlong/Downloads/celebdf/Celeb-synthesis/id35_id30_0006.mp4,1,0.97934896
/home/tianlong/Downloads/celebdf/Celeb-synthesis/id20_id9_0008.mp4,1,0.8802134
/home/tianlong/Downloads/celebdf/Celeb-synthesis/id25_id23_0010.mp4,1,0.49846315
/home/tianlong/Downloads/celebdf/Celeb-synthesis/id17_id21_0000.mp4,1,0.8833355
/home/tianlong/Downloads/celebdf/Celeb-synthesis/id45_id47_0002.mp4,1,0.7137505
/home/tianlong/Downloads/celebdf/Celeb-synthesis/id1_id3_0003.mp4,1,0.8354427
/home/tianlong/Downloads/celebdf/Celeb-synthesis/id27_id26_0006.mp4,1,0.62959206
/home/tianlong/Downloads/celebdf/Celeb-synthesis/id44_id42_0001.mp4,1,0.33378714
/home/tianlong/Downloads/celebdf/Celeb-synthesis/id57_id53_0006.mp4,1,0.80641425
/home/tianlong/Downloads/celebdf/Celeb-synthesis/id43_id39_0000.mp4,1,0.66962343
/home/tianlong/Downloads/celebdf/Celeb-synthesis/id35_id16_0004.mp4,1,0.5544617
/home/tianlong/Downloads/celebdf/Celeb-synthesis/id42_id40_0001.mp4,1,0.6218633
/home/tianlong/Downloads/celebdf/Celeb-synthesis/id21_id2_0000.mp4,1,0.8585144
/home/tianlong/Downloads/celebdf/Celeb-synthesis/id37_id21_0000.mp4,1,0.8917777
/home/tianlong/Downloads/celebdf/Celeb-synthesis/id29_id38_0008.mp4,1,0.91927606
/home/tianlong/Downloads/celebdf/Celeb-synthesis/id39_id44_0000.mp4,1,0.89068305
/home/tianlong/Downloads/celebdf/Celeb-synthesis/id9_id6_0005.mp4,1,0.7433926
/home/tianlong/Downloads/celebdf/Celeb-synthesis/id0_id1_0001.mp4,1,0.51915896
/home/tianlong/Downloads/celebdf/Celeb-synthesis/id31_id2_0004.mp4,1,0.5398477
/home/tianlong/Downloads/celebdf/Celeb-synthesis/id38_id34_0003.mp4,1,0.7272202
/home/tianlong/Downloads/celebdf/Celeb-synthesis/id56_id57_0007.mp4,1,0.8885444
/home/tianlong/Downloads/celebdf/Celeb-synthesis/id52_id58_0005.mp4,1,0.7843475
/home/tianlong/Downloads/celebdf/Celeb-synthesis/id28_id4_0000.mp4,1,0.6946534
/home/tianlong/Downloads/celebdf/Celeb-synthesis/id22_id26_0005.mp4,1,0.7815772
/home/tianlong/Downloads/celebdf/Celeb-synthesis/id4_id30_0000.mp4,1,0.90688384
/home/tianlong/Downloads/celebdf/Celeb-synthesis/id29_id32_0003.mp4,1,0.32350492
/home/tianlong/Downloads/celebdf/Celeb-synthesis/id35_id20_0007.mp4,1,0.95760334
/home/tianlong/Downloads/celebdf/Celeb-synthesis/id1_id2_0007.mp4,1,0.059051234
/home/tianlong/Downloads/celebdf/Celeb-synthesis/id30_id3_0002.mp4,1,0.68559706
/home/tianlong/Downloads/celebdf/Celeb-synthesis/id22_id25_0001.mp4,1,0.5063075
/home/tianlong/Downloads/celebdf/Celeb-synthesis/id39_id44_0008.mp4,1,0.69026494
/home/tianlong/Downloads/celebdf/Celeb-synthesis/id34_id29_0008.mp4,1,0.5515796
/home/tianlong/Downloads/celebdf/Celeb-synthesis/id21_id28_0009.mp4,1,0.99422634
/home/tianlong/Downloads/celebdf/Celeb-synthesis/id30_id4_0001.mp4,1,0.8072032
/home/tianlong/Downloads/celebdf/Celeb-synthesis/id25_id19_0008.mp4,1,0.4666739
/home/tianlong/Downloads/celebdf/Celeb-synthesis/id21_id4_0002.mp4,1,0.46813655
/home/tianlong/Downloads/celebdf/Celeb-synthesis/id17_id28_0001.mp4,1,0.90334165
/home/tianlong/Downloads/celebdf/Celeb-synthesis/id6_id1_0007.mp4,1,0.7427231
/home/tianlong/Downloads/celebdf/Celeb-synthesis/id9_id2_0008.mp4,1,0.71029615
/home/tianlong/Downloads/celebdf/Celeb-synthesis/id8_id5_0008.mp4,1,0.28221682
/home/tianlong/Downloads/celebdf/Celeb-synthesis/id37_id3_0004.mp4,1,0.77924085
/home/tianlong/Downloads/celebdf/Celeb-synthesis/id17_id2_0003.mp4,1,0.45699435
