Video,Label,Prediction
/home/tianlong/Downloads/celebdf/YouTube-real/00170.mp4,0,0.0633715
/home/tianlong/Downloads/celebdf/YouTube-real/00208.mp4,0,0.0005144304
/home/tianlong/Downloads/celebdf/YouTube-real/00063.mp4,0,0.74638444
/home/tianlong/Downloads/celebdf/YouTube-real/00024.mp4,0,0.005181171
/home/tianlong/Downloads/celebdf/YouTube-real/00021.mp4,0,0.008155754
/home/tianlong/Downloads/celebdf/YouTube-real/00036.mp4,0,0.00018068374
/home/tianlong/Downloads/celebdf/YouTube-real/00202.mp4,0,0.094567135
/home/tianlong/Downloads/celebdf/YouTube-real/00236.mp4,0,2.479608e-05
/home/tianlong/Downloads/celebdf/YouTube-real/00197.mp4,0,0.05307882
/home/tianlong/Downloads/celebdf/YouTube-real/00133.mp4,0,0.0896859
/home/tianlong/Downloads/celebdf/YouTube-real/00213.mp4,0,0.011699296
/home/tianlong/Downloads/celebdf/YouTube-real/00011.mp4,0,0.2420657
/home/tianlong/Downloads/celebdf/YouTube-real/00095.mp4,0,0.15428004
/home/tianlong/Downloads/celebdf/YouTube-real/00138.mp4,0,2.0369391e-06
/home/tianlong/Downloads/celebdf/YouTube-real/00106.mp4,0,0.000119685006
/home/tianlong/Downloads/celebdf/YouTube-real/00194.mp4,0,0.000245042
/home/tianlong/Downloads/celebdf/YouTube-real/00092.mp4,0,0.019309912
/home/tianlong/Downloads/celebdf/YouTube-real/00227.mp4,0,1.5028161e-07
/home/tianlong/Downloads/celebdf/YouTube-real/00244.mp4,0,0.00016652312
/home/tianlong/Downloads/celebdf/YouTube-real/00119.mp4,0,0.010020901
/home/tianlong/Downloads/celebdf/YouTube-real/00082.mp4,0,0.3051873
/home/tianlong/Downloads/celebdf/YouTube-real/00188.mp4,0,0.110073246
/home/tianlong/Downloads/celebdf/YouTube-real/00076.mp4,0,0.03395809
/home/tianlong/Downloads/celebdf/YouTube-real/00047.mp4,0,0.038548514
/home/tianlong/Downloads/celebdf/YouTube-real/00168.mp4,0,0.024006335
/home/tianlong/Downloads/celebdf/YouTube-real/00207.mp4,0,0.016806938
/home/tianlong/Downloads/celebdf/YouTube-real/00193.mp4,0,0.0120062865
/home/tianlong/Downloads/celebdf/YouTube-real/00061.mp4,0,0.16610476
/home/tianlong/Downloads/celebdf/YouTube-real/00023.mp4,0,0.037219718
/home/tianlong/Downloads/celebdf/YouTube-real/00048.mp4,0,0.16455565
/home/tianlong/Downloads/celebdf/YouTube-real/00250.mp4,0,0.0019433966
/home/tianlong/Downloads/celebdf/YouTube-real/00251.mp4,0,0.0025996016
/home/tianlong/Downloads/celebdf/YouTube-real/00252.mp4,0,0.00016647603
/home/tianlong/Downloads/celebdf/YouTube-real/00253.mp4,0,1.9713825e-06
/home/tianlong/Downloads/celebdf/YouTube-real/00254.mp4,0,0.022134304
/home/tianlong/Downloads/celebdf/YouTube-real/00255.mp4,0,1.0299249e-07
/home/tianlong/Downloads/celebdf/YouTube-real/00256.mp4,0,5.0422395e-06
/home/tianlong/Downloads/celebdf/YouTube-real/00257.mp4,0,6.710648e-05
/home/tianlong/Downloads/celebdf/YouTube-real/00258.mp4,0,9.142451e-06
/home/tianlong/Downloads/celebdf/YouTube-real/00259.mp4,0,0.4120606
/home/tianlong/Downloads/celebdf/YouTube-real/00260.mp4,0,0.005362022
/home/tianlong/Downloads/celebdf/YouTube-real/00261.mp4,0,0.00030441597
/home/tianlong/Downloads/celebdf/YouTube-real/00262.mp4,0,0.0005508683
/home/tianlong/Downloads/celebdf/YouTube-real/00263.mp4,0,0.27782246
/home/tianlong/Downloads/celebdf/YouTube-real/00264.mp4,0,0.009519924
/home/tianlong/Downloads/celebdf/YouTube-real/00265.mp4,0,0.013413464
/home/tianlong/Downloads/celebdf/YouTube-real/00266.mp4,0,0.08490381
/home/tianlong/Downloads/celebdf/YouTube-real/00267.mp4,0,0.00024978927
/home/tianlong/Downloads/celebdf/YouTube-real/00268.mp4,0,0.0007246026
/home/tianlong/Downloads/celebdf/YouTube-real/00269.mp4,0,0.09117331
/home/tianlong/Downloads/celebdf/YouTube-real/00270.mp4,0,0.00016795017
/home/tianlong/Downloads/celebdf/YouTube-real/00271.mp4,0,0.0063984385
/home/tianlong/Downloads/celebdf/YouTube-real/00272.mp4,0,0.00075969036
/home/tianlong/Downloads/celebdf/YouTube-real/00273.mp4,0,0.0009468736
/home/tianlong/Downloads/celebdf/YouTube-real/00274.mp4,0,5.2949727e-06
/home/tianlong/Downloads/celebdf/YouTube-real/00275.mp4,0,0.15372796
/home/tianlong/Downloads/celebdf/YouTube-real/00276.mp4,0,1.1535049e-08
/home/tianlong/Downloads/celebdf/YouTube-real/00277.mp4,0,0.0003100061
/home/tianlong/Downloads/celebdf/YouTube-real/00278.mp4,0,8.187177e-05
/home/tianlong/Downloads/celebdf/YouTube-real/00279.mp4,0,0.0042484044
/home/tianlong/Downloads/celebdf/YouTube-real/00280.mp4,0,0.09176622
/home/tianlong/Downloads/celebdf/YouTube-real/00281.mp4,0,0.11063768
/home/tianlong/Downloads/celebdf/YouTube-real/00282.mp4,0,0.2219398
/home/tianlong/Downloads/celebdf/YouTube-real/00283.mp4,0,0.002501124
/home/tianlong/Downloads/celebdf/YouTube-real/00284.mp4,0,0.0023140227
/home/tianlong/Downloads/celebdf/YouTube-real/00285.mp4,0,0.000153976
/home/tianlong/Downloads/celebdf/YouTube-real/00286.mp4,0,0.0146571025
/home/tianlong/Downloads/celebdf/YouTube-real/00287.mp4,0,0.0008320056
/home/tianlong/Downloads/celebdf/YouTube-real/00288.mp4,0,0.0091790045
/home/tianlong/Downloads/celebdf/YouTube-real/00289.mp4,0,0.012526387
/home/tianlong/Downloads/celebdf/Celeb-real/id1_0007.mp4,0,0.07579444
/home/tianlong/Downloads/celebdf/Celeb-real/id2_0008.mp4,0,1.9767172e-05
/home/tianlong/Downloads/celebdf/Celeb-real/id3_0001.mp4,0,1.0512022e-06
/home/tianlong/Downloads/celebdf/Celeb-real/id6_0005.mp4,0,0.08800661
/home/tianlong/Downloads/celebdf/Celeb-real/id9_0000.mp4,0,0.00094279286
/home/tianlong/Downloads/celebdf/Celeb-real/id11_0008.mp4,0,0.014030149
/home/tianlong/Downloads/celebdf/Celeb-real/id16_0011.mp4,0,0.20151898
/home/tianlong/Downloads/celebdf/Celeb-real/id17_0000.mp4,0,0.014529924
/home/tianlong/Downloads/celebdf/Celeb-real/id35_0008.mp4,0,0.00056177203
/home/tianlong/Downloads/celebdf/Celeb-real/id39_0005.mp4,0,0.47148472
/home/tianlong/Downloads/celebdf/Celeb-real/id48_0000.mp4,0,0.024356456
/home/tianlong/Downloads/celebdf/Celeb-real/id32_0008.mp4,0,0.0074813613
/home/tianlong/Downloads/celebdf/Celeb-real/id56_0009.mp4,0,0.066019565
/home/tianlong/Downloads/celebdf/Celeb-real/id54_0007.mp4,0,0.00678753
/home/tianlong/Downloads/celebdf/Celeb-real/id37_0005.mp4,0,0.042380355
/home/tianlong/Downloads/celebdf/Celeb-real/id29_0008.mp4,0,5.2544976e-05
/home/tianlong/Downloads/celebdf/Celeb-real/id43_0006.mp4,0,1.5708259e-06
/home/tianlong/Downloads/celebdf/Celeb-real/id1_0006.mp4,0,0.002344837
/home/tianlong/Downloads/celebdf/Celeb-real/id51_0001.mp4,0,0.115714945
/home/tianlong/Downloads/celebdf/Celeb-real/id31_0007.mp4,0,1.8276196e-05
/home/tianlong/Downloads/celebdf/Celeb-real/id2_0003.mp4,0,0.00541317
/home/tianlong/Downloads/celebdf/Celeb-real/id21_0009.mp4,0,0.02793487
/home/tianlong/Downloads/celebdf/Celeb-real/id50_0003.mp4,0,0.00035144817
/home/tianlong/Downloads/celebdf/Celeb-real/id21_0006.mp4,0,0.25642225
/home/tianlong/Downloads/celebdf/Celeb-real/id44_0003.mp4,0,0.07950775
/home/tianlong/Downloads/celebdf/Celeb-real/id36_0006.mp4,0,0.0066625895
/home/tianlong/Downloads/celebdf/Celeb-real/id36_0008.mp4,0,5.7425005e-08
/home/tianlong/Downloads/celebdf/Celeb-real/id1_0008.mp4,0,4.829708e-05
/home/tianlong/Downloads/celebdf/Celeb-real/id45_0003.mp4,0,0.011141282
/home/tianlong/Downloads/celebdf/Celeb-real/id48_0003.mp4,0,4.412297e-05
/home/tianlong/Downloads/celebdf/Celeb-real/id23_0001.mp4,0,8.604728e-07
/home/tianlong/Downloads/celebdf/Celeb-real/id16_0010.mp4,0,1.8314035e-05
/home/tianlong/Downloads/celebdf/Celeb-real/id31_0004.mp4,0,2.8964064e-06
/home/tianlong/Downloads/celebdf/Celeb-real/id35_0000.mp4,0,3.832359e-06
/home/tianlong/Downloads/celebdf/Celeb-real/id58_0002.mp4,0,0.056149013
/home/tianlong/Downloads/celebdf/Celeb-real/id30_0007.mp4,0,8.8585675e-06
/home/tianlong/Downloads/celebdf/Celeb-real/id12_0005.mp4,0,0.0036630235
/home/tianlong/Downloads/celebdf/Celeb-real/id56_0002.mp4,0,0.00016139446
/home/tianlong/Downloads/celebdf/Celeb-real/id33_0005.mp4,0,0.00053414365
/home/tianlong/Downloads/celebdf/Celeb-real/id29_0009.mp4,0,6.3268344e-05
/home/tianlong/Downloads/celebdf/Celeb-real/id13_0013.mp4,0,0.3253922
/home/tianlong/Downloads/celebdf/Celeb-real/id28_0009.mp4,0,4.89896e-06
/home/tianlong/Downloads/celebdf/Celeb-real/id36_0000.mp4,0,0.00020344942
/home/tianlong/Downloads/celebdf/Celeb-real/id24_0009.mp4,0,0.006921244
/home/tianlong/Downloads/celebdf/Celeb-real/id39_0004.mp4,0,0.28933537
/home/tianlong/Downloads/celebdf/Celeb-real/id27_0008.mp4,0,0.00086889334
/home/tianlong/Downloads/celebdf/Celeb-real/id11_0006.mp4,0,0.11067216
/home/tianlong/Downloads/celebdf/Celeb-real/id19_0007.mp4,0,0.0035829134
/home/tianlong/Downloads/celebdf/Celeb-real/id37_0009.mp4,0,0.022880765
/home/tianlong/Downloads/celebdf/Celeb-real/id3_0008.mp4,0,0.0002457125
/home/tianlong/Downloads/celebdf/Celeb-real/id46_0000.mp4,0,0.09080805
/home/tianlong/Downloads/celebdf/Celeb-real/id33_0008.mp4,0,0.000354002
/home/tianlong/Downloads/celebdf/Celeb-real/id8_0000.mp4,0,0.10446696
/home/tianlong/Downloads/celebdf/Celeb-real/id16_0007.mp4,0,1.3877597e-07
/home/tianlong/Downloads/celebdf/Celeb-real/id1_0001.mp4,0,0.00015524778
/home/tianlong/Downloads/celebdf/Celeb-real/id32_0002.mp4,0,0.38033316
/home/tianlong/Downloads/celebdf/Celeb-real/id19_0005.mp4,0,0.00014351276
/home/tianlong/Downloads/celebdf/Celeb-real/id27_0009.mp4,0,1.1977565e-06
/home/tianlong/Downloads/celebdf/Celeb-real/id2_0001.mp4,0,4.8247344e-05
/home/tianlong/Downloads/celebdf/Celeb-real/id13_0011.mp4,0,0.04547363
/home/tianlong/Downloads/celebdf/Celeb-real/id49_0004.mp4,0,0.38127428
/home/tianlong/Downloads/celebdf/Celeb-real/id57_0007.mp4,0,0.09913467
/home/tianlong/Downloads/celebdf/Celeb-real/id26_0008.mp4,0,0.015571984
/home/tianlong/Downloads/celebdf/Celeb-real/id2_0004.mp4,0,0.018158238
/home/tianlong/Downloads/celebdf/Celeb-real/id36_0001.mp4,0,1.5338182e-06
/home/tianlong/Downloads/celebdf/Celeb-real/id0_0001.mp4,0,0.20631357
/home/tianlong/Downloads/celebdf/Celeb-real/id10_0007.mp4,0,6.2107433e-12
/home/tianlong/Downloads/celebdf/Celeb-real/id17_0002.mp4,0,0.007032057
/home/tianlong/Downloads/celebdf/Celeb-real/id4_0004.mp4,0,0.008748208
/home/tianlong/Downloads/celebdf/Celeb-real/id36_0002.mp4,0,2.6850237e-05
/home/tianlong/Downloads/celebdf/Celeb-real/id53_0003.mp4,0,0.6019578
/home/tianlong/Downloads/celebdf/Celeb-real/id25_0010.mp4,0,0.01181704
/home/tianlong/Downloads/celebdf/Celeb-real/id51_0006.mp4,0,0.5417396
/home/tianlong/Downloads/celebdf/Celeb-real/id22_0000.mp4,0,0.0011617887
/home/tianlong/Downloads/celebdf/Celeb-real/id10_0001.mp4,0,0.0014870496
/home/tianlong/Downloads/celebdf/Celeb-real/id6_0002.mp4,0,0.0014816704
/home/tianlong/Downloads/celebdf/Celeb-real/id12_0000.mp4,0,0.002663024
/home/tianlong/Downloads/celebdf/Celeb-real/id35_0003.mp4,0,0.45719644
/home/tianlong/Downloads/celebdf/Celeb-real/id3_0002.mp4,0,7.5928483e-06
/home/tianlong/Downloads/celebdf/Celeb-real/id31_0003.mp4,0,0.042400636
/home/tianlong/Downloads/celebdf/Celeb-real/id52_0002.mp4,0,0.31443727
/home/tianlong/Downloads/celebdf/Celeb-real/id2_0002.mp4,0,1.3150799e-07
/home/tianlong/Downloads/celebdf/Celeb-real/id44_0001.mp4,0,0.015244293
/home/tianlong/Downloads/celebdf/Celeb-real/id8_0009.mp4,0,0.024500746
/home/tianlong/Downloads/celebdf/Celeb-real/id33_0002.mp4,0,7.1629984e-06
/home/tianlong/Downloads/celebdf/Celeb-real/id50_0000.mp4,0,0.10651986
/home/tianlong/Downloads/celebdf/Celeb-real/id40_0003.mp4,0,0.0016526129
/home/tianlong/Downloads/celebdf/Celeb-real/id7_0006.mp4,0,0.009762081
/home/tianlong/Downloads/celebdf/Celeb-real/id53_0007.mp4,0,0.0098807365
/home/tianlong/Downloads/celebdf/Celeb-real/id43_0002.mp4,0,0.2614508
/home/tianlong/Downloads/celebdf/Celeb-real/id56_0000.mp4,0,0.07659077
/home/tianlong/Downloads/celebdf/Celeb-real/id13_0004.mp4,0,0.08633489
/home/tianlong/Downloads/celebdf/Celeb-real/id43_0001.mp4,0,0.060294785
/home/tianlong/Downloads/celebdf/Celeb-real/id20_0008.mp4,0,0.033315852
/home/tianlong/Downloads/celebdf/Celeb-real/id28_0004.mp4,0,0.3043143
/home/tianlong/Downloads/celebdf/Celeb-real/id22_0009.mp4,0,0.17237659
/home/tianlong/Downloads/celebdf/Celeb-real/id53_0000.mp4,0,0.1406794
/home/tianlong/Downloads/celebdf/Celeb-real/id50_0006.mp4,0,0.06494211
/home/tianlong/Downloads/celebdf/Celeb-real/id32_0003.mp4,0,0.036051877
/home/tianlong/Downloads/celebdf/Celeb-real/id32_0006.mp4,0,0.5219804
/home/tianlong/Downloads/celebdf/Celeb-real/id57_0003.mp4,0,0.88609874
/home/tianlong/Downloads/celebdf/Celeb-real/id37_0004.mp4,0,0.00184239
/home/tianlong/Downloads/celebdf/Celeb-real/id28_0007.mp4,0,0.00020565155
/home/tianlong/Downloads/celebdf/Celeb-real/id52_0001.mp4,0,0.22499482
/home/tianlong/Downloads/celebdf/Celeb-real/id40_0009.mp4,0,0.15501058
/home/tianlong/Downloads/celebdf/Celeb-real/id51_0005.mp4,0,0.050547443
/home/tianlong/Downloads/celebdf/Celeb-real/id34_0006.mp4,0,0.00020670707
/home/tianlong/Downloads/celebdf/Celeb-real/id42_0002.mp4,0,3.2509688e-05
/home/tianlong/Downloads/celebdf/Celeb-synthesis/id1_id0_0007.mp4,1,0.53881854
/home/tianlong/Downloads/celebdf/Celeb-synthesis/id1_id3_0007.mp4,1,0.63570154
/home/tianlong/Downloads/celebdf/Celeb-synthesis/id1_id4_0007.mp4,1,0.035691384
/home/tianlong/Downloads/celebdf/Celeb-synthesis/id1_id9_0007.mp4,1,0.0736282
/home/tianlong/Downloads/celebdf/Celeb-synthesis/id1_id16_0007.mp4,1,0.13886276
/home/tianlong/Downloads/celebdf/Celeb-synthesis/id1_id17_0007.mp4,1,0.49946523
/home/tianlong/Downloads/celebdf/Celeb-synthesis/id2_id0_0008.mp4,1,0.93881786
/home/tianlong/Downloads/celebdf/Celeb-synthesis/id2_id3_0008.mp4,1,0.915341
/home/tianlong/Downloads/celebdf/Celeb-synthesis/id2_id9_0008.mp4,1,0.70372874
/home/tianlong/Downloads/celebdf/Celeb-synthesis/id3_id1_0001.mp4,1,0.22056456
/home/tianlong/Downloads/celebdf/Celeb-synthesis/id3_id2_0001.mp4,1,8.5862266e-05
/home/tianlong/Downloads/celebdf/Celeb-synthesis/id3_id4_0001.mp4,1,0.0829323
/home/tianlong/Downloads/celebdf/Celeb-synthesis/id3_id6_0001.mp4,1,0.18817756
/home/tianlong/Downloads/celebdf/Celeb-synthesis/id3_id9_0001.mp4,1,5.6205878e-05
/home/tianlong/Downloads/celebdf/Celeb-synthesis/id3_id16_0001.mp4,1,0.00059370906
/home/tianlong/Downloads/celebdf/Celeb-synthesis/id4_id1_0003.mp4,1,0.12684652
/home/tianlong/Downloads/celebdf/Celeb-synthesis/id6_id0_0005.mp4,1,0.28227514
/home/tianlong/Downloads/celebdf/Celeb-synthesis/id6_id1_0005.mp4,1,0.13794117
/home/tianlong/Downloads/celebdf/Celeb-synthesis/id6_id2_0005.mp4,1,0.08512612
/home/tianlong/Downloads/celebdf/Celeb-synthesis/id6_id3_0005.mp4,1,0.09375264
/home/tianlong/Downloads/celebdf/Celeb-synthesis/id6_id16_0005.mp4,1,0.24930632
/home/tianlong/Downloads/celebdf/Celeb-synthesis/id7_id10_0009.mp4,1,0.00062691263
/home/tianlong/Downloads/celebdf/Celeb-synthesis/id7_id11_0009.mp4,1,0.09716522
/home/tianlong/Downloads/celebdf/Celeb-synthesis/id7_id13_0009.mp4,1,0.0014425635
/home/tianlong/Downloads/celebdf/Celeb-synthesis/id9_id0_0000.mp4,1,0.65385765
/home/tianlong/Downloads/celebdf/Celeb-synthesis/id9_id1_0000.mp4,1,0.68408537
/home/tianlong/Downloads/celebdf/Celeb-synthesis/id9_id2_0000.mp4,1,0.053056687
/home/tianlong/Downloads/celebdf/Celeb-synthesis/id9_id3_0000.mp4,1,0.34496096
/home/tianlong/Downloads/celebdf/Celeb-synthesis/id9_id6_0000.mp4,1,0.7273423
/home/tianlong/Downloads/celebdf/Celeb-synthesis/id9_id16_0000.mp4,1,0.4084434
/home/tianlong/Downloads/celebdf/Celeb-synthesis/id10_id7_0004.mp4,1,0.071365595
/home/tianlong/Downloads/celebdf/Celeb-synthesis/id10_id11_0004.mp4,1,0.0872275
/home/tianlong/Downloads/celebdf/Celeb-synthesis/id10_id12_0004.mp4,1,0.03764545
/home/tianlong/Downloads/celebdf/Celeb-synthesis/id10_id13_0004.mp4,1,0.29731983
/home/tianlong/Downloads/celebdf/Celeb-synthesis/id10_id7_0001.mp4,1,0.014415952
/home/tianlong/Downloads/celebdf/Celeb-synthesis/id10_id11_0001.mp4,1,0.21329021
/home/tianlong/Downloads/celebdf/Celeb-synthesis/id10_id12_0001.mp4,1,0.0034583714
/home/tianlong/Downloads/celebdf/Celeb-synthesis/id10_id13_0001.mp4,1,0.0010292614
/home/tianlong/Downloads/celebdf/Celeb-synthesis/id11_id7_0008.mp4,1,0.28115547
/home/tianlong/Downloads/celebdf/Celeb-synthesis/id16_id0_0011.mp4,1,0.44530645
/home/tianlong/Downloads/celebdf/Celeb-synthesis/id16_id1_0011.mp4,1,0.28831962
/home/tianlong/Downloads/celebdf/Celeb-synthesis/id16_id2_0011.mp4,1,0.40588504
/home/tianlong/Downloads/celebdf/Celeb-synthesis/id16_id3_0011.mp4,1,0.49086133
/home/tianlong/Downloads/celebdf/Celeb-synthesis/id16_id6_0011.mp4,1,0.8890079
/home/tianlong/Downloads/celebdf/Celeb-synthesis/id17_id0_0000.mp4,1,0.6421043
/home/tianlong/Downloads/celebdf/Celeb-synthesis/id17_id1_0000.mp4,1,0.23818238
/home/tianlong/Downloads/celebdf/Celeb-synthesis/id17_id2_0000.mp4,1,0.6358247
/home/tianlong/Downloads/celebdf/Celeb-synthesis/id17_id3_0000.mp4,1,0.3055092
/home/tianlong/Downloads/celebdf/Celeb-synthesis/id17_id6_0000.mp4,1,0.9365867
/home/tianlong/Downloads/celebdf/Celeb-synthesis/id17_id9_0000.mp4,1,0.00040913414
/home/tianlong/Downloads/celebdf/Celeb-synthesis/id17_id16_0000.mp4,1,0.8890734
/home/tianlong/Downloads/celebdf/Celeb-synthesis/id16_id20_0000.mp4,1,0.11968293
/home/tianlong/Downloads/celebdf/Celeb-synthesis/id17_id23_0000.mp4,1,0.89444864
/home/tianlong/Downloads/celebdf/Celeb-synthesis/id3_id28_0001.mp4,1,0.18029109
/home/tianlong/Downloads/celebdf/Celeb-synthesis/id35_id32_0007.mp4,1,0.68503225
/home/tianlong/Downloads/celebdf/Celeb-synthesis/id30_id26_0004.mp4,1,0.6000325
/home/tianlong/Downloads/celebdf/Celeb-synthesis/id16_id20_0006.mp4,1,0.012749548
/home/tianlong/Downloads/celebdf/Celeb-synthesis/id4_id20_0001.mp4,1,0.40400642
/home/tianlong/Downloads/celebdf/Celeb-synthesis/id26_id3_0002.mp4,1,0.61037385
/home/tianlong/Downloads/celebdf/Celeb-synthesis/id20_id31_0006.mp4,1,0.5979158
/home/tianlong/Downloads/celebdf/Celeb-synthesis/id6_id23_0001.mp4,1,0.16949269
/home/tianlong/Downloads/celebdf/Celeb-synthesis/id9_id23_0009.mp4,1,0.0034830954
/home/tianlong/Downloads/celebdf/Celeb-synthesis/id32_id33_0002.mp4,1,0.908037
/home/tianlong/Downloads/celebdf/Celeb-synthesis/id16_id20_0012.mp4,1,0.20060489
/home/tianlong/Downloads/celebdf/Celeb-synthesis/id29_id30_0000.mp4,1,0.002397658
/home/tianlong/Downloads/celebdf/Celeb-synthesis/id3_id20_0008.mp4,1,0.27805746
/home/tianlong/Downloads/celebdf/Celeb-synthesis/id22_id27_0001.mp4,1,0.34448898
/home/tianlong/Downloads/celebdf/Celeb-synthesis/id27_id21_0002.mp4,1,0.26624864
/home/tianlong/Downloads/celebdf/Celeb-synthesis/id29_id35_0000.mp4,1,0.004975452
/home/tianlong/Downloads/celebdf/Celeb-synthesis/id21_id19_0005.mp4,1,0.001455126
/home/tianlong/Downloads/celebdf/Celeb-synthesis/id23_id26_0003.mp4,1,0.9783484
/home/tianlong/Downloads/celebdf/Celeb-synthesis/id30_id35_0009.mp4,1,0.34392944
/home/tianlong/Downloads/celebdf/Celeb-synthesis/id9_id26_0000.mp4,1,0.9375342
/home/tianlong/Downloads/celebdf/Celeb-synthesis/id33_id32_0006.mp4,1,0.16273281
/home/tianlong/Downloads/celebdf/Celeb-synthesis/id30_id34_0003.mp4,1,0.22385502
/home/tianlong/Downloads/celebdf/Celeb-synthesis/id29_id37_0008.mp4,1,0.12621564
/home/tianlong/Downloads/celebdf/Celeb-synthesis/id35_id31_0006.mp4,1,0.43859386
/home/tianlong/Downloads/celebdf/Celeb-synthesis/id37_id34_0008.mp4,1,0.007896931
/home/tianlong/Downloads/celebdf/Celeb-synthesis/id26_id16_0001.mp4,1,0.000458402
/home/tianlong/Downloads/celebdf/Celeb-synthesis/id17_id23_0009.mp4,1,0.9808732
/home/tianlong/Downloads/celebdf/Celeb-synthesis/id6_id20_0007.mp4,1,0.028556112
/home/tianlong/Downloads/celebdf/Celeb-synthesis/id1_id20_0001.mp4,1,0.1424319
/home/tianlong/Downloads/celebdf/Celeb-synthesis/id1_id23_0006.mp4,1,0.80320805
/home/tianlong/Downloads/celebdf/Celeb-synthesis/id37_id35_0001.mp4,1,0.57813853
/home/tianlong/Downloads/celebdf/Celeb-synthesis/id4_id23_0006.mp4,1,0.7073206
/home/tianlong/Downloads/celebdf/Celeb-synthesis/id17_id26_0006.mp4,1,0.57900393
/home/tianlong/Downloads/celebdf/Celeb-synthesis/id20_id1_0007.mp4,1,0.1596183
/home/tianlong/Downloads/celebdf/Celeb-synthesis/id0_id26_0009.mp4,1,0.12554702
/home/tianlong/Downloads/celebdf/Celeb-synthesis/id38_id33_0005.mp4,1,0.07804938
/home/tianlong/Downloads/celebdf/Celeb-synthesis/id28_id35_0008.mp4,1,0.7551753
/home/tianlong/Downloads/celebdf/Celeb-synthesis/id23_id35_0006.mp4,1,0.52453905
/home/tianlong/Downloads/celebdf/Celeb-synthesis/id6_id28_0002.mp4,1,0.0036097108
/home/tianlong/Downloads/celebdf/Celeb-synthesis/id35_id28_0006.mp4,1,0.19222525
/home/tianlong/Downloads/celebdf/Celeb-synthesis/id32_id31_0008.mp4,1,0.71200615
/home/tianlong/Downloads/celebdf/Celeb-synthesis/id38_id34_0004.mp4,1,0.56513494
/home/tianlong/Downloads/celebdf/Celeb-synthesis/id3_id28_0009.mp4,1,0.81434596
/home/tianlong/Downloads/celebdf/Celeb-synthesis/id37_id28_0007.mp4,1,0.8321532
/home/tianlong/Downloads/celebdf/Celeb-synthesis/id1_id20_0002.mp4,1,0.857255
/home/tianlong/Downloads/celebdf/Celeb-synthesis/id37_id31_0008.mp4,1,0.24195442
/home/tianlong/Downloads/celebdf/Celeb-synthesis/id30_id23_0007.mp4,1,0.07004194
/home/tianlong/Downloads/celebdf/Celeb-synthesis/id28_id26_0000.mp4,1,0.12676503
/home/tianlong/Downloads/celebdf/Celeb-synthesis/id2_id28_0003.mp4,1,0.8452133
/home/tianlong/Downloads/celebdf/Celeb-synthesis/id27_id24_0007.mp4,1,0.8809792
/home/tianlong/Downloads/celebdf/Celeb-synthesis/id30_id32_0006.mp4,1,0.07886485
/home/tianlong/Downloads/celebdf/Celeb-synthesis/id35_id31_0009.mp4,1,0.152044
/home/tianlong/Downloads/celebdf/Celeb-synthesis/id4_id21_0004.mp4,1,0.5196326
/home/tianlong/Downloads/celebdf/Celeb-synthesis/id37_id21_0005.mp4,1,0.08585502
/home/tianlong/Downloads/celebdf/Celeb-synthesis/id30_id21_0002.mp4,1,0.43294185
/home/tianlong/Downloads/celebdf/Celeb-synthesis/id16_id23_0011.mp4,1,0.824901
/home/tianlong/Downloads/celebdf/Celeb-synthesis/id9_id20_0002.mp4,1,0.9165325
/home/tianlong/Downloads/celebdf/Celeb-synthesis/id6_id21_0006.mp4,1,0.52281183
/home/tianlong/Downloads/celebdf/Celeb-synthesis/id20_id19_0002.mp4,1,0.59603405
/home/tianlong/Downloads/celebdf/Celeb-synthesis/id28_id4_0006.mp4,1,0.48519868
/home/tianlong/Downloads/celebdf/Celeb-synthesis/id35_id34_0002.mp4,1,0.8057908
/home/tianlong/Downloads/celebdf/Celeb-synthesis/id35_id26_0003.mp4,1,0.35116673
/home/tianlong/Downloads/celebdf/Celeb-synthesis/id22_id28_0006.mp4,1,0.67160094
/home/tianlong/Downloads/celebdf/Celeb-synthesis/id30_id21_0005.mp4,1,0.08995815
/home/tianlong/Downloads/celebdf/Celeb-synthesis/id24_id20_0009.mp4,1,0.48869166
/home/tianlong/Downloads/celebdf/Celeb-synthesis/id4_id20_0000.mp4,1,0.1439329
/home/tianlong/Downloads/celebdf/Celeb-synthesis/id2_id26_0001.mp4,1,0.1466517
/home/tianlong/Downloads/celebdf/Celeb-synthesis/id21_id6_0005.mp4,1,0.44219026
/home/tianlong/Downloads/celebdf/Celeb-synthesis/id21_id9_0008.mp4,1,0.0031094763
/home/tianlong/Downloads/celebdf/Celeb-synthesis/id22_id21_0005.mp4,1,0.8865727
/home/tianlong/Downloads/celebdf/Celeb-synthesis/id22_id27_0005.mp4,1,0.68606454
/home/tianlong/Downloads/celebdf/Celeb-synthesis/id23_id2_0007.mp4,1,0.0023973791
/home/tianlong/Downloads/celebdf/Celeb-synthesis/id23_id3_0009.mp4,1,0.0019823466
/home/tianlong/Downloads/celebdf/Celeb-synthesis/id24_id19_0000.mp4,1,0.11117317
/home/tianlong/Downloads/celebdf/Celeb-synthesis/id24_id21_0006.mp4,1,0.9417889
/home/tianlong/Downloads/celebdf/Celeb-synthesis/id24_id26_0009.mp4,1,0.8120165
/home/tianlong/Downloads/celebdf/Celeb-synthesis/id25_id19_0002.mp4,1,0.027018905
/home/tianlong/Downloads/celebdf/Celeb-synthesis/id25_id24_0003.mp4,1,0.015369577
/home/tianlong/Downloads/celebdf/Celeb-synthesis/id27_id21_0008.mp4,1,0.48380986
/home/tianlong/Downloads/celebdf/Celeb-synthesis/id27_id22_0007.mp4,1,0.9489628
/home/tianlong/Downloads/celebdf/Celeb-synthesis/id27_id25_0008.mp4,1,0.0069285147
/home/tianlong/Downloads/celebdf/Celeb-synthesis/id28_id3_0004.mp4,1,0.35660648
/home/tianlong/Downloads/celebdf/Celeb-synthesis/id28_id6_0006.mp4,1,0.97874415
/home/tianlong/Downloads/celebdf/Celeb-synthesis/id29_id32_0000.mp4,1,1.2309331e-05
/home/tianlong/Downloads/celebdf/Celeb-synthesis/id29_id37_0009.mp4,1,0.027775388
/home/tianlong/Downloads/celebdf/Celeb-synthesis/id30_id20_0004.mp4,1,0.17861378
/home/tianlong/Downloads/celebdf/Celeb-synthesis/id30_id23_0002.mp4,1,0.65365803
/home/tianlong/Downloads/celebdf/Celeb-synthesis/id32_id33_0004.mp4,1,0.42242956
/home/tianlong/Downloads/celebdf/Celeb-synthesis/id33_id38_0001.mp4,1,0.5664278
/home/tianlong/Downloads/celebdf/Celeb-synthesis/id34_id33_0005.mp4,1,0.1662363
/home/tianlong/Downloads/celebdf/Celeb-synthesis/id35_id31_0007.mp4,1,0.69741225
/home/tianlong/Downloads/celebdf/Celeb-synthesis/id49_id52_0005.mp4,1,0.7506803
/home/tianlong/Downloads/celebdf/Celeb-synthesis/id9_id2_0006.mp4,1,0.24786595
/home/tianlong/Downloads/celebdf/Celeb-synthesis/id7_id11_0007.mp4,1,0.4149897
/home/tianlong/Downloads/celebdf/Celeb-synthesis/id4_id37_0006.mp4,1,0.8771523
/home/tianlong/Downloads/celebdf/Celeb-synthesis/id37_id38_0009.mp4,1,0.67256397
/home/tianlong/Downloads/celebdf/Celeb-synthesis/id29_id30_0009.mp4,1,0.011058684
/home/tianlong/Downloads/celebdf/Celeb-synthesis/id0_id6_0007.mp4,1,0.13516821
/home/tianlong/Downloads/celebdf/Celeb-synthesis/id0_id16_0004.mp4,1,0.23657802
/home/tianlong/Downloads/celebdf/Celeb-synthesis/id31_id33_0008.mp4,1,0.60817057
/home/tianlong/Downloads/celebdf/Celeb-synthesis/id54_id49_0003.mp4,1,0.08986654
/home/tianlong/Downloads/celebdf/Celeb-synthesis/id0_id1_0000.mp4,1,0.35525197
/home/tianlong/Downloads/celebdf/Celeb-synthesis/id21_id28_0001.mp4,1,0.07929192
/home/tianlong/Downloads/celebdf/Celeb-synthesis/id33_id29_0004.mp4,1,0.44652072
/home/tianlong/Downloads/celebdf/Celeb-synthesis/id28_id0_0009.mp4,1,0.1466461
/home/tianlong/Downloads/celebdf/Celeb-synthesis/id6_id9_0006.mp4,1,0.0033261527
/home/tianlong/Downloads/celebdf/Celeb-synthesis/id9_id0_0006.mp4,1,0.19231051
/home/tianlong/Downloads/celebdf/Celeb-synthesis/id26_id2_0005.mp4,1,0.11656535
/home/tianlong/Downloads/celebdf/Celeb-synthesis/id1_id3_0002.mp4,1,0.43423668
/home/tianlong/Downloads/celebdf/Celeb-synthesis/id4_id6_0008.mp4,1,0.6383555
/home/tianlong/Downloads/celebdf/Celeb-synthesis/id16_id28_0005.mp4,1,0.19734645
/home/tianlong/Downloads/celebdf/Celeb-synthesis/id37_id35_0005.mp4,1,0.36428136
/home/tianlong/Downloads/celebdf/Celeb-synthesis/id19_id20_0004.mp4,1,0.01119973
/home/tianlong/Downloads/celebdf/Celeb-synthesis/id46_id41_0000.mp4,1,0.55359066
/home/tianlong/Downloads/celebdf/Celeb-synthesis/id51_id57_0004.mp4,1,0.6705436
/home/tianlong/Downloads/celebdf/Celeb-synthesis/id29_id37_0005.mp4,1,0.5403258
/home/tianlong/Downloads/celebdf/Celeb-synthesis/id35_id23_0007.mp4,1,0.7525743
/home/tianlong/Downloads/celebdf/Celeb-synthesis/id34_id33_0002.mp4,1,0.1287323
/home/tianlong/Downloads/celebdf/Celeb-synthesis/id1_id3_0006.mp4,1,0.007646491
/home/tianlong/Downloads/celebdf/Celeb-synthesis/id13_id10_0005.mp4,1,1.2367241e-05
/home/tianlong/Downloads/celebdf/Celeb-synthesis/id56_id55_0009.mp4,1,0.87842643
/home/tianlong/Downloads/celebdf/Celeb-synthesis/id25_id28_0010.mp4,1,0.6589335
/home/tianlong/Downloads/celebdf/Celeb-synthesis/id20_id37_0004.mp4,1,0.73316747
/home/tianlong/Downloads/celebdf/Celeb-synthesis/id37_id29_0002.mp4,1,0.16485754
/home/tianlong/Downloads/celebdf/Celeb-synthesis/id56_id54_0007.mp4,1,0.4011062
/home/tianlong/Downloads/celebdf/Celeb-synthesis/id19_id20_0000.mp4,1,0.27823296
/home/tianlong/Downloads/celebdf/Celeb-synthesis/id4_id28_0006.mp4,1,0.5869296
/home/tianlong/Downloads/celebdf/Celeb-synthesis/id53_id58_0005.mp4,1,0.34633595
/home/tianlong/Downloads/celebdf/Celeb-synthesis/id55_id57_0002.mp4,1,0.87220746
/home/tianlong/Downloads/celebdf/Celeb-synthesis/id24_id26_0004.mp4,1,0.97075874
/home/tianlong/Downloads/celebdf/Celeb-synthesis/id20_id0_0006.mp4,1,0.03304096
/home/tianlong/Downloads/celebdf/Celeb-synthesis/id37_id2_0009.mp4,1,0.23117213
/home/tianlong/Downloads/celebdf/Celeb-synthesis/id30_id26_0006.mp4,1,0.1760585
/home/tianlong/Downloads/celebdf/Celeb-synthesis/id16_id2_0001.mp4,1,2.854378e-05
/home/tianlong/Downloads/celebdf/Celeb-synthesis/id26_id1_0002.mp4,1,0.8162405
/home/tianlong/Downloads/celebdf/Celeb-synthesis/id30_id6_0007.mp4,1,0.32387573
/home/tianlong/Downloads/celebdf/Celeb-synthesis/id44_id41_0005.mp4,1,0.36319298
/home/tianlong/Downloads/celebdf/Celeb-synthesis/id16_id2_0006.mp4,1,0.0006651151
/home/tianlong/Downloads/celebdf/Celeb-synthesis/id1_id16_0004.mp4,1,7.583694e-05
/home/tianlong/Downloads/celebdf/Celeb-synthesis/id16_id21_0002.mp4,1,0.05576489
/home/tianlong/Downloads/celebdf/Celeb-synthesis/id4_id0_0000.mp4,1,0.07196481
/home/tianlong/Downloads/celebdf/Celeb-synthesis/id8_id0_0002.mp4,1,0.5090732
/home/tianlong/Downloads/celebdf/Celeb-synthesis/id19_id23_0001.mp4,1,0.0005365284
/home/tianlong/Downloads/celebdf/Celeb-synthesis/id37_id3_0006.mp4,1,0.48001504
/home/tianlong/Downloads/celebdf/Celeb-synthesis/id9_id16_0007.mp4,1,0.0002543338
/home/tianlong/Downloads/celebdf/Celeb-synthesis/id47_id43_0007.mp4,1,0.9049112
/home/tianlong/Downloads/celebdf/Celeb-synthesis/id16_id3_0009.mp4,1,0.030314978
/home/tianlong/Downloads/celebdf/Celeb-synthesis/id26_id28_0002.mp4,1,0.23849899
/home/tianlong/Downloads/celebdf/Celeb-synthesis/id8_id3_0003.mp4,1,0.4037416
/home/tianlong/Downloads/celebdf/Celeb-synthesis/id30_id28_0000.mp4,1,0.09490434
/home/tianlong/Downloads/celebdf/Celeb-synthesis/id27_id23_0008.mp4,1,0.7376664
/home/tianlong/Downloads/celebdf/Celeb-synthesis/id28_id20_0008.mp4,1,0.72467965
/home/tianlong/Downloads/celebdf/Celeb-synthesis/id1_id2_0002.mp4,1,0.1424468
/home/tianlong/Downloads/celebdf/Celeb-synthesis/id46_id39_0000.mp4,1,0.96317416
/home/tianlong/Downloads/celebdf/Celeb-synthesis/id37_id28_0008.mp4,1,0.006338413
/home/tianlong/Downloads/celebdf/Celeb-synthesis/id0_id3_0007.mp4,1,0.047905125
/home/tianlong/Downloads/celebdf/Celeb-synthesis/id4_id1_0002.mp4,1,0.17608649
/home/tianlong/Downloads/celebdf/Celeb-synthesis/id13_id7_0000.mp4,1,0.024642656
/home/tianlong/Downloads/celebdf/Celeb-synthesis/id50_id53_0000.mp4,1,0.96351945
/home/tianlong/Downloads/celebdf/Celeb-synthesis/id50_id56_0005.mp4,1,0.017886749
/home/tianlong/Downloads/celebdf/Celeb-synthesis/id4_id21_0009.mp4,1,0.07003279
/home/tianlong/Downloads/celebdf/Celeb-synthesis/id23_id3_0004.mp4,1,0.52574193
/home/tianlong/Downloads/celebdf/Celeb-synthesis/id56_id51_0000.mp4,1,0.32720372
/home/tianlong/Downloads/celebdf/Celeb-synthesis/id30_id3_0006.mp4,1,0.1114044
/home/tianlong/Downloads/celebdf/Celeb-synthesis/id28_id20_0006.mp4,1,0.8435811
/home/tianlong/Downloads/celebdf/Celeb-synthesis/id4_id20_0008.mp4,1,0.1672899
/home/tianlong/Downloads/celebdf/Celeb-synthesis/id54_id58_0006.mp4,1,0.31947476
/home/tianlong/Downloads/celebdf/Celeb-synthesis/id53_id57_0005.mp4,1,0.9868452
/home/tianlong/Downloads/celebdf/Celeb-synthesis/id31_id33_0009.mp4,1,0.005346113
/home/tianlong/Downloads/celebdf/Celeb-synthesis/id0_id21_0000.mp4,1,0.19739042
/home/tianlong/Downloads/celebdf/Celeb-synthesis/id6_id23_0006.mp4,1,0.7679372
/home/tianlong/Downloads/celebdf/Celeb-synthesis/id48_id45_0002.mp4,1,0.028145775
/home/tianlong/Downloads/celebdf/Celeb-synthesis/id46_id45_0001.mp4,1,0.00021284982
/home/tianlong/Downloads/celebdf/Celeb-synthesis/id28_id21_0006.mp4,1,0.7253674
/home/tianlong/Downloads/celebdf/Celeb-synthesis/id12_id10_0005.mp4,1,0.26633656
/home/tianlong/Downloads/celebdf/Celeb-synthesis/id54_id56_0000.mp4,1,0.16404043
/home/tianlong/Downloads/celebdf/Celeb-synthesis/id39_id47_0004.mp4,1,0.8283502
/home/tianlong/Downloads/celebdf/Celeb-synthesis/id9_id3_0009.mp4,1,2.8040207e-05
/home/tianlong/Downloads/celebdf/Celeb-synthesis/id35_id16_0007.mp4,1,0.09469528
/home/tianlong/Downloads/celebdf/Celeb-synthesis/id21_id2_0002.mp4,1,0.003636206
/home/tianlong/Downloads/celebdf/Celeb-synthesis/id12_id10_0002.mp4,1,0.21193835
/home/tianlong/Downloads/celebdf/Celeb-synthesis/id10_id13_0007.mp4,1,0.9983975
/home/tianlong/Downloads/celebdf/Celeb-synthesis/id20_id31_0008.mp4,1,0.082545936
/home/tianlong/Downloads/celebdf/Celeb-synthesis/id0_id16_0003.mp4,1,0.3886641
/home/tianlong/Downloads/celebdf/Celeb-synthesis/id0_id16_0007.mp4,1,0.18945597
/home/tianlong/Downloads/celebdf/Celeb-synthesis/id2_id16_0004.mp4,1,0.52320266
/home/tianlong/Downloads/celebdf/Celeb-synthesis/id13_id7_0012.mp4,1,0.5678605
/home/tianlong/Downloads/celebdf/Celeb-synthesis/id37_id1_0002.mp4,1,0.17506167
/home/tianlong/Downloads/celebdf/Celeb-synthesis/id30_id28_0004.mp4,1,0.28675953
/home/tianlong/Downloads/celebdf/Celeb-synthesis/id53_id52_0003.mp4,1,0.9728503
/home/tianlong/Downloads/celebdf/Celeb-synthesis/id54_id56_0006.mp4,1,0.27354082
/home/tianlong/Downloads/celebdf/Celeb-synthesis/id3_id28_0002.mp4,1,0.06866765
/home/tianlong/Downloads/celebdf/Celeb-synthesis/id37_id4_0000.mp4,1,0.108573474
/home/tianlong/Downloads/celebdf/Celeb-synthesis/id28_id9_0000.mp4,1,6.6891457e-06
/home/tianlong/Downloads/celebdf/Celeb-synthesis/id4_id2_0003.mp4,1,1.5897061e-06
/home/tianlong/Downloads/celebdf/Celeb-synthesis/id25_id21_0005.mp4,1,0.6185994
/home/tianlong/Downloads/celebdf/Celeb-synthesis/id17_id3_0007.mp4,1,0.0014193559
/home/tianlong/Downloads/celebdf/Celeb-synthesis/id2_id1_0004.mp4,1,0.010101801
/home/tianlong/Downloads/celebdf/Celeb-synthesis/id3_id9_0003.mp4,1,1.2906242e-05
/home/tianlong/Downloads/celebdf/Celeb-synthesis/id16_id6_0001.mp4,1,0.022864744
/home/tianlong/Downloads/celebdf/Celeb-synthesis/id8_id6_0002.mp4,1,0.97402346
/home/tianlong/Downloads/celebdf/Celeb-synthesis/id17_id16_0007.mp4,1,0.063094154
/home/tianlong/Downloads/celebdf/Celeb-synthesis/id4_id26_0007.mp4,1,0.18939677
/home/tianlong/Downloads/celebdf/Celeb-synthesis/id44_id45_0000.mp4,1,0.22325473
/home/tianlong/Downloads/celebdf/Celeb-synthesis/id0_id1_0005.mp4,1,0.85987693
/home/tianlong/Downloads/celebdf/Celeb-synthesis/id57_id51_0000.mp4,1,0.8887229
/home/tianlong/Downloads/celebdf/Celeb-synthesis/id34_id32_0007.mp4,1,0.35040054
/home/tianlong/Downloads/celebdf/Celeb-synthesis/id32_id31_0006.mp4,1,0.6697258
/home/tianlong/Downloads/celebdf/Celeb-synthesis/id48_id41_0001.mp4,1,0.111044385
/home/tianlong/Downloads/celebdf/Celeb-synthesis/id4_id0_0004.mp4,1,0.66766614
/home/tianlong/Downloads/celebdf/Celeb-synthesis/id21_id19_0009.mp4,1,0.9870044
/home/tianlong/Downloads/celebdf/Celeb-synthesis/id45_id39_0008.mp4,1,0.088719256
/home/tianlong/Downloads/celebdf/Celeb-synthesis/id31_id30_0009.mp4,1,0.21779971
/home/tianlong/Downloads/celebdf/Celeb-synthesis/id27_id19_0001.mp4,1,5.2544846e-07
/home/tianlong/Downloads/celebdf/Celeb-synthesis/id23_id16_0003.mp4,1,0.075618185
/home/tianlong/Downloads/celebdf/Celeb-synthesis/id58_id57_0008.mp4,1,0.54722154
/home/tianlong/Downloads/celebdf/Celeb-synthesis/id17_id2_0007.mp4,1,0.00023414221
/home/tianlong/Downloads/celebdf/Celeb-synthesis/id28_id3_0001.mp4,1,0.50597566
/home/tianlong/Downloads/celebdf/Celeb-synthesis/id23_id35_0009.mp4,1,0.10731033
/home/tianlong/Downloads/celebdf/Celeb-synthesis/id4_id0_0001.mp4,1,0.24395624
/home/tianlong/Downloads/celebdf/Celeb-synthesis/id17_id31_0009.mp4,1,0.98904276
/home/tianlong/Downloads/celebdf/Celeb-synthesis/id48_id47_0008.mp4,1,0.00011423954
/home/tianlong/Downloads/celebdf/Celeb-synthesis/id50_id49_0001.mp4,1,0.68909204
/home/tianlong/Downloads/celebdf/Celeb-synthesis/id20_id1_0003.mp4,1,0.40451655
/home/tianlong/Downloads/celebdf/Celeb-synthesis/id16_id3_0010.mp4,1,0.004927705
/home/tianlong/Downloads/celebdf/Celeb-synthesis/id23_id19_0000.mp4,1,0.069696374
/home/tianlong/Downloads/celebdf/Celeb-synthesis/id1_id3_0009.mp4,1,0.9187354
/home/tianlong/Downloads/celebdf/Celeb-synthesis/id43_id40_0005.mp4,1,0.9142238
/home/tianlong/Downloads/celebdf/Celeb-synthesis/id4_id6_0002.mp4,1,0.28928748
/home/tianlong/Downloads/celebdf/Celeb-synthesis/id10_id7_0008.mp4,1,0.38820887
/home/tianlong/Downloads/celebdf/Celeb-synthesis/id13_id10_0008.mp4,1,0.0004175719
/home/tianlong/Downloads/celebdf/Celeb-synthesis/id12_id7_0006.mp4,1,0.12821242
/home/tianlong/Downloads/celebdf/Celeb-synthesis/id6_id2_0008.mp4,1,0.00022472542
/home/tianlong/Downloads/celebdf/Celeb-synthesis/id2_id0_0002.mp4,1,0.58666086
/home/tianlong/Downloads/celebdf/Celeb-synthesis/id2_id6_0002.mp4,1,0.480227
/home/tianlong/Downloads/celebdf/Celeb-synthesis/id30_id28_0006.mp4,1,0.11997634
/home/tianlong/Downloads/celebdf/Celeb-synthesis/id52_id50_0007.mp4,1,0.53610855
/home/tianlong/Downloads/celebdf/Celeb-synthesis/id49_id52_0007.mp4,1,0.47914654
/home/tianlong/Downloads/celebdf/Celeb-synthesis/id51_id50_0008.mp4,1,0.941099
/home/tianlong/Downloads/celebdf/Celeb-synthesis/id21_id3_0009.mp4,1,0.08470512
/home/tianlong/Downloads/celebdf/Celeb-synthesis/id31_id16_0002.mp4,1,0.0025835459
/home/tianlong/Downloads/celebdf/Celeb-synthesis/id25_id28_0003.mp4,1,0.32442397
/home/tianlong/Downloads/celebdf/Celeb-synthesis/id21_id20_0006.mp4,1,0.9991379
/home/tianlong/Downloads/celebdf/Celeb-synthesis/id10_id7_0005.mp4,1,0.21265033
/home/tianlong/Downloads/celebdf/Celeb-synthesis/id38_id30_0006.mp4,1,0.63919485
/home/tianlong/Downloads/celebdf/Celeb-synthesis/id35_id30_0006.mp4,1,0.30268598
/home/tianlong/Downloads/celebdf/Celeb-synthesis/id20_id9_0008.mp4,1,0.29318607
/home/tianlong/Downloads/celebdf/Celeb-synthesis/id25_id23_0010.mp4,1,0.85551846
/home/tianlong/Downloads/celebdf/Celeb-synthesis/id17_id21_0000.mp4,1,0.03803174
/home/tianlong/Downloads/celebdf/Celeb-synthesis/id45_id47_0002.mp4,1,0.6021733
/home/tianlong/Downloads/celebdf/Celeb-synthesis/id1_id3_0003.mp4,1,0.000673479
/home/tianlong/Downloads/celebdf/Celeb-synthesis/id27_id26_0006.mp4,1,0.14127491
/home/tianlong/Downloads/celebdf/Celeb-synthesis/id44_id42_0001.mp4,1,3.9782767e-06
/home/tianlong/Downloads/celebdf/Celeb-synthesis/id57_id53_0006.mp4,1,0.8266571
/home/tianlong/Downloads/celebdf/Celeb-synthesis/id43_id39_0000.mp4,1,0.7525363
/home/tianlong/Downloads/celebdf/Celeb-synthesis/id35_id16_0004.mp4,1,0.036744785
/home/tianlong/Downloads/celebdf/Celeb-synthesis/id42_id40_0001.mp4,1,0.4949286
/home/tianlong/Downloads/celebdf/Celeb-synthesis/id21_id2_0000.mp4,1,0.037895445
/home/tianlong/Downloads/celebdf/Celeb-synthesis/id37_id21_0000.mp4,1,0.072801635
/home/tianlong/Downloads/celebdf/Celeb-synthesis/id29_id38_0008.mp4,1,0.4703559
/home/tianlong/Downloads/celebdf/Celeb-synthesis/id39_id44_0000.mp4,1,0.86269045
/home/tianlong/Downloads/celebdf/Celeb-synthesis/id9_id6_0005.mp4,1,0.515412
/home/tianlong/Downloads/celebdf/Celeb-synthesis/id0_id1_0001.mp4,1,0.8369808
/home/tianlong/Downloads/celebdf/Celeb-synthesis/id31_id2_0004.mp4,1,5.744492e-05
/home/tianlong/Downloads/celebdf/Celeb-synthesis/id38_id34_0003.mp4,1,0.14068675
/home/tianlong/Downloads/celebdf/Celeb-synthesis/id56_id57_0007.mp4,1,0.8297022
/home/tianlong/Downloads/celebdf/Celeb-synthesis/id52_id58_0005.mp4,1,0.7221205
/home/tianlong/Downloads/celebdf/Celeb-synthesis/id28_id4_0000.mp4,1,0.014755909
/home/tianlong/Downloads/celebdf/Celeb-synthesis/id22_id26_0005.mp4,1,0.9825859
/home/tianlong/Downloads/celebdf/Celeb-synthesis/id4_id30_0000.mp4,1,0.61590445
/home/tianlong/Downloads/celebdf/Celeb-synthesis/id29_id32_0003.mp4,1,0.0011886985
/home/tianlong/Downloads/celebdf/Celeb-synthesis/id35_id20_0007.mp4,1,0.3749681
/home/tianlong/Downloads/celebdf/Celeb-synthesis/id1_id2_0007.mp4,1,0.29007024
/home/tianlong/Downloads/celebdf/Celeb-synthesis/id30_id3_0002.mp4,1,0.13178694
/home/tianlong/Downloads/celebdf/Celeb-synthesis/id22_id25_0001.mp4,1,0.14046392
/home/tianlong/Downloads/celebdf/Celeb-synthesis/id39_id44_0008.mp4,1,0.5589318
/home/tianlong/Downloads/celebdf/Celeb-synthesis/id34_id29_0008.mp4,1,0.19433586
/home/tianlong/Downloads/celebdf/Celeb-synthesis/id21_id28_0009.mp4,1,0.7057176
/home/tianlong/Downloads/celebdf/Celeb-synthesis/id30_id4_0001.mp4,1,0.08720934
/home/tianlong/Downloads/celebdf/Celeb-synthesis/id25_id19_0008.mp4,1,0.22767492
/home/tianlong/Downloads/celebdf/Celeb-synthesis/id21_id4_0002.mp4,1,0.048795305
/home/tianlong/Downloads/celebdf/Celeb-synthesis/id17_id28_0001.mp4,1,0.61234796
/home/tianlong/Downloads/celebdf/Celeb-synthesis/id6_id1_0007.mp4,1,0.023884946
/home/tianlong/Downloads/celebdf/Celeb-synthesis/id9_id2_0008.mp4,1,0.97189045
/home/tianlong/Downloads/celebdf/Celeb-synthesis/id8_id5_0008.mp4,1,0.6288812
/home/tianlong/Downloads/celebdf/Celeb-synthesis/id37_id3_0004.mp4,1,0.2863797
/home/tianlong/Downloads/celebdf/Celeb-synthesis/id17_id2_0003.mp4,1,0.12443153
