Video,Label,Prediction
/home/tianlong/Downloads/celebdf/YouTube-real/00170.mp4,0,0.69173896
/home/tianlong/Downloads/celebdf/YouTube-real/00208.mp4,0,0.14164104
/home/tianlong/Downloads/celebdf/YouTube-real/00063.mp4,0,0.016770665
/home/tianlong/Downloads/celebdf/YouTube-real/00024.mp4,0,0.006222944
/home/tianlong/Downloads/celebdf/YouTube-real/00021.mp4,0,0.116433
/home/tianlong/Downloads/celebdf/YouTube-real/00036.mp4,0,0.0045207096
/home/tianlong/Downloads/celebdf/YouTube-real/00202.mp4,0,0.27673587
/home/tianlong/Downloads/celebdf/YouTube-real/00236.mp4,0,0.058767177
/home/tianlong/Downloads/celebdf/YouTube-real/00197.mp4,0,0.025509035
/home/tianlong/Downloads/celebdf/YouTube-real/00133.mp4,0,0.021548055
/home/tianlong/Downloads/celebdf/YouTube-real/00213.mp4,0,0.0032339196
/home/tianlong/Downloads/celebdf/YouTube-real/00011.mp4,0,0.07113433
/home/tianlong/Downloads/celebdf/YouTube-real/00095.mp4,0,0.17265122
/home/tianlong/Downloads/celebdf/YouTube-real/00138.mp4,0,0.38039914
/home/tianlong/Downloads/celebdf/YouTube-real/00106.mp4,0,0.031195238
/home/tianlong/Downloads/celebdf/YouTube-real/00194.mp4,0,0.004361278
/home/tianlong/Downloads/celebdf/YouTube-real/00092.mp4,0,0.021948772
/home/tianlong/Downloads/celebdf/YouTube-real/00227.mp4,0,0.020121515
/home/tianlong/Downloads/celebdf/YouTube-real/00244.mp4,0,0.14713493
/home/tianlong/Downloads/celebdf/YouTube-real/00119.mp4,0,0.055714827
/home/tianlong/Downloads/celebdf/YouTube-real/00082.mp4,0,0.1590952
/home/tianlong/Downloads/celebdf/YouTube-real/00188.mp4,0,0.096836194
/home/tianlong/Downloads/celebdf/YouTube-real/00076.mp4,0,0.0764722
/home/tianlong/Downloads/celebdf/YouTube-real/00047.mp4,0,0.45169744
/home/tianlong/Downloads/celebdf/YouTube-real/00168.mp4,0,0.008434472
/home/tianlong/Downloads/celebdf/YouTube-real/00207.mp4,0,0.16476303
/home/tianlong/Downloads/celebdf/YouTube-real/00193.mp4,0,0.09256556
/home/tianlong/Downloads/celebdf/YouTube-real/00061.mp4,0,0.05281177
/home/tianlong/Downloads/celebdf/YouTube-real/00023.mp4,0,0.04627299
/home/tianlong/Downloads/celebdf/YouTube-real/00048.mp4,0,0.014116352
/home/tianlong/Downloads/celebdf/YouTube-real/00250.mp4,0,0.0064315363
/home/tianlong/Downloads/celebdf/YouTube-real/00251.mp4,0,0.012278093
/home/tianlong/Downloads/celebdf/YouTube-real/00252.mp4,0,0.0041813543
/home/tianlong/Downloads/celebdf/YouTube-real/00253.mp4,0,0.0034054264
/home/tianlong/Downloads/celebdf/YouTube-real/00254.mp4,0,0.17140667
/home/tianlong/Downloads/celebdf/YouTube-real/00255.mp4,0,0.007896882
/home/tianlong/Downloads/celebdf/YouTube-real/00256.mp4,0,0.02382901
/home/tianlong/Downloads/celebdf/YouTube-real/00257.mp4,0,0.08479741
/home/tianlong/Downloads/celebdf/YouTube-real/00258.mp4,0,0.06667937
/home/tianlong/Downloads/celebdf/YouTube-real/00259.mp4,0,0.06478323
/home/tianlong/Downloads/celebdf/YouTube-real/00260.mp4,0,0.0027298261
/home/tianlong/Downloads/celebdf/YouTube-real/00261.mp4,0,0.017555568
/home/tianlong/Downloads/celebdf/YouTube-real/00262.mp4,0,0.2363431
/home/tianlong/Downloads/celebdf/YouTube-real/00263.mp4,0,0.05282408
/home/tianlong/Downloads/celebdf/YouTube-real/00264.mp4,0,0.08110005
/home/tianlong/Downloads/celebdf/YouTube-real/00265.mp4,0,0.039489083
/home/tianlong/Downloads/celebdf/YouTube-real/00266.mp4,0,0.1995402
/home/tianlong/Downloads/celebdf/YouTube-real/00267.mp4,0,0.025725897
/home/tianlong/Downloads/celebdf/YouTube-real/00268.mp4,0,0.010430107
/home/tianlong/Downloads/celebdf/YouTube-real/00269.mp4,0,0.027312463
/home/tianlong/Downloads/celebdf/YouTube-real/00270.mp4,0,0.008910708
/home/tianlong/Downloads/celebdf/YouTube-real/00271.mp4,0,0.08005404
/home/tianlong/Downloads/celebdf/YouTube-real/00272.mp4,0,0.0072860806
/home/tianlong/Downloads/celebdf/YouTube-real/00273.mp4,0,0.0176865
/home/tianlong/Downloads/celebdf/YouTube-real/00274.mp4,0,0.021903325
/home/tianlong/Downloads/celebdf/YouTube-real/00275.mp4,0,0.16623133
/home/tianlong/Downloads/celebdf/YouTube-real/00276.mp4,0,0.009532016
/home/tianlong/Downloads/celebdf/YouTube-real/00277.mp4,0,0.016426554
/home/tianlong/Downloads/celebdf/YouTube-real/00278.mp4,0,0.004345854
/home/tianlong/Downloads/celebdf/YouTube-real/00279.mp4,0,0.023426155
/home/tianlong/Downloads/celebdf/YouTube-real/00280.mp4,0,0.08260896
/home/tianlong/Downloads/celebdf/YouTube-real/00281.mp4,0,0.07059264
/home/tianlong/Downloads/celebdf/YouTube-real/00282.mp4,0,0.27036127
/home/tianlong/Downloads/celebdf/YouTube-real/00283.mp4,0,0.019182917
/home/tianlong/Downloads/celebdf/YouTube-real/00284.mp4,0,0.042795494
/home/tianlong/Downloads/celebdf/YouTube-real/00285.mp4,0,0.07967122
/home/tianlong/Downloads/celebdf/YouTube-real/00286.mp4,0,0.008035133
/home/tianlong/Downloads/celebdf/YouTube-real/00287.mp4,0,0.019237936
/home/tianlong/Downloads/celebdf/YouTube-real/00288.mp4,0,0.04367433
/home/tianlong/Downloads/celebdf/YouTube-real/00289.mp4,0,0.04221554
/home/tianlong/Downloads/celebdf/Celeb-real/id1_0007.mp4,0,0.46713585
/home/tianlong/Downloads/celebdf/Celeb-real/id2_0008.mp4,0,0.05478075
/home/tianlong/Downloads/celebdf/Celeb-real/id3_0001.mp4,0,0.0043291813
/home/tianlong/Downloads/celebdf/Celeb-real/id6_0005.mp4,0,0.060034145
/home/tianlong/Downloads/celebdf/Celeb-real/id9_0000.mp4,0,0.0035975687
/home/tianlong/Downloads/celebdf/Celeb-real/id11_0008.mp4,0,0.0136290435
/home/tianlong/Downloads/celebdf/Celeb-real/id16_0011.mp4,0,0.00823213
/home/tianlong/Downloads/celebdf/Celeb-real/id17_0000.mp4,0,0.0075435475
/home/tianlong/Downloads/celebdf/Celeb-real/id35_0008.mp4,0,0.0605625
/home/tianlong/Downloads/celebdf/Celeb-real/id39_0005.mp4,0,0.12013395
/home/tianlong/Downloads/celebdf/Celeb-real/id48_0000.mp4,0,0.17839386
/home/tianlong/Downloads/celebdf/Celeb-real/id32_0008.mp4,0,0.0030341477
/home/tianlong/Downloads/celebdf/Celeb-real/id56_0009.mp4,0,0.23255472
/home/tianlong/Downloads/celebdf/Celeb-real/id54_0007.mp4,0,0.028637195
/home/tianlong/Downloads/celebdf/Celeb-real/id37_0005.mp4,0,0.00676524
/home/tianlong/Downloads/celebdf/Celeb-real/id29_0008.mp4,0,0.005542694
/home/tianlong/Downloads/celebdf/Celeb-real/id43_0006.mp4,0,0.027557412
/home/tianlong/Downloads/celebdf/Celeb-real/id1_0006.mp4,0,0.0014653245
/home/tianlong/Downloads/celebdf/Celeb-real/id51_0001.mp4,0,0.029001439
/home/tianlong/Downloads/celebdf/Celeb-real/id31_0007.mp4,0,0.0035607652
/home/tianlong/Downloads/celebdf/Celeb-real/id2_0003.mp4,0,0.019096065
/home/tianlong/Downloads/celebdf/Celeb-real/id21_0009.mp4,0,0.0045765894
/home/tianlong/Downloads/celebdf/Celeb-real/id50_0003.mp4,0,0.010941867
/home/tianlong/Downloads/celebdf/Celeb-real/id21_0006.mp4,0,0.0022304882
/home/tianlong/Downloads/celebdf/Celeb-real/id44_0003.mp4,0,0.0036005557
/home/tianlong/Downloads/celebdf/Celeb-real/id36_0006.mp4,0,0.023753123
/home/tianlong/Downloads/celebdf/Celeb-real/id36_0008.mp4,0,0.078826
/home/tianlong/Downloads/celebdf/Celeb-real/id1_0008.mp4,0,0.008850865
/home/tianlong/Downloads/celebdf/Celeb-real/id45_0003.mp4,0,0.014043316
/home/tianlong/Downloads/celebdf/Celeb-real/id48_0003.mp4,0,0.116427496
/home/tianlong/Downloads/celebdf/Celeb-real/id23_0001.mp4,0,0.6050266
/home/tianlong/Downloads/celebdf/Celeb-real/id16_0010.mp4,0,0.0308027
/home/tianlong/Downloads/celebdf/Celeb-real/id31_0004.mp4,0,0.006056583
/home/tianlong/Downloads/celebdf/Celeb-real/id35_0000.mp4,0,0.14209914
/home/tianlong/Downloads/celebdf/Celeb-real/id58_0002.mp4,0,0.011086165
/home/tianlong/Downloads/celebdf/Celeb-real/id30_0007.mp4,0,0.019995406
/home/tianlong/Downloads/celebdf/Celeb-real/id12_0005.mp4,0,0.0669895
/home/tianlong/Downloads/celebdf/Celeb-real/id56_0002.mp4,0,0.037183277
/home/tianlong/Downloads/celebdf/Celeb-real/id33_0005.mp4,0,0.009395043
/home/tianlong/Downloads/celebdf/Celeb-real/id29_0009.mp4,0,0.03244222
/home/tianlong/Downloads/celebdf/Celeb-real/id13_0013.mp4,0,0.018750569
/home/tianlong/Downloads/celebdf/Celeb-real/id28_0009.mp4,0,0.012692682
/home/tianlong/Downloads/celebdf/Celeb-real/id36_0000.mp4,0,0.09022017
/home/tianlong/Downloads/celebdf/Celeb-real/id24_0009.mp4,0,0.19602695
/home/tianlong/Downloads/celebdf/Celeb-real/id39_0004.mp4,0,0.04614926
/home/tianlong/Downloads/celebdf/Celeb-real/id27_0008.mp4,0,0.021772211
/home/tianlong/Downloads/celebdf/Celeb-real/id11_0006.mp4,0,0.049573947
/home/tianlong/Downloads/celebdf/Celeb-real/id19_0007.mp4,0,0.009755995
/home/tianlong/Downloads/celebdf/Celeb-real/id37_0009.mp4,0,0.0045541045
/home/tianlong/Downloads/celebdf/Celeb-real/id3_0008.mp4,0,0.0048550824
/home/tianlong/Downloads/celebdf/Celeb-real/id46_0000.mp4,0,0.12545784
/home/tianlong/Downloads/celebdf/Celeb-real/id33_0008.mp4,0,0.005604229
/home/tianlong/Downloads/celebdf/Celeb-real/id8_0000.mp4,0,0.005968691
/home/tianlong/Downloads/celebdf/Celeb-real/id16_0007.mp4,0,0.0063903867
/home/tianlong/Downloads/celebdf/Celeb-real/id1_0001.mp4,0,0.0039338544
/home/tianlong/Downloads/celebdf/Celeb-real/id32_0002.mp4,0,0.00810398
/home/tianlong/Downloads/celebdf/Celeb-real/id19_0005.mp4,0,0.0016850777
/home/tianlong/Downloads/celebdf/Celeb-real/id27_0009.mp4,0,0.0064786235
/home/tianlong/Downloads/celebdf/Celeb-real/id2_0001.mp4,0,0.1793469
/home/tianlong/Downloads/celebdf/Celeb-real/id13_0011.mp4,0,0.020783726
/home/tianlong/Downloads/celebdf/Celeb-real/id49_0004.mp4,0,0.018664606
/home/tianlong/Downloads/celebdf/Celeb-real/id57_0007.mp4,0,0.055110533
/home/tianlong/Downloads/celebdf/Celeb-real/id26_0008.mp4,0,0.03148223
/home/tianlong/Downloads/celebdf/Celeb-real/id2_0004.mp4,0,0.069197945
/home/tianlong/Downloads/celebdf/Celeb-real/id36_0001.mp4,0,0.16276953
/home/tianlong/Downloads/celebdf/Celeb-real/id0_0001.mp4,0,0.03133255
/home/tianlong/Downloads/celebdf/Celeb-real/id10_0007.mp4,0,0.014238311
/home/tianlong/Downloads/celebdf/Celeb-real/id17_0002.mp4,0,0.0031595025
/home/tianlong/Downloads/celebdf/Celeb-real/id4_0004.mp4,0,0.0071000606
/home/tianlong/Downloads/celebdf/Celeb-real/id36_0002.mp4,0,0.06755831
/home/tianlong/Downloads/celebdf/Celeb-real/id53_0003.mp4,0,0.08299729
/home/tianlong/Downloads/celebdf/Celeb-real/id25_0010.mp4,0,0.0239599
/home/tianlong/Downloads/celebdf/Celeb-real/id51_0006.mp4,0,0.12697111
/home/tianlong/Downloads/celebdf/Celeb-real/id22_0000.mp4,0,0.004774374
/home/tianlong/Downloads/celebdf/Celeb-real/id10_0001.mp4,0,0.60010886
/home/tianlong/Downloads/celebdf/Celeb-real/id6_0002.mp4,0,0.05930986
/home/tianlong/Downloads/celebdf/Celeb-real/id12_0000.mp4,0,0.042505216
/home/tianlong/Downloads/celebdf/Celeb-real/id35_0003.mp4,0,0.15624921
/home/tianlong/Downloads/celebdf/Celeb-real/id3_0002.mp4,0,0.003910362
/home/tianlong/Downloads/celebdf/Celeb-real/id31_0003.mp4,0,0.0037525394
/home/tianlong/Downloads/celebdf/Celeb-real/id52_0002.mp4,0,0.009361269
/home/tianlong/Downloads/celebdf/Celeb-real/id2_0002.mp4,0,0.17949553
/home/tianlong/Downloads/celebdf/Celeb-real/id44_0001.mp4,0,0.07813629
/home/tianlong/Downloads/celebdf/Celeb-real/id8_0009.mp4,0,0.021355499
/home/tianlong/Downloads/celebdf/Celeb-real/id33_0002.mp4,0,0.00612674
/home/tianlong/Downloads/celebdf/Celeb-real/id50_0000.mp4,0,0.0057324516
/home/tianlong/Downloads/celebdf/Celeb-real/id40_0003.mp4,0,0.11977406
/home/tianlong/Downloads/celebdf/Celeb-real/id7_0006.mp4,0,0.016805293
/home/tianlong/Downloads/celebdf/Celeb-real/id53_0007.mp4,0,0.013404241
/home/tianlong/Downloads/celebdf/Celeb-real/id43_0002.mp4,0,0.029506618
/home/tianlong/Downloads/celebdf/Celeb-real/id56_0000.mp4,0,0.16867165
/home/tianlong/Downloads/celebdf/Celeb-real/id13_0004.mp4,0,0.0053331363
/home/tianlong/Downloads/celebdf/Celeb-real/id43_0001.mp4,0,0.007567264
/home/tianlong/Downloads/celebdf/Celeb-real/id20_0008.mp4,0,0.008813311
/home/tianlong/Downloads/celebdf/Celeb-real/id28_0004.mp4,0,0.015387593
/home/tianlong/Downloads/celebdf/Celeb-real/id22_0009.mp4,0,0.022425525
/home/tianlong/Downloads/celebdf/Celeb-real/id53_0000.mp4,0,0.008020174
/home/tianlong/Downloads/celebdf/Celeb-real/id50_0006.mp4,0,0.0052071367
/home/tianlong/Downloads/celebdf/Celeb-real/id32_0003.mp4,0,0.0030536242
/home/tianlong/Downloads/celebdf/Celeb-real/id32_0006.mp4,0,0.057091992
/home/tianlong/Downloads/celebdf/Celeb-real/id57_0003.mp4,0,0.010441491
/home/tianlong/Downloads/celebdf/Celeb-real/id37_0004.mp4,0,0.0069229044
/home/tianlong/Downloads/celebdf/Celeb-real/id28_0007.mp4,0,0.004431163
/home/tianlong/Downloads/celebdf/Celeb-real/id52_0001.mp4,0,0.011246199
/home/tianlong/Downloads/celebdf/Celeb-real/id40_0009.mp4,0,0.021888636
/home/tianlong/Downloads/celebdf/Celeb-real/id51_0005.mp4,0,0.020702118
/home/tianlong/Downloads/celebdf/Celeb-real/id34_0006.mp4,0,0.03601756
/home/tianlong/Downloads/celebdf/Celeb-real/id42_0002.mp4,0,0.017185552
/home/tianlong/Downloads/celebdf/Celeb-synthesis/id1_id0_0007.mp4,1,0.76946783
/home/tianlong/Downloads/celebdf/Celeb-synthesis/id1_id3_0007.mp4,1,0.6466939
/home/tianlong/Downloads/celebdf/Celeb-synthesis/id1_id4_0007.mp4,1,0.93746793
/home/tianlong/Downloads/celebdf/Celeb-synthesis/id1_id9_0007.mp4,1,0.015949804
/home/tianlong/Downloads/celebdf/Celeb-synthesis/id1_id16_0007.mp4,1,0.6203564
/home/tianlong/Downloads/celebdf/Celeb-synthesis/id1_id17_0007.mp4,1,0.42679843
/home/tianlong/Downloads/celebdf/Celeb-synthesis/id2_id0_0008.mp4,1,0.103959545
/home/tianlong/Downloads/celebdf/Celeb-synthesis/id2_id3_0008.mp4,1,0.074057594
/home/tianlong/Downloads/celebdf/Celeb-synthesis/id2_id9_0008.mp4,1,0.0027383743
/home/tianlong/Downloads/celebdf/Celeb-synthesis/id3_id1_0001.mp4,1,0.0069249757
/home/tianlong/Downloads/celebdf/Celeb-synthesis/id3_id2_0001.mp4,1,0.09698302
/home/tianlong/Downloads/celebdf/Celeb-synthesis/id3_id4_0001.mp4,1,0.09329834
/home/tianlong/Downloads/celebdf/Celeb-synthesis/id3_id6_0001.mp4,1,0.059120785
/home/tianlong/Downloads/celebdf/Celeb-synthesis/id3_id9_0001.mp4,1,0.003915335
/home/tianlong/Downloads/celebdf/Celeb-synthesis/id3_id16_0001.mp4,1,0.02798402
/home/tianlong/Downloads/celebdf/Celeb-synthesis/id4_id1_0003.mp4,1,0.013354899
/home/tianlong/Downloads/celebdf/Celeb-synthesis/id6_id0_0005.mp4,1,0.21616483
/home/tianlong/Downloads/celebdf/Celeb-synthesis/id6_id1_0005.mp4,1,0.01900119
/home/tianlong/Downloads/celebdf/Celeb-synthesis/id6_id2_0005.mp4,1,0.62122023
/home/tianlong/Downloads/celebdf/Celeb-synthesis/id6_id3_0005.mp4,1,0.14608146
/home/tianlong/Downloads/celebdf/Celeb-synthesis/id6_id16_0005.mp4,1,0.10069406
/home/tianlong/Downloads/celebdf/Celeb-synthesis/id7_id10_0009.mp4,1,0.035957433
/home/tianlong/Downloads/celebdf/Celeb-synthesis/id7_id11_0009.mp4,1,0.012300998
/home/tianlong/Downloads/celebdf/Celeb-synthesis/id7_id13_0009.mp4,1,0.006082871
/home/tianlong/Downloads/celebdf/Celeb-synthesis/id9_id0_0000.mp4,1,0.050305903
/home/tianlong/Downloads/celebdf/Celeb-synthesis/id9_id1_0000.mp4,1,0.00917807
/home/tianlong/Downloads/celebdf/Celeb-synthesis/id9_id2_0000.mp4,1,0.10413481
/home/tianlong/Downloads/celebdf/Celeb-synthesis/id9_id3_0000.mp4,1,0.043531317
/home/tianlong/Downloads/celebdf/Celeb-synthesis/id9_id6_0000.mp4,1,0.041907668
/home/tianlong/Downloads/celebdf/Celeb-synthesis/id9_id16_0000.mp4,1,0.09737875
/home/tianlong/Downloads/celebdf/Celeb-synthesis/id10_id7_0004.mp4,1,0.052714296
/home/tianlong/Downloads/celebdf/Celeb-synthesis/id10_id11_0004.mp4,1,0.11481019
/home/tianlong/Downloads/celebdf/Celeb-synthesis/id10_id12_0004.mp4,1,0.12826692
/home/tianlong/Downloads/celebdf/Celeb-synthesis/id10_id13_0004.mp4,1,0.08631062
/home/tianlong/Downloads/celebdf/Celeb-synthesis/id10_id7_0001.mp4,1,0.6530343
/home/tianlong/Downloads/celebdf/Celeb-synthesis/id10_id11_0001.mp4,1,0.821988
/home/tianlong/Downloads/celebdf/Celeb-synthesis/id10_id12_0001.mp4,1,0.54297006
/home/tianlong/Downloads/celebdf/Celeb-synthesis/id10_id13_0001.mp4,1,0.22932287
/home/tianlong/Downloads/celebdf/Celeb-synthesis/id11_id7_0008.mp4,1,0.022602383
/home/tianlong/Downloads/celebdf/Celeb-synthesis/id16_id0_0011.mp4,1,0.06092605
/home/tianlong/Downloads/celebdf/Celeb-synthesis/id16_id1_0011.mp4,1,0.008498458
/home/tianlong/Downloads/celebdf/Celeb-synthesis/id16_id2_0011.mp4,1,0.47345638
/home/tianlong/Downloads/celebdf/Celeb-synthesis/id16_id3_0011.mp4,1,0.119982466
/home/tianlong/Downloads/celebdf/Celeb-synthesis/id16_id6_0011.mp4,1,0.16209647
/home/tianlong/Downloads/celebdf/Celeb-synthesis/id17_id0_0000.mp4,1,0.19764924
/home/tianlong/Downloads/celebdf/Celeb-synthesis/id17_id1_0000.mp4,1,0.011902
/home/tianlong/Downloads/celebdf/Celeb-synthesis/id17_id2_0000.mp4,1,0.37599638
/home/tianlong/Downloads/celebdf/Celeb-synthesis/id17_id3_0000.mp4,1,0.31535417
/home/tianlong/Downloads/celebdf/Celeb-synthesis/id17_id6_0000.mp4,1,0.38992456
/home/tianlong/Downloads/celebdf/Celeb-synthesis/id17_id9_0000.mp4,1,0.0034289763
/home/tianlong/Downloads/celebdf/Celeb-synthesis/id17_id16_0000.mp4,1,0.1432841
/home/tianlong/Downloads/celebdf/Celeb-synthesis/id16_id20_0000.mp4,1,0.046315596
/home/tianlong/Downloads/celebdf/Celeb-synthesis/id17_id23_0000.mp4,1,0.35162824
/home/tianlong/Downloads/celebdf/Celeb-synthesis/id3_id28_0001.mp4,1,0.010740566
/home/tianlong/Downloads/celebdf/Celeb-synthesis/id35_id32_0007.mp4,1,0.01174965
/home/tianlong/Downloads/celebdf/Celeb-synthesis/id30_id26_0004.mp4,1,0.02176867
/home/tianlong/Downloads/celebdf/Celeb-synthesis/id16_id20_0006.mp4,1,0.2420427
/home/tianlong/Downloads/celebdf/Celeb-synthesis/id4_id20_0001.mp4,1,0.01675567
/home/tianlong/Downloads/celebdf/Celeb-synthesis/id26_id3_0002.mp4,1,0.021945886
/home/tianlong/Downloads/celebdf/Celeb-synthesis/id20_id31_0006.mp4,1,0.005191895
/home/tianlong/Downloads/celebdf/Celeb-synthesis/id6_id23_0001.mp4,1,0.14807388
/home/tianlong/Downloads/celebdf/Celeb-synthesis/id9_id23_0009.mp4,1,0.08732239
/home/tianlong/Downloads/celebdf/Celeb-synthesis/id32_id33_0002.mp4,1,0.009389378
/home/tianlong/Downloads/celebdf/Celeb-synthesis/id16_id20_0012.mp4,1,0.03173869
/home/tianlong/Downloads/celebdf/Celeb-synthesis/id29_id30_0000.mp4,1,0.024266986
/home/tianlong/Downloads/celebdf/Celeb-synthesis/id3_id20_0008.mp4,1,0.024609886
/home/tianlong/Downloads/celebdf/Celeb-synthesis/id22_id27_0001.mp4,1,0.07802401
/home/tianlong/Downloads/celebdf/Celeb-synthesis/id27_id21_0002.mp4,1,0.047335424
/home/tianlong/Downloads/celebdf/Celeb-synthesis/id29_id35_0000.mp4,1,0.0518566
/home/tianlong/Downloads/celebdf/Celeb-synthesis/id21_id19_0005.mp4,1,0.0045402674
/home/tianlong/Downloads/celebdf/Celeb-synthesis/id23_id26_0003.mp4,1,0.0044433684
/home/tianlong/Downloads/celebdf/Celeb-synthesis/id30_id35_0009.mp4,1,0.0069540343
/home/tianlong/Downloads/celebdf/Celeb-synthesis/id9_id26_0000.mp4,1,0.007375002
/home/tianlong/Downloads/celebdf/Celeb-synthesis/id33_id32_0006.mp4,1,0.02849611
/home/tianlong/Downloads/celebdf/Celeb-synthesis/id30_id34_0003.mp4,1,0.003535182
/home/tianlong/Downloads/celebdf/Celeb-synthesis/id29_id37_0008.mp4,1,0.006672277
/home/tianlong/Downloads/celebdf/Celeb-synthesis/id35_id31_0006.mp4,1,0.01147731
/home/tianlong/Downloads/celebdf/Celeb-synthesis/id37_id34_0008.mp4,1,0.05308349
/home/tianlong/Downloads/celebdf/Celeb-synthesis/id26_id16_0001.mp4,1,0.017002663
/home/tianlong/Downloads/celebdf/Celeb-synthesis/id17_id23_0009.mp4,1,0.3416829
/home/tianlong/Downloads/celebdf/Celeb-synthesis/id6_id20_0007.mp4,1,0.009390739
/home/tianlong/Downloads/celebdf/Celeb-synthesis/id1_id20_0001.mp4,1,0.025808731
/home/tianlong/Downloads/celebdf/Celeb-synthesis/id1_id23_0006.mp4,1,0.00498324
/home/tianlong/Downloads/celebdf/Celeb-synthesis/id37_id35_0001.mp4,1,0.14085034
/home/tianlong/Downloads/celebdf/Celeb-synthesis/id4_id23_0006.mp4,1,0.057154734
/home/tianlong/Downloads/celebdf/Celeb-synthesis/id17_id26_0006.mp4,1,0.07797934
/home/tianlong/Downloads/celebdf/Celeb-synthesis/id20_id1_0007.mp4,1,0.01870183
/home/tianlong/Downloads/celebdf/Celeb-synthesis/id0_id26_0009.mp4,1,0.011761889
/home/tianlong/Downloads/celebdf/Celeb-synthesis/id38_id33_0005.mp4,1,0.004566825
/home/tianlong/Downloads/celebdf/Celeb-synthesis/id28_id35_0008.mp4,1,0.007673056
/home/tianlong/Downloads/celebdf/Celeb-synthesis/id23_id35_0006.mp4,1,0.14311676
/home/tianlong/Downloads/celebdf/Celeb-synthesis/id6_id28_0002.mp4,1,0.11333039
/home/tianlong/Downloads/celebdf/Celeb-synthesis/id35_id28_0006.mp4,1,0.029055452
/home/tianlong/Downloads/celebdf/Celeb-synthesis/id32_id31_0008.mp4,1,0.016894111
/home/tianlong/Downloads/celebdf/Celeb-synthesis/id38_id34_0004.mp4,1,0.04222073
/home/tianlong/Downloads/celebdf/Celeb-synthesis/id3_id28_0009.mp4,1,0.23163167
/home/tianlong/Downloads/celebdf/Celeb-synthesis/id37_id28_0007.mp4,1,0.0186785
/home/tianlong/Downloads/celebdf/Celeb-synthesis/id1_id20_0002.mp4,1,0.014114477
/home/tianlong/Downloads/celebdf/Celeb-synthesis/id37_id31_0008.mp4,1,0.08151676
/home/tianlong/Downloads/celebdf/Celeb-synthesis/id30_id23_0007.mp4,1,0.12790152
/home/tianlong/Downloads/celebdf/Celeb-synthesis/id28_id26_0000.mp4,1,0.019140648
/home/tianlong/Downloads/celebdf/Celeb-synthesis/id2_id28_0003.mp4,1,0.009107371
/home/tianlong/Downloads/celebdf/Celeb-synthesis/id27_id24_0007.mp4,1,0.012682773
/home/tianlong/Downloads/celebdf/Celeb-synthesis/id30_id32_0006.mp4,1,0.0041139647
/home/tianlong/Downloads/celebdf/Celeb-synthesis/id35_id31_0009.mp4,1,0.028681463
/home/tianlong/Downloads/celebdf/Celeb-synthesis/id4_id21_0004.mp4,1,0.015552665
/home/tianlong/Downloads/celebdf/Celeb-synthesis/id37_id21_0005.mp4,1,0.017897345
/home/tianlong/Downloads/celebdf/Celeb-synthesis/id30_id21_0002.mp4,1,0.0047173034
/home/tianlong/Downloads/celebdf/Celeb-synthesis/id16_id23_0011.mp4,1,0.24580076
/home/tianlong/Downloads/celebdf/Celeb-synthesis/id9_id20_0002.mp4,1,0.056377828
/home/tianlong/Downloads/celebdf/Celeb-synthesis/id6_id21_0006.mp4,1,0.06097152
/home/tianlong/Downloads/celebdf/Celeb-synthesis/id20_id19_0002.mp4,1,0.011825525
/home/tianlong/Downloads/celebdf/Celeb-synthesis/id28_id4_0006.mp4,1,0.008773591
/home/tianlong/Downloads/celebdf/Celeb-synthesis/id35_id34_0002.mp4,1,0.0074653565
/home/tianlong/Downloads/celebdf/Celeb-synthesis/id35_id26_0003.mp4,1,0.21977562
/home/tianlong/Downloads/celebdf/Celeb-synthesis/id22_id28_0006.mp4,1,0.0036880109
/home/tianlong/Downloads/celebdf/Celeb-synthesis/id30_id21_0005.mp4,1,0.0071454914
/home/tianlong/Downloads/celebdf/Celeb-synthesis/id24_id20_0009.mp4,1,0.092736766
/home/tianlong/Downloads/celebdf/Celeb-synthesis/id4_id20_0000.mp4,1,0.0094370525
/home/tianlong/Downloads/celebdf/Celeb-synthesis/id2_id26_0001.mp4,1,0.010626369
/home/tianlong/Downloads/celebdf/Celeb-synthesis/id21_id6_0005.mp4,1,0.06574898
/home/tianlong/Downloads/celebdf/Celeb-synthesis/id21_id9_0008.mp4,1,0.012583706
/home/tianlong/Downloads/celebdf/Celeb-synthesis/id22_id21_0005.mp4,1,0.008614773
/home/tianlong/Downloads/celebdf/Celeb-synthesis/id22_id27_0005.mp4,1,0.016759384
/home/tianlong/Downloads/celebdf/Celeb-synthesis/id23_id2_0007.mp4,1,0.7572546
/home/tianlong/Downloads/celebdf/Celeb-synthesis/id23_id3_0009.mp4,1,0.0060636336
/home/tianlong/Downloads/celebdf/Celeb-synthesis/id24_id19_0000.mp4,1,0.01230869
/home/tianlong/Downloads/celebdf/Celeb-synthesis/id24_id21_0006.mp4,1,0.016261347
/home/tianlong/Downloads/celebdf/Celeb-synthesis/id24_id26_0009.mp4,1,0.015450852
/home/tianlong/Downloads/celebdf/Celeb-synthesis/id25_id19_0002.mp4,1,0.00815388
/home/tianlong/Downloads/celebdf/Celeb-synthesis/id25_id24_0003.mp4,1,0.030609056
/home/tianlong/Downloads/celebdf/Celeb-synthesis/id27_id21_0008.mp4,1,0.022556486
/home/tianlong/Downloads/celebdf/Celeb-synthesis/id27_id22_0007.mp4,1,0.0062703006
/home/tianlong/Downloads/celebdf/Celeb-synthesis/id27_id25_0008.mp4,1,0.0063905246
/home/tianlong/Downloads/celebdf/Celeb-synthesis/id28_id3_0004.mp4,1,0.025020033
/home/tianlong/Downloads/celebdf/Celeb-synthesis/id28_id6_0006.mp4,1,0.014153676
/home/tianlong/Downloads/celebdf/Celeb-synthesis/id29_id32_0000.mp4,1,0.0044386624
/home/tianlong/Downloads/celebdf/Celeb-synthesis/id29_id37_0009.mp4,1,0.035165235
/home/tianlong/Downloads/celebdf/Celeb-synthesis/id30_id20_0004.mp4,1,0.046168152
/home/tianlong/Downloads/celebdf/Celeb-synthesis/id30_id23_0002.mp4,1,0.009808386
/home/tianlong/Downloads/celebdf/Celeb-synthesis/id32_id33_0004.mp4,1,0.027522925
/home/tianlong/Downloads/celebdf/Celeb-synthesis/id33_id38_0001.mp4,1,0.11083551
/home/tianlong/Downloads/celebdf/Celeb-synthesis/id34_id33_0005.mp4,1,0.008498105
/home/tianlong/Downloads/celebdf/Celeb-synthesis/id35_id31_0007.mp4,1,0.0143779125
/home/tianlong/Downloads/celebdf/Celeb-synthesis/id49_id52_0005.mp4,1,0.005427893
/home/tianlong/Downloads/celebdf/Celeb-synthesis/id9_id2_0006.mp4,1,0.34993237
/home/tianlong/Downloads/celebdf/Celeb-synthesis/id7_id11_0007.mp4,1,0.029441953
/home/tianlong/Downloads/celebdf/Celeb-synthesis/id4_id37_0006.mp4,1,0.013994624
/home/tianlong/Downloads/celebdf/Celeb-synthesis/id37_id38_0009.mp4,1,0.043065824
/home/tianlong/Downloads/celebdf/Celeb-synthesis/id29_id30_0009.mp4,1,0.010905914
/home/tianlong/Downloads/celebdf/Celeb-synthesis/id0_id6_0007.mp4,1,0.17162253
/home/tianlong/Downloads/celebdf/Celeb-synthesis/id0_id16_0004.mp4,1,0.08017488
/home/tianlong/Downloads/celebdf/Celeb-synthesis/id31_id33_0008.mp4,1,0.0066005355
/home/tianlong/Downloads/celebdf/Celeb-synthesis/id54_id49_0003.mp4,1,0.11280298
/home/tianlong/Downloads/celebdf/Celeb-synthesis/id0_id1_0000.mp4,1,0.03526954
/home/tianlong/Downloads/celebdf/Celeb-synthesis/id21_id28_0001.mp4,1,0.20747212
/home/tianlong/Downloads/celebdf/Celeb-synthesis/id33_id29_0004.mp4,1,0.042425837
/home/tianlong/Downloads/celebdf/Celeb-synthesis/id28_id0_0009.mp4,1,0.030619904
/home/tianlong/Downloads/celebdf/Celeb-synthesis/id6_id9_0006.mp4,1,0.0027322331
/home/tianlong/Downloads/celebdf/Celeb-synthesis/id9_id0_0006.mp4,1,0.014122325
/home/tianlong/Downloads/celebdf/Celeb-synthesis/id26_id2_0005.mp4,1,0.13616835
/home/tianlong/Downloads/celebdf/Celeb-synthesis/id1_id3_0002.mp4,1,0.0181759
/home/tianlong/Downloads/celebdf/Celeb-synthesis/id4_id6_0008.mp4,1,0.10201659
/home/tianlong/Downloads/celebdf/Celeb-synthesis/id16_id28_0005.mp4,1,0.041843757
/home/tianlong/Downloads/celebdf/Celeb-synthesis/id37_id35_0005.mp4,1,0.06686629
/home/tianlong/Downloads/celebdf/Celeb-synthesis/id19_id20_0004.mp4,1,0.009789693
/home/tianlong/Downloads/celebdf/Celeb-synthesis/id46_id41_0000.mp4,1,0.031652987
/home/tianlong/Downloads/celebdf/Celeb-synthesis/id51_id57_0004.mp4,1,0.05339343
/home/tianlong/Downloads/celebdf/Celeb-synthesis/id29_id37_0005.mp4,1,0.017909748
/home/tianlong/Downloads/celebdf/Celeb-synthesis/id35_id23_0007.mp4,1,0.10293895
/home/tianlong/Downloads/celebdf/Celeb-synthesis/id34_id33_0002.mp4,1,0.006826987
/home/tianlong/Downloads/celebdf/Celeb-synthesis/id1_id3_0006.mp4,1,0.004272087
/home/tianlong/Downloads/celebdf/Celeb-synthesis/id13_id10_0005.mp4,1,0.028836507
/home/tianlong/Downloads/celebdf/Celeb-synthesis/id56_id55_0009.mp4,1,0.14112812
/home/tianlong/Downloads/celebdf/Celeb-synthesis/id25_id28_0010.mp4,1,0.017668007
/home/tianlong/Downloads/celebdf/Celeb-synthesis/id20_id37_0004.mp4,1,0.06994958
/home/tianlong/Downloads/celebdf/Celeb-synthesis/id37_id29_0002.mp4,1,0.072152175
/home/tianlong/Downloads/celebdf/Celeb-synthesis/id56_id54_0007.mp4,1,0.14206378
/home/tianlong/Downloads/celebdf/Celeb-synthesis/id19_id20_0000.mp4,1,0.012478225
/home/tianlong/Downloads/celebdf/Celeb-synthesis/id4_id28_0006.mp4,1,0.15508017
/home/tianlong/Downloads/celebdf/Celeb-synthesis/id53_id58_0005.mp4,1,0.18279795
/home/tianlong/Downloads/celebdf/Celeb-synthesis/id55_id57_0002.mp4,1,0.32684183
/home/tianlong/Downloads/celebdf/Celeb-synthesis/id24_id26_0004.mp4,1,0.023926856
/home/tianlong/Downloads/celebdf/Celeb-synthesis/id20_id0_0006.mp4,1,0.097311236
/home/tianlong/Downloads/celebdf/Celeb-synthesis/id37_id2_0009.mp4,1,0.13290584
/home/tianlong/Downloads/celebdf/Celeb-synthesis/id30_id26_0006.mp4,1,0.008482957
/home/tianlong/Downloads/celebdf/Celeb-synthesis/id16_id2_0001.mp4,1,0.31713527
/home/tianlong/Downloads/celebdf/Celeb-synthesis/id26_id1_0002.mp4,1,0.012518346
/home/tianlong/Downloads/celebdf/Celeb-synthesis/id30_id6_0007.mp4,1,0.01497187
/home/tianlong/Downloads/celebdf/Celeb-synthesis/id44_id41_0005.mp4,1,0.4127934
/home/tianlong/Downloads/celebdf/Celeb-synthesis/id16_id2_0006.mp4,1,0.878234
/home/tianlong/Downloads/celebdf/Celeb-synthesis/id1_id16_0004.mp4,1,0.13126382
/home/tianlong/Downloads/celebdf/Celeb-synthesis/id16_id21_0002.mp4,1,0.110333264
/home/tianlong/Downloads/celebdf/Celeb-synthesis/id4_id0_0000.mp4,1,0.09650196
/home/tianlong/Downloads/celebdf/Celeb-synthesis/id8_id0_0002.mp4,1,0.066466495
/home/tianlong/Downloads/celebdf/Celeb-synthesis/id19_id23_0001.mp4,1,0.21566615
/home/tianlong/Downloads/celebdf/Celeb-synthesis/id37_id3_0006.mp4,1,0.08596667
/home/tianlong/Downloads/celebdf/Celeb-synthesis/id9_id16_0007.mp4,1,0.16478215
/home/tianlong/Downloads/celebdf/Celeb-synthesis/id47_id43_0007.mp4,1,0.22267585
/home/tianlong/Downloads/celebdf/Celeb-synthesis/id16_id3_0009.mp4,1,0.008225717
/home/tianlong/Downloads/celebdf/Celeb-synthesis/id26_id28_0002.mp4,1,0.011748607
/home/tianlong/Downloads/celebdf/Celeb-synthesis/id8_id3_0003.mp4,1,0.0798688
/home/tianlong/Downloads/celebdf/Celeb-synthesis/id30_id28_0000.mp4,1,0.029437447
/home/tianlong/Downloads/celebdf/Celeb-synthesis/id27_id23_0008.mp4,1,0.035730828
/home/tianlong/Downloads/celebdf/Celeb-synthesis/id28_id20_0008.mp4,1,0.0037618305
/home/tianlong/Downloads/celebdf/Celeb-synthesis/id1_id2_0002.mp4,1,0.35079604
/home/tianlong/Downloads/celebdf/Celeb-synthesis/id46_id39_0000.mp4,1,0.021368321
/home/tianlong/Downloads/celebdf/Celeb-synthesis/id37_id28_0008.mp4,1,0.07673888
/home/tianlong/Downloads/celebdf/Celeb-synthesis/id0_id3_0007.mp4,1,0.04152341
/home/tianlong/Downloads/celebdf/Celeb-synthesis/id4_id1_0002.mp4,1,0.011470588
/home/tianlong/Downloads/celebdf/Celeb-synthesis/id13_id7_0000.mp4,1,0.017638635
/home/tianlong/Downloads/celebdf/Celeb-synthesis/id50_id53_0000.mp4,1,0.050500553
/home/tianlong/Downloads/celebdf/Celeb-synthesis/id50_id56_0005.mp4,1,0.129361
/home/tianlong/Downloads/celebdf/Celeb-synthesis/id4_id21_0009.mp4,1,0.04977057
/home/tianlong/Downloads/celebdf/Celeb-synthesis/id23_id3_0004.mp4,1,0.20047902
/home/tianlong/Downloads/celebdf/Celeb-synthesis/id56_id51_0000.mp4,1,0.029135173
/home/tianlong/Downloads/celebdf/Celeb-synthesis/id30_id3_0006.mp4,1,0.12851778
/home/tianlong/Downloads/celebdf/Celeb-synthesis/id28_id20_0006.mp4,1,0.004880916
/home/tianlong/Downloads/celebdf/Celeb-synthesis/id4_id20_0008.mp4,1,0.010281329
/home/tianlong/Downloads/celebdf/Celeb-synthesis/id54_id58_0006.mp4,1,0.2373713
/home/tianlong/Downloads/celebdf/Celeb-synthesis/id53_id57_0005.mp4,1,0.06063474
/home/tianlong/Downloads/celebdf/Celeb-synthesis/id31_id33_0009.mp4,1,0.029509464
/home/tianlong/Downloads/celebdf/Celeb-synthesis/id0_id21_0000.mp4,1,0.11923683
/home/tianlong/Downloads/celebdf/Celeb-synthesis/id6_id23_0006.mp4,1,0.073128894
/home/tianlong/Downloads/celebdf/Celeb-synthesis/id48_id45_0002.mp4,1,0.047881696
/home/tianlong/Downloads/celebdf/Celeb-synthesis/id46_id45_0001.mp4,1,0.012094704
/home/tianlong/Downloads/celebdf/Celeb-synthesis/id28_id21_0006.mp4,1,0.005944604
/home/tianlong/Downloads/celebdf/Celeb-synthesis/id12_id10_0005.mp4,1,0.20775041
/home/tianlong/Downloads/celebdf/Celeb-synthesis/id54_id56_0000.mp4,1,0.06008433
/home/tianlong/Downloads/celebdf/Celeb-synthesis/id39_id47_0004.mp4,1,0.08983482
/home/tianlong/Downloads/celebdf/Celeb-synthesis/id9_id3_0009.mp4,1,0.011306645
/home/tianlong/Downloads/celebdf/Celeb-synthesis/id35_id16_0007.mp4,1,0.010585652
/home/tianlong/Downloads/celebdf/Celeb-synthesis/id21_id2_0002.mp4,1,0.6502117
/home/tianlong/Downloads/celebdf/Celeb-synthesis/id12_id10_0002.mp4,1,0.37984627
/home/tianlong/Downloads/celebdf/Celeb-synthesis/id10_id13_0007.mp4,1,0.08011113
/home/tianlong/Downloads/celebdf/Celeb-synthesis/id20_id31_0008.mp4,1,0.0017752541
/home/tianlong/Downloads/celebdf/Celeb-synthesis/id0_id16_0003.mp4,1,0.010940729
/home/tianlong/Downloads/celebdf/Celeb-synthesis/id0_id16_0007.mp4,1,0.1475344
/home/tianlong/Downloads/celebdf/Celeb-synthesis/id2_id16_0004.mp4,1,0.19877584
/home/tianlong/Downloads/celebdf/Celeb-synthesis/id13_id7_0012.mp4,1,0.012233939
/home/tianlong/Downloads/celebdf/Celeb-synthesis/id37_id1_0002.mp4,1,0.006671393
/home/tianlong/Downloads/celebdf/Celeb-synthesis/id30_id28_0004.mp4,1,0.15710798
/home/tianlong/Downloads/celebdf/Celeb-synthesis/id53_id52_0003.mp4,1,0.01312699
/home/tianlong/Downloads/celebdf/Celeb-synthesis/id54_id56_0006.mp4,1,0.04069223
/home/tianlong/Downloads/celebdf/Celeb-synthesis/id3_id28_0002.mp4,1,0.012617208
/home/tianlong/Downloads/celebdf/Celeb-synthesis/id37_id4_0000.mp4,1,0.15501696
/home/tianlong/Downloads/celebdf/Celeb-synthesis/id28_id9_0000.mp4,1,0.005899223
/home/tianlong/Downloads/celebdf/Celeb-synthesis/id4_id2_0003.mp4,1,0.4306298
/home/tianlong/Downloads/celebdf/Celeb-synthesis/id25_id21_0005.mp4,1,0.033231393
/home/tianlong/Downloads/celebdf/Celeb-synthesis/id17_id3_0007.mp4,1,0.12768444
/home/tianlong/Downloads/celebdf/Celeb-synthesis/id2_id1_0004.mp4,1,0.093304165
/home/tianlong/Downloads/celebdf/Celeb-synthesis/id3_id9_0003.mp4,1,0.002575274
/home/tianlong/Downloads/celebdf/Celeb-synthesis/id16_id6_0001.mp4,1,0.078584656
/home/tianlong/Downloads/celebdf/Celeb-synthesis/id8_id6_0002.mp4,1,0.011531359
/home/tianlong/Downloads/celebdf/Celeb-synthesis/id17_id16_0007.mp4,1,0.08700232
/home/tianlong/Downloads/celebdf/Celeb-synthesis/id4_id26_0007.mp4,1,0.083788335
/home/tianlong/Downloads/celebdf/Celeb-synthesis/id44_id45_0000.mp4,1,0.035645526
/home/tianlong/Downloads/celebdf/Celeb-synthesis/id0_id1_0005.mp4,1,0.019338476
/home/tianlong/Downloads/celebdf/Celeb-synthesis/id57_id51_0000.mp4,1,0.026704807
/home/tianlong/Downloads/celebdf/Celeb-synthesis/id34_id32_0007.mp4,1,0.049752742
/home/tianlong/Downloads/celebdf/Celeb-synthesis/id32_id31_0006.mp4,1,0.17964596
/home/tianlong/Downloads/celebdf/Celeb-synthesis/id48_id41_0001.mp4,1,0.037192903
/home/tianlong/Downloads/celebdf/Celeb-synthesis/id4_id0_0004.mp4,1,0.016358977
/home/tianlong/Downloads/celebdf/Celeb-synthesis/id21_id19_0009.mp4,1,0.0043599433
/home/tianlong/Downloads/celebdf/Celeb-synthesis/id45_id39_0008.mp4,1,0.22773907
/home/tianlong/Downloads/celebdf/Celeb-synthesis/id31_id30_0009.mp4,1,0.009853931
/home/tianlong/Downloads/celebdf/Celeb-synthesis/id27_id19_0001.mp4,1,0.006055718
/home/tianlong/Downloads/celebdf/Celeb-synthesis/id23_id16_0003.mp4,1,0.0036473267
/home/tianlong/Downloads/celebdf/Celeb-synthesis/id58_id57_0008.mp4,1,0.102730155
/home/tianlong/Downloads/celebdf/Celeb-synthesis/id17_id2_0007.mp4,1,0.78540283
/home/tianlong/Downloads/celebdf/Celeb-synthesis/id28_id3_0001.mp4,1,0.028810194
/home/tianlong/Downloads/celebdf/Celeb-synthesis/id23_id35_0009.mp4,1,0.02793175
/home/tianlong/Downloads/celebdf/Celeb-synthesis/id4_id0_0001.mp4,1,0.28946975
/home/tianlong/Downloads/celebdf/Celeb-synthesis/id17_id31_0009.mp4,1,0.07054872
/home/tianlong/Downloads/celebdf/Celeb-synthesis/id48_id47_0008.mp4,1,0.05405975
/home/tianlong/Downloads/celebdf/Celeb-synthesis/id50_id49_0001.mp4,1,0.096455164
/home/tianlong/Downloads/celebdf/Celeb-synthesis/id20_id1_0003.mp4,1,0.006342227
/home/tianlong/Downloads/celebdf/Celeb-synthesis/id16_id3_0010.mp4,1,0.02269958
/home/tianlong/Downloads/celebdf/Celeb-synthesis/id23_id19_0000.mp4,1,0.010230518
/home/tianlong/Downloads/celebdf/Celeb-synthesis/id1_id3_0009.mp4,1,0.14182517
/home/tianlong/Downloads/celebdf/Celeb-synthesis/id43_id40_0005.mp4,1,0.5556995
/home/tianlong/Downloads/celebdf/Celeb-synthesis/id4_id6_0002.mp4,1,0.029446995
/home/tianlong/Downloads/celebdf/Celeb-synthesis/id10_id7_0008.mp4,1,0.30292827
/home/tianlong/Downloads/celebdf/Celeb-synthesis/id13_id10_0008.mp4,1,0.17475154
/home/tianlong/Downloads/celebdf/Celeb-synthesis/id12_id7_0006.mp4,1,0.06337802
/home/tianlong/Downloads/celebdf/Celeb-synthesis/id6_id2_0008.mp4,1,0.5648224
/home/tianlong/Downloads/celebdf/Celeb-synthesis/id2_id0_0002.mp4,1,0.17933238
/home/tianlong/Downloads/celebdf/Celeb-synthesis/id2_id6_0002.mp4,1,0.099888094
/home/tianlong/Downloads/celebdf/Celeb-synthesis/id30_id28_0006.mp4,1,0.044017546
/home/tianlong/Downloads/celebdf/Celeb-synthesis/id52_id50_0007.mp4,1,0.022963163
/home/tianlong/Downloads/celebdf/Celeb-synthesis/id49_id52_0007.mp4,1,0.010789032
/home/tianlong/Downloads/celebdf/Celeb-synthesis/id51_id50_0008.mp4,1,0.16014399
/home/tianlong/Downloads/celebdf/Celeb-synthesis/id21_id3_0009.mp4,1,0.026273519
/home/tianlong/Downloads/celebdf/Celeb-synthesis/id31_id16_0002.mp4,1,0.050805025
/home/tianlong/Downloads/celebdf/Celeb-synthesis/id25_id28_0003.mp4,1,0.07649937
/home/tianlong/Downloads/celebdf/Celeb-synthesis/id21_id20_0006.mp4,1,0.0046382244
/home/tianlong/Downloads/celebdf/Celeb-synthesis/id10_id7_0005.mp4,1,0.174603
/home/tianlong/Downloads/celebdf/Celeb-synthesis/id38_id30_0006.mp4,1,0.24683054
/home/tianlong/Downloads/celebdf/Celeb-synthesis/id35_id30_0006.mp4,1,0.026599646
/home/tianlong/Downloads/celebdf/Celeb-synthesis/id20_id9_0008.mp4,1,0.0027680364
/home/tianlong/Downloads/celebdf/Celeb-synthesis/id25_id23_0010.mp4,1,0.30071414
/home/tianlong/Downloads/celebdf/Celeb-synthesis/id17_id21_0000.mp4,1,0.31424937
/home/tianlong/Downloads/celebdf/Celeb-synthesis/id45_id47_0002.mp4,1,0.033255704
/home/tianlong/Downloads/celebdf/Celeb-synthesis/id1_id3_0003.mp4,1,0.005550904
/home/tianlong/Downloads/celebdf/Celeb-synthesis/id27_id26_0006.mp4,1,0.018512178
/home/tianlong/Downloads/celebdf/Celeb-synthesis/id44_id42_0001.mp4,1,0.03533155
/home/tianlong/Downloads/celebdf/Celeb-synthesis/id57_id53_0006.mp4,1,0.07110779
/home/tianlong/Downloads/celebdf/Celeb-synthesis/id43_id39_0000.mp4,1,0.10638106
/home/tianlong/Downloads/celebdf/Celeb-synthesis/id35_id16_0004.mp4,1,0.25831145
/home/tianlong/Downloads/celebdf/Celeb-synthesis/id42_id40_0001.mp4,1,0.3654394
/home/tianlong/Downloads/celebdf/Celeb-synthesis/id21_id2_0000.mp4,1,0.29019135
/home/tianlong/Downloads/celebdf/Celeb-synthesis/id37_id21_0000.mp4,1,0.07584481
/home/tianlong/Downloads/celebdf/Celeb-synthesis/id29_id38_0008.mp4,1,0.1492863
/home/tianlong/Downloads/celebdf/Celeb-synthesis/id39_id44_0000.mp4,1,0.6168736
/home/tianlong/Downloads/celebdf/Celeb-synthesis/id9_id6_0005.mp4,1,0.015349189
/home/tianlong/Downloads/celebdf/Celeb-synthesis/id0_id1_0001.mp4,1,0.06172622
/home/tianlong/Downloads/celebdf/Celeb-synthesis/id31_id2_0004.mp4,1,0.27707556
/home/tianlong/Downloads/celebdf/Celeb-synthesis/id38_id34_0003.mp4,1,0.04202569
/home/tianlong/Downloads/celebdf/Celeb-synthesis/id56_id57_0007.mp4,1,0.29444727
/home/tianlong/Downloads/celebdf/Celeb-synthesis/id52_id58_0005.mp4,1,0.09116442
/home/tianlong/Downloads/celebdf/Celeb-synthesis/id28_id4_0000.mp4,1,0.13821016
/home/tianlong/Downloads/celebdf/Celeb-synthesis/id22_id26_0005.mp4,1,0.009211565
/home/tianlong/Downloads/celebdf/Celeb-synthesis/id4_id30_0000.mp4,1,0.033700906
/home/tianlong/Downloads/celebdf/Celeb-synthesis/id29_id32_0003.mp4,1,0.017868888
/home/tianlong/Downloads/celebdf/Celeb-synthesis/id35_id20_0007.mp4,1,0.0139040975
/home/tianlong/Downloads/celebdf/Celeb-synthesis/id1_id2_0007.mp4,1,0.76767284
/home/tianlong/Downloads/celebdf/Celeb-synthesis/id30_id3_0002.mp4,1,0.0040058494
/home/tianlong/Downloads/celebdf/Celeb-synthesis/id22_id25_0001.mp4,1,0.01564135
/home/tianlong/Downloads/celebdf/Celeb-synthesis/id39_id44_0008.mp4,1,0.31537253
/home/tianlong/Downloads/celebdf/Celeb-synthesis/id34_id29_0008.mp4,1,0.3231914
/home/tianlong/Downloads/celebdf/Celeb-synthesis/id21_id28_0009.mp4,1,0.0138415005
/home/tianlong/Downloads/celebdf/Celeb-synthesis/id30_id4_0001.mp4,1,0.343602
/home/tianlong/Downloads/celebdf/Celeb-synthesis/id25_id19_0008.mp4,1,0.17798197
/home/tianlong/Downloads/celebdf/Celeb-synthesis/id21_id4_0002.mp4,1,0.47992378
/home/tianlong/Downloads/celebdf/Celeb-synthesis/id17_id28_0001.mp4,1,0.05375112
/home/tianlong/Downloads/celebdf/Celeb-synthesis/id6_id1_0007.mp4,1,0.0032021333
/home/tianlong/Downloads/celebdf/Celeb-synthesis/id9_id2_0008.mp4,1,0.012641196
/home/tianlong/Downloads/celebdf/Celeb-synthesis/id8_id5_0008.mp4,1,0.0060434714
/home/tianlong/Downloads/celebdf/Celeb-synthesis/id37_id3_0004.mp4,1,0.014809856
/home/tianlong/Downloads/celebdf/Celeb-synthesis/id17_id2_0003.mp4,1,0.8538486
