Video,Label,Prediction
/home/tianlong/Downloads/celebdf/YouTube-real/00170.mp4,0,0.036747288
/home/tianlong/Downloads/celebdf/YouTube-real/00208.mp4,0,1.8522136e-05
/home/tianlong/Downloads/celebdf/YouTube-real/00063.mp4,0,0.19229695
/home/tianlong/Downloads/celebdf/YouTube-real/00024.mp4,0,1.635314e-06
/home/tianlong/Downloads/celebdf/YouTube-real/00021.mp4,0,0.0018033771
/home/tianlong/Downloads/celebdf/YouTube-real/00036.mp4,0,0.0005211719
/home/tianlong/Downloads/celebdf/YouTube-real/00202.mp4,0,0.00051817147
/home/tianlong/Downloads/celebdf/YouTube-real/00236.mp4,0,1.2134714e-05
/home/tianlong/Downloads/celebdf/YouTube-real/00197.mp4,0,1.194402e-05
/home/tianlong/Downloads/celebdf/YouTube-real/00133.mp4,0,0.010796089
/home/tianlong/Downloads/celebdf/YouTube-real/00213.mp4,0,5.549506e-07
/home/tianlong/Downloads/celebdf/YouTube-real/00011.mp4,0,6.529544e-05
/home/tianlong/Downloads/celebdf/YouTube-real/00095.mp4,0,0.0016106332
/home/tianlong/Downloads/celebdf/YouTube-real/00138.mp4,0,0.0009929563
/home/tianlong/Downloads/celebdf/YouTube-real/00106.mp4,0,0.0012734643
/home/tianlong/Downloads/celebdf/YouTube-real/00194.mp4,0,3.2070788e-05
/home/tianlong/Downloads/celebdf/YouTube-real/00092.mp4,0,9.4253744e-05
/home/tianlong/Downloads/celebdf/YouTube-real/00227.mp4,0,2.6923302e-05
/home/tianlong/Downloads/celebdf/YouTube-real/00244.mp4,0,0.052667312
/home/tianlong/Downloads/celebdf/YouTube-real/00119.mp4,0,0.0009270102
/home/tianlong/Downloads/celebdf/YouTube-real/00082.mp4,0,7.496465e-05
/home/tianlong/Downloads/celebdf/YouTube-real/00188.mp4,0,2.6531754e-05
/home/tianlong/Downloads/celebdf/YouTube-real/00076.mp4,0,1.6787259e-06
/home/tianlong/Downloads/celebdf/YouTube-real/00047.mp4,0,0.019942869
/home/tianlong/Downloads/celebdf/YouTube-real/00168.mp4,0,1.0026343e-07
/home/tianlong/Downloads/celebdf/YouTube-real/00207.mp4,0,0.00035733398
/home/tianlong/Downloads/celebdf/YouTube-real/00193.mp4,0,9.4367315e-06
/home/tianlong/Downloads/celebdf/YouTube-real/00061.mp4,0,0.050098144
/home/tianlong/Downloads/celebdf/YouTube-real/00023.mp4,0,0.00026060632
/home/tianlong/Downloads/celebdf/YouTube-real/00048.mp4,0,0.00010714333
/home/tianlong/Downloads/celebdf/YouTube-real/00250.mp4,0,0.0007032198
/home/tianlong/Downloads/celebdf/YouTube-real/00251.mp4,0,0.34741753
/home/tianlong/Downloads/celebdf/YouTube-real/00252.mp4,0,2.6412565e-05
/home/tianlong/Downloads/celebdf/YouTube-real/00253.mp4,0,6.630129e-06
/home/tianlong/Downloads/celebdf/YouTube-real/00254.mp4,0,9.8535875e-06
/home/tianlong/Downloads/celebdf/YouTube-real/00255.mp4,0,2.2230324e-05
/home/tianlong/Downloads/celebdf/YouTube-real/00256.mp4,0,2.411373e-05
/home/tianlong/Downloads/celebdf/YouTube-real/00257.mp4,0,6.4495152e-06
/home/tianlong/Downloads/celebdf/YouTube-real/00258.mp4,0,9.800916e-06
/home/tianlong/Downloads/celebdf/YouTube-real/00259.mp4,0,3.5812656e-07
/home/tianlong/Downloads/celebdf/YouTube-real/00260.mp4,0,0.05128815
/home/tianlong/Downloads/celebdf/YouTube-real/00261.mp4,0,3.737172e-05
/home/tianlong/Downloads/celebdf/YouTube-real/00262.mp4,0,3.1013894e-07
/home/tianlong/Downloads/celebdf/YouTube-real/00263.mp4,0,6.145685e-06
/home/tianlong/Downloads/celebdf/YouTube-real/00264.mp4,0,0.00032024222
/home/tianlong/Downloads/celebdf/YouTube-real/00265.mp4,0,0.046745848
/home/tianlong/Downloads/celebdf/YouTube-real/00266.mp4,0,0.00012397829
/home/tianlong/Downloads/celebdf/YouTube-real/00267.mp4,0,3.077085e-07
/home/tianlong/Downloads/celebdf/YouTube-real/00268.mp4,0,0.006204348
/home/tianlong/Downloads/celebdf/YouTube-real/00269.mp4,0,4.7958833e-06
/home/tianlong/Downloads/celebdf/YouTube-real/00270.mp4,0,3.117304e-07
/home/tianlong/Downloads/celebdf/YouTube-real/00271.mp4,0,0.0010780641
/home/tianlong/Downloads/celebdf/YouTube-real/00272.mp4,0,0.00025005685
/home/tianlong/Downloads/celebdf/YouTube-real/00273.mp4,0,1.0854739e-06
/home/tianlong/Downloads/celebdf/YouTube-real/00274.mp4,0,1.0263577e-06
/home/tianlong/Downloads/celebdf/YouTube-real/00275.mp4,0,4.8539085e-05
/home/tianlong/Downloads/celebdf/YouTube-real/00276.mp4,0,1.433474e-05
/home/tianlong/Downloads/celebdf/YouTube-real/00277.mp4,0,4.869042e-07
/home/tianlong/Downloads/celebdf/YouTube-real/00278.mp4,0,0.3121635
/home/tianlong/Downloads/celebdf/YouTube-real/00279.mp4,0,0.9393221
/home/tianlong/Downloads/celebdf/YouTube-real/00280.mp4,0,0.0011874364
/home/tianlong/Downloads/celebdf/YouTube-real/00281.mp4,0,0.08672223
/home/tianlong/Downloads/celebdf/YouTube-real/00282.mp4,0,0.2680811
/home/tianlong/Downloads/celebdf/YouTube-real/00283.mp4,0,0.029896623
/home/tianlong/Downloads/celebdf/YouTube-real/00284.mp4,0,0.00039956922
/home/tianlong/Downloads/celebdf/YouTube-real/00285.mp4,0,0.041351598
/home/tianlong/Downloads/celebdf/YouTube-real/00286.mp4,0,0.14986834
/home/tianlong/Downloads/celebdf/YouTube-real/00287.mp4,0,9.439949e-06
/home/tianlong/Downloads/celebdf/YouTube-real/00288.mp4,0,0.00021772526
/home/tianlong/Downloads/celebdf/YouTube-real/00289.mp4,0,6.157528e-05
/home/tianlong/Downloads/celebdf/Celeb-real/id1_0007.mp4,0,0.20394206
/home/tianlong/Downloads/celebdf/Celeb-real/id2_0008.mp4,0,2.2938864e-05
/home/tianlong/Downloads/celebdf/Celeb-real/id3_0001.mp4,0,5.007309e-06
/home/tianlong/Downloads/celebdf/Celeb-real/id6_0005.mp4,0,0.044193458
/home/tianlong/Downloads/celebdf/Celeb-real/id9_0000.mp4,0,0.0002931223
/home/tianlong/Downloads/celebdf/Celeb-real/id11_0008.mp4,0,6.7372e-05
/home/tianlong/Downloads/celebdf/Celeb-real/id16_0011.mp4,0,0.050807536
/home/tianlong/Downloads/celebdf/Celeb-real/id17_0000.mp4,0,0.00010947588
/home/tianlong/Downloads/celebdf/Celeb-real/id35_0008.mp4,0,0.00028405065
/home/tianlong/Downloads/celebdf/Celeb-real/id39_0005.mp4,0,0.09893343
/home/tianlong/Downloads/celebdf/Celeb-real/id48_0000.mp4,0,0.0103618745
/home/tianlong/Downloads/celebdf/Celeb-real/id32_0008.mp4,0,2.9179795e-05
/home/tianlong/Downloads/celebdf/Celeb-real/id56_0009.mp4,0,0.020765802
/home/tianlong/Downloads/celebdf/Celeb-real/id54_0007.mp4,0,1.9137933e-05
/home/tianlong/Downloads/celebdf/Celeb-real/id37_0005.mp4,0,0.0042904606
/home/tianlong/Downloads/celebdf/Celeb-real/id29_0008.mp4,0,4.0024433e-06
/home/tianlong/Downloads/celebdf/Celeb-real/id43_0006.mp4,0,1.0344069e-05
/home/tianlong/Downloads/celebdf/Celeb-real/id1_0006.mp4,0,9.944133e-05
/home/tianlong/Downloads/celebdf/Celeb-real/id51_0001.mp4,0,0.011256908
/home/tianlong/Downloads/celebdf/Celeb-real/id31_0007.mp4,0,0.0023553213
/home/tianlong/Downloads/celebdf/Celeb-real/id2_0003.mp4,0,2.0287345e-05
/home/tianlong/Downloads/celebdf/Celeb-real/id21_0009.mp4,0,0.29297227
/home/tianlong/Downloads/celebdf/Celeb-real/id50_0003.mp4,0,4.1430948e-07
/home/tianlong/Downloads/celebdf/Celeb-real/id21_0006.mp4,0,2.9471374e-05
/home/tianlong/Downloads/celebdf/Celeb-real/id44_0003.mp4,0,3.3426608e-05
/home/tianlong/Downloads/celebdf/Celeb-real/id36_0006.mp4,0,0.0012717785
/home/tianlong/Downloads/celebdf/Celeb-real/id36_0008.mp4,0,6.93348e-07
/home/tianlong/Downloads/celebdf/Celeb-real/id1_0008.mp4,0,2.778458e-06
/home/tianlong/Downloads/celebdf/Celeb-real/id45_0003.mp4,0,4.09218e-06
/home/tianlong/Downloads/celebdf/Celeb-real/id48_0003.mp4,0,0.014525478
/home/tianlong/Downloads/celebdf/Celeb-real/id23_0001.mp4,0,0.09751727
/home/tianlong/Downloads/celebdf/Celeb-real/id16_0010.mp4,0,0.0004214378
/home/tianlong/Downloads/celebdf/Celeb-real/id31_0004.mp4,0,0.00043644765
/home/tianlong/Downloads/celebdf/Celeb-real/id35_0000.mp4,0,4.852999e-05
/home/tianlong/Downloads/celebdf/Celeb-real/id58_0002.mp4,0,1.3481927e-05
/home/tianlong/Downloads/celebdf/Celeb-real/id30_0007.mp4,0,0.004036031
/home/tianlong/Downloads/celebdf/Celeb-real/id12_0005.mp4,0,0.00016122215
/home/tianlong/Downloads/celebdf/Celeb-real/id56_0002.mp4,0,2.3197135e-05
/home/tianlong/Downloads/celebdf/Celeb-real/id33_0005.mp4,0,0.074129485
/home/tianlong/Downloads/celebdf/Celeb-real/id29_0009.mp4,0,1.501756e-05
/home/tianlong/Downloads/celebdf/Celeb-real/id13_0013.mp4,0,0.0011114175
/home/tianlong/Downloads/celebdf/Celeb-real/id28_0009.mp4,0,0.00011330552
/home/tianlong/Downloads/celebdf/Celeb-real/id36_0000.mp4,0,0.00036327427
/home/tianlong/Downloads/celebdf/Celeb-real/id24_0009.mp4,0,0.00969072
/home/tianlong/Downloads/celebdf/Celeb-real/id39_0004.mp4,0,0.0006806798
/home/tianlong/Downloads/celebdf/Celeb-real/id27_0008.mp4,0,3.0974417e-05
/home/tianlong/Downloads/celebdf/Celeb-real/id11_0006.mp4,0,9.0234855e-05
/home/tianlong/Downloads/celebdf/Celeb-real/id19_0007.mp4,0,0.00030956807
/home/tianlong/Downloads/celebdf/Celeb-real/id37_0009.mp4,0,0.33002543
/home/tianlong/Downloads/celebdf/Celeb-real/id3_0008.mp4,0,0.042932935
/home/tianlong/Downloads/celebdf/Celeb-real/id46_0000.mp4,0,3.185629e-05
/home/tianlong/Downloads/celebdf/Celeb-real/id33_0008.mp4,0,7.076747e-06
/home/tianlong/Downloads/celebdf/Celeb-real/id8_0000.mp4,0,0.00010299295
/home/tianlong/Downloads/celebdf/Celeb-real/id16_0007.mp4,0,7.6402925e-05
/home/tianlong/Downloads/celebdf/Celeb-real/id1_0001.mp4,0,0.44249207
/home/tianlong/Downloads/celebdf/Celeb-real/id32_0002.mp4,0,0.061589282
/home/tianlong/Downloads/celebdf/Celeb-real/id19_0005.mp4,0,2.7347928e-06
/home/tianlong/Downloads/celebdf/Celeb-real/id27_0009.mp4,0,0.00015084034
/home/tianlong/Downloads/celebdf/Celeb-real/id2_0001.mp4,0,0.0032117465
/home/tianlong/Downloads/celebdf/Celeb-real/id13_0011.mp4,0,8.582049e-05
/home/tianlong/Downloads/celebdf/Celeb-real/id49_0004.mp4,0,0.0016988006
/home/tianlong/Downloads/celebdf/Celeb-real/id57_0007.mp4,0,0.00012031286
/home/tianlong/Downloads/celebdf/Celeb-real/id26_0008.mp4,0,0.092833854
/home/tianlong/Downloads/celebdf/Celeb-real/id2_0004.mp4,0,1.7461265e-06
/home/tianlong/Downloads/celebdf/Celeb-real/id36_0001.mp4,0,0.00010893434
/home/tianlong/Downloads/celebdf/Celeb-real/id0_0001.mp4,0,0.021952618
/home/tianlong/Downloads/celebdf/Celeb-real/id10_0007.mp4,0,4.738919e-06
/home/tianlong/Downloads/celebdf/Celeb-real/id17_0002.mp4,0,0.08439906
/home/tianlong/Downloads/celebdf/Celeb-real/id4_0004.mp4,0,0.000224511
/home/tianlong/Downloads/celebdf/Celeb-real/id36_0002.mp4,0,0.000902111
/home/tianlong/Downloads/celebdf/Celeb-real/id53_0003.mp4,0,0.43974265
/home/tianlong/Downloads/celebdf/Celeb-real/id25_0010.mp4,0,0.02452857
/home/tianlong/Downloads/celebdf/Celeb-real/id51_0006.mp4,0,0.07940203
/home/tianlong/Downloads/celebdf/Celeb-real/id22_0000.mp4,0,0.00010117432
/home/tianlong/Downloads/celebdf/Celeb-real/id10_0001.mp4,0,0.030337954
/home/tianlong/Downloads/celebdf/Celeb-real/id6_0002.mp4,0,0.44932222
/home/tianlong/Downloads/celebdf/Celeb-real/id12_0000.mp4,0,0.00035577995
/home/tianlong/Downloads/celebdf/Celeb-real/id35_0003.mp4,0,0.008032512
/home/tianlong/Downloads/celebdf/Celeb-real/id3_0002.mp4,0,0.0009459895
/home/tianlong/Downloads/celebdf/Celeb-real/id31_0003.mp4,0,0.0034013651
/home/tianlong/Downloads/celebdf/Celeb-real/id52_0002.mp4,0,0.0036215738
/home/tianlong/Downloads/celebdf/Celeb-real/id2_0002.mp4,0,2.2640685e-05
/home/tianlong/Downloads/celebdf/Celeb-real/id44_0001.mp4,0,0.004328477
/home/tianlong/Downloads/celebdf/Celeb-real/id8_0009.mp4,0,6.647698e-05
/home/tianlong/Downloads/celebdf/Celeb-real/id33_0002.mp4,0,4.864549e-05
/home/tianlong/Downloads/celebdf/Celeb-real/id50_0000.mp4,0,0.003906231
/home/tianlong/Downloads/celebdf/Celeb-real/id40_0003.mp4,0,3.0563187e-06
/home/tianlong/Downloads/celebdf/Celeb-real/id7_0006.mp4,0,5.9532675e-07
/home/tianlong/Downloads/celebdf/Celeb-real/id53_0007.mp4,0,0.013937503
/home/tianlong/Downloads/celebdf/Celeb-real/id43_0002.mp4,0,0.002777072
/home/tianlong/Downloads/celebdf/Celeb-real/id56_0000.mp4,0,0.0003969011
/home/tianlong/Downloads/celebdf/Celeb-real/id13_0004.mp4,0,5.882738e-05
/home/tianlong/Downloads/celebdf/Celeb-real/id43_0001.mp4,0,9.924776e-06
/home/tianlong/Downloads/celebdf/Celeb-real/id20_0008.mp4,0,0.059180032
/home/tianlong/Downloads/celebdf/Celeb-real/id28_0004.mp4,0,0.03946001
/home/tianlong/Downloads/celebdf/Celeb-real/id22_0009.mp4,0,0.06832738
/home/tianlong/Downloads/celebdf/Celeb-real/id53_0000.mp4,0,0.021578094
/home/tianlong/Downloads/celebdf/Celeb-real/id50_0006.mp4,0,0.0540796
/home/tianlong/Downloads/celebdf/Celeb-real/id32_0003.mp4,0,0.0013047666
/home/tianlong/Downloads/celebdf/Celeb-real/id32_0006.mp4,0,0.6593839
/home/tianlong/Downloads/celebdf/Celeb-real/id57_0003.mp4,0,0.018138412
/home/tianlong/Downloads/celebdf/Celeb-real/id37_0004.mp4,0,0.00028665474
/home/tianlong/Downloads/celebdf/Celeb-real/id28_0007.mp4,0,0.0017289439
/home/tianlong/Downloads/celebdf/Celeb-real/id52_0001.mp4,0,0.091432594
/home/tianlong/Downloads/celebdf/Celeb-real/id40_0009.mp4,0,0.020613078
/home/tianlong/Downloads/celebdf/Celeb-real/id51_0005.mp4,0,0.011312875
/home/tianlong/Downloads/celebdf/Celeb-real/id34_0006.mp4,0,0.048011445
/home/tianlong/Downloads/celebdf/Celeb-real/id42_0002.mp4,0,2.5359044e-05
/home/tianlong/Downloads/celebdf/Celeb-synthesis/id1_id0_0007.mp4,1,0.9982111
/home/tianlong/Downloads/celebdf/Celeb-synthesis/id1_id3_0007.mp4,1,0.99997425
/home/tianlong/Downloads/celebdf/Celeb-synthesis/id1_id4_0007.mp4,1,0.9998585
/home/tianlong/Downloads/celebdf/Celeb-synthesis/id1_id9_0007.mp4,1,0.9999436
/home/tianlong/Downloads/celebdf/Celeb-synthesis/id1_id16_0007.mp4,1,0.9999999
/home/tianlong/Downloads/celebdf/Celeb-synthesis/id1_id17_0007.mp4,1,0.99999917
/home/tianlong/Downloads/celebdf/Celeb-synthesis/id2_id0_0008.mp4,1,0.99999076
/home/tianlong/Downloads/celebdf/Celeb-synthesis/id2_id3_0008.mp4,1,0.9999174
/home/tianlong/Downloads/celebdf/Celeb-synthesis/id2_id9_0008.mp4,1,0.9992984
/home/tianlong/Downloads/celebdf/Celeb-synthesis/id3_id1_0001.mp4,1,0.99965316
/home/tianlong/Downloads/celebdf/Celeb-synthesis/id3_id2_0001.mp4,1,0.9990282
/home/tianlong/Downloads/celebdf/Celeb-synthesis/id3_id4_0001.mp4,1,0.9717533
/home/tianlong/Downloads/celebdf/Celeb-synthesis/id3_id6_0001.mp4,1,0.97399396
/home/tianlong/Downloads/celebdf/Celeb-synthesis/id3_id9_0001.mp4,1,0.99626654
/home/tianlong/Downloads/celebdf/Celeb-synthesis/id3_id16_0001.mp4,1,0.99913055
/home/tianlong/Downloads/celebdf/Celeb-synthesis/id4_id1_0003.mp4,1,0.9999479
/home/tianlong/Downloads/celebdf/Celeb-synthesis/id6_id0_0005.mp4,1,0.9982419
/home/tianlong/Downloads/celebdf/Celeb-synthesis/id6_id1_0005.mp4,1,0.9991846
/home/tianlong/Downloads/celebdf/Celeb-synthesis/id6_id2_0005.mp4,1,0.9999043
/home/tianlong/Downloads/celebdf/Celeb-synthesis/id6_id3_0005.mp4,1,0.99974936
/home/tianlong/Downloads/celebdf/Celeb-synthesis/id6_id16_0005.mp4,1,0.9999549
/home/tianlong/Downloads/celebdf/Celeb-synthesis/id7_id10_0009.mp4,1,0.7256211
/home/tianlong/Downloads/celebdf/Celeb-synthesis/id7_id11_0009.mp4,1,0.8883444
/home/tianlong/Downloads/celebdf/Celeb-synthesis/id7_id13_0009.mp4,1,0.91998446
/home/tianlong/Downloads/celebdf/Celeb-synthesis/id9_id0_0000.mp4,1,0.99992454
/home/tianlong/Downloads/celebdf/Celeb-synthesis/id9_id1_0000.mp4,1,0.9996222
/home/tianlong/Downloads/celebdf/Celeb-synthesis/id9_id2_0000.mp4,1,0.9837802
/home/tianlong/Downloads/celebdf/Celeb-synthesis/id9_id3_0000.mp4,1,0.99971306
/home/tianlong/Downloads/celebdf/Celeb-synthesis/id9_id6_0000.mp4,1,0.91102886
/home/tianlong/Downloads/celebdf/Celeb-synthesis/id9_id16_0000.mp4,1,0.99748945
/home/tianlong/Downloads/celebdf/Celeb-synthesis/id10_id7_0004.mp4,1,0.9521114
/home/tianlong/Downloads/celebdf/Celeb-synthesis/id10_id11_0004.mp4,1,0.6307343
/home/tianlong/Downloads/celebdf/Celeb-synthesis/id10_id12_0004.mp4,1,0.8083658
/home/tianlong/Downloads/celebdf/Celeb-synthesis/id10_id13_0004.mp4,1,0.7934573
/home/tianlong/Downloads/celebdf/Celeb-synthesis/id10_id7_0001.mp4,1,0.9998986
/home/tianlong/Downloads/celebdf/Celeb-synthesis/id10_id11_0001.mp4,1,0.99921083
/home/tianlong/Downloads/celebdf/Celeb-synthesis/id10_id12_0001.mp4,1,0.9999569
/home/tianlong/Downloads/celebdf/Celeb-synthesis/id10_id13_0001.mp4,1,0.999842
/home/tianlong/Downloads/celebdf/Celeb-synthesis/id11_id7_0008.mp4,1,0.9272789
/home/tianlong/Downloads/celebdf/Celeb-synthesis/id16_id0_0011.mp4,1,0.9977479
/home/tianlong/Downloads/celebdf/Celeb-synthesis/id16_id1_0011.mp4,1,0.9931386
/home/tianlong/Downloads/celebdf/Celeb-synthesis/id16_id2_0011.mp4,1,0.9957609
/home/tianlong/Downloads/celebdf/Celeb-synthesis/id16_id3_0011.mp4,1,0.99933827
/home/tianlong/Downloads/celebdf/Celeb-synthesis/id16_id6_0011.mp4,1,0.9997818
/home/tianlong/Downloads/celebdf/Celeb-synthesis/id17_id0_0000.mp4,1,0.6358162
/home/tianlong/Downloads/celebdf/Celeb-synthesis/id17_id1_0000.mp4,1,0.48692828
/home/tianlong/Downloads/celebdf/Celeb-synthesis/id17_id2_0000.mp4,1,0.76766837
/home/tianlong/Downloads/celebdf/Celeb-synthesis/id17_id3_0000.mp4,1,0.39369667
/home/tianlong/Downloads/celebdf/Celeb-synthesis/id17_id6_0000.mp4,1,0.86469126
/home/tianlong/Downloads/celebdf/Celeb-synthesis/id17_id9_0000.mp4,1,0.51108015
/home/tianlong/Downloads/celebdf/Celeb-synthesis/id17_id16_0000.mp4,1,0.9719998
/home/tianlong/Downloads/celebdf/Celeb-synthesis/id16_id20_0000.mp4,1,0.99999446
/home/tianlong/Downloads/celebdf/Celeb-synthesis/id17_id23_0000.mp4,1,0.96654826
/home/tianlong/Downloads/celebdf/Celeb-synthesis/id3_id28_0001.mp4,1,0.9877181
/home/tianlong/Downloads/celebdf/Celeb-synthesis/id35_id32_0007.mp4,1,0.98977005
/home/tianlong/Downloads/celebdf/Celeb-synthesis/id30_id26_0004.mp4,1,0.9703673
/home/tianlong/Downloads/celebdf/Celeb-synthesis/id16_id20_0006.mp4,1,0.99965096
/home/tianlong/Downloads/celebdf/Celeb-synthesis/id4_id20_0001.mp4,1,0.89528286
/home/tianlong/Downloads/celebdf/Celeb-synthesis/id26_id3_0002.mp4,1,0.99769515
/home/tianlong/Downloads/celebdf/Celeb-synthesis/id20_id31_0006.mp4,1,0.7716758
/home/tianlong/Downloads/celebdf/Celeb-synthesis/id6_id23_0001.mp4,1,0.9996985
/home/tianlong/Downloads/celebdf/Celeb-synthesis/id9_id23_0009.mp4,1,0.99997663
/home/tianlong/Downloads/celebdf/Celeb-synthesis/id32_id33_0002.mp4,1,0.9481557
/home/tianlong/Downloads/celebdf/Celeb-synthesis/id16_id20_0012.mp4,1,0.99998605
/home/tianlong/Downloads/celebdf/Celeb-synthesis/id29_id30_0000.mp4,1,0.9998129
/home/tianlong/Downloads/celebdf/Celeb-synthesis/id3_id20_0008.mp4,1,0.99999905
/home/tianlong/Downloads/celebdf/Celeb-synthesis/id22_id27_0001.mp4,1,0.9999324
/home/tianlong/Downloads/celebdf/Celeb-synthesis/id27_id21_0002.mp4,1,0.9989087
/home/tianlong/Downloads/celebdf/Celeb-synthesis/id29_id35_0000.mp4,1,0.9956006
/home/tianlong/Downloads/celebdf/Celeb-synthesis/id21_id19_0005.mp4,1,0.31892022
/home/tianlong/Downloads/celebdf/Celeb-synthesis/id23_id26_0003.mp4,1,0.998654
/home/tianlong/Downloads/celebdf/Celeb-synthesis/id30_id35_0009.mp4,1,0.99800223
/home/tianlong/Downloads/celebdf/Celeb-synthesis/id9_id26_0000.mp4,1,0.99957544
/home/tianlong/Downloads/celebdf/Celeb-synthesis/id33_id32_0006.mp4,1,0.8784722
/home/tianlong/Downloads/celebdf/Celeb-synthesis/id30_id34_0003.mp4,1,0.99480426
/home/tianlong/Downloads/celebdf/Celeb-synthesis/id29_id37_0008.mp4,1,0.9828231
/home/tianlong/Downloads/celebdf/Celeb-synthesis/id35_id31_0006.mp4,1,0.9994747
/home/tianlong/Downloads/celebdf/Celeb-synthesis/id37_id34_0008.mp4,1,0.94581527
/home/tianlong/Downloads/celebdf/Celeb-synthesis/id26_id16_0001.mp4,1,0.99573565
/home/tianlong/Downloads/celebdf/Celeb-synthesis/id17_id23_0009.mp4,1,0.9985914
/home/tianlong/Downloads/celebdf/Celeb-synthesis/id6_id20_0007.mp4,1,0.9630946
/home/tianlong/Downloads/celebdf/Celeb-synthesis/id1_id20_0001.mp4,1,0.9998683
/home/tianlong/Downloads/celebdf/Celeb-synthesis/id1_id23_0006.mp4,1,0.9999757
/home/tianlong/Downloads/celebdf/Celeb-synthesis/id37_id35_0001.mp4,1,0.98631537
/home/tianlong/Downloads/celebdf/Celeb-synthesis/id4_id23_0006.mp4,1,0.99997723
/home/tianlong/Downloads/celebdf/Celeb-synthesis/id17_id26_0006.mp4,1,0.9999973
/home/tianlong/Downloads/celebdf/Celeb-synthesis/id20_id1_0007.mp4,1,0.9915943
/home/tianlong/Downloads/celebdf/Celeb-synthesis/id0_id26_0009.mp4,1,0.9998428
/home/tianlong/Downloads/celebdf/Celeb-synthesis/id38_id33_0005.mp4,1,0.9996444
/home/tianlong/Downloads/celebdf/Celeb-synthesis/id28_id35_0008.mp4,1,0.9999053
/home/tianlong/Downloads/celebdf/Celeb-synthesis/id23_id35_0006.mp4,1,0.9999671
/home/tianlong/Downloads/celebdf/Celeb-synthesis/id6_id28_0002.mp4,1,0.9999984
/home/tianlong/Downloads/celebdf/Celeb-synthesis/id35_id28_0006.mp4,1,0.9999286
/home/tianlong/Downloads/celebdf/Celeb-synthesis/id32_id31_0008.mp4,1,0.9999898
/home/tianlong/Downloads/celebdf/Celeb-synthesis/id38_id34_0004.mp4,1,0.9171647
/home/tianlong/Downloads/celebdf/Celeb-synthesis/id3_id28_0009.mp4,1,0.9930065
/home/tianlong/Downloads/celebdf/Celeb-synthesis/id37_id28_0007.mp4,1,0.9969835
/home/tianlong/Downloads/celebdf/Celeb-synthesis/id1_id20_0002.mp4,1,0.999575
/home/tianlong/Downloads/celebdf/Celeb-synthesis/id37_id31_0008.mp4,1,0.99861276
/home/tianlong/Downloads/celebdf/Celeb-synthesis/id30_id23_0007.mp4,1,0.98734844
/home/tianlong/Downloads/celebdf/Celeb-synthesis/id28_id26_0000.mp4,1,0.9998601
/home/tianlong/Downloads/celebdf/Celeb-synthesis/id2_id28_0003.mp4,1,0.9997198
/home/tianlong/Downloads/celebdf/Celeb-synthesis/id27_id24_0007.mp4,1,0.4556168
/home/tianlong/Downloads/celebdf/Celeb-synthesis/id30_id32_0006.mp4,1,0.8886048
/home/tianlong/Downloads/celebdf/Celeb-synthesis/id35_id31_0009.mp4,1,0.9994615
/home/tianlong/Downloads/celebdf/Celeb-synthesis/id4_id21_0004.mp4,1,0.99954426
/home/tianlong/Downloads/celebdf/Celeb-synthesis/id37_id21_0005.mp4,1,0.99996346
/home/tianlong/Downloads/celebdf/Celeb-synthesis/id30_id21_0002.mp4,1,0.9988259
/home/tianlong/Downloads/celebdf/Celeb-synthesis/id16_id23_0011.mp4,1,0.999938
/home/tianlong/Downloads/celebdf/Celeb-synthesis/id9_id20_0002.mp4,1,0.9998881
/home/tianlong/Downloads/celebdf/Celeb-synthesis/id6_id21_0006.mp4,1,0.99994546
/home/tianlong/Downloads/celebdf/Celeb-synthesis/id20_id19_0002.mp4,1,0.99908864
/home/tianlong/Downloads/celebdf/Celeb-synthesis/id28_id4_0006.mp4,1,0.9999362
/home/tianlong/Downloads/celebdf/Celeb-synthesis/id35_id34_0002.mp4,1,0.93324316
/home/tianlong/Downloads/celebdf/Celeb-synthesis/id35_id26_0003.mp4,1,0.9999174
/home/tianlong/Downloads/celebdf/Celeb-synthesis/id22_id28_0006.mp4,1,0.98657674
/home/tianlong/Downloads/celebdf/Celeb-synthesis/id30_id21_0005.mp4,1,0.9999362
/home/tianlong/Downloads/celebdf/Celeb-synthesis/id24_id20_0009.mp4,1,0.999941
/home/tianlong/Downloads/celebdf/Celeb-synthesis/id4_id20_0000.mp4,1,0.937957
/home/tianlong/Downloads/celebdf/Celeb-synthesis/id2_id26_0001.mp4,1,0.99998295
/home/tianlong/Downloads/celebdf/Celeb-synthesis/id21_id6_0005.mp4,1,0.71358
/home/tianlong/Downloads/celebdf/Celeb-synthesis/id21_id9_0008.mp4,1,0.9999999
/home/tianlong/Downloads/celebdf/Celeb-synthesis/id22_id21_0005.mp4,1,0.9260324
/home/tianlong/Downloads/celebdf/Celeb-synthesis/id22_id27_0005.mp4,1,0.98729676
/home/tianlong/Downloads/celebdf/Celeb-synthesis/id23_id2_0007.mp4,1,0.2217755
/home/tianlong/Downloads/celebdf/Celeb-synthesis/id23_id3_0009.mp4,1,0.99994725
/home/tianlong/Downloads/celebdf/Celeb-synthesis/id24_id19_0000.mp4,1,0.68355477
/home/tianlong/Downloads/celebdf/Celeb-synthesis/id24_id21_0006.mp4,1,0.9953563
/home/tianlong/Downloads/celebdf/Celeb-synthesis/id24_id26_0009.mp4,1,0.99999464
/home/tianlong/Downloads/celebdf/Celeb-synthesis/id25_id19_0002.mp4,1,0.87933666
/home/tianlong/Downloads/celebdf/Celeb-synthesis/id25_id24_0003.mp4,1,0.98872983
/home/tianlong/Downloads/celebdf/Celeb-synthesis/id27_id21_0008.mp4,1,0.91112506
/home/tianlong/Downloads/celebdf/Celeb-synthesis/id27_id22_0007.mp4,1,0.8615569
/home/tianlong/Downloads/celebdf/Celeb-synthesis/id27_id25_0008.mp4,1,0.45021147
/home/tianlong/Downloads/celebdf/Celeb-synthesis/id28_id3_0004.mp4,1,0.9606897
/home/tianlong/Downloads/celebdf/Celeb-synthesis/id28_id6_0006.mp4,1,0.99997985
/home/tianlong/Downloads/celebdf/Celeb-synthesis/id29_id32_0000.mp4,1,0.95597506
/home/tianlong/Downloads/celebdf/Celeb-synthesis/id29_id37_0009.mp4,1,0.999176
/home/tianlong/Downloads/celebdf/Celeb-synthesis/id30_id20_0004.mp4,1,0.99664146
/home/tianlong/Downloads/celebdf/Celeb-synthesis/id30_id23_0002.mp4,1,0.9985511
/home/tianlong/Downloads/celebdf/Celeb-synthesis/id32_id33_0004.mp4,1,0.99873084
/home/tianlong/Downloads/celebdf/Celeb-synthesis/id33_id38_0001.mp4,1,0.9875881
/home/tianlong/Downloads/celebdf/Celeb-synthesis/id34_id33_0005.mp4,1,0.9558134
/home/tianlong/Downloads/celebdf/Celeb-synthesis/id35_id31_0007.mp4,1,0.99977386
/home/tianlong/Downloads/celebdf/Celeb-synthesis/id49_id52_0005.mp4,1,0.9991587
/home/tianlong/Downloads/celebdf/Celeb-synthesis/id9_id2_0006.mp4,1,0.79646015
/home/tianlong/Downloads/celebdf/Celeb-synthesis/id7_id11_0007.mp4,1,0.4704855
/home/tianlong/Downloads/celebdf/Celeb-synthesis/id4_id37_0006.mp4,1,0.99998873
/home/tianlong/Downloads/celebdf/Celeb-synthesis/id37_id38_0009.mp4,1,0.99998426
/home/tianlong/Downloads/celebdf/Celeb-synthesis/id29_id30_0009.mp4,1,0.9992097
/home/tianlong/Downloads/celebdf/Celeb-synthesis/id0_id6_0007.mp4,1,0.76217204
/home/tianlong/Downloads/celebdf/Celeb-synthesis/id0_id16_0004.mp4,1,0.9554273
/home/tianlong/Downloads/celebdf/Celeb-synthesis/id31_id33_0008.mp4,1,0.9998558
/home/tianlong/Downloads/celebdf/Celeb-synthesis/id54_id49_0003.mp4,1,0.96599597
/home/tianlong/Downloads/celebdf/Celeb-synthesis/id0_id1_0000.mp4,1,0.99895793
/home/tianlong/Downloads/celebdf/Celeb-synthesis/id21_id28_0001.mp4,1,0.99785244
/home/tianlong/Downloads/celebdf/Celeb-synthesis/id33_id29_0004.mp4,1,0.9776783
/home/tianlong/Downloads/celebdf/Celeb-synthesis/id28_id0_0009.mp4,1,0.99992496
/home/tianlong/Downloads/celebdf/Celeb-synthesis/id6_id9_0006.mp4,1,0.99887276
/home/tianlong/Downloads/celebdf/Celeb-synthesis/id9_id0_0006.mp4,1,0.99658775
/home/tianlong/Downloads/celebdf/Celeb-synthesis/id26_id2_0005.mp4,1,0.999746
/home/tianlong/Downloads/celebdf/Celeb-synthesis/id1_id3_0002.mp4,1,0.99745816
/home/tianlong/Downloads/celebdf/Celeb-synthesis/id4_id6_0008.mp4,1,0.97481173
/home/tianlong/Downloads/celebdf/Celeb-synthesis/id16_id28_0005.mp4,1,0.9665702
/home/tianlong/Downloads/celebdf/Celeb-synthesis/id37_id35_0005.mp4,1,0.999863
/home/tianlong/Downloads/celebdf/Celeb-synthesis/id19_id20_0004.mp4,1,0.99999744
/home/tianlong/Downloads/celebdf/Celeb-synthesis/id46_id41_0000.mp4,1,0.9970342
/home/tianlong/Downloads/celebdf/Celeb-synthesis/id51_id57_0004.mp4,1,0.99626523
/home/tianlong/Downloads/celebdf/Celeb-synthesis/id29_id37_0005.mp4,1,0.99998254
/home/tianlong/Downloads/celebdf/Celeb-synthesis/id35_id23_0007.mp4,1,0.99898756
/home/tianlong/Downloads/celebdf/Celeb-synthesis/id34_id33_0002.mp4,1,0.9345764
/home/tianlong/Downloads/celebdf/Celeb-synthesis/id1_id3_0006.mp4,1,0.9999735
/home/tianlong/Downloads/celebdf/Celeb-synthesis/id13_id10_0005.mp4,1,0.52659595
/home/tianlong/Downloads/celebdf/Celeb-synthesis/id56_id55_0009.mp4,1,0.9982613
/home/tianlong/Downloads/celebdf/Celeb-synthesis/id25_id28_0010.mp4,1,0.999955
/home/tianlong/Downloads/celebdf/Celeb-synthesis/id20_id37_0004.mp4,1,0.94590616
/home/tianlong/Downloads/celebdf/Celeb-synthesis/id37_id29_0002.mp4,1,0.9989961
/home/tianlong/Downloads/celebdf/Celeb-synthesis/id56_id54_0007.mp4,1,0.9997474
/home/tianlong/Downloads/celebdf/Celeb-synthesis/id19_id20_0000.mp4,1,0.9999878
/home/tianlong/Downloads/celebdf/Celeb-synthesis/id4_id28_0006.mp4,1,0.99992704
/home/tianlong/Downloads/celebdf/Celeb-synthesis/id53_id58_0005.mp4,1,0.8109766
/home/tianlong/Downloads/celebdf/Celeb-synthesis/id55_id57_0002.mp4,1,0.9502805
/home/tianlong/Downloads/celebdf/Celeb-synthesis/id24_id26_0004.mp4,1,0.9966386
/home/tianlong/Downloads/celebdf/Celeb-synthesis/id20_id0_0006.mp4,1,0.99368155
/home/tianlong/Downloads/celebdf/Celeb-synthesis/id37_id2_0009.mp4,1,0.9990202
/home/tianlong/Downloads/celebdf/Celeb-synthesis/id30_id26_0006.mp4,1,0.98913634
/home/tianlong/Downloads/celebdf/Celeb-synthesis/id16_id2_0001.mp4,1,0.95705473
/home/tianlong/Downloads/celebdf/Celeb-synthesis/id26_id1_0002.mp4,1,0.981332
/home/tianlong/Downloads/celebdf/Celeb-synthesis/id30_id6_0007.mp4,1,0.9999784
/home/tianlong/Downloads/celebdf/Celeb-synthesis/id44_id41_0005.mp4,1,0.93804824
/home/tianlong/Downloads/celebdf/Celeb-synthesis/id16_id2_0006.mp4,1,0.9434983
/home/tianlong/Downloads/celebdf/Celeb-synthesis/id1_id16_0004.mp4,1,0.9461684
/home/tianlong/Downloads/celebdf/Celeb-synthesis/id16_id21_0002.mp4,1,0.9843178
/home/tianlong/Downloads/celebdf/Celeb-synthesis/id4_id0_0000.mp4,1,0.99815625
/home/tianlong/Downloads/celebdf/Celeb-synthesis/id8_id0_0002.mp4,1,0.99999297
/home/tianlong/Downloads/celebdf/Celeb-synthesis/id19_id23_0001.mp4,1,0.9995289
/home/tianlong/Downloads/celebdf/Celeb-synthesis/id37_id3_0006.mp4,1,0.99997604
/home/tianlong/Downloads/celebdf/Celeb-synthesis/id9_id16_0007.mp4,1,0.9995068
/home/tianlong/Downloads/celebdf/Celeb-synthesis/id47_id43_0007.mp4,1,0.999437
/home/tianlong/Downloads/celebdf/Celeb-synthesis/id16_id3_0009.mp4,1,0.99881124
/home/tianlong/Downloads/celebdf/Celeb-synthesis/id26_id28_0002.mp4,1,0.98745525
/home/tianlong/Downloads/celebdf/Celeb-synthesis/id8_id3_0003.mp4,1,0.9723509
/home/tianlong/Downloads/celebdf/Celeb-synthesis/id30_id28_0000.mp4,1,0.99963605
/home/tianlong/Downloads/celebdf/Celeb-synthesis/id27_id23_0008.mp4,1,0.86992294
/home/tianlong/Downloads/celebdf/Celeb-synthesis/id28_id20_0008.mp4,1,0.9991747
/home/tianlong/Downloads/celebdf/Celeb-synthesis/id1_id2_0002.mp4,1,0.99521714
/home/tianlong/Downloads/celebdf/Celeb-synthesis/id46_id39_0000.mp4,1,0.9975252
/home/tianlong/Downloads/celebdf/Celeb-synthesis/id37_id28_0008.mp4,1,0.9083203
/home/tianlong/Downloads/celebdf/Celeb-synthesis/id0_id3_0007.mp4,1,0.9461732
/home/tianlong/Downloads/celebdf/Celeb-synthesis/id4_id1_0002.mp4,1,0.9997732
/home/tianlong/Downloads/celebdf/Celeb-synthesis/id13_id7_0000.mp4,1,0.9878086
/home/tianlong/Downloads/celebdf/Celeb-synthesis/id50_id53_0000.mp4,1,0.9999304
/home/tianlong/Downloads/celebdf/Celeb-synthesis/id50_id56_0005.mp4,1,0.70083904
/home/tianlong/Downloads/celebdf/Celeb-synthesis/id4_id21_0009.mp4,1,0.80473053
/home/tianlong/Downloads/celebdf/Celeb-synthesis/id23_id3_0004.mp4,1,0.9791018
/home/tianlong/Downloads/celebdf/Celeb-synthesis/id56_id51_0000.mp4,1,0.99986064
/home/tianlong/Downloads/celebdf/Celeb-synthesis/id30_id3_0006.mp4,1,0.9994547
/home/tianlong/Downloads/celebdf/Celeb-synthesis/id28_id20_0006.mp4,1,0.99998504
/home/tianlong/Downloads/celebdf/Celeb-synthesis/id4_id20_0008.mp4,1,0.9643903
/home/tianlong/Downloads/celebdf/Celeb-synthesis/id54_id58_0006.mp4,1,0.998985
/home/tianlong/Downloads/celebdf/Celeb-synthesis/id53_id57_0005.mp4,1,0.71220094
/home/tianlong/Downloads/celebdf/Celeb-synthesis/id31_id33_0009.mp4,1,0.9827428
/home/tianlong/Downloads/celebdf/Celeb-synthesis/id0_id21_0000.mp4,1,0.9986327
/home/tianlong/Downloads/celebdf/Celeb-synthesis/id6_id23_0006.mp4,1,0.9999238
/home/tianlong/Downloads/celebdf/Celeb-synthesis/id48_id45_0002.mp4,1,0.99098504
/home/tianlong/Downloads/celebdf/Celeb-synthesis/id46_id45_0001.mp4,1,0.90992117
/home/tianlong/Downloads/celebdf/Celeb-synthesis/id28_id21_0006.mp4,1,0.9998891
/home/tianlong/Downloads/celebdf/Celeb-synthesis/id12_id10_0005.mp4,1,0.9296676
/home/tianlong/Downloads/celebdf/Celeb-synthesis/id54_id56_0000.mp4,1,0.99949014
/home/tianlong/Downloads/celebdf/Celeb-synthesis/id39_id47_0004.mp4,1,0.999983
/home/tianlong/Downloads/celebdf/Celeb-synthesis/id9_id3_0009.mp4,1,0.9861778
/home/tianlong/Downloads/celebdf/Celeb-synthesis/id35_id16_0007.mp4,1,0.98400754
/home/tianlong/Downloads/celebdf/Celeb-synthesis/id21_id2_0002.mp4,1,0.99981725
/home/tianlong/Downloads/celebdf/Celeb-synthesis/id12_id10_0002.mp4,1,0.87037784
/home/tianlong/Downloads/celebdf/Celeb-synthesis/id10_id13_0007.mp4,1,0.9979553
/home/tianlong/Downloads/celebdf/Celeb-synthesis/id20_id31_0008.mp4,1,0.99999845
/home/tianlong/Downloads/celebdf/Celeb-synthesis/id0_id16_0003.mp4,1,0.83588064
/home/tianlong/Downloads/celebdf/Celeb-synthesis/id0_id16_0007.mp4,1,0.8240622
/home/tianlong/Downloads/celebdf/Celeb-synthesis/id2_id16_0004.mp4,1,0.999962
/home/tianlong/Downloads/celebdf/Celeb-synthesis/id13_id7_0012.mp4,1,0.90345937
/home/tianlong/Downloads/celebdf/Celeb-synthesis/id37_id1_0002.mp4,1,0.999961
/home/tianlong/Downloads/celebdf/Celeb-synthesis/id30_id28_0004.mp4,1,0.99984616
/home/tianlong/Downloads/celebdf/Celeb-synthesis/id53_id52_0003.mp4,1,0.9999998
/home/tianlong/Downloads/celebdf/Celeb-synthesis/id54_id56_0006.mp4,1,0.99853677
/home/tianlong/Downloads/celebdf/Celeb-synthesis/id3_id28_0002.mp4,1,0.9984975
/home/tianlong/Downloads/celebdf/Celeb-synthesis/id37_id4_0000.mp4,1,0.99991274
/home/tianlong/Downloads/celebdf/Celeb-synthesis/id28_id9_0000.mp4,1,0.9997629
/home/tianlong/Downloads/celebdf/Celeb-synthesis/id4_id2_0003.mp4,1,0.99976
/home/tianlong/Downloads/celebdf/Celeb-synthesis/id25_id21_0005.mp4,1,0.9489862
/home/tianlong/Downloads/celebdf/Celeb-synthesis/id17_id3_0007.mp4,1,0.9949786
/home/tianlong/Downloads/celebdf/Celeb-synthesis/id2_id1_0004.mp4,1,0.99379885
/home/tianlong/Downloads/celebdf/Celeb-synthesis/id3_id9_0003.mp4,1,0.99817973
/home/tianlong/Downloads/celebdf/Celeb-synthesis/id16_id6_0001.mp4,1,0.7328223
/home/tianlong/Downloads/celebdf/Celeb-synthesis/id8_id6_0002.mp4,1,0.99865705
/home/tianlong/Downloads/celebdf/Celeb-synthesis/id17_id16_0007.mp4,1,0.9186613
/home/tianlong/Downloads/celebdf/Celeb-synthesis/id4_id26_0007.mp4,1,0.9999646
/home/tianlong/Downloads/celebdf/Celeb-synthesis/id44_id45_0000.mp4,1,0.98936903
/home/tianlong/Downloads/celebdf/Celeb-synthesis/id0_id1_0005.mp4,1,0.9174038
/home/tianlong/Downloads/celebdf/Celeb-synthesis/id57_id51_0000.mp4,1,0.9999878
/home/tianlong/Downloads/celebdf/Celeb-synthesis/id34_id32_0007.mp4,1,0.98186123
/home/tianlong/Downloads/celebdf/Celeb-synthesis/id32_id31_0006.mp4,1,0.9999493
/home/tianlong/Downloads/celebdf/Celeb-synthesis/id48_id41_0001.mp4,1,0.9996692
/home/tianlong/Downloads/celebdf/Celeb-synthesis/id4_id0_0004.mp4,1,0.99190205
/home/tianlong/Downloads/celebdf/Celeb-synthesis/id21_id19_0009.mp4,1,0.99999964
/home/tianlong/Downloads/celebdf/Celeb-synthesis/id45_id39_0008.mp4,1,0.99999154
/home/tianlong/Downloads/celebdf/Celeb-synthesis/id31_id30_0009.mp4,1,0.919302
/home/tianlong/Downloads/celebdf/Celeb-synthesis/id27_id19_0001.mp4,1,0.4185658
/home/tianlong/Downloads/celebdf/Celeb-synthesis/id23_id16_0003.mp4,1,0.986159
/home/tianlong/Downloads/celebdf/Celeb-synthesis/id58_id57_0008.mp4,1,0.99966925
/home/tianlong/Downloads/celebdf/Celeb-synthesis/id17_id2_0007.mp4,1,0.8843988
/home/tianlong/Downloads/celebdf/Celeb-synthesis/id28_id3_0001.mp4,1,0.9927246
/home/tianlong/Downloads/celebdf/Celeb-synthesis/id23_id35_0009.mp4,1,0.83887875
/home/tianlong/Downloads/celebdf/Celeb-synthesis/id4_id0_0001.mp4,1,0.73909044
/home/tianlong/Downloads/celebdf/Celeb-synthesis/id17_id31_0009.mp4,1,0.9996959
/home/tianlong/Downloads/celebdf/Celeb-synthesis/id48_id47_0008.mp4,1,0.93240535
/home/tianlong/Downloads/celebdf/Celeb-synthesis/id50_id49_0001.mp4,1,0.9956341
/home/tianlong/Downloads/celebdf/Celeb-synthesis/id20_id1_0003.mp4,1,0.9948374
/home/tianlong/Downloads/celebdf/Celeb-synthesis/id16_id3_0010.mp4,1,0.965298
/home/tianlong/Downloads/celebdf/Celeb-synthesis/id23_id19_0000.mp4,1,0.9986661
/home/tianlong/Downloads/celebdf/Celeb-synthesis/id1_id3_0009.mp4,1,0.999341
/home/tianlong/Downloads/celebdf/Celeb-synthesis/id43_id40_0005.mp4,1,0.9999982
/home/tianlong/Downloads/celebdf/Celeb-synthesis/id4_id6_0002.mp4,1,0.8226854
/home/tianlong/Downloads/celebdf/Celeb-synthesis/id10_id7_0008.mp4,1,0.99999845
/home/tianlong/Downloads/celebdf/Celeb-synthesis/id13_id10_0008.mp4,1,0.6735596
/home/tianlong/Downloads/celebdf/Celeb-synthesis/id12_id7_0006.mp4,1,0.9998924
/home/tianlong/Downloads/celebdf/Celeb-synthesis/id6_id2_0008.mp4,1,0.9244342
/home/tianlong/Downloads/celebdf/Celeb-synthesis/id2_id0_0002.mp4,1,0.98681307
/home/tianlong/Downloads/celebdf/Celeb-synthesis/id2_id6_0002.mp4,1,0.9612731
/home/tianlong/Downloads/celebdf/Celeb-synthesis/id30_id28_0006.mp4,1,0.9989524
/home/tianlong/Downloads/celebdf/Celeb-synthesis/id52_id50_0007.mp4,1,0.91092503
/home/tianlong/Downloads/celebdf/Celeb-synthesis/id49_id52_0007.mp4,1,0.9994947
/home/tianlong/Downloads/celebdf/Celeb-synthesis/id51_id50_0008.mp4,1,0.99290293
/home/tianlong/Downloads/celebdf/Celeb-synthesis/id21_id3_0009.mp4,1,0.99999964
/home/tianlong/Downloads/celebdf/Celeb-synthesis/id31_id16_0002.mp4,1,0.99998456
/home/tianlong/Downloads/celebdf/Celeb-synthesis/id25_id28_0003.mp4,1,0.99854136
/home/tianlong/Downloads/celebdf/Celeb-synthesis/id21_id20_0006.mp4,1,0.9999231
/home/tianlong/Downloads/celebdf/Celeb-synthesis/id10_id7_0005.mp4,1,0.93856394
/home/tianlong/Downloads/celebdf/Celeb-synthesis/id38_id30_0006.mp4,1,0.99988747
/home/tianlong/Downloads/celebdf/Celeb-synthesis/id35_id30_0006.mp4,1,0.9319404
/home/tianlong/Downloads/celebdf/Celeb-synthesis/id20_id9_0008.mp4,1,0.9999364
/home/tianlong/Downloads/celebdf/Celeb-synthesis/id25_id23_0010.mp4,1,0.99999446
/home/tianlong/Downloads/celebdf/Celeb-synthesis/id17_id21_0000.mp4,1,0.8186261
/home/tianlong/Downloads/celebdf/Celeb-synthesis/id45_id47_0002.mp4,1,0.9999763
/home/tianlong/Downloads/celebdf/Celeb-synthesis/id1_id3_0003.mp4,1,0.99997425
/home/tianlong/Downloads/celebdf/Celeb-synthesis/id27_id26_0006.mp4,1,0.85094756
/home/tianlong/Downloads/celebdf/Celeb-synthesis/id44_id42_0001.mp4,1,0.69772327
/home/tianlong/Downloads/celebdf/Celeb-synthesis/id57_id53_0006.mp4,1,0.9987478
/home/tianlong/Downloads/celebdf/Celeb-synthesis/id43_id39_0000.mp4,1,0.99226856
/home/tianlong/Downloads/celebdf/Celeb-synthesis/id35_id16_0004.mp4,1,0.96769285
/home/tianlong/Downloads/celebdf/Celeb-synthesis/id42_id40_0001.mp4,1,0.9999708
/home/tianlong/Downloads/celebdf/Celeb-synthesis/id21_id2_0000.mp4,1,0.99861443
/home/tianlong/Downloads/celebdf/Celeb-synthesis/id37_id21_0000.mp4,1,0.9998829
/home/tianlong/Downloads/celebdf/Celeb-synthesis/id29_id38_0008.mp4,1,0.9941786
/home/tianlong/Downloads/celebdf/Celeb-synthesis/id39_id44_0000.mp4,1,0.99941695
/home/tianlong/Downloads/celebdf/Celeb-synthesis/id9_id6_0005.mp4,1,0.9985018
/home/tianlong/Downloads/celebdf/Celeb-synthesis/id0_id1_0001.mp4,1,0.7162305
/home/tianlong/Downloads/celebdf/Celeb-synthesis/id31_id2_0004.mp4,1,0.9963296
/home/tianlong/Downloads/celebdf/Celeb-synthesis/id38_id34_0003.mp4,1,0.95794713
/home/tianlong/Downloads/celebdf/Celeb-synthesis/id56_id57_0007.mp4,1,0.9984149
/home/tianlong/Downloads/celebdf/Celeb-synthesis/id52_id58_0005.mp4,1,0.9358342
/home/tianlong/Downloads/celebdf/Celeb-synthesis/id28_id4_0000.mp4,1,0.9963919
/home/tianlong/Downloads/celebdf/Celeb-synthesis/id22_id26_0005.mp4,1,0.9999981
/home/tianlong/Downloads/celebdf/Celeb-synthesis/id4_id30_0000.mp4,1,0.9999754
/home/tianlong/Downloads/celebdf/Celeb-synthesis/id29_id32_0003.mp4,1,0.9997417
/home/tianlong/Downloads/celebdf/Celeb-synthesis/id35_id20_0007.mp4,1,0.9999801
/home/tianlong/Downloads/celebdf/Celeb-synthesis/id1_id2_0007.mp4,1,0.9991929
/home/tianlong/Downloads/celebdf/Celeb-synthesis/id30_id3_0002.mp4,1,0.99993294
/home/tianlong/Downloads/celebdf/Celeb-synthesis/id22_id25_0001.mp4,1,0.9939582
/home/tianlong/Downloads/celebdf/Celeb-synthesis/id39_id44_0008.mp4,1,0.9998493
/home/tianlong/Downloads/celebdf/Celeb-synthesis/id34_id29_0008.mp4,1,0.9982513
/home/tianlong/Downloads/celebdf/Celeb-synthesis/id21_id28_0009.mp4,1,0.99998915
/home/tianlong/Downloads/celebdf/Celeb-synthesis/id30_id4_0001.mp4,1,0.9971779
/home/tianlong/Downloads/celebdf/Celeb-synthesis/id25_id19_0008.mp4,1,0.99982196
/home/tianlong/Downloads/celebdf/Celeb-synthesis/id21_id4_0002.mp4,1,0.9991437
/home/tianlong/Downloads/celebdf/Celeb-synthesis/id17_id28_0001.mp4,1,0.99991906
/home/tianlong/Downloads/celebdf/Celeb-synthesis/id6_id1_0007.mp4,1,0.7547137
/home/tianlong/Downloads/celebdf/Celeb-synthesis/id9_id2_0008.mp4,1,0.997295
/home/tianlong/Downloads/celebdf/Celeb-synthesis/id8_id5_0008.mp4,1,0.9637529
/home/tianlong/Downloads/celebdf/Celeb-synthesis/id37_id3_0004.mp4,1,0.9999998
/home/tianlong/Downloads/celebdf/Celeb-synthesis/id17_id2_0003.mp4,1,0.9674052
