Video,Label,Prediction
/home/tianlong/Downloads/dftimit/DeepfakeTIMIT/dftimitreal/fkms0/video/head2/13.avi,0,0.0025810828
/home/tianlong/Downloads/dftimit/DeepfakeTIMIT/dftimitreal/mabw0/video/si1664/31.avi,0,0.00024071733
/home/tianlong/Downloads/dftimit/DeepfakeTIMIT/dftimitreal/mabw0/video/sx404/36.avi,0,0.00013285842
/home/tianlong/Downloads/dftimit/DeepfakeTIMIT/dftimitreal/fjwb0/video/sx275/50.avi,0,0.00014432
/home/tianlong/Downloads/dftimit/DeepfakeTIMIT/dftimitreal/fedw0/video/sa1/73.avi,0,0.00014179714
/home/tianlong/Downloads/dftimit/DeepfakeTIMIT/dftimitreal/fedw0/video/head3/80.avi,0,0.0028439078
/home/tianlong/Downloads/dftimit/DeepfakeTIMIT/dftimitreal/fedw0/video/si1653/81.avi,0,0.00019718932
/home/tianlong/Downloads/dftimit/DeepfakeTIMIT/dftimitreal/mtas1/video/sa2/93.avi,0,0.00025606013
/home/tianlong/Downloads/dftimit/DeepfakeTIMIT/dftimitreal/mtas1/video/head2/96.avi,0,0.0026067893
/home/tianlong/Downloads/dftimit/DeepfakeTIMIT/dftimitreal/mdbb0/video/sx205/109.avi,0,0.00037834235
/home/tianlong/Downloads/dftimit/DeepfakeTIMIT/dftimitreal/mbjk0/video/sx5/145.avi,0,0.00021183422
/home/tianlong/Downloads/dftimit/DeepfakeTIMIT/dftimitreal/mwbt0/video/head2/166.avi,0,0.0016201289
/home/tianlong/Downloads/dftimit/DeepfakeTIMIT/dftimitreal/mcem0/video/si2028/174.avi,0,0.00018420356
/home/tianlong/Downloads/dftimit/DeepfakeTIMIT/dftimitreal/mcem0/video/head2/180.avi,0,0.0020778063
/home/tianlong/Downloads/dftimit/DeepfakeTIMIT/dftimitreal/mpdf0/video/si912/199.avi,0,0.0002066401
/home/tianlong/Downloads/dftimit/DeepfakeTIMIT/dftimitreal/mpdf0/video/sa2/203.avi,0,0.00016391669
/home/tianlong/Downloads/dftimit/DeepfakeTIMIT/dftimitreal/mtmr0/video/sx43/213.avi,0,0.00012689158
/home/tianlong/Downloads/dftimit/DeepfakeTIMIT/dftimitreal/mdab0/video/sx319/225.avi,0,0.00015515865
/home/tianlong/Downloads/dftimit/DeepfakeTIMIT/dftimitreal/mrgg0/video/sa1/239.avi,0,0.00028230756
/home/tianlong/Downloads/dftimit/DeepfakeTIMIT/dftimitreal/mrgg0/video/si569/240.avi,0,0.00029841403
/home/tianlong/Downloads/dftimit/DeepfakeTIMIT/dftimitreal/mrgg0/video/head2/251.avi,0,0.004903779
/home/tianlong/Downloads/dftimit/DeepfakeTIMIT/dftimitreal/fjem0/video/sx274/260.avi,0,0.00010512705
/home/tianlong/Downloads/dftimit/DeepfakeTIMIT/dftimitreal/fcmr0/video/head/285.avi,0,0.3209853
/home/tianlong/Downloads/dftimit/DeepfakeTIMIT/dftimitreal/mmdm2/video/head/302.avi,0,0.004178153
/home/tianlong/Downloads/dftimit/DeepfakeTIMIT/dftimitreal/mccs0/video/si1469/310.avi,0,0.0001337414
/home/tianlong/Downloads/dftimit/DeepfakeTIMIT/dftimitreal/mccs0/video/head2/320.avi,0,0.0016914291
/home/tianlong/Downloads/dftimit/DeepfakeTIMIT/dftimitreal/mgwt0/video/head/328.avi,0,0.0018714014
/home/tianlong/Downloads/dftimit/DeepfakeTIMIT/dftimitreal/mgwt0/video/si1539/331.avi,0,0.00019988594
/home/tianlong/Downloads/dftimit/DeepfakeTIMIT/dftimitreal/fpkt0/video/sx8/338.avi,0,0.00021640258
/home/tianlong/Downloads/dftimit/DeepfakeTIMIT/dftimitreal/fpkt0/video/sa2/345.avi,0,0.00029907914
/home/tianlong/Downloads/dftimit/DeepfakeTIMIT/dftimitreal/fcmh0/video/si2084/356.avi,0,0.00039600205
/home/tianlong/Downloads/dftimit/DeepfakeTIMIT/dftimitreal/fram1/video/si1360/367.avi,0,0.00015247751
/home/tianlong/Downloads/dftimit/DeepfakeTIMIT/dftimitreal/fram1/video/si730/372.avi,0,0.00016583422
/home/tianlong/Downloads/dftimit/DeepfakeTIMIT/dftimitreal/fgjd0/video/sa2/386.avi,0,0.00013661881
/home/tianlong/Downloads/dftimit/DeepfakeTIMIT/dftimitreal/fcrh0/video/sa1/393.avi,0,0.0003883307
/home/tianlong/Downloads/dftimit/DeepfakeTIMIT/dftimitreal/fcrh0/video/sa2/399.avi,0,0.00036207997
/home/tianlong/Downloads/dftimit/DeepfakeTIMIT/dftimitreal/fcrh0/video/si458/404.avi,0,0.00040712568
/home/tianlong/Downloads/dftimit/DeepfakeTIMIT/dftimitreal/fjre0/video/sa1/407.avi,0,0.00019873581
/home/tianlong/Downloads/dftimit/DeepfakeTIMIT/dftimitreal/fjre0/video/sx36/416.avi,0,0.00013099494
/home/tianlong/Downloads/dftimit/DeepfakeTIMIT/dftimitreal/fjre0/video/sx306/417.avi,0,0.00028032783
/home/tianlong/Downloads/dftimit/DeepfakeTIMIT/dftimitreal/fadg0/video/sa1/421.avi,0,0.00011683069
/home/tianlong/Downloads/dftimit/DeepfakeTIMIT/dftimitreal/fadg0/video/sx289/422.avi,0,0.0001452742
/home/tianlong/Downloads/dftimit/DeepfakeTIMIT/dftimitreal/fadg0/video/head2/430.avi,0,0.0015062337
/home/tianlong/Downloads/dftimit/DeepfakeTIMIT/dftimitreal/mreb0/video/si1375/436.avi,0,0.00026581483
/home/tianlong/Downloads/dftimit/DeepfakeTIMIT/dftimitreal/mreb0/video/sx115/437.avi,0,0.00011689761
/home/tianlong/Downloads/dftimit/DeepfakeTIMIT/dftimitreal/mreb0/video/si2005/443.avi,0,0.00012520667
/home/tianlong/Downloads/dftimit/DeepfakeTIMIT/dftimitreal/mmdb1/video/sx5/454.avi,0,0.00036066
/home/tianlong/Downloads/dftimit/DeepfakeTIMIT/dftimitreal/mmdb1/video/sx185/461.avi,0,0.00031009415
/home/tianlong/Downloads/dftimit/DeepfakeTIMIT/dftimitreal/fdac1/video/head2/473.avi,0,0.0013480008
/home/tianlong/Downloads/dftimit/DeepfakeTIMIT/dftimitreal/fdac1/video/sx34/475.avi,0,0.000165625
/home/tianlong/Downloads/dftimit/DeepfakeTIMIT/dftimitreal/mrcz0/video/si1541/486.avi,0,0.00017133348
/home/tianlong/Downloads/dftimit/DeepfakeTIMIT/dftimitreal/mrcz0/video/head2/488.avi,0,0.0016453263
/home/tianlong/Downloads/dftimit/DeepfakeTIMIT/dftimitreal/mstk0/video/head/507.avi,0,0.00415632
/home/tianlong/Downloads/dftimit/DeepfakeTIMIT/dftimitreal/mstk0/video/head3/514.avi,0,0.0054327096
/home/tianlong/Downloads/dftimit/DeepfakeTIMIT/dftimitreal/faks0/video/sx223/525.avi,0,0.00012965499
/home/tianlong/Downloads/dftimit/DeepfakeTIMIT/dftimitreal/mdld0/video/sx283/535.avi,0,0.00019148101
/home/tianlong/Downloads/dftimit/DeepfakeTIMIT/dftimitreal/mdld0/video/head3/540.avi,0,0.015584822
/home/tianlong/Downloads/dftimit/DeepfakeTIMIT/dftimitreal/fdrd1/video/head3/572.avi,0,0.0049171895
/home/tianlong/Downloads/dftimit/DeepfakeTIMIT/dftimitreal/fdrd1/video/head2/573.avi,0,0.0010823401
/home/tianlong/Downloads/dftimit/DeepfakeTIMIT/dftimitreal/mrjo0/video/sx14/583.avi,0,0.00016268122
/home/tianlong/Downloads/dftimit/DeepfakeTIMIT/higher_quality/fjwb0/sa1-video-fjas0.avi,1,0.9978779
/home/tianlong/Downloads/dftimit/DeepfakeTIMIT/higher_quality/fjwb0/sx95-video-fjas0.avi,1,0.9939317
/home/tianlong/Downloads/dftimit/DeepfakeTIMIT/higher_quality/fjwb0/si1265-video-fjas0.avi,1,0.97279835
/home/tianlong/Downloads/dftimit/DeepfakeTIMIT/higher_quality/fjwb0/sx5-video-fjas0.avi,1,0.99878526
/home/tianlong/Downloads/dftimit/DeepfakeTIMIT/higher_quality/fjwb0/sx365-video-fjas0.avi,1,0.99741405
/home/tianlong/Downloads/dftimit/DeepfakeTIMIT/higher_quality/fjwb0/si992-video-fjas0.avi,1,0.9863141
/home/tianlong/Downloads/dftimit/DeepfakeTIMIT/higher_quality/fjwb0/sx185-video-fjas0.avi,1,0.99501085
/home/tianlong/Downloads/dftimit/DeepfakeTIMIT/higher_quality/fjwb0/sa2-video-fjas0.avi,1,0.9610522
/home/tianlong/Downloads/dftimit/DeepfakeTIMIT/higher_quality/fjwb0/si635-video-fjas0.avi,1,0.9951164
/home/tianlong/Downloads/dftimit/DeepfakeTIMIT/higher_quality/fjwb0/sx275-video-fjas0.avi,1,0.9917855
/home/tianlong/Downloads/dftimit/DeepfakeTIMIT/higher_quality/fedw0/si1714-video-faks0.avi,1,0.9723204
/home/tianlong/Downloads/dftimit/DeepfakeTIMIT/higher_quality/fedw0/si1084-video-faks0.avi,1,0.9037638
/home/tianlong/Downloads/dftimit/DeepfakeTIMIT/higher_quality/fedw0/sx4-video-faks0.avi,1,0.9291591
/home/tianlong/Downloads/dftimit/DeepfakeTIMIT/higher_quality/fedw0/si1653-video-faks0.avi,1,0.949667
/home/tianlong/Downloads/dftimit/DeepfakeTIMIT/higher_quality/fedw0/sx274-video-faks0.avi,1,0.9791848
/home/tianlong/Downloads/dftimit/DeepfakeTIMIT/higher_quality/fedw0/sx364-video-faks0.avi,1,0.93438864
/home/tianlong/Downloads/dftimit/DeepfakeTIMIT/higher_quality/fedw0/sa1-video-faks0.avi,1,0.9228341
/home/tianlong/Downloads/dftimit/DeepfakeTIMIT/higher_quality/fedw0/sx184-video-faks0.avi,1,0.96392703
/home/tianlong/Downloads/dftimit/DeepfakeTIMIT/higher_quality/fedw0/sx94-video-faks0.avi,1,0.9585307
/home/tianlong/Downloads/dftimit/DeepfakeTIMIT/higher_quality/fedw0/sa2-video-faks0.avi,1,0.95794994
/home/tianlong/Downloads/dftimit/DeepfakeTIMIT/higher_quality/mdbb0/sx1195-video-mrcz0.avi,1,0.75387603
/home/tianlong/Downloads/dftimit/DeepfakeTIMIT/higher_quality/mdbb0/sx115-video-mrcz0.avi,1,0.8759387
/home/tianlong/Downloads/dftimit/DeepfakeTIMIT/higher_quality/mdbb0/sx205-video-mrcz0.avi,1,0.8638819
/home/tianlong/Downloads/dftimit/DeepfakeTIMIT/higher_quality/mdbb0/si1825-video-mrcz0.avi,1,0.6581916
/home/tianlong/Downloads/dftimit/DeepfakeTIMIT/higher_quality/mdbb0/sa1-video-mrcz0.avi,1,0.46004662
/home/tianlong/Downloads/dftimit/DeepfakeTIMIT/higher_quality/mdbb0/si565-video-mrcz0.avi,1,0.68503314
/home/tianlong/Downloads/dftimit/DeepfakeTIMIT/higher_quality/mdbb0/sx295-video-mrcz0.avi,1,0.5362074
/home/tianlong/Downloads/dftimit/DeepfakeTIMIT/higher_quality/mdbb0/sa2-video-mrcz0.avi,1,0.6275389
/home/tianlong/Downloads/dftimit/DeepfakeTIMIT/higher_quality/mdbb0/sx25-video-mrcz0.avi,1,0.8866027
/home/tianlong/Downloads/dftimit/DeepfakeTIMIT/higher_quality/mdbb0/sx385-video-mrcz0.avi,1,0.56201375
/home/tianlong/Downloads/dftimit/DeepfakeTIMIT/higher_quality/mrgg0/sx119-video-msjs1.avi,1,0.6804902
/home/tianlong/Downloads/dftimit/DeepfakeTIMIT/higher_quality/mrgg0/si1829-video-msjs1.avi,1,0.3922648
/home/tianlong/Downloads/dftimit/DeepfakeTIMIT/higher_quality/mrgg0/si1199-video-msjs1.avi,1,0.5209331
/home/tianlong/Downloads/dftimit/DeepfakeTIMIT/higher_quality/mrgg0/sx389-video-msjs1.avi,1,0.37352037
/home/tianlong/Downloads/dftimit/DeepfakeTIMIT/higher_quality/mrgg0/sa1-video-msjs1.avi,1,0.414878
/home/tianlong/Downloads/dftimit/DeepfakeTIMIT/higher_quality/mrgg0/sx209-video-msjs1.avi,1,0.5737781
/home/tianlong/Downloads/dftimit/DeepfakeTIMIT/higher_quality/mrgg0/sx29-video-msjs1.avi,1,0.43578008
/home/tianlong/Downloads/dftimit/DeepfakeTIMIT/higher_quality/mrgg0/sx299-video-msjs1.avi,1,0.53093195
/home/tianlong/Downloads/dftimit/DeepfakeTIMIT/higher_quality/mrgg0/sa2-video-msjs1.avi,1,0.50336146
/home/tianlong/Downloads/dftimit/DeepfakeTIMIT/higher_quality/mrgg0/si569-video-msjs1.avi,1,0.71299714
/home/tianlong/Downloads/dftimit/DeepfakeTIMIT/higher_quality/fcmh0/sa2-video-fjre0.avi,1,0.644365
/home/tianlong/Downloads/dftimit/DeepfakeTIMIT/higher_quality/fcmh0/si824-video-fjre0.avi,1,0.7863221
/home/tianlong/Downloads/dftimit/DeepfakeTIMIT/higher_quality/fcmh0/sx14-video-fjre0.avi,1,0.6058572
/home/tianlong/Downloads/dftimit/DeepfakeTIMIT/higher_quality/fcmh0/si2084-video-fjre0.avi,1,0.513081
/home/tianlong/Downloads/dftimit/DeepfakeTIMIT/higher_quality/fcmh0/sx104-video-fjre0.avi,1,0.55385756
/home/tianlong/Downloads/dftimit/DeepfakeTIMIT/higher_quality/fcmh0/sx194-video-fjre0.avi,1,0.5274343
/home/tianlong/Downloads/dftimit/DeepfakeTIMIT/higher_quality/fcmh0/sa1-video-fjre0.avi,1,0.5936422
/home/tianlong/Downloads/dftimit/DeepfakeTIMIT/higher_quality/fcmh0/si1454-video-fjre0.avi,1,0.55094177
/home/tianlong/Downloads/dftimit/DeepfakeTIMIT/higher_quality/fcmh0/sx284-video-fjre0.avi,1,0.6411796
/home/tianlong/Downloads/dftimit/DeepfakeTIMIT/higher_quality/fcmh0/sx374-video-fjre0.avi,1,0.70308286
/home/tianlong/Downloads/dftimit/DeepfakeTIMIT/higher_quality/mmdb1/si2255-video-mjsw0.avi,1,0.5947447
/home/tianlong/Downloads/dftimit/DeepfakeTIMIT/higher_quality/mmdb1/sx5-video-mjsw0.avi,1,0.50677973
/home/tianlong/Downloads/dftimit/DeepfakeTIMIT/higher_quality/mmdb1/sx185-video-mjsw0.avi,1,0.70130306
/home/tianlong/Downloads/dftimit/DeepfakeTIMIT/higher_quality/mmdb1/sa1-video-mjsw0.avi,1,0.8059847
/home/tianlong/Downloads/dftimit/DeepfakeTIMIT/higher_quality/mmdb1/sx275-video-mjsw0.avi,1,0.68561906
/home/tianlong/Downloads/dftimit/DeepfakeTIMIT/higher_quality/mmdb1/sx1625-video-mjsw0.avi,1,0.6311523
/home/tianlong/Downloads/dftimit/DeepfakeTIMIT/higher_quality/mmdb1/sx365-video-mjsw0.avi,1,0.6855264
/home/tianlong/Downloads/dftimit/DeepfakeTIMIT/higher_quality/mmdb1/si995-video-mjsw0.avi,1,0.7474539
/home/tianlong/Downloads/dftimit/DeepfakeTIMIT/higher_quality/mmdb1/sa2-video-mjsw0.avi,1,0.70454687
/home/tianlong/Downloads/dftimit/DeepfakeTIMIT/higher_quality/mmdb1/sx95-video-mjsw0.avi,1,0.6160073
