Video,Label,Prediction
/home/tianlong/Downloads/dftimit/DeepfakeTIMIT/dftimitreal/fkms0/video/head2/13.avi,0,0.00013945572
/home/tianlong/Downloads/dftimit/DeepfakeTIMIT/dftimitreal/mabw0/video/si1664/31.avi,0,0.003490039
/home/tianlong/Downloads/dftimit/DeepfakeTIMIT/dftimitreal/mabw0/video/sx404/36.avi,0,0.0014812305
/home/tianlong/Downloads/dftimit/DeepfakeTIMIT/dftimitreal/fjwb0/video/sx275/50.avi,0,0.0036176932
/home/tianlong/Downloads/dftimit/DeepfakeTIMIT/dftimitreal/fedw0/video/sa1/73.avi,0,0.0072492557
/home/tianlong/Downloads/dftimit/DeepfakeTIMIT/dftimitreal/fedw0/video/head3/80.avi,0,0.0057953605
/home/tianlong/Downloads/dftimit/DeepfakeTIMIT/dftimitreal/fedw0/video/si1653/81.avi,0,0.03395257
/home/tianlong/Downloads/dftimit/DeepfakeTIMIT/dftimitreal/mtas1/video/sa2/93.avi,0,0.00095570507
/home/tianlong/Downloads/dftimit/DeepfakeTIMIT/dftimitreal/mtas1/video/head2/96.avi,0,8.2194645e-05
/home/tianlong/Downloads/dftimit/DeepfakeTIMIT/dftimitreal/mdbb0/video/sx205/109.avi,0,0.021601548
/home/tianlong/Downloads/dftimit/DeepfakeTIMIT/dftimitreal/mbjk0/video/sx5/145.avi,0,0.002883093
/home/tianlong/Downloads/dftimit/DeepfakeTIMIT/dftimitreal/mwbt0/video/head2/166.avi,0,0.00012292275
/home/tianlong/Downloads/dftimit/DeepfakeTIMIT/dftimitreal/mcem0/video/si2028/174.avi,0,0.015160957
/home/tianlong/Downloads/dftimit/DeepfakeTIMIT/dftimitreal/mcem0/video/head2/180.avi,0,4.472267e-05
/home/tianlong/Downloads/dftimit/DeepfakeTIMIT/dftimitreal/mpdf0/video/si912/199.avi,0,0.0010541645
/home/tianlong/Downloads/dftimit/DeepfakeTIMIT/dftimitreal/mpdf0/video/sa2/203.avi,0,0.0020738414
/home/tianlong/Downloads/dftimit/DeepfakeTIMIT/dftimitreal/mtmr0/video/sx43/213.avi,0,0.0022721423
/home/tianlong/Downloads/dftimit/DeepfakeTIMIT/dftimitreal/mdab0/video/sx319/225.avi,0,0.02872276
/home/tianlong/Downloads/dftimit/DeepfakeTIMIT/dftimitreal/mrgg0/video/sa1/239.avi,0,0.050391756
/home/tianlong/Downloads/dftimit/DeepfakeTIMIT/dftimitreal/mrgg0/video/si569/240.avi,0,0.050330173
/home/tianlong/Downloads/dftimit/DeepfakeTIMIT/dftimitreal/mrgg0/video/head2/251.avi,0,4.7395537e-05
/home/tianlong/Downloads/dftimit/DeepfakeTIMIT/dftimitreal/fjem0/video/sx274/260.avi,0,0.00022356721
/home/tianlong/Downloads/dftimit/DeepfakeTIMIT/dftimitreal/fcmr0/video/head/285.avi,0,0.00028739285
/home/tianlong/Downloads/dftimit/DeepfakeTIMIT/dftimitreal/mmdm2/video/head/302.avi,0,2.8694942e-05
/home/tianlong/Downloads/dftimit/DeepfakeTIMIT/dftimitreal/mccs0/video/si1469/310.avi,0,0.0014320532
/home/tianlong/Downloads/dftimit/DeepfakeTIMIT/dftimitreal/mccs0/video/head2/320.avi,0,0.00026413143
/home/tianlong/Downloads/dftimit/DeepfakeTIMIT/dftimitreal/mgwt0/video/head/328.avi,0,0.000150444
/home/tianlong/Downloads/dftimit/DeepfakeTIMIT/dftimitreal/mgwt0/video/si1539/331.avi,0,0.02545773
/home/tianlong/Downloads/dftimit/DeepfakeTIMIT/dftimitreal/fpkt0/video/sx8/338.avi,0,0.0006843662
/home/tianlong/Downloads/dftimit/DeepfakeTIMIT/dftimitreal/fpkt0/video/sa2/345.avi,0,0.051537
/home/tianlong/Downloads/dftimit/DeepfakeTIMIT/dftimitreal/fcmh0/video/si2084/356.avi,0,0.0021462978
/home/tianlong/Downloads/dftimit/DeepfakeTIMIT/dftimitreal/fram1/video/si1360/367.avi,0,0.015170449
/home/tianlong/Downloads/dftimit/DeepfakeTIMIT/dftimitreal/fram1/video/si730/372.avi,0,0.0014266992
/home/tianlong/Downloads/dftimit/DeepfakeTIMIT/dftimitreal/fgjd0/video/sa2/386.avi,0,0.0039018958
/home/tianlong/Downloads/dftimit/DeepfakeTIMIT/dftimitreal/fcrh0/video/sa1/393.avi,0,0.000117816715
/home/tianlong/Downloads/dftimit/DeepfakeTIMIT/dftimitreal/fcrh0/video/sa2/399.avi,0,0.00010846028
/home/tianlong/Downloads/dftimit/DeepfakeTIMIT/dftimitreal/fcrh0/video/si458/404.avi,0,0.00021270124
/home/tianlong/Downloads/dftimit/DeepfakeTIMIT/dftimitreal/fjre0/video/sa1/407.avi,0,0.033380046
/home/tianlong/Downloads/dftimit/DeepfakeTIMIT/dftimitreal/fjre0/video/sx36/416.avi,0,0.0008644497
/home/tianlong/Downloads/dftimit/DeepfakeTIMIT/dftimitreal/fjre0/video/sx306/417.avi,0,0.047113758
/home/tianlong/Downloads/dftimit/DeepfakeTIMIT/dftimitreal/fadg0/video/sa1/421.avi,0,0.0036387101
/home/tianlong/Downloads/dftimit/DeepfakeTIMIT/dftimitreal/fadg0/video/sx289/422.avi,0,0.0012054145
/home/tianlong/Downloads/dftimit/DeepfakeTIMIT/dftimitreal/fadg0/video/head2/430.avi,0,0.0013201486
/home/tianlong/Downloads/dftimit/DeepfakeTIMIT/dftimitreal/mreb0/video/si1375/436.avi,0,0.00031614274
/home/tianlong/Downloads/dftimit/DeepfakeTIMIT/dftimitreal/mreb0/video/sx115/437.avi,0,0.0002655647
/home/tianlong/Downloads/dftimit/DeepfakeTIMIT/dftimitreal/mreb0/video/si2005/443.avi,0,0.0018951824
/home/tianlong/Downloads/dftimit/DeepfakeTIMIT/dftimitreal/mmdb1/video/sx5/454.avi,0,0.01288376
/home/tianlong/Downloads/dftimit/DeepfakeTIMIT/dftimitreal/mmdb1/video/sx185/461.avi,0,0.0017362299
/home/tianlong/Downloads/dftimit/DeepfakeTIMIT/dftimitreal/fdac1/video/head2/473.avi,0,0.0024892227
/home/tianlong/Downloads/dftimit/DeepfakeTIMIT/dftimitreal/fdac1/video/sx34/475.avi,0,0.049006566
/home/tianlong/Downloads/dftimit/DeepfakeTIMIT/dftimitreal/mrcz0/video/si1541/486.avi,0,0.0005082678
/home/tianlong/Downloads/dftimit/DeepfakeTIMIT/dftimitreal/mrcz0/video/head2/488.avi,0,1.4937881e-05
/home/tianlong/Downloads/dftimit/DeepfakeTIMIT/dftimitreal/mstk0/video/head/507.avi,0,9.94923e-05
/home/tianlong/Downloads/dftimit/DeepfakeTIMIT/dftimitreal/mstk0/video/head3/514.avi,0,0.0007404756
/home/tianlong/Downloads/dftimit/DeepfakeTIMIT/dftimitreal/faks0/video/sx223/525.avi,0,0.0012163362
/home/tianlong/Downloads/dftimit/DeepfakeTIMIT/dftimitreal/mdld0/video/sx283/535.avi,0,0.05126054
/home/tianlong/Downloads/dftimit/DeepfakeTIMIT/dftimitreal/mdld0/video/head3/540.avi,0,0.0011828574
/home/tianlong/Downloads/dftimit/DeepfakeTIMIT/dftimitreal/fdrd1/video/head3/572.avi,0,0.00023789253
/home/tianlong/Downloads/dftimit/DeepfakeTIMIT/dftimitreal/fdrd1/video/head2/573.avi,0,0.00013405911
/home/tianlong/Downloads/dftimit/DeepfakeTIMIT/dftimitreal/mrjo0/video/sx14/583.avi,0,0.0010991008
/home/tianlong/Downloads/dftimit/DeepfakeTIMIT/higher_quality/fjwb0/sa1-video-fjas0.avi,1,0.9980219
/home/tianlong/Downloads/dftimit/DeepfakeTIMIT/higher_quality/fjwb0/sx95-video-fjas0.avi,1,0.999996
/home/tianlong/Downloads/dftimit/DeepfakeTIMIT/higher_quality/fjwb0/si1265-video-fjas0.avi,1,0.9994048
/home/tianlong/Downloads/dftimit/DeepfakeTIMIT/higher_quality/fjwb0/sx5-video-fjas0.avi,1,0.99997675
/home/tianlong/Downloads/dftimit/DeepfakeTIMIT/higher_quality/fjwb0/sx365-video-fjas0.avi,1,0.99988014
/home/tianlong/Downloads/dftimit/DeepfakeTIMIT/higher_quality/fjwb0/si992-video-fjas0.avi,1,0.99940157
/home/tianlong/Downloads/dftimit/DeepfakeTIMIT/higher_quality/fjwb0/sx185-video-fjas0.avi,1,0.9946925
/home/tianlong/Downloads/dftimit/DeepfakeTIMIT/higher_quality/fjwb0/sa2-video-fjas0.avi,1,0.99750745
/home/tianlong/Downloads/dftimit/DeepfakeTIMIT/higher_quality/fjwb0/si635-video-fjas0.avi,1,0.9865675
/home/tianlong/Downloads/dftimit/DeepfakeTIMIT/higher_quality/fjwb0/sx275-video-fjas0.avi,1,0.9972394
/home/tianlong/Downloads/dftimit/DeepfakeTIMIT/higher_quality/fedw0/si1714-video-faks0.avi,1,0.99991524
/home/tianlong/Downloads/dftimit/DeepfakeTIMIT/higher_quality/fedw0/si1084-video-faks0.avi,1,0.9997283
/home/tianlong/Downloads/dftimit/DeepfakeTIMIT/higher_quality/fedw0/sx4-video-faks0.avi,1,0.9997198
/home/tianlong/Downloads/dftimit/DeepfakeTIMIT/higher_quality/fedw0/si1653-video-faks0.avi,1,0.9998784
/home/tianlong/Downloads/dftimit/DeepfakeTIMIT/higher_quality/fedw0/sx274-video-faks0.avi,1,0.9999898
/home/tianlong/Downloads/dftimit/DeepfakeTIMIT/higher_quality/fedw0/sx364-video-faks0.avi,1,0.9970339
/home/tianlong/Downloads/dftimit/DeepfakeTIMIT/higher_quality/fedw0/sa1-video-faks0.avi,1,0.99997985
/home/tianlong/Downloads/dftimit/DeepfakeTIMIT/higher_quality/fedw0/sx184-video-faks0.avi,1,0.99999017
/home/tianlong/Downloads/dftimit/DeepfakeTIMIT/higher_quality/fedw0/sx94-video-faks0.avi,1,0.9999924
/home/tianlong/Downloads/dftimit/DeepfakeTIMIT/higher_quality/fedw0/sa2-video-faks0.avi,1,0.9967154
/home/tianlong/Downloads/dftimit/DeepfakeTIMIT/higher_quality/mdbb0/sx1195-video-mrcz0.avi,1,0.9985317
/home/tianlong/Downloads/dftimit/DeepfakeTIMIT/higher_quality/mdbb0/sx115-video-mrcz0.avi,1,0.99958074
/home/tianlong/Downloads/dftimit/DeepfakeTIMIT/higher_quality/mdbb0/sx205-video-mrcz0.avi,1,0.999534
/home/tianlong/Downloads/dftimit/DeepfakeTIMIT/higher_quality/mdbb0/si1825-video-mrcz0.avi,1,0.9990557
/home/tianlong/Downloads/dftimit/DeepfakeTIMIT/higher_quality/mdbb0/sa1-video-mrcz0.avi,1,0.9995619
/home/tianlong/Downloads/dftimit/DeepfakeTIMIT/higher_quality/mdbb0/si565-video-mrcz0.avi,1,0.9967801
/home/tianlong/Downloads/dftimit/DeepfakeTIMIT/higher_quality/mdbb0/sx295-video-mrcz0.avi,1,0.9920362
/home/tianlong/Downloads/dftimit/DeepfakeTIMIT/higher_quality/mdbb0/sa2-video-mrcz0.avi,1,0.99912626
/home/tianlong/Downloads/dftimit/DeepfakeTIMIT/higher_quality/mdbb0/sx25-video-mrcz0.avi,1,0.99938333
/home/tianlong/Downloads/dftimit/DeepfakeTIMIT/higher_quality/mdbb0/sx385-video-mrcz0.avi,1,0.8009305
/home/tianlong/Downloads/dftimit/DeepfakeTIMIT/higher_quality/mrgg0/sx119-video-msjs1.avi,1,0.9999962
/home/tianlong/Downloads/dftimit/DeepfakeTIMIT/higher_quality/mrgg0/si1829-video-msjs1.avi,1,0.9999906
/home/tianlong/Downloads/dftimit/DeepfakeTIMIT/higher_quality/mrgg0/si1199-video-msjs1.avi,1,0.9999983
/home/tianlong/Downloads/dftimit/DeepfakeTIMIT/higher_quality/mrgg0/sx389-video-msjs1.avi,1,0.9999879
/home/tianlong/Downloads/dftimit/DeepfakeTIMIT/higher_quality/mrgg0/sa1-video-msjs1.avi,1,0.9999963
/home/tianlong/Downloads/dftimit/DeepfakeTIMIT/higher_quality/mrgg0/sx209-video-msjs1.avi,1,0.9999978
/home/tianlong/Downloads/dftimit/DeepfakeTIMIT/higher_quality/mrgg0/sx29-video-msjs1.avi,1,0.9999951
/home/tianlong/Downloads/dftimit/DeepfakeTIMIT/higher_quality/mrgg0/sx299-video-msjs1.avi,1,0.9999975
/home/tianlong/Downloads/dftimit/DeepfakeTIMIT/higher_quality/mrgg0/sa2-video-msjs1.avi,1,0.9999968
/home/tianlong/Downloads/dftimit/DeepfakeTIMIT/higher_quality/mrgg0/si569-video-msjs1.avi,1,0.99993575
/home/tianlong/Downloads/dftimit/DeepfakeTIMIT/higher_quality/fcmh0/sa2-video-fjre0.avi,1,0.99271774
/home/tianlong/Downloads/dftimit/DeepfakeTIMIT/higher_quality/fcmh0/si824-video-fjre0.avi,1,0.97220504
/home/tianlong/Downloads/dftimit/DeepfakeTIMIT/higher_quality/fcmh0/sx14-video-fjre0.avi,1,0.9885276
/home/tianlong/Downloads/dftimit/DeepfakeTIMIT/higher_quality/fcmh0/si2084-video-fjre0.avi,1,0.9987157
/home/tianlong/Downloads/dftimit/DeepfakeTIMIT/higher_quality/fcmh0/sx104-video-fjre0.avi,1,0.91518414
/home/tianlong/Downloads/dftimit/DeepfakeTIMIT/higher_quality/fcmh0/sx194-video-fjre0.avi,1,0.9890596
/home/tianlong/Downloads/dftimit/DeepfakeTIMIT/higher_quality/fcmh0/sa1-video-fjre0.avi,1,0.99732447
/home/tianlong/Downloads/dftimit/DeepfakeTIMIT/higher_quality/fcmh0/si1454-video-fjre0.avi,1,0.94549
/home/tianlong/Downloads/dftimit/DeepfakeTIMIT/higher_quality/fcmh0/sx284-video-fjre0.avi,1,0.99935246
/home/tianlong/Downloads/dftimit/DeepfakeTIMIT/higher_quality/fcmh0/sx374-video-fjre0.avi,1,0.9995595
/home/tianlong/Downloads/dftimit/DeepfakeTIMIT/higher_quality/mmdb1/si2255-video-mjsw0.avi,1,0.99998474
/home/tianlong/Downloads/dftimit/DeepfakeTIMIT/higher_quality/mmdb1/sx5-video-mjsw0.avi,1,0.9999901
/home/tianlong/Downloads/dftimit/DeepfakeTIMIT/higher_quality/mmdb1/sx185-video-mjsw0.avi,1,0.9999852
/home/tianlong/Downloads/dftimit/DeepfakeTIMIT/higher_quality/mmdb1/sa1-video-mjsw0.avi,1,0.9999958
/home/tianlong/Downloads/dftimit/DeepfakeTIMIT/higher_quality/mmdb1/sx275-video-mjsw0.avi,1,0.99999124
/home/tianlong/Downloads/dftimit/DeepfakeTIMIT/higher_quality/mmdb1/sx1625-video-mjsw0.avi,1,0.99997395
/home/tianlong/Downloads/dftimit/DeepfakeTIMIT/higher_quality/mmdb1/sx365-video-mjsw0.avi,1,0.9999734
/home/tianlong/Downloads/dftimit/DeepfakeTIMIT/higher_quality/mmdb1/si995-video-mjsw0.avi,1,0.9999956
/home/tianlong/Downloads/dftimit/DeepfakeTIMIT/higher_quality/mmdb1/sa2-video-mjsw0.avi,1,0.999992
/home/tianlong/Downloads/dftimit/DeepfakeTIMIT/higher_quality/mmdb1/sx95-video-mjsw0.avi,1,0.9999911
