Video,Label,Prediction
/home/tianlong/Downloads/dftimit/DeepfakeTIMIT/dftimitreal/fkms0/video/head2/13.avi,0,0.23977132
/home/tianlong/Downloads/dftimit/DeepfakeTIMIT/dftimitreal/mabw0/video/si1664/31.avi,0,3.54925e-17
/home/tianlong/Downloads/dftimit/DeepfakeTIMIT/dftimitreal/mabw0/video/sx404/36.avi,0,1.0138014e-16
/home/tianlong/Downloads/dftimit/DeepfakeTIMIT/dftimitreal/fjwb0/video/sx275/50.avi,0,2.2997829e-05
/home/tianlong/Downloads/dftimit/DeepfakeTIMIT/dftimitreal/fedw0/video/sa1/73.avi,0,6.717733e-06
/home/tianlong/Downloads/dftimit/DeepfakeTIMIT/dftimitreal/fedw0/video/head3/80.avi,0,0.37886983
/home/tianlong/Downloads/dftimit/DeepfakeTIMIT/dftimitreal/fedw0/video/si1653/81.avi,0,4.307189e-05
/home/tianlong/Downloads/dftimit/DeepfakeTIMIT/dftimitreal/mtas1/video/sa2/93.avi,0,1.0334832e-05
/home/tianlong/Downloads/dftimit/DeepfakeTIMIT/dftimitreal/mtas1/video/head2/96.avi,0,0.31371695
/home/tianlong/Downloads/dftimit/DeepfakeTIMIT/dftimitreal/mdbb0/video/sx205/109.avi,0,5.0232095e-05
/home/tianlong/Downloads/dftimit/DeepfakeTIMIT/dftimitreal/mbjk0/video/sx5/145.avi,0,0.030560533
/home/tianlong/Downloads/dftimit/DeepfakeTIMIT/dftimitreal/mwbt0/video/head2/166.avi,0,0.39952803
/home/tianlong/Downloads/dftimit/DeepfakeTIMIT/dftimitreal/mcem0/video/si2028/174.avi,0,6.526591e-09
/home/tianlong/Downloads/dftimit/DeepfakeTIMIT/dftimitreal/mcem0/video/head2/180.avi,0,0.26908875
/home/tianlong/Downloads/dftimit/DeepfakeTIMIT/dftimitreal/mpdf0/video/si912/199.avi,0,8.2047745e-06
/home/tianlong/Downloads/dftimit/DeepfakeTIMIT/dftimitreal/mpdf0/video/sa2/203.avi,0,7.819264e-10
/home/tianlong/Downloads/dftimit/DeepfakeTIMIT/dftimitreal/mtmr0/video/sx43/213.avi,0,6.9133995e-12
/home/tianlong/Downloads/dftimit/DeepfakeTIMIT/dftimitreal/mdab0/video/sx319/225.avi,0,2.65319e-18
/home/tianlong/Downloads/dftimit/DeepfakeTIMIT/dftimitreal/mrgg0/video/sa1/239.avi,0,2.0502227e-22
/home/tianlong/Downloads/dftimit/DeepfakeTIMIT/dftimitreal/mrgg0/video/si569/240.avi,0,3.7596376e-08
/home/tianlong/Downloads/dftimit/DeepfakeTIMIT/dftimitreal/mrgg0/video/head2/251.avi,0,0.34714183
/home/tianlong/Downloads/dftimit/DeepfakeTIMIT/dftimitreal/fjem0/video/sx274/260.avi,0,4.8183266e-09
/home/tianlong/Downloads/dftimit/DeepfakeTIMIT/dftimitreal/fcmr0/video/head/285.avi,0,0.44351688
/home/tianlong/Downloads/dftimit/DeepfakeTIMIT/dftimitreal/mmdm2/video/head/302.avi,0,0.22467914
/home/tianlong/Downloads/dftimit/DeepfakeTIMIT/dftimitreal/mccs0/video/si1469/310.avi,0,0.0064569796
/home/tianlong/Downloads/dftimit/DeepfakeTIMIT/dftimitreal/mccs0/video/head2/320.avi,0,0.14594735
/home/tianlong/Downloads/dftimit/DeepfakeTIMIT/dftimitreal/mgwt0/video/head/328.avi,0,0.24952903
/home/tianlong/Downloads/dftimit/DeepfakeTIMIT/dftimitreal/mgwt0/video/si1539/331.avi,0,1.06726225e-10
/home/tianlong/Downloads/dftimit/DeepfakeTIMIT/dftimitreal/fpkt0/video/sx8/338.avi,0,0.012914862
/home/tianlong/Downloads/dftimit/DeepfakeTIMIT/dftimitreal/fpkt0/video/sa2/345.avi,0,2.6307523e-08
/home/tianlong/Downloads/dftimit/DeepfakeTIMIT/dftimitreal/fcmh0/video/si2084/356.avi,0,0.31270012
/home/tianlong/Downloads/dftimit/DeepfakeTIMIT/dftimitreal/fram1/video/si1360/367.avi,0,1.3814333e-11
/home/tianlong/Downloads/dftimit/DeepfakeTIMIT/dftimitreal/fram1/video/si730/372.avi,0,6.767702e-08
/home/tianlong/Downloads/dftimit/DeepfakeTIMIT/dftimitreal/fgjd0/video/sa2/386.avi,0,1.0348345e-08
/home/tianlong/Downloads/dftimit/DeepfakeTIMIT/dftimitreal/fcrh0/video/sa1/393.avi,0,0.11018212
/home/tianlong/Downloads/dftimit/DeepfakeTIMIT/dftimitreal/fcrh0/video/sa2/399.avi,0,0.23122409
/home/tianlong/Downloads/dftimit/DeepfakeTIMIT/dftimitreal/fcrh0/video/si458/404.avi,0,0.28069586
/home/tianlong/Downloads/dftimit/DeepfakeTIMIT/dftimitreal/fjre0/video/sa1/407.avi,0,3.639501e-05
/home/tianlong/Downloads/dftimit/DeepfakeTIMIT/dftimitreal/fjre0/video/sx36/416.avi,0,1.5217512e-13
/home/tianlong/Downloads/dftimit/DeepfakeTIMIT/dftimitreal/fjre0/video/sx306/417.avi,0,3.400468e-06
/home/tianlong/Downloads/dftimit/DeepfakeTIMIT/dftimitreal/fadg0/video/sa1/421.avi,0,3.677509e-05
/home/tianlong/Downloads/dftimit/DeepfakeTIMIT/dftimitreal/fadg0/video/sx289/422.avi,0,1.0151233e-09
/home/tianlong/Downloads/dftimit/DeepfakeTIMIT/dftimitreal/fadg0/video/head2/430.avi,0,0.09802557
/home/tianlong/Downloads/dftimit/DeepfakeTIMIT/dftimitreal/mreb0/video/si1375/436.avi,0,1.1234271e-06
/home/tianlong/Downloads/dftimit/DeepfakeTIMIT/dftimitreal/mreb0/video/sx115/437.avi,0,1.9842228e-10
/home/tianlong/Downloads/dftimit/DeepfakeTIMIT/dftimitreal/mreb0/video/si2005/443.avi,0,1.3367229e-06
/home/tianlong/Downloads/dftimit/DeepfakeTIMIT/dftimitreal/mmdb1/video/sx5/454.avi,0,0.102005206
/home/tianlong/Downloads/dftimit/DeepfakeTIMIT/dftimitreal/mmdb1/video/sx185/461.avi,0,4.4728195e-06
/home/tianlong/Downloads/dftimit/DeepfakeTIMIT/dftimitreal/fdac1/video/head2/473.avi,0,0.053056408
/home/tianlong/Downloads/dftimit/DeepfakeTIMIT/dftimitreal/fdac1/video/sx34/475.avi,0,1.7455126e-13
/home/tianlong/Downloads/dftimit/DeepfakeTIMIT/dftimitreal/mrcz0/video/si1541/486.avi,0,1.5684194e-05
/home/tianlong/Downloads/dftimit/DeepfakeTIMIT/dftimitreal/mrcz0/video/head2/488.avi,0,0.44643092
/home/tianlong/Downloads/dftimit/DeepfakeTIMIT/dftimitreal/mstk0/video/head/507.avi,0,0.3073464
/home/tianlong/Downloads/dftimit/DeepfakeTIMIT/dftimitreal/mstk0/video/head3/514.avi,0,0.4055794
/home/tianlong/Downloads/dftimit/DeepfakeTIMIT/dftimitreal/faks0/video/sx223/525.avi,0,6.256432e-05
/home/tianlong/Downloads/dftimit/DeepfakeTIMIT/dftimitreal/mdld0/video/sx283/535.avi,0,7.2559837e-06
/home/tianlong/Downloads/dftimit/DeepfakeTIMIT/dftimitreal/mdld0/video/head3/540.avi,0,0.2503247
/home/tianlong/Downloads/dftimit/DeepfakeTIMIT/dftimitreal/fdrd1/video/head3/572.avi,0,0.19295731
/home/tianlong/Downloads/dftimit/DeepfakeTIMIT/dftimitreal/fdrd1/video/head2/573.avi,0,0.3201316
/home/tianlong/Downloads/dftimit/DeepfakeTIMIT/dftimitreal/mrjo0/video/sx14/583.avi,0,8.6513374e-10
/home/tianlong/Downloads/dftimit/DeepfakeTIMIT/higher_quality/fjwb0/sa1-video-fjas0.avi,1,0.99873304
/home/tianlong/Downloads/dftimit/DeepfakeTIMIT/higher_quality/fjwb0/sx95-video-fjas0.avi,1,0.9812468
/home/tianlong/Downloads/dftimit/DeepfakeTIMIT/higher_quality/fjwb0/si1265-video-fjas0.avi,1,0.8130778
/home/tianlong/Downloads/dftimit/DeepfakeTIMIT/higher_quality/fjwb0/sx5-video-fjas0.avi,1,0.9689641
/home/tianlong/Downloads/dftimit/DeepfakeTIMIT/higher_quality/fjwb0/sx365-video-fjas0.avi,1,0.9973962
/home/tianlong/Downloads/dftimit/DeepfakeTIMIT/higher_quality/fjwb0/si992-video-fjas0.avi,1,0.95114404
/home/tianlong/Downloads/dftimit/DeepfakeTIMIT/higher_quality/fjwb0/sx185-video-fjas0.avi,1,0.90042543
/home/tianlong/Downloads/dftimit/DeepfakeTIMIT/higher_quality/fjwb0/sa2-video-fjas0.avi,1,0.8077614
/home/tianlong/Downloads/dftimit/DeepfakeTIMIT/higher_quality/fjwb0/si635-video-fjas0.avi,1,0.99546576
/home/tianlong/Downloads/dftimit/DeepfakeTIMIT/higher_quality/fjwb0/sx275-video-fjas0.avi,1,0.9999825
/home/tianlong/Downloads/dftimit/DeepfakeTIMIT/higher_quality/fedw0/si1714-video-faks0.avi,1,0.1799514
/home/tianlong/Downloads/dftimit/DeepfakeTIMIT/higher_quality/fedw0/si1084-video-faks0.avi,1,0.07898808
/home/tianlong/Downloads/dftimit/DeepfakeTIMIT/higher_quality/fedw0/sx4-video-faks0.avi,1,0.05106492
/home/tianlong/Downloads/dftimit/DeepfakeTIMIT/higher_quality/fedw0/si1653-video-faks0.avi,1,0.12465497
/home/tianlong/Downloads/dftimit/DeepfakeTIMIT/higher_quality/fedw0/sx274-video-faks0.avi,1,0.4862555
/home/tianlong/Downloads/dftimit/DeepfakeTIMIT/higher_quality/fedw0/sx364-video-faks0.avi,1,0.13384476
/home/tianlong/Downloads/dftimit/DeepfakeTIMIT/higher_quality/fedw0/sa1-video-faks0.avi,1,0.23082595
/home/tianlong/Downloads/dftimit/DeepfakeTIMIT/higher_quality/fedw0/sx184-video-faks0.avi,1,0.13318565
/home/tianlong/Downloads/dftimit/DeepfakeTIMIT/higher_quality/fedw0/sx94-video-faks0.avi,1,0.16393259
/home/tianlong/Downloads/dftimit/DeepfakeTIMIT/higher_quality/fedw0/sa2-video-faks0.avi,1,0.06360589
/home/tianlong/Downloads/dftimit/DeepfakeTIMIT/higher_quality/mdbb0/sx1195-video-mrcz0.avi,1,0.64538556
/home/tianlong/Downloads/dftimit/DeepfakeTIMIT/higher_quality/mdbb0/sx115-video-mrcz0.avi,1,0.8507317
/home/tianlong/Downloads/dftimit/DeepfakeTIMIT/higher_quality/mdbb0/sx205-video-mrcz0.avi,1,0.99270725
/home/tianlong/Downloads/dftimit/DeepfakeTIMIT/higher_quality/mdbb0/si1825-video-mrcz0.avi,1,0.24444468
/home/tianlong/Downloads/dftimit/DeepfakeTIMIT/higher_quality/mdbb0/sa1-video-mrcz0.avi,1,0.27816162
/home/tianlong/Downloads/dftimit/DeepfakeTIMIT/higher_quality/mdbb0/si565-video-mrcz0.avi,1,0.46964487
/home/tianlong/Downloads/dftimit/DeepfakeTIMIT/higher_quality/mdbb0/sx295-video-mrcz0.avi,1,0.18277627
/home/tianlong/Downloads/dftimit/DeepfakeTIMIT/higher_quality/mdbb0/sa2-video-mrcz0.avi,1,0.37431455
/home/tianlong/Downloads/dftimit/DeepfakeTIMIT/higher_quality/mdbb0/sx25-video-mrcz0.avi,1,0.9266922
/home/tianlong/Downloads/dftimit/DeepfakeTIMIT/higher_quality/mdbb0/sx385-video-mrcz0.avi,1,0.16384797
/home/tianlong/Downloads/dftimit/DeepfakeTIMIT/higher_quality/mrgg0/sx119-video-msjs1.avi,1,0.35706347
/home/tianlong/Downloads/dftimit/DeepfakeTIMIT/higher_quality/mrgg0/si1829-video-msjs1.avi,1,0.25491095
/home/tianlong/Downloads/dftimit/DeepfakeTIMIT/higher_quality/mrgg0/si1199-video-msjs1.avi,1,0.008659733
/home/tianlong/Downloads/dftimit/DeepfakeTIMIT/higher_quality/mrgg0/sx389-video-msjs1.avi,1,0.009963899
/home/tianlong/Downloads/dftimit/DeepfakeTIMIT/higher_quality/mrgg0/sa1-video-msjs1.avi,1,0.0052930387
/home/tianlong/Downloads/dftimit/DeepfakeTIMIT/higher_quality/mrgg0/sx209-video-msjs1.avi,1,0.29953796
/home/tianlong/Downloads/dftimit/DeepfakeTIMIT/higher_quality/mrgg0/sx29-video-msjs1.avi,1,0.41116792
/home/tianlong/Downloads/dftimit/DeepfakeTIMIT/higher_quality/mrgg0/sx299-video-msjs1.avi,1,0.24077468
/home/tianlong/Downloads/dftimit/DeepfakeTIMIT/higher_quality/mrgg0/sa2-video-msjs1.avi,1,0.0957884
/home/tianlong/Downloads/dftimit/DeepfakeTIMIT/higher_quality/mrgg0/si569-video-msjs1.avi,1,0.37162408
/home/tianlong/Downloads/dftimit/DeepfakeTIMIT/higher_quality/fcmh0/sa2-video-fjre0.avi,1,0.23753043
/home/tianlong/Downloads/dftimit/DeepfakeTIMIT/higher_quality/fcmh0/si824-video-fjre0.avi,1,0.89176
/home/tianlong/Downloads/dftimit/DeepfakeTIMIT/higher_quality/fcmh0/sx14-video-fjre0.avi,1,0.019745799
/home/tianlong/Downloads/dftimit/DeepfakeTIMIT/higher_quality/fcmh0/si2084-video-fjre0.avi,1,0.038102824
/home/tianlong/Downloads/dftimit/DeepfakeTIMIT/higher_quality/fcmh0/sx104-video-fjre0.avi,1,0.40022793
/home/tianlong/Downloads/dftimit/DeepfakeTIMIT/higher_quality/fcmh0/sx194-video-fjre0.avi,1,6.554229e-05
/home/tianlong/Downloads/dftimit/DeepfakeTIMIT/higher_quality/fcmh0/sa1-video-fjre0.avi,1,0.13412891
/home/tianlong/Downloads/dftimit/DeepfakeTIMIT/higher_quality/fcmh0/si1454-video-fjre0.avi,1,0.04402816
/home/tianlong/Downloads/dftimit/DeepfakeTIMIT/higher_quality/fcmh0/sx284-video-fjre0.avi,1,0.017396385
/home/tianlong/Downloads/dftimit/DeepfakeTIMIT/higher_quality/fcmh0/sx374-video-fjre0.avi,1,0.24686727
/home/tianlong/Downloads/dftimit/DeepfakeTIMIT/higher_quality/mmdb1/si2255-video-mjsw0.avi,1,0.41769958
/home/tianlong/Downloads/dftimit/DeepfakeTIMIT/higher_quality/mmdb1/sx5-video-mjsw0.avi,1,0.100704946
/home/tianlong/Downloads/dftimit/DeepfakeTIMIT/higher_quality/mmdb1/sx185-video-mjsw0.avi,1,0.3080042
/home/tianlong/Downloads/dftimit/DeepfakeTIMIT/higher_quality/mmdb1/sa1-video-mjsw0.avi,1,0.075030565
/home/tianlong/Downloads/dftimit/DeepfakeTIMIT/higher_quality/mmdb1/sx275-video-mjsw0.avi,1,0.81411684
/home/tianlong/Downloads/dftimit/DeepfakeTIMIT/higher_quality/mmdb1/sx1625-video-mjsw0.avi,1,0.028546851
/home/tianlong/Downloads/dftimit/DeepfakeTIMIT/higher_quality/mmdb1/sx365-video-mjsw0.avi,1,0.9618918
/home/tianlong/Downloads/dftimit/DeepfakeTIMIT/higher_quality/mmdb1/si995-video-mjsw0.avi,1,0.1641089
/home/tianlong/Downloads/dftimit/DeepfakeTIMIT/higher_quality/mmdb1/sa2-video-mjsw0.avi,1,0.02886695
/home/tianlong/Downloads/dftimit/DeepfakeTIMIT/higher_quality/mmdb1/sx95-video-mjsw0.avi,1,0.15807925
