Video,Label,Prediction
/home/tianlong/Downloads/dftimit/DeepfakeTIMIT/dftimitreal/fkms0/video/head2/13.avi,0,0.16811101
/home/tianlong/Downloads/dftimit/DeepfakeTIMIT/dftimitreal/mabw0/video/si1664/31.avi,0,6.062766e-06
/home/tianlong/Downloads/dftimit/DeepfakeTIMIT/dftimitreal/mabw0/video/sx404/36.avi,0,2.1173813e-05
/home/tianlong/Downloads/dftimit/DeepfakeTIMIT/dftimitreal/fjwb0/video/sx275/50.avi,0,2.2593737e-05
/home/tianlong/Downloads/dftimit/DeepfakeTIMIT/dftimitreal/fedw0/video/sa1/73.avi,0,0.017398896
/home/tianlong/Downloads/dftimit/DeepfakeTIMIT/dftimitreal/fedw0/video/head3/80.avi,0,0.50054806
/home/tianlong/Downloads/dftimit/DeepfakeTIMIT/dftimitreal/fedw0/video/si1653/81.avi,0,0.13543847
/home/tianlong/Downloads/dftimit/DeepfakeTIMIT/dftimitreal/mtas1/video/sa2/93.avi,0,3.877907e-05
/home/tianlong/Downloads/dftimit/DeepfakeTIMIT/dftimitreal/mtas1/video/head2/96.avi,0,0.021842146
/home/tianlong/Downloads/dftimit/DeepfakeTIMIT/dftimitreal/mdbb0/video/sx205/109.avi,0,4.4683646e-05
/home/tianlong/Downloads/dftimit/DeepfakeTIMIT/dftimitreal/mbjk0/video/sx5/145.avi,0,0.05109058
/home/tianlong/Downloads/dftimit/DeepfakeTIMIT/dftimitreal/mwbt0/video/head2/166.avi,0,0.11391826
/home/tianlong/Downloads/dftimit/DeepfakeTIMIT/dftimitreal/mcem0/video/si2028/174.avi,0,2.6727506e-05
/home/tianlong/Downloads/dftimit/DeepfakeTIMIT/dftimitreal/mcem0/video/head2/180.avi,0,0.107084766
/home/tianlong/Downloads/dftimit/DeepfakeTIMIT/dftimitreal/mpdf0/video/si912/199.avi,0,0.0002784898
/home/tianlong/Downloads/dftimit/DeepfakeTIMIT/dftimitreal/mpdf0/video/sa2/203.avi,0,0.0002231217
/home/tianlong/Downloads/dftimit/DeepfakeTIMIT/dftimitreal/mtmr0/video/sx43/213.avi,0,8.4194335e-07
/home/tianlong/Downloads/dftimit/DeepfakeTIMIT/dftimitreal/mdab0/video/sx319/225.avi,0,0.0051871194
/home/tianlong/Downloads/dftimit/DeepfakeTIMIT/dftimitreal/mrgg0/video/sa1/239.avi,0,2.1444907e-06
/home/tianlong/Downloads/dftimit/DeepfakeTIMIT/dftimitreal/mrgg0/video/si569/240.avi,0,4.582832e-06
/home/tianlong/Downloads/dftimit/DeepfakeTIMIT/dftimitreal/mrgg0/video/head2/251.avi,0,0.12713072
/home/tianlong/Downloads/dftimit/DeepfakeTIMIT/dftimitreal/fjem0/video/sx274/260.avi,0,0.0075579137
/home/tianlong/Downloads/dftimit/DeepfakeTIMIT/dftimitreal/fcmr0/video/head/285.avi,0,0.15783909
/home/tianlong/Downloads/dftimit/DeepfakeTIMIT/dftimitreal/mmdm2/video/head/302.avi,0,0.032293357
/home/tianlong/Downloads/dftimit/DeepfakeTIMIT/dftimitreal/mccs0/video/si1469/310.avi,0,2.0196153e-06
/home/tianlong/Downloads/dftimit/DeepfakeTIMIT/dftimitreal/mccs0/video/head2/320.avi,0,0.0034242168
/home/tianlong/Downloads/dftimit/DeepfakeTIMIT/dftimitreal/mgwt0/video/head/328.avi,0,0.18223634
/home/tianlong/Downloads/dftimit/DeepfakeTIMIT/dftimitreal/mgwt0/video/si1539/331.avi,0,0.0004016811
/home/tianlong/Downloads/dftimit/DeepfakeTIMIT/dftimitreal/fpkt0/video/sx8/338.avi,0,4.0334817e-05
/home/tianlong/Downloads/dftimit/DeepfakeTIMIT/dftimitreal/fpkt0/video/sa2/345.avi,0,1.4297699e-06
/home/tianlong/Downloads/dftimit/DeepfakeTIMIT/dftimitreal/fcmh0/video/si2084/356.avi,0,0.0031901603
/home/tianlong/Downloads/dftimit/DeepfakeTIMIT/dftimitreal/fram1/video/si1360/367.avi,0,1.8000761e-06
/home/tianlong/Downloads/dftimit/DeepfakeTIMIT/dftimitreal/fram1/video/si730/372.avi,0,6.1220053e-06
/home/tianlong/Downloads/dftimit/DeepfakeTIMIT/dftimitreal/fgjd0/video/sa2/386.avi,0,5.656356e-06
/home/tianlong/Downloads/dftimit/DeepfakeTIMIT/dftimitreal/fcrh0/video/sa1/393.avi,0,0.053143103
/home/tianlong/Downloads/dftimit/DeepfakeTIMIT/dftimitreal/fcrh0/video/sa2/399.avi,0,0.04833599
/home/tianlong/Downloads/dftimit/DeepfakeTIMIT/dftimitreal/fcrh0/video/si458/404.avi,0,0.0010465247
/home/tianlong/Downloads/dftimit/DeepfakeTIMIT/dftimitreal/fjre0/video/sa1/407.avi,0,0.0009936853
/home/tianlong/Downloads/dftimit/DeepfakeTIMIT/dftimitreal/fjre0/video/sx36/416.avi,0,0.0001900582
/home/tianlong/Downloads/dftimit/DeepfakeTIMIT/dftimitreal/fjre0/video/sx306/417.avi,0,0.0017867589
/home/tianlong/Downloads/dftimit/DeepfakeTIMIT/dftimitreal/fadg0/video/sa1/421.avi,0,1.29488735e-05
/home/tianlong/Downloads/dftimit/DeepfakeTIMIT/dftimitreal/fadg0/video/sx289/422.avi,0,5.127154e-06
/home/tianlong/Downloads/dftimit/DeepfakeTIMIT/dftimitreal/fadg0/video/head2/430.avi,0,0.094815366
/home/tianlong/Downloads/dftimit/DeepfakeTIMIT/dftimitreal/mreb0/video/si1375/436.avi,0,0.08066656
/home/tianlong/Downloads/dftimit/DeepfakeTIMIT/dftimitreal/mreb0/video/sx115/437.avi,0,7.364452e-05
/home/tianlong/Downloads/dftimit/DeepfakeTIMIT/dftimitreal/mreb0/video/si2005/443.avi,0,5.5873417e-05
/home/tianlong/Downloads/dftimit/DeepfakeTIMIT/dftimitreal/mmdb1/video/sx5/454.avi,0,8.398258e-05
/home/tianlong/Downloads/dftimit/DeepfakeTIMIT/dftimitreal/mmdb1/video/sx185/461.avi,0,4.5944453e-05
/home/tianlong/Downloads/dftimit/DeepfakeTIMIT/dftimitreal/fdac1/video/head2/473.avi,0,0.0571473
/home/tianlong/Downloads/dftimit/DeepfakeTIMIT/dftimitreal/fdac1/video/sx34/475.avi,0,2.4557958e-05
/home/tianlong/Downloads/dftimit/DeepfakeTIMIT/dftimitreal/mrcz0/video/si1541/486.avi,0,0.05198189
/home/tianlong/Downloads/dftimit/DeepfakeTIMIT/dftimitreal/mrcz0/video/head2/488.avi,0,0.106722094
/home/tianlong/Downloads/dftimit/DeepfakeTIMIT/dftimitreal/mstk0/video/head/507.avi,0,0.16122845
/home/tianlong/Downloads/dftimit/DeepfakeTIMIT/dftimitreal/mstk0/video/head3/514.avi,0,0.2051713
/home/tianlong/Downloads/dftimit/DeepfakeTIMIT/dftimitreal/faks0/video/sx223/525.avi,0,0.097323224
/home/tianlong/Downloads/dftimit/DeepfakeTIMIT/dftimitreal/mdld0/video/sx283/535.avi,0,4.9438222e-05
/home/tianlong/Downloads/dftimit/DeepfakeTIMIT/dftimitreal/mdld0/video/head3/540.avi,0,0.115374185
/home/tianlong/Downloads/dftimit/DeepfakeTIMIT/dftimitreal/fdrd1/video/head3/572.avi,0,0.24367301
/home/tianlong/Downloads/dftimit/DeepfakeTIMIT/dftimitreal/fdrd1/video/head2/573.avi,0,0.0099469125
/home/tianlong/Downloads/dftimit/DeepfakeTIMIT/dftimitreal/mrjo0/video/sx14/583.avi,0,0.0003865678
/home/tianlong/Downloads/dftimit/DeepfakeTIMIT/higher_quality/fjwb0/sa1-video-fjas0.avi,1,0.047115877
/home/tianlong/Downloads/dftimit/DeepfakeTIMIT/higher_quality/fjwb0/sx95-video-fjas0.avi,1,0.62962747
/home/tianlong/Downloads/dftimit/DeepfakeTIMIT/higher_quality/fjwb0/si1265-video-fjas0.avi,1,0.0058040917
/home/tianlong/Downloads/dftimit/DeepfakeTIMIT/higher_quality/fjwb0/sx5-video-fjas0.avi,1,0.6588765
/home/tianlong/Downloads/dftimit/DeepfakeTIMIT/higher_quality/fjwb0/sx365-video-fjas0.avi,1,0.4118894
/home/tianlong/Downloads/dftimit/DeepfakeTIMIT/higher_quality/fjwb0/si992-video-fjas0.avi,1,0.21815626
/home/tianlong/Downloads/dftimit/DeepfakeTIMIT/higher_quality/fjwb0/sx185-video-fjas0.avi,1,0.003607062
/home/tianlong/Downloads/dftimit/DeepfakeTIMIT/higher_quality/fjwb0/sa2-video-fjas0.avi,1,0.010556926
/home/tianlong/Downloads/dftimit/DeepfakeTIMIT/higher_quality/fjwb0/si635-video-fjas0.avi,1,0.26045796
/home/tianlong/Downloads/dftimit/DeepfakeTIMIT/higher_quality/fjwb0/sx275-video-fjas0.avi,1,0.3328276
/home/tianlong/Downloads/dftimit/DeepfakeTIMIT/higher_quality/fedw0/si1714-video-faks0.avi,1,0.13814381
/home/tianlong/Downloads/dftimit/DeepfakeTIMIT/higher_quality/fedw0/si1084-video-faks0.avi,1,0.020176578
/home/tianlong/Downloads/dftimit/DeepfakeTIMIT/higher_quality/fedw0/sx4-video-faks0.avi,1,0.021571975
/home/tianlong/Downloads/dftimit/DeepfakeTIMIT/higher_quality/fedw0/si1653-video-faks0.avi,1,0.11936702
/home/tianlong/Downloads/dftimit/DeepfakeTIMIT/higher_quality/fedw0/sx274-video-faks0.avi,1,0.3558209
/home/tianlong/Downloads/dftimit/DeepfakeTIMIT/higher_quality/fedw0/sx364-video-faks0.avi,1,0.057934545
/home/tianlong/Downloads/dftimit/DeepfakeTIMIT/higher_quality/fedw0/sa1-video-faks0.avi,1,0.29037145
/home/tianlong/Downloads/dftimit/DeepfakeTIMIT/higher_quality/fedw0/sx184-video-faks0.avi,1,0.17303665
/home/tianlong/Downloads/dftimit/DeepfakeTIMIT/higher_quality/fedw0/sx94-video-faks0.avi,1,0.14567488
/home/tianlong/Downloads/dftimit/DeepfakeTIMIT/higher_quality/fedw0/sa2-video-faks0.avi,1,0.26898745
/home/tianlong/Downloads/dftimit/DeepfakeTIMIT/higher_quality/mdbb0/sx1195-video-mrcz0.avi,1,6.6485327e-06
/home/tianlong/Downloads/dftimit/DeepfakeTIMIT/higher_quality/mdbb0/sx115-video-mrcz0.avi,1,2.1785565e-05
/home/tianlong/Downloads/dftimit/DeepfakeTIMIT/higher_quality/mdbb0/sx205-video-mrcz0.avi,1,7.5965e-07
/home/tianlong/Downloads/dftimit/DeepfakeTIMIT/higher_quality/mdbb0/si1825-video-mrcz0.avi,1,1.0901509e-05
/home/tianlong/Downloads/dftimit/DeepfakeTIMIT/higher_quality/mdbb0/sa1-video-mrcz0.avi,1,3.3804722e-06
/home/tianlong/Downloads/dftimit/DeepfakeTIMIT/higher_quality/mdbb0/si565-video-mrcz0.avi,1,1.4830203e-05
/home/tianlong/Downloads/dftimit/DeepfakeTIMIT/higher_quality/mdbb0/sx295-video-mrcz0.avi,1,2.834085e-06
/home/tianlong/Downloads/dftimit/DeepfakeTIMIT/higher_quality/mdbb0/sa2-video-mrcz0.avi,1,1.1819652e-05
/home/tianlong/Downloads/dftimit/DeepfakeTIMIT/higher_quality/mdbb0/sx25-video-mrcz0.avi,1,2.6728158e-06
/home/tianlong/Downloads/dftimit/DeepfakeTIMIT/higher_quality/mdbb0/sx385-video-mrcz0.avi,1,3.6305664e-06
/home/tianlong/Downloads/dftimit/DeepfakeTIMIT/higher_quality/mrgg0/sx119-video-msjs1.avi,1,0.0007466787
/home/tianlong/Downloads/dftimit/DeepfakeTIMIT/higher_quality/mrgg0/si1829-video-msjs1.avi,1,8.401926e-05
/home/tianlong/Downloads/dftimit/DeepfakeTIMIT/higher_quality/mrgg0/si1199-video-msjs1.avi,1,0.00046085092
/home/tianlong/Downloads/dftimit/DeepfakeTIMIT/higher_quality/mrgg0/sx389-video-msjs1.avi,1,0.0031142735
/home/tianlong/Downloads/dftimit/DeepfakeTIMIT/higher_quality/mrgg0/sa1-video-msjs1.avi,1,0.000745999
/home/tianlong/Downloads/dftimit/DeepfakeTIMIT/higher_quality/mrgg0/sx209-video-msjs1.avi,1,0.0024263593
/home/tianlong/Downloads/dftimit/DeepfakeTIMIT/higher_quality/mrgg0/sx29-video-msjs1.avi,1,0.0011655561
/home/tianlong/Downloads/dftimit/DeepfakeTIMIT/higher_quality/mrgg0/sx299-video-msjs1.avi,1,0.011442945
/home/tianlong/Downloads/dftimit/DeepfakeTIMIT/higher_quality/mrgg0/sa2-video-msjs1.avi,1,0.0006617767
/home/tianlong/Downloads/dftimit/DeepfakeTIMIT/higher_quality/mrgg0/si569-video-msjs1.avi,1,0.00036915106
/home/tianlong/Downloads/dftimit/DeepfakeTIMIT/higher_quality/fcmh0/sa2-video-fjre0.avi,1,0.050494205
/home/tianlong/Downloads/dftimit/DeepfakeTIMIT/higher_quality/fcmh0/si824-video-fjre0.avi,1,0.14589721
/home/tianlong/Downloads/dftimit/DeepfakeTIMIT/higher_quality/fcmh0/sx14-video-fjre0.avi,1,0.0008215687
/home/tianlong/Downloads/dftimit/DeepfakeTIMIT/higher_quality/fcmh0/si2084-video-fjre0.avi,1,0.00030649576
/home/tianlong/Downloads/dftimit/DeepfakeTIMIT/higher_quality/fcmh0/sx104-video-fjre0.avi,1,0.044082083
/home/tianlong/Downloads/dftimit/DeepfakeTIMIT/higher_quality/fcmh0/sx194-video-fjre0.avi,1,0.000120448865
/home/tianlong/Downloads/dftimit/DeepfakeTIMIT/higher_quality/fcmh0/sa1-video-fjre0.avi,1,0.0005428923
/home/tianlong/Downloads/dftimit/DeepfakeTIMIT/higher_quality/fcmh0/si1454-video-fjre0.avi,1,0.002397532
/home/tianlong/Downloads/dftimit/DeepfakeTIMIT/higher_quality/fcmh0/sx284-video-fjre0.avi,1,0.0002860205
/home/tianlong/Downloads/dftimit/DeepfakeTIMIT/higher_quality/fcmh0/sx374-video-fjre0.avi,1,0.004362512
/home/tianlong/Downloads/dftimit/DeepfakeTIMIT/higher_quality/mmdb1/si2255-video-mjsw0.avi,1,1.2476995e-06
/home/tianlong/Downloads/dftimit/DeepfakeTIMIT/higher_quality/mmdb1/sx5-video-mjsw0.avi,1,1.94027e-06
/home/tianlong/Downloads/dftimit/DeepfakeTIMIT/higher_quality/mmdb1/sx185-video-mjsw0.avi,1,5.4209054e-06
/home/tianlong/Downloads/dftimit/DeepfakeTIMIT/higher_quality/mmdb1/sa1-video-mjsw0.avi,1,5.9001525e-07
/home/tianlong/Downloads/dftimit/DeepfakeTIMIT/higher_quality/mmdb1/sx275-video-mjsw0.avi,1,5.8515543e-06
/home/tianlong/Downloads/dftimit/DeepfakeTIMIT/higher_quality/mmdb1/sx1625-video-mjsw0.avi,1,4.0808436e-07
/home/tianlong/Downloads/dftimit/DeepfakeTIMIT/higher_quality/mmdb1/sx365-video-mjsw0.avi,1,3.607754e-06
/home/tianlong/Downloads/dftimit/DeepfakeTIMIT/higher_quality/mmdb1/si995-video-mjsw0.avi,1,1.4802713e-06
/home/tianlong/Downloads/dftimit/DeepfakeTIMIT/higher_quality/mmdb1/sa2-video-mjsw0.avi,1,1.3890229e-06
/home/tianlong/Downloads/dftimit/DeepfakeTIMIT/higher_quality/mmdb1/sx95-video-mjsw0.avi,1,5.6764907e-06
